window_id,date,day_idx,time_slot,hour,day_of_week,is_weekend,department_id,department_code,raw_report_count,master_issue_count,duplicate_ratio,reports_per_master_issue,hotspot_score,local_density,cluster_size,critical_count,high_count,critical_ratio,high_sla_risk_count,high_sla_risk_ratio,latitude,longitude,complaints_last_24h,complaints_last_7d,rolling_mean_24h,rate_of_change
WIN-1001,2025-01-01,0,NIGHT_00_06,3,2,0,roads,DEPT_ROADS,5,4,0.2,1.25,22.17,0.2217,9,2,2,0.3524,1,0.1341,13.061298,80.23358,5.0,5.0,5.0,0.0
WIN-1005,2025-01-01,0,NIGHT_00_06,3,2,0,drainage,DEPT_DRAINAGE,0,0,0.0,1.0,37.94,0.3794,15,0,0,0.0,0,0.0,13.06775,80.315877,0.0,0.0,0.0,0.0
WIN-1009,2025-01-01,0,NIGHT_00_06,3,2,0,garbage,DEPT_SANITATION,0,0,0.0,1.0,42.22,0.4222,17,0,0,0.0,0,0.0,13.115154,80.209556,0.0,0.0,0.0,0.0
WIN-1013,2025-01-01,0,NIGHT_00_06,3,2,0,water,DEPT_WATER,2,1,0.5,2.0,36.35,0.3635,15,0,1,0.0115,1,0.2892,13.035809,80.285922,2.0,2.0,2.0,0.0
WIN-1017,2025-01-01,0,NIGHT_00_06,3,2,0,streetlights,DEPT_ELECTRICITY,2,2,0.0,1.0,22.82,0.2282,9,0,0,0.0621,0,0.247,13.058378,80.28108,2.0,2.0,2.0,0.0
WIN-1021,2025-01-01,0,NIGHT_00_06,3,2,0,infrastructure,DEPT_WORKS,2,1,0.5,2.0,56.77,0.5677,23,0,0,0.0163,0,0.0644,13.105584,80.281905,2.0,2.0,2.0,0.0
WIN-1025,2025-01-01,0,NIGHT_00_06,3,2,0,other,DEPT_GENERAL,1,1,0.0,1.0,58.55,0.5855,23,0,1,0.2017,0,0.0479,13.027637,80.295084,1.0,1.0,1.0,0.0
WIN-1002,2025-01-01,0,MORNING_06_12,9,2,0,roads,DEPT_ROADS,18,7,0.6111,2.57,44.2,0.442,18,2,10,0.1325,0,0.0066,13.123827,80.209658,23.0,23.0,11.5,0.5652
WIN-1006,2025-01-01,0,MORNING_06_12,9,2,0,drainage,DEPT_DRAINAGE,10,4,0.6,2.5,28.6,0.286,11,3,4,0.2886,2,0.1886,13.091478,80.235597,10.0,10.0,5.0,1.0
WIN-1010,2025-01-01,0,MORNING_06_12,9,2,0,garbage,DEPT_SANITATION,11,6,0.4545,1.83,17.44,0.1744,7,0,4,0.0266,3,0.3077,13.020852,80.204677,11.0,11.0,5.5,1.0
WIN-1014,2025-01-01,0,MORNING_06_12,9,2,0,water,DEPT_WATER,16,8,0.5,2.0,19.83,0.1983,8,3,3,0.1705,3,0.208,13.100565,80.247103,18.0,18.0,9.0,0.7778
WIN-1018,2025-01-01,0,MORNING_06_12,9,2,0,streetlights,DEPT_ELECTRICITY,8,3,0.625,2.67,36.77,0.3677,15,0,3,0.0344,1,0.1143,13.071816,80.325639,10.0,10.0,5.0,0.6
WIN-1022,2025-01-01,0,MORNING_06_12,9,2,0,infrastructure,DEPT_WORKS,10,6,0.4,1.67,27.53,0.2753,11,0,0,0.0295,6,0.6223,13.100824,80.225779,12.0,12.0,6.0,0.6667
WIN-1026,2025-01-01,0,MORNING_06_12,9,2,0,other,DEPT_GENERAL,6,4,0.3333,1.5,18.72,0.1872,7,1,1,0.0901,2,0.2906,13.125268,80.239682,7.0,7.0,3.5,0.7143
WIN-1003,2025-01-01,0,AFTERNOON_12_18,15,2,0,roads,DEPT_ROADS,14,7,0.5,2.0,22.31,0.2231,9,0,4,0.0288,1,0.0836,13.111806,80.315087,37.0,37.0,12.333333333333334,0.1351
WIN-1007,2025-01-01,0,AFTERNOON_12_18,15,2,0,drainage,DEPT_DRAINAGE,8,3,0.625,2.67,21.46,0.2146,9,0,3,0.0345,1,0.1615,13.078978,80.269772,18.0,18.0,6.0,0.3333
WIN-1011,2025-01-01,0,AFTERNOON_12_18,15,2,0,garbage,DEPT_SANITATION,18,8,0.5556,2.25,22.65,0.2265,9,1,8,0.0718,3,0.1504,13.103924,80.317727,29.0,29.0,9.666666666666666,0.8621
WIN-1015,2025-01-01,0,AFTERNOON_12_18,15,2,0,water,DEPT_WATER,6,3,0.5,2.0,29.75,0.2975,12,0,1,0.0665,0,0.0063,13.165765,80.246953,24.0,24.0,8.0,-0.25
WIN-1019,2025-01-01,0,AFTERNOON_12_18,15,2,0,streetlights,DEPT_ELECTRICITY,9,3,0.6667,3.0,27.91,0.2791,11,1,4,0.1317,2,0.1671,13.047743,80.270259,19.0,19.0,6.333333333333333,0.4211
WIN-1023,2025-01-01,0,AFTERNOON_12_18,15,2,0,infrastructure,DEPT_WORKS,9,5,0.4444,1.8,56.22,0.5622,22,1,0,0.1327,2,0.2605,13.085049,80.255049,21.0,21.0,7.0,0.2857
WIN-1027,2025-01-01,0,AFTERNOON_12_18,15,2,0,other,DEPT_GENERAL,5,3,0.4,1.67,53.74,0.5374,21,1,1,0.1389,1,0.1639,13.050371,80.216623,12.0,12.0,4.0,0.25
WIN-1004,2025-01-01,0,EVENING_18_24,21,2,0,roads,DEPT_ROADS,5,4,0.2,1.25,23.08,0.2308,9,0,1,0.0316,1,0.1763,13.099609,80.139713,42.0,42.0,10.5,-0.5238
WIN-1008,2025-01-01,0,EVENING_18_24,21,2,0,drainage,DEPT_DRAINAGE,5,3,0.4,1.67,7.96,0.0796,3,2,2,0.3929,4,0.7267,13.033173,80.242385,23.0,23.0,5.75,-0.1304
WIN-1012,2025-01-01,0,EVENING_18_24,21,2,0,garbage,DEPT_SANITATION,10,5,0.5,2.0,8.57,0.0857,3,0,4,0.0048,4,0.3732,13.079059,80.248077,39.0,39.0,9.75,0.0256
WIN-1016,2025-01-01,0,EVENING_18_24,21,2,0,water,DEPT_WATER,9,5,0.4444,1.8,14.4,0.144,6,0,1,0.0102,4,0.4003,13.085625,80.3881,33.0,33.0,8.25,0.0909
WIN-1020,2025-01-01,0,EVENING_18_24,21,2,0,streetlights,DEPT_ELECTRICITY,5,2,0.6,2.5,13.51,0.1351,5,0,1,0.008,2,0.3069,13.150706,80.286245,24.0,24.0,6.0,-0.1667
WIN-1024,2025-01-01,0,EVENING_18_24,21,2,0,infrastructure,DEPT_WORKS,5,3,0.4,1.67,6.08,0.0608,2,0,2,0.0471,1,0.2754,13.135621,80.182763,26.0,26.0,6.5,-0.2308
WIN-1028,2025-01-01,0,EVENING_18_24,21,2,0,other,DEPT_GENERAL,5,4,0.2,1.25,49.21,0.4921,20,0,1,0.0243,2,0.4948,13.058344,80.229271,17.0,17.0,4.25,0.1765
WIN-1029,2025-01-02,1,NIGHT_00_06,3,3,0,roads,DEPT_ROADS,3,1,0.6667,3.0,15.97,0.1597,6,1,1,0.186,0,0.0938,13.044613,80.232537,45.0,45.0,9.0,-0.6667
WIN-1033,2025-01-02,1,NIGHT_00_06,3,3,0,drainage,DEPT_DRAINAGE,1,1,0.0,1.0,18.59,0.1859,7,0,0,0.0317,0,0.059,13.069206,80.221762,24.0,24.0,4.8,-0.7917
WIN-1037,2025-01-02,1,NIGHT_00_06,3,3,0,garbage,DEPT_SANITATION,3,1,0.6667,3.0,42.0,0.42,17,0,1,0.0283,0,0.0793,12.949732,80.333004,42.0,42.0,8.4,-0.6429
WIN-1041,2025-01-02,1,NIGHT_00_06,3,3,0,water,DEPT_WATER,3,2,0.3333,1.5,21.42,0.2142,9,0,0,0.0147,0,0.0359,13.092628,80.240124,36.0,36.0,7.2,-0.5833
WIN-1045,2025-01-02,1,NIGHT_00_06,3,3,0,streetlights,DEPT_ELECTRICITY,1,1,0.0,1.0,36.72,0.3672,15,0,1,0.0639,0,0.1193,13.067682,80.230461,25.0,25.0,5.0,-0.8
WIN-1049,2025-01-02,1,NIGHT_00_06,3,3,0,infrastructure,DEPT_WORKS,5,2,0.6,2.5,36.75,0.3675,15,0,1,0.0304,1,0.1435,13.087198,80.302974,31.0,31.0,6.2,-0.1935
WIN-1053,2025-01-02,1,NIGHT_00_06,3,3,0,other,DEPT_GENERAL,1,1,0.0,1.0,13.36,0.1336,5,0,0,0.0093,0,0.0058,13.032619,80.256645,18.0,18.0,3.6,-0.7222
WIN-1030,2025-01-02,1,MORNING_06_12,9,3,0,roads,DEPT_ROADS,20,14,0.3,1.43,3.94,0.0394,2,3,6,0.1432,7,0.3535,13.053855,80.326016,65.0,65.0,10.833333333333334,0.8462
WIN-1034,2025-01-02,1,MORNING_06_12,9,3,0,drainage,DEPT_DRAINAGE,16,10,0.375,1.6,31.37,0.3137,13,2,4,0.1204,4,0.2269,13.091727,80.402879,40.0,40.0,6.666666666666667,1.4
WIN-1038,2025-01-02,1,MORNING_06_12,9,3,0,garbage,DEPT_SANITATION,11,4,0.6364,2.75,11.91,0.1191,5,0,2,0.0028,0,0.0048,13.056474,80.295169,53.0,53.0,8.833333333333334,0.2453
WIN-1042,2025-01-02,1,MORNING_06_12,9,3,0,water,DEPT_WATER,8,3,0.625,2.67,12.92,0.1292,5,1,4,0.1362,1,0.0929,13.047541,80.279692,44.0,44.0,7.333333333333333,0.0909
WIN-1046,2025-01-02,1,MORNING_06_12,9,3,0,streetlights,DEPT_ELECTRICITY,8,5,0.375,1.6,23.81,0.2381,10,0,1,0.033,4,0.528,13.091023,80.295323,33.0,33.0,5.5,0.4545
WIN-1050,2025-01-02,1,MORNING_06_12,9,3,0,infrastructure,DEPT_WORKS,11,7,0.3636,1.57,55.99,0.5599,22,2,4,0.1415,0,0.0367,13.079412,80.18565,42.0,42.0,7.0,0.5714
WIN-1054,2025-01-02,1,MORNING_06_12,9,3,0,other,DEPT_GENERAL,5,2,0.6,2.5,49.01,0.4901,20,1,1,0.1287,1,0.1436,13.064224,80.280927,23.0,23.0,3.8333333333333335,0.3043
WIN-1031,2025-01-02,1,AFTERNOON_12_18,15,3,0,roads,DEPT_ROADS,18,10,0.4444,1.8,36.31,0.3631,15,0,7,0.0086,1,0.0436,13.066747,80.285189,78.0,83.0,13.0,0.3846
WIN-1035,2025-01-02,1,AFTERNOON_12_18,15,3,0,drainage,DEPT_DRAINAGE,12,5,0.5833,2.4,22.02,0.2202,9,2,1,0.1278,1,0.0921,13.085486,80.32541,52.0,52.0,8.666666666666666,0.3846
WIN-1039,2025-01-02,1,AFTERNOON_12_18,15,3,0,garbage,DEPT_SANITATION,15,11,0.2667,1.36,50.32,0.5032,20,1,5,0.0912,6,0.4124,13.020625,80.229885,68.0,68.0,11.333333333333334,0.3235
WIN-1043,2025-01-02,1,AFTERNOON_12_18,15,3,0,water,DEPT_WATER,10,4,0.6,2.5,21.99,0.2199,9,1,3,0.0758,3,0.2559,12.999652,80.311624,52.0,54.0,8.666666666666666,0.1538
WIN-1047,2025-01-02,1,AFTERNOON_12_18,15,3,0,streetlights,DEPT_ELECTRICITY,7,5,0.2857,1.4,32.42,0.3242,13,0,2,0.0261,1,0.159,13.109875,80.32488,38.0,40.0,6.333333333333333,0.1053
WIN-1051,2025-01-02,1,AFTERNOON_12_18,15,3,0,infrastructure,DEPT_WORKS,7,3,0.5714,2.33,22.14,0.2214,9,1,1,0.0998,0,0.0048,13.130225,80.253551,47.0,49.0,7.833333333333333,-0.1064
WIN-1055,2025-01-02,1,AFTERNOON_12_18,15,3,0,other,DEPT_GENERAL,2,1,0.5,2.0,15.4,0.154,6,0,1,0.0485,0,0.1606,13.137252,80.265163,24.0,25.0,4.0,-0.5
WIN-1032,2025-01-02,1,EVENING_18_24,21,3,0,roads,DEPT_ROADS,10,5,0.5,2.0,80.07,0.8007,32,1,1,0.0645,4,0.4462,13.09096,80.299147,70.0,93.0,11.666666666666666,-0.1429
WIN-1036,2025-01-02,1,EVENING_18_24,21,3,0,drainage,DEPT_DRAINAGE,5,3,0.4,1.67,71.03,0.7103,28,0,3,0.0592,1,0.2923,13.11751,80.21984,47.0,57.0,7.833333333333333,-0.3617
WIN-1040,2025-01-02,1,EVENING_18_24,21,3,0,garbage,DEPT_SANITATION,10,4,0.6,2.5,41.49,0.4149,17,0,1,0.0027,3,0.3456,13.043785,80.18922,67.0,78.0,11.166666666666666,-0.1045
WIN-1044,2025-01-02,1,EVENING_18_24,21,3,0,water,DEPT_WATER,7,3,0.5714,2.33,45.15,0.4515,18,0,4,0.0087,4,0.5157,13.096053,80.315182,43.0,61.0,7.166666666666667,-0.0233
WIN-1048,2025-01-02,1,EVENING_18_24,21,3,0,streetlights,DEPT_ELECTRICITY,4,2,0.5,2.0,14.68,0.1468,6,0,2,0.0103,2,0.4103,13.064735,80.31735,34.0,44.0,5.666666666666667,-0.2941
WIN-1052,2025-01-02,1,EVENING_18_24,21,3,0,infrastructure,DEPT_WORKS,9,7,0.2222,1.29,23.28,0.2328,9,0,2,0.0141,4,0.3898,13.132488,80.248085,46.0,58.0,7.666666666666667,0.1739
WIN-1056,2025-01-02,1,EVENING_18_24,21,3,0,other,DEPT_GENERAL,6,2,0.6667,3.0,3.27,0.0327,1,1,2,0.2231,3,0.4696,13.095734,80.28689,24.0,31.0,4.0,0.5
WIN-1057,2025-01-03,2,NIGHT_00_06,3,4,0,roads,DEPT_ROADS,5,2,0.6,2.5,19.27,0.1927,8,1,1,0.1258,1,0.1187,13.095409,80.192871,61.0,98.0,10.166666666666666,-0.5082
WIN-1061,2025-01-03,2,NIGHT_00_06,3,4,0,drainage,DEPT_DRAINAGE,2,1,0.5,2.0,44.57,0.4457,18,0,1,0.1606,0,0.0708,13.088725,80.219266,41.0,59.0,6.833333333333333,-0.7073
WIN-1065,2025-01-03,2,NIGHT_00_06,3,4,0,garbage,DEPT_SANITATION,4,2,0.5,2.0,34.22,0.3422,14,1,0,0.1488,0,0.0261,13.16387,80.242825,53.0,82.0,8.833333333333334,-0.5472
WIN-1069,2025-01-03,2,NIGHT_00_06,3,4,0,water,DEPT_WATER,1,1,0.0,1.0,29.11,0.2911,12,0,0,0.3847,0,0.2212,13.11268,80.261952,38.0,62.0,6.333333333333333,-0.8421
WIN-1073,2025-01-03,2,NIGHT_00_06,3,4,0,streetlights,DEPT_ELECTRICITY,2,1,0.5,2.0,37.76,0.3776,15,1,1,0.3428,1,0.3361,13.153228,80.331424,27.0,46.0,4.5,-0.5556
WIN-1077,2025-01-03,2,NIGHT_00_06,3,4,0,infrastructure,DEPT_WORKS,1,1,0.0,1.0,39.72,0.3972,16,0,1,0.0718,0,0.1663,13.147188,80.304359,38.0,59.0,6.333333333333333,-0.8421
WIN-1081,2025-01-03,2,NIGHT_00_06,3,4,0,other,DEPT_GENERAL,2,1,0.5,2.0,8.63,0.0863,3,0,1,0.0033,0,0.0379,13.152225,80.269324,21.0,33.0,3.5,-0.4286
WIN-1058,2025-01-03,2,MORNING_06_12,9,4,0,roads,DEPT_ROADS,21,14,0.3333,1.5,22.65,0.2265,9,2,4,0.0986,0,0.0077,13.085297,80.264154,77.0,119.0,12.833333333333334,0.6364
WIN-1062,2025-01-03,2,MORNING_06_12,9,4,0,drainage,DEPT_DRAINAGE,11,5,0.5455,2.2,33.07,0.3307,13,0,5,0.0307,2,0.1487,13.013221,80.18843,47.0,70.0,7.833333333333333,0.4043
WIN-1066,2025-01-03,2,MORNING_06_12,9,4,0,garbage,DEPT_SANITATION,17,6,0.6471,2.83,12.54,0.1254,5,1,6,0.0877,0,0.0185,13.031962,80.241372,60.0,99.0,10.0,0.7
WIN-1070,2025-01-03,2,MORNING_06_12,9,4,0,water,DEPT_WATER,7,4,0.4286,1.75,10.47,0.1047,4,1,5,0.1794,1,0.1667,13.067439,80.296088,36.0,69.0,6.0,0.1667
WIN-1074,2025-01-03,2,MORNING_06_12,9,4,0,streetlights,DEPT_ELECTRICITY,15,7,0.5333,2.14,34.66,0.3466,14,1,5,0.0924,1,0.044,13.030354,80.297533,37.0,61.0,6.166666666666667,1.4324
WIN-1078,2025-01-03,2,MORNING_06_12,9,4,0,infrastructure,DEPT_WORKS,3,1,0.6667,3.0,50.85,0.5085,20,1,1,0.2155,0,0.0063,13.010207,80.215385,36.0,62.0,6.0,-0.5
WIN-1082,2025-01-03,2,MORNING_06_12,9,4,0,other,DEPT_GENERAL,9,7,0.2222,1.29,63.12,0.6312,25,0,1,0.0488,3,0.2905,13.126902,80.283054,25.0,42.0,4.166666666666667,1.16
WIN-1059,2025-01-03,2,AFTERNOON_12_18,15,4,0,roads,DEPT_ROADS,24,12,0.5,2.0,11.65,0.1165,5,2,14,0.0632,2,0.0902,13.114913,80.239512,98.0,143.0,16.333333333333332,0.4694
WIN-1063,2025-01-03,2,AFTERNOON_12_18,15,4,0,drainage,DEPT_DRAINAGE,12,6,0.5,2.0,31.01,0.3101,12,0,5,0.0018,1,0.0558,13.131245,80.239828,58.0,82.0,9.666666666666666,0.2414
WIN-1067,2025-01-03,2,AFTERNOON_12_18,15,4,0,garbage,DEPT_SANITATION,13,5,0.6154,2.6,16.39,0.1639,7,1,1,0.0872,0,0.0091,13.033165,80.302171,70.0,112.0,11.666666666666666,0.1143
WIN-1071,2025-01-03,2,AFTERNOON_12_18,15,4,0,water,DEPT_WATER,9,7,0.2222,1.29,34.28,0.3428,14,0,2,0.0079,2,0.2061,13.128322,80.143004,42.0,78.0,7.0,0.2857
WIN-1075,2025-01-03,2,AFTERNOON_12_18,15,4,0,streetlights,DEPT_ELECTRICITY,5,4,0.2,1.25,24.13,0.2413,10,0,2,0.0107,1,0.1013,13.11999,80.300371,41.0,66.0,6.833333333333333,-0.2683
WIN-1079,2025-01-03,2,AFTERNOON_12_18,15,4,0,infrastructure,DEPT_WORKS,9,5,0.4444,1.8,4.45,0.0445,2,0,1,0.0539,1,0.0897,13.121618,80.243141,40.0,71.0,6.666666666666667,0.35
WIN-1083,2025-01-03,2,AFTERNOON_12_18,15,4,0,other,DEPT_GENERAL,4,2,0.5,2.0,21.26,0.2126,9,1,1,0.1508,0,0.0385,13.042187,80.321575,28.0,46.0,4.666666666666667,-0.1429
WIN-1060,2025-01-03,2,EVENING_18_24,21,4,0,roads,DEPT_ROADS,16,7,0.5625,2.29,52.66,0.5266,21,2,3,0.0993,2,0.1095,13.044119,80.285531,94.0,159.0,15.666666666666666,0.0213
WIN-1064,2025-01-03,2,EVENING_18_24,21,4,0,drainage,DEPT_DRAINAGE,7,3,0.5714,2.33,43.59,0.4359,17,0,1,0.0641,3,0.3704,13.10276,80.20057,49.0,89.0,8.166666666666666,-0.1429
WIN-1068,2025-01-03,2,EVENING_18_24,21,4,0,garbage,DEPT_SANITATION,10,4,0.6,2.5,21.17,0.2117,8,1,2,0.1063,6,0.5782,13.016138,80.275059,69.0,122.0,11.5,-0.1304
WIN-1072,2025-01-03,2,EVENING_18_24,21,4,0,water,DEPT_WATER,5,2,0.6,2.5,47.46,0.4746,19,1,2,0.1075,1,0.1595,13.023047,80.268696,39.0,83.0,6.5,-0.2308
WIN-1076,2025-01-03,2,EVENING_18_24,21,4,0,streetlights,DEPT_ELECTRICITY,5,3,0.4,1.67,12.66,0.1266,5,1,1,0.1303,3,0.5639,13.12713,80.307422,38.0,71.0,6.333333333333333,-0.2105
WIN-1080,2025-01-03,2,EVENING_18_24,21,4,0,infrastructure,DEPT_WORKS,2,1,0.5,2.0,27.97,0.2797,11,0,0,0.0816,1,0.2825,13.065219,80.283783,31.0,73.0,5.166666666666667,-0.6129
WIN-1084,2025-01-03,2,EVENING_18_24,21,4,0,other,DEPT_GENERAL,3,1,0.6667,3.0,64.08,0.6408,26,0,1,0.0314,1,0.2206,13.073555,80.339444,26.0,49.0,4.333333333333333,-0.3077
WIN-1085,2025-01-04,3,NIGHT_00_06,3,5,1,roads,DEPT_ROADS,0,0,0.0,1.0,13.85,0.1385,6,0,0,0.0,0,0.0,13.140797,80.232282,76.0,159.0,12.666666666666666,-1.0
WIN-1089,2025-01-04,3,NIGHT_00_06,3,5,1,drainage,DEPT_DRAINAGE,4,2,0.5,2.0,50.73,0.5073,20,1,1,0.1903,0,0.0506,13.134134,80.204863,41.0,93.0,6.833333333333333,-0.4146
WIN-1093,2025-01-04,3,NIGHT_00_06,3,5,1,garbage,DEPT_SANITATION,2,1,0.5,2.0,48.69,0.4869,19,0,0,0.04,1,0.4376,13.088451,80.231742,56.0,124.0,9.333333333333334,-0.7857
WIN-1097,2025-01-04,3,NIGHT_00_06,3,5,1,water,DEPT_WATER,0,0,0.0,1.0,32.29,0.3229,13,0,0,0.0,0,0.0,12.998528,80.230406,29.0,83.0,4.833333333333333,-1.0
WIN-1101,2025-01-04,3,NIGHT_00_06,3,5,1,streetlights,DEPT_ELECTRICITY,0,0,0.0,1.0,44.65,0.4465,18,0,0,0.0,0,0.0,13.218497,80.257214,31.0,71.0,5.166666666666667,-1.0
WIN-1105,2025-01-04,3,NIGHT_00_06,3,5,1,infrastructure,DEPT_WORKS,0,0,0.0,1.0,74.26,0.7426,30,0,0,0.0,0,0.0,13.091892,80.238254,24.0,73.0,4.0,-1.0
WIN-1109,2025-01-04,3,NIGHT_00_06,3,5,1,other,DEPT_GENERAL,1,1,0.0,1.0,5.1,0.051,2,0,0,0.1083,1,0.5448,13.088651,80.25927,25.0,50.0,4.166666666666667,-0.76
WIN-1086,2025-01-04,3,MORNING_06_12,9,5,1,roads,DEPT_ROADS,12,5,0.5833,2.4,39.26,0.3926,16,0,3,0.0037,2,0.1964,13.054293,80.276364,78.0,171.0,13.0,-0.0769
WIN-1090,2025-01-04,3,MORNING_06_12,9,5,1,drainage,DEPT_DRAINAGE,13,7,0.4615,1.86,19.25,0.1925,8,1,4,0.0479,3,0.1979,13.050411,80.259527,49.0,106.0,8.166666666666666,0.5918
WIN-1094,2025-01-04,3,MORNING_06_12,9,5,1,garbage,DEPT_SANITATION,10,5,0.5,2.0,21.33,0.2133,9,0,3,0.0388,5,0.4855,13.15877,80.246153,56.0,134.0,9.333333333333334,0.0714
WIN-1098,2025-01-04,3,MORNING_06_12,9,5,1,water,DEPT_WATER,7,4,0.4286,1.75,31.07,0.3107,12,0,2,0.0053,3,0.4762,13.066009,80.193717,29.0,90.0,4.833333333333333,0.4483
WIN-1102,2025-01-04,3,MORNING_06_12,9,5,1,streetlights,DEPT_ELECTRICITY,10,4,0.6,2.5,17.25,0.1725,7,3,3,0.2552,5,0.4645,13.12582,80.243919,37.0,81.0,6.166666666666667,0.6216
WIN-1106,2025-01-04,3,MORNING_06_12,9,5,1,infrastructure,DEPT_WORKS,7,3,0.5714,2.33,52.77,0.5277,21,1,1,0.1157,2,0.2435,13.123955,80.227343,22.0,80.0,3.6666666666666665,0.9091
WIN-1110,2025-01-04,3,MORNING_06_12,9,5,1,other,DEPT_GENERAL,4,2,0.5,2.0,6.11,0.0611,2,1,1,0.1522,1,0.3539,13.087793,80.348151,23.0,54.0,3.8333333333333335,0.0435
WIN-1087,2025-01-04,3,AFTERNOON_12_18,15,5,1,roads,DEPT_ROADS,16,11,0.3125,1.45,7.2,0.072,3,1,3,0.055,2,0.1228,13.142069,80.400178,89.0,187.0,14.833333333333334,0.0787
WIN-1091,2025-01-04,3,AFTERNOON_12_18,15,5,1,drainage,DEPT_DRAINAGE,3,2,0.3333,1.5,15.14,0.1514,6,0,1,0.015,1,0.1919,13.095958,80.302797,50.0,109.0,8.333333333333334,-0.64
WIN-1095,2025-01-04,3,AFTERNOON_12_18,15,5,1,garbage,DEPT_SANITATION,6,3,0.5,2.0,23.04,0.2304,9,0,2,0.0255,0,0.0538,13.031316,80.313473,58.0,140.0,9.666666666666666,-0.3793
WIN-1099,2025-01-04,3,AFTERNOON_12_18,15,5,1,water,DEPT_WATER,7,4,0.4286,1.75,13.79,0.1379,6,1,1,0.1289,1,0.1759,13.180617,80.248304,35.0,97.0,5.833333333333333,0.2
WIN-1103,2025-01-04,3,AFTERNOON_12_18,15,5,1,streetlights,DEPT_ELECTRICITY,4,2,0.5,2.0,28.18,0.2818,11,0,1,0.0884,1,0.3454,13.08421,80.30113,39.0,85.0,6.5,-0.3846
WIN-1107,2025-01-04,3,AFTERNOON_12_18,15,5,1,infrastructure,DEPT_WORKS,2,1,0.5,2.0,14.15,0.1415,6,0,1,0.0746,1,0.5474,13.04188,80.275133,23.0,82.0,3.8333333333333335,-0.4783
WIN-1111,2025-01-04,3,AFTERNOON_12_18,15,5,1,other,DEPT_GENERAL,2,1,0.5,2.0,28.33,0.2833,11,0,1,0.1913,0,0.1548,13.077322,80.271744,23.0,56.0,3.8333333333333335,-0.4783
WIN-1088,2025-01-04,3,EVENING_18_24,21,5,1,roads,DEPT_ROADS,9,5,0.4444,1.8,15.3,0.153,6,2,2,0.2524,1,0.1382,13.066584,80.194778,77.0,196.0,12.833333333333334,-0.2987
WIN-1092,2025-01-04,3,EVENING_18_24,21,5,1,drainage,DEPT_DRAINAGE,7,3,0.5714,2.33,17.52,0.1752,7,1,3,0.1473,3,0.4697,13.077423,80.261482,46.0,116.0,7.666666666666667,-0.087
WIN-1096,2025-01-04,3,EVENING_18_24,21,5,1,garbage,DEPT_SANITATION,8,3,0.625,2.67,47.36,0.4736,19,1,3,0.0793,3,0.4307,13.03448,80.249192,49.0,148.0,8.166666666666666,-0.0204
WIN-1100,2025-01-04,3,EVENING_18_24,21,5,1,water,DEPT_WATER,1,1,0.0,1.0,8.71,0.0871,3,0,0,0.0101,0,0.3789,12.994048,80.333796,29.0,98.0,4.833333333333333,-0.7931
WIN-1104,2025-01-04,3,EVENING_18_24,21,5,1,streetlights,DEPT_ELECTRICITY,1,1,0.0,1.0,27.62,0.2762,11,0,0,0.0899,1,0.6564,13.076074,80.273697,25.0,86.0,4.166666666666667,-0.76
WIN-1108,2025-01-04,3,EVENING_18_24,21,5,1,infrastructure,DEPT_WORKS,1,1,0.0,1.0,30.68,0.3068,12,0,0,0.0966,1,0.5533,13.06417,80.37589,21.0,83.0,3.5,-0.7143
WIN-1112,2025-01-04,3,EVENING_18_24,21,5,1,other,DEPT_GENERAL,1,1,0.0,1.0,33.69,0.3369,13,0,0,0.1823,0,0.0927,13.069551,80.178914,15.0,57.0,2.5,-0.6
WIN-1113,2025-01-05,4,NIGHT_00_06,3,6,1,roads,DEPT_ROADS,2,1,0.5,2.0,12.49,0.1249,5,0,1,0.0184,1,0.7264,13.069367,80.293093,55.0,198.0,9.166666666666666,-0.7818
WIN-1117,2025-01-05,4,NIGHT_00_06,3,6,1,drainage,DEPT_DRAINAGE,2,1,0.5,2.0,27.44,0.2744,11,0,0,0.0289,1,0.3434,13.098683,80.305212,36.0,118.0,6.0,-0.6667
WIN-1121,2025-01-05,4,NIGHT_00_06,3,6,1,garbage,DEPT_SANITATION,0,0,0.0,1.0,52.68,0.5268,21,0,0,0.0,0,0.0,13.094882,80.340038,36.0,148.0,6.0,-1.0
WIN-1125,2025-01-05,4,NIGHT_00_06,3,6,1,water,DEPT_WATER,3,2,0.3333,1.5,11.05,0.1105,4,0,0,0.0929,1,0.4858,13.063431,80.291723,23.0,101.0,3.8333333333333335,-0.2174
WIN-1129,2025-01-05,4,NIGHT_00_06,3,6,1,streetlights,DEPT_ELECTRICITY,0,0,0.0,1.0,14.69,0.1469,6,0,0,0.0,0,0.0,13.031788,80.256752,20.0,86.0,3.3333333333333335,-1.0
WIN-1133,2025-01-05,4,NIGHT_00_06,3,6,1,infrastructure,DEPT_WORKS,0,0,0.0,1.0,42.11,0.4211,17,0,0,0.0,0,0.0,13.067716,80.26819,12.0,83.0,2.0,-1.0
WIN-1137,2025-01-05,4,NIGHT_00_06,3,6,1,other,DEPT_GENERAL,1,1,0.0,1.0,42.75,0.4275,17,0,0,0.0761,0,0.2165,13.098265,80.309906,12.0,58.0,2.0,-0.5
WIN-1114,2025-01-05,4,MORNING_06_12,9,6,1,roads,DEPT_ROADS,9,4,0.5556,2.25,30.37,0.3037,12,2,3,0.1682,6,0.6131,13.034878,80.29432,48.0,207.0,8.0,0.125
WIN-1118,2025-01-05,4,MORNING_06_12,9,6,1,drainage,DEPT_DRAINAGE,5,4,0.2,1.25,36.19,0.3619,14,0,0,0.0305,2,0.3406,13.153818,80.240779,34.0,123.0,5.666666666666667,-0.1176
WIN-1122,2025-01-05,4,MORNING_06_12,9,6,1,garbage,DEPT_SANITATION,9,4,0.5556,2.25,41.79,0.4179,17,1,1,0.1248,1,0.1305,13.075122,80.24391,35.0,157.0,5.833333333333333,0.5429
WIN-1126,2025-01-05,4,MORNING_06_12,9,6,1,water,DEPT_WATER,3,2,0.3333,1.5,33.54,0.3354,13,0,0,0.022,1,0.4731,13.111097,80.231512,21.0,104.0,3.5,-0.1429
WIN-1130,2025-01-05,4,MORNING_06_12,9,6,1,streetlights,DEPT_ELECTRICITY,6,4,0.3333,1.5,21.41,0.2141,9,1,2,0.101,2,0.2585,13.07121,80.22813,21.0,92.0,3.5,0.7143
WIN-1134,2025-01-05,4,MORNING_06_12,9,6,1,infrastructure,DEPT_WORKS,4,2,0.5,2.0,17.65,0.1765,7,1,1,0.3653,1,0.2829,13.04779,80.268559,14.0,87.0,2.3333333333333335,0.7143
WIN-1138,2025-01-05,4,MORNING_06_12,9,6,1,other,DEPT_GENERAL,4,2,0.5,2.0,43.88,0.4388,18,0,0,0.0886,2,0.5556,13.12903,80.215772,13.0,62.0,2.1666666666666665,0.8462
WIN-1115,2025-01-05,4,AFTERNOON_12_18,15,6,1,roads,DEPT_ROADS,4,2,0.5,2.0,7.82,0.0782,3,1,1,0.1526,2,0.5654,13.002537,80.177373,52.0,211.0,8.666666666666666,-0.5385
WIN-1119,2025-01-05,4,AFTERNOON_12_18,15,6,1,drainage,DEPT_DRAINAGE,6,4,0.3333,1.5,21.27,0.2127,9,0,1,0.0203,2,0.3493,13.128908,80.312647,36.0,129.0,6.0,0.0
WIN-1123,2025-01-05,4,AFTERNOON_12_18,15,6,1,garbage,DEPT_SANITATION,8,4,0.5,2.0,6.7,0.067,3,1,3,0.0824,3,0.3903,12.990391,80.224224,41.0,165.0,6.833333333333333,0.1707
WIN-1127,2025-01-05,4,AFTERNOON_12_18,15,6,1,water,DEPT_WATER,2,1,0.5,2.0,9.23,0.0923,4,0,1,0.2193,1,0.5724,13.044536,80.272597,23.0,106.0,3.8333333333333335,-0.4783
WIN-1131,2025-01-05,4,AFTERNOON_12_18,15,6,1,streetlights,DEPT_ELECTRICITY,9,6,0.3333,1.5,10.43,0.1043,4,0,4,0.0116,0,0.0463,13.104348,80.263396,30.0,101.0,5.0,0.8
WIN-1135,2025-01-05,4,AFTERNOON_12_18,15,6,1,infrastructure,DEPT_WORKS,3,1,0.6667,3.0,33.4,0.334,13,0,0,0.1646,1,0.3554,13.14717,80.3191,17.0,90.0,2.8333333333333335,0.0588
WIN-1139,2025-01-05,4,AFTERNOON_12_18,15,6,1,other,DEPT_GENERAL,4,3,0.25,1.33,9.55,0.0955,4,0,1,0.1044,1,0.1954,13.00446,80.208933,16.0,66.0,2.6666666666666665,0.5
WIN-1116,2025-01-05,4,EVENING_18_24,21,6,1,roads,DEPT_ROADS,7,5,0.2857,1.4,46.47,0.4647,19,1,1,0.0822,3,0.4793,13.153253,80.250429,47.0,218.0,7.833333333333333,-0.1064
WIN-1120,2025-01-05,4,EVENING_18_24,21,6,1,drainage,DEPT_DRAINAGE,6,3,0.5,2.0,45.78,0.4578,18,1,1,0.1713,1,0.1102,13.107733,80.273189,29.0,135.0,4.833333333333333,0.2414
WIN-1124,2025-01-05,4,EVENING_18_24,21,6,1,garbage,DEPT_SANITATION,4,2,0.5,2.0,28.8,0.288,12,0,1,0.0105,1,0.3739,13.133384,80.214573,35.0,169.0,5.833333333333333,-0.3143
WIN-1128,2025-01-05,4,EVENING_18_24,21,6,1,water,DEPT_WATER,5,2,0.6,2.5,36.39,0.3639,15,0,3,0.0447,2,0.4501,12.986716,80.310358,21.0,111.0,3.5,0.4286
WIN-1132,2025-01-05,4,EVENING_18_24,21,6,1,streetlights,DEPT_ELECTRICITY,4,2,0.5,2.0,9.2,0.092,4,0,2,0.021,2,0.4806,13.104374,80.230397,24.0,105.0,4.0,0.0
WIN-1136,2025-01-05,4,EVENING_18_24,21,6,1,infrastructure,DEPT_WORKS,0,0,0.0,1.0,50.4,0.504,20,0,0,0.0,0,0.0,13.11264,80.304117,10.0,90.0,1.6666666666666667,-1.0
WIN-1140,2025-01-05,4,EVENING_18_24,21,6,1,other,DEPT_GENERAL,7,3,0.5714,2.33,32.4,0.324,13,2,1,0.2574,2,0.2301,13.113803,80.337147,19.0,73.0,3.1666666666666665,1.2105
WIN-1141,2025-01-06,5,NIGHT_00_06,3,0,0,roads,DEPT_ROADS,3,1,0.6667,3.0,37.51,0.3751,15,1,1,0.4098,1,0.4733,13.00916,80.277758,34.0,221.0,5.666666666666667,-0.4706
WIN-1145,2025-01-06,5,NIGHT_00_06,3,0,0,drainage,DEPT_DRAINAGE,3,2,0.3333,1.5,41.18,0.4118,16,0,0,0.0393,0,0.028,13.106672,80.240065,29.0,138.0,4.833333333333333,-0.3793
WIN-1149,2025-01-06,5,NIGHT_00_06,3,0,0,garbage,DEPT_SANITATION,2,1,0.5,2.0,34.1,0.341,14,0,0,0.0132,0,0.0304,13.04858,80.236859,31.0,171.0,5.166666666666667,-0.6129
WIN-1153,2025-01-06,5,NIGHT_00_06,3,0,0,water,DEPT_WATER,4,2,0.5,2.0,44.93,0.4493,18,1,0,0.2023,1,0.3515,13.052501,80.259223,18.0,115.0,3.0,0.3333
WIN-1157,2025-01-06,5,NIGHT_00_06,3,0,0,streetlights,DEPT_ELECTRICITY,0,0,0.0,1.0,47.02,0.4702,19,0,0,0.0,0,0.0,13.086574,80.183483,20.0,105.0,3.3333333333333335,-1.0
WIN-1161,2025-01-06,5,NIGHT_00_06,3,0,0,infrastructure,DEPT_WORKS,2,1,0.5,2.0,16.71,0.1671,7,0,1,0.2102,0,0.2332,13.089879,80.259417,10.0,92.0,1.6666666666666667,0.2
WIN-1165,2025-01-06,5,NIGHT_00_06,3,0,0,other,DEPT_GENERAL,0,0,0.0,1.0,33.85,0.3385,14,0,0,0.0,0,0.0,12.937351,80.251959,17.0,73.0,2.8333333333333335,-1.0
WIN-1142,2025-01-06,5,MORNING_06_12,9,0,0,roads,DEPT_ROADS,21,9,0.5714,2.33,17.02,0.1702,7,2,3,0.1083,1,0.0359,13.144244,80.354951,46.0,242.0,7.666666666666667,1.7391
WIN-1146,2025-01-06,5,MORNING_06_12,9,0,0,drainage,DEPT_DRAINAGE,11,8,0.2727,1.38,29.24,0.2924,12,1,3,0.0458,0,0.0375,13.075195,80.252719,33.0,149.0,5.5,1.0
WIN-1150,2025-01-06,5,MORNING_06_12,9,0,0,garbage,DEPT_SANITATION,21,13,0.381,1.62,23.82,0.2382,10,2,6,0.0948,3,0.1336,13.052357,80.293584,44.0,192.0,7.333333333333333,1.8636
WIN-1154,2025-01-06,5,MORNING_06_12,9,0,0,water,DEPT_WATER,10,6,0.4,1.67,30.41,0.3041,12,0,1,0.0111,4,0.364,13.123937,80.3115,27.0,125.0,4.5,1.2222
WIN-1158,2025-01-06,5,MORNING_06_12,9,0,0,streetlights,DEPT_ELECTRICITY,9,7,0.2222,1.29,54.8,0.548,22,0,4,0.0398,0,0.0464,13.05677,80.194733,28.0,114.0,4.666666666666667,0.9286
WIN-1162,2025-01-06,5,MORNING_06_12,9,0,0,infrastructure,DEPT_WORKS,6,3,0.5,2.0,26.19,0.2619,10,0,2,0.0319,0,0.0396,13.11132,80.158293,15.0,98.0,2.5,1.4
WIN-1166,2025-01-06,5,MORNING_06_12,9,0,0,other,DEPT_GENERAL,7,5,0.2857,1.4,26.27,0.2627,11,0,2,0.0078,2,0.2264,13.059243,80.199293,23.0,80.0,3.8333333333333335,0.8261
WIN-1143,2025-01-06,5,AFTERNOON_12_18,15,0,0,roads,DEPT_ROADS,12,6,0.5,2.0,35.86,0.3586,14,1,5,0.1053,1,0.0675,12.999964,80.29764,56.0,254.0,9.333333333333334,0.2857
WIN-1147,2025-01-06,5,AFTERNOON_12_18,15,0,0,drainage,DEPT_DRAINAGE,12,8,0.3333,1.5,31.85,0.3185,13,2,4,0.1418,2,0.1376,13.101137,80.331893,43.0,161.0,7.166666666666667,0.6744
WIN-1151,2025-01-06,5,AFTERNOON_12_18,15,0,0,garbage,DEPT_SANITATION,13,6,0.5385,2.17,48.43,0.4843,19,0,1,0.0276,1,0.0815,13.071767,80.268424,57.0,205.0,9.5,0.3684
WIN-1155,2025-01-06,5,AFTERNOON_12_18,15,0,0,water,DEPT_WATER,5,3,0.4,1.67,6.99,0.0699,3,1,2,0.2455,1,0.1095,13.100325,80.242182,29.0,130.0,4.833333333333333,0.0345
WIN-1159,2025-01-06,5,AFTERNOON_12_18,15,0,0,streetlights,DEPT_ELECTRICITY,12,10,0.1667,1.2,12.62,0.1262,5,1,3,0.1089,0,0.013,12.973435,80.327892,40.0,126.0,6.666666666666667,0.8
WIN-1163,2025-01-06,5,AFTERNOON_12_18,15,0,0,infrastructure,DEPT_WORKS,5,3,0.4,1.67,59.69,0.5969,24,0,2,0.0028,0,0.0088,13.056701,80.274334,20.0,103.0,3.3333333333333335,0.5
WIN-1167,2025-01-06,5,AFTERNOON_12_18,15,0,0,other,DEPT_GENERAL,7,4,0.4286,1.75,7.41,0.0741,3,0,3,0.0176,1,0.1848,13.118336,80.176542,29.0,87.0,4.833333333333333,0.4483
WIN-1144,2025-01-06,5,EVENING_18_24,21,0,0,roads,DEPT_ROADS,17,8,0.5294,2.12,20.7,0.207,8,0,4,0.0083,6,0.3643,13.1325,80.283358,64.0,271.0,10.666666666666666,0.5938
WIN-1148,2025-01-06,5,EVENING_18_24,21,0,0,drainage,DEPT_DRAINAGE,12,6,0.5,2.0,30.78,0.3078,12,0,1,0.0273,0,0.028,13.018124,80.285243,50.0,173.0,8.333333333333334,0.44
WIN-1152,2025-01-06,5,EVENING_18_24,21,0,0,garbage,DEPT_SANITATION,6,3,0.5,2.0,12.18,0.1218,5,1,1,0.1958,1,0.2102,13.072965,80.267491,54.0,211.0,9.0,-0.3333
WIN-1156,2025-01-06,5,EVENING_18_24,21,0,0,water,DEPT_WATER,6,4,0.3333,1.5,39.07,0.3907,16,0,2,0.0701,3,0.5428,13.077844,80.34652,32.0,136.0,5.333333333333333,0.125
WIN-1160,2025-01-06,5,EVENING_18_24,21,0,0,streetlights,DEPT_ELECTRICITY,6,3,0.5,2.0,31.25,0.3125,12,0,2,0.0228,2,0.3397,13.117336,80.343923,40.0,132.0,6.666666666666667,-0.1
WIN-1164,2025-01-06,5,EVENING_18_24,21,0,0,infrastructure,DEPT_WORKS,1,1,0.0,1.0,39.31,0.3931,16,0,0,0.0587,0,0.2046,13.053159,80.303452,17.0,104.0,2.8333333333333335,-0.6471
WIN-1168,2025-01-06,5,EVENING_18_24,21,0,0,other,DEPT_GENERAL,7,3,0.5714,2.33,45.02,0.4502,18,0,1,0.0103,5,0.7733,13.056478,80.307145,32.0,94.0,5.333333333333333,0.3125
WIN-1169,2025-01-07,6,NIGHT_00_06,3,1,0,roads,DEPT_ROADS,4,3,0.25,1.33,17.59,0.1759,7,1,1,0.1846,0,0.0081,13.178271,80.243408,64.0,275.0,10.666666666666666,-0.625
WIN-1173,2025-01-07,6,NIGHT_00_06,3,1,0,drainage,DEPT_DRAINAGE,1,1,0.0,1.0,23.53,0.2353,9,0,0,0.3152,0,0.0928,13.036854,80.287031,45.0,174.0,7.5,-0.8667
WIN-1177,2025-01-07,6,NIGHT_00_06,3,1,0,garbage,DEPT_SANITATION,4,2,0.5,2.0,7.17,0.0717,3,1,1,0.1737,1,0.2794,13.157219,80.256709,50.0,215.0,8.333333333333334,-0.52
WIN-1181,2025-01-07,6,NIGHT_00_06,3,1,0,water,DEPT_WATER,4,1,0.75,4.0,49.24,0.4924,20,0,2,0.0648,0,0.0278,13.058818,80.207943,34.0,140.0,5.666666666666667,-0.2941
WIN-1185,2025-01-07,6,NIGHT_00_06,3,1,0,streetlights,DEPT_ELECTRICITY,4,2,0.5,2.0,52.5,0.525,21,0,1,0.082,0,0.103,13.024006,80.139347,35.0,136.0,5.833333333333333,-0.3143
WIN-1189,2025-01-07,6,NIGHT_00_06,3,1,0,infrastructure,DEPT_WORKS,5,3,0.4,1.67,33.79,0.3379,14,0,2,0.019,0,0.0639,13.084401,80.276269,19.0,109.0,3.1666666666666665,0.5789
WIN-1193,2025-01-07,6,NIGHT_00_06,3,1,0,other,DEPT_GENERAL,1,1,0.0,1.0,60.03,0.6003,24,0,0,0.1148,0,0.0823,13.092065,80.224884,29.0,95.0,4.833333333333333,-0.7931
WIN-1170,2025-01-07,6,MORNING_06_12,9,1,0,roads,DEPT_ROADS,20,10,0.5,2.0,13.21,0.1321,5,6,8,0.3056,3,0.1678,13.090322,80.289081,77.0,295.0,12.833333333333334,0.5584
WIN-1174,2025-01-07,6,MORNING_06_12,9,1,0,drainage,DEPT_DRAINAGE,14,6,0.5714,2.33,30.87,0.3087,12,2,1,0.13,0,0.0219,13.138793,80.386702,53.0,188.0,8.833333333333334,0.5849
WIN-1178,2025-01-07,6,MORNING_06_12,9,1,0,garbage,DEPT_SANITATION,11,7,0.3636,1.57,5.99,0.0599,2,1,2,0.0698,5,0.4709,13.042559,80.259616,57.0,226.0,9.5,0.1579
WIN-1182,2025-01-07,6,MORNING_06_12,9,1,0,water,DEPT_WATER,10,6,0.4,1.67,21.87,0.2187,9,0,5,0.0055,0,0.0151,13.0583,80.311748,39.0,150.0,6.5,0.5385
WIN-1186,2025-01-07,6,MORNING_06_12,9,1,0,streetlights,DEPT_ELECTRICITY,9,4,0.5556,2.25,7.83,0.0783,3,0,2,0.0499,0,0.04,13.171633,80.305053,40.0,145.0,6.666666666666667,0.35
WIN-1190,2025-01-07,6,MORNING_06_12,9,1,0,infrastructure,DEPT_WORKS,11,5,0.5455,2.2,34.24,0.3424,14,1,2,0.06,3,0.2295,13.007291,80.212851,30.0,120.0,5.0,1.2
WIN-1194,2025-01-07,6,MORNING_06_12,9,1,0,other,DEPT_GENERAL,5,2,0.6,2.5,26.73,0.2673,11,1,1,0.1386,2,0.4363,13.077383,80.193029,27.0,100.0,4.5,0.1111
WIN-1171,2025-01-07,6,AFTERNOON_12_18,15,1,0,roads,DEPT_ROADS,14,9,0.3571,1.56,19.44,0.1944,8,0,8,0.0013,0,0.0227,13.115024,80.347457,88.0,309.0,14.666666666666666,-0.0455
WIN-1175,2025-01-07,6,AFTERNOON_12_18,15,1,0,drainage,DEPT_DRAINAGE,5,4,0.2,1.25,24.32,0.2432,10,1,1,0.1829,2,0.3785,13.042592,80.339008,55.0,193.0,9.166666666666666,-0.4545
WIN-1179,2025-01-07,6,AFTERNOON_12_18,15,1,0,garbage,DEPT_SANITATION,14,5,0.6429,2.8,6.94,0.0694,3,1,4,0.0702,0,0.0183,13.042023,80.292499,69.0,240.0,11.5,0.2174
WIN-1183,2025-01-07,6,AFTERNOON_12_18,15,1,0,water,DEPT_WATER,4,3,0.25,1.33,29.9,0.299,12,0,2,0.0667,0,0.0341,13.088219,80.296071,39.0,154.0,6.5,-0.3846
WIN-1187,2025-01-07,6,AFTERNOON_12_18,15,1,0,streetlights,DEPT_ELECTRICITY,7,4,0.4286,1.75,41.36,0.4136,17,1,2,0.0738,2,0.267,13.136416,80.333354,47.0,152.0,7.833333333333333,-0.1064
WIN-1191,2025-01-07,6,AFTERNOON_12_18,15,1,0,infrastructure,DEPT_WORKS,3,2,0.3333,1.5,28.24,0.2824,11,1,1,0.2388,0,0.1021,13.064698,80.234296,31.0,123.0,5.166666666666667,-0.4194
WIN-1195,2025-01-07,6,AFTERNOON_12_18,15,1,0,other,DEPT_GENERAL,7,3,0.5714,2.33,42.51,0.4251,17,1,1,0.1276,0,0.0348,13.116679,80.286784,34.0,107.0,5.666666666666667,0.2353
WIN-1172,2025-01-07,6,EVENING_18_24,21,1,0,roads,DEPT_ROADS,14,12,0.1429,1.17,28.56,0.2856,11,2,3,0.119,0,0.0254,13.066194,80.260117,81.0,323.0,13.5,0.037
WIN-1176,2025-01-07,6,EVENING_18_24,21,1,0,drainage,DEPT_DRAINAGE,7,4,0.4286,1.75,7.77,0.0777,3,2,1,0.3227,1,0.1728,13.057982,80.293608,51.0,200.0,8.5,-0.1765
WIN-1180,2025-01-07,6,EVENING_18_24,21,1,0,garbage,DEPT_SANITATION,10,7,0.3,1.43,2.76,0.0276,1,1,1,0.0671,3,0.3349,13.095328,80.339927,58.0,250.0,9.666666666666666,0.0345
WIN-1184,2025-01-07,6,EVENING_18_24,21,1,0,water,DEPT_WATER,4,3,0.25,1.33,26.3,0.263,11,1,1,0.2628,1,0.2864,13.07965,80.240829,33.0,158.0,5.5,-0.2727
WIN-1188,2025-01-07,6,EVENING_18_24,21,1,0,streetlights,DEPT_ELECTRICITY,6,4,0.3333,1.5,16.92,0.1692,7,0,0,0.0739,2,0.3869,13.077332,80.320671,44.0,158.0,7.333333333333333,-0.1818
WIN-1192,2025-01-07,6,EVENING_18_24,21,1,0,infrastructure,DEPT_WORKS,9,3,0.6667,3.0,40.63,0.4063,16,0,2,0.0374,3,0.2797,13.144161,80.275255,34.0,132.0,5.666666666666667,0.5882
WIN-1196,2025-01-07,6,EVENING_18_24,21,1,0,other,DEPT_GENERAL,3,2,0.3333,1.5,35.03,0.3503,14,1,1,0.3752,2,0.6782,13.072079,80.345911,30.0,110.0,5.0,-0.4
WIN-1197,2025-01-08,7,NIGHT_00_06,3,2,0,roads,DEPT_ROADS,8,3,0.625,2.67,10.42,0.1042,4,2,3,0.2357,1,0.0645,13.081904,80.316501,77.0,331.0,12.833333333333334,-0.3766
WIN-1201,2025-01-08,7,NIGHT_00_06,3,2,0,drainage,DEPT_DRAINAGE,4,3,0.25,1.33,27.8,0.278,11,0,2,0.0069,1,0.1625,13.141788,80.239984,43.0,204.0,7.166666666666667,-0.4419
WIN-1205,2025-01-08,7,NIGHT_00_06,3,2,0,garbage,DEPT_SANITATION,6,3,0.5,2.0,9.29,0.0929,4,1,1,0.0967,0,0.059,13.038492,80.141279,51.0,256.0,8.5,-0.2941
WIN-1209,2025-01-08,7,NIGHT_00_06,3,2,0,water,DEPT_WATER,3,2,0.3333,1.5,9.76,0.0976,4,0,0,0.014,1,0.1731,13.084123,80.269213,31.0,161.0,5.166666666666667,-0.4194
WIN-1213,2025-01-08,7,NIGHT_00_06,3,2,0,streetlights,DEPT_ELECTRICITY,1,1,0.0,1.0,11.48,0.1148,5,0,0,0.3012,0,0.0529,13.074539,80.351691,33.0,159.0,5.5,-0.8182
WIN-1217,2025-01-08,7,NIGHT_00_06,3,2,0,infrastructure,DEPT_WORKS,2,1,0.5,2.0,25.86,0.2586,10,1,0,0.3232,0,0.0365,13.148682,80.297027,31.0,134.0,5.166666666666667,-0.6129
WIN-1221,2025-01-08,7,NIGHT_00_06,3,2,0,other,DEPT_GENERAL,0,0,0.0,1.0,59.31,0.5931,24,0,0,0.0,0,0.0,13.098923,80.180507,23.0,110.0,3.8333333333333335,-1.0
WIN-1198,2025-01-08,7,MORNING_06_12,9,2,0,roads,DEPT_ROADS,17,6,0.6471,2.83,27.03,0.2703,11,0,4,0.0263,0,0.0172,13.112008,80.250079,77.0,348.0,12.833333333333334,0.3247
WIN-1202,2025-01-08,7,MORNING_06_12,9,2,0,drainage,DEPT_DRAINAGE,11,5,0.5455,2.2,10.87,0.1087,4,1,2,0.0893,2,0.1948,13.075135,80.240492,42.0,215.0,7.0,0.5714
WIN-1206,2025-01-08,7,MORNING_06_12,9,2,0,garbage,DEPT_SANITATION,22,9,0.5909,2.44,38.86,0.3886,16,0,2,0.0001,5,0.2419,13.085704,80.290116,67.0,278.0,11.166666666666666,0.9701
WIN-1210,2025-01-08,7,MORNING_06_12,9,2,0,water,DEPT_WATER,9,7,0.2222,1.29,19.22,0.1922,8,2,1,0.2111,0,0.0185,13.052205,80.22145,34.0,170.0,5.666666666666667,0.5882
WIN-1214,2025-01-08,7,MORNING_06_12,9,2,0,streetlights,DEPT_ELECTRICITY,7,6,0.1429,1.17,24.24,0.2424,10,1,1,0.1762,1,0.1755,13.08669,80.261709,34.0,166.0,5.666666666666667,0.2353
WIN-1218,2025-01-08,7,MORNING_06_12,9,2,0,infrastructure,DEPT_WORKS,8,6,0.25,1.33,20.54,0.2054,8,0,2,0.0142,0,0.0351,13.131484,80.284617,38.0,142.0,6.333333333333333,0.2632
WIN-1222,2025-01-08,7,MORNING_06_12,9,2,0,other,DEPT_GENERAL,8,3,0.625,2.67,30.44,0.3044,12,1,1,0.1826,1,0.0786,13.053205,80.305634,24.0,118.0,4.0,1.0
WIN-1199,2025-01-08,7,AFTERNOON_12_18,15,2,0,roads,DEPT_ROADS,12,10,0.1667,1.2,48.99,0.4899,20,2,6,0.1917,1,0.0617,13.05708,80.225801,85.0,360.0,14.166666666666666,-0.1529
WIN-1203,2025-01-08,7,AFTERNOON_12_18,15,2,0,drainage,DEPT_DRAINAGE,5,3,0.4,1.67,13.96,0.1396,6,1,1,0.2567,1,0.142,13.061247,80.215832,46.0,220.0,7.666666666666667,-0.3478
WIN-1207,2025-01-08,7,AFTERNOON_12_18,15,2,0,garbage,DEPT_SANITATION,11,8,0.2727,1.38,48.26,0.4826,19,1,4,0.0888,1,0.077,13.098424,80.362605,74.0,289.0,12.333333333333334,-0.1081
WIN-1211,2025-01-08,7,AFTERNOON_12_18,15,2,0,water,DEPT_WATER,4,2,0.5,2.0,34.79,0.3479,14,1,0,0.1278,0,0.0686,13.066369,80.350627,34.0,174.0,5.666666666666667,-0.2941
WIN-1215,2025-01-08,7,AFTERNOON_12_18,15,2,0,streetlights,DEPT_ELECTRICITY,14,8,0.4286,1.75,18.62,0.1862,7,1,6,0.0436,0,0.0271,13.043831,80.216489,44.0,180.0,7.333333333333333,0.9091
WIN-1219,2025-01-08,7,AFTERNOON_12_18,15,2,0,infrastructure,DEPT_WORKS,3,1,0.6667,3.0,8.47,0.0847,3,0,1,0.0047,0,0.0536,13.004418,80.271244,36.0,145.0,6.0,-0.5
WIN-1223,2025-01-08,7,AFTERNOON_12_18,15,2,0,other,DEPT_GENERAL,3,1,0.6667,3.0,25.8,0.258,10,0,1,0.1333,0,0.0644,13.020387,80.267709,26.0,121.0,4.333333333333333,-0.3077
WIN-1200,2025-01-08,7,EVENING_18_24,21,2,0,roads,DEPT_ROADS,11,5,0.5455,2.2,10.84,0.1084,4,1,3,0.0694,3,0.318,13.075993,80.250705,76.0,371.0,12.666666666666666,-0.1316
WIN-1204,2025-01-08,7,EVENING_18_24,21,2,0,drainage,DEPT_DRAINAGE,9,4,0.5556,2.25,18.76,0.1876,8,1,4,0.0974,1,0.1479,13.142382,80.242935,41.0,229.0,6.833333333333333,0.3171
WIN-1208,2025-01-08,7,EVENING_18_24,21,2,0,garbage,DEPT_SANITATION,7,4,0.4286,1.75,20.95,0.2095,8,1,2,0.1621,3,0.361,13.088904,80.299105,70.0,296.0,11.666666666666666,-0.4
WIN-1212,2025-01-08,7,EVENING_18_24,21,2,0,water,DEPT_WATER,8,4,0.5,2.0,29.61,0.2961,12,0,1,0.0264,2,0.2556,13.105714,80.280442,32.0,182.0,5.333333333333333,0.5
WIN-1216,2025-01-08,7,EVENING_18_24,21,2,0,streetlights,DEPT_ELECTRICITY,4,3,0.25,1.33,63.96,0.6396,26,1,2,0.2283,3,0.7582,13.06861,80.275625,39.0,184.0,6.5,-0.3846
WIN-1220,2025-01-08,7,EVENING_18_24,21,2,0,infrastructure,DEPT_WORKS,4,2,0.5,2.0,33.75,0.3375,14,0,0,0.027,1,0.2439,13.066677,80.271938,29.0,149.0,4.833333333333333,-0.1724
WIN-1224,2025-01-08,7,EVENING_18_24,21,2,0,other,DEPT_GENERAL,4,3,0.25,1.33,54.1,0.541,22,0,1,0.1243,0,0.056,13.131355,80.283811,25.0,125.0,4.166666666666667,-0.04
WIN-1225,2025-01-09,8,NIGHT_00_06,3,3,0,roads,DEPT_ROADS,3,1,0.6667,3.0,18.56,0.1856,7,0,2,0.0123,0,0.0775,13.048713,80.221994,65.0,374.0,10.833333333333334,-0.7231
WIN-1229,2025-01-09,8,NIGHT_00_06,3,3,0,drainage,DEPT_DRAINAGE,1,1,0.0,1.0,43.67,0.4367,17,0,0,0.0023,0,0.0168,13.115,80.274639,37.0,230.0,6.166666666666667,-0.8378
WIN-1233,2025-01-09,8,NIGHT_00_06,3,3,0,garbage,DEPT_SANITATION,1,1,0.0,1.0,16.63,0.1663,7,0,0,0.2108,0,0.0386,13.110294,80.304712,57.0,297.0,9.5,-0.8947
WIN-1237,2025-01-09,8,NIGHT_00_06,3,3,0,water,DEPT_WATER,1,1,0.0,1.0,23.03,0.2303,9,0,0,0.2401,0,0.0909,13.101715,80.241244,29.0,183.0,4.833333333333333,-0.7931
WIN-1241,2025-01-09,8,NIGHT_00_06,3,3,0,streetlights,DEPT_ELECTRICITY,1,1,0.0,1.0,19.95,0.1995,8,0,0,0.0637,0,0.2565,13.093174,80.221473,33.0,185.0,5.5,-0.8182
WIN-1245,2025-01-09,8,NIGHT_00_06,3,3,0,infrastructure,DEPT_WORKS,2,1,0.5,2.0,26.56,0.2656,11,0,0,0.1543,1,0.3794,13.165968,80.208958,28.0,151.0,4.666666666666667,-0.5714
WIN-1249,2025-01-09,8,NIGHT_00_06,3,3,0,other,DEPT_GENERAL,0,0,0.0,1.0,22.69,0.2269,9,0,0,0.0,0,0.0,13.043156,80.2724,18.0,125.0,3.0,-1.0
WIN-1226,2025-01-09,8,MORNING_06_12,9,3,0,roads,DEPT_ROADS,18,7,0.6111,2.57,44.47,0.4447,18,1,9,0.0372,2,0.1164,13.139095,80.184641,69.0,392.0,11.5,0.5652
WIN-1230,2025-01-09,8,MORNING_06_12,9,3,0,drainage,DEPT_DRAINAGE,13,6,0.5385,2.17,37.79,0.3779,15,0,3,0.0106,3,0.246,13.101189,80.286917,43.0,243.0,7.166666666666667,0.814
WIN-1234,2025-01-09,8,MORNING_06_12,9,3,0,garbage,DEPT_SANITATION,15,7,0.5333,2.14,32.59,0.3259,13,0,3,0.0181,1,0.0631,13.120054,80.34063,62.0,312.0,10.333333333333334,0.4516
WIN-1238,2025-01-09,8,MORNING_06_12,9,3,0,water,DEPT_WATER,5,4,0.2,1.25,15.98,0.1598,6,1,3,0.1064,1,0.2792,13.120893,80.319331,30.0,188.0,5.0,0.0
WIN-1242,2025-01-09,8,MORNING_06_12,9,3,0,streetlights,DEPT_ELECTRICITY,16,6,0.625,2.67,58.03,0.5803,23,1,5,0.0685,1,0.0855,13.129024,80.282133,43.0,201.0,7.166666666666667,1.2326
WIN-1246,2025-01-09,8,MORNING_06_12,9,3,0,infrastructure,DEPT_WORKS,9,3,0.6667,3.0,55.79,0.5579,22,1,1,0.0799,1,0.144,13.020335,80.318265,28.0,160.0,4.666666666666667,0.9286
WIN-1250,2025-01-09,8,MORNING_06_12,9,3,0,other,DEPT_GENERAL,9,4,0.5556,2.25,32.06,0.3206,13,0,2,0.0146,1,0.0644,13.115755,80.207462,24.0,134.0,4.0,1.25
WIN-1227,2025-01-09,8,AFTERNOON_12_18,15,3,0,roads,DEPT_ROADS,19,11,0.4211,1.73,16.58,0.1658,7,2,2,0.1084,1,0.07,13.125736,80.180506,80.0,411.0,13.333333333333334,0.425
WIN-1231,2025-01-09,8,AFTERNOON_12_18,15,3,0,drainage,DEPT_DRAINAGE,9,5,0.4444,1.8,26.41,0.2641,11,0,3,0.0047,0,0.0097,13.136296,80.288315,48.0,252.0,8.0,0.125
WIN-1235,2025-01-09,8,AFTERNOON_12_18,15,3,0,garbage,DEPT_SANITATION,14,6,0.5714,2.33,28.36,0.2836,11,3,3,0.1868,2,0.117,13.059642,80.308528,70.0,326.0,11.666666666666666,0.2
WIN-1239,2025-01-09,8,AFTERNOON_12_18,15,3,0,water,DEPT_WATER,14,6,0.5714,2.33,46.83,0.4683,19,4,4,0.3099,0,0.0103,13.071147,80.222751,41.0,202.0,6.833333333333333,1.0488
WIN-1243,2025-01-09,8,AFTERNOON_12_18,15,3,0,streetlights,DEPT_ELECTRICITY,6,2,0.6667,3.0,20.88,0.2088,8,0,1,0.0538,1,0.1282,13.165438,80.241366,48.0,207.0,8.0,-0.25
WIN-1247,2025-01-09,8,AFTERNOON_12_18,15,3,0,infrastructure,DEPT_WORKS,4,2,0.5,2.0,23.33,0.2333,9,0,2,0.0778,1,0.2563,13.110083,80.291182,30.0,164.0,5.0,-0.2
WIN-1251,2025-01-09,8,AFTERNOON_12_18,15,3,0,other,DEPT_GENERAL,6,3,0.5,2.0,43.77,0.4377,18,0,2,0.0685,0,0.0694,13.065743,80.329039,30.0,140.0,5.0,0.2
WIN-1228,2025-01-09,8,EVENING_18_24,21,3,0,roads,DEPT_ROADS,16,7,0.5625,2.29,16.84,0.1684,7,1,2,0.0459,6,0.368,13.098595,80.300272,79.0,427.0,13.166666666666666,0.2152
WIN-1232,2025-01-09,8,EVENING_18_24,21,3,0,drainage,DEPT_DRAINAGE,8,4,0.5,2.0,13.17,0.1317,5,1,2,0.0729,3,0.3496,13.044629,80.251973,45.0,260.0,7.5,0.0667
WIN-1236,2025-01-09,8,EVENING_18_24,21,3,0,garbage,DEPT_SANITATION,7,4,0.4286,1.75,39.65,0.3965,16,1,2,0.1206,2,0.3288,13.136542,80.282157,55.0,333.0,9.166666666666666,-0.2364
WIN-1240,2025-01-09,8,EVENING_18_24,21,3,0,water,DEPT_WATER,4,2,0.5,2.0,53.04,0.5304,21,0,1,0.0084,1,0.2896,13.082997,80.313634,36.0,206.0,6.0,-0.3333
WIN-1244,2025-01-09,8,EVENING_18_24,21,3,0,streetlights,DEPT_ELECTRICITY,6,3,0.5,2.0,14.34,0.1434,6,1,0,0.1571,4,0.7239,13.080972,80.284796,47.0,213.0,7.833333333333333,-0.234
WIN-1248,2025-01-09,8,EVENING_18_24,21,3,0,infrastructure,DEPT_WORKS,3,1,0.6667,3.0,25.31,0.2531,10,1,0,0.1781,0,0.1602,13.103036,80.222606,25.0,167.0,4.166666666666667,-0.28
WIN-1252,2025-01-09,8,EVENING_18_24,21,3,0,other,DEPT_GENERAL,3,1,0.6667,3.0,3.64,0.0364,1,1,1,0.3528,1,0.3833,12.980503,80.200928,25.0,143.0,4.166666666666667,-0.28
WIN-1253,2025-01-10,9,NIGHT_00_06,3,4,0,roads,DEPT_ROADS,3,1,0.6667,3.0,9.69,0.0969,4,0,1,0.1122,0,0.1495,13.068725,80.26926,70.0,430.0,11.666666666666666,-0.7429
WIN-1257,2025-01-10,9,NIGHT_00_06,3,4,0,drainage,DEPT_DRAINAGE,2,1,0.5,2.0,62.45,0.6245,25,1,1,0.2823,0,0.0184,13.151396,80.279275,42.0,262.0,7.0,-0.7143
WIN-1261,2025-01-10,9,NIGHT_00_06,3,4,0,garbage,DEPT_SANITATION,2,1,0.5,2.0,41.13,0.4113,16,0,1,0.1694,0,0.2143,13.080124,80.295855,46.0,335.0,7.666666666666667,-0.7391
WIN-1265,2025-01-10,9,NIGHT_00_06,3,4,0,water,DEPT_WATER,2,1,0.5,2.0,84.31,0.8431,34,0,1,0.1016,1,0.3053,13.127775,80.379955,34.0,208.0,5.666666666666667,-0.6471
WIN-1269,2025-01-10,9,NIGHT_00_06,3,4,0,streetlights,DEPT_ELECTRICITY,3,1,0.6667,3.0,7.6,0.076,3,1,1,0.2753,0,0.0287,13.209669,80.302952,36.0,216.0,6.0,-0.5
WIN-1273,2025-01-10,9,NIGHT_00_06,3,4,0,infrastructure,DEPT_WORKS,1,1,0.0,1.0,31.09,0.3109,12,0,0,0.1117,0,0.2192,13.038187,80.194579,23.0,168.0,3.8333333333333335,-0.7391
WIN-1277,2025-01-10,9,NIGHT_00_06,3,4,0,other,DEPT_GENERAL,0,0,0.0,1.0,23.02,0.2302,9,0,0,0.0,0,0.0,13.101458,80.25021,22.0,143.0,3.6666666666666665,-1.0
WIN-1254,2025-01-10,9,MORNING_06_12,9,4,0,roads,DEPT_ROADS,12,4,0.6667,3.0,38.92,0.3892,16,1,1,0.105,1,0.0468,13.040964,80.198242,71.0,442.0,11.833333333333334,0.0141
WIN-1258,2025-01-10,9,MORNING_06_12,9,4,0,drainage,DEPT_DRAINAGE,9,4,0.5556,2.25,30.31,0.3031,12,3,2,0.2782,1,0.1189,13.034363,80.304246,42.0,271.0,7.0,0.2857
WIN-1262,2025-01-10,9,MORNING_06_12,9,4,0,garbage,DEPT_SANITATION,11,4,0.6364,2.75,43.08,0.4308,17,0,3,0.016,1,0.0966,13.104653,80.158457,50.0,346.0,8.333333333333334,0.32
WIN-1266,2025-01-10,9,MORNING_06_12,9,4,0,water,DEPT_WATER,11,7,0.3636,1.57,17.72,0.1772,7,2,5,0.1736,2,0.204,13.100258,80.254413,37.0,219.0,6.166666666666667,0.7838
WIN-1270,2025-01-10,9,MORNING_06_12,9,4,0,streetlights,DEPT_ELECTRICITY,9,4,0.5556,2.25,33.67,0.3367,13,4,2,0.4623,0,0.0389,13.041225,80.27818,41.0,225.0,6.833333333333333,0.3171
WIN-1274,2025-01-10,9,MORNING_06_12,9,4,0,infrastructure,DEPT_WORKS,9,4,0.5556,2.25,12.12,0.1212,5,2,3,0.2167,1,0.0867,13.071457,80.22426,28.0,177.0,4.666666666666667,0.9286
WIN-1278,2025-01-10,9,MORNING_06_12,9,4,0,other,DEPT_GENERAL,3,1,0.6667,3.0,45.9,0.459,18,0,1,0.1443,0,0.0328,13.105534,80.251448,21.0,146.0,3.5,-0.1429
WIN-1255,2025-01-10,9,AFTERNOON_12_18,15,4,0,roads,DEPT_ROADS,20,15,0.25,1.33,38.36,0.3836,15,2,4,0.1004,5,0.2383,13.141778,80.387883,88.0,462.0,14.666666666666666,0.3636
WIN-1259,2025-01-10,9,AFTERNOON_12_18,15,4,0,drainage,DEPT_DRAINAGE,7,4,0.4286,1.75,29.33,0.2933,12,0,1,0.0416,0,0.0591,13.090599,80.249626,48.0,278.0,8.0,-0.125
WIN-1263,2025-01-10,9,AFTERNOON_12_18,15,4,0,garbage,DEPT_SANITATION,17,8,0.5294,2.12,7.41,0.0741,3,1,3,0.0838,0,0.0115,13.07696,80.299039,66.0,363.0,11.0,0.5455
WIN-1267,2025-01-10,9,AFTERNOON_12_18,15,4,0,water,DEPT_WATER,8,4,0.5,2.0,37.3,0.373,15,0,3,0.0458,1,0.1673,13.004931,80.347885,44.0,227.0,7.333333333333333,0.0909
WIN-1271,2025-01-10,9,AFTERNOON_12_18,15,4,0,streetlights,DEPT_ELECTRICITY,12,8,0.3333,1.5,32.05,0.3205,13,1,3,0.0686,2,0.1603,13.103686,80.227236,52.0,237.0,8.666666666666666,0.3846
WIN-1275,2025-01-10,9,AFTERNOON_12_18,15,4,0,infrastructure,DEPT_WORKS,9,4,0.5556,2.25,53.74,0.5374,21,1,1,0.107,1,0.0858,13.098192,80.303755,35.0,186.0,5.833333333333333,0.5429
WIN-1279,2025-01-10,9,AFTERNOON_12_18,15,4,0,other,DEPT_GENERAL,7,3,0.5714,2.33,6.93,0.0693,3,0,1,0.0351,1,0.0727,13.151274,80.261015,28.0,153.0,4.666666666666667,0.5
WIN-1256,2025-01-10,9,EVENING_18_24,21,4,0,roads,DEPT_ROADS,4,3,0.25,1.33,14.27,0.1427,6,0,0,0.0571,1,0.2906,13.056593,80.27293,74.0,466.0,12.333333333333334,-0.6757
WIN-1260,2025-01-10,9,EVENING_18_24,21,4,0,drainage,DEPT_DRAINAGE,13,10,0.2308,1.3,13.9,0.139,6,1,5,0.0895,3,0.2029,13.131834,80.200696,48.0,291.0,8.0,0.625
WIN-1264,2025-01-10,9,EVENING_18_24,21,4,0,garbage,DEPT_SANITATION,6,3,0.5,2.0,23.87,0.2387,10,0,3,0.0231,2,0.3213,13.083793,80.165463,57.0,369.0,9.5,-0.3684
WIN-1268,2025-01-10,9,EVENING_18_24,21,4,0,water,DEPT_WATER,4,2,0.5,2.0,20.15,0.2015,8,0,1,0.0396,1,0.3234,13.077567,80.315158,43.0,231.0,7.166666666666667,-0.4419
WIN-1272,2025-01-10,9,EVENING_18_24,21,4,0,streetlights,DEPT_ELECTRICITY,6,5,0.1667,1.2,35.45,0.3545,14,1,1,0.103,2,0.3641,13.017621,80.178049,42.0,243.0,7.0,-0.1429
WIN-1276,2025-01-10,9,EVENING_18_24,21,4,0,infrastructure,DEPT_WORKS,4,3,0.25,1.33,9.19,0.0919,4,0,2,0.081,1,0.2683,13.055305,80.288751,30.0,190.0,5.0,-0.2
WIN-1280,2025-01-10,9,EVENING_18_24,21,4,0,other,DEPT_GENERAL,3,2,0.3333,1.5,24.94,0.2494,10,1,0,0.3869,2,0.5334,13.032424,80.221888,22.0,156.0,3.6666666666666665,-0.1818
WIN-1281,2025-01-11,10,NIGHT_00_06,3,5,1,roads,DEPT_ROADS,1,1,0.0,1.0,16.13,0.1613,6,0,0,0.1263,0,0.2469,12.903597,80.301389,56.0,467.0,9.333333333333334,-0.8929
WIN-1285,2025-01-11,10,NIGHT_00_06,3,5,1,drainage,DEPT_DRAINAGE,2,1,0.5,2.0,10.85,0.1085,4,0,1,0.0186,1,0.4322,13.033712,80.250889,41.0,293.0,6.833333333333333,-0.7073
WIN-1289,2025-01-11,10,NIGHT_00_06,3,5,1,garbage,DEPT_SANITATION,1,1,0.0,1.0,74.29,0.7429,30,0,0,0.1779,0,0.4807,13.075612,80.360663,44.0,370.0,7.333333333333333,-0.8636
WIN-1293,2025-01-11,10,NIGHT_00_06,3,5,1,water,DEPT_WATER,1,1,0.0,1.0,60.45,0.6045,24,0,0,0.1339,0,0.3291,13.068866,80.198522,30.0,232.0,5.0,-0.8
WIN-1297,2025-01-11,10,NIGHT_00_06,3,5,1,streetlights,DEPT_ELECTRICITY,0,0,0.0,1.0,42.22,0.4222,17,0,0,0.0,0,0.0,13.079961,80.224579,36.0,243.0,6.0,-1.0
WIN-1301,2025-01-11,10,NIGHT_00_06,3,5,1,infrastructure,DEPT_WORKS,1,1,0.0,1.0,24.93,0.2493,10,0,0,0.2516,0,0.3266,13.009416,80.276472,27.0,191.0,4.5,-0.7778
WIN-1305,2025-01-11,10,NIGHT_00_06,3,5,1,other,DEPT_GENERAL,0,0,0.0,1.0,25.82,0.2582,10,0,0,0.0,0,0.0,13.079314,80.330287,16.0,156.0,2.6666666666666665,-1.0
WIN-1282,2025-01-11,10,MORNING_06_12,9,5,1,roads,DEPT_ROADS,18,7,0.6111,2.57,37.96,0.3796,15,1,3,0.0353,6,0.3098,13.114833,80.310913,58.0,485.0,9.666666666666666,0.8621
WIN-1286,2025-01-11,10,MORNING_06_12,9,5,1,drainage,DEPT_DRAINAGE,8,5,0.375,1.6,9.59,0.0959,4,1,1,0.0958,3,0.4123,13.05565,80.281461,41.0,301.0,6.833333333333333,0.1707
WIN-1290,2025-01-11,10,MORNING_06_12,9,5,1,garbage,DEPT_SANITATION,9,7,0.2222,1.29,47.44,0.4744,19,0,4,0.0544,6,0.6211,13.074679,80.395745,46.0,379.0,7.666666666666667,0.1739
WIN-1294,2025-01-11,10,MORNING_06_12,9,5,1,water,DEPT_WATER,1,1,0.0,1.0,22.99,0.2299,9,0,0,0.0794,0,0.2458,13.13463,80.275358,27.0,233.0,4.5,-0.7778
WIN-1298,2025-01-11,10,MORNING_06_12,9,5,1,streetlights,DEPT_ELECTRICITY,8,3,0.625,2.67,3.33,0.0333,1,1,1,0.065,2,0.2386,13.05387,80.233802,38.0,251.0,6.333333333333333,0.2632
WIN-1302,2025-01-11,10,MORNING_06_12,9,5,1,infrastructure,DEPT_WORKS,3,2,0.3333,1.5,55.48,0.5548,22,0,1,0.0191,0,0.1631,13.084172,80.296532,27.0,194.0,4.5,-0.3333
WIN-1306,2025-01-11,10,MORNING_06_12,9,5,1,other,DEPT_GENERAL,3,1,0.6667,3.0,29.31,0.2931,12,0,0,0.0162,0,0.0866,13.11262,80.240855,16.0,159.0,2.6666666666666665,0.125
WIN-1283,2025-01-11,10,AFTERNOON_12_18,15,5,1,roads,DEPT_ROADS,5,2,0.6,2.5,11.96,0.1196,5,1,1,0.2133,2,0.4455,13.062701,80.219193,60.0,485.0,10.0,-0.5
WIN-1287,2025-01-11,10,AFTERNOON_12_18,15,5,1,drainage,DEPT_DRAINAGE,6,3,0.5,2.0,28.73,0.2873,11,0,0,0.008,3,0.5486,13.086998,80.241342,45.0,307.0,7.5,-0.2
WIN-1291,2025-01-11,10,AFTERNOON_12_18,15,5,1,garbage,DEPT_SANITATION,6,3,0.5,2.0,47.18,0.4718,19,0,1,0.0643,1,0.1268,13.080899,80.269239,50.0,385.0,8.333333333333334,-0.28
WIN-1295,2025-01-11,10,AFTERNOON_12_18,15,5,1,water,DEPT_WATER,3,2,0.3333,1.5,23.59,0.2359,9,0,1,0.013,1,0.4743,13.125941,80.31837,28.0,234.0,4.666666666666667,-0.3571
WIN-1299,2025-01-11,10,AFTERNOON_12_18,15,5,1,streetlights,DEPT_ELECTRICITY,5,2,0.6,2.5,43.67,0.4367,17,2,1,0.3073,3,0.6204,13.110142,80.319386,40.0,254.0,6.666666666666667,-0.25
WIN-1303,2025-01-11,10,AFTERNOON_12_18,15,5,1,infrastructure,DEPT_WORKS,2,1,0.5,2.0,31.08,0.3108,12,0,1,0.0643,1,0.3862,13.100905,80.27216,28.0,194.0,4.666666666666667,-0.5714
WIN-1307,2025-01-11,10,AFTERNOON_12_18,15,5,1,other,DEPT_GENERAL,1,1,0.0,1.0,6.81,0.0681,3,0,0,0.2349,1,0.5809,13.009871,80.363992,17.0,159.0,2.8333333333333335,-0.6471
WIN-1284,2025-01-11,10,EVENING_18_24,21,5,1,roads,DEPT_ROADS,6,2,0.6667,3.0,34.37,0.3437,14,0,3,0.0093,4,0.7263,13.098275,80.285978,54.0,473.0,9.0,-0.3333
WIN-1288,2025-01-11,10,EVENING_18_24,21,5,1,drainage,DEPT_DRAINAGE,4,2,0.5,2.0,2.3,0.023,1,0,1,0.0299,1,0.2333,13.063762,80.374833,40.0,301.0,6.666666666666667,-0.4
WIN-1292,2025-01-11,10,EVENING_18_24,21,5,1,garbage,DEPT_SANITATION,8,3,0.625,2.67,43.12,0.4312,17,0,2,0.0208,1,0.111,13.164877,80.290256,47.0,382.0,7.833333333333333,0.0213
WIN-1296,2025-01-11,10,EVENING_18_24,21,5,1,water,DEPT_WATER,4,1,0.75,4.0,31.15,0.3115,12,0,2,0.0906,1,0.3677,12.998614,80.255925,21.0,222.0,3.5,0.1429
WIN-1300,2025-01-11,10,EVENING_18_24,21,5,1,streetlights,DEPT_ELECTRICITY,4,2,0.5,2.0,29.62,0.2962,12,0,1,0.0257,1,0.1266,13.060302,80.20996,35.0,250.0,5.833333333333333,-0.3143
WIN-1304,2025-01-11,10,EVENING_18_24,21,5,1,infrastructure,DEPT_WORKS,2,1,0.5,2.0,30.34,0.3034,12,0,0,0.1316,1,0.3456,13.237615,80.257791,21.0,186.0,3.5,-0.4286
WIN-1308,2025-01-11,10,EVENING_18_24,21,5,1,other,DEPT_GENERAL,2,1,0.5,2.0,3.95,0.0395,2,0,1,0.1166,0,0.141,13.144102,80.201939,16.0,155.0,2.6666666666666665,-0.25
WIN-1309,2025-01-12,11,NIGHT_00_06,3,6,1,roads,DEPT_ROADS,1,1,0.0,1.0,30.95,0.3095,12,0,0,0.1594,0,0.0689,12.962517,80.340323,35.0,460.0,5.833333333333333,-0.8286
WIN-1313,2025-01-12,11,NIGHT_00_06,3,6,1,drainage,DEPT_DRAINAGE,4,2,0.5,2.0,19.43,0.1943,8,0,2,0.0061,3,0.7068,13.015697,80.259854,37.0,297.0,6.166666666666667,-0.3514
WIN-1317,2025-01-12,11,NIGHT_00_06,3,6,1,garbage,DEPT_SANITATION,1,1,0.0,1.0,44.52,0.4452,18,0,0,0.0617,0,0.4695,13.185357,80.276179,31.0,365.0,5.166666666666667,-0.8065
WIN-1321,2025-01-12,11,NIGHT_00_06,3,6,1,water,DEPT_WATER,0,0,0.0,1.0,9.33,0.0933,4,0,0,0.0,0,0.0,13.10941,80.234363,13.0,216.0,2.1666666666666665,-1.0
WIN-1325,2025-01-12,11,NIGHT_00_06,3,6,1,streetlights,DEPT_ELECTRICITY,2,1,0.5,2.0,10.73,0.1073,4,0,1,0.0448,1,0.5563,13.141056,80.218719,25.0,243.0,4.166666666666667,-0.52
WIN-1329,2025-01-12,11,NIGHT_00_06,3,6,1,infrastructure,DEPT_WORKS,3,2,0.3333,1.5,15.56,0.1556,6,0,1,0.0703,2,0.5083,13.090252,80.238684,15.0,180.0,2.5,0.2
WIN-1333,2025-01-12,11,NIGHT_00_06,3,6,1,other,DEPT_GENERAL,2,1,0.5,2.0,33.94,0.3394,14,0,1,0.0431,0,0.1754,13.075517,80.262446,11.0,152.0,1.8333333333333333,0.0909
WIN-1310,2025-01-12,11,MORNING_06_12,9,6,1,roads,DEPT_ROADS,9,3,0.6667,3.0,10.6,0.106,4,1,3,0.0609,4,0.4713,13.13729,80.375279,40.0,464.0,6.666666666666667,0.35
WIN-1314,2025-01-12,11,MORNING_06_12,9,6,1,drainage,DEPT_DRAINAGE,10,4,0.6,2.5,28.2,0.282,11,1,5,0.094,3,0.3472,13.102346,80.278974,34.0,302.0,5.666666666666667,0.7647
WIN-1318,2025-01-12,11,MORNING_06_12,9,6,1,garbage,DEPT_SANITATION,16,12,0.25,1.33,9.2,0.092,4,0,2,0.0103,10,0.6322,13.168066,80.232159,41.0,371.0,6.833333333333333,1.3415
WIN-1322,2025-01-12,11,MORNING_06_12,9,6,1,water,DEPT_WATER,5,3,0.4,1.67,10.41,0.1041,4,0,1,0.0367,3,0.5097,13.05533,80.220508,14.0,212.0,2.3333333333333335,1.1429
WIN-1326,2025-01-12,11,MORNING_06_12,9,6,1,streetlights,DEPT_ELECTRICITY,4,2,0.5,2.0,42.71,0.4271,17,0,2,0.033,0,0.1048,13.131395,80.212597,23.0,242.0,3.8333333333333335,0.0435
WIN-1330,2025-01-12,11,MORNING_06_12,9,6,1,infrastructure,DEPT_WORKS,5,4,0.2,1.25,16.12,0.1612,6,1,1,0.109,1,0.2943,13.127735,80.240989,16.0,180.0,2.6666666666666665,0.875
WIN-1334,2025-01-12,11,MORNING_06_12,9,6,1,other,DEPT_GENERAL,5,3,0.4,1.67,47.68,0.4768,19,0,2,0.0544,1,0.1217,13.116861,80.180291,13.0,152.0,2.1666666666666665,1.3077
WIN-1311,2025-01-12,11,AFTERNOON_12_18,15,6,1,roads,DEPT_ROADS,7,3,0.5714,2.33,24.91,0.2491,10,0,4,0.0126,4,0.5772,13.114906,80.274799,46.0,468.0,7.666666666666667,-0.087
WIN-1315,2025-01-12,11,AFTERNOON_12_18,15,6,1,drainage,DEPT_DRAINAGE,5,2,0.6,2.5,42.09,0.4209,17,1,3,0.1544,1,0.1889,13.071992,80.312558,37.0,306.0,6.166666666666667,-0.1892
WIN-1319,2025-01-12,11,AFTERNOON_12_18,15,6,1,garbage,DEPT_SANITATION,7,3,0.5714,2.33,18.03,0.1803,7,0,2,0.0626,3,0.3956,13.025533,80.275074,47.0,375.0,7.833333333333333,-0.1064
WIN-1323,2025-01-12,11,AFTERNOON_12_18,15,6,1,water,DEPT_WATER,2,1,0.5,2.0,38.6,0.386,15,0,0,0.0029,1,0.4894,13.125958,80.232049,15.0,211.0,2.5,-0.2
WIN-1327,2025-01-12,11,AFTERNOON_12_18,15,6,1,streetlights,DEPT_ELECTRICITY,2,1,0.5,2.0,55.99,0.5599,22,0,1,0.0392,1,0.5094,13.108738,80.25431,25.0,243.0,4.166666666666667,-0.52
WIN-1331,2025-01-12,11,AFTERNOON_12_18,15,6,1,infrastructure,DEPT_WORKS,5,2,0.6,2.5,28.08,0.2808,11,0,1,0.0375,2,0.436,13.089003,80.309599,20.0,180.0,3.3333333333333335,0.5
WIN-1335,2025-01-12,11,AFTERNOON_12_18,15,6,1,other,DEPT_GENERAL,2,1,0.5,2.0,33.0,0.33,13,0,0,0.1001,0,0.2122,13.104633,80.312826,15.0,153.0,2.5,-0.2
WIN-1312,2025-01-12,11,EVENING_18_24,21,6,1,roads,DEPT_ROADS,7,3,0.5714,2.33,13.33,0.1333,5,0,0,0.0072,1,0.1711,13.12127,80.256096,35.0,455.0,5.833333333333333,0.2
WIN-1316,2025-01-12,11,EVENING_18_24,21,6,1,drainage,DEPT_DRAINAGE,6,3,0.5,2.0,43.73,0.4373,17,1,1,0.1741,2,0.3275,13.080524,80.249965,35.0,296.0,5.833333333333333,0.0286
WIN-1320,2025-01-12,11,EVENING_18_24,21,6,1,garbage,DEPT_SANITATION,0,0,0.0,1.0,34.73,0.3473,14,0,0,0.0,0,0.0,13.091705,80.234134,38.0,364.0,6.333333333333333,-1.0
WIN-1324,2025-01-12,11,EVENING_18_24,21,6,1,water,DEPT_WATER,1,1,0.0,1.0,10.8,0.108,4,0,0,0.0023,0,0.0354,13.064519,80.356255,15.0,204.0,2.5,-0.6
WIN-1328,2025-01-12,11,EVENING_18_24,21,6,1,streetlights,DEPT_ELECTRICITY,4,1,0.75,4.0,34.55,0.3455,14,1,0,0.1638,0,0.0681,13.029488,80.240455,21.0,239.0,3.5,0.1429
WIN-1332,2025-01-12,11,EVENING_18_24,21,6,1,infrastructure,DEPT_WORKS,3,2,0.3333,1.5,15.57,0.1557,6,0,1,0.1348,2,0.6774,13.059057,80.244858,20.0,172.0,3.3333333333333335,-0.1
WIN-1336,2025-01-12,11,EVENING_18_24,21,6,1,other,DEPT_GENERAL,3,2,0.3333,1.5,48.87,0.4887,20,0,0,0.0693,2,0.5319,13.156815,80.219076,15.0,151.0,2.5,0.2
WIN-1337,2025-01-13,12,NIGHT_00_06,3,0,0,roads,DEPT_ROADS,3,2,0.3333,1.5,39.48,0.3948,16,1,1,0.2999,0,0.1178,13.051266,80.139793,33.0,440.0,5.5,-0.4545
WIN-1341,2025-01-13,12,NIGHT_00_06,3,0,0,drainage,DEPT_DRAINAGE,2,1,0.5,2.0,33.58,0.3358,13,0,1,0.1415,1,0.3087,13.069798,80.273166,31.0,286.0,5.166666666666667,-0.6129
WIN-1345,2025-01-13,12,NIGHT_00_06,3,0,0,garbage,DEPT_SANITATION,6,3,0.5,2.0,38.92,0.3892,16,1,2,0.1805,0,0.0506,13.068305,80.282952,38.0,355.0,6.333333333333333,-0.0526
WIN-1349,2025-01-13,12,NIGHT_00_06,3,0,0,water,DEPT_WATER,0,0,0.0,1.0,21.2,0.212,8,0,0,0.0,0,0.0,13.063019,80.237134,12.0,194.0,2.0,-1.0
WIN-1353,2025-01-13,12,NIGHT_00_06,3,0,0,streetlights,DEPT_ELECTRICITY,1,1,0.0,1.0,19.13,0.1913,8,0,0,0.0732,0,0.1677,13.084728,80.253564,17.0,233.0,2.8333333333333335,-0.6471
WIN-1357,2025-01-13,12,NIGHT_00_06,3,0,0,infrastructure,DEPT_WORKS,2,1,0.5,2.0,29.83,0.2983,12,0,0,0.1076,0,0.0439,13.060005,80.297579,20.0,167.0,3.3333333333333335,-0.4
WIN-1361,2025-01-13,12,NIGHT_00_06,3,0,0,other,DEPT_GENERAL,1,1,0.0,1.0,51.71,0.5171,21,0,0,0.0619,0,0.0412,13.110251,80.234026,15.0,150.0,2.5,-0.6
WIN-1338,2025-01-13,12,MORNING_06_12,9,0,0,roads,DEPT_ROADS,18,14,0.2222,1.29,9.05,0.0905,4,6,3,0.3156,0,0.0256,13.060715,80.240929,45.0,448.0,7.5,1.4
WIN-1342,2025-01-13,12,MORNING_06_12,9,0,0,drainage,DEPT_DRAINAGE,16,11,0.3125,1.45,19.42,0.1942,8,1,6,0.0934,4,0.237,13.012024,80.252269,43.0,297.0,7.166666666666667,1.2326
WIN-1346,2025-01-13,12,MORNING_06_12,9,0,0,garbage,DEPT_SANITATION,12,6,0.5,2.0,12.78,0.1278,5,0,3,0.0167,0,0.0265,13.108785,80.136916,42.0,357.0,7.0,0.7143
WIN-1350,2025-01-13,12,MORNING_06_12,9,0,0,water,DEPT_WATER,8,6,0.25,1.33,47.78,0.4778,19,1,4,0.1473,0,0.0166,13.136941,80.243446,16.0,195.0,2.6666666666666665,2.0
WIN-1354,2025-01-13,12,MORNING_06_12,9,0,0,streetlights,DEPT_ELECTRICITY,13,8,0.3846,1.62,43.21,0.4321,17,3,9,0.243,6,0.4763,13.030458,80.359896,26.0,242.0,4.333333333333333,2.0
WIN-1358,2025-01-13,12,MORNING_06_12,9,0,0,infrastructure,DEPT_WORKS,10,4,0.6,2.5,38.93,0.3893,16,2,8,0.1603,5,0.4959,13.008643,80.419653,28.0,168.0,4.666666666666667,1.1429
WIN-1362,2025-01-13,12,MORNING_06_12,9,0,0,other,DEPT_GENERAL,5,4,0.2,1.25,35.8,0.358,14,0,4,0.0051,0,0.0272,13.062125,80.297772,18.0,149.0,3.0,0.6667
WIN-1339,2025-01-13,12,AFTERNOON_12_18,15,0,0,roads,DEPT_ROADS,24,13,0.4583,1.85,15.88,0.1588,6,1,2,0.0404,4,0.1696,13.040214,80.246551,68.0,467.0,11.333333333333334,1.1176
WIN-1343,2025-01-13,12,AFTERNOON_12_18,15,0,0,drainage,DEPT_DRAINAGE,12,6,0.5,2.0,38.44,0.3844,15,2,5,0.1729,2,0.1981,13.123715,80.244254,51.0,307.0,8.5,0.4118
WIN-1347,2025-01-13,12,AFTERNOON_12_18,15,0,0,garbage,DEPT_SANITATION,9,4,0.5556,2.25,45.95,0.4595,18,1,1,0.0988,1,0.1066,13.121074,80.270614,50.0,362.0,8.333333333333334,0.08
WIN-1351,2025-01-13,12,AFTERNOON_12_18,15,0,0,water,DEPT_WATER,13,8,0.3846,1.62,61.72,0.6172,25,0,2,0.0337,4,0.2762,13.121547,80.192019,29.0,207.0,4.833333333333333,1.6897
WIN-1355,2025-01-13,12,AFTERNOON_12_18,15,0,0,streetlights,DEPT_ELECTRICITY,12,5,0.5833,2.4,6.98,0.0698,3,0,3,0.0339,1,0.0812,13.069473,80.288988,36.0,252.0,6.0,1.0
WIN-1359,2025-01-13,12,AFTERNOON_12_18,15,0,0,infrastructure,DEPT_WORKS,7,5,0.2857,1.4,33.45,0.3345,13,1,3,0.1043,0,0.0648,13.076667,80.364254,32.0,174.0,5.333333333333333,0.3125
WIN-1363,2025-01-13,12,AFTERNOON_12_18,15,0,0,other,DEPT_GENERAL,3,1,0.6667,3.0,40.16,0.4016,16,1,0,0.1842,2,0.5341,13.048373,80.328869,19.0,150.0,3.1666666666666665,-0.0526
WIN-1340,2025-01-13,12,EVENING_18_24,21,0,0,roads,DEPT_ROADS,10,5,0.5,2.0,17.52,0.1752,7,0,0,0.0215,6,0.6229,13.14875,80.361744,69.0,456.0,11.5,-0.1304
WIN-1344,2025-01-13,12,EVENING_18_24,21,0,0,drainage,DEPT_DRAINAGE,5,2,0.6,2.5,14.66,0.1466,6,1,2,0.2282,1,0.1971,13.067556,80.338005,46.0,301.0,7.666666666666667,-0.3478
WIN-1348,2025-01-13,12,EVENING_18_24,21,0,0,garbage,DEPT_SANITATION,4,3,0.25,1.33,1.84,0.0184,1,0,1,0.079,2,0.4947,13.045354,80.251031,38.0,349.0,6.333333333333333,-0.3684
WIN-1352,2025-01-13,12,EVENING_18_24,21,0,0,water,DEPT_WATER,5,2,0.6,2.5,41.96,0.4196,17,0,2,0.0627,1,0.2292,13.132553,80.327068,29.0,205.0,4.833333333333333,0.0345
WIN-1356,2025-01-13,12,EVENING_18_24,21,0,0,streetlights,DEPT_ELECTRICITY,7,4,0.4286,1.75,26.27,0.2627,11,0,2,0.0273,3,0.4683,13.123803,80.259933,39.0,244.0,6.5,0.0769
WIN-1360,2025-01-13,12,EVENING_18_24,21,0,0,infrastructure,DEPT_WORKS,1,1,0.0,1.0,13.99,0.1399,6,0,0,0.0859,1,0.5704,13.125209,80.301763,28.0,172.0,4.666666666666667,-0.7857
WIN-1364,2025-01-13,12,EVENING_18_24,21,0,0,other,DEPT_GENERAL,4,2,0.5,2.0,52.6,0.526,21,1,3,0.2619,1,0.3313,12.997902,80.314648,18.0,145.0,3.0,0.3333
WIN-1365,2025-01-14,13,NIGHT_00_06,3,1,0,roads,DEPT_ROADS,2,1,0.5,2.0,24.03,0.2403,10,0,0,0.1347,0,0.0103,13.016119,80.197451,64.0,434.0,10.666666666666666,-0.8125
WIN-1369,2025-01-14,13,NIGHT_00_06,3,1,0,drainage,DEPT_DRAINAGE,6,3,0.5,2.0,22.13,0.2213,9,1,1,0.1798,1,0.1273,13.088074,80.249159,47.0,295.0,7.833333333333333,-0.234
WIN-1373,2025-01-14,13,NIGHT_00_06,3,1,0,garbage,DEPT_SANITATION,2,1,0.5,2.0,1.62,0.0162,1,0,1,0.1078,0,0.0751,13.07151,80.259699,33.0,338.0,5.5,-0.6364
WIN-1377,2025-01-14,13,NIGHT_00_06,3,1,0,water,DEPT_WATER,2,2,0.0,1.0,24.39,0.2439,10,0,0,0.0234,0,0.0861,13.103431,80.286422,29.0,198.0,4.833333333333333,-0.5862
WIN-1381,2025-01-14,13,NIGHT_00_06,3,1,0,streetlights,DEPT_ELECTRICITY,3,1,0.6667,3.0,34.84,0.3484,14,0,0,0.1074,0,0.0228,13.126347,80.39201,40.0,242.0,6.666666666666667,-0.55
WIN-1385,2025-01-14,13,NIGHT_00_06,3,1,0,infrastructure,DEPT_WORKS,1,1,0.0,1.0,44.88,0.4488,18,0,0,0.0144,0,0.1281,13.155204,80.207188,24.0,164.0,4.0,-0.75
WIN-1389,2025-01-14,13,NIGHT_00_06,3,1,0,other,DEPT_GENERAL,0,0,0.0,1.0,7.51,0.0751,3,0,0,0.0,0,0.0,13.066373,80.212154,16.0,141.0,2.6666666666666665,-1.0
WIN-1366,2025-01-14,13,MORNING_06_12,9,1,0,roads,DEPT_ROADS,17,7,0.5882,2.43,6.71,0.0671,3,0,3,0.0063,3,0.1767,13.109574,80.246715,74.0,435.0,12.333333333333334,0.3784
WIN-1370,2025-01-14,13,MORNING_06_12,9,1,0,drainage,DEPT_DRAINAGE,17,8,0.5294,2.12,9.62,0.0962,4,1,4,0.0759,1,0.073,12.968411,80.23157,58.0,305.0,9.666666666666666,0.7586
WIN-1374,2025-01-14,13,MORNING_06_12,9,1,0,garbage,DEPT_SANITATION,10,8,0.2,1.25,19.63,0.1963,8,1,7,0.052,1,0.1076,13.17036,80.252442,43.0,338.0,7.166666666666667,0.3953
WIN-1378,2025-01-14,13,MORNING_06_12,9,1,0,water,DEPT_WATER,7,3,0.5714,2.33,45.75,0.4575,18,0,4,0.0408,2,0.2283,13.00874,80.277777,35.0,200.0,5.833333333333333,0.2
WIN-1382,2025-01-14,13,MORNING_06_12,9,1,0,streetlights,DEPT_ELECTRICITY,16,6,0.625,2.67,56.51,0.5651,23,3,3,0.1646,2,0.0993,13.136461,80.323064,52.0,253.0,8.666666666666666,0.8462
WIN-1386,2025-01-14,13,MORNING_06_12,9,1,0,infrastructure,DEPT_WORKS,9,4,0.5556,2.25,34.26,0.3426,14,0,0,0.0498,3,0.2841,13.111322,80.290552,30.0,171.0,5.0,0.8
WIN-1390,2025-01-14,13,MORNING_06_12,9,1,0,other,DEPT_GENERAL,5,2,0.6,2.5,35.5,0.355,14,0,4,0.022,1,0.13,13.071227,80.329118,18.0,143.0,3.0,0.6667
WIN-1367,2025-01-14,13,AFTERNOON_12_18,15,1,0,roads,DEPT_ROADS,19,14,0.2632,1.36,24.84,0.2484,10,2,4,0.1067,1,0.0444,13.125334,80.256856,90.0,454.0,15.0,0.2667
WIN-1371,2025-01-14,13,AFTERNOON_12_18,15,1,0,drainage,DEPT_DRAINAGE,9,4,0.5556,2.25,5.14,0.0514,2,1,1,0.1516,1,0.1017,13.0842,80.257809,65.0,310.0,10.833333333333334,-0.1692
WIN-1375,2025-01-14,13,AFTERNOON_12_18,15,1,0,garbage,DEPT_SANITATION,8,3,0.625,2.67,22.56,0.2256,9,0,2,0.0442,1,0.098,13.118908,80.18204,45.0,344.0,7.5,0.0667
WIN-1379,2025-01-14,13,AFTERNOON_12_18,15,1,0,water,DEPT_WATER,12,7,0.4167,1.71,39.53,0.3953,16,2,1,0.1897,2,0.208,13.167077,80.333798,47.0,212.0,7.833333333333333,0.5319
WIN-1383,2025-01-14,13,AFTERNOON_12_18,15,1,0,streetlights,DEPT_ELECTRICITY,8,5,0.375,1.6,10.71,0.1071,4,1,1,0.1696,0,0.0483,13.060187,80.2329,59.0,261.0,9.833333333333334,-0.1864
WIN-1387,2025-01-14,13,AFTERNOON_12_18,15,1,0,infrastructure,DEPT_WORKS,6,2,0.6667,3.0,19.35,0.1935,8,1,1,0.0964,1,0.1818,13.051193,80.299402,34.0,177.0,5.666666666666667,0.0588
WIN-1391,2025-01-14,13,AFTERNOON_12_18,15,1,0,other,DEPT_GENERAL,6,3,0.5,2.0,12.09,0.1209,5,0,2,0.0726,1,0.2274,13.099702,80.255986,23.0,148.0,3.8333333333333335,0.5652
WIN-1368,2025-01-14,13,EVENING_18_24,21,1,0,roads,DEPT_ROADS,10,5,0.5,2.0,16.93,0.1693,7,1,1,0.1349,3,0.2667,13.045137,80.277647,82.0,452.0,13.666666666666666,-0.2683
WIN-1372,2025-01-14,13,EVENING_18_24,21,1,0,drainage,DEPT_DRAINAGE,7,5,0.2857,1.4,76.36,0.7636,31,1,1,0.083,4,0.5373,13.109449,80.255252,56.0,304.0,9.333333333333334,-0.25
WIN-1376,2025-01-14,13,EVENING_18_24,21,1,0,garbage,DEPT_SANITATION,11,5,0.5455,2.2,26.67,0.2667,11,0,5,0.0434,2,0.2049,13.14078,80.284312,44.0,345.0,7.333333333333333,0.5
WIN-1380,2025-01-14,13,EVENING_18_24,21,1,0,water,DEPT_WATER,7,3,0.5714,2.33,38.27,0.3827,15,0,2,0.0377,3,0.4684,13.118658,80.361689,46.0,212.0,7.666666666666667,-0.087
WIN-1384,2025-01-14,13,EVENING_18_24,21,1,0,streetlights,DEPT_ELECTRICITY,7,6,0.1429,1.17,31.7,0.317,13,0,4,0.0101,1,0.138,13.09479,80.28577,53.0,258.0,8.833333333333334,-0.2075
WIN-1388,2025-01-14,13,EVENING_18_24,21,1,0,infrastructure,DEPT_WORKS,2,1,0.5,2.0,8.45,0.0845,3,0,0,0.0012,0,0.1069,13.037867,80.11914,26.0,172.0,4.333333333333333,-0.5385
WIN-1392,2025-01-14,13,EVENING_18_24,21,1,0,other,DEPT_GENERAL,4,2,0.5,2.0,47.57,0.4757,19,2,1,0.4462,2,0.4352,13.067096,80.312047,22.0,148.0,3.6666666666666665,0.0909
WIN-1393,2025-01-15,14,NIGHT_00_06,3,2,0,roads,DEPT_ROADS,3,2,0.3333,1.5,7.41,0.0741,3,0,0,0.1275,1,0.3471,13.008028,80.308371,61.0,439.0,10.166666666666666,-0.7049
WIN-1397,2025-01-15,14,NIGHT_00_06,3,2,0,drainage,DEPT_DRAINAGE,4,3,0.25,1.33,29.18,0.2918,12,1,0,0.1348,1,0.327,13.101625,80.24123,48.0,305.0,8.0,-0.5
WIN-1401,2025-01-15,14,NIGHT_00_06,3,2,0,garbage,DEPT_SANITATION,4,2,0.5,2.0,19.48,0.1948,8,0,1,0.0428,0,0.0174,12.99128,80.271359,39.0,343.0,6.5,-0.3846
WIN-1405,2025-01-15,14,NIGHT_00_06,3,2,0,water,DEPT_WATER,0,0,0.0,1.0,19.34,0.1934,8,0,0,0.0,0,0.0,13.046218,80.305886,33.0,205.0,5.5,-1.0
WIN-1409,2025-01-15,14,NIGHT_00_06,3,2,0,streetlights,DEPT_ELECTRICITY,2,1,0.5,2.0,21.13,0.2113,8,0,0,0.0982,0,0.1953,13.066709,80.243239,43.0,256.0,7.166666666666667,-0.7209
WIN-1413,2025-01-15,14,NIGHT_00_06,3,2,0,infrastructure,DEPT_WORKS,1,1,0.0,1.0,31.4,0.314,13,0,0,0.1267,0,0.1653,13.016696,80.258762,20.0,171.0,3.3333333333333335,-0.7
WIN-1417,2025-01-15,14,NIGHT_00_06,3,2,0,other,DEPT_GENERAL,0,0,0.0,1.0,12.01,0.1201,5,0,0,0.0,0,0.0,13.138507,80.319491,19.0,146.0,3.1666666666666665,-1.0
WIN-1394,2025-01-15,14,MORNING_06_12,9,2,0,roads,DEPT_ROADS,18,13,0.2778,1.38,36.4,0.364,15,2,5,0.1066,8,0.4312,13.116202,80.301248,69.0,448.0,11.5,0.5652
WIN-1398,2025-01-15,14,MORNING_06_12,9,2,0,drainage,DEPT_DRAINAGE,12,7,0.4167,1.71,3.08,0.0308,1,0,3,0.0032,0,0.0313,13.030739,80.311599,55.0,310.0,9.166666666666666,0.3091
WIN-1402,2025-01-15,14,MORNING_06_12,9,2,0,garbage,DEPT_SANITATION,13,10,0.2308,1.3,14.27,0.1427,6,0,6,0.0276,1,0.0891,13.140157,80.308689,48.0,348.0,8.0,0.625
WIN-1406,2025-01-15,14,MORNING_06_12,9,2,0,water,DEPT_WATER,8,3,0.625,2.67,47.72,0.4772,19,2,3,0.2738,1,0.0941,13.154608,80.193386,36.0,212.0,6.0,0.3333
WIN-1410,2025-01-15,14,MORNING_06_12,9,2,0,streetlights,DEPT_ELECTRICITY,10,7,0.3,1.43,8.68,0.0868,3,1,4,0.0893,3,0.3297,13.10784,80.248265,46.0,265.0,7.666666666666667,0.3043
WIN-1414,2025-01-15,14,MORNING_06_12,9,2,0,infrastructure,DEPT_WORKS,12,5,0.5833,2.4,5.51,0.0551,2,0,6,0.0179,2,0.1252,13.08698,80.256781,31.0,182.0,5.166666666666667,1.3226
WIN-1418,2025-01-15,14,MORNING_06_12,9,2,0,other,DEPT_GENERAL,8,3,0.625,2.67,13.94,0.1394,6,0,1,0.0033,0,0.0499,13.029536,80.25046,23.0,153.0,3.8333333333333335,1.087
WIN-1395,2025-01-15,14,AFTERNOON_12_18,15,2,0,roads,DEPT_ROADS,19,10,0.4737,1.9,30.46,0.3046,12,1,7,0.0544,1,0.0621,13.017571,80.233897,86.0,465.0,14.333333333333334,0.3256
WIN-1399,2025-01-15,14,AFTERNOON_12_18,15,2,0,drainage,DEPT_DRAINAGE,16,6,0.625,2.67,25.5,0.255,10,1,7,0.0354,6,0.3694,13.028456,80.252522,65.0,324.0,10.833333333333334,0.4769
WIN-1403,2025-01-15,14,AFTERNOON_12_18,15,2,0,garbage,DEPT_SANITATION,13,5,0.6154,2.6,10.43,0.1043,4,0,1,0.0194,4,0.3351,13.045576,80.195707,59.0,361.0,9.833333333333334,0.322
WIN-1407,2025-01-15,14,AFTERNOON_12_18,15,2,0,water,DEPT_WATER,8,5,0.375,1.6,40.64,0.4064,16,1,1,0.0736,3,0.3532,13.123201,80.234457,42.0,217.0,7.0,0.1429
WIN-1411,2025-01-15,14,AFTERNOON_12_18,15,2,0,streetlights,DEPT_ELECTRICITY,8,4,0.5,2.0,22.96,0.2296,9,2,3,0.1892,2,0.1916,13.057708,80.350348,51.0,273.0,8.5,-0.0588
WIN-1415,2025-01-15,14,AFTERNOON_12_18,15,2,0,infrastructure,DEPT_WORKS,7,6,0.1429,1.17,22.85,0.2285,9,0,2,0.0049,2,0.3193,13.097662,80.307822,37.0,189.0,6.166666666666667,0.1351
WIN-1419,2025-01-15,14,AFTERNOON_12_18,15,2,0,other,DEPT_GENERAL,7,3,0.5714,2.33,42.57,0.4257,17,0,1,0.0457,1,0.1325,13.065096,80.293659,30.0,159.0,5.0,0.4
WIN-1396,2025-01-15,14,EVENING_18_24,21,2,0,roads,DEPT_ROADS,7,4,0.4286,1.75,16.41,0.1641,7,1,4,0.1271,3,0.4069,13.140407,80.194419,76.0,463.0,12.666666666666666,-0.4474
WIN-1400,2025-01-15,14,EVENING_18_24,21,2,0,drainage,DEPT_DRAINAGE,6,3,0.5,2.0,30.13,0.3013,12,0,1,0.0111,3,0.4885,13.046107,80.303064,54.0,325.0,9.0,-0.3333
WIN-1404,2025-01-15,14,EVENING_18_24,21,2,0,garbage,DEPT_SANITATION,11,8,0.2727,1.38,28.1,0.281,11,1,7,0.094,3,0.2939,13.049848,80.320428,60.0,363.0,10.0,0.1
WIN-1408,2025-01-15,14,EVENING_18_24,21,2,0,water,DEPT_WATER,9,5,0.4444,1.8,15.0,0.15,6,1,2,0.0942,2,0.2765,13.031757,80.326009,44.0,223.0,7.333333333333333,0.2273
WIN-1412,2025-01-15,14,EVENING_18_24,21,2,0,streetlights,DEPT_ELECTRICITY,7,4,0.4286,1.75,56.23,0.5623,22,1,0,0.1426,4,0.5925,13.031232,80.349457,42.0,274.0,7.0,0.0
WIN-1416,2025-01-15,14,EVENING_18_24,21,2,0,infrastructure,DEPT_WORKS,4,1,0.75,4.0,24.95,0.2495,10,0,3,0.1184,3,0.8731,13.097101,80.27513,32.0,189.0,5.333333333333333,-0.25
WIN-1420,2025-01-15,14,EVENING_18_24,21,2,0,other,DEPT_GENERAL,3,1,0.6667,3.0,17.7,0.177,7,0,1,0.0087,1,0.3684,13.146593,80.299224,28.0,158.0,4.666666666666667,-0.3571
WIN-1421,2025-01-16,15,NIGHT_00_06,3,3,0,roads,DEPT_ROADS,6,5,0.1667,1.2,12.98,0.1298,5,1,2,0.2197,1,0.0942,12.925774,80.263851,63.0,465.0,10.5,-0.4286
WIN-1425,2025-01-16,15,NIGHT_00_06,3,3,0,drainage,DEPT_DRAINAGE,2,1,0.5,2.0,59.38,0.5938,24,1,1,0.3292,0,0.0727,13.140829,80.268856,47.0,321.0,7.833333333333333,-0.7447
WIN-1429,2025-01-16,15,NIGHT_00_06,3,3,0,garbage,DEPT_SANITATION,3,1,0.6667,3.0,40.87,0.4087,16,1,2,0.2708,1,0.2979,13.07702,80.230291,55.0,358.0,9.166666666666666,-0.6727
WIN-1433,2025-01-16,15,NIGHT_00_06,3,3,0,water,DEPT_WATER,1,1,0.0,1.0,4.74,0.0474,2,0,1,0.2495,0,0.004,13.251569,80.304525,33.0,222.0,5.5,-0.8182
WIN-1437,2025-01-16,15,NIGHT_00_06,3,3,0,streetlights,DEPT_ELECTRICITY,1,1,0.0,1.0,46.13,0.4613,18,0,0,0.0857,0,0.1184,13.058054,80.342865,35.0,266.0,5.833333333333333,-0.8286
WIN-1441,2025-01-16,15,NIGHT_00_06,3,3,0,infrastructure,DEPT_WORKS,2,1,0.5,2.0,33.56,0.3356,13,0,0,0.1322,0,0.2334,13.113966,80.262236,28.0,188.0,4.666666666666667,-0.5714
WIN-1445,2025-01-16,15,NIGHT_00_06,3,3,0,other,DEPT_GENERAL,1,1,0.0,1.0,22.01,0.2201,9,0,0,0.0575,0,0.1825,13.10394,80.299257,23.0,155.0,3.8333333333333335,-0.7391
WIN-1422,2025-01-16,15,MORNING_06_12,9,3,0,roads,DEPT_ROADS,20,10,0.5,2.0,20.56,0.2056,8,1,12,0.0435,4,0.1885,13.079645,80.274175,73.0,478.0,12.166666666666666,0.6438
WIN-1426,2025-01-16,15,MORNING_06_12,9,3,0,drainage,DEPT_DRAINAGE,12,6,0.5,2.0,15.7,0.157,6,3,5,0.2533,1,0.0665,13.072929,80.226257,52.0,327.0,8.666666666666666,0.3846
WIN-1430,2025-01-16,15,MORNING_06_12,9,3,0,garbage,DEPT_SANITATION,17,6,0.6471,2.83,15.14,0.1514,6,2,7,0.1237,11,0.6624,13.081358,80.29857,61.0,371.0,10.166666666666666,0.6721
WIN-1434,2025-01-16,15,MORNING_06_12,9,3,0,water,DEPT_WATER,7,4,0.4286,1.75,50.67,0.5067,20,2,2,0.2198,1,0.0744,13.134487,80.30811,33.0,224.0,5.5,0.2727
WIN-1438,2025-01-16,15,MORNING_06_12,9,3,0,streetlights,DEPT_ELECTRICITY,11,5,0.5455,2.2,5.72,0.0572,2,0,3,0.0122,2,0.1992,13.076958,80.322269,39.0,273.0,6.5,0.6923
WIN-1442,2025-01-16,15,MORNING_06_12,9,3,0,infrastructure,DEPT_WORKS,8,6,0.25,1.33,16.13,0.1613,6,0,3,0.0249,1,0.1081,12.993728,80.24405,34.0,196.0,5.666666666666667,0.4118
WIN-1446,2025-01-16,15,MORNING_06_12,9,3,0,other,DEPT_GENERAL,5,2,0.6,2.5,33.48,0.3348,13,0,0,0.0763,0,0.0007,13.040791,80.313309,24.0,153.0,4.0,0.25
WIN-1423,2025-01-16,15,AFTERNOON_12_18,15,3,0,roads,DEPT_ROADS,11,7,0.3636,1.57,32.87,0.3287,13,1,1,0.1049,0,0.0067,13.091851,80.221124,81.0,486.0,13.5,-0.1852
WIN-1427,2025-01-16,15,AFTERNOON_12_18,15,3,0,drainage,DEPT_DRAINAGE,12,6,0.5,2.0,16.22,0.1622,6,5,3,0.4416,2,0.1763,13.035375,80.284666,60.0,336.0,10.0,0.2
WIN-1431,2025-01-16,15,AFTERNOON_12_18,15,3,0,garbage,DEPT_SANITATION,19,13,0.3158,1.46,34.85,0.3485,14,1,3,0.0682,2,0.1314,13.042626,80.247044,76.0,388.0,12.666666666666666,0.5
WIN-1435,2025-01-16,15,AFTERNOON_12_18,15,3,0,water,DEPT_WATER,3,1,0.6667,3.0,5.1,0.051,2,0,1,0.0304,0,0.005,13.039486,80.327481,36.0,223.0,6.0,-0.5
WIN-1439,2025-01-16,15,AFTERNOON_12_18,15,3,0,streetlights,DEPT_ELECTRICITY,13,10,0.2308,1.3,36.27,0.3627,15,1,5,0.1028,2,0.1453,13.038178,80.30153,50.0,286.0,8.333333333333334,0.56
WIN-1443,2025-01-16,15,AFTERNOON_12_18,15,3,0,infrastructure,DEPT_WORKS,5,2,0.6,2.5,31.28,0.3128,13,1,2,0.1029,1,0.1663,13.089855,80.220785,38.0,199.0,6.333333333333333,-0.2105
WIN-1447,2025-01-16,15,AFTERNOON_12_18,15,3,0,other,DEPT_GENERAL,4,2,0.5,2.0,32.81,0.3281,13,0,1,0.0123,0,0.012,13.060412,80.257867,28.0,157.0,4.666666666666667,-0.1429
WIN-1424,2025-01-16,15,EVENING_18_24,21,3,0,roads,DEPT_ROADS,12,6,0.5,2.0,37.14,0.3714,15,0,3,0.0374,2,0.1925,13.13951,80.342665,75.0,477.0,12.5,-0.04
WIN-1428,2025-01-16,15,EVENING_18_24,21,3,0,drainage,DEPT_DRAINAGE,8,3,0.625,2.67,42.27,0.4227,17,0,3,0.0033,2,0.3019,13.038702,80.296287,56.0,333.0,9.333333333333334,-0.1429
WIN-1432,2025-01-16,15,EVENING_18_24,21,3,0,garbage,DEPT_SANITATION,10,5,0.5,2.0,17.73,0.1773,7,1,1,0.0804,2,0.246,13.127455,80.267621,73.0,377.0,12.166666666666666,-0.1781
WIN-1436,2025-01-16,15,EVENING_18_24,21,3,0,water,DEPT_WATER,6,3,0.5,2.0,37.27,0.3727,15,0,1,0.068,2,0.3226,13.156089,80.312275,34.0,219.0,5.666666666666667,0.0588
WIN-1440,2025-01-16,15,EVENING_18_24,21,3,0,streetlights,DEPT_ELECTRICITY,9,5,0.4444,1.8,8.4,0.084,3,0,1,0.0184,3,0.296,13.088871,80.197789,49.0,286.0,8.166666666666666,0.102
WIN-1444,2025-01-16,15,EVENING_18_24,21,3,0,infrastructure,DEPT_WORKS,4,2,0.5,2.0,52.26,0.5226,21,1,2,0.2841,0,0.1095,13.152775,80.30318,30.0,197.0,5.0,-0.2
WIN-1448,2025-01-16,15,EVENING_18_24,21,3,0,other,DEPT_GENERAL,5,2,0.6,2.5,13.52,0.1352,5,0,1,0.0268,1,0.1667,13.086764,80.329642,25.0,155.0,4.166666666666667,0.2
WIN-1449,2025-01-17,16,NIGHT_00_06,3,4,0,roads,DEPT_ROADS,2,1,0.5,2.0,34.29,0.3429,14,0,1,0.0847,0,0.1562,12.964976,80.271613,58.0,467.0,9.666666666666666,-0.7931
WIN-1453,2025-01-17,16,NIGHT_00_06,3,4,0,drainage,DEPT_DRAINAGE,2,1,0.5,2.0,14.45,0.1445,6,0,0,0.1526,0,0.0207,13.140024,80.213868,42.0,323.0,7.0,-0.7143
WIN-1457,2025-01-17,16,NIGHT_00_06,3,4,0,garbage,DEPT_SANITATION,0,0,0.0,1.0,19.02,0.1902,8,0,0,0.0,0,0.0,13.077509,80.211677,60.0,364.0,10.0,-1.0
WIN-1461,2025-01-17,16,NIGHT_00_06,3,4,0,water,DEPT_WATER,5,2,0.6,2.5,11.88,0.1188,5,1,2,0.2236,0,0.0365,13.024467,80.24595,31.0,219.0,5.166666666666667,-0.0323
WIN-1465,2025-01-17,16,NIGHT_00_06,3,4,0,streetlights,DEPT_ELECTRICITY,2,1,0.5,2.0,28.22,0.2822,11,0,1,0.0904,0,0.0988,12.994292,80.255666,43.0,276.0,7.166666666666667,-0.7209
WIN-1469,2025-01-17,16,NIGHT_00_06,3,4,0,infrastructure,DEPT_WORKS,1,1,0.0,1.0,65.4,0.654,26,0,0,0.2455,0,0.3066,13.108419,80.223777,24.0,193.0,4.0,-0.75
WIN-1473,2025-01-17,16,NIGHT_00_06,3,4,0,other,DEPT_GENERAL,1,1,0.0,1.0,44.25,0.4425,18,0,0,0.1279,0,0.0962,13.04817,80.319137,19.0,149.0,3.1666666666666665,-0.6842
WIN-1450,2025-01-17,16,MORNING_06_12,9,4,0,roads,DEPT_ROADS,21,13,0.381,1.62,47.08,0.4708,19,2,13,0.1136,3,0.1259,13.106436,80.258022,72.0,471.0,12.0,0.75
WIN-1454,2025-01-17,16,MORNING_06_12,9,4,0,drainage,DEPT_DRAINAGE,15,6,0.6,2.5,13.31,0.1331,5,3,9,0.1751,2,0.1368,13.227283,80.283045,51.0,326.0,8.5,0.7647
WIN-1458,2025-01-17,16,MORNING_06_12,9,4,0,garbage,DEPT_SANITATION,20,12,0.4,1.67,32.71,0.3271,13,0,5,0.0212,2,0.1131,13.101273,80.226662,69.0,378.0,11.5,0.7391
WIN-1462,2025-01-17,16,MORNING_06_12,9,4,0,water,DEPT_WATER,15,5,0.6667,3.0,16.4,0.164,7,2,4,0.1185,3,0.2143,13.075177,80.33351,37.0,228.0,6.166666666666667,1.4324
WIN-1466,2025-01-17,16,MORNING_06_12,9,4,0,streetlights,DEPT_ELECTRICITY,7,5,0.2857,1.4,14.38,0.1438,6,1,2,0.1236,1,0.081,13.035269,80.223594,43.0,277.0,7.166666666666667,-0.0233
WIN-1470,2025-01-17,16,MORNING_06_12,9,4,0,infrastructure,DEPT_WORKS,9,6,0.3333,1.5,14.43,0.1443,6,0,2,0.0335,1,0.1167,13.149132,80.24256,29.0,201.0,4.833333333333333,0.8621
WIN-1474,2025-01-17,16,MORNING_06_12,9,4,0,other,DEPT_GENERAL,7,3,0.5714,2.33,46.38,0.4638,19,3,1,0.3719,1,0.1239,13.077595,80.272578,23.0,149.0,3.8333333333333335,0.8261
WIN-1451,2025-01-17,16,AFTERNOON_12_18,15,4,0,roads,DEPT_ROADS,14,7,0.5,2.0,17.82,0.1782,7,1,3,0.0956,0,0.0249,13.063491,80.232593,80.0,481.0,13.333333333333334,0.05
WIN-1455,2025-01-17,16,AFTERNOON_12_18,15,4,0,drainage,DEPT_DRAINAGE,13,7,0.4615,1.86,8.31,0.0831,3,1,2,0.1091,2,0.154,13.125682,80.328009,62.0,338.0,10.333333333333334,0.2581
WIN-1459,2025-01-17,16,AFTERNOON_12_18,15,4,0,garbage,DEPT_SANITATION,11,4,0.6364,2.75,43.69,0.4369,17,2,0,0.198,0,0.045,13.004231,80.238856,77.0,385.0,12.833333333333334,-0.1429
WIN-1463,2025-01-17,16,AFTERNOON_12_18,15,4,0,water,DEPT_WATER,7,4,0.4286,1.75,39.06,0.3906,16,1,2,0.1058,1,0.1204,13.01439,80.250625,43.0,231.0,7.166666666666667,-0.0233
WIN-1467,2025-01-17,16,AFTERNOON_12_18,15,4,0,streetlights,DEPT_ELECTRICITY,10,5,0.5,2.0,18.15,0.1815,7,2,2,0.2073,1,0.0618,13.11754,80.353012,52.0,283.0,8.666666666666666,0.1538
WIN-1471,2025-01-17,16,AFTERNOON_12_18,15,4,0,infrastructure,DEPT_WORKS,11,7,0.3636,1.57,43.8,0.438,18,0,3,0.0262,1,0.1017,13.107877,80.30897,38.0,207.0,6.333333333333333,0.7368
WIN-1475,2025-01-17,16,AFTERNOON_12_18,15,4,0,other,DEPT_GENERAL,4,3,0.25,1.33,11.17,0.1117,4,0,2,0.0415,0,0.0622,13.077331,80.350984,26.0,152.0,4.333333333333333,-0.0769
WIN-1452,2025-01-17,16,EVENING_18_24,21,4,0,roads,DEPT_ROADS,11,4,0.6364,2.75,28.24,0.2824,11,1,4,0.0765,3,0.2861,13.033799,80.318256,71.0,472.0,11.833333333333334,-0.0704
WIN-1456,2025-01-17,16,EVENING_18_24,21,4,0,drainage,DEPT_DRAINAGE,10,5,0.5,2.0,36.47,0.3647,15,0,3,0.0488,3,0.2896,13.086206,80.278533,60.0,334.0,10.0,0.0
WIN-1460,2025-01-17,16,EVENING_18_24,21,4,0,garbage,DEPT_SANITATION,14,8,0.4286,1.75,4.79,0.0479,2,2,4,0.1322,2,0.1738,13.151517,80.267483,74.0,388.0,12.333333333333334,0.1351
WIN-1464,2025-01-17,16,EVENING_18_24,21,4,0,water,DEPT_WATER,7,4,0.4286,1.75,16.93,0.1693,7,1,2,0.1523,2,0.2441,13.176153,80.232985,43.0,228.0,7.166666666666667,-0.0233
WIN-1468,2025-01-17,16,EVENING_18_24,21,4,0,streetlights,DEPT_ELECTRICITY,4,2,0.5,2.0,41.83,0.4183,17,0,1,0.0406,1,0.2758,13.080262,80.295402,45.0,278.0,7.5,-0.4667
WIN-1472,2025-01-17,16,EVENING_18_24,21,4,0,infrastructure,DEPT_WORKS,4,2,0.5,2.0,58.97,0.5897,24,0,1,0.0746,0,0.1079,13.092132,80.351103,34.0,200.0,5.666666666666667,-0.2941
WIN-1476,2025-01-17,16,EVENING_18_24,21,4,0,other,DEPT_GENERAL,6,3,0.5,2.0,40.91,0.4091,16,1,1,0.1081,3,0.57,13.155462,80.308649,27.0,153.0,4.5,0.3333
WIN-1477,2025-01-18,17,NIGHT_00_06,3,5,1,roads,DEPT_ROADS,1,1,0.0,1.0,20.79,0.2079,8,0,0,0.1701,1,0.6575,13.092029,80.259313,61.0,459.0,10.166666666666666,-0.9016
WIN-1481,2025-01-18,17,NIGHT_00_06,3,5,1,drainage,DEPT_DRAINAGE,1,1,0.0,1.0,16.02,0.1602,6,0,0,0.0134,0,0.3729,13.15957,80.341406,49.0,330.0,8.166666666666666,-0.8776
WIN-1485,2025-01-18,17,NIGHT_00_06,3,5,1,garbage,DEPT_SANITATION,2,1,0.5,2.0,20.25,0.2025,8,0,1,0.0561,0,0.1014,13.06147,80.290582,57.0,376.0,9.5,-0.7895
WIN-1489,2025-01-18,17,NIGHT_00_06,3,5,1,water,DEPT_WATER,3,1,0.6667,3.0,19.35,0.1935,8,1,1,0.1728,1,0.34,13.084981,80.262209,43.0,227.0,7.166666666666667,-0.5814
WIN-1493,2025-01-18,17,NIGHT_00_06,3,5,1,streetlights,DEPT_ELECTRICITY,0,0,0.0,1.0,29.3,0.293,12,0,0,0.0,0,0.0,13.076255,80.313838,32.0,271.0,5.333333333333333,-1.0
WIN-1497,2025-01-18,17,NIGHT_00_06,3,5,1,infrastructure,DEPT_WORKS,0,0,0.0,1.0,37.43,0.3743,15,0,0,0.0,0,0.0,13.069312,80.336835,29.0,197.0,4.833333333333333,-1.0
WIN-1501,2025-01-18,17,NIGHT_00_06,3,5,1,other,DEPT_GENERAL,1,1,0.0,1.0,32.44,0.3244,13,0,0,0.0826,0,0.0578,13.166814,80.216599,24.0,147.0,4.0,-0.75
WIN-1478,2025-01-18,17,MORNING_06_12,9,5,1,roads,DEPT_ROADS,11,6,0.4545,1.83,36.59,0.3659,15,0,3,0.0191,4,0.3794,13.138579,80.261046,60.0,456.0,10.0,0.1
WIN-1482,2025-01-18,17,MORNING_06_12,9,5,1,drainage,DEPT_DRAINAGE,9,7,0.2222,1.29,12.81,0.1281,5,0,0,0.0225,2,0.2742,13.096153,80.250127,50.0,332.0,8.333333333333334,0.08
WIN-1486,2025-01-18,17,MORNING_06_12,9,5,1,garbage,DEPT_SANITATION,2,1,0.5,2.0,42.5,0.425,17,0,0,0.0402,1,0.3804,13.00476,80.23271,49.0,368.0,8.166666666666666,-0.7551
WIN-1490,2025-01-18,17,MORNING_06_12,9,5,1,water,DEPT_WATER,12,8,0.3333,1.5,25.88,0.2588,10,1,5,0.0713,3,0.2165,13.10103,80.355033,49.0,235.0,8.166666666666666,0.4694
WIN-1494,2025-01-18,17,MORNING_06_12,9,5,1,streetlights,DEPT_ELECTRICITY,4,2,0.5,2.0,15.15,0.1515,6,0,1,0.0147,1,0.2352,13.063618,80.307706,27.0,269.0,4.5,-0.1111
WIN-1498,2025-01-18,17,MORNING_06_12,9,5,1,infrastructure,DEPT_WORKS,7,4,0.4286,1.75,43.32,0.4332,17,2,1,0.2281,4,0.5305,13.062465,80.370591,32.0,195.0,5.333333333333333,0.3125
WIN-1502,2025-01-18,17,MORNING_06_12,9,5,1,other,DEPT_GENERAL,4,2,0.5,2.0,18.92,0.1892,8,0,1,0.0339,1,0.1629,12.972825,80.334136,23.0,148.0,3.8333333333333335,0.0435
WIN-1479,2025-01-18,17,AFTERNOON_12_18,15,5,1,roads,DEPT_ROADS,4,2,0.5,2.0,52.74,0.5274,21,1,1,0.1714,1,0.3156,13.152592,80.330259,62.0,452.0,10.333333333333334,-0.6129
WIN-1483,2025-01-18,17,AFTERNOON_12_18,15,5,1,drainage,DEPT_DRAINAGE,5,3,0.4,1.67,18.33,0.1833,7,2,1,0.4225,3,0.6529,13.040782,80.210067,53.0,333.0,8.833333333333334,-0.434
WIN-1487,2025-01-18,17,AFTERNOON_12_18,15,5,1,garbage,DEPT_SANITATION,13,7,0.4615,1.86,10.92,0.1092,4,1,2,0.0802,6,0.446,13.05841,80.239028,62.0,375.0,10.333333333333334,0.2581
WIN-1491,2025-01-18,17,AFTERNOON_12_18,15,5,1,water,DEPT_WATER,4,1,0.75,4.0,13.02,0.1302,5,0,1,0.0393,1,0.1783,13.109296,80.242086,48.0,236.0,8.0,-0.5
WIN-1495,2025-01-18,17,AFTERNOON_12_18,15,5,1,streetlights,DEPT_ELECTRICITY,4,2,0.5,2.0,37.7,0.377,15,0,1,0.0565,1,0.3638,13.048071,80.236459,29.0,272.0,4.833333333333333,-0.1724
WIN-1499,2025-01-18,17,AFTERNOON_12_18,15,5,1,infrastructure,DEPT_WORKS,3,1,0.6667,3.0,49.79,0.4979,20,1,0,0.1732,1,0.3984,13.067621,80.222799,34.0,196.0,5.666666666666667,-0.4706
WIN-1503,2025-01-18,17,AFTERNOON_12_18,15,5,1,other,DEPT_GENERAL,2,1,0.5,2.0,31.66,0.3166,13,0,1,0.0588,0,0.2222,12.99141,80.320814,24.0,150.0,4.0,-0.5
WIN-1480,2025-01-18,17,EVENING_18_24,21,5,1,roads,DEPT_ROADS,7,3,0.5714,2.33,17.14,0.1714,7,1,1,0.0874,2,0.2345,13.063276,80.233986,48.0,442.0,8.0,-0.125
WIN-1484,2025-01-18,17,EVENING_18_24,21,5,1,drainage,DEPT_DRAINAGE,4,2,0.5,2.0,29.0,0.29,12,1,2,0.2137,1,0.375,13.124824,80.409119,42.0,326.0,7.0,-0.4286
WIN-1488,2025-01-18,17,EVENING_18_24,21,5,1,garbage,DEPT_SANITATION,7,3,0.5714,2.33,13.13,0.1313,5,0,1,0.0234,3,0.4745,13.089487,80.272253,49.0,360.0,8.166666666666666,-0.1429
WIN-1492,2025-01-18,17,EVENING_18_24,21,5,1,water,DEPT_WATER,2,1,0.5,2.0,25.45,0.2545,10,1,0,0.2692,0,0.2428,13.088442,80.247476,35.0,229.0,5.833333333333333,-0.6571
WIN-1496,2025-01-18,17,EVENING_18_24,21,5,1,streetlights,DEPT_ELECTRICITY,5,2,0.6,2.5,23.89,0.2389,10,1,2,0.1483,3,0.6237,13.05777,80.232553,27.0,270.0,4.5,0.1111
WIN-1500,2025-01-18,17,EVENING_18_24,21,5,1,infrastructure,DEPT_WORKS,2,1,0.5,2.0,33.47,0.3347,13,0,0,0.0575,1,0.7331,13.143771,80.235308,27.0,190.0,4.5,-0.5556
WIN-1504,2025-01-18,17,EVENING_18_24,21,5,1,other,DEPT_GENERAL,2,1,0.5,2.0,59.43,0.5943,24,0,0,0.0505,0,0.2468,13.085885,80.263813,19.0,144.0,3.1666666666666665,-0.3684
WIN-1505,2025-01-19,18,NIGHT_00_06,3,6,1,roads,DEPT_ROADS,5,4,0.2,1.25,8.39,0.0839,3,1,1,0.1348,3,0.6917,13.080102,80.284767,39.0,435.0,6.5,-0.2308
WIN-1509,2025-01-19,18,NIGHT_00_06,3,6,1,drainage,DEPT_DRAINAGE,0,0,0.0,1.0,39.2,0.392,16,0,0,0.0,0,0.0,13.018546,80.338581,29.0,321.0,4.833333333333333,-1.0
WIN-1513,2025-01-19,18,NIGHT_00_06,3,6,1,garbage,DEPT_SANITATION,2,1,0.5,2.0,20.9,0.209,8,0,0,0.1129,1,0.3469,13.071691,80.216233,40.0,351.0,6.666666666666667,-0.7
WIN-1517,2025-01-19,18,NIGHT_00_06,3,6,1,water,DEPT_WATER,1,1,0.0,1.0,43.32,0.4332,17,0,0,0.03,0,0.1816,13.139639,80.319224,29.0,226.0,4.833333333333333,-0.7931
WIN-1521,2025-01-19,18,NIGHT_00_06,3,6,1,streetlights,DEPT_ELECTRICITY,0,0,0.0,1.0,33.08,0.3308,13,0,0,0.0,0,0.0,13.166414,80.225654,17.0,256.0,2.8333333333333335,-1.0
WIN-1525,2025-01-19,18,NIGHT_00_06,3,6,1,infrastructure,DEPT_WORKS,1,1,0.0,1.0,19.72,0.1972,8,0,0,0.1759,0,0.3037,13.120015,80.278516,17.0,188.0,2.8333333333333335,-0.6471
WIN-1529,2025-01-19,18,NIGHT_00_06,3,6,1,other,DEPT_GENERAL,1,1,0.0,1.0,36.03,0.3603,14,0,0,0.0717,0,0.1993,13.023031,80.179041,16.0,142.0,2.6666666666666665,-0.625
WIN-1506,2025-01-19,18,MORNING_06_12,9,6,1,roads,DEPT_ROADS,15,6,0.6,2.5,21.26,0.2126,9,0,4,0.0153,8,0.5101,13.082347,80.187299,43.0,439.0,7.166666666666667,1.093
WIN-1510,2025-01-19,18,MORNING_06_12,9,6,1,drainage,DEPT_DRAINAGE,6,3,0.5,2.0,19.68,0.1968,8,0,1,0.0245,1,0.1262,13.121378,80.245915,25.0,318.0,4.166666666666667,0.44
WIN-1514,2025-01-19,18,MORNING_06_12,9,6,1,garbage,DEPT_SANITATION,7,4,0.4286,1.75,37.59,0.3759,15,1,1,0.2005,3,0.4593,13.143785,80.213594,33.0,351.0,5.5,0.2727
WIN-1518,2025-01-19,18,MORNING_06_12,9,6,1,water,DEPT_WATER,12,9,0.25,1.33,10.15,0.1015,4,1,4,0.1037,4,0.361,13.115545,80.234583,34.0,230.0,5.666666666666667,1.1176
WIN-1522,2025-01-19,18,MORNING_06_12,9,6,1,streetlights,DEPT_ELECTRICITY,8,5,0.375,1.6,40.82,0.4082,16,1,1,0.1472,3,0.3592,13.059832,80.236775,21.0,260.0,3.5,1.2857
WIN-1526,2025-01-19,18,MORNING_06_12,9,6,1,infrastructure,DEPT_WORKS,6,4,0.3333,1.5,13.27,0.1327,5,0,2,0.0135,0,0.0689,13.017318,80.378255,19.0,190.0,3.1666666666666665,0.8947
WIN-1530,2025-01-19,18,MORNING_06_12,9,6,1,other,DEPT_GENERAL,4,2,0.5,2.0,20.8,0.208,8,0,2,0.0683,3,0.6492,13.099796,80.295827,14.0,142.0,2.3333333333333335,0.7143
WIN-1507,2025-01-19,18,AFTERNOON_12_18,15,6,1,roads,DEPT_ROADS,6,2,0.6667,3.0,14.13,0.1413,6,1,2,0.1176,2,0.407,13.121433,80.34502,48.0,442.0,8.0,-0.25
WIN-1511,2025-01-19,18,AFTERNOON_12_18,15,6,1,drainage,DEPT_DRAINAGE,6,3,0.5,2.0,39.86,0.3986,16,2,1,0.2598,2,0.2841,13.106001,80.247816,30.0,323.0,5.0,0.2
WIN-1515,2025-01-19,18,AFTERNOON_12_18,15,6,1,garbage,DEPT_SANITATION,7,5,0.2857,1.4,11.37,0.1137,5,0,2,0.0265,4,0.5253,13.157664,80.286779,38.0,357.0,6.333333333333333,0.1053
WIN-1519,2025-01-19,18,AFTERNOON_12_18,15,6,1,water,DEPT_WATER,6,5,0.1667,1.2,9.62,0.0962,4,1,0,0.1093,1,0.1751,13.109732,80.226208,37.0,235.0,6.166666666666667,-0.027
WIN-1523,2025-01-19,18,AFTERNOON_12_18,15,6,1,streetlights,DEPT_ELECTRICITY,2,2,0.0,1.0,29.56,0.2956,12,0,1,0.1121,1,0.4423,13.04696,80.360426,23.0,261.0,3.8333333333333335,-0.4783
WIN-1527,2025-01-19,18,AFTERNOON_12_18,15,6,1,infrastructure,DEPT_WORKS,5,3,0.4,1.67,53.83,0.5383,22,1,2,0.1737,3,0.5094,12.97757,80.237023,24.0,193.0,4.0,0.25
WIN-1531,2025-01-19,18,AFTERNOON_12_18,15,6,1,other,DEPT_GENERAL,2,1,0.5,2.0,38.94,0.3894,16,0,1,0.1351,0,0.2238,13.158146,80.326617,15.0,144.0,2.5,-0.2
WIN-1508,2025-01-19,18,EVENING_18_24,21,6,1,roads,DEPT_ROADS,6,5,0.1667,1.2,21.74,0.2174,9,1,1,0.0858,2,0.4134,13.067723,80.343751,43.0,430.0,7.166666666666667,-0.1628
WIN-1512,2025-01-19,18,EVENING_18_24,21,6,1,drainage,DEPT_DRAINAGE,4,2,0.5,2.0,45.76,0.4576,18,0,2,0.0174,1,0.2653,13.129391,80.295862,25.0,314.0,4.166666666666667,-0.04
WIN-1516,2025-01-19,18,EVENING_18_24,21,6,1,garbage,DEPT_SANITATION,5,2,0.6,2.5,25.26,0.2526,10,1,1,0.1086,1,0.2794,13.057041,80.244802,41.0,347.0,6.833333333333333,-0.2683
WIN-1520,2025-01-19,18,EVENING_18_24,21,6,1,water,DEPT_WATER,3,2,0.3333,1.5,10.23,0.1023,4,0,1,0.0247,0,0.1638,13.171471,80.286087,28.0,233.0,4.666666666666667,-0.3571
WIN-1524,2025-01-19,18,EVENING_18_24,21,6,1,streetlights,DEPT_ELECTRICITY,6,2,0.6667,3.0,6.12,0.0612,2,0,2,0.0204,2,0.3594,13.089587,80.276876,25.0,251.0,4.166666666666667,0.44
WIN-1528,2025-01-19,18,EVENING_18_24,21,6,1,infrastructure,DEPT_WORKS,1,1,0.0,1.0,20.58,0.2058,8,0,1,0.1001,0,0.4322,13.026554,80.191282,18.0,185.0,3.0,-0.6667
WIN-1532,2025-01-19,18,EVENING_18_24,21,6,1,other,DEPT_GENERAL,2,1,0.5,2.0,6.44,0.0644,3,0,1,0.0473,1,0.3255,13.033667,80.25397,13.0,137.0,2.1666666666666665,-0.0769
WIN-1533,2025-01-20,19,NIGHT_00_06,3,0,0,roads,DEPT_ROADS,3,1,0.6667,3.0,32.02,0.3202,13,1,0,0.2931,0,0.1247,13.102826,80.265236,42.0,414.0,7.0,-0.5714
WIN-1537,2025-01-20,19,NIGHT_00_06,3,0,0,drainage,DEPT_DRAINAGE,2,1,0.5,2.0,37.05,0.3705,15,0,0,0.0514,0,0.0742,13.13481,80.282364,22.0,307.0,3.6666666666666665,-0.4545
WIN-1541,2025-01-20,19,NIGHT_00_06,3,0,0,garbage,DEPT_SANITATION,4,2,0.5,2.0,28.8,0.288,12,0,1,0.0884,0,0.01,13.110734,80.219917,32.0,337.0,5.333333333333333,-0.25
WIN-1545,2025-01-20,19,NIGHT_00_06,3,0,0,water,DEPT_WATER,1,1,0.0,1.0,26.48,0.2648,11,0,0,0.1468,0,0.4511,13.065237,80.241225,25.0,220.0,4.166666666666667,-0.76
WIN-1549,2025-01-20,19,NIGHT_00_06,3,0,0,streetlights,DEPT_ELECTRICITY,1,1,0.0,1.0,13.16,0.1316,5,0,0,0.1356,0,0.1381,13.094124,80.266392,22.0,246.0,3.6666666666666665,-0.7273
WIN-1553,2025-01-20,19,NIGHT_00_06,3,0,0,infrastructure,DEPT_WORKS,1,1,0.0,1.0,49.08,0.4908,20,0,0,0.0159,0,0.229,13.059343,80.285108,16.0,182.0,2.6666666666666665,-0.625
WIN-1557,2025-01-20,19,NIGHT_00_06,3,0,0,other,DEPT_GENERAL,1,1,0.0,1.0,44.7,0.447,18,0,1,0.1456,0,0.0489,13.137835,80.279591,12.0,132.0,2.0,-0.5
WIN-1534,2025-01-20,19,MORNING_06_12,9,0,0,roads,DEPT_ROADS,18,9,0.5,2.0,39.05,0.3905,16,1,6,0.0589,1,0.0491,13.033381,80.226009,53.0,416.0,8.833333333333334,1.0377
WIN-1538,2025-01-20,19,MORNING_06_12,9,0,0,drainage,DEPT_DRAINAGE,21,10,0.5238,2.1,22.54,0.2254,9,2,11,0.0753,3,0.1458,13.104317,80.277426,39.0,320.0,6.5,2.2308
WIN-1542,2025-01-20,19,MORNING_06_12,9,0,0,garbage,DEPT_SANITATION,17,8,0.5294,2.12,43.6,0.436,17,3,7,0.1552,0,0.0087,13.075368,80.276623,42.0,347.0,7.0,1.4286
WIN-1546,2025-01-20,19,MORNING_06_12,9,0,0,water,DEPT_WATER,8,4,0.5,2.0,22.45,0.2245,9,0,1,0.0372,1,0.1008,13.048613,80.257305,31.0,224.0,5.166666666666667,0.5484
WIN-1550,2025-01-20,19,MORNING_06_12,9,0,0,streetlights,DEPT_ELECTRICITY,7,3,0.5714,2.33,15.74,0.1574,6,1,0,0.085,1,0.1476,13.067273,80.203363,24.0,247.0,4.0,0.75
WIN-1554,2025-01-20,19,MORNING_06_12,9,0,0,infrastructure,DEPT_WORKS,7,4,0.4286,1.75,22.31,0.2231,9,1,2,0.0877,1,0.1908,12.988215,80.298478,21.0,186.0,3.5,1.0
WIN-1558,2025-01-20,19,MORNING_06_12,9,0,0,other,DEPT_GENERAL,7,4,0.4286,1.75,28.77,0.2877,12,0,1,0.0319,1,0.1883,13.068438,80.233553,17.0,136.0,2.8333333333333335,1.4706
WIN-1535,2025-01-20,19,AFTERNOON_12_18,15,0,0,roads,DEPT_ROADS,17,7,0.5882,2.43,7.37,0.0737,3,1,3,0.046,0,0.0061,13.108483,80.249648,65.0,430.0,10.833333333333334,0.5692
WIN-1539,2025-01-20,19,AFTERNOON_12_18,15,0,0,drainage,DEPT_DRAINAGE,15,7,0.5333,2.14,45.17,0.4517,18,4,3,0.2949,1,0.0485,13.143836,80.187264,54.0,333.0,9.0,0.6667
WIN-1543,2025-01-20,19,AFTERNOON_12_18,15,0,0,garbage,DEPT_SANITATION,14,10,0.2857,1.4,11.86,0.1186,5,2,0,0.117,0,0.0298,13.123197,80.257113,54.0,359.0,9.0,0.5556
WIN-1547,2025-01-20,19,AFTERNOON_12_18,15,0,0,water,DEPT_WATER,8,3,0.625,2.67,17.47,0.1747,7,0,1,0.0225,1,0.0755,13.10948,80.203816,38.0,230.0,6.333333333333333,0.2632
WIN-1551,2025-01-20,19,AFTERNOON_12_18,15,0,0,streetlights,DEPT_ELECTRICITY,7,3,0.5714,2.33,15.99,0.1599,6,1,1,0.0936,2,0.2235,13.084578,80.263099,31.0,251.0,5.166666666666667,0.3548
WIN-1555,2025-01-20,19,AFTERNOON_12_18,15,0,0,infrastructure,DEPT_WORKS,5,4,0.2,1.25,21.27,0.2127,9,1,2,0.177,0,0.0564,13.11111,80.24768,25.0,190.0,4.166666666666667,0.2
WIN-1559,2025-01-20,19,AFTERNOON_12_18,15,0,0,other,DEPT_GENERAL,7,3,0.5714,2.33,28.78,0.2878,12,1,1,0.1079,2,0.317,13.157407,80.28077,23.0,143.0,3.8333333333333335,0.8261
WIN-1536,2025-01-20,19,EVENING_18_24,21,0,0,roads,DEPT_ROADS,14,9,0.3571,1.56,8.74,0.0874,3,0,6,0.0223,6,0.4603,13.060914,80.269056,64.0,432.0,10.666666666666666,0.3125
WIN-1540,2025-01-20,19,EVENING_18_24,21,0,0,drainage,DEPT_DRAINAGE,14,10,0.2857,1.4,55.87,0.5587,22,1,3,0.0823,5,0.3605,13.050872,80.31509,62.0,338.0,10.333333333333334,0.3548
WIN-1544,2025-01-20,19,EVENING_18_24,21,0,0,garbage,DEPT_SANITATION,3,1,0.6667,3.0,5.7,0.057,2,0,0,0.0714,1,0.3657,13.118157,80.271371,50.0,351.0,8.333333333333334,-0.64
WIN-1548,2025-01-20,19,EVENING_18_24,21,0,0,water,DEPT_WATER,7,3,0.5714,2.33,49.05,0.4905,20,1,3,0.1799,2,0.2621,12.98578,80.277048,33.0,226.0,5.5,0.2727
WIN-1552,2025-01-20,19,EVENING_18_24,21,0,0,streetlights,DEPT_ELECTRICITY,7,3,0.5714,2.33,18.01,0.1801,7,0,2,0.0395,3,0.4076,13.222769,80.210187,30.0,249.0,5.0,0.4
WIN-1556,2025-01-20,19,EVENING_18_24,21,0,0,infrastructure,DEPT_WORKS,5,2,0.6,2.5,13.64,0.1364,5,0,1,0.0625,2,0.4452,13.034185,80.307696,24.0,186.0,4.0,0.25
WIN-1560,2025-01-20,19,EVENING_18_24,21,0,0,other,DEPT_GENERAL,4,3,0.25,1.33,44.42,0.4442,18,1,1,0.3349,2,0.4972,13.012187,80.346116,23.0,144.0,3.8333333333333335,0.0435
WIN-1561,2025-01-21,20,NIGHT_00_06,3,1,0,roads,DEPT_ROADS,4,3,0.25,1.33,15.5,0.155,6,0,0,0.0021,0,0.0994,12.952694,80.263448,62.0,416.0,10.333333333333334,-0.6129
WIN-1565,2025-01-21,20,NIGHT_00_06,3,1,0,drainage,DEPT_DRAINAGE,3,2,0.3333,1.5,13.17,0.1317,5,1,1,0.3628,0,0.1367,13.054647,80.258158,59.0,334.0,9.833333333333334,-0.6949
WIN-1569,2025-01-21,20,NIGHT_00_06,3,1,0,garbage,DEPT_SANITATION,2,1,0.5,2.0,33.93,0.3393,14,0,1,0.0446,0,0.0492,13.09988,80.267705,45.0,336.0,7.5,-0.7333
WIN-1573,2025-01-21,20,NIGHT_00_06,3,1,0,water,DEPT_WATER,1,1,0.0,1.0,23.07,0.2307,9,0,0,0.0669,0,0.1826,13.097074,80.278692,28.0,219.0,4.666666666666667,-0.7857
WIN-1577,2025-01-21,20,NIGHT_00_06,3,1,0,streetlights,DEPT_ELECTRICITY,0,0,0.0,1.0,37.63,0.3763,15,0,0,0.0,0,0.0,13.072717,80.307926,28.0,237.0,4.666666666666667,-1.0
WIN-1581,2025-01-21,20,NIGHT_00_06,3,1,0,infrastructure,DEPT_WORKS,4,2,0.5,2.0,34.59,0.3459,14,0,0,0.1236,1,0.3546,13.102832,80.222732,23.0,181.0,3.8333333333333335,0.0435
WIN-1585,2025-01-21,20,NIGHT_00_06,3,1,0,other,DEPT_GENERAL,0,0,0.0,1.0,21.97,0.2197,9,0,0,0.0,0,0.0,13.053221,80.209658,21.0,137.0,3.5,-1.0
WIN-1562,2025-01-21,20,MORNING_06_12,9,1,0,roads,DEPT_ROADS,14,6,0.5714,2.33,27.42,0.2742,11,1,9,0.0822,1,0.1057,13.150135,80.24427,70.0,426.0,11.666666666666666,0.2
WIN-1566,2025-01-21,20,MORNING_06_12,9,1,0,drainage,DEPT_DRAINAGE,13,8,0.3846,1.62,15.61,0.1561,6,1,5,0.0641,2,0.1698,13.14081,80.315765,68.0,334.0,11.333333333333334,0.1471
WIN-1570,2025-01-21,20,MORNING_06_12,9,1,0,garbage,DEPT_SANITATION,8,4,0.5,2.0,5.5,0.055,2,1,4,0.0817,0,0.0606,13.023588,80.250349,48.0,338.0,8.0,0.0
WIN-1574,2025-01-21,20,MORNING_06_12,9,1,0,water,DEPT_WATER,10,8,0.2,1.25,20.96,0.2096,8,0,4,0.0104,2,0.1553,13.136924,80.260106,35.0,225.0,5.833333333333333,0.7143
WIN-1578,2025-01-21,20,MORNING_06_12,9,1,0,streetlights,DEPT_ELECTRICITY,11,4,0.6364,2.75,47.93,0.4793,19,3,2,0.2524,3,0.2654,13.146252,80.254346,33.0,242.0,5.5,1.0
WIN-1582,2025-01-21,20,MORNING_06_12,9,1,0,infrastructure,DEPT_WORKS,5,2,0.6,2.5,6.75,0.0675,3,0,1,0.0115,0,0.072,13.074234,80.174735,27.0,182.0,4.5,0.1111
WIN-1586,2025-01-21,20,MORNING_06_12,9,1,0,other,DEPT_GENERAL,9,3,0.6667,3.0,64.54,0.6454,26,0,2,0.0078,3,0.3732,13.035471,80.303494,28.0,143.0,4.666666666666667,0.9286
WIN-1563,2025-01-21,20,AFTERNOON_12_18,15,1,0,roads,DEPT_ROADS,13,6,0.5385,2.17,55.04,0.5504,22,0,2,0.0262,1,0.1072,13.134381,80.257762,80.0,438.0,13.333333333333334,-0.025
WIN-1567,2025-01-21,20,AFTERNOON_12_18,15,1,0,drainage,DEPT_DRAINAGE,8,5,0.375,1.6,20.46,0.2046,8,0,3,0.0579,2,0.2183,13.091585,80.230967,74.0,340.0,12.333333333333334,-0.3514
WIN-1571,2025-01-21,20,AFTERNOON_12_18,15,1,0,garbage,DEPT_SANITATION,13,9,0.3077,1.44,46.01,0.4601,18,3,1,0.2398,3,0.2097,13.143208,80.305007,57.0,350.0,9.5,0.3684
WIN-1575,2025-01-21,20,AFTERNOON_12_18,15,1,0,water,DEPT_WATER,6,3,0.5,2.0,29.13,0.2913,12,0,2,0.0696,1,0.1769,13.162606,80.348272,40.0,230.0,6.666666666666667,-0.1
WIN-1579,2025-01-21,20,AFTERNOON_12_18,15,1,0,streetlights,DEPT_ELECTRICITY,8,6,0.25,1.33,15.78,0.1578,6,0,1,0.0063,0,0.0544,12.935355,80.350937,40.0,250.0,6.666666666666667,0.2
WIN-1583,2025-01-21,20,AFTERNOON_12_18,15,1,0,infrastructure,DEPT_WORKS,8,4,0.5,2.0,54.52,0.5452,22,2,3,0.208,0,0.0196,13.091633,80.173672,34.0,189.0,5.666666666666667,0.4118
WIN-1587,2025-01-21,20,AFTERNOON_12_18,15,1,0,other,DEPT_GENERAL,11,8,0.2727,1.38,46.86,0.4686,19,1,1,0.0462,3,0.2786,13.067467,80.301725,38.0,154.0,6.333333333333333,0.7368
WIN-1564,2025-01-21,20,EVENING_18_24,21,1,0,roads,DEPT_ROADS,10,5,0.5,2.0,18.82,0.1882,8,0,2,0.0168,5,0.5379,13.034009,80.233625,72.0,430.0,12.0,-0.1667
WIN-1568,2025-01-21,20,EVENING_18_24,21,1,0,drainage,DEPT_DRAINAGE,13,7,0.4615,1.86,19.0,0.19,8,0,4,0.0085,5,0.409,13.106367,80.342042,66.0,345.0,11.0,0.1818
WIN-1572,2025-01-21,20,EVENING_18_24,21,1,0,garbage,DEPT_SANITATION,11,6,0.4545,1.83,9.46,0.0946,4,2,5,0.1457,4,0.3982,13.034283,80.283115,51.0,352.0,8.5,0.2941
WIN-1576,2025-01-21,20,EVENING_18_24,21,1,0,water,DEPT_WATER,5,3,0.4,1.67,35.46,0.3546,14,1,2,0.2485,1,0.1851,13.15547,80.241299,37.0,234.0,6.166666666666667,-0.1892
WIN-1580,2025-01-21,20,EVENING_18_24,21,1,0,streetlights,DEPT_ELECTRICITY,8,3,0.625,2.67,43.6,0.436,17,1,3,0.0794,1,0.1768,13.085348,80.292725,41.0,250.0,6.833333333333333,0.1707
WIN-1584,2025-01-21,20,EVENING_18_24,21,1,0,infrastructure,DEPT_WORKS,4,2,0.5,2.0,16.6,0.166,7,0,2,0.0726,0,0.0549,13.175542,80.338978,31.0,190.0,5.166666666666667,-0.2258
WIN-1588,2025-01-21,20,EVENING_18_24,21,1,0,other,DEPT_GENERAL,3,2,0.3333,1.5,22.4,0.224,9,0,1,0.0904,1,0.3097,13.121873,80.306317,34.0,154.0,5.666666666666667,-0.4706
WIN-1589,2025-01-22,21,NIGHT_00_06,3,2,0,roads,DEPT_ROADS,0,0,0.0,1.0,44.75,0.4475,18,0,0,0.0,0,0.0,13.106718,80.377466,55.0,425.0,9.166666666666666,-1.0
WIN-1593,2025-01-22,21,NIGHT_00_06,3,2,0,drainage,DEPT_DRAINAGE,0,0,0.0,1.0,22.7,0.227,9,0,0,0.0,0,0.0,13.100168,80.287805,51.0,339.0,8.5,-1.0
WIN-1597,2025-01-22,21,NIGHT_00_06,3,2,0,garbage,DEPT_SANITATION,4,2,0.5,2.0,16.41,0.1641,7,0,1,0.0375,0,0.0164,13.077658,80.238751,41.0,350.0,6.833333333333333,-0.4146
WIN-1601,2025-01-22,21,NIGHT_00_06,3,2,0,water,DEPT_WATER,1,1,0.0,1.0,32.79,0.3279,13,0,0,0.0244,0,0.0645,13.025482,80.274177,30.0,232.0,5.0,-0.8
WIN-1605,2025-01-22,21,NIGHT_00_06,3,2,0,streetlights,DEPT_ELECTRICITY,1,1,0.0,1.0,16.03,0.1603,6,0,0,0.0032,0,0.2108,13.105767,80.296815,35.0,246.0,5.833333333333333,-0.8286
WIN-1609,2025-01-22,21,NIGHT_00_06,3,2,0,infrastructure,DEPT_WORKS,2,2,0.0,1.0,44.49,0.4449,18,1,1,0.3298,0,0.094,13.155992,80.325327,28.0,190.0,4.666666666666667,-0.5714
WIN-1613,2025-01-22,21,NIGHT_00_06,3,2,0,other,DEPT_GENERAL,2,1,0.5,2.0,35.42,0.3542,14,0,0,0.1378,0,0.0837,13.016767,80.297165,29.0,155.0,4.833333333333333,-0.5862
WIN-1590,2025-01-22,21,MORNING_06_12,9,2,0,roads,DEPT_ROADS,14,9,0.3571,1.56,25.93,0.2593,10,2,2,0.1141,0,0.0092,13.174407,80.25992,55.0,433.0,9.166666666666666,0.5273
WIN-1594,2025-01-22,21,MORNING_06_12,9,2,0,drainage,DEPT_DRAINAGE,17,10,0.4118,1.7,13.12,0.1312,5,0,4,0.0043,2,0.1418,13.17116,80.169891,54.0,352.0,9.0,0.8889
WIN-1598,2025-01-22,21,MORNING_06_12,9,2,0,garbage,DEPT_SANITATION,12,5,0.5833,2.4,13.45,0.1345,5,1,2,0.045,1,0.0684,13.113198,80.2508,50.0,354.0,8.333333333333334,0.44
WIN-1602,2025-01-22,21,MORNING_06_12,9,2,0,water,DEPT_WATER,7,6,0.1429,1.17,16.37,0.1637,7,3,1,0.391,2,0.2201,13.11229,80.333664,30.0,235.0,5.0,0.4
WIN-1606,2025-01-22,21,MORNING_06_12,9,2,0,streetlights,DEPT_ELECTRICITY,12,7,0.4167,1.71,30.47,0.3047,12,5,8,0.4492,0,0.0041,13.086331,80.23853,40.0,254.0,6.666666666666667,0.8
WIN-1610,2025-01-22,21,MORNING_06_12,9,2,0,infrastructure,DEPT_WORKS,9,7,0.2222,1.29,4.47,0.0447,2,3,1,0.323,0,0.0353,12.978691,80.284649,32.0,197.0,5.333333333333333,0.6875
WIN-1614,2025-01-22,21,MORNING_06_12,9,2,0,other,DEPT_GENERAL,3,1,0.6667,3.0,59.64,0.5964,24,0,1,0.1171,1,0.3269,13.08944,80.217222,28.0,156.0,4.666666666666667,-0.3571
WIN-1591,2025-01-22,21,AFTERNOON_12_18,15,2,0,roads,DEPT_ROADS,15,10,0.3333,1.5,50.22,0.5022,20,2,6,0.145,1,0.0471,13.067034,80.264409,66.0,447.0,11.0,0.3636
WIN-1595,2025-01-22,21,AFTERNOON_12_18,15,2,0,drainage,DEPT_DRAINAGE,14,9,0.3571,1.56,35.6,0.356,14,3,4,0.1924,1,0.0865,13.071367,80.303157,65.0,362.0,10.833333333333334,0.2923
WIN-1599,2025-01-22,21,AFTERNOON_12_18,15,2,0,garbage,DEPT_SANITATION,10,7,0.3,1.43,24.96,0.2496,10,2,2,0.1692,1,0.0558,13.059722,80.28926,58.0,363.0,9.666666666666666,0.0345
WIN-1603,2025-01-22,21,AFTERNOON_12_18,15,2,0,water,DEPT_WATER,14,5,0.6429,2.8,83.69,0.8369,33,2,6,0.1501,3,0.2337,13.160558,80.28005,43.0,249.0,7.166666666666667,0.9535
WIN-1607,2025-01-22,21,AFTERNOON_12_18,15,2,0,streetlights,DEPT_ELECTRICITY,8,5,0.375,1.6,32.84,0.3284,13,1,1,0.075,1,0.1001,13.034561,80.261664,48.0,260.0,8.0,0.0
WIN-1611,2025-01-22,21,AFTERNOON_12_18,15,2,0,infrastructure,DEPT_WORKS,0,0,0.0,1.0,17.41,0.1741,7,0,0,0.0,0,0.0,13.180296,80.274597,28.0,194.0,4.666666666666667,-1.0
WIN-1615,2025-01-22,21,AFTERNOON_12_18,15,2,0,other,DEPT_GENERAL,2,1,0.5,2.0,19.81,0.1981,8,0,1,0.0353,0,0.0281,13.144472,80.356485,30.0,156.0,5.0,-0.6
WIN-1592,2025-01-22,21,EVENING_18_24,21,2,0,roads,DEPT_ROADS,9,7,0.2222,1.29,8.35,0.0835,3,1,3,0.0656,4,0.4392,13.022331,80.324146,61.0,447.0,10.166666666666666,-0.1148
WIN-1596,2025-01-22,21,EVENING_18_24,21,2,0,drainage,DEPT_DRAINAGE,8,4,0.5,2.0,18.89,0.1889,8,2,1,0.2278,2,0.3118,13.121807,80.300957,60.0,360.0,10.0,-0.2
WIN-1600,2025-01-22,21,EVENING_18_24,21,2,0,garbage,DEPT_SANITATION,8,4,0.5,2.0,33.05,0.3305,13,1,4,0.1581,3,0.3579,13.247088,80.263643,58.0,355.0,9.666666666666666,-0.1724
WIN-1604,2025-01-22,21,EVENING_18_24,21,2,0,water,DEPT_WATER,10,4,0.6,2.5,46.34,0.4634,19,0,6,0.039,3,0.3373,12.959592,80.279938,43.0,254.0,7.166666666666667,0.3953
WIN-1608,2025-01-22,21,EVENING_18_24,21,2,0,streetlights,DEPT_ELECTRICITY,6,3,0.5,2.0,33.45,0.3345,13,0,2,0.0788,2,0.3775,13.158176,80.122362,43.0,262.0,7.166666666666667,-0.1628
WIN-1612,2025-01-22,21,EVENING_18_24,21,2,0,infrastructure,DEPT_WORKS,8,3,0.625,2.67,28.15,0.2815,11,0,3,0.0213,2,0.244,13.124946,80.32702,31.0,197.0,5.166666666666667,0.5484
WIN-1616,2025-01-22,21,EVENING_18_24,21,2,0,other,DEPT_GENERAL,7,4,0.4286,1.75,11.24,0.1124,4,0,2,0.0092,1,0.1057,13.078708,80.24012,28.0,158.0,4.666666666666667,0.5
WIN-1617,2025-01-23,22,NIGHT_00_06,3,3,0,roads,DEPT_ROADS,3,1,0.6667,3.0,63.4,0.634,25,1,1,0.3046,0,0.0832,13.009287,80.268935,51.0,443.0,8.5,-0.6471
WIN-1621,2025-01-23,22,NIGHT_00_06,3,3,0,drainage,DEPT_DRAINAGE,3,2,0.3333,1.5,1.7,0.017,1,0,1,0.0429,1,0.1717,13.073,80.213469,55.0,358.0,9.166666666666666,-0.6727
WIN-1625,2025-01-23,22,NIGHT_00_06,3,3,0,garbage,DEPT_SANITATION,2,1,0.5,2.0,14.82,0.1482,6,1,0,0.3119,0,0.1561,13.105679,80.271706,47.0,350.0,7.833333333333333,-0.7447
WIN-1629,2025-01-23,22,NIGHT_00_06,3,3,0,water,DEPT_WATER,3,2,0.3333,1.5,29.15,0.2915,12,0,2,0.0206,0,0.1241,13.083495,80.279725,40.0,255.0,6.666666666666667,-0.55
WIN-1633,2025-01-23,22,NIGHT_00_06,3,3,0,streetlights,DEPT_ELECTRICITY,2,1,0.5,2.0,30.89,0.3089,12,0,0,0.0024,0,0.0615,13.13969,80.300107,37.0,262.0,6.166666666666667,-0.6757
WIN-1637,2025-01-23,22,NIGHT_00_06,3,3,0,infrastructure,DEPT_WORKS,3,2,0.3333,1.5,24.49,0.2449,10,0,0,0.0853,2,0.6736,13.077472,80.200985,26.0,195.0,4.333333333333333,-0.3077
WIN-1641,2025-01-23,22,NIGHT_00_06,3,3,0,other,DEPT_GENERAL,0,0,0.0,1.0,10.18,0.1018,4,0,0,0.0,0,0.0,13.125502,80.260476,17.0,156.0,2.8333333333333335,-1.0
WIN-1618,2025-01-23,22,MORNING_06_12,9,3,0,roads,DEPT_ROADS,14,7,0.5,2.0,7.58,0.0758,3,0,2,0.0244,3,0.2403,13.055392,80.199977,55.0,450.0,9.166666666666666,0.5273
WIN-1622,2025-01-23,22,MORNING_06_12,9,3,0,drainage,DEPT_DRAINAGE,12,8,0.3333,1.5,41.78,0.4178,17,0,2,0.0042,0,0.01,13.071559,80.252704,54.0,364.0,9.0,0.3333
WIN-1626,2025-01-23,22,MORNING_06_12,9,3,0,garbage,DEPT_SANITATION,18,8,0.5556,2.25,10.49,0.1049,4,3,3,0.1465,3,0.1639,13.106641,80.229043,54.0,368.0,9.0,1.0
WIN-1630,2025-01-23,22,MORNING_06_12,9,3,0,water,DEPT_WATER,6,2,0.6667,3.0,46.31,0.4631,19,0,1,0.0711,1,0.1276,13.096151,80.331239,41.0,260.0,6.833333333333333,-0.122
WIN-1634,2025-01-23,22,MORNING_06_12,9,3,0,streetlights,DEPT_ELECTRICITY,9,4,0.5556,2.25,19.84,0.1984,8,0,2,0.0093,1,0.155,13.18359,80.319269,38.0,267.0,6.333333333333333,0.4211
WIN-1638,2025-01-23,22,MORNING_06_12,9,3,0,infrastructure,DEPT_WORKS,6,4,0.3333,1.5,23.91,0.2391,10,1,3,0.127,2,0.387,13.017213,80.294775,28.0,198.0,4.666666666666667,0.2857
WIN-1642,2025-01-23,22,MORNING_06_12,9,3,0,other,DEPT_GENERAL,5,2,0.6,2.5,31.13,0.3113,12,0,0,0.0589,0,0.0502,13.003658,80.262655,19.0,158.0,3.1666666666666665,0.5789
WIN-1619,2025-01-23,22,AFTERNOON_12_18,15,3,0,roads,DEPT_ROADS,20,13,0.35,1.54,31.59,0.3159,13,4,5,0.1965,2,0.0791,13.137694,80.265991,75.0,467.0,12.5,0.6
WIN-1623,2025-01-23,22,AFTERNOON_12_18,15,3,0,drainage,DEPT_DRAINAGE,10,6,0.4,1.67,59.69,0.5969,24,0,1,0.0472,1,0.0874,12.992321,80.269056,64.0,372.0,10.666666666666666,-0.0625
WIN-1627,2025-01-23,22,AFTERNOON_12_18,15,3,0,garbage,DEPT_SANITATION,21,12,0.4286,1.75,52.7,0.527,21,1,5,0.0242,2,0.1017,13.010199,80.261151,71.0,383.0,11.833333333333334,0.7746
WIN-1631,2025-01-23,22,AFTERNOON_12_18,15,3,0,water,DEPT_WATER,7,3,0.5714,2.33,54.78,0.5478,22,1,2,0.1017,3,0.4095,13.133577,80.247554,47.0,267.0,7.833333333333333,-0.1064
WIN-1635,2025-01-23,22,AFTERNOON_12_18,15,3,0,streetlights,DEPT_ELECTRICITY,9,6,0.3333,1.5,39.16,0.3916,16,2,5,0.1975,1,0.1364,13.072241,80.268557,46.0,275.0,7.666666666666667,0.1739
WIN-1639,2025-01-23,22,AFTERNOON_12_18,15,3,0,infrastructure,DEPT_WORKS,9,4,0.5556,2.25,11.69,0.1169,5,0,2,0.0034,1,0.0655,13.053282,80.226306,35.0,205.0,5.833333333333333,0.5429
WIN-1643,2025-01-23,22,AFTERNOON_12_18,15,3,0,other,DEPT_GENERAL,6,3,0.5,2.0,18.92,0.1892,8,0,2,0.0178,1,0.0953,13.123255,80.253468,23.0,163.0,3.8333333333333335,0.5652
WIN-1620,2025-01-23,22,EVENING_18_24,21,3,0,roads,DEPT_ROADS,15,6,0.6,2.5,47.27,0.4727,19,0,5,0.0125,9,0.6087,13.119458,80.242508,76.0,464.0,12.666666666666666,0.1842
WIN-1624,2025-01-23,22,EVENING_18_24,21,3,0,drainage,DEPT_DRAINAGE,5,3,0.4,1.67,16.86,0.1686,7,1,2,0.2734,2,0.4137,13.204694,80.285762,52.0,361.0,8.666666666666666,-0.4231
WIN-1628,2025-01-23,22,EVENING_18_24,21,3,0,garbage,DEPT_SANITATION,10,5,0.5,2.0,16.51,0.1651,7,0,4,0.0093,5,0.4784,13.134041,80.257584,69.0,381.0,11.5,-0.1304
WIN-1632,2025-01-23,22,EVENING_18_24,21,3,0,water,DEPT_WATER,10,6,0.4,1.67,16.27,0.1627,7,3,3,0.2552,2,0.2073,13.100076,80.218467,50.0,269.0,8.333333333333334,0.2
WIN-1636,2025-01-23,22,EVENING_18_24,21,3,0,streetlights,DEPT_ELECTRICITY,7,3,0.5714,2.33,30.47,0.3047,12,1,1,0.0804,3,0.4767,13.122791,80.195937,41.0,269.0,6.833333333333333,0.0244
WIN-1640,2025-01-23,22,EVENING_18_24,21,3,0,infrastructure,DEPT_WORKS,5,3,0.4,1.67,67.82,0.6782,27,0,2,0.0535,3,0.5115,13.095394,80.293344,31.0,200.0,5.166666666666667,-0.0323
WIN-1644,2025-01-23,22,EVENING_18_24,21,3,0,other,DEPT_GENERAL,3,2,0.3333,1.5,10.77,0.1077,4,0,1,0.026,0,0.1158,13.105446,80.176819,23.0,161.0,3.8333333333333335,-0.2174
WIN-1645,2025-01-24,23,NIGHT_00_06,3,4,0,roads,DEPT_ROADS,8,4,0.5,2.0,33.27,0.3327,13,1,2,0.1447,1,0.0703,13.033096,80.22889,69.0,448.0,11.5,-0.3043
WIN-1649,2025-01-24,23,NIGHT_00_06,3,4,0,drainage,DEPT_DRAINAGE,1,1,0.0,1.0,8.1,0.081,3,0,1,0.0328,0,0.2628,12.989378,80.29332,39.0,350.0,6.5,-0.8462
WIN-1653,2025-01-24,23,NIGHT_00_06,3,4,0,garbage,DEPT_SANITATION,4,3,0.25,1.33,20.64,0.2064,8,0,1,0.0811,2,0.4103,13.082172,80.317508,63.0,376.0,10.5,-0.619
WIN-1657,2025-01-24,23,NIGHT_00_06,3,4,0,water,DEPT_WATER,3,2,0.3333,1.5,35.49,0.3549,14,0,1,0.0566,0,0.0092,13.060959,80.262077,39.0,259.0,6.5,-0.5385
WIN-1661,2025-01-24,23,NIGHT_00_06,3,4,0,streetlights,DEPT_ELECTRICITY,5,3,0.4,1.67,14.43,0.1443,6,0,0,0.0361,2,0.4199,13.126729,80.180944,38.0,262.0,6.333333333333333,-0.2105
WIN-1665,2025-01-24,23,NIGHT_00_06,3,4,0,infrastructure,DEPT_WORKS,1,1,0.0,1.0,29.66,0.2966,12,0,1,0.18,0,0.4323,13.014699,80.260057,32.0,194.0,5.333333333333333,-0.8125
WIN-1669,2025-01-24,23,NIGHT_00_06,3,4,0,other,DEPT_GENERAL,3,1,0.6667,3.0,26.55,0.2655,11,0,1,0.101,0,0.0216,13.168197,80.279222,24.0,161.0,4.0,-0.25
WIN-1646,2025-01-24,23,MORNING_06_12,9,4,0,roads,DEPT_ROADS,28,11,0.6071,2.55,23.38,0.2338,9,4,7,0.1284,4,0.1523,13.128918,80.299061,88.0,466.0,14.666666666666666,0.9091
WIN-1650,2025-01-24,23,MORNING_06_12,9,4,0,drainage,DEPT_DRAINAGE,15,6,0.6,2.5,30.31,0.3031,12,1,1,0.0566,0,0.0164,12.993267,80.258727,46.0,360.0,7.666666666666667,0.9565
WIN-1654,2025-01-24,23,MORNING_06_12,9,4,0,garbage,DEPT_SANITATION,16,9,0.4375,1.78,20.86,0.2086,8,3,2,0.1717,2,0.1442,13.039675,80.270139,71.0,388.0,11.833333333333334,0.3521
WIN-1658,2025-01-24,23,MORNING_06_12,9,4,0,water,DEPT_WATER,8,6,0.25,1.33,62.2,0.622,25,1,1,0.0741,1,0.0824,13.022371,80.341692,37.0,262.0,6.166666666666667,0.2973
WIN-1662,2025-01-24,23,MORNING_06_12,9,4,0,streetlights,DEPT_ELECTRICITY,6,5,0.1667,1.2,33.55,0.3355,13,0,2,0.0355,1,0.171,13.11352,80.267913,38.0,261.0,6.333333333333333,-0.0526
WIN-1666,2025-01-24,23,MORNING_06_12,9,4,0,infrastructure,DEPT_WORKS,12,6,0.5,2.0,21.86,0.2186,9,1,6,0.0565,1,0.059,13.090001,80.249293,36.0,205.0,6.0,1.0
WIN-1670,2025-01-24,23,MORNING_06_12,9,4,0,other,DEPT_GENERAL,11,7,0.3636,1.57,32.76,0.3276,13,3,1,0.2385,2,0.2141,13.052735,80.246901,28.0,168.0,4.666666666666667,1.3571
WIN-1647,2025-01-24,23,AFTERNOON_12_18,15,4,0,roads,DEPT_ROADS,17,8,0.5294,2.12,34.39,0.3439,14,2,1,0.1469,0,0.0166,13.099151,80.369112,102.0,481.0,17.0,0.0
WIN-1651,2025-01-24,23,AFTERNOON_12_18,15,4,0,drainage,DEPT_DRAINAGE,12,6,0.5,2.0,29.61,0.2961,12,3,4,0.2457,6,0.4726,13.050358,80.351598,55.0,366.0,9.166666666666666,0.3091
WIN-1655,2025-01-24,23,AFTERNOON_12_18,15,4,0,garbage,DEPT_SANITATION,10,8,0.2,1.25,15.68,0.1568,6,3,8,0.2635,2,0.1946,13.02914,80.337361,79.0,396.0,13.166666666666666,-0.2405
WIN-1659,2025-01-24,23,AFTERNOON_12_18,15,4,0,water,DEPT_WATER,9,3,0.6667,3.0,23.69,0.2369,9,2,4,0.1674,1,0.1382,13.093628,80.35414,43.0,269.0,7.166666666666667,0.2558
WIN-1663,2025-01-24,23,AFTERNOON_12_18,15,4,0,streetlights,DEPT_ELECTRICITY,5,3,0.4,1.67,24.27,0.2427,10,2,1,0.3179,1,0.2034,13.045368,80.30308,41.0,263.0,6.833333333333333,-0.2683
WIN-1667,2025-01-24,23,AFTERNOON_12_18,15,4,0,infrastructure,DEPT_WORKS,11,8,0.2727,1.38,7.16,0.0716,3,2,3,0.1443,0,0.0093,13.119908,80.306056,44.0,215.0,7.333333333333333,0.5
WIN-1671,2025-01-24,23,AFTERNOON_12_18,15,4,0,other,DEPT_GENERAL,7,4,0.4286,1.75,58.08,0.5808,23,0,2,0.0447,1,0.1446,13.087268,80.297381,35.0,175.0,5.833333333333333,0.2
WIN-1648,2025-01-24,23,EVENING_18_24,21,4,0,roads,DEPT_ROADS,6,3,0.5,2.0,26.23,0.2623,10,0,2,0.0479,1,0.1273,13.087421,80.337474,94.0,470.0,15.666666666666666,-0.617
WIN-1652,2025-01-24,23,EVENING_18_24,21,4,0,drainage,DEPT_DRAINAGE,9,6,0.3333,1.5,10.61,0.1061,4,1,1,0.1417,2,0.2254,13.159011,80.309075,52.0,358.0,8.666666666666666,0.0385
WIN-1656,2025-01-24,23,EVENING_18_24,21,4,0,garbage,DEPT_SANITATION,10,8,0.2,1.25,15.53,0.1553,6,0,2,0.0314,7,0.6509,13.05302,80.296886,71.0,396.0,11.833333333333334,-0.1549
WIN-1660,2025-01-24,23,EVENING_18_24,21,4,0,water,DEPT_WATER,5,2,0.6,2.5,32.48,0.3248,13,0,2,0.0001,2,0.3189,13.06589,80.285299,42.0,267.0,7.0,-0.2857
WIN-1664,2025-01-24,23,EVENING_18_24,21,4,0,streetlights,DEPT_ELECTRICITY,11,6,0.4545,1.83,38.32,0.3832,15,0,5,0.0022,4,0.3987,13.018651,80.220494,43.0,258.0,7.166666666666667,0.5349
WIN-1668,2025-01-24,23,EVENING_18_24,21,4,0,infrastructure,DEPT_WORKS,6,3,0.5,2.0,29.83,0.2983,12,0,1,0.0472,4,0.6049,13.131467,80.222636,44.0,212.0,7.333333333333333,-0.1818
WIN-1672,2025-01-24,23,EVENING_18_24,21,4,0,other,DEPT_GENERAL,7,3,0.5714,2.33,6.52,0.0652,3,2,2,0.3469,3,0.3625,12.971834,80.288348,37.0,177.0,6.166666666666667,0.1351
WIN-1673,2025-01-25,24,NIGHT_00_06,3,5,1,roads,DEPT_ROADS,0,0,0.0,1.0,11.59,0.1159,5,0,0,0.0,0,0.0,13.101146,80.271283,74.0,451.0,12.333333333333334,-1.0
WIN-1677,2025-01-25,24,NIGHT_00_06,3,5,1,drainage,DEPT_DRAINAGE,1,1,0.0,1.0,47.19,0.4719,19,0,0,0.0592,0,0.2261,13.081061,80.232484,43.0,350.0,7.166666666666667,-0.8605
WIN-1681,2025-01-25,24,NIGHT_00_06,3,5,1,garbage,DEPT_SANITATION,0,0,0.0,1.0,27.42,0.2742,11,0,0,0.0,0,0.0,13.103566,80.337733,50.0,388.0,8.333333333333334,-1.0
WIN-1685,2025-01-25,24,NIGHT_00_06,3,5,1,water,DEPT_WATER,3,2,0.3333,1.5,27.94,0.2794,11,0,1,0.0887,1,0.4618,13.059809,80.28514,38.0,258.0,6.333333333333333,-0.5263
WIN-1689,2025-01-25,24,NIGHT_00_06,3,5,1,streetlights,DEPT_ELECTRICITY,0,0,0.0,1.0,35.43,0.3543,14,0,0,0.0,0,0.0,13.105084,80.323537,34.0,250.0,5.666666666666667,-1.0
WIN-1693,2025-01-25,24,NIGHT_00_06,3,5,1,infrastructure,DEPT_WORKS,0,0,0.0,1.0,41.81,0.4181,17,0,0,0.0,0,0.0,13.110076,80.30698,35.0,206.0,5.833333333333333,-1.0
WIN-1697,2025-01-25,24,NIGHT_00_06,3,5,1,other,DEPT_GENERAL,1,1,0.0,1.0,25.04,0.2504,10,0,0,0.1153,0,0.4971,13.020383,80.29908,32.0,172.0,5.333333333333333,-0.8125
WIN-1674,2025-01-25,24,MORNING_06_12,9,5,1,roads,DEPT_ROADS,5,3,0.4,1.67,14.16,0.1416,6,0,1,0.0585,3,0.5332,12.994224,80.24777,64.0,446.0,10.666666666666666,-0.5312
WIN-1678,2025-01-25,24,MORNING_06_12,9,5,1,drainage,DEPT_DRAINAGE,8,6,0.25,1.33,32.34,0.3234,13,1,1,0.1731,5,0.6415,13.036705,80.176183,46.0,351.0,7.666666666666667,0.0435
WIN-1682,2025-01-25,24,MORNING_06_12,9,5,1,garbage,DEPT_SANITATION,4,2,0.5,2.0,23.92,0.2392,10,0,1,0.0574,2,0.3764,13.140053,80.245287,44.0,381.0,7.333333333333333,-0.4545
WIN-1686,2025-01-25,24,MORNING_06_12,9,5,1,water,DEPT_WATER,9,5,0.4444,1.8,42.71,0.4271,17,0,5,0.0364,1,0.1,13.115418,80.327148,37.0,260.0,6.166666666666667,0.4595
WIN-1690,2025-01-25,24,MORNING_06_12,9,5,1,streetlights,DEPT_ELECTRICITY,6,3,0.5,2.0,46.28,0.4628,19,2,2,0.2517,2,0.3972,13.024359,80.16995,33.0,249.0,5.5,0.0909
WIN-1694,2025-01-25,24,MORNING_06_12,9,5,1,infrastructure,DEPT_WORKS,7,3,0.5714,2.33,26.18,0.2618,10,0,3,0.0056,1,0.108,13.128099,80.332159,37.0,211.0,6.166666666666667,0.1351
WIN-1698,2025-01-25,24,MORNING_06_12,9,5,1,other,DEPT_GENERAL,2,1,0.5,2.0,22.5,0.225,9,1,1,0.2791,0,0.1306,13.092876,80.309532,31.0,170.0,5.166666666666667,-0.6129
WIN-1675,2025-01-25,24,AFTERNOON_12_18,15,5,1,roads,DEPT_ROADS,9,4,0.5556,2.25,14.7,0.147,6,1,3,0.1135,4,0.4795,13.046726,80.239445,65.0,452.0,10.833333333333334,-0.1692
WIN-1679,2025-01-25,24,AFTERNOON_12_18,15,5,1,drainage,DEPT_DRAINAGE,7,4,0.4286,1.75,24.79,0.2479,10,2,1,0.2582,3,0.4495,13.108205,80.242071,52.0,354.0,8.666666666666666,-0.1923
WIN-1683,2025-01-25,24,AFTERNOON_12_18,15,5,1,garbage,DEPT_SANITATION,7,5,0.2857,1.4,10.0,0.1,4,1,5,0.1182,2,0.355,13.053515,80.243358,47.0,384.0,7.833333333333333,-0.1064
WIN-1687,2025-01-25,24,AFTERNOON_12_18,15,5,1,water,DEPT_WATER,5,3,0.4,1.67,44.29,0.4429,18,2,3,0.3575,2,0.4232,13.044287,80.178138,39.0,265.0,6.5,-0.2308
WIN-1691,2025-01-25,24,AFTERNOON_12_18,15,5,1,streetlights,DEPT_ELECTRICITY,4,2,0.5,2.0,18.01,0.1801,7,0,1,0.0491,1,0.3285,13.058349,80.25868,32.0,251.0,5.333333333333333,-0.25
WIN-1695,2025-01-25,24,AFTERNOON_12_18,15,5,1,infrastructure,DEPT_WORKS,1,1,0.0,1.0,53.99,0.5399,22,0,0,0.0301,1,0.6306,13.044944,80.258696,37.0,211.0,6.166666666666667,-0.8378
WIN-1699,2025-01-25,24,AFTERNOON_12_18,15,5,1,other,DEPT_GENERAL,6,3,0.5,2.0,5.3,0.053,2,1,1,0.2355,2,0.3094,13.033812,80.397805,34.0,176.0,5.666666666666667,0.0588
WIN-1676,2025-01-25,24,EVENING_18_24,21,5,1,roads,DEPT_ROADS,12,7,0.4167,1.71,50.89,0.5089,20,1,6,0.0614,3,0.2803,13.13512,80.223802,49.0,446.0,8.166666666666666,0.4694
WIN-1680,2025-01-25,24,EVENING_18_24,21,5,1,drainage,DEPT_DRAINAGE,6,2,0.6667,3.0,25.1,0.251,10,0,2,0.044,1,0.2388,13.083126,80.225803,43.0,348.0,7.166666666666667,-0.1628
WIN-1684,2025-01-25,24,EVENING_18_24,21,5,1,garbage,DEPT_SANITATION,6,3,0.5,2.0,10.7,0.107,4,0,1,0.0118,3,0.5506,13.081519,80.331508,37.0,377.0,6.166666666666667,-0.027
WIN-1688,2025-01-25,24,EVENING_18_24,21,5,1,water,DEPT_WATER,5,4,0.2,1.25,7.7,0.077,3,0,1,0.0263,2,0.3044,13.007493,80.280159,36.0,262.0,6.0,-0.1667
WIN-1692,2025-01-25,24,EVENING_18_24,21,5,1,streetlights,DEPT_ELECTRICITY,1,1,0.0,1.0,25.9,0.259,10,0,0,0.0864,0,0.4975,13.107903,80.309074,27.0,242.0,4.5,-0.7778
WIN-1696,2025-01-25,24,EVENING_18_24,21,5,1,infrastructure,DEPT_WORKS,3,2,0.3333,1.5,30.59,0.3059,12,0,1,0.0573,1,0.2949,13.081954,80.241628,28.0,202.0,4.666666666666667,-0.3571
WIN-1700,2025-01-25,24,EVENING_18_24,21,5,1,other,DEPT_GENERAL,0,0,0.0,1.0,6.39,0.0639,3,0,0,0.0,0,0.0,12.985252,80.233372,23.0,168.0,3.8333333333333335,-1.0
WIN-1701,2025-01-26,25,NIGHT_00_06,3,6,1,roads,DEPT_ROADS,6,3,0.5,2.0,29.16,0.2916,12,1,1,0.1029,2,0.2552,13.049805,80.322732,38.0,433.0,6.333333333333333,-0.0526
WIN-1705,2025-01-26,25,NIGHT_00_06,3,6,1,drainage,DEPT_DRAINAGE,5,3,0.4,1.67,34.98,0.3498,14,0,1,0.0252,1,0.1808,13.038696,80.184843,36.0,337.0,6.0,-0.1667
WIN-1709,2025-01-26,25,NIGHT_00_06,3,6,1,garbage,DEPT_SANITATION,2,1,0.5,2.0,4.26,0.0426,2,0,1,0.2264,1,0.3698,13.118769,80.305673,29.0,366.0,4.833333333333333,-0.5862
WIN-1713,2025-01-26,25,NIGHT_00_06,3,6,1,water,DEPT_WATER,0,0,0.0,1.0,20.49,0.2049,8,0,0,0.0,0,0.0,12.997949,80.289066,27.0,254.0,4.5,-1.0
WIN-1717,2025-01-26,25,NIGHT_00_06,3,6,1,streetlights,DEPT_ELECTRICITY,1,1,0.0,1.0,37.8,0.378,15,0,0,0.0035,0,0.0245,13.085666,80.307756,23.0,235.0,3.8333333333333335,-0.7391
WIN-1721,2025-01-26,25,NIGHT_00_06,3,6,1,infrastructure,DEPT_WORKS,3,1,0.6667,3.0,3.57,0.0357,1,0,1,0.0814,2,0.5858,13.106731,80.286932,20.0,198.0,3.3333333333333335,-0.1
WIN-1725,2025-01-26,25,NIGHT_00_06,3,6,1,other,DEPT_GENERAL,1,1,0.0,1.0,33.33,0.3333,13,0,1,0.0593,1,0.8289,12.977791,80.268398,17.0,162.0,2.8333333333333335,-0.6471
WIN-1702,2025-01-26,25,MORNING_06_12,9,6,1,roads,DEPT_ROADS,13,6,0.5385,2.17,5.61,0.0561,2,2,3,0.1857,2,0.1196,13.089723,80.281478,45.0,439.0,7.5,0.7333
WIN-1706,2025-01-26,25,MORNING_06_12,9,6,1,drainage,DEPT_DRAINAGE,18,10,0.4444,1.8,17.31,0.1731,7,3,1,0.1629,8,0.421,13.056467,80.30876,45.0,349.0,7.5,1.4
WIN-1710,2025-01-26,25,MORNING_06_12,9,6,1,garbage,DEPT_SANITATION,9,7,0.2222,1.29,39.95,0.3995,16,1,3,0.079,4,0.4806,12.987543,80.297721,28.0,364.0,4.666666666666667,0.9286
WIN-1714,2025-01-26,25,MORNING_06_12,9,6,1,water,DEPT_WATER,8,5,0.375,1.6,29.64,0.2964,12,1,4,0.0919,2,0.3075,13.04704,80.224263,30.0,253.0,5.0,0.6
WIN-1718,2025-01-26,25,MORNING_06_12,9,6,1,streetlights,DEPT_ELECTRICITY,5,2,0.6,2.5,32.63,0.3263,13,1,1,0.1016,1,0.2306,13.016085,80.386084,17.0,233.0,2.8333333333333335,0.7647
WIN-1722,2025-01-26,25,MORNING_06_12,9,6,1,infrastructure,DEPT_WORKS,8,4,0.5,2.0,50.02,0.5002,20,0,2,0.0195,3,0.4063,13.091119,80.282524,22.0,202.0,3.6666666666666665,1.1818
WIN-1726,2025-01-26,25,MORNING_06_12,9,6,1,other,DEPT_GENERAL,4,1,0.75,4.0,8.64,0.0864,3,2,2,0.4434,1,0.2482,13.081738,80.314041,14.0,163.0,2.3333333333333335,0.7143
WIN-1703,2025-01-26,25,AFTERNOON_12_18,15,6,1,roads,DEPT_ROADS,4,2,0.5,2.0,13.96,0.1396,6,0,1,0.1196,1,0.1697,13.118566,80.179607,49.0,437.0,8.166666666666666,-0.5102
WIN-1707,2025-01-26,25,AFTERNOON_12_18,15,6,1,drainage,DEPT_DRAINAGE,2,1,0.5,2.0,7.46,0.0746,3,1,1,0.3748,0,0.1432,13.056585,80.240466,46.0,349.0,7.666666666666667,-0.7391
WIN-1711,2025-01-26,25,AFTERNOON_12_18,15,6,1,garbage,DEPT_SANITATION,9,6,0.3333,1.5,13.68,0.1368,5,0,5,0.0236,5,0.575,13.13243,80.279184,37.0,370.0,6.166666666666667,0.4595
WIN-1715,2025-01-26,25,AFTERNOON_12_18,15,6,1,water,DEPT_WATER,10,6,0.4,1.67,25.11,0.2511,10,0,3,0.0409,6,0.5979,13.047518,80.30781,37.0,262.0,6.166666666666667,0.6216
WIN-1719,2025-01-26,25,AFTERNOON_12_18,15,6,1,streetlights,DEPT_ELECTRICITY,3,1,0.6667,3.0,42.48,0.4248,17,0,1,0.0035,1,0.2969,13.061336,80.178379,20.0,235.0,3.3333333333333335,-0.1
WIN-1723,2025-01-26,25,AFTERNOON_12_18,15,6,1,infrastructure,DEPT_WORKS,6,5,0.1667,1.2,14.9,0.149,6,1,1,0.2121,1,0.1484,13.059601,80.22675,28.0,206.0,4.666666666666667,0.2857
WIN-1727,2025-01-26,25,AFTERNOON_12_18,15,6,1,other,DEPT_GENERAL,4,2,0.5,2.0,23.23,0.2323,9,1,2,0.1703,1,0.2114,13.08469,80.282188,17.0,166.0,2.8333333333333335,0.4118
WIN-1704,2025-01-26,25,EVENING_18_24,21,6,1,roads,DEPT_ROADS,7,3,0.5714,2.33,44.03,0.4403,18,1,2,0.0855,2,0.2838,13.133088,80.276759,51.0,424.0,8.5,-0.1765
WIN-1708,2025-01-26,25,EVENING_18_24,21,6,1,drainage,DEPT_DRAINAGE,2,1,0.5,2.0,2.94,0.0294,1,0,1,0.0424,1,0.3688,13.047482,80.280943,40.0,339.0,6.666666666666667,-0.7
WIN-1712,2025-01-26,25,EVENING_18_24,21,6,1,garbage,DEPT_SANITATION,5,2,0.6,2.5,25.26,0.2526,10,0,2,0.0498,1,0.1667,12.999732,80.199523,38.0,358.0,6.333333333333333,-0.2105
WIN-1716,2025-01-26,25,EVENING_18_24,21,6,1,water,DEPT_WATER,8,3,0.625,2.67,33.5,0.335,13,2,5,0.2378,2,0.2765,13.124061,80.381716,36.0,263.0,6.0,0.3333
WIN-1720,2025-01-26,25,EVENING_18_24,21,6,1,streetlights,DEPT_ELECTRICITY,4,1,0.75,4.0,52.13,0.5213,21,0,2,0.1167,2,0.3967,13.104795,80.279201,18.0,228.0,3.0,0.3333
WIN-1724,2025-01-26,25,EVENING_18_24,21,6,1,infrastructure,DEPT_WORKS,3,1,0.6667,3.0,39.47,0.3947,16,0,1,0.01,0,0.1207,13.163892,80.173155,24.0,201.0,4.0,-0.25
WIN-1728,2025-01-26,25,EVENING_18_24,21,6,1,other,DEPT_GENERAL,3,1,0.6667,3.0,10.74,0.1074,4,0,1,0.0093,1,0.2384,13.102833,80.267177,18.0,164.0,3.0,0.0
WIN-1729,2025-01-27,26,NIGHT_00_06,3,0,0,roads,DEPT_ROADS,1,1,0.0,1.0,31.92,0.3192,13,0,0,0.0857,0,0.2006,13.089382,80.213325,43.0,414.0,7.166666666666667,-0.8605
WIN-1733,2025-01-27,26,NIGHT_00_06,3,0,0,drainage,DEPT_DRAINAGE,4,3,0.25,1.33,23.57,0.2357,9,0,1,0.0449,0,0.07,13.101414,80.242759,37.0,331.0,6.166666666666667,-0.3514
WIN-1737,2025-01-27,26,NIGHT_00_06,3,0,0,garbage,DEPT_SANITATION,2,1,0.5,2.0,1.68,0.0168,1,0,0,0.2349,0,0.0679,13.118839,80.280131,33.0,341.0,5.5,-0.6364
WIN-1741,2025-01-27,26,NIGHT_00_06,3,0,0,water,DEPT_WATER,4,3,0.25,1.33,21.31,0.2131,9,1,1,0.1418,0,0.0798,13.101439,80.298241,35.0,264.0,5.833333333333333,-0.3143
WIN-1745,2025-01-27,26,NIGHT_00_06,3,0,0,streetlights,DEPT_ELECTRICITY,0,0,0.0,1.0,10.88,0.1088,4,0,0,0.0,0,0.0,13.039475,80.28437,14.0,215.0,2.3333333333333335,-1.0
WIN-1749,2025-01-27,26,NIGHT_00_06,3,0,0,infrastructure,DEPT_WORKS,3,1,0.6667,3.0,56.59,0.5659,23,0,0,0.1554,1,0.1995,13.142771,80.223954,26.0,199.0,4.333333333333333,-0.3077
WIN-1753,2025-01-27,26,NIGHT_00_06,3,0,0,other,DEPT_GENERAL,1,1,0.0,1.0,16.11,0.1611,6,0,0,0.2639,0,0.2316,13.058851,80.239873,13.0,161.0,2.1666666666666665,-0.5385
WIN-1730,2025-01-27,26,MORNING_06_12,9,0,0,roads,DEPT_ROADS,21,10,0.5238,2.1,39.99,0.3999,16,5,4,0.251,7,0.3408,13.066747,80.224967,52.0,423.0,8.666666666666666,1.4231
WIN-1734,2025-01-27,26,MORNING_06_12,9,0,0,drainage,DEPT_DRAINAGE,15,11,0.2667,1.36,43.39,0.4339,17,2,0,0.1433,1,0.0699,13.12867,80.261156,46.0,338.0,7.666666666666667,0.9565
WIN-1738,2025-01-27,26,MORNING_06_12,9,0,0,garbage,DEPT_SANITATION,10,6,0.4,1.67,13.0,0.13,5,2,3,0.1643,1,0.1281,13.113913,80.327944,37.0,341.0,6.166666666666667,0.6216
WIN-1742,2025-01-27,26,MORNING_06_12,9,0,0,water,DEPT_WATER,11,5,0.5455,2.2,19.23,0.1923,8,2,2,0.1748,0,0.0404,13.099689,80.299331,41.0,269.0,6.833333333333333,0.6098
WIN-1746,2025-01-27,26,MORNING_06_12,9,0,0,streetlights,DEPT_ELECTRICITY,8,5,0.375,1.6,14.27,0.1427,6,0,1,0.0379,2,0.1894,13.02673,80.247041,21.0,214.0,3.5,1.2857
WIN-1750,2025-01-27,26,MORNING_06_12,9,0,0,infrastructure,DEPT_WORKS,11,6,0.4545,1.83,60.06,0.6006,24,0,0,0.0143,1,0.0766,13.096823,80.257622,34.0,206.0,5.666666666666667,0.9412
WIN-1754,2025-01-27,26,MORNING_06_12,9,0,0,other,DEPT_GENERAL,6,4,0.3333,1.5,35.52,0.3552,14,0,1,0.0592,2,0.2527,13.084223,80.349736,19.0,162.0,3.1666666666666665,0.8947
WIN-1731,2025-01-27,26,AFTERNOON_12_18,15,0,0,roads,DEPT_ROADS,20,9,0.55,2.22,14.31,0.1431,6,2,8,0.078,6,0.2799,13.111721,80.314728,66.0,441.0,11.0,0.8182
WIN-1735,2025-01-27,26,AFTERNOON_12_18,15,0,0,drainage,DEPT_DRAINAGE,9,4,0.5556,2.25,9.36,0.0936,4,1,7,0.0972,0,0.0493,13.059011,80.258901,50.0,345.0,8.333333333333334,0.08
WIN-1739,2025-01-27,26,AFTERNOON_12_18,15,0,0,garbage,DEPT_SANITATION,18,10,0.4444,1.8,27.24,0.2724,11,2,11,0.1218,5,0.2716,13.104762,80.261801,53.0,359.0,8.833333333333334,1.0377
WIN-1743,2025-01-27,26,AFTERNOON_12_18,15,0,0,water,DEPT_WATER,14,5,0.6429,2.8,29.98,0.2998,12,2,5,0.1562,1,0.0549,13.108271,80.3303,55.0,278.0,9.166666666666666,0.5273
WIN-1747,2025-01-27,26,AFTERNOON_12_18,15,0,0,streetlights,DEPT_ELECTRICITY,15,6,0.6,2.5,23.11,0.2311,9,0,9,0.0308,1,0.0999,13.11655,80.326142,35.0,227.0,5.833333333333333,1.5714
WIN-1751,2025-01-27,26,AFTERNOON_12_18,15,0,0,infrastructure,DEPT_WORKS,5,3,0.4,1.67,28.22,0.2822,11,0,1,0.0318,1,0.1032,13.047291,80.360913,36.0,210.0,6.0,-0.1667
WIN-1755,2025-01-27,26,AFTERNOON_12_18,15,0,0,other,DEPT_GENERAL,9,4,0.5556,2.25,39.57,0.3957,16,0,5,0.0028,2,0.2462,13.107905,80.278382,27.0,170.0,4.5,1.0
WIN-1732,2025-01-27,26,EVENING_18_24,21,0,0,roads,DEPT_ROADS,15,10,0.3333,1.5,55.41,0.5541,22,1,3,0.084,3,0.2214,13.095271,80.378216,68.0,435.0,11.333333333333334,0.3235
WIN-1736,2025-01-27,26,EVENING_18_24,21,0,0,drainage,DEPT_DRAINAGE,8,5,0.375,1.6,36.82,0.3682,15,1,4,0.0985,3,0.3429,13.090728,80.298891,40.0,338.0,6.666666666666667,0.2
WIN-1740,2025-01-27,26,EVENING_18_24,21,0,0,garbage,DEPT_SANITATION,4,2,0.5,2.0,45.57,0.4557,18,0,1,0.083,0,0.1153,13.153146,80.229101,48.0,343.0,8.0,-0.5
WIN-1744,2025-01-27,26,EVENING_18_24,21,0,0,water,DEPT_WATER,9,4,0.5556,2.25,28.16,0.2816,11,2,1,0.2057,3,0.2782,13.167,80.391282,56.0,272.0,9.333333333333334,-0.0357
WIN-1748,2025-01-27,26,EVENING_18_24,21,0,0,streetlights,DEPT_ELECTRICITY,11,8,0.2727,1.38,27.68,0.2768,11,3,2,0.2606,6,0.5565,13.11755,80.351603,41.0,231.0,6.833333333333333,0.6098
WIN-1752,2025-01-27,26,EVENING_18_24,21,0,0,infrastructure,DEPT_WORKS,5,2,0.6,2.5,12.45,0.1245,5,1,1,0.2158,3,0.5223,13.105019,80.238688,33.0,206.0,5.5,-0.0909
WIN-1756,2025-01-27,26,EVENING_18_24,21,0,0,other,DEPT_GENERAL,6,4,0.3333,1.5,22.37,0.2237,9,1,3,0.1138,1,0.2011,13.059066,80.287019,29.0,169.0,4.833333333333333,0.2414
WIN-1757,2025-01-28,27,NIGHT_00_06,3,1,0,roads,DEPT_ROADS,3,1,0.6667,3.0,34.77,0.3477,14,1,1,0.4523,1,0.4555,13.089725,80.218292,67.0,424.0,11.166666666666666,-0.7313
WIN-1761,2025-01-28,27,NIGHT_00_06,3,1,0,drainage,DEPT_DRAINAGE,3,1,0.6667,3.0,26.59,0.2659,11,1,1,0.1889,0,0.0103,12.969924,80.248716,41.0,328.0,6.833333333333333,-0.561
WIN-1765,2025-01-28,27,NIGHT_00_06,3,1,0,garbage,DEPT_SANITATION,1,1,0.0,1.0,31.92,0.3192,13,0,0,0.0059,0,0.0351,13.13909,80.252876,40.0,333.0,6.666666666666667,-0.85
WIN-1769,2025-01-28,27,NIGHT_00_06,3,1,0,water,DEPT_WATER,0,0,0.0,1.0,37.2,0.372,15,0,0,0.0,0,0.0,13.119068,80.167714,46.0,265.0,7.666666666666667,-1.0
WIN-1773,2025-01-28,27,NIGHT_00_06,3,1,0,streetlights,DEPT_ELECTRICITY,5,3,0.4,1.67,11.82,0.1182,5,1,1,0.2801,1,0.2591,13.181636,80.201191,43.0,226.0,7.166666666666667,-0.3023
WIN-1777,2025-01-28,27,NIGHT_00_06,3,1,0,infrastructure,DEPT_WORKS,0,0,0.0,1.0,6.56,0.0656,3,0,0,0.0,0,0.0,13.021009,80.296203,27.0,195.0,4.5,-1.0
WIN-1781,2025-01-28,27,NIGHT_00_06,3,1,0,other,DEPT_GENERAL,1,1,0.0,1.0,46.94,0.4694,19,0,0,0.0246,0,0.0001,13.075827,80.276581,26.0,166.0,4.333333333333333,-0.7692
WIN-1758,2025-01-28,27,MORNING_06_12,9,1,0,roads,DEPT_ROADS,18,10,0.4444,1.8,29.51,0.2951,12,1,9,0.0429,6,0.324,13.034795,80.238293,78.0,431.0,13.0,0.3846
WIN-1762,2025-01-28,27,MORNING_06_12,9,1,0,drainage,DEPT_DRAINAGE,15,10,0.3333,1.5,46.0,0.46,18,5,3,0.3311,5,0.3434,13.05669,80.20859,54.0,333.0,9.0,0.6667
WIN-1766,2025-01-28,27,MORNING_06_12,9,1,0,garbage,DEPT_SANITATION,23,9,0.6087,2.56,50.98,0.5098,20,2,4,0.0658,4,0.1848,12.941785,80.243918,58.0,342.0,9.666666666666666,1.3793
WIN-1770,2025-01-28,27,MORNING_06_12,9,1,0,water,DEPT_WATER,12,6,0.5,2.0,10.73,0.1073,4,3,3,0.2541,3,0.2336,13.108041,80.285733,50.0,270.0,8.333333333333334,0.44
WIN-1774,2025-01-28,27,MORNING_06_12,9,1,0,streetlights,DEPT_ELECTRICITY,13,5,0.6154,2.6,40.18,0.4018,16,3,7,0.2121,6,0.4815,13.104538,80.276412,52.0,235.0,8.666666666666666,0.5
WIN-1778,2025-01-28,27,MORNING_06_12,9,1,0,infrastructure,DEPT_WORKS,8,4,0.5,2.0,50.21,0.5021,20,0,2,0.0509,2,0.2273,13.15867,80.392499,32.0,199.0,5.333333333333333,0.5
WIN-1782,2025-01-28,27,MORNING_06_12,9,1,0,other,DEPT_GENERAL,6,3,0.5,2.0,43.29,0.4329,17,0,1,0.0252,1,0.1008,13.103678,80.241361,29.0,166.0,4.833333333333333,0.2414
WIN-1759,2025-01-28,27,AFTERNOON_12_18,15,1,0,roads,DEPT_ROADS,12,8,0.3333,1.5,5.54,0.0554,2,0,1,0.0244,4,0.3108,13.098486,80.285175,89.0,442.0,14.833333333333334,-0.191
WIN-1763,2025-01-28,27,AFTERNOON_12_18,15,1,0,drainage,DEPT_DRAINAGE,16,7,0.5625,2.29,26.95,0.2695,11,1,7,0.042,5,0.2945,13.167771,80.312943,66.0,348.0,11.0,0.4545
WIN-1767,2025-01-28,27,AFTERNOON_12_18,15,1,0,garbage,DEPT_SANITATION,11,5,0.5455,2.2,16.28,0.1628,7,2,3,0.1463,4,0.408,13.079521,80.292204,67.0,351.0,11.166666666666666,-0.0149
WIN-1771,2025-01-28,27,AFTERNOON_12_18,15,1,0,water,DEPT_WATER,7,4,0.4286,1.75,54.45,0.5445,22,1,2,0.2079,1,0.0825,13.07143,80.167186,53.0,274.0,8.833333333333334,-0.2075
WIN-1775,2025-01-28,27,AFTERNOON_12_18,15,1,0,streetlights,DEPT_ELECTRICITY,5,3,0.4,1.67,38.6,0.386,15,0,2,0.0856,1,0.2026,13.111074,80.264206,57.0,240.0,9.5,-0.4737
WIN-1779,2025-01-28,27,AFTERNOON_12_18,15,1,0,infrastructure,DEPT_WORKS,9,4,0.5556,2.25,12.68,0.1268,5,1,0,0.1279,1,0.1413,13.04497,80.36595,38.0,208.0,6.333333333333333,0.4211
WIN-1783,2025-01-28,27,AFTERNOON_12_18,15,1,0,other,DEPT_GENERAL,3,2,0.3333,1.5,13.99,0.1399,6,0,1,0.1096,1,0.2945,13.071975,80.298256,31.0,168.0,5.166666666666667,-0.4194
WIN-1760,2025-01-28,27,EVENING_18_24,21,1,0,roads,DEPT_ROADS,6,4,0.3333,1.5,48.75,0.4875,20,1,0,0.1712,2,0.3109,13.053925,80.224026,74.0,437.0,12.333333333333334,-0.5135
WIN-1764,2025-01-28,27,EVENING_18_24,21,1,0,drainage,DEPT_DRAINAGE,10,7,0.3,1.43,17.04,0.1704,7,2,4,0.1548,2,0.2054,13.111528,80.329838,61.0,349.0,10.166666666666666,-0.0164
WIN-1768,2025-01-28,27,EVENING_18_24,21,1,0,garbage,DEPT_SANITATION,14,7,0.5,2.0,15.61,0.1561,6,1,6,0.0673,6,0.4013,13.044018,80.28188,71.0,363.0,11.833333333333334,0.1831
WIN-1772,2025-01-28,27,EVENING_18_24,21,1,0,water,DEPT_WATER,4,2,0.5,2.0,49.34,0.4934,20,1,1,0.1405,0,0.089,13.008175,80.328628,46.0,266.0,7.666666666666667,-0.4783
WIN-1776,2025-01-28,27,EVENING_18_24,21,1,0,streetlights,DEPT_ELECTRICITY,12,8,0.3333,1.5,4.57,0.0457,2,5,1,0.3872,5,0.4272,13.03907,80.336456,61.0,248.0,10.166666666666666,0.1803
WIN-1780,2025-01-28,27,EVENING_18_24,21,1,0,infrastructure,DEPT_WORKS,5,2,0.6,2.5,15.25,0.1525,6,1,2,0.2279,3,0.5285,13.027467,80.297482,32.0,206.0,5.333333333333333,-0.0625
WIN-1784,2025-01-28,27,EVENING_18_24,21,1,0,other,DEPT_GENERAL,5,2,0.6,2.5,15.81,0.1581,6,0,0,0.0218,1,0.2154,13.102406,80.240003,30.0,169.0,5.0,0.0
WIN-1785,2025-01-29,28,NIGHT_00_06,3,2,0,roads,DEPT_ROADS,1,1,0.0,1.0,50.12,0.5012,20,0,0,0.086,0,0.3944,13.096573,80.303928,55.0,434.0,9.166666666666666,-0.8909
WIN-1789,2025-01-29,28,NIGHT_00_06,3,2,0,drainage,DEPT_DRAINAGE,2,1,0.5,2.0,18.29,0.1829,7,0,0,0.2499,0,0.12,13.106691,80.257124,54.0,346.0,9.0,-0.7778
WIN-1793,2025-01-29,28,NIGHT_00_06,3,2,0,garbage,DEPT_SANITATION,3,2,0.3333,1.5,8.21,0.0821,3,0,0,0.1227,1,0.1934,13.02271,80.317517,56.0,353.0,9.333333333333334,-0.6786
WIN-1797,2025-01-29,28,NIGHT_00_06,3,2,0,water,DEPT_WATER,3,1,0.6667,3.0,21.1,0.211,8,0,2,0.0744,1,0.2648,13.096861,80.222754,35.0,265.0,5.833333333333333,-0.4857
WIN-1801,2025-01-29,28,NIGHT_00_06,3,2,0,streetlights,DEPT_ELECTRICITY,0,0,0.0,1.0,13.19,0.1319,5,0,0,0.0,0,0.0,13.125906,80.232243,46.0,244.0,7.666666666666667,-1.0
WIN-1805,2025-01-29,28,NIGHT_00_06,3,2,0,infrastructure,DEPT_WORKS,1,1,0.0,1.0,27.24,0.2724,11,0,0,0.1366,0,0.0233,13.07198,80.240681,28.0,204.0,4.666666666666667,-0.7857
WIN-1809,2025-01-29,28,NIGHT_00_06,3,2,0,other,DEPT_GENERAL,1,1,0.0,1.0,49.66,0.4966,20,0,0,0.1939,0,0.0639,13.067102,80.265544,22.0,168.0,3.6666666666666665,-0.7273
WIN-1786,2025-01-29,28,MORNING_06_12,9,2,0,roads,DEPT_ROADS,14,7,0.5,2.0,27.97,0.2797,11,1,6,0.0755,1,0.0616,13.079227,80.271366,54.0,441.0,9.0,0.5556
WIN-1790,2025-01-29,28,MORNING_06_12,9,2,0,drainage,DEPT_DRAINAGE,14,6,0.5714,2.33,5.04,0.0504,2,0,0,0.0211,1,0.1045,13.112214,80.265587,60.0,356.0,10.0,0.4
WIN-1794,2025-01-29,28,MORNING_06_12,9,2,0,garbage,DEPT_SANITATION,19,7,0.6316,2.71,17.04,0.1704,7,0,8,0.013,1,0.0602,13.078841,80.270317,71.0,365.0,11.833333333333334,0.6056
WIN-1798,2025-01-29,28,MORNING_06_12,9,2,0,water,DEPT_WATER,13,7,0.4615,1.86,57.49,0.5749,23,2,9,0.1766,0,0.0092,13.11164,80.160491,39.0,276.0,6.5,1.0
WIN-1802,2025-01-29,28,MORNING_06_12,9,2,0,streetlights,DEPT_ELECTRICITY,20,10,0.5,2.0,17.05,0.1705,7,1,4,0.0254,3,0.1588,13.160066,80.290129,55.0,259.0,9.166666666666666,1.1818
WIN-1806,2025-01-29,28,MORNING_06_12,9,2,0,infrastructure,DEPT_WORKS,12,8,0.3333,1.5,27.75,0.2775,11,1,5,0.0507,2,0.1829,13.035193,80.268469,35.0,214.0,5.833333333333333,1.0571
WIN-1810,2025-01-29,28,MORNING_06_12,9,2,0,other,DEPT_GENERAL,8,4,0.5,2.0,39.95,0.3995,16,0,1,0.0169,1,0.0772,13.010699,80.127886,24.0,174.0,4.0,1.0
WIN-1787,2025-01-29,28,AFTERNOON_12_18,15,2,0,roads,DEPT_ROADS,15,8,0.4667,1.88,79.31,0.7931,32,2,3,0.1053,8,0.5334,13.042924,80.344349,66.0,451.0,11.0,0.3636
WIN-1791,2025-01-29,28,AFTERNOON_12_18,15,2,0,drainage,DEPT_DRAINAGE,12,6,0.5,2.0,64.9,0.649,26,6,2,0.4641,1,0.0487,13.166292,80.294197,69.0,368.0,11.5,0.0435
WIN-1795,2025-01-29,28,AFTERNOON_12_18,15,2,0,garbage,DEPT_SANITATION,23,19,0.1739,1.21,37.38,0.3738,15,0,9,0.0115,2,0.0774,13.176659,80.291381,93.0,386.0,15.5,0.4839
WIN-1799,2025-01-29,28,AFTERNOON_12_18,15,2,0,water,DEPT_WATER,11,6,0.4545,1.83,62.24,0.6224,25,1,0,0.0949,0,0.0206,13.063062,80.195608,50.0,286.0,8.333333333333334,0.32
WIN-1803,2025-01-29,28,AFTERNOON_12_18,15,2,0,streetlights,DEPT_ELECTRICITY,7,3,0.5714,2.33,61.82,0.6182,25,1,0,0.0905,2,0.2666,13.025192,80.271588,57.0,266.0,9.5,-0.2632
WIN-1807,2025-01-29,28,AFTERNOON_12_18,15,2,0,infrastructure,DEPT_WORKS,9,6,0.3333,1.5,19.69,0.1969,8,2,3,0.1685,1,0.0727,13.005469,80.414404,44.0,222.0,7.333333333333333,0.2273
WIN-1811,2025-01-29,28,AFTERNOON_12_18,15,2,0,other,DEPT_GENERAL,3,1,0.6667,3.0,70.68,0.7068,28,0,1,0.0734,1,0.2442,13.099317,80.30367,26.0,176.0,4.333333333333333,-0.3077
WIN-1788,2025-01-29,28,EVENING_18_24,21,2,0,roads,DEPT_ROADS,9,5,0.4444,1.8,6.5,0.065,3,0,2,0.0147,2,0.2712,13.116089,80.208124,57.0,445.0,9.5,-0.0526
WIN-1792,2025-01-29,28,EVENING_18_24,21,2,0,drainage,DEPT_DRAINAGE,6,3,0.5,2.0,40.09,0.4009,16,1,1,0.0858,1,0.173,13.117465,80.243496,60.0,368.0,10.0,-0.4
WIN-1796,2025-01-29,28,EVENING_18_24,21,2,0,garbage,DEPT_SANITATION,9,7,0.2222,1.29,37.57,0.3757,15,2,2,0.2084,4,0.4023,13.077999,80.268759,79.0,388.0,13.166666666666666,-0.3165
WIN-1800,2025-01-29,28,EVENING_18_24,21,2,0,water,DEPT_WATER,7,3,0.5714,2.33,24.5,0.245,10,0,1,0.0084,5,0.6666,13.000424,80.206543,45.0,281.0,7.5,-0.0667
WIN-1804,2025-01-29,28,EVENING_18_24,21,2,0,streetlights,DEPT_ELECTRICITY,6,4,0.3333,1.5,14.42,0.1442,6,2,1,0.3147,1,0.2367,13.042504,80.331526,50.0,264.0,8.333333333333334,-0.28
WIN-1808,2025-01-29,28,EVENING_18_24,21,2,0,infrastructure,DEPT_WORKS,5,3,0.4,1.67,56.89,0.5689,23,0,1,0.0938,2,0.4847,13.069716,80.329657,41.0,221.0,6.833333333333333,-0.2683
WIN-1812,2025-01-29,28,EVENING_18_24,21,2,0,other,DEPT_GENERAL,6,3,0.5,2.0,23.33,0.2333,9,1,1,0.0849,1,0.1167,13.064909,80.279676,26.0,178.0,4.333333333333333,0.3846
WIN-1813,2025-01-30,29,NIGHT_00_06,3,3,0,roads,DEPT_ROADS,4,2,0.5,2.0,53.09,0.5309,21,0,1,0.0761,0,0.1024,13.051966,80.232029,49.0,443.0,8.166666666666666,-0.5102
WIN-1817,2025-01-30,29,NIGHT_00_06,3,3,0,drainage,DEPT_DRAINAGE,5,2,0.6,2.5,29.77,0.2977,12,0,1,0.0987,3,0.6229,13.044189,80.297876,49.0,367.0,8.166666666666666,-0.3878
WIN-1821,2025-01-30,29,NIGHT_00_06,3,3,0,garbage,DEPT_SANITATION,6,2,0.6667,3.0,44.21,0.4421,18,1,1,0.236,1,0.116,13.119289,80.346177,74.0,387.0,12.333333333333334,-0.5135
WIN-1825,2025-01-30,29,NIGHT_00_06,3,3,0,water,DEPT_WATER,4,2,0.5,2.0,71.38,0.7138,29,0,1,0.0557,1,0.2008,13.119597,80.23846,42.0,279.0,7.0,-0.4286
WIN-1829,2025-01-30,29,NIGHT_00_06,3,3,0,streetlights,DEPT_ELECTRICITY,4,2,0.5,2.0,4.53,0.0453,2,0,1,0.0102,0,0.0064,13.054422,80.30211,49.0,266.0,8.166666666666666,-0.5102
WIN-1833,2025-01-30,29,NIGHT_00_06,3,3,0,infrastructure,DEPT_WORKS,2,1,0.5,2.0,13.33,0.1333,5,0,0,0.0815,0,0.1775,13.126663,80.317857,34.0,218.0,5.666666666666667,-0.6471
WIN-1837,2025-01-30,29,NIGHT_00_06,3,3,0,other,DEPT_GENERAL,3,2,0.3333,1.5,37.94,0.3794,15,0,1,0.0005,1,0.2626,13.128899,80.243176,26.0,179.0,4.333333333333333,-0.3077
WIN-1814,2025-01-30,29,MORNING_06_12,9,3,0,roads,DEPT_ROADS,25,9,0.64,2.78,17.47,0.1747,7,5,7,0.1802,13,0.5236,13.112043,80.324151,68.0,462.0,11.333333333333334,1.2059
WIN-1818,2025-01-30,29,MORNING_06_12,9,3,0,drainage,DEPT_DRAINAGE,14,5,0.6429,2.8,20.97,0.2097,8,0,3,0.0025,2,0.1143,12.991137,80.235945,53.0,377.0,8.833333333333334,0.5849
WIN-1822,2025-01-30,29,MORNING_06_12,9,3,0,garbage,DEPT_SANITATION,9,3,0.6667,3.0,33.86,0.3386,14,0,3,0.0259,2,0.2689,13.120588,80.214169,69.0,391.0,11.5,-0.2174
WIN-1826,2025-01-30,29,MORNING_06_12,9,3,0,water,DEPT_WATER,5,3,0.4,1.67,34.25,0.3425,14,1,2,0.1837,0,0.0705,13.076035,80.255168,43.0,281.0,7.166666666666667,-0.3023
WIN-1830,2025-01-30,29,MORNING_06_12,9,3,0,streetlights,DEPT_ELECTRICITY,8,5,0.375,1.6,18.19,0.1819,7,0,1,0.0385,0,0.0122,12.96022,80.250497,45.0,268.0,7.5,0.0667
WIN-1834,2025-01-30,29,MORNING_06_12,9,3,0,infrastructure,DEPT_WORKS,5,2,0.6,2.5,23.92,0.2392,10,1,2,0.2635,1,0.1219,13.089109,80.246499,34.0,222.0,5.666666666666667,-0.1176
WIN-1838,2025-01-30,29,MORNING_06_12,9,3,0,other,DEPT_GENERAL,7,3,0.5714,2.33,27.85,0.2785,11,1,1,0.2095,0,0.0474,13.05128,80.354779,28.0,184.0,4.666666666666667,0.5
WIN-1815,2025-01-30,29,AFTERNOON_12_18,15,3,0,roads,DEPT_ROADS,24,10,0.5833,2.4,12.82,0.1282,5,2,6,0.0798,5,0.2127,12.996884,80.225579,91.0,483.0,15.166666666666666,0.5824
WIN-1819,2025-01-30,29,AFTERNOON_12_18,15,3,0,drainage,DEPT_DRAINAGE,14,10,0.2857,1.4,8.2,0.082,3,1,2,0.0444,0,0.0274,13.128081,80.229489,65.0,389.0,10.833333333333334,0.2923
WIN-1823,2025-01-30,29,AFTERNOON_12_18,15,3,0,garbage,DEPT_SANITATION,10,6,0.4,1.67,8.27,0.0827,3,0,2,0.0109,2,0.2349,13.073583,80.196888,76.0,397.0,12.666666666666666,-0.2105
WIN-1827,2025-01-30,29,AFTERNOON_12_18,15,3,0,water,DEPT_WATER,14,11,0.2143,1.27,59.54,0.5954,24,2,3,0.1452,0,0.0156,13.062482,80.261923,54.0,294.0,9.0,0.5556
WIN-1831,2025-01-30,29,AFTERNOON_12_18,15,3,0,streetlights,DEPT_ELECTRICITY,7,3,0.5714,2.33,41.06,0.4106,16,2,2,0.2252,1,0.0804,13.08364,80.319239,52.0,274.0,8.666666666666666,-0.1923
WIN-1835,2025-01-30,29,AFTERNOON_12_18,15,3,0,infrastructure,DEPT_WORKS,5,2,0.6,2.5,53.05,0.5305,21,2,1,0.3466,0,0.0812,13.070526,80.23801,38.0,226.0,6.333333333333333,-0.2105
WIN-1839,2025-01-30,29,AFTERNOON_12_18,15,3,0,other,DEPT_GENERAL,8,4,0.5,2.0,42.82,0.4282,17,0,2,0.032,0,0.0055,13.041115,80.149521,35.0,191.0,5.833333333333333,0.3714
WIN-1816,2025-01-30,29,EVENING_18_24,21,3,0,roads,DEPT_ROADS,11,8,0.2727,1.38,19.15,0.1915,8,2,3,0.1928,1,0.062,13.132035,80.316337,88.0,476.0,14.666666666666666,-0.25
WIN-1820,2025-01-30,29,EVENING_18_24,21,3,0,drainage,DEPT_DRAINAGE,8,4,0.5,2.0,78.05,0.7805,31,0,3,0.0479,3,0.3997,13.033942,80.226077,59.0,376.0,9.833333333333334,-0.1864
WIN-1824,2025-01-30,29,EVENING_18_24,21,3,0,garbage,DEPT_SANITATION,6,2,0.6667,3.0,32.35,0.3235,13,0,0,0.01,2,0.2666,13.180755,80.187697,63.0,386.0,10.5,-0.4286
WIN-1828,2025-01-30,29,EVENING_18_24,21,3,0,water,DEPT_WATER,4,2,0.5,2.0,40.7,0.407,16,0,1,0.0779,0,0.0479,13.042071,80.314399,45.0,290.0,7.5,-0.4667
WIN-1832,2025-01-30,29,EVENING_18_24,21,3,0,streetlights,DEPT_ELECTRICITY,3,1,0.6667,3.0,28.34,0.2834,11,1,0,0.347,0,0.1501,13.05699,80.3207,35.0,270.0,5.833333333333333,-0.4857
WIN-1836,2025-01-30,29,EVENING_18_24,21,3,0,infrastructure,DEPT_WORKS,6,2,0.6667,3.0,17.6,0.176,7,0,0,0.0406,0,0.0579,13.116915,80.278802,32.0,225.0,5.333333333333333,0.125
WIN-1840,2025-01-30,29,EVENING_18_24,21,3,0,other,DEPT_GENERAL,5,4,0.2,1.25,24.17,0.2417,10,0,1,0.0389,2,0.494,13.100441,80.218074,32.0,189.0,5.333333333333333,-0.0625
WIN-1841,2025-01-31,30,NIGHT_00_06,3,4,0,roads,DEPT_ROADS,3,1,0.6667,3.0,2.73,0.0273,1,0,1,0.0208,0,0.1298,13.154282,80.318686,76.0,462.0,12.666666666666666,-0.7632
WIN-1845,2025-01-31,30,NIGHT_00_06,3,4,0,drainage,DEPT_DRAINAGE,1,1,0.0,1.0,44.44,0.4444,18,0,0,0.0087,0,0.2601,13.012421,80.23053,48.0,362.0,8.0,-0.875
WIN-1849,2025-01-31,30,NIGHT_00_06,3,4,0,garbage,DEPT_SANITATION,2,2,0.0,1.0,26.63,0.2663,11,0,1,0.0222,0,0.1459,13.193113,80.235038,42.0,374.0,7.0,-0.7143
WIN-1853,2025-01-31,30,NIGHT_00_06,3,4,0,water,DEPT_WATER,4,2,0.5,2.0,33.0,0.33,13,0,2,0.1139,1,0.1779,13.071701,80.234717,38.0,286.0,6.333333333333333,-0.3684
WIN-1857,2025-01-31,30,NIGHT_00_06,3,4,0,streetlights,DEPT_ELECTRICITY,1,1,0.0,1.0,18.15,0.1815,7,0,0,0.3011,0,0.0118,13.073279,80.291483,29.0,264.0,4.833333333333333,-0.7931
WIN-1861,2025-01-31,30,NIGHT_00_06,3,4,0,infrastructure,DEPT_WORKS,2,1,0.5,2.0,34.09,0.3409,14,0,1,0.066,1,0.3885,13.010556,80.255978,25.0,222.0,4.166666666666667,-0.52
WIN-1865,2025-01-31,30,NIGHT_00_06,3,4,0,other,DEPT_GENERAL,0,0,0.0,1.0,0.77,0.0077,0,0,0,0.0,0,0.0,13.173484,80.203264,29.0,182.0,4.833333333333333,-1.0
WIN-1842,2025-01-31,30,MORNING_06_12,9,4,0,roads,DEPT_ROADS,19,11,0.4211,1.73,15.07,0.1507,6,5,7,0.2701,2,0.0816,13.066071,80.246765,86.0,467.0,14.333333333333334,0.3256
WIN-1846,2025-01-31,30,MORNING_06_12,9,4,0,drainage,DEPT_DRAINAGE,20,8,0.6,2.5,19.7,0.197,8,1,8,0.0324,2,0.075,13.139795,80.269202,62.0,368.0,10.333333333333334,0.9355
WIN-1850,2025-01-31,30,MORNING_06_12,9,4,0,garbage,DEPT_SANITATION,14,8,0.4286,1.75,5.03,0.0503,2,1,2,0.0614,2,0.1682,12.982848,80.275591,47.0,385.0,7.833333333333333,0.7872
WIN-1854,2025-01-31,30,MORNING_06_12,9,4,0,water,DEPT_WATER,8,3,0.625,2.67,43.2,0.432,17,2,3,0.249,2,0.2234,13.136911,80.346651,39.0,287.0,6.5,0.2308
WIN-1858,2025-01-31,30,MORNING_06_12,9,4,0,streetlights,DEPT_ELECTRICITY,17,10,0.4118,1.7,39.27,0.3927,16,0,9,0.0058,0,0.0275,13.14704,80.271416,40.0,274.0,6.666666666666667,1.55
WIN-1862,2025-01-31,30,MORNING_06_12,9,4,0,infrastructure,DEPT_WORKS,10,4,0.6,2.5,49.24,0.4924,20,0,5,0.0493,0,0.0121,13.015123,80.291435,30.0,227.0,5.0,1.0
WIN-1866,2025-01-31,30,MORNING_06_12,9,4,0,other,DEPT_GENERAL,3,2,0.3333,1.5,14.52,0.1452,6,1,1,0.2302,1,0.4855,13.136952,80.21865,26.0,181.0,4.333333333333333,-0.3077
WIN-1843,2025-01-31,30,AFTERNOON_12_18,15,4,0,roads,DEPT_ROADS,9,5,0.4444,1.8,9.49,0.0949,4,0,7,0.0172,0,0.0248,13.073251,80.278735,91.0,472.0,15.166666666666666,-0.4066
WIN-1847,2025-01-31,30,AFTERNOON_12_18,15,4,0,drainage,DEPT_DRAINAGE,13,9,0.3077,1.44,37.95,0.3795,15,3,8,0.1994,5,0.3645,13.152869,80.283064,70.0,378.0,11.666666666666666,0.1143
WIN-1851,2025-01-31,30,AFTERNOON_12_18,15,4,0,garbage,DEPT_SANITATION,17,10,0.4118,1.7,11.5,0.115,5,2,7,0.1274,3,0.187,13.061688,80.190867,58.0,400.0,9.666666666666666,0.7586
WIN-1855,2025-01-31,30,AFTERNOON_12_18,15,4,0,water,DEPT_WATER,11,5,0.5455,2.2,41.47,0.4147,17,1,2,0.114,1,0.0634,13.042774,80.255403,46.0,297.0,7.666666666666667,0.4348
WIN-1859,2025-01-31,30,AFTERNOON_12_18,15,4,0,streetlights,DEPT_ELECTRICITY,12,6,0.5,2.0,39.49,0.3949,16,0,4,0.0303,1,0.0579,13.173521,80.327838,48.0,286.0,8.0,0.5
WIN-1863,2025-01-31,30,AFTERNOON_12_18,15,4,0,infrastructure,DEPT_WORKS,5,2,0.6,2.5,13.49,0.1349,5,0,1,0.0762,0,0.0805,13.138161,80.230001,33.0,228.0,5.5,-0.0909
WIN-1867,2025-01-31,30,AFTERNOON_12_18,15,4,0,other,DEPT_GENERAL,3,1,0.6667,3.0,18.3,0.183,7,0,0,0.0089,0,0.1098,13.020933,80.258232,26.0,184.0,4.333333333333333,-0.3077
WIN-1844,2025-01-31,30,EVENING_18_24,21,4,0,roads,DEPT_ROADS,18,11,0.3889,1.64,3.02,0.0302,1,2,4,0.1331,4,0.2128,13.105498,80.276639,84.0,476.0,14.0,0.2857
WIN-1848,2025-01-31,30,EVENING_18_24,21,4,0,drainage,DEPT_DRAINAGE,9,5,0.4444,1.8,32.25,0.3225,13,1,3,0.0792,3,0.346,13.073395,80.259148,65.0,374.0,10.833333333333334,-0.1692
WIN-1852,2025-01-31,30,EVENING_18_24,21,4,0,garbage,DEPT_SANITATION,10,8,0.2,1.25,26.91,0.2691,11,1,3,0.0832,1,0.071,13.048122,80.341645,59.0,402.0,9.833333333333334,0.0169
WIN-1856,2025-01-31,30,EVENING_18_24,21,4,0,water,DEPT_WATER,6,2,0.6667,3.0,4.41,0.0441,2,1,1,0.1,1,0.2238,13.091499,80.195368,47.0,293.0,7.833333333333333,-0.234
WIN-1860,2025-01-31,30,EVENING_18_24,21,4,0,streetlights,DEPT_ELECTRICITY,2,1,0.5,2.0,37.88,0.3788,15,0,1,0.1681,0,0.1313,13.143494,80.263211,42.0,277.0,7.0,-0.7143
WIN-1864,2025-01-31,30,EVENING_18_24,21,4,0,infrastructure,DEPT_WORKS,5,2,0.6,2.5,27.08,0.2708,11,1,0,0.288,0,0.0882,13.091596,80.209923,33.0,228.0,5.5,-0.0909
WIN-1868,2025-01-31,30,EVENING_18_24,21,4,0,other,DEPT_GENERAL,4,2,0.5,2.0,10.01,0.1001,4,1,1,0.1571,0,0.1201,13.177373,80.339144,23.0,179.0,3.8333333333333335,0.0435
WIN-1869,2025-02-01,31,NIGHT_00_06,3,5,1,roads,DEPT_ROADS,4,2,0.5,2.0,25.23,0.2523,10,0,1,0.076,0,0.1087,13.088027,80.302448,64.0,467.0,10.666666666666666,-0.625
WIN-1873,2025-02-01,31,NIGHT_00_06,3,5,1,drainage,DEPT_DRAINAGE,1,1,0.0,1.0,12.69,0.1269,5,0,0,0.0653,0,0.1096,13.076199,80.272784,52.0,367.0,8.666666666666666,-0.8846
WIN-1877,2025-02-01,31,NIGHT_00_06,3,5,1,garbage,DEPT_SANITATION,1,1,0.0,1.0,62.16,0.6216,25,0,0,0.0292,0,0.3723,13.09354,80.25646,50.0,390.0,8.333333333333334,-0.88
WIN-1881,2025-02-01,31,NIGHT_00_06,3,5,1,water,DEPT_WATER,3,1,0.6667,3.0,34.36,0.3436,14,0,1,0.1644,1,0.4481,12.997356,80.282976,36.0,290.0,6.0,-0.5
WIN-1885,2025-02-01,31,NIGHT_00_06,3,5,1,streetlights,DEPT_ELECTRICITY,0,0,0.0,1.0,44.73,0.4473,18,0,0,0.0,0,0.0,13.068276,80.208714,35.0,269.0,5.833333333333333,-1.0
WIN-1889,2025-02-01,31,NIGHT_00_06,3,5,1,infrastructure,DEPT_WORKS,1,1,0.0,1.0,39.06,0.3906,16,0,0,0.1115,0,0.3533,13.090898,80.291223,29.0,221.0,4.833333333333333,-0.7931
WIN-1893,2025-02-01,31,NIGHT_00_06,3,5,1,other,DEPT_GENERAL,1,1,0.0,1.0,37.93,0.3793,15,0,0,0.0038,0,0.1928,12.99706,80.263234,16.0,169.0,2.6666666666666665,-0.625
WIN-1870,2025-02-01,31,MORNING_06_12,9,5,1,roads,DEPT_ROADS,7,3,0.5714,2.33,8.92,0.0892,4,1,2,0.2019,3,0.4522,13.012796,80.337398,60.0,464.0,10.0,-0.3
WIN-1874,2025-02-01,31,MORNING_06_12,9,5,1,drainage,DEPT_DRAINAGE,9,4,0.5556,2.25,16.22,0.1622,6,1,2,0.0673,0,0.0377,13.08351,80.265744,53.0,363.0,8.833333333333334,0.0189
WIN-1878,2025-02-01,31,MORNING_06_12,9,5,1,garbage,DEPT_SANITATION,6,3,0.5,2.0,25.93,0.2593,10,0,1,0.0189,2,0.3297,13.088524,80.256074,50.0,385.0,8.333333333333334,-0.28
WIN-1882,2025-02-01,31,MORNING_06_12,9,5,1,water,DEPT_WATER,6,2,0.6667,3.0,29.66,0.2966,12,0,1,0.0187,1,0.1702,13.024683,80.342287,38.0,291.0,6.333333333333333,-0.0526
WIN-1886,2025-02-01,31,MORNING_06_12,9,5,1,streetlights,DEPT_ELECTRICITY,4,2,0.5,2.0,21.4,0.214,9,0,2,0.007,1,0.3089,13.017663,80.271235,36.0,265.0,6.0,-0.3333
WIN-1890,2025-02-01,31,MORNING_06_12,9,5,1,infrastructure,DEPT_WORKS,5,3,0.4,1.67,51.32,0.5132,21,1,1,0.213,3,0.5881,13.009525,80.271591,28.0,222.0,4.666666666666667,0.0714
WIN-1894,2025-02-01,31,MORNING_06_12,9,5,1,other,DEPT_GENERAL,4,2,0.5,2.0,8.72,0.0872,3,1,2,0.2195,2,0.4826,13.057161,80.245905,15.0,170.0,2.5,0.6
WIN-1871,2025-02-01,31,AFTERNOON_12_18,15,5,1,roads,DEPT_ROADS,9,7,0.2222,1.29,39.32,0.3932,16,0,3,0.0536,5,0.5986,13.029149,80.263586,66.0,473.0,11.0,-0.1818
WIN-1875,2025-02-01,31,AFTERNOON_12_18,15,5,1,drainage,DEPT_DRAINAGE,10,6,0.4,1.67,35.08,0.3508,14,0,3,0.0317,2,0.206,13.083399,80.376766,62.0,373.0,10.333333333333334,-0.0323
WIN-1879,2025-02-01,31,AFTERNOON_12_18,15,5,1,garbage,DEPT_SANITATION,4,1,0.75,4.0,23.99,0.2399,10,0,2,0.0743,3,0.8299,13.069509,80.286979,52.0,385.0,8.666666666666666,-0.5385
WIN-1883,2025-02-01,31,AFTERNOON_12_18,15,5,1,water,DEPT_WATER,3,1,0.6667,3.0,8.64,0.0864,3,1,1,0.2176,2,0.5226,13.065483,80.277288,37.0,293.0,6.166666666666667,-0.5135
WIN-1887,2025-02-01,31,AFTERNOON_12_18,15,5,1,streetlights,DEPT_ELECTRICITY,4,2,0.5,2.0,19.95,0.1995,8,1,1,0.3167,1,0.1963,13.1623,80.230003,39.0,268.0,6.5,-0.3846
WIN-1891,2025-02-01,31,AFTERNOON_12_18,15,5,1,infrastructure,DEPT_WORKS,3,1,0.6667,3.0,23.06,0.2306,9,1,1,0.2762,0,0.1603,13.13913,80.132807,29.0,223.0,4.833333333333333,-0.3793
WIN-1895,2025-02-01,31,AFTERNOON_12_18,15,5,1,other,DEPT_GENERAL,5,2,0.6,2.5,35.89,0.3589,14,0,1,0.0017,2,0.46,13.055414,80.261545,20.0,173.0,3.3333333333333335,0.5
WIN-1872,2025-02-01,31,EVENING_18_24,21,5,1,roads,DEPT_ROADS,7,3,0.5714,2.33,47.75,0.4775,19,0,2,0.0432,2,0.2381,13.029278,80.258179,54.0,466.0,9.0,-0.2222
WIN-1876,2025-02-01,31,EVENING_18_24,21,5,1,drainage,DEPT_DRAINAGE,2,2,0.0,1.0,8.26,0.0826,3,0,0,0.0759,1,0.2509,12.986649,80.303496,44.0,358.0,7.333333333333333,-0.7273
WIN-1880,2025-02-01,31,EVENING_18_24,21,5,1,garbage,DEPT_SANITATION,4,2,0.5,2.0,15.32,0.1532,6,0,2,0.0124,1,0.296,13.153883,80.330075,42.0,377.0,7.0,-0.4286
WIN-1884,2025-02-01,31,EVENING_18_24,21,5,1,water,DEPT_WATER,1,1,0.0,1.0,31.6,0.316,13,0,0,0.2413,0,0.0338,12.997013,80.247357,30.0,287.0,5.0,-0.8
WIN-1888,2025-02-01,31,EVENING_18_24,21,5,1,streetlights,DEPT_ELECTRICITY,4,2,0.5,2.0,14.0,0.14,6,1,1,0.1468,2,0.3835,13.097659,80.199331,26.0,260.0,4.333333333333333,-0.0769
WIN-1892,2025-02-01,31,EVENING_18_24,21,5,1,infrastructure,DEPT_WORKS,2,1,0.5,2.0,28.99,0.2899,12,1,0,0.3703,0,0.0977,13.04342,80.192455,21.0,216.0,3.5,-0.4286
WIN-1896,2025-02-01,31,EVENING_18_24,21,5,1,other,DEPT_GENERAL,1,1,0.0,1.0,36.47,0.3647,15,0,0,0.0613,0,0.2148,13.102902,80.248275,18.0,171.0,3.0,-0.6667
WIN-1897,2025-02-02,32,NIGHT_00_06,3,6,1,roads,DEPT_ROADS,1,1,0.0,1.0,20.47,0.2047,8,0,0,0.0265,0,0.4395,13.031403,80.271932,46.0,452.0,7.666666666666667,-0.8696
WIN-1901,2025-02-02,32,NIGHT_00_06,3,6,1,drainage,DEPT_DRAINAGE,2,1,0.5,2.0,23.11,0.2311,9,0,0,0.1479,1,0.3754,13.007101,80.250009,33.0,346.0,5.5,-0.6364
WIN-1905,2025-02-02,32,NIGHT_00_06,3,6,1,garbage,DEPT_SANITATION,1,1,0.0,1.0,16.16,0.1616,6,0,0,0.0305,0,0.1544,13.126699,80.236428,26.0,368.0,4.333333333333333,-0.7692
WIN-1909,2025-02-02,32,NIGHT_00_06,3,6,1,water,DEPT_WATER,1,1,0.0,1.0,21.59,0.2159,9,0,0,0.1028,0,0.4182,13.077262,80.173195,20.0,274.0,3.3333333333333335,-0.7
WIN-1913,2025-02-02,32,NIGHT_00_06,3,6,1,streetlights,DEPT_ELECTRICITY,1,1,0.0,1.0,20.6,0.206,8,0,0,0.0047,0,0.1186,13.184294,80.30448,15.0,253.0,2.5,-0.6
WIN-1917,2025-02-02,32,NIGHT_00_06,3,6,1,infrastructure,DEPT_WORKS,3,2,0.3333,1.5,13.8,0.138,6,0,1,0.0054,1,0.4189,13.071015,80.240447,19.0,219.0,3.1666666666666665,-0.0526
WIN-1921,2025-02-02,32,NIGHT_00_06,3,6,1,other,DEPT_GENERAL,4,1,0.75,4.0,23.21,0.2321,9,1,2,0.1446,1,0.1562,13.163204,80.274839,19.0,173.0,3.1666666666666665,0.2632
WIN-1898,2025-02-02,32,MORNING_06_12,9,6,1,roads,DEPT_ROADS,11,5,0.5455,2.2,11.33,0.1133,5,0,2,0.0077,6,0.5311,13.026325,80.308581,39.0,454.0,6.5,0.6923
WIN-1902,2025-02-02,32,MORNING_06_12,9,6,1,drainage,DEPT_DRAINAGE,16,11,0.3125,1.45,72.15,0.7215,29,4,8,0.2621,9,0.5871,13.004678,80.312293,40.0,354.0,6.666666666666667,1.4
WIN-1906,2025-02-02,32,MORNING_06_12,9,6,1,garbage,DEPT_SANITATION,6,2,0.6667,3.0,30.13,0.3013,12,0,2,0.0468,0,0.0336,12.973838,80.252659,22.0,366.0,3.6666666666666665,0.6364
WIN-1910,2025-02-02,32,MORNING_06_12,9,6,1,water,DEPT_WATER,5,2,0.6,2.5,3.71,0.0371,1,0,0,0.0959,1,0.1658,13.023675,80.348232,19.0,269.0,3.1666666666666665,0.5789
WIN-1914,2025-02-02,32,MORNING_06_12,9,6,1,streetlights,DEPT_ELECTRICITY,11,6,0.4545,1.83,44.12,0.4412,18,1,2,0.1288,5,0.4824,13.058959,80.30836,24.0,258.0,4.0,1.75
WIN-1918,2025-02-02,32,MORNING_06_12,9,6,1,infrastructure,DEPT_WORKS,3,2,0.3333,1.5,29.88,0.2988,12,0,0,0.0657,1,0.2968,13.042825,80.275758,17.0,214.0,2.8333333333333335,0.0588
WIN-1922,2025-02-02,32,MORNING_06_12,9,6,1,other,DEPT_GENERAL,9,4,0.5556,2.25,30.67,0.3067,12,1,6,0.0713,3,0.3233,13.135059,80.267896,24.0,175.0,4.0,1.25
WIN-1899,2025-02-02,32,AFTERNOON_12_18,15,6,1,roads,DEPT_ROADS,8,6,0.25,1.33,51.14,0.5114,20,1,0,0.0659,2,0.2445,13.089128,80.256331,43.0,459.0,7.166666666666667,0.1163
WIN-1903,2025-02-02,32,AFTERNOON_12_18,15,6,1,drainage,DEPT_DRAINAGE,3,1,0.6667,3.0,20.0,0.2,8,0,1,0.1118,0,0.1588,13.057107,80.348005,42.0,354.0,7.0,-0.5714
WIN-1907,2025-02-02,32,AFTERNOON_12_18,15,6,1,garbage,DEPT_SANITATION,8,6,0.25,1.33,49.73,0.4973,20,1,2,0.1119,3,0.3416,13.117964,80.307296,29.0,372.0,4.833333333333333,0.6552
WIN-1911,2025-02-02,32,AFTERNOON_12_18,15,6,1,water,DEPT_WATER,2,1,0.5,2.0,10.71,0.1071,4,0,0,0.0383,1,0.3612,13.126962,80.317581,18.0,268.0,3.0,-0.3333
WIN-1915,2025-02-02,32,AFTERNOON_12_18,15,6,1,streetlights,DEPT_ELECTRICITY,6,2,0.6667,3.0,7.03,0.0703,3,1,3,0.1016,1,0.1726,13.178942,80.252143,30.0,262.0,5.0,0.2
WIN-1919,2025-02-02,32,AFTERNOON_12_18,15,6,1,infrastructure,DEPT_WORKS,4,1,0.75,4.0,23.44,0.2344,9,1,1,0.3242,2,0.3767,13.227232,80.263671,20.0,215.0,3.3333333333333335,0.2
WIN-1923,2025-02-02,32,AFTERNOON_12_18,15,6,1,other,DEPT_GENERAL,4,3,0.25,1.33,31.45,0.3145,13,0,2,0.0929,2,0.4476,13.143133,80.254379,27.0,179.0,4.5,-0.1111
WIN-1900,2025-02-02,32,EVENING_18_24,21,6,1,roads,DEPT_ROADS,8,3,0.625,2.67,24.73,0.2473,10,0,3,0.0336,3,0.3455,13.105846,80.298444,44.0,453.0,7.333333333333333,0.0909
WIN-1904,2025-02-02,32,EVENING_18_24,21,6,1,drainage,DEPT_DRAINAGE,4,2,0.5,2.0,34.56,0.3456,14,1,1,0.2584,1,0.2482,13.057124,80.255361,37.0,346.0,6.166666666666667,-0.3514
WIN-1908,2025-02-02,32,EVENING_18_24,21,6,1,garbage,DEPT_SANITATION,4,2,0.5,2.0,31.93,0.3193,13,0,2,0.0556,1,0.3334,13.092216,80.339197,27.0,358.0,4.5,-0.1111
WIN-1912,2025-02-02,32,EVENING_18_24,21,6,1,water,DEPT_WATER,3,1,0.6667,3.0,53.05,0.5305,21,0,0,0.095,1,0.3113,13.060383,80.281483,15.0,265.0,2.5,0.2
WIN-1916,2025-02-02,32,EVENING_18_24,21,6,1,streetlights,DEPT_ELECTRICITY,8,3,0.625,2.67,42.34,0.4234,17,2,1,0.2101,2,0.307,13.12777,80.182514,34.0,261.0,5.666666666666667,0.4118
WIN-1920,2025-02-02,32,EVENING_18_24,21,6,1,infrastructure,DEPT_WORKS,6,4,0.3333,1.5,27.14,0.2714,11,1,1,0.1222,2,0.3205,13.091725,80.296483,21.0,215.0,3.5,0.7143
WIN-1924,2025-02-02,32,EVENING_18_24,21,6,1,other,DEPT_GENERAL,6,3,0.5,2.0,20.22,0.2022,8,1,2,0.2058,1,0.2214,13.161886,80.287138,29.0,180.0,4.833333333333333,0.2414
WIN-1925,2025-02-03,33,NIGHT_00_06,3,0,0,roads,DEPT_ROADS,1,1,0.0,1.0,33.65,0.3365,13,0,1,0.0375,0,0.0144,13.15602,80.22554,36.0,434.0,6.0,-0.8333
WIN-1929,2025-02-03,33,NIGHT_00_06,3,0,0,drainage,DEPT_DRAINAGE,5,3,0.4,1.67,56.29,0.5629,23,0,0,0.0398,1,0.1026,13.013481,80.260304,32.0,341.0,5.333333333333333,-0.0625
WIN-1933,2025-02-03,33,NIGHT_00_06,3,0,0,garbage,DEPT_SANITATION,1,1,0.0,1.0,41.34,0.4134,17,0,0,0.0926,0,0.1802,13.068346,80.246438,24.0,338.0,4.0,-0.75
WIN-1937,2025-02-03,33,NIGHT_00_06,3,0,0,water,DEPT_WATER,1,1,0.0,1.0,52.06,0.5206,21,0,0,0.1347,0,0.0946,13.136243,80.235194,13.0,259.0,2.1666666666666665,-0.5385
WIN-1941,2025-02-03,33,NIGHT_00_06,3,0,0,streetlights,DEPT_ELECTRICITY,3,2,0.3333,1.5,45.64,0.4564,18,1,0,0.1864,0,0.0674,13.150687,80.291927,33.0,255.0,5.5,-0.4545
WIN-1945,2025-02-03,33,NIGHT_00_06,3,0,0,infrastructure,DEPT_WORKS,2,1,0.5,2.0,54.25,0.5425,22,0,1,0.0742,0,0.1947,13.035527,80.199086,20.0,208.0,3.3333333333333335,-0.4
WIN-1949,2025-02-03,33,NIGHT_00_06,3,0,0,other,DEPT_GENERAL,1,1,0.0,1.0,61.74,0.6174,25,0,0,0.2973,0,0.1749,13.142039,80.219378,25.0,175.0,4.166666666666667,-0.76
WIN-1926,2025-02-03,33,MORNING_06_12,9,0,0,roads,DEPT_ROADS,19,9,0.5263,2.11,4.28,0.0428,2,6,4,0.3125,13,0.6812,13.102612,80.318754,48.0,438.0,8.0,1.375
WIN-1930,2025-02-03,33,MORNING_06_12,9,0,0,drainage,DEPT_DRAINAGE,9,4,0.5556,2.25,26.76,0.2676,11,2,3,0.2122,0,0.0459,13.042902,80.234695,39.0,345.0,6.5,0.3846
WIN-1934,2025-02-03,33,MORNING_06_12,9,0,0,garbage,DEPT_SANITATION,10,6,0.4,1.67,31.63,0.3163,13,2,5,0.2002,2,0.163,13.181697,80.280008,30.0,338.0,5.0,1.0
WIN-1938,2025-02-03,33,MORNING_06_12,9,0,0,water,DEPT_WATER,12,4,0.6667,3.0,28.85,0.2885,12,3,2,0.2836,2,0.1862,13.040393,80.231535,24.0,261.0,4.0,2.0
WIN-1942,2025-02-03,33,MORNING_06_12,9,0,0,streetlights,DEPT_ELECTRICITY,3,1,0.6667,3.0,8.81,0.0881,4,1,1,0.1871,0,0.1537,13.050123,80.309694,32.0,251.0,5.333333333333333,-0.4375
WIN-1946,2025-02-03,33,MORNING_06_12,9,0,0,infrastructure,DEPT_WORKS,6,3,0.5,2.0,43.2,0.432,17,1,1,0.1002,1,0.0915,13.108237,80.329635,24.0,209.0,4.0,0.5
WIN-1950,2025-02-03,33,MORNING_06_12,9,0,0,other,DEPT_GENERAL,12,5,0.5833,2.4,12.66,0.1266,5,3,0,0.2156,0,0.0094,13.100452,80.267084,36.0,184.0,6.0,1.0
WIN-1927,2025-02-03,33,AFTERNOON_12_18,15,0,0,roads,DEPT_ROADS,13,9,0.3077,1.44,47.38,0.4738,19,1,4,0.0569,2,0.1826,13.110275,80.241265,60.0,443.0,10.0,0.3
WIN-1931,2025-02-03,33,AFTERNOON_12_18,15,0,0,drainage,DEPT_DRAINAGE,11,4,0.6364,2.75,21.11,0.2111,8,1,7,0.07,0,0.0397,13.022202,80.264961,48.0,355.0,8.0,0.375
WIN-1935,2025-02-03,33,AFTERNOON_12_18,15,0,0,garbage,DEPT_SANITATION,19,9,0.5263,2.11,19.94,0.1994,8,0,4,0.0233,6,0.3035,13.123802,80.353796,48.0,353.0,8.0,1.375
WIN-1939,2025-02-03,33,AFTERNOON_12_18,15,0,0,water,DEPT_WATER,4,2,0.5,2.0,44.49,0.4449,18,0,0,0.1217,1,0.1513,13.086177,80.353382,27.0,262.0,4.5,-0.1111
WIN-1943,2025-02-03,33,AFTERNOON_12_18,15,0,0,streetlights,DEPT_ELECTRICITY,5,4,0.2,1.25,18.57,0.1857,7,1,0,0.1485,0,0.0558,13.116544,80.265234,36.0,251.0,6.0,-0.1667
WIN-1947,2025-02-03,33,AFTERNOON_12_18,15,0,0,infrastructure,DEPT_WORKS,6,3,0.5,2.0,58.98,0.5898,24,1,1,0.0974,1,0.1564,13.068315,80.251512,27.0,214.0,4.5,0.3333
WIN-1951,2025-02-03,33,AFTERNOON_12_18,15,0,0,other,DEPT_GENERAL,4,3,0.25,1.33,12.14,0.1214,5,0,1,0.0749,0,0.0427,13.129044,80.248615,36.0,185.0,6.0,-0.3333
WIN-1928,2025-02-03,33,EVENING_18_24,21,0,0,roads,DEPT_ROADS,9,5,0.4444,1.8,40.95,0.4095,16,0,2,0.043,2,0.2297,13.167653,80.275832,58.0,424.0,9.666666666666666,-0.069
WIN-1932,2025-02-03,33,EVENING_18_24,21,0,0,drainage,DEPT_DRAINAGE,5,4,0.2,1.25,24.87,0.2487,10,1,1,0.2682,1,0.1351,13.104884,80.323387,37.0,345.0,6.166666666666667,-0.1892
WIN-1936,2025-02-03,33,EVENING_18_24,21,0,0,garbage,DEPT_SANITATION,11,5,0.5455,2.2,14.76,0.1476,6,1,1,0.0924,7,0.6332,13.144032,80.209816,53.0,348.0,8.833333333333334,0.2453
WIN-1940,2025-02-03,33,EVENING_18_24,21,0,0,water,DEPT_WATER,5,3,0.4,1.67,18.85,0.1885,8,0,1,0.0045,1,0.2425,12.998609,80.306962,27.0,259.0,4.5,0.1111
WIN-1944,2025-02-03,33,EVENING_18_24,21,0,0,streetlights,DEPT_ELECTRICITY,7,5,0.2857,1.4,36.99,0.3699,15,0,2,0.0204,1,0.1632,13.072417,80.228765,32.0,252.0,5.333333333333333,0.3125
WIN-1948,2025-02-03,33,EVENING_18_24,21,0,0,infrastructure,DEPT_WORKS,7,3,0.5714,2.33,14.25,0.1425,6,0,1,0.0585,3,0.4177,13.105873,80.253601,31.0,209.0,5.166666666666667,0.3548
WIN-1952,2025-02-03,33,EVENING_18_24,21,0,0,other,DEPT_GENERAL,4,2,0.5,2.0,25.07,0.2507,10,0,1,0.007,0,0.1044,13.052682,80.321514,31.0,178.0,5.166666666666667,-0.2258
WIN-1953,2025-02-04,34,NIGHT_00_06,3,1,0,roads,DEPT_ROADS,6,2,0.6667,3.0,33.99,0.3399,14,2,2,0.2949,2,0.274,13.046793,80.23993,56.0,413.0,9.333333333333334,-0.3571
WIN-1957,2025-02-04,34,NIGHT_00_06,3,1,0,drainage,DEPT_DRAINAGE,6,5,0.1667,1.2,37.74,0.3774,15,0,1,0.0204,2,0.2503,13.057751,80.194955,40.0,339.0,6.666666666666667,-0.1
WIN-1961,2025-02-04,34,NIGHT_00_06,3,1,0,garbage,DEPT_SANITATION,3,2,0.3333,1.5,57.97,0.5797,23,1,1,0.1952,0,0.0287,13.126467,80.286819,48.0,341.0,8.0,-0.625
WIN-1965,2025-02-04,34,NIGHT_00_06,3,1,0,water,DEPT_WATER,1,1,0.0,1.0,22.59,0.2259,9,0,0,0.0327,0,0.2474,13.034293,80.296234,26.0,251.0,4.333333333333333,-0.7692
WIN-1969,2025-02-04,34,NIGHT_00_06,3,1,0,streetlights,DEPT_ELECTRICITY,3,1,0.6667,3.0,24.8,0.248,10,0,2,0.0204,0,0.0889,13.026456,80.23649,29.0,250.0,4.833333333333333,-0.3793
WIN-1973,2025-02-04,34,NIGHT_00_06,3,1,0,infrastructure,DEPT_WORKS,2,1,0.5,2.0,28.19,0.2819,11,0,2,0.195,1,0.3266,13.121527,80.242012,29.0,200.0,4.833333333333333,-0.5862
WIN-1977,2025-02-04,34,NIGHT_00_06,3,1,0,other,DEPT_GENERAL,3,1,0.6667,3.0,5.98,0.0598,2,0,1,0.0786,0,0.0623,13.034063,80.256535,30.0,174.0,5.0,-0.4
WIN-1954,2025-02-04,34,MORNING_06_12,9,1,0,roads,DEPT_ROADS,20,10,0.5,2.0,34.74,0.3474,14,0,4,0.0079,2,0.0771,13.032759,80.281376,68.0,427.0,11.333333333333334,0.7647
WIN-1958,2025-02-04,34,MORNING_06_12,9,1,0,drainage,DEPT_DRAINAGE,14,5,0.6429,2.8,41.17,0.4117,16,0,2,0.0092,4,0.3107,13.098371,80.232687,50.0,344.0,8.333333333333334,0.68
WIN-1962,2025-02-04,34,MORNING_06_12,9,1,0,garbage,DEPT_SANITATION,16,6,0.625,2.67,20.6,0.206,8,0,9,0.0023,6,0.348,13.116978,80.298432,60.0,347.0,10.0,0.6
WIN-1966,2025-02-04,34,MORNING_06_12,9,1,0,water,DEPT_WATER,8,4,0.5,2.0,7.9,0.079,3,0,5,0.0071,0,0.0048,13.089445,80.268409,31.0,254.0,5.166666666666667,0.5484
WIN-1970,2025-02-04,34,MORNING_06_12,9,1,0,streetlights,DEPT_ELECTRICITY,8,4,0.5,2.0,29.78,0.2978,12,0,2,0.0581,3,0.3667,13.090731,80.269792,29.0,247.0,4.833333333333333,0.6552
WIN-1974,2025-02-04,34,MORNING_06_12,9,1,0,infrastructure,DEPT_WORKS,6,2,0.6667,3.0,39.85,0.3985,16,0,4,0.0511,1,0.1563,13.041501,80.288399,29.0,200.0,4.833333333333333,0.2414
WIN-1978,2025-02-04,34,MORNING_06_12,9,1,0,other,DEPT_GENERAL,10,8,0.2,1.25,44.94,0.4494,18,1,3,0.1472,2,0.2202,13.097388,80.315353,34.0,177.0,5.666666666666667,0.7647
WIN-1955,2025-02-04,34,AFTERNOON_12_18,15,1,0,roads,DEPT_ROADS,15,9,0.4,1.67,41.34,0.4134,17,2,3,0.1377,6,0.4269,13.1913,80.253015,82.0,442.0,13.666666666666666,0.0976
WIN-1959,2025-02-04,34,AFTERNOON_12_18,15,1,0,drainage,DEPT_DRAINAGE,14,8,0.4286,1.75,55.87,0.5587,22,1,2,0.0862,2,0.1549,13.014388,80.304438,59.0,357.0,9.833333333333334,0.4237
WIN-1963,2025-02-04,34,AFTERNOON_12_18,15,1,0,garbage,DEPT_SANITATION,20,7,0.65,2.86,48.37,0.4837,19,1,13,0.0589,1,0.0533,13.054955,80.246208,79.0,367.0,13.166666666666666,0.519
WIN-1967,2025-02-04,34,AFTERNOON_12_18,15,1,0,water,DEPT_WATER,11,5,0.5455,2.2,26.22,0.2622,10,0,5,0.0419,1,0.0806,13.05328,80.377096,41.0,262.0,6.833333333333333,0.6098
WIN-1971,2025-02-04,34,AFTERNOON_12_18,15,1,0,streetlights,DEPT_ELECTRICITY,9,6,0.3333,1.5,16.54,0.1654,7,0,0,0.0156,2,0.2641,13.062048,80.336766,35.0,256.0,5.833333333333333,0.5429
WIN-1975,2025-02-04,34,AFTERNOON_12_18,15,1,0,infrastructure,DEPT_WORKS,9,3,0.6667,3.0,26.59,0.2659,11,1,3,0.0701,2,0.1827,13.0991,80.287676,36.0,209.0,6.0,0.5
WIN-1979,2025-02-04,34,AFTERNOON_12_18,15,1,0,other,DEPT_GENERAL,4,2,0.5,2.0,23.24,0.2324,9,0,0,0.0052,1,0.223,13.089107,80.343649,37.0,180.0,6.166666666666667,-0.3514
WIN-1956,2025-02-04,34,EVENING_18_24,21,1,0,roads,DEPT_ROADS,6,4,0.3333,1.5,25.17,0.2517,10,0,3,0.0702,2,0.4129,13.174638,80.325562,69.0,443.0,11.5,-0.4783
WIN-1960,2025-02-04,34,EVENING_18_24,21,1,0,drainage,DEPT_DRAINAGE,13,6,0.5385,2.17,22.17,0.2217,9,2,8,0.1577,5,0.413,13.09469,80.325881,63.0,362.0,10.5,0.2381
WIN-1964,2025-02-04,34,EVENING_18_24,21,1,0,garbage,DEPT_SANITATION,10,5,0.5,2.0,7.28,0.0728,3,3,2,0.2982,5,0.4675,13.129541,80.329582,79.0,373.0,13.166666666666666,-0.2405
WIN-1968,2025-02-04,34,EVENING_18_24,21,1,0,water,DEPT_WATER,8,5,0.375,1.6,18.54,0.1854,7,3,1,0.3709,6,0.7768,13.052552,80.204668,37.0,261.0,6.166666666666667,0.2973
WIN-1972,2025-02-04,34,EVENING_18_24,21,1,0,streetlights,DEPT_ELECTRICITY,5,3,0.4,1.67,22.6,0.226,9,1,1,0.2874,2,0.375,13.043882,80.254744,37.0,255.0,6.166666666666667,-0.1892
WIN-1976,2025-02-04,34,EVENING_18_24,21,1,0,infrastructure,DEPT_WORKS,5,2,0.6,2.5,37.02,0.3702,15,2,1,0.3181,2,0.4215,13.029777,80.233157,35.0,207.0,5.833333333333333,-0.1429
WIN-1980,2025-02-04,34,EVENING_18_24,21,1,0,other,DEPT_GENERAL,7,3,0.5714,2.33,36.56,0.3656,15,0,2,0.0181,3,0.3581,12.991656,80.28524,32.0,185.0,5.333333333333333,0.3125
WIN-1981,2025-02-05,35,NIGHT_00_06,3,2,0,roads,DEPT_ROADS,6,5,0.1667,1.2,55.68,0.5568,22,0,1,0.0432,3,0.5191,13.075553,80.311999,62.0,440.0,10.333333333333334,-0.4194
WIN-1985,2025-02-05,35,NIGHT_00_06,3,2,0,drainage,DEPT_DRAINAGE,4,2,0.5,2.0,24.82,0.2482,10,1,1,0.3219,0,0.0235,13.04054,80.265863,56.0,359.0,9.333333333333334,-0.5714
WIN-1989,2025-02-05,35,NIGHT_00_06,3,2,0,garbage,DEPT_SANITATION,3,1,0.6667,3.0,30.57,0.3057,12,0,1,0.165,2,0.6075,12.974905,80.284009,63.0,369.0,10.5,-0.7143
WIN-1993,2025-02-05,35,NIGHT_00_06,3,2,0,water,DEPT_WATER,5,2,0.6,2.5,31.52,0.3152,13,0,2,0.0879,0,0.0371,13.084784,80.259923,38.0,261.0,6.333333333333333,-0.2105
WIN-1997,2025-02-05,35,NIGHT_00_06,3,2,0,streetlights,DEPT_ELECTRICITY,2,1,0.5,2.0,9.09,0.0909,4,0,1,0.0314,0,0.0304,13.140934,80.284346,34.0,253.0,5.666666666666667,-0.6471
WIN-2001,2025-02-05,35,NIGHT_00_06,3,2,0,infrastructure,DEPT_WORKS,1,1,0.0,1.0,16.62,0.1662,7,0,0,0.0014,0,0.0612,13.166958,80.339611,30.0,207.0,5.0,-0.8
WIN-2005,2025-02-05,35,NIGHT_00_06,3,2,0,other,DEPT_GENERAL,1,1,0.0,1.0,28.78,0.2878,12,0,0,0.0334,0,0.2324,13.082961,80.241133,29.0,180.0,4.833333333333333,-0.7931
WIN-1982,2025-02-05,35,MORNING_06_12,9,2,0,roads,DEPT_ROADS,18,8,0.5556,2.25,10.97,0.1097,4,4,2,0.2131,0,0.0043,13.068958,80.289225,71.0,446.0,11.833333333333334,0.5211
WIN-1986,2025-02-05,35,MORNING_06_12,9,2,0,drainage,DEPT_DRAINAGE,11,7,0.3636,1.57,22.86,0.2286,9,3,2,0.2694,2,0.14,13.056918,80.308521,62.0,364.0,10.333333333333334,0.0645
WIN-1990,2025-02-05,35,MORNING_06_12,9,2,0,garbage,DEPT_SANITATION,17,13,0.2353,1.31,29.99,0.2999,12,2,6,0.1205,0,0.0138,13.059624,80.289938,69.0,380.0,11.5,0.4783
WIN-1994,2025-02-05,35,MORNING_06_12,9,2,0,water,DEPT_WATER,13,9,0.3077,1.44,14.56,0.1456,6,2,2,0.1157,1,0.0429,13.063938,80.276317,46.0,269.0,7.666666666666667,0.6957
WIN-1998,2025-02-05,35,MORNING_06_12,9,2,0,streetlights,DEPT_ELECTRICITY,9,4,0.5556,2.25,25.86,0.2586,10,0,2,0.003,1,0.1434,13.110234,80.314109,36.0,261.0,6.0,0.5
WIN-2002,2025-02-05,35,MORNING_06_12,9,2,0,infrastructure,DEPT_WORKS,12,7,0.4167,1.71,47.16,0.4716,19,1,5,0.0875,3,0.2207,13.117485,80.31332,35.0,216.0,5.833333333333333,1.0571
WIN-2006,2025-02-05,35,MORNING_06_12,9,2,0,other,DEPT_GENERAL,5,4,0.2,1.25,42.58,0.4258,17,1,2,0.2734,0,0.0731,13.135197,80.273183,30.0,185.0,5.0,0.0
WIN-1983,2025-02-05,35,AFTERNOON_12_18,15,2,0,roads,DEPT_ROADS,12,7,0.4167,1.71,30.8,0.308,12,1,0,0.0852,3,0.2369,13.081526,80.235676,77.0,452.0,12.833333333333334,-0.0649
WIN-1987,2025-02-05,35,AFTERNOON_12_18,15,2,0,drainage,DEPT_DRAINAGE,11,5,0.5455,2.2,38.13,0.3813,15,1,5,0.0817,0,0.0368,13.156477,80.291208,67.0,370.0,11.166666666666666,-0.0149
WIN-1991,2025-02-05,35,AFTERNOON_12_18,15,2,0,garbage,DEPT_SANITATION,13,9,0.3077,1.44,14.93,0.1493,6,4,7,0.2792,4,0.2886,13.075102,80.287639,79.0,391.0,13.166666666666666,-0.0127
WIN-1995,2025-02-05,35,AFTERNOON_12_18,15,2,0,water,DEPT_WATER,9,4,0.5556,2.25,59.4,0.594,24,1,0,0.0892,1,0.0991,13.098465,80.299839,54.0,278.0,9.0,0.0
WIN-1999,2025-02-05,35,AFTERNOON_12_18,15,2,0,streetlights,DEPT_ELECTRICITY,3,2,0.3333,1.5,12.14,0.1214,5,0,1,0.0075,0,0.0736,13.154654,80.279012,36.0,263.0,6.0,-0.5
WIN-2003,2025-02-05,35,AFTERNOON_12_18,15,2,0,infrastructure,DEPT_WORKS,7,4,0.4286,1.75,51.28,0.5128,21,2,3,0.2951,1,0.1146,13.076538,80.250624,40.0,220.0,6.666666666666667,0.05
WIN-2007,2025-02-05,35,AFTERNOON_12_18,15,2,0,other,DEPT_GENERAL,9,4,0.5556,2.25,8.91,0.0891,4,0,3,0.0547,0,0.0019,13.073531,80.304554,36.0,193.0,6.0,0.5
WIN-1984,2025-02-05,35,EVENING_18_24,21,2,0,roads,DEPT_ROADS,19,11,0.4211,1.73,25.61,0.2561,10,2,6,0.0898,1,0.0496,13.115112,80.251677,76.0,458.0,12.666666666666666,0.5
WIN-1988,2025-02-05,35,EVENING_18_24,21,2,0,drainage,DEPT_DRAINAGE,6,3,0.5,2.0,10.02,0.1002,4,2,2,0.2743,2,0.4011,13.008392,80.295336,59.0,358.0,9.833333333333334,-0.3898
WIN-1992,2025-02-05,35,EVENING_18_24,21,2,0,garbage,DEPT_SANITATION,7,4,0.4286,1.75,23.89,0.2389,10,1,4,0.1445,1,0.0731,13.195068,80.338715,70.0,389.0,11.666666666666666,-0.4
WIN-1996,2025-02-05,35,EVENING_18_24,21,2,0,water,DEPT_WATER,6,3,0.5,2.0,67.43,0.6743,27,1,0,0.1462,3,0.4358,13.177959,80.237216,52.0,276.0,8.666666666666666,-0.3077
WIN-2000,2025-02-05,35,EVENING_18_24,21,2,0,streetlights,DEPT_ELECTRICITY,10,7,0.3,1.43,26.47,0.2647,11,1,0,0.0692,1,0.1399,13.056606,80.318128,38.0,268.0,6.333333333333333,0.5789
WIN-2004,2025-02-05,35,EVENING_18_24,21,2,0,infrastructure,DEPT_WORKS,5,2,0.6,2.5,8.4,0.084,3,1,0,0.1864,2,0.4327,13.132857,80.28229,39.0,217.0,6.5,-0.2308
WIN-2008,2025-02-05,35,EVENING_18_24,21,2,0,other,DEPT_GENERAL,2,1,0.5,2.0,46.62,0.4662,19,0,0,0.0179,1,0.4602,13.054863,80.325939,28.0,191.0,4.666666666666667,-0.5714
WIN-2009,2025-02-06,36,NIGHT_00_06,3,3,0,roads,DEPT_ROADS,3,2,0.3333,1.5,55.13,0.5513,22,0,2,0.0634,0,0.0042,12.940142,80.243957,64.0,457.0,10.666666666666666,-0.7188
WIN-2013,2025-02-06,36,NIGHT_00_06,3,3,0,drainage,DEPT_DRAINAGE,2,1,0.5,2.0,18.13,0.1813,7,0,1,0.0504,0,0.0148,13.094079,80.23896,47.0,358.0,7.833333333333333,-0.7447
WIN-2017,2025-02-06,36,NIGHT_00_06,3,3,0,garbage,DEPT_SANITATION,3,2,0.3333,1.5,30.35,0.3035,12,0,0,0.0943,0,0.1441,13.096248,80.348955,53.0,383.0,8.833333333333334,-0.6604
WIN-2021,2025-02-06,36,NIGHT_00_06,3,3,0,water,DEPT_WATER,2,1,0.5,2.0,27.45,0.2745,11,0,1,0.0084,0,0.1155,13.086306,80.28679,43.0,268.0,7.166666666666667,-0.7209
WIN-2025,2025-02-06,36,NIGHT_00_06,3,3,0,streetlights,DEPT_ELECTRICITY,2,1,0.5,2.0,16.98,0.1698,7,0,0,0.0211,0,0.1569,13.087602,80.245926,31.0,267.0,5.166666666666667,-0.6129
WIN-2029,2025-02-06,36,NIGHT_00_06,3,3,0,infrastructure,DEPT_WORKS,2,1,0.5,2.0,18.22,0.1822,7,0,1,0.0272,0,0.1305,13.070341,80.344624,32.0,213.0,5.333333333333333,-0.625
WIN-2033,2025-02-06,36,NIGHT_00_06,3,3,0,other,DEPT_GENERAL,1,1,0.0,1.0,35.94,0.3594,14,0,0,0.1268,0,0.0318,13.053997,80.178876,25.0,188.0,4.166666666666667,-0.76
WIN-2010,2025-02-06,36,MORNING_06_12,9,3,0,roads,DEPT_ROADS,19,8,0.5789,2.38,7.76,0.0776,3,1,5,0.0375,3,0.1703,13.066476,80.291406,77.0,469.0,12.833333333333334,0.4805
WIN-2014,2025-02-06,36,MORNING_06_12,9,3,0,drainage,DEPT_DRAINAGE,9,5,0.4444,1.8,10.33,0.1033,4,1,1,0.0833,0,0.0361,13.1575,80.256015,43.0,365.0,7.166666666666667,0.2558
WIN-2018,2025-02-06,36,MORNING_06_12,9,3,0,garbage,DEPT_SANITATION,12,6,0.5,2.0,26.36,0.2636,11,0,3,0.0371,0,0.0016,13.114234,80.328698,55.0,390.0,9.166666666666666,0.3091
WIN-2022,2025-02-06,36,MORNING_06_12,9,3,0,water,DEPT_WATER,13,6,0.5385,2.17,42.89,0.4289,17,1,1,0.0424,1,0.0518,13.084261,80.376569,48.0,273.0,8.0,0.625
WIN-2026,2025-02-06,36,MORNING_06_12,9,3,0,streetlights,DEPT_ELECTRICITY,9,3,0.6667,3.0,33.77,0.3377,14,1,6,0.1218,4,0.4004,13.053654,80.270298,35.0,272.0,5.833333333333333,0.5429
WIN-2030,2025-02-06,36,MORNING_06_12,9,3,0,infrastructure,DEPT_WORKS,10,4,0.6,2.5,23.74,0.2374,9,2,7,0.1743,0,0.0055,13.067207,80.205201,37.0,220.0,6.166666666666667,0.6216
WIN-2034,2025-02-06,36,MORNING_06_12,9,3,0,other,DEPT_GENERAL,9,5,0.4444,1.8,48.99,0.4899,20,0,5,0.0541,1,0.1326,13.129277,80.266141,27.0,194.0,4.5,1.0
WIN-2011,2025-02-06,36,AFTERNOON_12_18,15,3,0,roads,DEPT_ROADS,18,13,0.2778,1.38,10.49,0.1049,4,2,7,0.1023,3,0.1652,13.010529,80.3309,89.0,486.0,14.833333333333334,0.2135
WIN-2015,2025-02-06,36,AFTERNOON_12_18,15,3,0,drainage,DEPT_DRAINAGE,10,6,0.4,1.67,47.41,0.4741,19,0,2,0.0498,0,0.0404,12.995234,80.333448,49.0,371.0,8.166666666666666,0.2245
WIN-2019,2025-02-06,36,AFTERNOON_12_18,15,3,0,garbage,DEPT_SANITATION,8,7,0.125,1.14,9.26,0.0926,4,0,3,0.0159,0,0.0259,13.093397,80.283247,60.0,396.0,10.0,-0.2
WIN-2023,2025-02-06,36,AFTERNOON_12_18,15,3,0,water,DEPT_WATER,10,6,0.4,1.67,29.86,0.2986,12,0,2,0.0118,4,0.4186,13.057777,80.280543,53.0,279.0,8.833333333333334,0.1321
WIN-2027,2025-02-06,36,AFTERNOON_12_18,15,3,0,streetlights,DEPT_ELECTRICITY,9,4,0.5556,2.25,22.12,0.2212,9,0,0,0.008,3,0.3193,13.136392,80.262547,42.0,281.0,7.0,0.2857
WIN-2031,2025-02-06,36,AFTERNOON_12_18,15,3,0,infrastructure,DEPT_WORKS,2,2,0.0,1.0,36.16,0.3616,14,0,0,0.0639,1,0.2671,13.076432,80.343186,38.0,219.0,6.333333333333333,-0.6842
WIN-2035,2025-02-06,36,AFTERNOON_12_18,15,3,0,other,DEPT_GENERAL,7,5,0.2857,1.4,31.15,0.3115,12,0,2,0.0207,2,0.2274,13.076862,80.237339,33.0,200.0,5.5,0.2727
WIN-2012,2025-02-06,36,EVENING_18_24,21,3,0,roads,DEPT_ROADS,12,6,0.5,2.0,24.56,0.2456,10,2,1,0.1254,3,0.2822,13.130017,80.288809,83.0,477.0,13.833333333333334,-0.1325
WIN-2016,2025-02-06,36,EVENING_18_24,21,3,0,drainage,DEPT_DRAINAGE,8,4,0.5,2.0,58.33,0.5833,23,0,2,0.007,2,0.2664,13.117995,80.254953,46.0,364.0,7.666666666666667,0.0435
WIN-2020,2025-02-06,36,EVENING_18_24,21,3,0,garbage,DEPT_SANITATION,7,3,0.5714,2.33,23.95,0.2395,10,0,1,0.0681,0,0.0472,13.099675,80.193105,50.0,393.0,8.333333333333334,-0.16
WIN-2024,2025-02-06,36,EVENING_18_24,21,3,0,water,DEPT_WATER,6,4,0.3333,1.5,8.1,0.081,3,0,1,0.0646,2,0.294,13.202345,80.264115,46.0,274.0,7.666666666666667,-0.2174
WIN-2028,2025-02-06,36,EVENING_18_24,21,3,0,streetlights,DEPT_ELECTRICITY,6,4,0.3333,1.5,39.44,0.3944,16,0,2,0.014,3,0.5193,13.086121,80.28386,39.0,279.0,6.5,-0.0769
WIN-2032,2025-02-06,36,EVENING_18_24,21,3,0,infrastructure,DEPT_WORKS,4,2,0.5,2.0,28.91,0.2891,12,2,1,0.4053,0,0.081,13.079174,80.279948,30.0,212.0,5.0,-0.2
WIN-2036,2025-02-06,36,EVENING_18_24,21,3,0,other,DEPT_GENERAL,2,1,0.5,2.0,12.58,0.1258,5,0,0,0.1693,1,0.2767,13.098984,80.307024,30.0,196.0,5.0,-0.6
WIN-2037,2025-02-07,37,NIGHT_00_06,3,4,0,roads,DEPT_ROADS,3,1,0.6667,3.0,15.39,0.1539,6,0,1,0.0484,1,0.2234,13.168376,80.189704,74.0,460.0,12.333333333333334,-0.7568
WIN-2041,2025-02-07,37,NIGHT_00_06,3,4,0,drainage,DEPT_DRAINAGE,3,1,0.6667,3.0,34.13,0.3413,14,0,1,0.0215,0,0.0518,13.060423,80.277537,38.0,358.0,6.333333333333333,-0.5263
WIN-2045,2025-02-07,37,NIGHT_00_06,3,4,0,garbage,DEPT_SANITATION,4,2,0.5,2.0,13.87,0.1387,6,0,2,0.0526,0,0.0628,12.97892,80.167697,41.0,379.0,6.833333333333333,-0.4146
WIN-2049,2025-02-07,37,NIGHT_00_06,3,4,0,water,DEPT_WATER,4,3,0.25,1.33,26.48,0.2648,11,0,1,0.0771,1,0.1587,13.083072,80.280913,41.0,264.0,6.833333333333333,-0.4146
WIN-2053,2025-02-07,37,NIGHT_00_06,3,4,0,streetlights,DEPT_ELECTRICITY,2,1,0.5,2.0,33.06,0.3306,13,0,1,0.2082,0,0.2111,13.129668,80.295457,38.0,266.0,6.333333333333333,-0.6842
WIN-2057,2025-02-07,37,NIGHT_00_06,3,4,0,infrastructure,DEPT_WORKS,3,2,0.3333,1.5,58.09,0.5809,23,0,1,0.0559,1,0.3616,13.153391,80.149296,26.0,210.0,4.333333333333333,-0.3077
WIN-2061,2025-02-07,37,NIGHT_00_06,3,4,0,other,DEPT_GENERAL,2,1,0.5,2.0,34.68,0.3468,14,0,1,0.0659,1,0.2977,13.049591,80.209478,23.0,189.0,3.8333333333333335,-0.4783
WIN-2038,2025-02-07,37,MORNING_06_12,9,4,0,roads,DEPT_ROADS,22,18,0.1818,1.22,15.49,0.1549,6,2,14,0.072,11,0.4815,13.159588,80.211132,77.0,467.0,12.833333333333334,0.7143
WIN-2042,2025-02-07,37,MORNING_06_12,9,4,0,drainage,DEPT_DRAINAGE,8,3,0.625,2.67,8.61,0.0861,3,2,1,0.224,0,0.0526,13.05208,80.232987,40.0,358.0,6.666666666666667,0.2
WIN-2046,2025-02-07,37,MORNING_06_12,9,4,0,garbage,DEPT_SANITATION,18,8,0.5556,2.25,16.21,0.1621,6,2,7,0.1273,0,0.027,13.069203,80.273622,52.0,393.0,8.666666666666666,1.0769
WIN-2050,2025-02-07,37,MORNING_06_12,9,4,0,water,DEPT_WATER,5,3,0.4,1.67,11.56,0.1156,5,0,1,0.0961,0,0.007,13.0805,80.290402,40.0,260.0,6.666666666666667,-0.25
WIN-2054,2025-02-07,37,MORNING_06_12,9,4,0,streetlights,DEPT_ELECTRICITY,12,8,0.3333,1.5,35.33,0.3533,14,2,1,0.1314,0,0.0298,13.098249,80.254451,40.0,267.0,6.666666666666667,0.8
WIN-2058,2025-02-07,37,MORNING_06_12,9,4,0,infrastructure,DEPT_WORKS,4,2,0.5,2.0,25.63,0.2563,10,1,1,0.1489,0,0.0558,13.159396,80.347254,25.0,209.0,4.166666666666667,-0.04
WIN-2062,2025-02-07,37,MORNING_06_12,9,4,0,other,DEPT_GENERAL,9,5,0.4444,1.8,38.96,0.3896,16,0,1,0.0426,2,0.2169,13.021838,80.248286,30.0,192.0,5.0,0.8
WIN-2039,2025-02-07,37,AFTERNOON_12_18,15,4,0,roads,DEPT_ROADS,22,10,0.5455,2.2,31.94,0.3194,13,1,6,0.033,3,0.1587,13.119112,80.263592,96.0,486.0,16.0,0.375
WIN-2043,2025-02-07,37,AFTERNOON_12_18,15,4,0,drainage,DEPT_DRAINAGE,11,7,0.3636,1.57,16.37,0.1637,7,2,0,0.2144,0,0.0093,13.148578,80.348751,49.0,366.0,8.166666666666666,0.3469
WIN-2047,2025-02-07,37,AFTERNOON_12_18,15,4,0,garbage,DEPT_SANITATION,16,6,0.625,2.67,25.57,0.2557,10,0,5,0.0078,3,0.1973,13.121061,80.229461,65.0,408.0,10.833333333333334,0.4769
WIN-2051,2025-02-07,37,AFTERNOON_12_18,15,4,0,water,DEPT_WATER,7,4,0.4286,1.75,17.79,0.1779,7,0,1,0.033,1,0.1656,13.122434,80.156017,45.0,267.0,7.5,-0.0667
WIN-2055,2025-02-07,37,AFTERNOON_12_18,15,4,0,streetlights,DEPT_ELECTRICITY,6,2,0.6667,3.0,32.66,0.3266,13,1,4,0.2325,2,0.2675,13.051251,80.270145,44.0,268.0,7.333333333333333,-0.1818
WIN-2059,2025-02-07,37,AFTERNOON_12_18,15,4,0,infrastructure,DEPT_WORKS,6,4,0.3333,1.5,30.08,0.3008,12,1,2,0.1129,0,0.0036,13.091924,80.260178,29.0,215.0,4.833333333333333,0.2414
WIN-2063,2025-02-07,37,AFTERNOON_12_18,15,4,0,other,DEPT_GENERAL,6,2,0.6667,3.0,27.72,0.2772,11,0,4,0.0523,1,0.2226,13.075787,80.237765,35.0,197.0,5.833333333333333,0.0286
WIN-2040,2025-02-07,37,EVENING_18_24,21,4,0,roads,DEPT_ROADS,16,6,0.625,2.67,28.31,0.2831,11,0,3,0.0107,7,0.4604,13.06462,80.284601,93.0,484.0,15.5,0.0323
WIN-2044,2025-02-07,37,EVENING_18_24,21,4,0,drainage,DEPT_DRAINAGE,8,4,0.5,2.0,54.77,0.5477,22,0,3,0.0492,2,0.2251,13.171412,80.236608,48.0,359.0,8.0,0.0
WIN-2048,2025-02-07,37,EVENING_18_24,21,4,0,garbage,DEPT_SANITATION,5,4,0.2,1.25,31.96,0.3196,13,0,1,0.0654,2,0.3164,12.978715,80.19423,58.0,390.0,9.666666666666666,-0.4828
WIN-2052,2025-02-07,37,EVENING_18_24,21,4,0,water,DEPT_WATER,5,3,0.4,1.67,30.65,0.3065,12,0,1,0.0472,2,0.3187,13.066376,80.197927,37.0,260.0,6.166666666666667,-0.1892
WIN-2056,2025-02-07,37,EVENING_18_24,21,4,0,streetlights,DEPT_ELECTRICITY,10,6,0.4,1.67,32.18,0.3218,13,2,5,0.1984,2,0.2185,13.028603,80.223052,45.0,265.0,7.5,0.3333
WIN-2060,2025-02-07,37,EVENING_18_24,21,4,0,infrastructure,DEPT_WORKS,4,3,0.25,1.33,22.09,0.2209,9,0,1,0.072,1,0.3292,13.083762,80.223034,23.0,211.0,3.8333333333333335,0.0435
WIN-2064,2025-02-07,37,EVENING_18_24,21,4,0,other,DEPT_GENERAL,4,2,0.5,2.0,19.91,0.1991,8,0,0,0.1162,1,0.2326,13.075242,80.257296,30.0,195.0,5.0,-0.2
WIN-2065,2025-02-08,38,NIGHT_00_06,3,5,1,roads,DEPT_ROADS,2,1,0.5,2.0,9.81,0.0981,4,0,0,0.1496,1,0.2994,13.054198,80.165166,77.0,474.0,12.833333333333334,-0.8442
WIN-2069,2025-02-08,38,NIGHT_00_06,3,5,1,drainage,DEPT_DRAINAGE,1,1,0.0,1.0,22.88,0.2288,9,0,0,0.0206,1,0.5379,12.981171,80.253747,39.0,344.0,6.5,-0.8462
WIN-2073,2025-02-08,38,NIGHT_00_06,3,5,1,garbage,DEPT_SANITATION,2,1,0.5,2.0,31.51,0.3151,13,0,0,0.1103,1,0.3501,13.159998,80.235738,52.0,381.0,8.666666666666666,-0.7692
WIN-2077,2025-02-08,38,NIGHT_00_06,3,5,1,water,DEPT_WATER,0,0,0.0,1.0,2.34,0.0234,1,0,0,0.0,0,0.0,13.060166,80.305486,27.0,253.0,4.5,-1.0
WIN-2081,2025-02-08,38,NIGHT_00_06,3,5,1,streetlights,DEPT_ELECTRICITY,1,1,0.0,1.0,14.6,0.146,6,0,0,0.1142,0,0.3923,13.122516,80.257575,37.0,261.0,6.166666666666667,-0.8378
WIN-2085,2025-02-08,38,NIGHT_00_06,3,5,1,infrastructure,DEPT_WORKS,0,0,0.0,1.0,6.88,0.0688,3,0,0,0.0,0,0.0,13.06624,80.205289,21.0,202.0,3.5,-1.0
WIN-2089,2025-02-08,38,NIGHT_00_06,3,5,1,other,DEPT_GENERAL,2,1,0.5,2.0,32.76,0.3276,13,0,1,0.134,1,0.444,13.097539,80.310628,25.0,194.0,4.166666666666667,-0.52
WIN-2066,2025-02-08,38,MORNING_06_12,9,5,1,roads,DEPT_ROADS,13,5,0.6154,2.6,27.68,0.2768,11,1,5,0.1019,4,0.3236,13.11398,80.243018,78.0,481.0,13.0,0.0
WIN-2070,2025-02-08,38,MORNING_06_12,9,5,1,drainage,DEPT_DRAINAGE,6,4,0.3333,1.5,8.28,0.0828,3,0,3,0.0161,3,0.475,13.144848,80.280427,37.0,340.0,6.166666666666667,-0.027
WIN-2074,2025-02-08,38,MORNING_06_12,9,5,1,garbage,DEPT_SANITATION,13,8,0.3846,1.62,33.47,0.3347,13,1,3,0.0928,5,0.349,13.099679,80.18627,58.0,380.0,9.666666666666666,0.3448
WIN-2078,2025-02-08,38,MORNING_06_12,9,5,1,water,DEPT_WATER,5,2,0.6,2.5,8.74,0.0874,3,0,3,0.0364,4,0.7858,13.097121,80.312822,26.0,254.0,4.333333333333333,0.1538
WIN-2082,2025-02-08,38,MORNING_06_12,9,5,1,streetlights,DEPT_ELECTRICITY,9,4,0.5556,2.25,34.17,0.3417,14,1,2,0.0559,1,0.1522,13.046619,80.333632,40.0,258.0,6.666666666666667,0.35
WIN-2086,2025-02-08,38,MORNING_06_12,9,5,1,infrastructure,DEPT_WORKS,8,3,0.625,2.67,11.59,0.1159,5,1,2,0.1794,1,0.1292,13.0279,80.265301,25.0,205.0,4.166666666666667,0.92
WIN-2090,2025-02-08,38,MORNING_06_12,9,5,1,other,DEPT_GENERAL,2,1,0.5,2.0,21.6,0.216,9,0,1,0.0252,0,0.0759,13.06402,80.2122,25.0,191.0,4.166666666666667,-0.52
WIN-2067,2025-02-08,38,AFTERNOON_12_18,15,5,1,roads,DEPT_ROADS,12,8,0.3333,1.5,31.15,0.3115,12,1,5,0.0644,8,0.6278,13.075542,80.218478,87.0,492.0,14.5,-0.1724
WIN-2071,2025-02-08,38,AFTERNOON_12_18,15,5,1,drainage,DEPT_DRAINAGE,8,3,0.625,2.67,36.57,0.3657,15,1,3,0.1024,2,0.2659,13.132695,80.307939,42.0,346.0,7.0,0.1429
WIN-2075,2025-02-08,38,AFTERNOON_12_18,15,5,1,garbage,DEPT_SANITATION,9,6,0.3333,1.5,73.3,0.733,29,0,3,0.0059,2,0.1787,13.049107,80.230022,63.0,386.0,10.5,-0.1429
WIN-2079,2025-02-08,38,AFTERNOON_12_18,15,5,1,water,DEPT_WATER,4,1,0.75,4.0,28.81,0.2881,12,0,1,0.1161,0,0.0922,13.07897,80.142157,26.0,255.0,4.333333333333333,-0.0769
WIN-2083,2025-02-08,38,AFTERNOON_12_18,15,5,1,streetlights,DEPT_ELECTRICITY,3,1,0.6667,3.0,45.55,0.4555,18,0,1,0.0154,1,0.3352,13.093802,80.221243,41.0,261.0,6.833333333333333,-0.561
WIN-2087,2025-02-08,38,AFTERNOON_12_18,15,5,1,infrastructure,DEPT_WORKS,2,1,0.5,2.0,21.99,0.2199,9,1,0,0.2758,1,0.5367,13.073946,80.27489,24.0,206.0,4.0,-0.5
WIN-2091,2025-02-08,38,AFTERNOON_12_18,15,5,1,other,DEPT_GENERAL,0,0,0.0,1.0,50.45,0.5045,20,0,0,0.0,0,0.0,13.024681,80.324277,23.0,190.0,3.8333333333333335,-1.0
WIN-2068,2025-02-08,38,EVENING_18_24,21,5,1,roads,DEPT_ROADS,6,5,0.1667,1.2,39.76,0.3976,16,1,1,0.2036,2,0.3428,13.043393,80.245317,71.0,484.0,11.833333333333334,-0.493
WIN-2072,2025-02-08,38,EVENING_18_24,21,5,1,drainage,DEPT_DRAINAGE,4,2,0.5,2.0,30.36,0.3036,12,0,0,0.0774,1,0.1593,13.069294,80.211751,38.0,336.0,6.333333333333333,-0.3684
WIN-2076,2025-02-08,38,EVENING_18_24,21,5,1,garbage,DEPT_SANITATION,4,2,0.5,2.0,2.31,0.0231,1,0,1,0.041,2,0.5931,13.111062,80.242089,49.0,371.0,8.166666666666666,-0.5102
WIN-2080,2025-02-08,38,EVENING_18_24,21,5,1,water,DEPT_WATER,1,1,0.0,1.0,13.61,0.1361,5,0,1,0.0935,0,0.1088,13.01564,80.256181,22.0,243.0,3.6666666666666665,-0.7273
WIN-2084,2025-02-08,38,EVENING_18_24,21,5,1,streetlights,DEPT_ELECTRICITY,4,2,0.5,2.0,31.4,0.314,13,0,1,0.0409,1,0.3552,13.063393,80.267985,33.0,245.0,5.5,-0.2727
WIN-2088,2025-02-08,38,EVENING_18_24,21,5,1,infrastructure,DEPT_WORKS,4,3,0.25,1.33,11.41,0.1141,5,0,0,0.0029,2,0.4075,13.273036,80.255072,24.0,198.0,4.0,0.0
WIN-2092,2025-02-08,38,EVENING_18_24,21,5,1,other,DEPT_GENERAL,3,1,0.6667,3.0,83.17,0.8317,33,1,1,0.267,2,0.6381,13.03362,80.391828,17.0,185.0,2.8333333333333335,0.0588
WIN-2093,2025-02-09,39,NIGHT_00_06,3,6,1,roads,DEPT_ROADS,5,3,0.4,1.67,30.15,0.3015,12,0,2,0.0965,2,0.4313,13.046426,80.344543,54.0,474.0,9.0,-0.4444
WIN-2097,2025-02-09,39,NIGHT_00_06,3,6,1,drainage,DEPT_DRAINAGE,1,1,0.0,1.0,21.59,0.2159,9,0,1,0.0975,1,0.7022,13.108456,80.296183,28.0,325.0,4.666666666666667,-0.7857
WIN-2101,2025-02-09,39,NIGHT_00_06,3,6,1,garbage,DEPT_SANITATION,1,1,0.0,1.0,21.56,0.2156,9,0,1,0.0049,1,0.6759,13.092102,80.215951,34.0,349.0,5.666666666666667,-0.8235
WIN-2105,2025-02-09,39,NIGHT_00_06,3,6,1,water,DEPT_WATER,1,1,0.0,1.0,67.04,0.6704,27,0,0,0.0646,0,0.0034,13.012467,80.372248,16.0,233.0,2.6666666666666665,-0.625
WIN-2109,2025-02-09,39,NIGHT_00_06,3,6,1,streetlights,DEPT_ELECTRICITY,3,1,0.6667,3.0,23.34,0.2334,9,0,0,0.029,0,0.0596,13.067517,80.300811,30.0,241.0,5.0,-0.4
WIN-2113,2025-02-09,39,NIGHT_00_06,3,6,1,infrastructure,DEPT_WORKS,2,1,0.5,2.0,36.67,0.3667,15,0,1,0.0879,1,0.4706,13.094429,80.300754,20.0,191.0,3.3333333333333335,-0.4
WIN-2117,2025-02-09,39,NIGHT_00_06,3,6,1,other,DEPT_GENERAL,1,1,0.0,1.0,24.56,0.2456,10,0,0,0.1046,0,0.3212,13.108191,80.390232,12.0,183.0,2.0,-0.5
WIN-2094,2025-02-09,39,MORNING_06_12,9,6,1,roads,DEPT_ROADS,10,5,0.5,2.0,10.06,0.1006,4,0,5,0.0177,3,0.2866,13.136475,80.276778,48.0,475.0,8.0,0.25
WIN-2098,2025-02-09,39,MORNING_06_12,9,6,1,drainage,DEPT_DRAINAGE,8,4,0.5,2.0,20.34,0.2034,8,0,2,0.0123,5,0.6134,13.126713,80.266722,28.0,327.0,4.666666666666667,0.7143
WIN-2102,2025-02-09,39,MORNING_06_12,9,6,1,garbage,DEPT_SANITATION,14,8,0.4286,1.75,22.82,0.2282,9,2,5,0.1093,4,0.31,13.138066,80.267657,43.0,354.0,7.166666666666667,0.9535
WIN-2106,2025-02-09,39,MORNING_06_12,9,6,1,water,DEPT_WATER,5,2,0.6,2.5,7.73,0.0773,3,1,0,0.1282,1,0.204,13.098093,80.311153,16.0,231.0,2.6666666666666665,0.875
WIN-2110,2025-02-09,39,MORNING_06_12,9,6,1,streetlights,DEPT_ELECTRICITY,6,3,0.5,2.0,8.54,0.0854,3,0,1,0.0516,3,0.4585,13.142894,80.388615,26.0,241.0,4.333333333333333,0.3846
WIN-2114,2025-02-09,39,MORNING_06_12,9,6,1,infrastructure,DEPT_WORKS,5,2,0.6,2.5,49.74,0.4974,20,2,1,0.3256,1,0.1425,13.079106,80.267853,21.0,191.0,3.5,0.4286
WIN-2118,2025-02-09,39,MORNING_06_12,9,6,1,other,DEPT_GENERAL,2,1,0.5,2.0,32.78,0.3278,13,0,1,0.0219,1,0.5456,13.101434,80.262109,10.0,179.0,1.6666666666666667,0.2
WIN-2095,2025-02-09,39,AFTERNOON_12_18,15,6,1,roads,DEPT_ROADS,8,4,0.5,2.0,26.91,0.2691,11,0,2,0.0188,1,0.148,13.072925,80.266622,54.0,479.0,9.0,-0.1111
WIN-2099,2025-02-09,39,AFTERNOON_12_18,15,6,1,drainage,DEPT_DRAINAGE,3,2,0.3333,1.5,11.1,0.111,4,0,0,0.0276,0,0.0742,13.092002,80.309889,30.0,325.0,5.0,-0.4
WIN-2103,2025-02-09,39,AFTERNOON_12_18,15,6,1,garbage,DEPT_SANITATION,5,2,0.6,2.5,28.38,0.2838,11,0,1,0.0216,1,0.1216,13.030795,80.126827,46.0,353.0,7.666666666666667,-0.3478
WIN-2107,2025-02-09,39,AFTERNOON_12_18,15,6,1,water,DEPT_WATER,15,10,0.3333,1.5,52.66,0.5266,21,1,3,0.0799,5,0.3365,13.106054,80.157731,31.0,242.0,5.166666666666667,1.9032
WIN-2111,2025-02-09,39,AFTERNOON_12_18,15,6,1,streetlights,DEPT_ELECTRICITY,2,1,0.5,2.0,27.14,0.2714,11,0,1,0.0237,1,0.4142,13.056578,80.282514,27.0,239.0,4.5,-0.5556
WIN-2115,2025-02-09,39,AFTERNOON_12_18,15,6,1,infrastructure,DEPT_WORKS,5,2,0.6,2.5,4.39,0.0439,2,0,2,0.0202,2,0.4221,13.115635,80.190254,26.0,194.0,4.333333333333333,0.1538
WIN-2119,2025-02-09,39,AFTERNOON_12_18,15,6,1,other,DEPT_GENERAL,9,3,0.6667,3.0,22.21,0.2221,9,1,1,0.152,2,0.1803,13.129494,80.334649,17.0,185.0,2.8333333333333335,2.1765
WIN-2096,2025-02-09,39,EVENING_18_24,21,6,1,roads,DEPT_ROADS,5,2,0.6,2.5,12.39,0.1239,5,1,2,0.1334,2,0.4408,13.156719,80.252668,46.0,459.0,7.666666666666667,-0.3478
WIN-2100,2025-02-09,39,EVENING_18_24,21,6,1,drainage,DEPT_DRAINAGE,6,4,0.3333,1.5,68.75,0.6875,28,0,2,0.0253,2,0.374,13.073223,80.280935,30.0,317.0,5.0,0.2
WIN-2104,2025-02-09,39,EVENING_18_24,21,6,1,garbage,DEPT_SANITATION,4,2,0.5,2.0,13.03,0.1303,5,0,1,0.0468,1,0.3571,13.029166,80.151681,37.0,348.0,6.166666666666667,-0.3514
WIN-2108,2025-02-09,39,EVENING_18_24,21,6,1,water,DEPT_WATER,3,1,0.6667,3.0,16.95,0.1695,7,0,0,0.0853,1,0.3938,13.122559,80.241103,29.0,240.0,4.833333333333333,-0.3793
WIN-2112,2025-02-09,39,EVENING_18_24,21,6,1,streetlights,DEPT_ELECTRICITY,3,2,0.3333,1.5,3.57,0.0357,1,1,2,0.2604,2,0.5055,13.061781,80.245175,21.0,234.0,3.5,-0.1429
WIN-2116,2025-02-09,39,EVENING_18_24,21,6,1,infrastructure,DEPT_WORKS,1,1,0.0,1.0,47.01,0.4701,19,0,0,0.2094,0,0.4257,13.073086,80.26293,19.0,190.0,3.1666666666666665,-0.6842
WIN-2120,2025-02-09,39,EVENING_18_24,21,6,1,other,DEPT_GENERAL,1,1,0.0,1.0,6.76,0.0676,3,0,1,0.037,0,0.2132,13.10912,80.33734,16.0,179.0,2.6666666666666665,-0.625
WIN-2121,2025-02-10,40,NIGHT_00_06,3,0,0,roads,DEPT_ROADS,5,4,0.2,1.25,43.86,0.4386,18,2,0,0.3021,0,0.0446,13.078971,80.240063,39.0,440.0,6.5,-0.2308
WIN-2125,2025-02-10,40,NIGHT_00_06,3,0,0,drainage,DEPT_DRAINAGE,0,0,0.0,1.0,14.23,0.1423,6,0,0,0.0,0,0.0,13.129194,80.298713,22.0,303.0,3.6666666666666665,-1.0
WIN-2129,2025-02-10,40,NIGHT_00_06,3,0,0,garbage,DEPT_SANITATION,3,1,0.6667,3.0,21.0,0.21,8,0,1,0.0084,0,0.1452,13.094381,80.255417,31.0,341.0,5.166666666666667,-0.4194
WIN-2133,2025-02-10,40,NIGHT_00_06,3,0,0,water,DEPT_WATER,3,2,0.3333,1.5,25.33,0.2533,10,1,1,0.2151,0,0.0001,13.096592,80.387921,28.0,229.0,4.666666666666667,-0.3571
WIN-2137,2025-02-10,40,NIGHT_00_06,3,0,0,streetlights,DEPT_ELECTRICITY,7,5,0.2857,1.4,52.92,0.5292,21,0,4,0.0023,1,0.1226,13.13753,80.207044,25.0,234.0,4.166666666666667,0.68
WIN-2141,2025-02-10,40,NIGHT_00_06,3,0,0,infrastructure,DEPT_WORKS,1,1,0.0,1.0,49.74,0.4974,20,0,0,0.0063,0,0.2051,13.003062,80.22483,18.0,186.0,3.0,-0.6667
WIN-2145,2025-02-10,40,NIGHT_00_06,3,0,0,other,DEPT_GENERAL,0,0,0.0,1.0,7.83,0.0783,3,0,0,0.0,0,0.0,13.112652,80.305292,16.0,171.0,2.6666666666666665,-1.0
WIN-2122,2025-02-10,40,MORNING_06_12,9,0,0,roads,DEPT_ROADS,13,7,0.4615,1.86,20.51,0.2051,8,2,5,0.1853,2,0.1268,13.02136,80.194447,46.0,442.0,7.666666666666667,0.6957
WIN-2126,2025-02-10,40,MORNING_06_12,9,0,0,drainage,DEPT_DRAINAGE,9,4,0.5556,2.25,17.61,0.1761,7,4,1,0.4229,1,0.1133,13.108675,80.187599,27.0,304.0,4.5,1.0
WIN-2130,2025-02-10,40,MORNING_06_12,9,0,0,garbage,DEPT_SANITATION,14,9,0.3571,1.56,7.78,0.0778,3,0,3,0.0057,6,0.4084,13.12545,80.259126,41.0,349.0,6.833333333333333,1.0488
WIN-2134,2025-02-10,40,MORNING_06_12,9,0,0,water,DEPT_WATER,10,5,0.5,2.0,13.61,0.1361,5,0,4,0.0178,1,0.1002,13.212064,80.266223,37.0,235.0,6.166666666666667,0.6216
WIN-2138,2025-02-10,40,MORNING_06_12,9,0,0,streetlights,DEPT_ELECTRICITY,11,5,0.5455,2.2,34.36,0.3436,14,0,4,0.0069,0,0.0191,13.034737,80.200688,32.0,242.0,5.333333333333333,1.0625
WIN-2142,2025-02-10,40,MORNING_06_12,9,0,0,infrastructure,DEPT_WORKS,11,5,0.5455,2.2,31.25,0.3125,12,2,3,0.1629,1,0.0523,13.03378,80.242886,25.0,191.0,4.166666666666667,1.64
WIN-2146,2025-02-10,40,MORNING_06_12,9,0,0,other,DEPT_GENERAL,6,2,0.6667,3.0,32.97,0.3297,13,0,2,0.0223,3,0.443,13.099551,80.17595,19.0,172.0,3.1666666666666665,0.8947
WIN-2123,2025-02-10,40,AFTERNOON_12_18,15,0,0,roads,DEPT_ROADS,16,7,0.5625,2.29,84.75,0.8475,34,0,7,0.0291,4,0.2357,13.092998,80.357908,57.0,455.0,9.5,0.6842
WIN-2127,2025-02-10,40,AFTERNOON_12_18,15,0,0,drainage,DEPT_DRAINAGE,10,6,0.4,1.67,21.98,0.2198,9,0,7,0.0274,1,0.1428,13.047727,80.248833,36.0,313.0,6.0,0.6667
WIN-2131,2025-02-10,40,AFTERNOON_12_18,15,0,0,garbage,DEPT_SANITATION,15,5,0.6667,3.0,22.84,0.2284,9,1,3,0.0354,0,0.0181,12.993332,80.385889,55.0,362.0,9.166666666666666,0.6364
WIN-2135,2025-02-10,40,AFTERNOON_12_18,15,0,0,water,DEPT_WATER,11,7,0.3636,1.57,10.15,0.1015,4,0,3,0.0437,0,0.0357,13.139527,80.337905,47.0,242.0,7.833333333333333,0.4043
WIN-2139,2025-02-10,40,AFTERNOON_12_18,15,0,0,streetlights,DEPT_ELECTRICITY,8,5,0.375,1.6,8.36,0.0836,3,3,4,0.3294,0,0.0275,13.105342,80.179525,37.0,249.0,6.166666666666667,0.2973
WIN-2143,2025-02-10,40,AFTERNOON_12_18,15,0,0,infrastructure,DEPT_WORKS,12,6,0.5,2.0,24.56,0.2456,10,6,4,0.4796,2,0.1758,13.163436,80.236652,35.0,201.0,5.833333333333333,1.0571
WIN-2147,2025-02-10,40,AFTERNOON_12_18,15,0,0,other,DEPT_GENERAL,4,2,0.5,2.0,61.76,0.6176,25,1,1,0.2281,0,0.0485,13.105366,80.32843,22.0,176.0,3.6666666666666665,0.0909
WIN-2124,2025-02-10,40,EVENING_18_24,21,0,0,roads,DEPT_ROADS,11,9,0.1818,1.22,51.34,0.5134,21,0,4,0.0182,5,0.4523,13.118094,80.288303,58.0,447.0,9.666666666666666,0.1379
WIN-2128,2025-02-10,40,EVENING_18_24,21,0,0,drainage,DEPT_DRAINAGE,6,2,0.6667,3.0,15.12,0.1512,6,0,1,0.0491,1,0.1535,13.057559,80.262427,34.0,299.0,5.666666666666667,0.0588
WIN-2132,2025-02-10,40,EVENING_18_24,21,0,0,garbage,DEPT_SANITATION,5,4,0.2,1.25,41.7,0.417,17,0,0,0.0307,2,0.4515,13.060406,80.252303,46.0,353.0,7.666666666666667,-0.3478
WIN-2136,2025-02-10,40,EVENING_18_24,21,0,0,water,DEPT_WATER,8,5,0.375,1.6,26.15,0.2615,10,1,1,0.1483,3,0.3685,13.04392,80.252984,50.0,242.0,8.333333333333334,-0.04
WIN-2140,2025-02-10,40,EVENING_18_24,21,0,0,streetlights,DEPT_ELECTRICITY,8,6,0.25,1.33,13.68,0.1368,5,1,1,0.1637,6,0.6894,13.046485,80.320529,39.0,240.0,6.5,0.2308
WIN-2144,2025-02-10,40,EVENING_18_24,21,0,0,infrastructure,DEPT_WORKS,1,1,0.0,1.0,23.19,0.2319,9,0,0,0.0662,0,0.4805,13.064588,80.302019,31.0,192.0,5.166666666666667,-0.8065
WIN-2148,2025-02-10,40,EVENING_18_24,21,0,0,other,DEPT_GENERAL,4,2,0.5,2.0,48.81,0.4881,20,0,0,0.0748,1,0.3483,13.061964,80.286586,24.0,177.0,4.0,0.0
WIN-2149,2025-02-11,41,NIGHT_00_06,3,1,0,roads,DEPT_ROADS,2,1,0.5,2.0,39.76,0.3976,16,0,1,0.1098,0,0.1835,13.106899,80.276908,52.0,440.0,8.666666666666666,-0.7692
WIN-2153,2025-02-11,41,NIGHT_00_06,3,1,0,drainage,DEPT_DRAINAGE,2,1,0.5,2.0,64.22,0.6422,26,0,0,0.0065,1,0.5636,13.076046,80.274826,33.0,288.0,5.5,-0.6364
WIN-2157,2025-02-11,41,NIGHT_00_06,3,1,0,garbage,DEPT_SANITATION,1,1,0.0,1.0,8.8,0.088,4,0,1,0.1232,0,0.0824,13.104481,80.257995,42.0,337.0,7.0,-0.8571
WIN-2161,2025-02-11,41,NIGHT_00_06,3,1,0,water,DEPT_WATER,3,1,0.6667,3.0,13.94,0.1394,6,0,1,0.057,0,0.056,13.102581,80.328418,38.0,234.0,6.333333333333333,-0.5263
WIN-2165,2025-02-11,41,NIGHT_00_06,3,1,0,streetlights,DEPT_ELECTRICITY,3,2,0.3333,1.5,45.58,0.4558,18,0,2,0.1009,0,0.1086,13.042986,80.325448,40.0,231.0,6.666666666666667,-0.55
WIN-2169,2025-02-11,41,NIGHT_00_06,3,1,0,infrastructure,DEPT_WORKS,0,0,0.0,1.0,33.46,0.3346,13,0,0,0.0,0,0.0,13.062474,80.310069,26.0,187.0,4.333333333333333,-1.0
WIN-2173,2025-02-11,41,NIGHT_00_06,3,1,0,other,DEPT_GENERAL,1,1,0.0,1.0,11.29,0.1129,5,0,0,0.0844,0,0.13,13.011501,80.294764,16.0,175.0,2.6666666666666665,-0.625
WIN-2150,2025-02-11,41,MORNING_06_12,9,1,0,roads,DEPT_ROADS,25,15,0.4,1.67,35.67,0.3567,14,0,7,0.0011,6,0.2359,13.040376,80.280336,72.0,447.0,12.0,1.0833
WIN-2154,2025-02-11,41,MORNING_06_12,9,1,0,drainage,DEPT_DRAINAGE,11,8,0.2727,1.38,4.26,0.0426,2,1,4,0.0997,2,0.1402,13.025264,80.283915,38.0,290.0,6.333333333333333,0.7368
WIN-2158,2025-02-11,41,MORNING_06_12,9,1,0,garbage,DEPT_SANITATION,24,12,0.5,2.0,39.01,0.3901,16,0,21,0.0158,2,0.0638,13.03776,80.234207,62.0,351.0,10.333333333333334,1.3226
WIN-2162,2025-02-11,41,MORNING_06_12,9,1,0,water,DEPT_WATER,17,7,0.5882,2.43,30.3,0.303,12,0,7,0.0226,0,0.0117,13.133783,80.231111,52.0,245.0,8.666666666666666,0.9615
WIN-2166,2025-02-11,41,MORNING_06_12,9,1,0,streetlights,DEPT_ELECTRICITY,4,2,0.5,2.0,13.8,0.138,6,0,1,0.0417,1,0.1607,13.01828,80.280798,41.0,233.0,6.833333333333333,-0.4146
WIN-2170,2025-02-11,41,MORNING_06_12,9,1,0,infrastructure,DEPT_WORKS,7,5,0.2857,1.4,9.4,0.094,4,1,4,0.0893,1,0.1889,13.097034,80.171232,32.0,189.0,5.333333333333333,0.3125
WIN-2174,2025-02-11,41,MORNING_06_12,9,1,0,other,DEPT_GENERAL,9,7,0.2222,1.29,57.75,0.5775,23,1,1,0.0939,2,0.2587,13.023989,80.319757,24.0,180.0,4.0,1.25
WIN-2151,2025-02-11,41,AFTERNOON_12_18,15,1,0,roads,DEPT_ROADS,10,6,0.4,1.67,46.41,0.4641,19,1,3,0.067,0,0.0212,13.047614,80.254537,77.0,453.0,12.833333333333334,-0.2208
WIN-2155,2025-02-11,41,AFTERNOON_12_18,15,1,0,drainage,DEPT_DRAINAGE,6,3,0.5,2.0,61.24,0.6124,24,3,4,0.5106,2,0.3225,13.098428,80.219486,44.0,295.0,7.333333333333333,-0.1818
WIN-2159,2025-02-11,41,AFTERNOON_12_18,15,1,0,garbage,DEPT_SANITATION,11,6,0.4545,1.83,30.74,0.3074,12,1,4,0.0688,1,0.0761,13.06463,80.30442,70.0,361.0,11.666666666666666,-0.0571
WIN-2163,2025-02-11,41,AFTERNOON_12_18,15,1,0,water,DEPT_WATER,6,3,0.5,2.0,16.56,0.1656,7,0,2,0.0189,3,0.4209,13.043015,80.208932,55.0,248.0,9.166666666666666,-0.3455
WIN-2167,2025-02-11,41,AFTERNOON_12_18,15,1,0,streetlights,DEPT_ELECTRICITY,7,3,0.5714,2.33,48.14,0.4814,19,1,0,0.1161,0,0.0195,13.122831,80.242295,41.0,240.0,6.833333333333333,0.0244
WIN-2171,2025-02-11,41,AFTERNOON_12_18,15,1,0,infrastructure,DEPT_WORKS,6,3,0.5,2.0,13.28,0.1328,5,0,3,0.0482,0,0.0723,13.126557,80.237663,37.0,194.0,6.166666666666667,-0.027
WIN-2175,2025-02-11,41,AFTERNOON_12_18,15,1,0,other,DEPT_GENERAL,6,4,0.3333,1.5,47.72,0.4772,19,1,3,0.1084,0,0.0634,13.071614,80.27407,30.0,185.0,5.0,0.2
WIN-2152,2025-02-11,41,EVENING_18_24,21,1,0,roads,DEPT_ROADS,6,5,0.1667,1.2,7.48,0.0748,3,1,1,0.0853,1,0.1324,13.04334,80.168238,70.0,452.0,11.666666666666666,-0.4857
WIN-2156,2025-02-11,41,EVENING_18_24,21,1,0,drainage,DEPT_DRAINAGE,8,3,0.625,2.67,20.96,0.2096,8,1,5,0.0639,4,0.4632,13.109307,80.278078,43.0,294.0,7.166666666666667,0.1163
WIN-2160,2025-02-11,41,EVENING_18_24,21,1,0,garbage,DEPT_SANITATION,5,3,0.4,1.67,4.39,0.0439,2,0,1,0.0373,0,0.0536,12.998954,80.200294,61.0,360.0,10.166666666666666,-0.5082
WIN-2164,2025-02-11,41,EVENING_18_24,21,1,0,water,DEPT_WATER,6,3,0.5,2.0,17.96,0.1796,7,0,1,0.0241,2,0.3069,13.081622,80.34266,51.0,248.0,8.5,-0.2941
WIN-2168,2025-02-11,41,EVENING_18_24,21,1,0,streetlights,DEPT_ELECTRICITY,3,1,0.6667,3.0,20.69,0.2069,8,0,1,0.1232,1,0.2116,13.059108,80.298258,33.0,239.0,5.5,-0.4545
WIN-2172,2025-02-11,41,EVENING_18_24,21,1,0,infrastructure,DEPT_WORKS,4,2,0.5,2.0,63.0,0.63,25,1,1,0.3082,3,0.7548,13.090289,80.206218,30.0,193.0,5.0,-0.2
WIN-2176,2025-02-11,41,EVENING_18_24,21,1,0,other,DEPT_GENERAL,2,1,0.5,2.0,30.51,0.3051,12,0,0,0.0448,1,0.3616,13.018452,80.241379,26.0,183.0,4.333333333333333,-0.5385
WIN-2177,2025-02-12,42,NIGHT_00_06,3,2,0,roads,DEPT_ROADS,8,5,0.375,1.6,31.68,0.3168,13,1,2,0.1472,0,0.0481,13.057204,80.175769,62.0,451.0,10.333333333333334,-0.2258
WIN-2181,2025-02-12,42,NIGHT_00_06,3,2,0,drainage,DEPT_DRAINAGE,2,1,0.5,2.0,33.59,0.3359,13,0,1,0.144,0,0.124,13.033503,80.160433,35.0,286.0,5.833333333333333,-0.6571
WIN-2185,2025-02-12,42,NIGHT_00_06,3,2,0,garbage,DEPT_SANITATION,2,2,0.0,1.0,36.04,0.3604,14,0,0,0.084,0,0.0646,13.029797,80.243503,48.0,358.0,8.0,-0.75
WIN-2189,2025-02-12,42,NIGHT_00_06,3,2,0,water,DEPT_WATER,4,2,0.5,2.0,38.61,0.3861,15,2,2,0.3852,0,0.0654,12.982204,80.264938,44.0,249.0,7.333333333333333,-0.4545
WIN-2193,2025-02-12,42,NIGHT_00_06,3,2,0,streetlights,DEPT_ELECTRICITY,2,1,0.5,2.0,8.61,0.0861,3,0,0,0.093,0,0.1467,13.037835,80.249412,27.0,237.0,4.5,-0.5556
WIN-2197,2025-02-12,42,NIGHT_00_06,3,2,0,infrastructure,DEPT_WORKS,1,1,0.0,1.0,46.68,0.4668,19,0,0,0.168,0,0.2041,13.087386,80.273262,19.0,191.0,3.1666666666666665,-0.6842
WIN-2201,2025-02-12,42,NIGHT_00_06,3,2,0,other,DEPT_GENERAL,1,1,0.0,1.0,30.38,0.3038,12,0,0,0.188,0,0.0332,13.144986,80.31942,23.0,179.0,3.8333333333333335,-0.7391
WIN-2178,2025-02-12,42,MORNING_06_12,9,2,0,roads,DEPT_ROADS,18,11,0.3889,1.64,3.07,0.0307,1,5,4,0.2648,0,0.0143,13.087213,80.339673,69.0,462.0,11.5,0.5652
WIN-2182,2025-02-12,42,MORNING_06_12,9,2,0,drainage,DEPT_DRAINAGE,11,5,0.5455,2.2,37.28,0.3728,15,1,5,0.0469,1,0.0577,13.077229,80.378601,40.0,295.0,6.666666666666667,0.65
WIN-2186,2025-02-12,42,MORNING_06_12,9,2,0,garbage,DEPT_SANITATION,16,8,0.5,2.0,6.08,0.0608,2,3,2,0.1875,0,0.011,13.02615,80.231504,59.0,370.0,9.833333333333334,0.6271
WIN-2190,2025-02-12,42,MORNING_06_12,9,2,0,water,DEPT_WATER,16,11,0.3125,1.45,54.08,0.5408,22,3,3,0.1642,3,0.166,13.158297,80.332643,52.0,264.0,8.666666666666666,0.8462
WIN-2194,2025-02-12,42,MORNING_06_12,9,2,0,streetlights,DEPT_ELECTRICITY,15,9,0.4,1.67,30.64,0.3064,12,1,1,0.0515,7,0.483,13.078098,80.259947,34.0,248.0,5.666666666666667,1.6471
WIN-2198,2025-02-12,42,MORNING_06_12,9,2,0,infrastructure,DEPT_WORKS,3,2,0.3333,1.5,25.1,0.251,10,1,1,0.2139,1,0.3287,13.130385,80.266802,21.0,192.0,3.5,-0.1429
WIN-2202,2025-02-12,42,MORNING_06_12,9,2,0,other,DEPT_GENERAL,10,4,0.6,2.5,34.31,0.3431,14,1,3,0.0838,0,0.0479,13.064736,80.184589,29.0,188.0,4.833333333333333,1.069
WIN-2179,2025-02-12,42,AFTERNOON_12_18,15,2,0,roads,DEPT_ROADS,18,7,0.6111,2.57,10.91,0.1091,4,0,13,0.0255,4,0.2073,12.999713,80.207886,85.0,479.0,14.166666666666666,0.2706
WIN-2183,2025-02-12,42,AFTERNOON_12_18,15,2,0,drainage,DEPT_DRAINAGE,11,5,0.5455,2.2,32.53,0.3253,13,0,8,0.0073,4,0.3708,13.055977,80.321647,49.0,304.0,8.166666666666666,0.3469
WIN-2187,2025-02-12,42,AFTERNOON_12_18,15,2,0,garbage,DEPT_SANITATION,16,10,0.375,1.6,25.38,0.2538,10,2,1,0.152,1,0.0398,13.114923,80.329336,74.0,385.0,12.333333333333334,0.2973
WIN-2191,2025-02-12,42,AFTERNOON_12_18,15,2,0,water,DEPT_WATER,5,4,0.2,1.25,5.93,0.0593,2,0,1,0.0329,0,0.0221,13.019756,80.319161,54.0,268.0,9.0,-0.4444
WIN-2195,2025-02-12,42,AFTERNOON_12_18,15,2,0,streetlights,DEPT_ELECTRICITY,6,3,0.5,2.0,63.1,0.631,25,1,2,0.1723,0,0.0741,13.082893,80.199905,37.0,253.0,6.166666666666667,-0.027
WIN-2199,2025-02-12,42,AFTERNOON_12_18,15,2,0,infrastructure,DEPT_WORKS,5,2,0.6,2.5,35.95,0.3595,14,1,0,0.2673,1,0.2658,13.056951,80.292961,26.0,194.0,4.333333333333333,0.1538
WIN-2203,2025-02-12,42,AFTERNOON_12_18,15,2,0,other,DEPT_GENERAL,0,0,0.0,1.0,19.41,0.1941,8,0,0,0.0,0,0.0,12.998131,80.299289,28.0,184.0,4.666666666666667,-1.0
WIN-2180,2025-02-12,42,EVENING_18_24,21,2,0,roads,DEPT_ROADS,9,6,0.3333,1.5,59.93,0.5993,24,2,3,0.2542,4,0.4197,12.949192,80.303063,69.0,477.0,11.5,-0.2174
WIN-2184,2025-02-12,42,EVENING_18_24,21,2,0,drainage,DEPT_DRAINAGE,9,4,0.5556,2.25,17.29,0.1729,7,1,3,0.1626,3,0.3414,13.104293,80.24197,47.0,297.0,7.833333333333333,0.1489
WIN-2188,2025-02-12,42,EVENING_18_24,21,2,0,garbage,DEPT_SANITATION,7,5,0.2857,1.4,56.48,0.5648,23,0,3,0.0301,2,0.3202,12.959516,80.275701,57.0,386.0,9.5,-0.2632
WIN-2192,2025-02-12,42,EVENING_18_24,21,2,0,water,DEPT_WATER,9,4,0.5556,2.25,58.08,0.5808,23,0,2,0.012,3,0.3191,13.055802,80.163315,46.0,272.0,7.666666666666667,0.1739
WIN-2196,2025-02-12,42,EVENING_18_24,21,2,0,streetlights,DEPT_ELECTRICITY,6,5,0.1667,1.2,4.91,0.0491,2,0,1,0.004,5,0.865,13.072748,80.219494,39.0,248.0,6.5,-0.0769
WIN-2200,2025-02-12,42,EVENING_18_24,21,2,0,infrastructure,DEPT_WORKS,3,2,0.3333,1.5,33.8,0.338,14,0,0,0.148,1,0.4037,13.049363,80.276062,22.0,194.0,3.6666666666666665,-0.1818
WIN-2204,2025-02-12,42,EVENING_18_24,21,2,0,other,DEPT_GENERAL,1,1,0.0,1.0,33.94,0.3394,14,0,0,0.1422,1,0.5457,13.005637,80.361795,20.0,176.0,3.3333333333333335,-0.7
WIN-2205,2025-02-13,43,NIGHT_00_06,3,3,0,roads,DEPT_ROADS,4,3,0.25,1.33,28.12,0.2812,11,0,0,0.1056,1,0.1448,13.06121,80.226514,63.0,473.0,10.5,-0.619
WIN-2209,2025-02-13,43,NIGHT_00_06,3,3,0,drainage,DEPT_DRAINAGE,4,2,0.5,2.0,42.28,0.4228,17,0,0,0.0495,2,0.5638,13.109536,80.302882,45.0,298.0,7.5,-0.4667
WIN-2213,2025-02-13,43,NIGHT_00_06,3,3,0,garbage,DEPT_SANITATION,3,1,0.6667,3.0,39.31,0.3931,16,0,1,0.0716,0,0.0375,13.123949,80.22977,49.0,381.0,8.166666666666666,-0.6327
WIN-2217,2025-02-13,43,NIGHT_00_06,3,3,0,water,DEPT_WATER,2,1,0.5,2.0,30.47,0.3047,12,0,0,0.0689,0,0.0703,13.056264,80.300056,42.0,272.0,7.0,-0.7143
WIN-2221,2025-02-13,43,NIGHT_00_06,3,3,0,streetlights,DEPT_ELECTRICITY,2,1,0.5,2.0,60.27,0.6027,24,1,0,0.2531,0,0.0138,12.978591,80.259424,34.0,244.0,5.666666666666667,-0.6471
WIN-2225,2025-02-13,43,NIGHT_00_06,3,3,0,infrastructure,DEPT_WORKS,3,1,0.6667,3.0,11.22,0.1122,4,0,1,0.0282,1,0.368,13.0806,80.325965,19.0,193.0,3.1666666666666665,-0.0526
WIN-2229,2025-02-13,43,NIGHT_00_06,3,3,0,other,DEPT_GENERAL,3,2,0.3333,1.5,30.71,0.3071,12,0,0,0.0336,1,0.4013,13.123118,80.299802,17.0,175.0,2.8333333333333335,0.0588
WIN-2206,2025-02-13,43,MORNING_06_12,9,3,0,roads,DEPT_ROADS,19,7,0.6316,2.71,25.54,0.2554,10,1,4,0.0435,7,0.3901,13.17961,80.298666,76.0,484.0,12.666666666666666,0.5
WIN-2210,2025-02-13,43,MORNING_06_12,9,3,0,drainage,DEPT_DRAINAGE,15,11,0.2667,1.36,7.74,0.0774,3,4,2,0.2518,3,0.1759,13.186383,80.252189,52.0,309.0,8.666666666666666,0.7308
WIN-2214,2025-02-13,43,MORNING_06_12,9,3,0,garbage,DEPT_SANITATION,8,4,0.5,2.0,6.37,0.0637,3,0,1,0.0101,1,0.1522,13.104267,80.278489,52.0,385.0,8.666666666666666,-0.0769
WIN-2218,2025-02-13,43,MORNING_06_12,9,3,0,water,DEPT_WATER,16,6,0.625,2.67,42.47,0.4247,17,1,5,0.0334,2,0.1363,13.072856,80.237471,52.0,285.0,8.666666666666666,0.8462
WIN-2222,2025-02-13,43,MORNING_06_12,9,3,0,streetlights,DEPT_ELECTRICITY,9,6,0.3333,1.5,22.15,0.2215,9,0,1,0.0101,0,0.0442,13.077588,80.286311,40.0,245.0,6.666666666666667,0.35
WIN-2226,2025-02-13,43,MORNING_06_12,9,3,0,infrastructure,DEPT_WORKS,6,5,0.1667,1.2,9.35,0.0935,4,0,2,0.0308,0,0.0732,13.068697,80.304136,21.0,193.0,3.5,0.7143
WIN-2230,2025-02-13,43,MORNING_06_12,9,3,0,other,DEPT_GENERAL,4,2,0.5,2.0,56.68,0.5668,23,0,2,0.0138,0,0.0568,13.086495,80.276902,19.0,173.0,3.1666666666666665,0.2632
WIN-2207,2025-02-13,43,AFTERNOON_12_18,15,3,0,roads,DEPT_ROADS,14,7,0.5,2.0,47.96,0.4796,19,5,7,0.3408,1,0.0663,13.109822,80.347167,82.0,497.0,13.666666666666666,0.0244
WIN-2211,2025-02-13,43,AFTERNOON_12_18,15,3,0,drainage,DEPT_DRAINAGE,19,15,0.2105,1.27,30.01,0.3001,12,0,2,0.0217,2,0.0834,13.103774,80.241735,69.0,323.0,11.5,0.6522
WIN-2215,2025-02-13,43,AFTERNOON_12_18,15,3,0,garbage,DEPT_SANITATION,12,4,0.6667,3.0,7.35,0.0735,3,0,2,0.0218,1,0.0725,13.17217,80.287134,62.0,396.0,10.333333333333334,0.1613
WIN-2219,2025-02-13,43,AFTERNOON_12_18,15,3,0,water,DEPT_WATER,11,6,0.4545,1.83,38.54,0.3854,15,2,2,0.1797,2,0.1611,13.084104,80.355766,59.0,295.0,9.833333333333334,0.1186
WIN-2223,2025-02-13,43,AFTERNOON_12_18,15,3,0,streetlights,DEPT_ELECTRICITY,8,3,0.625,2.67,29.82,0.2982,12,0,4,0.0149,0,0.008,13.04207,80.223052,46.0,250.0,7.666666666666667,0.0435
WIN-2227,2025-02-13,43,AFTERNOON_12_18,15,3,0,infrastructure,DEPT_WORKS,7,4,0.4286,1.75,5.1,0.051,2,0,2,0.018,0,0.0547,13.119247,80.35436,27.0,198.0,4.5,0.5556
WIN-2231,2025-02-13,43,AFTERNOON_12_18,15,3,0,other,DEPT_GENERAL,6,2,0.6667,3.0,7.95,0.0795,3,1,3,0.2235,0,0.0616,13.11146,80.220781,24.0,178.0,4.0,0.5
WIN-2208,2025-02-13,43,EVENING_18_24,21,3,0,roads,DEPT_ROADS,11,4,0.6364,2.75,19.15,0.1915,8,1,4,0.1117,3,0.2915,13.037089,80.3677,75.0,489.0,12.5,-0.12
WIN-2212,2025-02-13,43,EVENING_18_24,21,3,0,drainage,DEPT_DRAINAGE,4,2,0.5,2.0,15.55,0.1555,6,0,3,0.097,0,0.1006,12.975954,80.361172,62.0,318.0,10.333333333333334,-0.6129
WIN-2216,2025-02-13,43,EVENING_18_24,21,3,0,garbage,DEPT_SANITATION,16,6,0.625,2.67,25.41,0.2541,10,4,3,0.2345,3,0.2073,13.086059,80.240209,62.0,402.0,10.333333333333334,0.5484
WIN-2220,2025-02-13,43,EVENING_18_24,21,3,0,water,DEPT_WATER,2,1,0.5,2.0,10.4,0.104,4,0,1,0.0764,0,0.2229,12.976306,80.234093,45.0,285.0,7.5,-0.7333
WIN-2224,2025-02-13,43,EVENING_18_24,21,3,0,streetlights,DEPT_ELECTRICITY,9,6,0.3333,1.5,22.99,0.2299,9,1,6,0.1604,3,0.3684,13.09225,80.243002,40.0,256.0,6.666666666666667,0.35
WIN-2228,2025-02-13,43,EVENING_18_24,21,3,0,infrastructure,DEPT_WORKS,7,5,0.2857,1.4,13.98,0.1398,6,0,1,0.0696,1,0.2061,13.086622,80.284662,31.0,199.0,5.166666666666667,0.3548
WIN-2232,2025-02-13,43,EVENING_18_24,21,3,0,other,DEPT_GENERAL,2,1,0.5,2.0,15.98,0.1598,6,0,1,0.0533,1,0.5058,13.101481,80.293624,16.0,168.0,2.6666666666666665,-0.25
WIN-2233,2025-02-14,44,NIGHT_00_06,3,4,0,roads,DEPT_ROADS,8,3,0.625,2.67,33.13,0.3313,13,0,3,0.0367,0,0.0486,13.006091,80.30174,65.0,484.0,10.833333333333334,-0.2615
WIN-2237,2025-02-14,44,NIGHT_00_06,3,4,0,drainage,DEPT_DRAINAGE,0,0,0.0,1.0,26.73,0.2673,11,0,0,0.0,0,0.0,13.06437,80.255032,51.0,307.0,8.5,-1.0
WIN-2241,2025-02-14,44,NIGHT_00_06,3,4,0,garbage,DEPT_SANITATION,5,3,0.4,1.67,23.93,0.2393,10,0,1,0.0744,1,0.1263,12.99642,80.379969,51.0,388.0,8.5,-0.4118
WIN-2245,2025-02-14,44,NIGHT_00_06,3,4,0,water,DEPT_WATER,3,2,0.3333,1.5,31.33,0.3133,13,0,0,0.1201,1,0.2295,13.048697,80.312462,43.0,284.0,7.166666666666667,-0.5814
WIN-2249,2025-02-14,44,NIGHT_00_06,3,4,0,streetlights,DEPT_ELECTRICITY,1,1,0.0,1.0,40.76,0.4076,16,0,0,0.0901,0,0.0527,13.013467,80.236599,35.0,252.0,5.833333333333333,-0.8286
WIN-2253,2025-02-14,44,NIGHT_00_06,3,4,0,infrastructure,DEPT_WORKS,1,1,0.0,1.0,51.12,0.5112,20,0,0,0.0519,0,0.3086,13.058889,80.351415,27.0,194.0,4.5,-0.7778
WIN-2257,2025-02-14,44,NIGHT_00_06,3,4,0,other,DEPT_GENERAL,2,1,0.5,2.0,14.95,0.1495,6,0,0,0.03,0,0.0367,13.10969,80.245036,18.0,166.0,3.0,-0.3333
WIN-2234,2025-02-14,44,MORNING_06_12,9,4,0,roads,DEPT_ROADS,14,5,0.6429,2.8,24.36,0.2436,10,3,0,0.2044,0,0.0269,13.184163,80.202736,70.0,489.0,11.666666666666666,0.2
WIN-2238,2025-02-14,44,MORNING_06_12,9,4,0,drainage,DEPT_DRAINAGE,9,5,0.4444,1.8,28.96,0.2896,12,1,2,0.0626,1,0.1308,13.178222,80.222319,51.0,311.0,8.5,0.0588
WIN-2242,2025-02-14,44,MORNING_06_12,9,4,0,garbage,DEPT_SANITATION,21,8,0.619,2.62,4.5,0.045,2,3,8,0.1289,1,0.0415,13.057099,80.2993,65.0,398.0,10.833333333333334,0.9385
WIN-2246,2025-02-14,44,MORNING_06_12,9,4,0,water,DEPT_WATER,13,8,0.3846,1.62,11.1,0.111,4,2,1,0.1244,4,0.2827,13.162387,80.271073,47.0,292.0,7.833333333333333,0.6596
WIN-2250,2025-02-14,44,MORNING_06_12,9,4,0,streetlights,DEPT_ELECTRICITY,16,6,0.625,2.67,29.7,0.297,12,0,7,0.0005,3,0.1908,13.052994,80.182664,45.0,261.0,7.5,1.1333
WIN-2254,2025-02-14,44,MORNING_06_12,9,4,0,infrastructure,DEPT_WORKS,4,3,0.25,1.33,64.89,0.6489,26,0,2,0.0392,0,0.0129,13.095707,80.243232,28.0,191.0,4.666666666666667,-0.1429
WIN-2258,2025-02-14,44,MORNING_06_12,9,4,0,other,DEPT_GENERAL,5,2,0.6,2.5,44.31,0.4431,18,2,2,0.3063,1,0.1342,13.027409,80.343327,22.0,167.0,3.6666666666666665,0.3636
WIN-2235,2025-02-14,44,AFTERNOON_12_18,15,4,0,roads,DEPT_ROADS,8,3,0.625,2.67,65.0,0.65,26,2,1,0.2564,2,0.2176,13.125104,80.318177,74.0,491.0,12.333333333333334,-0.3514
WIN-2239,2025-02-14,44,AFTERNOON_12_18,15,4,0,drainage,DEPT_DRAINAGE,9,4,0.5556,2.25,21.85,0.2185,9,1,4,0.0697,0,0.012,13.127638,80.242431,56.0,314.0,9.333333333333334,-0.0357
WIN-2243,2025-02-14,44,AFTERNOON_12_18,15,4,0,garbage,DEPT_SANITATION,16,13,0.1875,1.23,30.92,0.3092,12,2,5,0.1308,2,0.127,13.065669,80.340602,78.0,411.0,13.0,0.2308
WIN-2247,2025-02-14,44,AFTERNOON_12_18,15,4,0,water,DEPT_WATER,9,5,0.4444,1.8,10.59,0.1059,4,1,1,0.1114,1,0.1403,13.050184,80.346627,54.0,300.0,9.0,0.0
WIN-2251,2025-02-14,44,AFTERNOON_12_18,15,4,0,streetlights,DEPT_ELECTRICITY,9,7,0.2222,1.29,9.31,0.0931,4,3,3,0.3122,0,0.0356,13.106545,80.29514,52.0,267.0,8.666666666666666,0.0385
WIN-2255,2025-02-14,44,AFTERNOON_12_18,15,4,0,infrastructure,DEPT_WORKS,3,2,0.3333,1.5,15.23,0.1523,6,0,1,0.0667,1,0.4084,13.142693,80.274925,28.0,192.0,4.666666666666667,-0.3571
WIN-2259,2025-02-14,44,AFTERNOON_12_18,15,4,0,other,DEPT_GENERAL,6,4,0.3333,1.5,13.38,0.1338,5,0,2,0.0286,2,0.2817,13.061973,80.355795,25.0,170.0,4.166666666666667,0.44
WIN-2236,2025-02-14,44,EVENING_18_24,21,4,0,roads,DEPT_ROADS,15,7,0.5333,2.14,39.01,0.3901,16,2,3,0.1535,4,0.2524,13.17077,80.426517,70.0,486.0,11.666666666666666,0.2857
WIN-2240,2025-02-14,44,EVENING_18_24,21,4,0,drainage,DEPT_DRAINAGE,12,6,0.5,2.0,43.29,0.4329,17,2,1,0.2023,5,0.4271,13.039731,80.216697,53.0,312.0,8.833333333333334,0.3585
WIN-2244,2025-02-14,44,EVENING_18_24,21,4,0,garbage,DEPT_SANITATION,7,3,0.5714,2.33,34.08,0.3408,14,1,2,0.1004,1,0.0794,13.046561,80.327826,77.0,402.0,12.833333333333334,-0.4545
WIN-2248,2025-02-14,44,EVENING_18_24,21,4,0,water,DEPT_WATER,7,3,0.5714,2.33,22.19,0.2219,9,0,0,0.0707,3,0.4034,12.971856,80.266825,45.0,299.0,7.5,-0.0667
WIN-2252,2025-02-14,44,EVENING_18_24,21,4,0,streetlights,DEPT_ELECTRICITY,5,2,0.6,2.5,11.79,0.1179,5,1,3,0.2437,1,0.1217,13.157578,80.214703,48.0,264.0,8.0,-0.375
WIN-2256,2025-02-14,44,EVENING_18_24,21,4,0,infrastructure,DEPT_WORKS,4,2,0.5,2.0,5.07,0.0507,2,1,0,0.2228,2,0.3923,13.010699,80.289535,26.0,190.0,4.333333333333333,-0.0769
WIN-2260,2025-02-14,44,EVENING_18_24,21,4,0,other,DEPT_GENERAL,2,1,0.5,2.0,38.29,0.3829,15,0,1,0.0012,0,0.1396,13.130254,80.23548,23.0,162.0,3.8333333333333335,-0.4783
WIN-2261,2025-02-15,45,NIGHT_00_06,3,5,1,roads,DEPT_ROADS,2,1,0.5,2.0,15.18,0.1518,6,0,1,0.1008,1,0.5588,13.161317,80.238988,58.0,473.0,9.666666666666666,-0.7931
WIN-2265,2025-02-15,45,NIGHT_00_06,3,5,1,drainage,DEPT_DRAINAGE,1,1,0.0,1.0,4.62,0.0462,2,0,0,0.056,0,0.3324,13.139677,80.165573,35.0,299.0,5.833333333333333,-0.8286
WIN-2269,2025-02-15,45,NIGHT_00_06,3,5,1,garbage,DEPT_SANITATION,2,1,0.5,2.0,20.7,0.207,8,0,0,0.0345,0,0.1045,13.078903,80.296782,67.0,384.0,11.166666666666666,-0.8209
WIN-2273,2025-02-15,45,NIGHT_00_06,3,5,1,water,DEPT_WATER,1,1,0.0,1.0,10.57,0.1057,4,0,0,0.1641,1,0.5633,13.067864,80.273639,35.0,289.0,5.833333333333333,-0.8286
WIN-2277,2025-02-15,45,NIGHT_00_06,3,5,1,streetlights,DEPT_ELECTRICITY,0,0,0.0,1.0,7.43,0.0743,3,0,0,0.0,0,0.0,13.136374,80.301025,40.0,255.0,6.666666666666667,-1.0
WIN-2281,2025-02-15,45,NIGHT_00_06,3,5,1,infrastructure,DEPT_WORKS,2,1,0.5,2.0,10.7,0.107,4,0,0,0.0364,1,0.6364,13.029256,80.280389,21.0,183.0,3.5,-0.4286
WIN-2285,2025-02-15,45,NIGHT_00_06,3,5,1,other,DEPT_GENERAL,2,1,0.5,2.0,16.16,0.1616,6,0,1,0.1681,1,0.3841,13.115885,80.274866,19.0,160.0,3.1666666666666665,-0.3684
WIN-2262,2025-02-15,45,MORNING_06_12,9,5,1,roads,DEPT_ROADS,7,4,0.4286,1.75,12.03,0.1203,5,0,0,0.0433,2,0.2642,13.028926,80.227329,54.0,474.0,9.0,-0.2222
WIN-2266,2025-02-15,45,MORNING_06_12,9,5,1,drainage,DEPT_DRAINAGE,10,7,0.3,1.43,14.09,0.1409,6,0,3,0.0361,4,0.3682,13.029551,80.258242,41.0,296.0,6.833333333333333,0.4634
WIN-2270,2025-02-15,45,MORNING_06_12,9,5,1,garbage,DEPT_SANITATION,11,7,0.3636,1.57,32.81,0.3281,13,4,4,0.3276,0,0.0404,13.145403,80.251416,62.0,385.0,10.333333333333334,0.0645
WIN-2274,2025-02-15,45,MORNING_06_12,9,5,1,water,DEPT_WATER,8,4,0.5,2.0,23.57,0.2357,9,1,1,0.167,3,0.3444,13.015252,80.303307,41.0,289.0,6.833333333333333,0.1707
WIN-2278,2025-02-15,45,MORNING_06_12,9,5,1,streetlights,DEPT_ELECTRICITY,5,2,0.6,2.5,20.29,0.2029,8,2,1,0.4625,1,0.139,13.093756,80.196971,36.0,255.0,6.0,-0.1667
WIN-2282,2025-02-15,45,MORNING_06_12,9,5,1,infrastructure,DEPT_WORKS,7,4,0.4286,1.75,27.33,0.2733,11,0,3,0.0088,2,0.2162,13.083347,80.273789,21.0,185.0,3.5,1.0
WIN-2286,2025-02-15,45,MORNING_06_12,9,5,1,other,DEPT_GENERAL,7,4,0.4286,1.75,8.47,0.0847,3,1,4,0.093,1,0.1965,13.151403,80.188088,24.0,160.0,4.0,0.75
WIN-2263,2025-02-15,45,AFTERNOON_12_18,15,5,1,roads,DEPT_ROADS,14,7,0.5,2.0,18.84,0.1884,8,1,7,0.0888,2,0.1638,13.084453,80.273248,60.0,482.0,10.0,0.4
WIN-2267,2025-02-15,45,AFTERNOON_12_18,15,5,1,drainage,DEPT_DRAINAGE,5,2,0.6,2.5,15.21,0.1521,6,0,1,0.0686,0,0.0811,13.139036,80.196364,46.0,297.0,7.666666666666667,-0.3478
WIN-2271,2025-02-15,45,AFTERNOON_12_18,15,5,1,garbage,DEPT_SANITATION,12,5,0.5833,2.4,30.08,0.3008,12,0,6,0.0075,4,0.3278,13.108677,80.257483,69.0,394.0,11.5,0.0435
WIN-2275,2025-02-15,45,AFTERNOON_12_18,15,5,1,water,DEPT_WATER,2,1,0.5,2.0,16.65,0.1665,7,0,1,0.0981,1,0.4091,13.03072,80.285537,40.0,286.0,6.666666666666667,-0.7
WIN-2279,2025-02-15,45,AFTERNOON_12_18,15,5,1,streetlights,DEPT_ELECTRICITY,3,2,0.3333,1.5,11.97,0.1197,5,0,1,0.1317,0,0.1419,13.129463,80.336296,38.0,256.0,6.333333333333333,-0.5263
WIN-2283,2025-02-15,45,AFTERNOON_12_18,15,5,1,infrastructure,DEPT_WORKS,6,2,0.6667,3.0,15.25,0.1525,6,0,2,0.0549,1,0.095,13.095992,80.368239,26.0,190.0,4.333333333333333,0.3846
WIN-2287,2025-02-15,45,AFTERNOON_12_18,15,5,1,other,DEPT_GENERAL,3,1,0.6667,3.0,28.0,0.28,11,0,0,0.0952,1,0.4287,13.160139,80.241374,25.0,162.0,4.166666666666667,-0.28
WIN-2264,2025-02-15,45,EVENING_18_24,21,5,1,roads,DEPT_ROADS,6,2,0.6667,3.0,16.06,0.1606,6,0,1,0.0479,2,0.259,13.064878,80.232927,52.0,470.0,8.666666666666666,-0.3077
WIN-2268,2025-02-15,45,EVENING_18_24,21,5,1,drainage,DEPT_DRAINAGE,3,2,0.3333,1.5,64.42,0.6442,26,1,1,0.2132,1,0.3562,13.116358,80.342325,40.0,289.0,6.666666666666667,-0.55
WIN-2272,2025-02-15,45,EVENING_18_24,21,5,1,garbage,DEPT_SANITATION,10,5,0.5,2.0,23.9,0.239,10,2,2,0.2338,1,0.0686,13.077324,80.304619,58.0,387.0,9.666666666666666,0.0345
WIN-2276,2025-02-15,45,EVENING_18_24,21,5,1,water,DEPT_WATER,2,1,0.5,2.0,18.69,0.1869,7,0,0,0.0983,1,0.294,13.085278,80.248103,29.0,275.0,4.833333333333333,-0.5862
WIN-2280,2025-02-15,45,EVENING_18_24,21,5,1,streetlights,DEPT_ELECTRICITY,1,1,0.0,1.0,52.25,0.5225,21,0,0,0.1105,0,0.2167,13.031153,80.234983,23.0,248.0,3.8333333333333335,-0.7391
WIN-2284,2025-02-15,45,EVENING_18_24,21,5,1,infrastructure,DEPT_WORKS,4,1,0.75,4.0,20.31,0.2031,8,0,2,0.0087,1,0.1547,13.14225,80.27062,26.0,182.0,4.333333333333333,-0.0769
WIN-2288,2025-02-15,45,EVENING_18_24,21,5,1,other,DEPT_GENERAL,1,1,0.0,1.0,21.58,0.2158,9,0,0,0.0874,1,0.6246,13.114249,80.311071,21.0,158.0,3.5,-0.7143
WIN-2289,2025-02-16,46,NIGHT_00_06,3,6,1,roads,DEPT_ROADS,3,1,0.6667,3.0,3.06,0.0306,1,0,1,0.1144,1,0.3069,13.122009,80.248522,47.0,461.0,7.833333333333333,-0.617
WIN-2293,2025-02-16,46,NIGHT_00_06,3,6,1,drainage,DEPT_DRAINAGE,2,1,0.5,2.0,17.72,0.1772,7,0,1,0.2414,1,0.2918,13.119002,80.216854,33.0,280.0,5.5,-0.6364
WIN-2297,2025-02-16,46,NIGHT_00_06,3,6,1,garbage,DEPT_SANITATION,3,1,0.6667,3.0,26.12,0.2612,10,0,2,0.0231,2,0.5279,13.107095,80.232314,45.0,377.0,7.5,-0.6
WIN-2301,2025-02-16,46,NIGHT_00_06,3,6,1,water,DEPT_WATER,0,0,0.0,1.0,17.48,0.1748,7,0,0,0.0,0,0.0,13.121363,80.216737,20.0,266.0,3.3333333333333335,-1.0
WIN-2305,2025-02-16,46,NIGHT_00_06,3,6,1,streetlights,DEPT_ELECTRICITY,2,1,0.5,2.0,31.43,0.3143,13,0,1,0.117,0,0.1191,13.109585,80.157322,16.0,247.0,2.6666666666666665,-0.25
WIN-2309,2025-02-16,46,NIGHT_00_06,3,6,1,infrastructure,DEPT_WORKS,0,0,0.0,1.0,14.47,0.1447,6,0,0,0.0,0,0.0,13.093804,80.225409,23.0,175.0,3.8333333333333335,-1.0
WIN-2313,2025-02-16,46,NIGHT_00_06,3,6,1,other,DEPT_GENERAL,2,1,0.5,2.0,10.18,0.1018,4,0,1,0.0757,1,0.2589,13.105143,80.231638,17.0,151.0,2.8333333333333335,-0.2941
WIN-2290,2025-02-16,46,MORNING_06_12,9,6,1,roads,DEPT_ROADS,11,4,0.6364,2.75,25.24,0.2524,10,3,3,0.277,3,0.2927,13.005319,80.242035,43.0,453.0,7.166666666666667,0.5349
WIN-2294,2025-02-16,46,MORNING_06_12,9,6,1,drainage,DEPT_DRAINAGE,6,3,0.5,2.0,42.0,0.42,17,0,2,0.023,2,0.2605,13.123582,80.184718,27.0,280.0,4.5,0.3333
WIN-2298,2025-02-16,46,MORNING_06_12,9,6,1,garbage,DEPT_SANITATION,9,5,0.4444,1.8,9.88,0.0988,4,1,4,0.084,3,0.305,13.025165,80.202545,47.0,379.0,7.833333333333333,0.1489
WIN-2302,2025-02-16,46,MORNING_06_12,9,6,1,water,DEPT_WATER,8,5,0.375,1.6,11.89,0.1189,5,2,0,0.2244,1,0.1724,13.067271,80.256918,21.0,268.0,3.5,1.2857
WIN-2306,2025-02-16,46,MORNING_06_12,9,6,1,streetlights,DEPT_ELECTRICITY,8,5,0.375,1.6,21.62,0.2162,9,4,3,0.4804,2,0.1889,13.066222,80.238236,19.0,245.0,3.1666666666666665,1.5263
WIN-2310,2025-02-16,46,MORNING_06_12,9,6,1,infrastructure,DEPT_WORKS,10,5,0.5,2.0,49.27,0.4927,20,1,2,0.1448,2,0.1889,13.03047,80.295192,29.0,180.0,4.833333333333333,1.069
WIN-2314,2025-02-16,46,MORNING_06_12,9,6,1,other,DEPT_GENERAL,4,2,0.5,2.0,5.66,0.0566,2,0,2,0.0069,1,0.319,13.196617,80.210572,19.0,153.0,3.1666666666666665,0.2632
WIN-2291,2025-02-16,46,AFTERNOON_12_18,15,6,1,roads,DEPT_ROADS,10,5,0.5,2.0,22.46,0.2246,9,1,5,0.0859,3,0.316,13.064994,80.286002,51.0,460.0,8.5,0.1765
WIN-2295,2025-02-16,46,AFTERNOON_12_18,15,6,1,drainage,DEPT_DRAINAGE,4,2,0.5,2.0,17.58,0.1758,7,1,1,0.2844,1,0.3268,13.093111,80.254901,30.0,282.0,5.0,-0.2
WIN-2299,2025-02-16,46,AFTERNOON_12_18,15,6,1,garbage,DEPT_SANITATION,11,5,0.5455,2.2,17.38,0.1738,7,2,3,0.2196,6,0.5115,13.056762,80.282124,56.0,387.0,9.333333333333334,0.1786
WIN-2303,2025-02-16,46,AFTERNOON_12_18,15,6,1,water,DEPT_WATER,3,2,0.3333,1.5,44.33,0.4433,18,0,1,0.1571,1,0.3849,13.099082,80.340838,23.0,269.0,3.8333333333333335,-0.2174
WIN-2307,2025-02-16,46,AFTERNOON_12_18,15,6,1,streetlights,DEPT_ELECTRICITY,2,1,0.5,2.0,33.52,0.3352,13,0,0,0.2401,1,0.3088,13.048155,80.272716,21.0,245.0,3.5,-0.4286
WIN-2311,2025-02-16,46,AFTERNOON_12_18,15,6,1,infrastructure,DEPT_WORKS,5,2,0.6,2.5,32.58,0.3258,13,1,1,0.2212,1,0.2277,13.070719,80.335016,32.0,183.0,5.333333333333333,-0.0625
WIN-2315,2025-02-16,46,AFTERNOON_12_18,15,6,1,other,DEPT_GENERAL,4,2,0.5,2.0,52.07,0.5207,21,0,2,0.0516,2,0.3791,13.070588,80.313681,21.0,156.0,3.5,0.1429
WIN-2292,2025-02-16,46,EVENING_18_24,21,6,1,roads,DEPT_ROADS,6,4,0.3333,1.5,59.7,0.597,24,1,1,0.2129,2,0.4105,13.066138,80.297007,50.0,447.0,8.333333333333334,-0.28
WIN-2296,2025-02-16,46,EVENING_18_24,21,6,1,drainage,DEPT_DRAINAGE,4,2,0.5,2.0,13.29,0.1329,5,0,0,0.0589,1,0.1447,13.102042,80.254485,24.0,277.0,4.0,0.0
WIN-2300,2025-02-16,46,EVENING_18_24,21,6,1,garbage,DEPT_SANITATION,7,3,0.5714,2.33,13.12,0.1312,5,0,5,0.0632,4,0.5138,13.096455,80.271988,52.0,382.0,8.666666666666666,-0.1923
WIN-2304,2025-02-16,46,EVENING_18_24,21,6,1,water,DEPT_WATER,4,3,0.25,1.33,27.26,0.2726,11,1,2,0.1759,2,0.4978,13.09035,80.279113,19.0,260.0,3.1666666666666665,0.2632
WIN-2308,2025-02-16,46,EVENING_18_24,21,6,1,streetlights,DEPT_ELECTRICITY,4,3,0.25,1.33,34.4,0.344,14,0,0,0.0253,3,0.6921,13.113452,80.273108,20.0,240.0,3.3333333333333335,0.2
WIN-2312,2025-02-16,46,EVENING_18_24,21,6,1,infrastructure,DEPT_WORKS,4,1,0.75,4.0,9.37,0.0937,4,1,1,0.1679,2,0.5459,12.98583,80.348312,29.0,177.0,4.833333333333333,-0.1724
WIN-2316,2025-02-16,46,EVENING_18_24,21,6,1,other,DEPT_GENERAL,1,1,0.0,1.0,38.45,0.3845,15,0,0,0.0285,0,0.1757,13.031561,80.270142,15.0,148.0,2.5,-0.6
WIN-2317,2025-02-17,47,NIGHT_00_06,3,0,0,roads,DEPT_ROADS,2,1,0.5,2.0,22.63,0.2263,9,0,1,0.0868,0,0.0249,13.056401,80.220553,38.0,431.0,6.333333333333333,-0.6842
WIN-2321,2025-02-17,47,NIGHT_00_06,3,0,0,drainage,DEPT_DRAINAGE,4,3,0.25,1.33,22.63,0.2263,9,1,1,0.1851,0,0.0182,13.07289,80.284025,23.0,271.0,3.8333333333333335,0.0435
WIN-2325,2025-02-17,47,NIGHT_00_06,3,0,0,garbage,DEPT_SANITATION,2,2,0.0,1.0,30.16,0.3016,12,0,0,0.2205,0,0.0827,13.123021,80.170999,42.0,376.0,7.0,-0.7143
WIN-2329,2025-02-17,47,NIGHT_00_06,3,0,0,water,DEPT_WATER,2,1,0.5,2.0,15.24,0.1524,6,1,0,0.456,0,0.0006,12.927354,80.2481,19.0,252.0,3.1666666666666665,-0.3684
WIN-2333,2025-02-17,47,NIGHT_00_06,3,0,0,streetlights,DEPT_ELECTRICITY,0,0,0.0,1.0,6.68,0.0668,3,0,0,0.0,0,0.0,13.167986,80.316855,17.0,231.0,2.8333333333333335,-1.0
WIN-2337,2025-02-17,47,NIGHT_00_06,3,0,0,infrastructure,DEPT_WORKS,1,1,0.0,1.0,31.87,0.3187,13,0,0,0.1609,0,0.0535,13.093244,80.215237,24.0,176.0,4.0,-0.75
WIN-2341,2025-02-17,47,NIGHT_00_06,3,0,0,other,DEPT_GENERAL,4,2,0.5,2.0,17.58,0.1758,7,0,0,0.1182,0,0.0273,13.063445,80.234068,16.0,145.0,2.6666666666666665,0.5
WIN-2318,2025-02-17,47,MORNING_06_12,9,0,0,roads,DEPT_ROADS,29,24,0.1724,1.21,12.19,0.1219,5,2,19,0.0712,1,0.0203,13.139452,80.326398,61.0,448.0,10.166666666666666,1.8525
WIN-2322,2025-02-17,47,MORNING_06_12,9,0,0,drainage,DEPT_DRAINAGE,10,5,0.5,2.0,32.13,0.3213,13,2,1,0.1841,4,0.3982,13.060686,80.296021,30.0,273.0,5.0,1.0
WIN-2326,2025-02-17,47,MORNING_06_12,9,0,0,garbage,DEPT_SANITATION,14,7,0.5,2.0,19.81,0.1981,8,0,4,0.0059,0,0.0182,13.130046,80.261704,46.0,383.0,7.666666666666667,0.8261
WIN-2330,2025-02-17,47,MORNING_06_12,9,0,0,water,DEPT_WATER,11,6,0.4545,1.83,37.79,0.3779,15,2,2,0.1581,5,0.44,13.080739,80.218164,28.0,257.0,4.666666666666667,1.3571
WIN-2334,2025-02-17,47,MORNING_06_12,9,0,0,streetlights,DEPT_ELECTRICITY,7,5,0.2857,1.4,44.91,0.4491,18,1,1,0.1984,0,0.0337,13.035769,80.188602,23.0,232.0,3.8333333333333335,0.8261
WIN-2338,2025-02-17,47,MORNING_06_12,9,0,0,infrastructure,DEPT_WORKS,17,7,0.5882,2.43,44.59,0.4459,18,4,4,0.2288,2,0.1198,13.104408,80.177403,37.0,189.0,6.166666666666667,1.7568
WIN-2342,2025-02-17,47,MORNING_06_12,9,0,0,other,DEPT_GENERAL,5,2,0.6,2.5,40.44,0.4044,16,0,1,0.0458,0,0.0866,13.143246,80.205367,20.0,148.0,3.3333333333333335,0.5
WIN-2319,2025-02-17,47,AFTERNOON_12_18,15,0,0,roads,DEPT_ROADS,17,6,0.6471,2.83,58.76,0.5876,24,4,3,0.2521,6,0.3422,13.151076,80.196435,75.0,462.0,12.5,0.36
WIN-2323,2025-02-17,47,AFTERNOON_12_18,15,0,0,drainage,DEPT_DRAINAGE,14,6,0.5714,2.33,21.11,0.2111,8,0,4,0.0162,3,0.2093,13.103897,80.281559,42.0,284.0,7.0,1.0
WIN-2327,2025-02-17,47,AFTERNOON_12_18,15,0,0,garbage,DEPT_SANITATION,15,6,0.6,2.5,54.59,0.5459,22,1,9,0.0503,5,0.3191,13.174869,80.284906,58.0,394.0,9.666666666666666,0.5517
WIN-2331,2025-02-17,47,AFTERNOON_12_18,15,0,0,water,DEPT_WATER,11,7,0.3636,1.57,34.59,0.3459,14,0,2,0.0199,0,0.0082,13.058599,80.242722,39.0,264.0,6.5,0.6923
WIN-2335,2025-02-17,47,AFTERNOON_12_18,15,0,0,streetlights,DEPT_ELECTRICITY,12,5,0.5833,2.4,13.42,0.1342,5,2,2,0.201,1,0.1219,13.043289,80.283399,33.0,242.0,5.5,1.1818
WIN-2339,2025-02-17,47,AFTERNOON_12_18,15,0,0,infrastructure,DEPT_WORKS,5,3,0.4,1.67,10.7,0.107,4,1,1,0.1341,0,0.0845,13.054025,80.233105,42.0,191.0,7.0,-0.2857
WIN-2343,2025-02-17,47,AFTERNOON_12_18,15,0,0,other,DEPT_GENERAL,6,4,0.3333,1.5,8.31,0.0831,3,1,1,0.2222,2,0.3512,13.168915,80.246779,24.0,152.0,4.0,0.5
WIN-2320,2025-02-17,47,EVENING_18_24,21,0,0,roads,DEPT_ROADS,12,5,0.5833,2.4,38.68,0.3868,15,3,3,0.2206,5,0.4188,13.181068,80.291856,76.0,452.0,12.666666666666666,-0.0526
WIN-2324,2025-02-17,47,EVENING_18_24,21,0,0,drainage,DEPT_DRAINAGE,13,6,0.5385,2.17,15.42,0.1542,6,2,6,0.1394,3,0.2423,13.141824,80.301066,49.0,289.0,8.166666666666666,0.5918
WIN-2328,2025-02-17,47,EVENING_18_24,21,0,0,garbage,DEPT_SANITATION,8,4,0.5,2.0,17.99,0.1799,7,0,2,0.0033,4,0.5196,13.065007,80.272359,57.0,384.0,9.5,-0.1579
WIN-2332,2025-02-17,47,EVENING_18_24,21,0,0,water,DEPT_WATER,5,2,0.6,2.5,52.88,0.5288,21,0,3,0.0684,1,0.2907,13.017211,80.25487,36.0,264.0,6.0,-0.1667
WIN-2336,2025-02-17,47,EVENING_18_24,21,0,0,streetlights,DEPT_ELECTRICITY,6,3,0.5,2.0,23.57,0.2357,9,0,3,0.0822,2,0.2546,13.073933,80.203071,31.0,236.0,5.166666666666667,0.1613
WIN-2340,2025-02-17,47,EVENING_18_24,21,0,0,infrastructure,DEPT_WORKS,6,3,0.5,2.0,66.86,0.6686,27,1,1,0.1313,2,0.2906,13.10482,80.262503,38.0,193.0,6.333333333333333,-0.0526
WIN-2344,2025-02-17,47,EVENING_18_24,21,0,0,other,DEPT_GENERAL,10,8,0.2,1.25,32.31,0.3231,13,0,1,0.0036,3,0.2889,13.1285,80.276015,30.0,153.0,5.0,1.0
WIN-2345,2025-02-18,48,NIGHT_00_06,3,1,0,roads,DEPT_ROADS,8,4,0.5,2.0,24.45,0.2445,10,1,5,0.0923,1,0.1448,13.040973,80.254198,74.0,438.0,12.333333333333334,-0.3514
WIN-2349,2025-02-18,48,NIGHT_00_06,3,1,0,drainage,DEPT_DRAINAGE,2,1,0.5,2.0,7.57,0.0757,3,0,1,0.1899,0,0.0594,13.030676,80.25967,47.0,280.0,7.833333333333333,-0.7447
WIN-2353,2025-02-18,48,NIGHT_00_06,3,1,0,garbage,DEPT_SANITATION,4,2,0.5,2.0,31.84,0.3184,13,0,1,0.0106,1,0.1718,13.04056,80.231525,50.0,372.0,8.333333333333334,-0.52
WIN-2357,2025-02-18,48,NIGHT_00_06,3,1,0,water,DEPT_WATER,4,2,0.5,2.0,54.2,0.542,22,1,1,0.2742,0,0.0615,13.052739,80.264096,37.0,261.0,6.166666666666667,-0.3514
WIN-2361,2025-02-18,48,NIGHT_00_06,3,1,0,streetlights,DEPT_ELECTRICITY,1,1,0.0,1.0,35.87,0.3587,14,0,0,0.0306,0,0.0119,13.16857,80.331072,30.0,231.0,5.0,-0.8
WIN-2365,2025-02-18,48,NIGHT_00_06,3,1,0,infrastructure,DEPT_WORKS,1,1,0.0,1.0,52.59,0.5259,21,0,0,0.1112,0,0.3488,13.056317,80.215122,34.0,188.0,5.666666666666667,-0.8235
WIN-2369,2025-02-18,48,NIGHT_00_06,3,1,0,other,DEPT_GENERAL,2,1,0.5,2.0,23.67,0.2367,9,0,1,0.0766,0,0.0864,12.993097,80.276578,28.0,149.0,4.666666666666667,-0.5714
WIN-2346,2025-02-18,48,MORNING_06_12,9,1,0,roads,DEPT_ROADS,15,7,0.5333,2.14,43.35,0.4335,17,2,5,0.1113,1,0.0565,13.040284,80.377868,83.0,437.0,13.833333333333334,0.0843
WIN-2350,2025-02-18,48,MORNING_06_12,9,1,0,drainage,DEPT_DRAINAGE,8,3,0.625,2.67,52.21,0.5221,21,1,2,0.135,1,0.1082,13.132563,80.193095,51.0,280.0,8.5,-0.0588
WIN-2354,2025-02-18,48,MORNING_06_12,9,1,0,garbage,DEPT_SANITATION,11,7,0.3636,1.57,7.74,0.0774,3,0,1,0.0354,4,0.3885,13.0884,80.274864,54.0,378.0,9.0,0.2222
WIN-2358,2025-02-18,48,MORNING_06_12,9,1,0,water,DEPT_WATER,12,5,0.5833,2.4,29.43,0.2943,12,0,4,0.0252,0,0.0411,13.112217,80.282531,45.0,268.0,7.5,0.6
WIN-2362,2025-02-18,48,MORNING_06_12,9,1,0,streetlights,DEPT_ELECTRICITY,13,8,0.3846,1.62,36.71,0.3671,15,0,3,0.0176,3,0.2036,13.044587,80.320323,39.0,234.0,6.5,1.0
WIN-2366,2025-02-18,48,MORNING_06_12,9,1,0,infrastructure,DEPT_WORKS,4,3,0.25,1.33,48.58,0.4858,19,0,1,0.074,1,0.2818,13.069623,80.365103,34.0,188.0,5.666666666666667,-0.2941
WIN-2370,2025-02-18,48,MORNING_06_12,9,1,0,other,DEPT_GENERAL,8,6,0.25,1.33,2.07,0.0207,1,1,3,0.1406,1,0.0755,13.061256,80.298755,35.0,153.0,5.833333333333333,0.3714
WIN-2347,2025-02-18,48,AFTERNOON_12_18,15,1,0,roads,DEPT_ROADS,18,8,0.5556,2.25,22.47,0.2247,9,2,4,0.1166,1,0.0777,13.069625,80.318672,99.0,453.0,16.5,0.0909
WIN-2351,2025-02-18,48,AFTERNOON_12_18,15,1,0,drainage,DEPT_DRAINAGE,11,4,0.6364,2.75,9.27,0.0927,4,1,2,0.0557,0,0.019,13.090573,80.226652,58.0,290.0,9.666666666666666,0.1379
WIN-2355,2025-02-18,48,AFTERNOON_12_18,15,1,0,garbage,DEPT_SANITATION,19,13,0.3158,1.46,12.8,0.128,5,0,6,0.0099,1,0.0771,13.062054,80.300914,71.0,395.0,11.833333333333334,0.6056
WIN-2359,2025-02-18,48,AFTERNOON_12_18,15,1,0,water,DEPT_WATER,8,5,0.375,1.6,19.94,0.1994,8,1,3,0.1009,0,0.0508,13.091576,80.22825,51.0,276.0,8.5,-0.0588
WIN-2363,2025-02-18,48,AFTERNOON_12_18,15,1,0,streetlights,DEPT_ELECTRICITY,7,4,0.4286,1.75,65.01,0.6501,26,0,2,0.0172,0,0.0178,12.980556,80.320875,46.0,240.0,7.666666666666667,-0.087
WIN-2367,2025-02-18,48,AFTERNOON_12_18,15,1,0,infrastructure,DEPT_WORKS,7,4,0.4286,1.75,12.26,0.1226,5,0,1,0.0458,1,0.2031,13.051631,80.32227,40.0,195.0,6.666666666666667,0.05
WIN-2371,2025-02-18,48,AFTERNOON_12_18,15,1,0,other,DEPT_GENERAL,7,5,0.2857,1.4,5.79,0.0579,2,0,3,0.0008,1,0.0811,13.128651,80.271523,38.0,158.0,6.333333333333333,0.1053
WIN-2348,2025-02-18,48,EVENING_18_24,21,1,0,roads,DEPT_ROADS,14,8,0.4286,1.75,40.95,0.4095,16,3,1,0.222,9,0.6186,13.059871,80.252137,84.0,454.0,14.0,0.0
WIN-2352,2025-02-18,48,EVENING_18_24,21,1,0,drainage,DEPT_DRAINAGE,6,3,0.5,2.0,64.69,0.6469,26,1,1,0.1098,3,0.4183,13.06148,80.258749,54.0,290.0,9.0,-0.3333
WIN-2356,2025-02-18,48,EVENING_18_24,21,1,0,garbage,DEPT_SANITATION,6,4,0.3333,1.5,25.12,0.2512,10,0,1,0.0579,1,0.1739,13.052411,80.184483,63.0,388.0,10.5,-0.4286
WIN-2360,2025-02-18,48,EVENING_18_24,21,1,0,water,DEPT_WATER,4,2,0.5,2.0,62.11,0.6211,25,0,1,0.1023,0,0.0637,13.055215,80.227767,44.0,275.0,7.333333333333333,-0.4545
WIN-2364,2025-02-18,48,EVENING_18_24,21,1,0,streetlights,DEPT_ELECTRICITY,9,6,0.3333,1.5,22.99,0.2299,9,0,1,0.033,5,0.5034,13.062939,80.29921,48.0,240.0,8.0,0.125
WIN-2368,2025-02-18,48,EVENING_18_24,21,1,0,infrastructure,DEPT_WORKS,7,5,0.2857,1.4,21.46,0.2146,9,1,0,0.12,4,0.5293,13.086859,80.167748,30.0,194.0,5.0,0.4
WIN-2372,2025-02-18,48,EVENING_18_24,21,1,0,other,DEPT_GENERAL,2,1,0.5,2.0,46.69,0.4669,19,0,1,0.0934,0,0.2216,13.138307,80.29696,35.0,158.0,5.833333333333333,-0.6571
WIN-2373,2025-02-19,49,NIGHT_00_06,3,2,0,roads,DEPT_ROADS,5,3,0.4,1.67,19.82,0.1982,8,0,2,0.091,1,0.1664,13.094127,80.307881,72.0,447.0,12.0,-0.5833
WIN-2377,2025-02-19,49,NIGHT_00_06,3,2,0,drainage,DEPT_DRAINAGE,3,1,0.6667,3.0,15.75,0.1575,6,0,1,0.0194,0,0.0775,13.007229,80.271857,43.0,285.0,7.166666666666667,-0.5814
WIN-2381,2025-02-19,49,NIGHT_00_06,3,2,0,garbage,DEPT_SANITATION,3,1,0.6667,3.0,21.9,0.219,9,0,2,0.1301,0,0.0783,13.134469,80.210765,51.0,382.0,8.5,-0.6471
WIN-2385,2025-02-19,49,NIGHT_00_06,3,2,0,water,DEPT_WATER,2,1,0.5,2.0,31.37,0.3137,13,0,1,0.1375,0,0.2296,13.055992,80.293013,35.0,273.0,5.833333333333333,-0.6571
WIN-2389,2025-02-19,49,NIGHT_00_06,3,2,0,streetlights,DEPT_ELECTRICITY,5,2,0.6,2.5,13.46,0.1346,5,0,1,0.0115,1,0.123,13.064783,80.210566,41.0,242.0,6.833333333333333,-0.2683
WIN-2393,2025-02-19,49,NIGHT_00_06,3,2,0,infrastructure,DEPT_WORKS,3,2,0.3333,1.5,13.48,0.1348,5,0,1,0.0178,1,0.2167,13.08725,80.231512,28.0,195.0,4.666666666666667,-0.3571
WIN-2397,2025-02-19,49,NIGHT_00_06,3,2,0,other,DEPT_GENERAL,1,1,0.0,1.0,9.3,0.093,4,0,0,0.128,0,0.1724,13.082127,80.252315,30.0,159.0,5.0,-0.8
WIN-2374,2025-02-19,49,MORNING_06_12,9,2,0,roads,DEPT_ROADS,25,16,0.36,1.56,30.25,0.3025,12,4,15,0.1735,5,0.198,13.073543,80.327665,85.0,466.0,14.166666666666666,0.7647
WIN-2378,2025-02-19,49,MORNING_06_12,9,2,0,drainage,DEPT_DRAINAGE,10,8,0.2,1.25,38.17,0.3817,15,3,2,0.3456,0,0.015,12.932233,80.226614,40.0,291.0,6.666666666666667,0.5
WIN-2382,2025-02-19,49,MORNING_06_12,9,2,0,garbage,DEPT_SANITATION,12,6,0.5,2.0,25.12,0.2512,10,0,4,0.0088,0,0.0055,13.128333,80.209276,55.0,390.0,9.166666666666666,0.3091
WIN-2386,2025-02-19,49,MORNING_06_12,9,2,0,water,DEPT_WATER,6,3,0.5,2.0,57.85,0.5785,23,0,1,0.0061,1,0.1352,13.083013,80.240755,36.0,278.0,6.0,0.0
WIN-2390,2025-02-19,49,MORNING_06_12,9,2,0,streetlights,DEPT_ELECTRICITY,6,3,0.5,2.0,19.8,0.198,8,0,4,0.0332,2,0.3858,13.066247,80.28995,41.0,244.0,6.833333333333333,-0.122
WIN-2394,2025-02-19,49,MORNING_06_12,9,2,0,infrastructure,DEPT_WORKS,9,6,0.3333,1.5,35.27,0.3527,14,0,4,0.0183,0,0.0313,13.127316,80.267188,31.0,200.0,5.166666666666667,0.7419
WIN-2398,2025-02-19,49,MORNING_06_12,9,2,0,other,DEPT_GENERAL,4,2,0.5,2.0,40.58,0.4058,16,0,0,0.0117,1,0.1973,13.079453,80.380893,24.0,160.0,4.0,0.0
WIN-2375,2025-02-19,49,AFTERNOON_12_18,15,2,0,roads,DEPT_ROADS,10,7,0.3,1.43,23.13,0.2313,9,0,4,0.0369,1,0.0872,13.040044,80.266266,87.0,471.0,14.5,-0.3103
WIN-2379,2025-02-19,49,AFTERNOON_12_18,15,2,0,drainage,DEPT_DRAINAGE,8,5,0.375,1.6,11.69,0.1169,5,2,3,0.2737,2,0.2126,13.044789,80.273497,46.0,298.0,7.666666666666667,0.0435
WIN-2383,2025-02-19,49,AFTERNOON_12_18,15,2,0,garbage,DEPT_SANITATION,17,8,0.5294,2.12,8.55,0.0855,3,2,3,0.1391,5,0.2864,13.10745,80.324448,68.0,406.0,11.333333333333334,0.5
WIN-2387,2025-02-19,49,AFTERNOON_12_18,15,2,0,water,DEPT_WATER,17,11,0.3529,1.55,34.07,0.3407,14,3,5,0.1778,5,0.2932,13.037613,80.237143,49.0,294.0,8.166666666666666,1.0816
WIN-2391,2025-02-19,49,AFTERNOON_12_18,15,2,0,streetlights,DEPT_ELECTRICITY,14,6,0.5714,2.33,9.09,0.0909,4,1,5,0.0447,1,0.0826,13.021129,80.357703,54.0,255.0,9.0,0.5556
WIN-2395,2025-02-19,49,AFTERNOON_12_18,15,2,0,infrastructure,DEPT_WORKS,6,2,0.6667,3.0,15.65,0.1565,6,0,3,0.0158,0,0.0265,13.161107,80.420395,36.0,204.0,6.0,0.0
WIN-2399,2025-02-19,49,AFTERNOON_12_18,15,2,0,other,DEPT_GENERAL,4,2,0.5,2.0,13.71,0.1371,5,0,1,0.0631,0,0.0088,13.190351,80.244362,26.0,163.0,4.333333333333333,-0.0769
WIN-2376,2025-02-19,49,EVENING_18_24,21,2,0,roads,DEPT_ROADS,20,12,0.4,1.67,25.76,0.2576,10,2,9,0.1234,2,0.1077,13.054585,80.307891,92.0,481.0,15.333333333333334,0.3043
WIN-2380,2025-02-19,49,EVENING_18_24,21,2,0,drainage,DEPT_DRAINAGE,8,4,0.5,2.0,54.11,0.5411,22,1,1,0.1778,2,0.2707,13.104966,80.216322,46.0,298.0,7.666666666666667,0.0435
WIN-2384,2025-02-19,49,EVENING_18_24,21,2,0,garbage,DEPT_SANITATION,11,4,0.6364,2.75,6.46,0.0646,3,1,5,0.0933,3,0.2523,13.117375,80.32602,68.0,403.0,11.333333333333334,-0.0294
WIN-2388,2025-02-19,49,EVENING_18_24,21,2,0,water,DEPT_WATER,6,5,0.1667,1.2,42.42,0.4242,17,0,2,0.0641,0,0.0211,13.117325,80.27584,43.0,295.0,7.166666666666667,-0.1628
WIN-2392,2025-02-19,49,EVENING_18_24,21,2,0,streetlights,DEPT_ELECTRICITY,5,4,0.2,1.25,24.9,0.249,10,1,2,0.1169,1,0.2448,13.186223,80.308857,46.0,254.0,7.666666666666667,-0.3478
WIN-2396,2025-02-19,49,EVENING_18_24,21,2,0,infrastructure,DEPT_WORKS,3,1,0.6667,3.0,35.78,0.3578,14,2,0,0.6031,2,0.5537,13.027291,80.206263,35.0,202.0,5.833333333333333,-0.4857
WIN-2400,2025-02-19,49,EVENING_18_24,21,2,0,other,DEPT_GENERAL,0,0,0.0,1.0,31.77,0.3177,13,0,0,0.0,0,0.0,13.104491,80.29691,18.0,161.0,3.0,-1.0
WIN-2401,2025-02-20,50,NIGHT_00_06,3,3,0,roads,DEPT_ROADS,4,2,0.5,2.0,67.49,0.6749,27,1,2,0.1434,1,0.1467,12.937361,80.213266,78.0,477.0,13.0,-0.6923
WIN-2405,2025-02-20,50,NIGHT_00_06,3,3,0,drainage,DEPT_DRAINAGE,3,2,0.3333,1.5,12.34,0.1234,5,0,1,0.0059,0,0.0295,13.189458,80.274714,38.0,298.0,6.333333333333333,-0.5263
WIN-2409,2025-02-20,50,NIGHT_00_06,3,3,0,garbage,DEPT_SANITATION,5,4,0.2,1.25,27.03,0.2703,11,0,2,0.0342,2,0.4206,13.004898,80.327301,54.0,403.0,9.0,-0.4444
WIN-2413,2025-02-20,50,NIGHT_00_06,3,3,0,water,DEPT_WATER,2,1,0.5,2.0,74.53,0.7453,30,1,1,0.3878,0,0.0145,12.977548,80.282636,37.0,282.0,6.166666666666667,-0.6757
WIN-2417,2025-02-20,50,NIGHT_00_06,3,3,0,streetlights,DEPT_ELECTRICITY,1,1,0.0,1.0,31.97,0.3197,13,0,0,0.0207,0,0.0895,13.048584,80.287437,40.0,253.0,6.666666666666667,-0.85
WIN-2421,2025-02-20,50,NIGHT_00_06,3,3,0,infrastructure,DEPT_WORKS,4,2,0.5,2.0,4.52,0.0452,2,0,1,0.1049,1,0.1589,13.095804,80.309566,32.0,201.0,5.333333333333333,-0.25
WIN-2425,2025-02-20,50,NIGHT_00_06,3,3,0,other,DEPT_GENERAL,2,1,0.5,2.0,44.93,0.4493,18,1,0,0.3429,0,0.1324,13.142624,80.315624,13.0,154.0,2.1666666666666665,-0.0769
WIN-2402,2025-02-20,50,MORNING_06_12,9,3,0,roads,DEPT_ROADS,22,10,0.5455,2.2,41.34,0.4134,17,1,4,0.0575,0,0.0132,13.064555,80.300008,86.0,494.0,14.333333333333334,0.5349
WIN-2406,2025-02-20,50,MORNING_06_12,9,3,0,drainage,DEPT_DRAINAGE,14,6,0.5714,2.33,22.12,0.2212,9,1,5,0.0863,2,0.123,13.164671,80.271205,46.0,306.0,7.666666666666667,0.8261
WIN-2410,2025-02-20,50,MORNING_06_12,9,3,0,garbage,DEPT_SANITATION,20,11,0.45,1.82,28.82,0.2882,12,0,2,0.0069,5,0.2487,13.121424,80.313873,68.0,419.0,11.333333333333334,0.7647
WIN-2414,2025-02-20,50,MORNING_06_12,9,3,0,water,DEPT_WATER,14,6,0.5714,2.33,33.55,0.3355,13,3,2,0.204,1,0.0474,13.110249,80.332073,47.0,293.0,7.833333333333333,0.7872
WIN-2418,2025-02-20,50,MORNING_06_12,9,3,0,streetlights,DEPT_ELECTRICITY,10,7,0.3,1.43,13.41,0.1341,5,1,6,0.1024,1,0.0693,13.134007,80.399047,41.0,260.0,6.833333333333333,0.4634
WIN-2422,2025-02-20,50,MORNING_06_12,9,3,0,infrastructure,DEPT_WORKS,13,6,0.5385,2.17,33.58,0.3358,13,2,1,0.1452,2,0.1761,13.170677,80.375854,38.0,213.0,6.333333333333333,1.0526
WIN-2426,2025-02-20,50,MORNING_06_12,9,3,0,other,DEPT_GENERAL,13,8,0.3846,1.62,21.32,0.2132,9,0,1,0.0128,1,0.0498,13.07547,80.204742,24.0,166.0,4.0,2.25
WIN-2403,2025-02-20,50,AFTERNOON_12_18,15,3,0,roads,DEPT_ROADS,18,12,0.3333,1.5,30.52,0.3052,12,0,3,0.0098,1,0.0833,13.120418,80.249175,99.0,507.0,16.5,0.0909
WIN-2407,2025-02-20,50,AFTERNOON_12_18,15,3,0,drainage,DEPT_DRAINAGE,9,3,0.6667,3.0,51.6,0.516,21,1,4,0.1604,1,0.1608,13.077127,80.249988,52.0,315.0,8.666666666666666,0.0385
WIN-2411,2025-02-20,50,AFTERNOON_12_18,15,3,0,garbage,DEPT_SANITATION,13,8,0.3846,1.62,28.83,0.2883,12,0,7,0.0016,1,0.1044,13.091165,80.236025,78.0,429.0,13.0,0.0
WIN-2415,2025-02-20,50,AFTERNOON_12_18,15,3,0,water,DEPT_WATER,8,4,0.5,2.0,23.75,0.2375,10,0,1,0.0122,1,0.0861,13.080584,80.210963,53.0,298.0,8.833333333333334,-0.0943
WIN-2419,2025-02-20,50,AFTERNOON_12_18,15,3,0,streetlights,DEPT_ELECTRICITY,12,5,0.5833,2.4,54.42,0.5442,22,0,6,0.0229,0,0.0165,13.034222,80.256813,48.0,265.0,8.0,0.5
WIN-2423,2025-02-20,50,AFTERNOON_12_18,15,3,0,infrastructure,DEPT_WORKS,7,4,0.4286,1.75,51.32,0.5132,21,2,1,0.2621,2,0.255,13.154136,80.294156,42.0,219.0,7.0,0.0
WIN-2427,2025-02-20,50,AFTERNOON_12_18,15,3,0,other,DEPT_GENERAL,15,8,0.4667,1.88,48.88,0.4888,20,1,1,0.0391,1,0.0912,13.015843,80.150295,38.0,181.0,6.333333333333333,1.3684
WIN-2404,2025-02-20,50,EVENING_18_24,21,3,0,roads,DEPT_ROADS,6,4,0.3333,1.5,21.01,0.2101,8,1,1,0.1678,3,0.5487,13.042908,80.19841,80.0,500.0,13.333333333333334,-0.55
WIN-2408,2025-02-20,50,EVENING_18_24,21,3,0,drainage,DEPT_DRAINAGE,8,4,0.5,2.0,19.15,0.1915,8,1,2,0.1096,1,0.1422,13.036293,80.348255,50.0,314.0,8.333333333333334,-0.04
WIN-2412,2025-02-20,50,EVENING_18_24,21,3,0,garbage,DEPT_SANITATION,6,4,0.3333,1.5,39.9,0.399,16,1,1,0.2243,1,0.0931,13.082905,80.355911,72.0,421.0,12.0,-0.5
WIN-2416,2025-02-20,50,EVENING_18_24,21,3,0,water,DEPT_WATER,4,3,0.25,1.33,39.93,0.3993,16,1,2,0.2706,1,0.3722,13.062363,80.26061,51.0,292.0,8.5,-0.5294
WIN-2420,2025-02-20,50,EVENING_18_24,21,3,0,streetlights,DEPT_ELECTRICITY,3,1,0.6667,3.0,33.11,0.3311,13,0,1,0.1021,2,0.5723,13.10753,80.222182,45.0,257.0,7.5,-0.6
WIN-2424,2025-02-20,50,EVENING_18_24,21,3,0,infrastructure,DEPT_WORKS,4,2,0.5,2.0,22.97,0.2297,9,0,0,0.0486,2,0.4735,13.095144,80.230371,37.0,212.0,6.166666666666667,-0.3514
WIN-2428,2025-02-20,50,EVENING_18_24,21,3,0,other,DEPT_GENERAL,4,2,0.5,2.0,35.64,0.3564,14,1,0,0.3651,2,0.5027,13.063434,80.308173,38.0,179.0,6.333333333333333,-0.3684
WIN-2429,2025-02-21,51,NIGHT_00_06,3,4,0,roads,DEPT_ROADS,3,1,0.6667,3.0,50.01,0.5001,20,1,0,0.1931,0,0.0639,13.08076,80.298807,73.0,487.0,12.166666666666666,-0.7534
WIN-2433,2025-02-21,51,NIGHT_00_06,3,4,0,drainage,DEPT_DRAINAGE,6,4,0.3333,1.5,36.51,0.3651,15,0,2,0.03,0,0.0269,13.114587,80.314666,48.0,310.0,8.0,-0.25
WIN-2437,2025-02-21,51,NIGHT_00_06,3,4,0,garbage,DEPT_SANITATION,1,1,0.0,1.0,9.92,0.0992,4,0,0,0.1396,0,0.0868,13.146013,80.294531,56.0,407.0,9.333333333333334,-0.8929
WIN-2441,2025-02-21,51,NIGHT_00_06,3,4,0,water,DEPT_WATER,0,0,0.0,1.0,16.06,0.1606,6,0,0,0.0,0,0.0,13.056396,80.280788,34.0,281.0,5.666666666666667,-1.0
WIN-2445,2025-02-21,51,NIGHT_00_06,3,4,0,streetlights,DEPT_ELECTRICITY,0,0,0.0,1.0,21.47,0.2147,9,0,0,0.0,0,0.0,13.11098,80.238393,31.0,249.0,5.166666666666667,-1.0
WIN-2449,2025-02-21,51,NIGHT_00_06,3,4,0,infrastructure,DEPT_WORKS,2,1,0.5,2.0,25.84,0.2584,10,0,1,0.0467,0,0.0156,13.104253,80.231919,33.0,202.0,5.5,-0.6364
WIN-2453,2025-02-21,51,NIGHT_00_06,3,4,0,other,DEPT_GENERAL,0,0,0.0,1.0,7.79,0.0779,3,0,0,0.0,0,0.0,13.099798,80.259214,34.0,175.0,5.666666666666667,-1.0
WIN-2430,2025-02-21,51,MORNING_06_12,9,4,0,roads,DEPT_ROADS,19,13,0.3158,1.46,48.51,0.4851,19,1,4,0.0623,1,0.0567,13.171305,80.305324,72.0,495.0,12.0,0.5833
WIN-2434,2025-02-21,51,MORNING_06_12,9,4,0,drainage,DEPT_DRAINAGE,14,10,0.2857,1.4,27.51,0.2751,11,0,6,0.0229,3,0.185,13.019277,80.223816,54.0,318.0,9.0,0.5556
WIN-2438,2025-02-21,51,MORNING_06_12,9,4,0,garbage,DEPT_SANITATION,19,10,0.4737,1.9,18.72,0.1872,7,1,11,0.0611,3,0.1753,13.137748,80.298675,64.0,421.0,10.666666666666666,0.7813
WIN-2442,2025-02-21,51,MORNING_06_12,9,4,0,water,DEPT_WATER,11,9,0.1818,1.22,14.96,0.1496,6,1,1,0.0983,0,0.018,13.111912,80.211516,39.0,284.0,6.5,0.6923
WIN-2446,2025-02-21,51,MORNING_06_12,9,4,0,streetlights,DEPT_ELECTRICITY,14,5,0.6429,2.8,20.92,0.2092,8,1,5,0.0706,1,0.0588,12.971883,80.314675,40.0,255.0,6.666666666666667,1.1
WIN-2450,2025-02-21,51,MORNING_06_12,9,4,0,infrastructure,DEPT_WORKS,4,2,0.5,2.0,42.05,0.4205,17,0,1,0.0944,1,0.1386,13.109913,80.345182,34.0,205.0,5.666666666666667,-0.2941
WIN-2454,2025-02-21,51,MORNING_06_12,9,4,0,other,DEPT_GENERAL,5,3,0.4,1.67,35.18,0.3518,14,2,2,0.3199,0,0.0753,13.04495,80.245375,39.0,176.0,6.5,-0.2308
WIN-2431,2025-02-21,51,AFTERNOON_12_18,15,4,0,roads,DEPT_ROADS,16,6,0.625,2.67,30.92,0.3092,12,3,9,0.1871,0,0.0155,12.994301,80.215176,84.0,509.0,14.0,0.1429
WIN-2435,2025-02-21,51,AFTERNOON_12_18,15,4,0,drainage,DEPT_DRAINAGE,13,8,0.3846,1.62,27.26,0.2726,11,1,4,0.0835,1,0.0822,13.049105,80.234337,64.0,329.0,10.666666666666666,0.2188
WIN-2439,2025-02-21,51,AFTERNOON_12_18,15,4,0,garbage,DEPT_SANITATION,11,8,0.2727,1.38,19.79,0.1979,8,0,3,0.0018,0,0.026,13.093761,80.235958,70.0,431.0,11.666666666666666,-0.0571
WIN-2443,2025-02-21,51,AFTERNOON_12_18,15,4,0,water,DEPT_WATER,6,5,0.1667,1.2,46.72,0.4672,19,0,1,0.0022,1,0.0834,13.062365,80.285145,43.0,287.0,7.166666666666667,-0.1628
WIN-2447,2025-02-21,51,AFTERNOON_12_18,15,4,0,streetlights,DEPT_ELECTRICITY,11,8,0.2727,1.38,12.73,0.1273,5,1,3,0.1081,7,0.6047,13.091912,80.220398,50.0,263.0,8.333333333333334,0.32
WIN-2451,2025-02-21,51,AFTERNOON_12_18,15,4,0,infrastructure,DEPT_WORKS,5,3,0.4,1.67,60.91,0.6091,24,0,2,0.0319,1,0.1812,13.042995,80.190415,35.0,210.0,5.833333333333333,-0.1429
WIN-2455,2025-02-21,51,AFTERNOON_12_18,15,4,0,other,DEPT_GENERAL,3,1,0.6667,3.0,34.67,0.3467,14,0,1,0.115,0,0.0018,13.058961,80.192112,40.0,178.0,6.666666666666667,-0.55
WIN-2432,2025-02-21,51,EVENING_18_24,21,4,0,roads,DEPT_ROADS,13,9,0.3077,1.44,32.66,0.3266,13,0,7,0.0053,3,0.2483,13.06838,80.223951,75.0,497.0,12.5,0.04
WIN-2436,2025-02-21,51,EVENING_18_24,21,4,0,drainage,DEPT_DRAINAGE,9,4,0.5556,2.25,21.15,0.2115,8,0,4,0.0367,1,0.1262,13.169891,80.294014,59.0,327.0,9.833333333333334,-0.0847
WIN-2440,2025-02-21,51,EVENING_18_24,21,4,0,garbage,DEPT_SANITATION,9,7,0.2222,1.29,3.09,0.0309,1,2,3,0.1894,2,0.221,13.058687,80.209781,59.0,416.0,9.833333333333334,-0.0847
WIN-2444,2025-02-21,51,EVENING_18_24,21,4,0,water,DEPT_WATER,6,5,0.1667,1.2,28.69,0.2869,11,1,1,0.1747,2,0.3576,13.108741,80.267699,35.0,276.0,5.833333333333333,0.0286
WIN-2448,2025-02-21,51,EVENING_18_24,21,4,0,streetlights,DEPT_ELECTRICITY,7,4,0.4286,1.75,31.82,0.3182,13,1,1,0.1999,1,0.1224,13.052827,80.309259,47.0,266.0,7.833333333333333,-0.1064
WIN-2452,2025-02-21,51,EVENING_18_24,21,4,0,infrastructure,DEPT_WORKS,6,3,0.5,2.0,12.88,0.1288,5,2,1,0.2887,1,0.1968,13.087146,80.347405,28.0,209.0,4.666666666666667,0.2857
WIN-2456,2025-02-21,51,EVENING_18_24,21,4,0,other,DEPT_GENERAL,4,3,0.25,1.33,13.02,0.1302,5,1,0,0.1277,1,0.3256,13.173498,80.265073,31.0,173.0,5.166666666666667,-0.2258
WIN-2457,2025-02-22,52,NIGHT_00_06,3,5,1,roads,DEPT_ROADS,3,2,0.3333,1.5,42.85,0.4285,17,0,0,0.091,1,0.3997,13.124359,80.220274,60.0,490.0,10.0,-0.7
WIN-2461,2025-02-22,52,NIGHT_00_06,3,5,1,drainage,DEPT_DRAINAGE,1,1,0.0,1.0,38.61,0.3861,15,0,1,0.1485,0,0.1173,13.128131,80.255438,51.0,322.0,8.5,-0.8824
WIN-2465,2025-02-22,52,NIGHT_00_06,3,5,1,garbage,DEPT_SANITATION,8,5,0.375,1.6,24.35,0.2435,10,0,3,0.0164,3,0.3436,13.09098,80.276284,54.0,413.0,9.0,-0.1111
WIN-2469,2025-02-22,52,NIGHT_00_06,3,5,1,water,DEPT_WATER,1,1,0.0,1.0,44.31,0.4431,18,0,0,0.0056,0,0.1989,13.109302,80.271726,28.0,271.0,4.666666666666667,-0.7857
WIN-2473,2025-02-22,52,NIGHT_00_06,3,5,1,streetlights,DEPT_ELECTRICITY,2,1,0.5,2.0,49.11,0.4911,20,0,0,0.203,1,0.3686,13.069105,80.203906,37.0,261.0,6.166666666666667,-0.6757
WIN-2477,2025-02-22,52,NIGHT_00_06,3,5,1,infrastructure,DEPT_WORKS,2,1,0.5,2.0,11.42,0.1142,5,0,0,0.1119,1,0.268,13.094559,80.297443,23.0,205.0,3.8333333333333335,-0.4783
WIN-2481,2025-02-22,52,NIGHT_00_06,3,5,1,other,DEPT_GENERAL,2,1,0.5,2.0,16.39,0.1639,7,1,1,0.2502,0,0.0967,13.16926,80.25556,18.0,169.0,3.0,-0.3333
WIN-2458,2025-02-22,52,MORNING_06_12,9,5,1,roads,DEPT_ROADS,8,5,0.375,1.6,23.86,0.2386,10,1,1,0.1252,1,0.1393,13.068169,80.268357,62.0,492.0,10.333333333333334,-0.2258
WIN-2462,2025-02-22,52,MORNING_06_12,9,5,1,drainage,DEPT_DRAINAGE,7,3,0.5714,2.33,27.08,0.2708,11,1,3,0.1117,3,0.4252,13.118668,80.192848,50.0,321.0,8.333333333333334,-0.16
WIN-2466,2025-02-22,52,MORNING_06_12,9,5,1,garbage,DEPT_SANITATION,10,5,0.5,2.0,1.29,0.0129,1,2,4,0.2134,4,0.3571,13.107581,80.210854,58.0,418.0,9.666666666666666,0.0345
WIN-2470,2025-02-22,52,MORNING_06_12,9,5,1,water,DEPT_WATER,4,2,0.5,2.0,21.9,0.219,9,1,0,0.2051,2,0.5978,13.087735,80.289776,28.0,269.0,4.666666666666667,-0.1429
WIN-2474,2025-02-22,52,MORNING_06_12,9,5,1,streetlights,DEPT_ELECTRICITY,5,4,0.2,1.25,33.73,0.3373,13,0,3,0.0588,1,0.1256,13.108862,80.236768,39.0,263.0,6.5,-0.2308
WIN-2478,2025-02-22,52,MORNING_06_12,9,5,1,infrastructure,DEPT_WORKS,6,4,0.3333,1.5,24.6,0.246,10,2,1,0.3488,2,0.3631,13.066782,80.321028,25.0,207.0,4.166666666666667,0.44
WIN-2482,2025-02-22,52,MORNING_06_12,9,5,1,other,DEPT_GENERAL,3,2,0.3333,1.5,16.13,0.1613,6,0,1,0.0912,0,0.1389,13.146152,80.309221,17.0,170.0,2.8333333333333335,0.0588
WIN-2459,2025-02-22,52,AFTERNOON_12_18,15,5,1,roads,DEPT_ROADS,9,5,0.4444,1.8,21.72,0.2172,9,1,2,0.1559,5,0.5409,13.032893,80.239033,68.0,493.0,11.333333333333334,-0.2059
WIN-2463,2025-02-22,52,AFTERNOON_12_18,15,5,1,drainage,DEPT_DRAINAGE,4,3,0.25,1.33,7.07,0.0707,3,0,1,0.011,2,0.5044,13.071961,80.2313,48.0,323.0,8.0,-0.5
WIN-2467,2025-02-22,52,AFTERNOON_12_18,15,5,1,garbage,DEPT_SANITATION,6,4,0.3333,1.5,38.15,0.3815,15,2,1,0.252,4,0.7306,13.130347,80.309938,63.0,422.0,10.5,-0.4286
WIN-2471,2025-02-22,52,AFTERNOON_12_18,15,5,1,water,DEPT_WATER,4,3,0.25,1.33,16.0,0.16,6,0,1,0.0179,3,0.8171,13.087328,80.274652,32.0,269.0,5.333333333333333,-0.25
WIN-2475,2025-02-22,52,AFTERNOON_12_18,15,5,1,streetlights,DEPT_ELECTRICITY,6,3,0.5,2.0,16.96,0.1696,7,0,1,0.0599,2,0.3677,13.086729,80.215938,45.0,267.0,7.5,-0.2
WIN-2479,2025-02-22,52,AFTERNOON_12_18,15,5,1,infrastructure,DEPT_WORKS,8,4,0.5,2.0,25.96,0.2596,10,0,5,0.0035,3,0.3184,13.131972,80.302515,31.0,214.0,5.166666666666667,0.5484
WIN-2483,2025-02-22,52,AFTERNOON_12_18,15,5,1,other,DEPT_GENERAL,3,2,0.3333,1.5,21.68,0.2168,9,1,2,0.2751,2,0.6175,13.094628,80.201077,20.0,172.0,3.3333333333333335,-0.1
WIN-2460,2025-02-22,52,EVENING_18_24,21,5,1,roads,DEPT_ROADS,4,2,0.5,2.0,40.19,0.4019,16,0,1,0.0535,1,0.2897,13.010091,80.271135,53.0,479.0,8.833333333333334,-0.5472
WIN-2464,2025-02-22,52,EVENING_18_24,21,5,1,drainage,DEPT_DRAINAGE,4,2,0.5,2.0,30.27,0.3027,12,0,0,0.0121,1,0.3697,13.025308,80.206532,38.0,316.0,6.333333333333333,-0.3684
WIN-2468,2025-02-22,52,EVENING_18_24,21,5,1,garbage,DEPT_SANITATION,4,2,0.5,2.0,13.14,0.1314,5,1,1,0.1723,1,0.3708,13.076203,80.264078,48.0,410.0,8.0,-0.5
WIN-2472,2025-02-22,52,EVENING_18_24,21,5,1,water,DEPT_WATER,1,1,0.0,1.0,9.49,0.0949,4,0,0,0.0413,0,0.277,13.085728,80.219782,22.0,254.0,3.6666666666666665,-0.7273
WIN-2476,2025-02-22,52,EVENING_18_24,21,5,1,streetlights,DEPT_ELECTRICITY,3,2,0.3333,1.5,30.98,0.3098,12,0,1,0.0418,0,0.0864,13.038367,80.29489,34.0,255.0,5.666666666666667,-0.4706
WIN-2480,2025-02-22,52,EVENING_18_24,21,5,1,infrastructure,DEPT_WORKS,2,1,0.5,2.0,46.41,0.4641,19,0,0,0.2446,0,0.0979,13.0536,80.244131,29.0,213.0,4.833333333333333,-0.5862
WIN-2484,2025-02-22,52,EVENING_18_24,21,5,1,other,DEPT_GENERAL,1,1,0.0,1.0,39.64,0.3964,16,0,0,0.0319,0,0.1586,13.062172,80.252582,16.0,163.0,2.6666666666666665,-0.625
WIN-2485,2025-02-23,53,NIGHT_00_06,3,6,1,roads,DEPT_ROADS,3,2,0.3333,1.5,17.32,0.1732,7,0,0,0.0258,1,0.3165,13.030925,80.331792,40.0,464.0,6.666666666666667,-0.55
WIN-2489,2025-02-23,53,NIGHT_00_06,3,6,1,drainage,DEPT_DRAINAGE,1,1,0.0,1.0,21.51,0.2151,9,0,1,0.1751,0,0.4047,13.073037,80.16676,26.0,306.0,4.333333333333333,-0.7692
WIN-2493,2025-02-23,53,NIGHT_00_06,3,6,1,garbage,DEPT_SANITATION,2,1,0.5,2.0,26.1,0.261,10,1,0,0.2836,1,0.3362,13.018972,80.192183,39.0,396.0,6.5,-0.6923
WIN-2497,2025-02-23,53,NIGHT_00_06,3,6,1,water,DEPT_WATER,1,1,0.0,1.0,27.19,0.2719,11,0,0,0.0063,0,0.1067,13.054407,80.310219,17.0,250.0,2.8333333333333335,-0.6471
WIN-2501,2025-02-23,53,NIGHT_00_06,3,6,1,streetlights,DEPT_ELECTRICITY,2,1,0.5,2.0,24.04,0.2404,10,0,1,0.0719,1,0.7121,13.087397,80.232225,25.0,251.0,4.166666666666667,-0.52
WIN-2505,2025-02-23,53,NIGHT_00_06,3,6,1,infrastructure,DEPT_WORKS,1,1,0.0,1.0,21.85,0.2185,9,0,0,0.1618,0,0.065,13.086672,80.30555,25.0,209.0,4.166666666666667,-0.76
WIN-2509,2025-02-23,53,NIGHT_00_06,3,6,1,other,DEPT_GENERAL,0,0,0.0,1.0,57.94,0.5794,23,0,0,0.0,0,0.0,13.05688,80.234043,13.0,163.0,2.1666666666666665,-1.0
WIN-2486,2025-02-23,53,MORNING_06_12,9,6,1,roads,DEPT_ROADS,7,4,0.4286,1.75,21.59,0.2159,9,1,2,0.1531,1,0.0855,13.041133,80.266715,34.0,462.0,5.666666666666667,0.2353
WIN-2490,2025-02-23,53,MORNING_06_12,9,6,1,drainage,DEPT_DRAINAGE,6,3,0.5,2.0,40.65,0.4065,16,1,1,0.1376,2,0.2528,13.120658,80.270647,23.0,303.0,3.8333333333333335,0.5652
WIN-2494,2025-02-23,53,MORNING_06_12,9,6,1,garbage,DEPT_SANITATION,13,6,0.5385,2.17,29.2,0.292,12,1,3,0.0653,3,0.2513,13.067702,80.23512,43.0,402.0,7.166666666666667,0.814
WIN-2498,2025-02-23,53,MORNING_06_12,9,6,1,water,DEPT_WATER,7,3,0.5714,2.33,56.5,0.565,23,0,3,0.008,3,0.425,13.070161,80.263897,18.0,248.0,3.0,1.3333
WIN-2502,2025-02-23,53,MORNING_06_12,9,6,1,streetlights,DEPT_ELECTRICITY,7,6,0.1429,1.17,31.86,0.3186,13,1,2,0.0851,2,0.2649,13.116883,80.279064,25.0,252.0,4.166666666666667,0.68
WIN-2506,2025-02-23,53,MORNING_06_12,9,6,1,infrastructure,DEPT_WORKS,3,1,0.6667,3.0,19.1,0.191,8,0,1,0.0756,1,0.4655,13.081078,80.317805,22.0,209.0,3.6666666666666665,-0.1818
WIN-2510,2025-02-23,53,MORNING_06_12,9,6,1,other,DEPT_GENERAL,1,1,0.0,1.0,23.36,0.2336,9,0,1,0.1401,0,0.1648,13.017007,80.210568,10.0,163.0,1.6666666666666667,-0.4
WIN-2487,2025-02-23,53,AFTERNOON_12_18,15,6,1,roads,DEPT_ROADS,6,2,0.6667,3.0,9.5,0.095,4,0,1,0.0765,3,0.4541,13.172883,80.350828,37.0,464.0,6.166666666666667,-0.027
WIN-2491,2025-02-23,53,AFTERNOON_12_18,15,6,1,drainage,DEPT_DRAINAGE,7,5,0.2857,1.4,9.27,0.0927,4,0,3,0.0107,1,0.1231,13.082981,80.307569,29.0,306.0,4.833333333333333,0.4483
WIN-2495,2025-02-23,53,AFTERNOON_12_18,15,6,1,garbage,DEPT_SANITATION,10,4,0.6,2.5,30.25,0.3025,12,0,2,0.0054,1,0.117,13.085876,80.320146,45.0,409.0,7.5,0.3333
WIN-2499,2025-02-23,53,AFTERNOON_12_18,15,6,1,water,DEPT_WATER,5,3,0.4,1.67,10.59,0.1059,4,1,1,0.1767,1,0.26,13.046265,80.25902,22.0,251.0,3.6666666666666665,0.3636
WIN-2503,2025-02-23,53,AFTERNOON_12_18,15,6,1,streetlights,DEPT_ELECTRICITY,5,2,0.6,2.5,23.49,0.2349,9,1,2,0.2865,1,0.2312,13.058054,80.234773,28.0,255.0,4.666666666666667,0.0714
WIN-2507,2025-02-23,53,AFTERNOON_12_18,15,6,1,infrastructure,DEPT_WORKS,4,1,0.75,4.0,27.12,0.2712,11,0,1,0.0591,2,0.4521,13.161147,80.298108,24.0,210.0,4.0,0.0
WIN-2511,2025-02-23,53,AFTERNOON_12_18,15,6,1,other,DEPT_GENERAL,5,3,0.4,1.67,58.24,0.5824,23,0,1,0.0865,1,0.2425,13.098565,80.243692,13.0,165.0,2.1666666666666665,1.3077
WIN-2488,2025-02-23,53,EVENING_18_24,21,6,1,roads,DEPT_ROADS,3,2,0.3333,1.5,46.76,0.4676,19,1,0,0.1683,1,0.3742,13.093684,80.429819,32.0,448.0,5.333333333333333,-0.4375
WIN-2492,2025-02-23,53,EVENING_18_24,21,6,1,drainage,DEPT_DRAINAGE,1,1,0.0,1.0,47.19,0.4719,19,0,0,0.1286,0,0.2158,13.047232,80.244561,23.0,292.0,3.8333333333333335,-0.7391
WIN-2496,2025-02-23,53,EVENING_18_24,21,6,1,garbage,DEPT_SANITATION,6,4,0.3333,1.5,47.54,0.4754,19,1,0,0.1325,1,0.1033,13.035249,80.320223,41.0,407.0,6.833333333333333,-0.122
WIN-2500,2025-02-23,53,EVENING_18_24,21,6,1,water,DEPT_WATER,2,1,0.5,2.0,25.57,0.2557,10,0,1,0.0993,1,0.472,13.130038,80.261008,20.0,237.0,3.3333333333333335,-0.4
WIN-2504,2025-02-23,53,EVENING_18_24,21,6,1,streetlights,DEPT_ELECTRICITY,4,2,0.5,2.0,42.41,0.4241,17,1,3,0.2428,0,0.0816,13.040826,80.277798,27.0,250.0,4.5,-0.1111
WIN-2508,2025-02-23,53,EVENING_18_24,21,6,1,infrastructure,DEPT_WORKS,6,2,0.6667,3.0,9.83,0.0983,4,1,2,0.1027,3,0.4437,13.089701,80.297056,24.0,210.0,4.0,0.5
WIN-2512,2025-02-23,53,EVENING_18_24,21,6,1,other,DEPT_GENERAL,1,1,0.0,1.0,26.56,0.2656,11,0,0,0.2037,1,0.621,13.094849,80.315806,11.0,162.0,1.8333333333333333,-0.4545
WIN-2513,2025-02-24,54,NIGHT_00_06,3,0,0,roads,DEPT_ROADS,4,2,0.5,2.0,20.76,0.2076,8,1,0,0.2606,0,0.0219,13.122755,80.356572,27.0,438.0,4.5,-0.1111
WIN-2517,2025-02-24,54,NIGHT_00_06,3,0,0,drainage,DEPT_DRAINAGE,3,2,0.3333,1.5,43.98,0.4398,18,0,0,0.1637,1,0.3697,13.043859,80.215851,22.0,276.0,3.6666666666666665,-0.1818
WIN-2521,2025-02-24,54,NIGHT_00_06,3,0,0,garbage,DEPT_SANITATION,3,2,0.3333,1.5,16.97,0.1697,7,0,1,0.0062,0,0.0839,13.105311,80.228085,38.0,398.0,6.333333333333333,-0.5263
WIN-2525,2025-02-24,54,NIGHT_00_06,3,0,0,water,DEPT_WATER,0,0,0.0,1.0,10.83,0.1083,4,0,0,0.0,0,0.0,13.03588,80.265376,16.0,226.0,2.6666666666666665,-1.0
WIN-2529,2025-02-24,54,NIGHT_00_06,3,0,0,streetlights,DEPT_ELECTRICITY,3,1,0.6667,3.0,10.97,0.1097,4,0,0,0.1637,2,0.5537,13.121025,80.226014,24.0,245.0,4.0,-0.25
WIN-2533,2025-02-24,54,NIGHT_00_06,3,0,0,infrastructure,DEPT_WORKS,2,1,0.5,2.0,18.08,0.1808,7,0,1,0.0739,0,0.1136,13.055017,80.225052,18.0,205.0,3.0,-0.3333
WIN-2537,2025-02-24,54,NIGHT_00_06,3,0,0,other,DEPT_GENERAL,0,0,0.0,1.0,9.15,0.0915,4,0,0,0.0,0,0.0,13.083994,80.247127,8.0,156.0,1.3333333333333333,-1.0
WIN-2514,2025-02-24,54,MORNING_06_12,9,0,0,roads,DEPT_ROADS,21,8,0.619,2.62,48.68,0.4868,19,0,6,0.0228,1,0.0277,13.049832,80.303195,44.0,448.0,7.333333333333333,1.8636
WIN-2518,2025-02-24,54,MORNING_06_12,9,0,0,drainage,DEPT_DRAINAGE,16,10,0.375,1.6,19.36,0.1936,8,1,2,0.0714,0,0.0277,13.02346,80.203953,34.0,288.0,5.666666666666667,1.8235
WIN-2522,2025-02-24,54,MORNING_06_12,9,0,0,garbage,DEPT_SANITATION,21,8,0.619,2.62,3.31,0.0331,1,4,8,0.1677,3,0.1342,13.172353,80.255023,55.0,403.0,9.166666666666666,1.2909
WIN-2526,2025-02-24,54,MORNING_06_12,9,0,0,water,DEPT_WATER,10,4,0.6,2.5,43.17,0.4317,17,0,2,0.0433,0,0.035,13.016582,80.24547,25.0,234.0,4.166666666666667,1.4
WIN-2530,2025-02-24,54,MORNING_06_12,9,0,0,streetlights,DEPT_ELECTRICITY,12,7,0.4167,1.71,17.09,0.1709,7,2,6,0.191,1,0.0483,13.139804,80.330106,33.0,248.0,5.5,1.1818
WIN-2534,2025-02-24,54,MORNING_06_12,9,0,0,infrastructure,DEPT_WORKS,16,9,0.4375,1.78,55.63,0.5563,22,1,7,0.0705,3,0.1897,13.004066,80.273021,32.0,214.0,5.333333333333333,2.0
WIN-2538,2025-02-24,54,MORNING_06_12,9,0,0,other,DEPT_GENERAL,9,3,0.6667,3.0,13.13,0.1313,5,1,3,0.1426,1,0.1231,13.058123,80.197223,16.0,163.0,2.6666666666666665,2.375
WIN-2515,2025-02-24,54,AFTERNOON_12_18,15,0,0,roads,DEPT_ROADS,17,10,0.4118,1.7,27.29,0.2729,11,1,2,0.0406,1,0.0685,13.186301,80.287325,58.0,457.0,9.666666666666666,0.7586
WIN-2519,2025-02-24,54,AFTERNOON_12_18,15,0,0,drainage,DEPT_DRAINAGE,16,6,0.625,2.67,61.61,0.6161,25,1,5,0.0326,1,0.0825,13.088358,80.376403,49.0,304.0,8.166666666666666,0.9592
WIN-2523,2025-02-24,54,AFTERNOON_12_18,15,0,0,garbage,DEPT_SANITATION,12,5,0.5833,2.4,22.54,0.2254,9,1,2,0.0594,3,0.2588,13.130058,80.309696,65.0,410.0,10.833333333333334,0.1077
WIN-2527,2025-02-24,54,AFTERNOON_12_18,15,0,0,water,DEPT_WATER,8,4,0.5,2.0,19.75,0.1975,8,0,2,0.0031,4,0.5127,13.027726,80.256704,32.0,239.0,5.333333333333333,0.5
WIN-2531,2025-02-24,54,AFTERNOON_12_18,15,0,0,streetlights,DEPT_ELECTRICITY,10,5,0.5,2.0,46.79,0.4679,19,2,6,0.1849,2,0.2309,13.075266,80.326819,41.0,257.0,6.833333333333333,0.4634
WIN-2535,2025-02-24,54,AFTERNOON_12_18,15,0,0,infrastructure,DEPT_WORKS,6,2,0.6667,3.0,18.32,0.1832,7,0,1,0.0669,0,0.0735,13.168935,80.310383,37.0,219.0,6.166666666666667,-0.027
WIN-2539,2025-02-24,54,AFTERNOON_12_18,15,0,0,other,DEPT_GENERAL,11,4,0.6364,2.75,31.03,0.3103,12,1,3,0.0802,1,0.1033,13.033404,80.301033,27.0,172.0,4.5,1.4444
WIN-2516,2025-02-24,54,EVENING_18_24,21,0,0,roads,DEPT_ROADS,11,5,0.5455,2.2,11.03,0.1103,4,1,6,0.1057,5,0.4317,13.073443,80.256697,62.0,454.0,10.333333333333334,0.0645
WIN-2520,2025-02-24,54,EVENING_18_24,21,0,0,drainage,DEPT_DRAINAGE,9,3,0.6667,3.0,9.63,0.0963,4,1,2,0.102,3,0.3451,13.047739,80.116921,52.0,304.0,8.666666666666666,0.0385
WIN-2524,2025-02-24,54,EVENING_18_24,21,0,0,garbage,DEPT_SANITATION,10,6,0.4,1.67,28.71,0.2871,11,2,2,0.1625,3,0.323,12.985077,80.258776,62.0,399.0,10.333333333333334,-0.0323
WIN-2528,2025-02-24,54,EVENING_18_24,21,0,0,water,DEPT_WATER,8,3,0.625,2.67,7.11,0.0711,3,0,5,0.06,6,0.7669,13.086654,80.292239,33.0,234.0,5.5,0.4545
WIN-2532,2025-02-24,54,EVENING_18_24,21,0,0,streetlights,DEPT_ELECTRICITY,8,5,0.375,1.6,39.63,0.3963,16,0,2,0.0058,2,0.2991,13.122234,80.191806,42.0,249.0,7.0,0.1429
WIN-2536,2025-02-24,54,EVENING_18_24,21,0,0,infrastructure,DEPT_WORKS,4,2,0.5,2.0,45.26,0.4526,18,1,1,0.2524,1,0.2579,13.187723,80.273659,38.0,219.0,6.333333333333333,-0.3684
WIN-2540,2025-02-24,54,EVENING_18_24,21,0,0,other,DEPT_GENERAL,2,1,0.5,2.0,13.13,0.1313,5,0,1,0.0004,0,0.2409,13.073024,80.32039,28.0,169.0,4.666666666666667,-0.5714
WIN-2541,2025-02-25,55,NIGHT_00_06,3,1,0,roads,DEPT_ROADS,5,2,0.6,2.5,20.9,0.209,8,0,1,0.0222,1,0.2595,13.03873,80.360243,61.0,451.0,10.166666666666666,-0.5082
WIN-2545,2025-02-25,55,NIGHT_00_06,3,1,0,drainage,DEPT_DRAINAGE,3,1,0.6667,3.0,16.31,0.1631,7,0,1,0.0881,0,0.1346,13.159386,80.290416,48.0,298.0,8.0,-0.625
WIN-2549,2025-02-25,55,NIGHT_00_06,3,1,0,garbage,DEPT_SANITATION,0,0,0.0,1.0,27.34,0.2734,11,0,0,0.0,0,0.0,13.075834,80.17832,52.0,383.0,8.666666666666666,-1.0
WIN-2553,2025-02-25,55,NIGHT_00_06,3,1,0,water,DEPT_WATER,3,1,0.6667,3.0,16.85,0.1685,7,0,1,0.0055,0,0.1096,13.084388,80.20514,31.0,228.0,5.166666666666667,-0.4194
WIN-2557,2025-02-25,55,NIGHT_00_06,3,1,0,streetlights,DEPT_ELECTRICITY,3,2,0.3333,1.5,33.09,0.3309,13,0,0,0.0388,0,0.0544,13.145538,80.289061,40.0,243.0,6.666666666666667,-0.55
WIN-2561,2025-02-25,55,NIGHT_00_06,3,1,0,infrastructure,DEPT_WORKS,2,1,0.5,2.0,45.05,0.4505,18,0,1,0.0014,0,0.1059,13.121462,80.24734,36.0,218.0,6.0,-0.6667
WIN-2565,2025-02-25,55,NIGHT_00_06,3,1,0,other,DEPT_GENERAL,2,1,0.5,2.0,14.27,0.1427,6,1,1,0.2961,0,0.0104,13.006081,80.292582,25.0,165.0,4.166666666666667,-0.52
WIN-2542,2025-02-25,55,MORNING_06_12,9,1,0,roads,DEPT_ROADS,32,13,0.5938,2.46,23.29,0.2329,9,1,6,0.0373,5,0.1419,13.062564,80.239365,90.0,468.0,15.0,1.1333
WIN-2546,2025-02-25,55,MORNING_06_12,9,1,0,drainage,DEPT_DRAINAGE,20,11,0.45,1.82,13.15,0.1315,5,2,4,0.0858,1,0.054,13.160925,80.235697,67.0,306.0,11.166666666666666,0.791
WIN-2550,2025-02-25,55,MORNING_06_12,9,1,0,garbage,DEPT_SANITATION,11,9,0.1818,1.22,40.36,0.4036,16,1,2,0.0893,0,0.0031,13.038393,80.269124,57.0,387.0,9.5,0.1579
WIN-2554,2025-02-25,55,MORNING_06_12,9,1,0,water,DEPT_WATER,10,6,0.4,1.67,41.69,0.4169,17,0,1,0.0147,1,0.0581,13.081411,80.306391,39.0,231.0,6.5,0.5385
WIN-2558,2025-02-25,55,MORNING_06_12,9,1,0,streetlights,DEPT_ELECTRICITY,13,7,0.4615,1.86,40.45,0.4045,16,1,3,0.1131,1,0.1101,13.124854,80.223413,49.0,251.0,8.166666666666666,0.5918
WIN-2562,2025-02-25,55,MORNING_06_12,9,1,0,infrastructure,DEPT_WORKS,11,5,0.5455,2.2,12.64,0.1264,5,0,2,0.0276,1,0.0542,13.083811,80.275483,41.0,225.0,6.833333333333333,0.6098
WIN-2566,2025-02-25,55,MORNING_06_12,9,1,0,other,DEPT_GENERAL,6,3,0.5,2.0,2.4,0.024,1,2,2,0.304,1,0.0904,13.072941,80.291193,30.0,169.0,5.0,0.2
WIN-2543,2025-02-25,55,AFTERNOON_12_18,15,1,0,roads,DEPT_ROADS,7,4,0.4286,1.75,69.53,0.6953,28,1,1,0.1283,2,0.3515,13.11923,80.315514,93.0,473.0,15.5,-0.5484
WIN-2547,2025-02-25,55,AFTERNOON_12_18,15,1,0,drainage,DEPT_DRAINAGE,15,9,0.4,1.67,1.21,0.0121,0,1,7,0.0509,6,0.4038,13.090771,80.311063,79.0,320.0,13.166666666666666,0.1392
WIN-2551,2025-02-25,55,AFTERNOON_12_18,15,1,0,garbage,DEPT_SANITATION,17,12,0.2941,1.42,15.45,0.1545,6,1,6,0.0673,3,0.1682,13.125819,80.317935,71.0,402.0,11.833333333333334,0.4366
WIN-2555,2025-02-25,55,AFTERNOON_12_18,15,1,0,water,DEPT_WATER,6,5,0.1667,1.2,24.23,0.2423,10,0,1,0.0735,1,0.0846,13.04431,80.272287,45.0,236.0,7.5,-0.2
WIN-2559,2025-02-25,55,AFTERNOON_12_18,15,1,0,streetlights,DEPT_ELECTRICITY,9,7,0.2222,1.29,54.94,0.5494,22,2,3,0.203,2,0.1991,13.006768,80.286393,55.0,260.0,9.166666666666666,-0.0182
WIN-2563,2025-02-25,55,AFTERNOON_12_18,15,1,0,infrastructure,DEPT_WORKS,9,5,0.4444,1.8,17.38,0.1738,7,0,2,0.0135,4,0.4553,13.101387,80.335619,48.0,232.0,8.0,0.125
WIN-2567,2025-02-25,55,AFTERNOON_12_18,15,1,0,other,DEPT_GENERAL,4,2,0.5,2.0,34.04,0.3404,14,0,2,0.0879,0,0.0001,13.068951,80.269032,34.0,171.0,5.666666666666667,-0.2941
WIN-2544,2025-02-25,55,EVENING_18_24,21,1,0,roads,DEPT_ROADS,19,8,0.5789,2.38,48.24,0.4824,19,1,2,0.0679,14,0.7433,13.039153,80.24237,91.0,485.0,15.166666666666666,0.2527
WIN-2548,2025-02-25,55,EVENING_18_24,21,1,0,drainage,DEPT_DRAINAGE,6,3,0.5,2.0,33.66,0.3366,13,0,3,0.0672,2,0.2879,13.100676,80.260464,69.0,316.0,11.5,-0.4783
WIN-2552,2025-02-25,55,EVENING_18_24,21,1,0,garbage,DEPT_SANITATION,8,6,0.25,1.33,54.83,0.5483,22,0,1,0.0325,1,0.143,13.01964,80.241836,58.0,399.0,9.666666666666666,-0.1724
WIN-2556,2025-02-25,55,EVENING_18_24,21,1,0,water,DEPT_WATER,4,2,0.5,2.0,10.09,0.1009,4,1,1,0.274,3,0.6303,13.18928,80.290554,39.0,232.0,6.5,-0.3846
WIN-2560,2025-02-25,55,EVENING_18_24,21,1,0,streetlights,DEPT_ELECTRICITY,6,3,0.5,2.0,17.36,0.1736,7,0,2,0.0288,3,0.471,12.987552,80.232704,49.0,261.0,8.166666666666666,-0.2653
WIN-2564,2025-02-25,55,EVENING_18_24,21,1,0,infrastructure,DEPT_WORKS,6,3,0.5,2.0,8.05,0.0805,3,1,1,0.2286,5,0.8341,13.150731,80.244288,38.0,231.0,6.333333333333333,-0.0526
WIN-2568,2025-02-25,55,EVENING_18_24,21,1,0,other,DEPT_GENERAL,0,0,0.0,1.0,19.03,0.1903,8,0,0,0.0,0,0.0,13.073426,80.312339,25.0,164.0,4.166666666666667,-1.0
WIN-2569,2025-02-26,56,NIGHT_00_06,3,2,0,roads,DEPT_ROADS,2,2,0.0,1.0,30.13,0.3013,12,0,1,0.1229,1,0.3298,12.994518,80.218328,76.0,473.0,12.666666666666666,-0.8421
WIN-2573,2025-02-26,56,NIGHT_00_06,3,2,0,drainage,DEPT_DRAINAGE,1,1,0.0,1.0,23.31,0.2331,9,0,0,0.1116,0,0.099,13.105275,80.315247,54.0,312.0,9.0,-0.8889
WIN-2577,2025-02-26,56,NIGHT_00_06,3,2,0,garbage,DEPT_SANITATION,2,1,0.5,2.0,54.64,0.5464,22,0,0,0.1915,0,0.0676,13.062571,80.220081,48.0,389.0,8.0,-0.75
WIN-2581,2025-02-26,56,NIGHT_00_06,3,2,0,water,DEPT_WATER,0,0,0.0,1.0,36.94,0.3694,15,0,0,0.0,0,0.0,13.06679,80.285897,31.0,230.0,5.166666666666667,-1.0
WIN-2585,2025-02-26,56,NIGHT_00_06,3,2,0,streetlights,DEPT_ELECTRICITY,3,1,0.6667,3.0,38.42,0.3842,15,0,1,0.068,1,0.2087,13.110077,80.311878,42.0,261.0,7.0,-0.5714
WIN-2589,2025-02-26,56,NIGHT_00_06,3,2,0,infrastructure,DEPT_WORKS,3,1,0.6667,3.0,17.42,0.1742,7,0,1,0.0184,0,0.0215,13.062235,80.252472,35.0,228.0,5.833333333333333,-0.4857
WIN-2593,2025-02-26,56,NIGHT_00_06,3,2,0,other,DEPT_GENERAL,3,2,0.3333,1.5,14.54,0.1454,6,1,1,0.3315,0,0.055,13.10491,80.260794,17.0,164.0,2.8333333333333335,0.0588
WIN-2570,2025-02-26,56,MORNING_06_12,9,2,0,roads,DEPT_ROADS,13,8,0.3846,1.62,12.65,0.1265,5,1,1,0.071,2,0.1669,13.060536,80.258255,78.0,480.0,13.0,0.0
WIN-2574,2025-02-26,56,MORNING_06_12,9,2,0,drainage,DEPT_DRAINAGE,11,4,0.6364,2.75,11.07,0.1107,4,1,2,0.119,1,0.1362,12.977751,80.204238,56.0,320.0,9.333333333333334,0.1786
WIN-2578,2025-02-26,56,MORNING_06_12,9,2,0,garbage,DEPT_SANITATION,19,7,0.6316,2.71,35.0,0.35,14,4,3,0.2252,0,0.0114,13.118562,80.281495,57.0,398.0,9.5,1.0
WIN-2582,2025-02-26,56,MORNING_06_12,9,2,0,water,DEPT_WATER,12,6,0.5,2.0,8.94,0.0894,4,2,1,0.2072,0,0.011,13.099642,80.342778,35.0,240.0,5.833333333333333,1.0571
WIN-2586,2025-02-26,56,MORNING_06_12,9,2,0,streetlights,DEPT_ELECTRICITY,16,8,0.5,2.0,10.33,0.1033,4,7,0,0.4354,0,0.0225,13.032341,80.250579,50.0,276.0,8.333333333333334,0.92
WIN-2590,2025-02-26,56,MORNING_06_12,9,2,0,infrastructure,DEPT_WORKS,7,3,0.5714,2.33,20.77,0.2077,8,1,3,0.1249,0,0.0201,13.029299,80.343238,38.0,231.0,6.333333333333333,0.1053
WIN-2594,2025-02-26,56,MORNING_06_12,9,2,0,other,DEPT_GENERAL,9,4,0.5556,2.25,19.59,0.1959,8,0,2,0.0401,1,0.056,13.087914,80.247656,24.0,172.0,4.0,1.25
WIN-2571,2025-02-26,56,AFTERNOON_12_18,15,2,0,roads,DEPT_ROADS,15,10,0.3333,1.5,47.56,0.4756,19,1,5,0.0736,0,0.0333,13.092795,80.34094,88.0,492.0,14.666666666666666,0.0227
WIN-2575,2025-02-26,56,AFTERNOON_12_18,15,2,0,drainage,DEPT_DRAINAGE,15,11,0.2667,1.36,9.2,0.092,4,3,3,0.2098,3,0.1702,13.126851,80.261993,68.0,333.0,11.333333333333334,0.3235
WIN-2579,2025-02-26,56,AFTERNOON_12_18,15,2,0,garbage,DEPT_SANITATION,14,11,0.2143,1.27,18.08,0.1808,7,1,7,0.0784,1,0.0497,13.062389,80.289735,71.0,409.0,11.833333333333334,0.1831
WIN-2583,2025-02-26,56,AFTERNOON_12_18,15,2,0,water,DEPT_WATER,8,3,0.625,2.67,3.13,0.0313,1,1,2,0.1731,3,0.4307,12.973569,80.218461,40.0,248.0,6.666666666666667,0.2
WIN-2587,2025-02-26,56,AFTERNOON_12_18,15,2,0,streetlights,DEPT_ELECTRICITY,16,6,0.625,2.67,36.47,0.3647,15,3,5,0.2146,2,0.1432,13.167357,80.341456,63.0,290.0,10.5,0.5238
WIN-2591,2025-02-26,56,AFTERNOON_12_18,15,2,0,infrastructure,DEPT_WORKS,3,2,0.3333,1.5,28.21,0.2821,11,1,1,0.2173,0,0.0135,13.042089,80.267922,39.0,234.0,6.5,-0.5385
WIN-2595,2025-02-26,56,AFTERNOON_12_18,15,2,0,other,DEPT_GENERAL,6,2,0.6667,3.0,6.97,0.0697,3,1,3,0.1631,1,0.0835,12.978602,80.251363,28.0,176.0,4.666666666666667,0.2857
WIN-2572,2025-02-26,56,EVENING_18_24,21,2,0,roads,DEPT_ROADS,12,6,0.5,2.0,52.29,0.5229,21,0,0,0.0263,2,0.2041,13.104041,80.285992,68.0,493.0,11.333333333333334,0.0588
WIN-2576,2025-02-26,56,EVENING_18_24,21,2,0,drainage,DEPT_DRAINAGE,3,2,0.3333,1.5,31.16,0.3116,12,1,2,0.2804,1,0.4348,13.046462,80.250853,51.0,330.0,8.5,-0.6471
WIN-2580,2025-02-26,56,EVENING_18_24,21,2,0,garbage,DEPT_SANITATION,6,3,0.5,2.0,35.52,0.3552,14,0,3,0.0678,3,0.5226,13.0686,80.255665,66.0,406.0,11.0,-0.4545
WIN-2584,2025-02-26,56,EVENING_18_24,21,2,0,water,DEPT_WATER,8,6,0.25,1.33,40.32,0.4032,16,2,4,0.3108,1,0.1456,13.055308,80.206636,38.0,248.0,6.333333333333333,0.2632
WIN-2588,2025-02-26,56,EVENING_18_24,21,2,0,streetlights,DEPT_ELECTRICITY,6,3,0.5,2.0,38.56,0.3856,15,1,3,0.1166,1,0.1954,13.05405,80.199565,56.0,288.0,9.333333333333334,-0.3571
WIN-2592,2025-02-26,56,EVENING_18_24,21,2,0,infrastructure,DEPT_WORKS,5,2,0.6,2.5,73.53,0.7353,29,0,1,0.0106,2,0.4504,13.04183,80.194645,33.0,229.0,5.5,-0.0909
WIN-2596,2025-02-26,56,EVENING_18_24,21,2,0,other,DEPT_GENERAL,2,1,0.5,2.0,20.13,0.2013,8,0,0,0.0267,1,0.4066,13.047844,80.28897,24.0,174.0,4.0,-0.5
WIN-2597,2025-02-27,57,NIGHT_00_06,3,3,0,roads,DEPT_ROADS,2,1,0.5,2.0,13.9,0.139,6,0,0,0.2477,1,0.4751,13.049796,80.235605,63.0,485.0,10.5,-0.8095
WIN-2601,2025-02-27,57,NIGHT_00_06,3,3,0,drainage,DEPT_DRAINAGE,1,1,0.0,1.0,36.08,0.3608,14,0,0,0.1564,0,0.1665,13.09946,80.327494,37.0,327.0,6.166666666666667,-0.8378
WIN-2605,2025-02-27,57,NIGHT_00_06,3,3,0,garbage,DEPT_SANITATION,6,3,0.5,2.0,28.04,0.2804,11,1,3,0.2405,2,0.3347,13.077535,80.287451,55.0,401.0,9.166666666666666,-0.3455
WIN-2609,2025-02-27,57,NIGHT_00_06,3,3,0,water,DEPT_WATER,2,1,0.5,2.0,14.78,0.1478,6,0,1,0.2087,0,0.1509,13.166031,80.200359,34.0,247.0,5.666666666666667,-0.6471
WIN-2613,2025-02-27,57,NIGHT_00_06,3,3,0,streetlights,DEPT_ELECTRICITY,1,1,0.0,1.0,18.17,0.1817,7,0,0,0.014,0,0.0139,13.175588,80.302388,48.0,287.0,8.0,-0.875
WIN-2617,2025-02-27,57,NIGHT_00_06,3,3,0,infrastructure,DEPT_WORKS,2,1,0.5,2.0,27.0,0.27,11,0,1,0.0866,0,0.0546,13.070271,80.312777,26.0,226.0,4.333333333333333,-0.5385
WIN-2621,2025-02-27,57,NIGHT_00_06,3,3,0,other,DEPT_GENERAL,1,1,0.0,1.0,17.32,0.1732,7,0,0,0.0247,0,0.029,13.094754,80.2625,21.0,171.0,3.5,-0.7143
WIN-2598,2025-02-27,57,MORNING_06_12,9,3,0,roads,DEPT_ROADS,18,9,0.5,2.0,23.32,0.2332,9,0,4,0.0229,1,0.0394,13.143211,80.301463,62.0,497.0,10.333333333333334,0.7419
WIN-2602,2025-02-27,57,MORNING_06_12,9,3,0,drainage,DEPT_DRAINAGE,9,5,0.4444,1.8,45.79,0.4579,18,1,3,0.1026,1,0.1502,13.043568,80.273863,40.0,332.0,6.666666666666667,0.35
WIN-2606,2025-02-27,57,MORNING_06_12,9,3,0,garbage,DEPT_SANITATION,19,11,0.4211,1.73,67.58,0.6758,27,2,5,0.1129,2,0.1054,13.116187,80.250191,66.0,413.0,11.0,0.7273
WIN-2610,2025-02-27,57,MORNING_06_12,9,3,0,water,DEPT_WATER,9,5,0.4444,1.8,22.18,0.2218,9,1,1,0.0623,5,0.5028,13.034949,80.235749,39.0,252.0,6.5,0.3846
WIN-2614,2025-02-27,57,MORNING_06_12,9,3,0,streetlights,DEPT_ELECTRICITY,7,4,0.4286,1.75,36.49,0.3649,15,0,1,0.0083,2,0.2987,13.066344,80.298782,49.0,290.0,8.166666666666666,-0.1429
WIN-2618,2025-02-27,57,MORNING_06_12,9,3,0,infrastructure,DEPT_WORKS,11,4,0.6364,2.75,20.07,0.2007,8,4,4,0.381,1,0.0856,13.128393,80.280225,31.0,233.0,5.166666666666667,1.129
WIN-2622,2025-02-27,57,MORNING_06_12,9,3,0,other,DEPT_GENERAL,6,4,0.3333,1.5,23.7,0.237,9,2,2,0.331,2,0.4146,13.144834,80.351376,27.0,176.0,4.5,0.3333
WIN-2599,2025-02-27,57,AFTERNOON_12_18,15,3,0,roads,DEPT_ROADS,12,7,0.4167,1.71,9.72,0.0972,4,0,5,0.0166,2,0.141,13.093414,80.235009,72.0,507.0,12.0,0.0
WIN-2603,2025-02-27,57,AFTERNOON_12_18,15,3,0,drainage,DEPT_DRAINAGE,14,8,0.4286,1.75,7.75,0.0775,3,2,1,0.1572,4,0.2862,13.067064,80.246963,53.0,342.0,8.833333333333334,0.5849
WIN-2607,2025-02-27,57,AFTERNOON_12_18,15,3,0,garbage,DEPT_SANITATION,11,7,0.3636,1.57,10.08,0.1008,4,1,6,0.0889,2,0.1679,13.091748,80.275006,75.0,422.0,12.5,-0.12
WIN-2611,2025-02-27,57,AFTERNOON_12_18,15,3,0,water,DEPT_WATER,9,6,0.3333,1.5,66.38,0.6638,27,1,1,0.155,3,0.2852,13.01604,80.271349,48.0,259.0,8.0,0.125
WIN-2615,2025-02-27,57,AFTERNOON_12_18,15,3,0,streetlights,DEPT_ELECTRICITY,7,3,0.5714,2.33,18.55,0.1855,7,0,3,0.0467,0,0.0043,13.037723,80.233799,53.0,297.0,8.833333333333334,-0.2075
WIN-2619,2025-02-27,57,AFTERNOON_12_18,15,3,0,infrastructure,DEPT_WORKS,6,2,0.6667,3.0,21.62,0.2162,9,0,1,0.0607,1,0.1073,13.117364,80.247315,34.0,238.0,5.666666666666667,0.0588
WIN-2623,2025-02-27,57,AFTERNOON_12_18,15,3,0,other,DEPT_GENERAL,4,2,0.5,2.0,41.25,0.4125,16,0,1,0.0157,0,0.1121,13.100805,80.2845,28.0,176.0,4.666666666666667,-0.1429
WIN-2600,2025-02-27,57,EVENING_18_24,21,3,0,roads,DEPT_ROADS,6,3,0.5,2.0,37.08,0.3708,15,1,0,0.1357,0,0.0266,13.14144,80.254012,65.0,484.0,10.833333333333334,-0.4462
WIN-2604,2025-02-27,57,EVENING_18_24,21,3,0,drainage,DEPT_DRAINAGE,9,7,0.2222,1.29,12.12,0.1212,5,1,4,0.0585,4,0.47,13.080579,80.2687,51.0,341.0,8.5,0.0588
WIN-2608,2025-02-27,57,EVENING_18_24,21,3,0,garbage,DEPT_SANITATION,9,4,0.5556,2.25,35.11,0.3511,14,0,3,0.0212,5,0.5156,12.983485,80.219194,65.0,417.0,10.833333333333334,-0.1692
WIN-2612,2025-02-27,57,EVENING_18_24,21,3,0,water,DEPT_WATER,3,1,0.6667,3.0,28.32,0.2832,11,0,1,0.0005,1,0.3844,13.060406,80.277271,39.0,251.0,6.5,-0.5385
WIN-2616,2025-02-27,57,EVENING_18_24,21,3,0,streetlights,DEPT_ELECTRICITY,9,3,0.6667,3.0,38.06,0.3806,15,1,3,0.0936,4,0.4002,13.031475,80.198755,46.0,299.0,7.666666666666667,0.1739
WIN-2620,2025-02-27,57,EVENING_18_24,21,3,0,infrastructure,DEPT_WORKS,4,3,0.25,1.33,30.39,0.3039,12,0,1,0.0773,1,0.2386,12.977262,80.386265,31.0,225.0,5.166666666666667,-0.2258
WIN-2624,2025-02-27,57,EVENING_18_24,21,3,0,other,DEPT_GENERAL,5,2,0.6,2.5,45.29,0.4529,18,1,1,0.2806,1,0.1315,13.142452,80.277444,24.0,176.0,4.0,0.25
WIN-2625,2025-02-28,58,NIGHT_00_06,3,4,0,roads,DEPT_ROADS,1,1,0.0,1.0,3.35,0.0335,1,0,0,0.068,0,0.0238,13.065706,80.263519,51.0,468.0,8.5,-0.8824
WIN-2629,2025-02-28,58,NIGHT_00_06,3,4,0,drainage,DEPT_DRAINAGE,2,1,0.5,2.0,43.38,0.4338,17,0,0,0.0842,0,0.0303,13.032644,80.255453,38.0,329.0,6.333333333333333,-0.6842
WIN-2633,2025-02-28,58,NIGHT_00_06,3,4,0,garbage,DEPT_SANITATION,2,1,0.5,2.0,50.27,0.5027,20,0,1,0.2292,1,0.2935,13.18428,80.300926,53.0,404.0,8.833333333333334,-0.7736
WIN-2637,2025-02-28,58,NIGHT_00_06,3,4,0,water,DEPT_WATER,3,2,0.3333,1.5,29.89,0.2989,12,1,2,0.1722,0,0.0316,13.016066,80.318603,34.0,243.0,5.666666666666667,-0.4706
WIN-2641,2025-02-28,58,NIGHT_00_06,3,4,0,streetlights,DEPT_ELECTRICITY,4,3,0.25,1.33,22.13,0.2213,9,0,0,0.0069,0,0.0038,13.109091,80.281551,34.0,291.0,5.666666666666667,-0.2941
WIN-2645,2025-02-28,58,NIGHT_00_06,3,4,0,infrastructure,DEPT_WORKS,0,0,0.0,1.0,26.49,0.2649,11,0,0,0.0,0,0.0,13.099178,80.231365,28.0,220.0,4.666666666666667,-1.0
WIN-2649,2025-02-28,58,NIGHT_00_06,3,4,0,other,DEPT_GENERAL,0,0,0.0,1.0,30.23,0.3023,12,0,0,0.0,0,0.0,13.102397,80.262129,18.0,170.0,3.0,-1.0
WIN-2626,2025-02-28,58,MORNING_06_12,9,4,0,roads,DEPT_ROADS,19,11,0.4211,1.73,26.22,0.2622,10,1,7,0.0296,2,0.0874,12.9891,80.259598,58.0,475.0,9.666666666666666,0.9655
WIN-2630,2025-02-28,58,MORNING_06_12,9,4,0,drainage,DEPT_DRAINAGE,17,11,0.3529,1.55,62.25,0.6225,25,4,8,0.2098,1,0.032,13.148849,80.202167,52.0,333.0,8.666666666666666,0.9615
WIN-2634,2025-02-28,58,MORNING_06_12,9,4,0,garbage,DEPT_SANITATION,19,11,0.4211,1.73,71.22,0.7122,28,2,3,0.0853,4,0.2333,13.075025,80.202258,66.0,415.0,11.0,0.7273
WIN-2638,2025-02-28,58,MORNING_06_12,9,4,0,water,DEPT_WATER,4,2,0.5,2.0,8.98,0.0898,4,0,0,0.0673,1,0.2223,13.079887,80.285426,30.0,242.0,5.0,-0.2
WIN-2642,2025-02-28,58,MORNING_06_12,9,4,0,streetlights,DEPT_ELECTRICITY,9,5,0.4444,1.8,52.91,0.5291,21,1,2,0.0597,0,0.0198,13.080908,80.224513,37.0,294.0,6.166666666666667,0.4595
WIN-2646,2025-02-28,58,MORNING_06_12,9,4,0,infrastructure,DEPT_WORKS,10,4,0.6,2.5,28.74,0.2874,11,1,4,0.0636,1,0.1447,13.123689,80.277037,33.0,224.0,5.5,0.8182
WIN-2650,2025-02-28,58,MORNING_06_12,9,4,0,other,DEPT_GENERAL,8,4,0.5,2.0,36.48,0.3648,15,1,1,0.1381,0,0.0455,13.039714,80.305445,24.0,168.0,4.0,1.0
WIN-2627,2025-02-28,58,AFTERNOON_12_18,15,4,0,roads,DEPT_ROADS,18,7,0.6111,2.57,14.21,0.1421,6,1,3,0.0824,2,0.1023,13.038337,80.225339,74.0,485.0,12.333333333333334,0.4595
WIN-2631,2025-02-28,58,AFTERNOON_12_18,15,4,0,drainage,DEPT_DRAINAGE,7,3,0.5714,2.33,13.92,0.1392,6,0,2,0.0173,0,0.0538,13.157191,80.24068,58.0,338.0,9.666666666666666,-0.2759
WIN-2635,2025-02-28,58,AFTERNOON_12_18,15,4,0,garbage,DEPT_SANITATION,18,10,0.4444,1.8,5.74,0.0574,2,4,6,0.2424,9,0.4769,13.175474,80.366223,78.0,429.0,13.0,0.3846
WIN-2639,2025-02-28,58,AFTERNOON_12_18,15,4,0,water,DEPT_WATER,11,6,0.4545,1.83,40.13,0.4013,16,3,1,0.2935,1,0.0621,13.115236,80.315636,39.0,249.0,6.5,0.6923
WIN-2643,2025-02-28,58,AFTERNOON_12_18,15,4,0,streetlights,DEPT_ELECTRICITY,8,4,0.5,2.0,39.54,0.3954,16,0,2,0.0546,1,0.0829,13.089528,80.34436,44.0,301.0,7.333333333333333,0.0909
WIN-2647,2025-02-28,58,AFTERNOON_12_18,15,4,0,infrastructure,DEPT_WORKS,7,5,0.2857,1.4,19.01,0.1901,8,0,4,0.0444,1,0.1381,13.134815,80.235363,38.0,230.0,6.333333333333333,0.1053
WIN-2651,2025-02-28,58,AFTERNOON_12_18,15,4,0,other,DEPT_GENERAL,4,2,0.5,2.0,15.69,0.1569,6,0,0,0.0004,1,0.1255,13.046509,80.326651,27.0,170.0,4.5,-0.1111
WIN-2628,2025-02-28,58,EVENING_18_24,21,4,0,roads,DEPT_ROADS,7,5,0.2857,1.4,45.35,0.4535,18,1,2,0.1123,3,0.4194,13.069196,80.264268,63.0,477.0,10.5,-0.3333
WIN-2632,2025-02-28,58,EVENING_18_24,21,4,0,drainage,DEPT_DRAINAGE,11,5,0.5455,2.2,65.47,0.6547,26,0,0,0.0042,1,0.1161,13.098354,80.23302,60.0,341.0,10.0,0.1
WIN-2636,2025-02-28,58,EVENING_18_24,21,4,0,garbage,DEPT_SANITATION,9,6,0.3333,1.5,22.94,0.2294,9,1,4,0.0704,1,0.1087,13.095932,80.226704,68.0,427.0,11.333333333333334,-0.2059
WIN-2640,2025-02-28,58,EVENING_18_24,21,4,0,water,DEPT_WATER,6,4,0.3333,1.5,33.27,0.3327,13,2,2,0.3501,2,0.4002,13.113541,80.257045,36.0,243.0,6.0,0.0
WIN-2644,2025-02-28,58,EVENING_18_24,21,4,0,streetlights,DEPT_ELECTRICITY,7,3,0.5714,2.33,31.59,0.3159,13,1,2,0.1204,2,0.34,13.076982,80.289365,44.0,295.0,7.333333333333333,-0.0455
WIN-2648,2025-02-28,58,EVENING_18_24,21,4,0,infrastructure,DEPT_WORKS,2,1,0.5,2.0,39.53,0.3953,16,0,1,0.0588,0,0.2247,13.141085,80.261382,29.0,228.0,4.833333333333333,-0.5862
WIN-2652,2025-02-28,58,EVENING_18_24,21,4,0,other,DEPT_GENERAL,6,3,0.5,2.0,13.87,0.1387,6,2,0,0.2653,2,0.3249,13.143075,80.192053,27.0,168.0,4.5,0.3333
WIN-2653,2025-03-01,59,NIGHT_00_06,3,5,1,roads,DEPT_ROADS,6,3,0.5,2.0,50.81,0.5081,20,0,3,0.0339,1,0.1763,13.052193,80.247348,57.0,465.0,9.5,-0.3684
WIN-2657,2025-03-01,59,NIGHT_00_06,3,5,1,drainage,DEPT_DRAINAGE,0,0,0.0,1.0,66.51,0.6651,27,0,0,0.0,0,0.0,13.091321,80.202651,46.0,330.0,7.666666666666667,-1.0
WIN-2661,2025-03-01,59,NIGHT_00_06,3,5,1,garbage,DEPT_SANITATION,2,1,0.5,2.0,27.46,0.2746,11,0,0,0.0152,1,0.3542,13.142942,80.3298,59.0,410.0,9.833333333333334,-0.7966
WIN-2665,2025-03-01,59,NIGHT_00_06,3,5,1,water,DEPT_WATER,1,1,0.0,1.0,36.36,0.3636,15,0,0,0.142,0,0.4034,13.039378,80.335277,28.0,236.0,4.666666666666667,-0.7857
WIN-2669,2025-03-01,59,NIGHT_00_06,3,5,1,streetlights,DEPT_ELECTRICITY,0,0,0.0,1.0,21.36,0.2136,9,0,0,0.0,0,0.0,13.067079,80.239549,37.0,288.0,6.166666666666667,-1.0
WIN-2673,2025-03-01,59,NIGHT_00_06,3,5,1,infrastructure,DEPT_WORKS,3,1,0.6667,3.0,50.06,0.5006,20,0,1,0.052,2,0.7626,13.125536,80.324744,26.0,224.0,4.333333333333333,-0.3077
WIN-2677,2025-03-01,59,NIGHT_00_06,3,5,1,other,DEPT_GENERAL,2,1,0.5,2.0,62.55,0.6255,25,0,0,0.0834,0,0.0831,13.076422,80.275506,25.0,163.0,4.166666666666667,-0.52
WIN-2654,2025-03-01,59,MORNING_06_12,9,5,1,roads,DEPT_ROADS,12,9,0.25,1.33,66.64,0.6664,27,0,1,0.0238,2,0.1477,13.148551,80.262015,63.0,463.0,10.5,0.1429
WIN-2658,2025-03-01,59,MORNING_06_12,9,5,1,drainage,DEPT_DRAINAGE,8,5,0.375,1.6,17.59,0.1759,7,2,1,0.2812,6,0.787,13.00615,80.360215,45.0,332.0,7.5,0.0667
WIN-2662,2025-03-01,59,MORNING_06_12,9,5,1,garbage,DEPT_SANITATION,11,7,0.3636,1.57,9.4,0.094,4,1,2,0.0945,3,0.2828,13.066078,80.330722,61.0,415.0,10.166666666666666,0.082
WIN-2666,2025-03-01,59,MORNING_06_12,9,5,1,water,DEPT_WATER,6,2,0.6667,3.0,37.72,0.3772,15,1,1,0.1075,2,0.3571,13.023155,80.292293,31.0,238.0,5.166666666666667,0.1613
WIN-2670,2025-03-01,59,MORNING_06_12,9,5,1,streetlights,DEPT_ELECTRICITY,8,4,0.5,2.0,17.79,0.1779,7,1,2,0.0919,4,0.4664,13.068747,80.226744,36.0,287.0,6.0,0.3333
WIN-2674,2025-03-01,59,MORNING_06_12,9,5,1,infrastructure,DEPT_WORKS,4,2,0.5,2.0,10.67,0.1067,4,0,1,0.1098,1,0.2611,13.069021,80.142536,26.0,221.0,4.333333333333333,-0.0769
WIN-2678,2025-03-01,59,MORNING_06_12,9,5,1,other,DEPT_GENERAL,3,2,0.3333,1.5,4.42,0.0442,2,0,1,0.0959,0,0.0625,13.056455,80.185896,23.0,164.0,3.8333333333333335,-0.2174
WIN-2655,2025-03-01,59,AFTERNOON_12_18,15,5,1,roads,DEPT_ROADS,16,8,0.5,2.0,35.11,0.3511,14,0,2,0.0045,3,0.1669,13.078239,80.235701,78.0,474.0,13.0,0.2308
WIN-2659,2025-03-01,59,AFTERNOON_12_18,15,5,1,drainage,DEPT_DRAINAGE,2,1,0.5,2.0,31.69,0.3169,13,0,0,0.0531,1,0.3258,13.036471,80.236883,45.0,331.0,7.5,-0.7333
WIN-2663,2025-03-01,59,AFTERNOON_12_18,15,5,1,garbage,DEPT_SANITATION,5,3,0.4,1.67,36.45,0.3645,15,0,1,0.0258,1,0.2804,13.048417,80.32263,64.0,417.0,10.666666666666666,-0.5312
WIN-2667,2025-03-01,59,AFTERNOON_12_18,15,5,1,water,DEPT_WATER,6,3,0.5,2.0,18.82,0.1882,8,1,1,0.2317,2,0.2503,13.075093,80.34479,34.0,242.0,5.666666666666667,0.0588
WIN-2671,2025-03-01,59,AFTERNOON_12_18,15,5,1,streetlights,DEPT_ELECTRICITY,6,2,0.6667,3.0,14.44,0.1444,6,3,1,0.4772,0,0.0332,13.105705,80.279924,38.0,288.0,6.333333333333333,-0.0526
WIN-2675,2025-03-01,59,AFTERNOON_12_18,15,5,1,infrastructure,DEPT_WORKS,7,6,0.1429,1.17,13.94,0.1394,6,1,1,0.1599,2,0.304,13.185842,80.278524,33.0,225.0,5.5,0.2727
WIN-2679,2025-03-01,59,AFTERNOON_12_18,15,5,1,other,DEPT_GENERAL,8,5,0.375,1.6,11.44,0.1144,5,0,1,0.0295,3,0.3412,13.138586,80.221768,31.0,171.0,5.166666666666667,0.5484
WIN-2656,2025-03-01,59,EVENING_18_24,21,5,1,roads,DEPT_ROADS,8,4,0.5,2.0,3.61,0.0361,1,1,5,0.1866,0,0.0625,13.019558,80.250453,67.0,457.0,11.166666666666666,-0.2836
WIN-2660,2025-03-01,59,EVENING_18_24,21,5,1,drainage,DEPT_DRAINAGE,4,2,0.5,2.0,7.8,0.078,3,0,0,0.0536,2,0.5448,13.054672,80.266079,32.0,325.0,5.333333333333333,-0.25
WIN-2664,2025-03-01,59,EVENING_18_24,21,5,1,garbage,DEPT_SANITATION,3,2,0.3333,1.5,22.03,0.2203,9,0,0,0.0063,1,0.3354,13.010158,80.350033,48.0,408.0,8.0,-0.625
WIN-2668,2025-03-01,59,EVENING_18_24,21,5,1,water,DEPT_WATER,1,1,0.0,1.0,14.57,0.1457,6,0,0,0.0537,1,0.8472,13.051704,80.225152,31.0,237.0,5.166666666666667,-0.8065
WIN-2672,2025-03-01,59,EVENING_18_24,21,5,1,streetlights,DEPT_ELECTRICITY,2,1,0.5,2.0,18.23,0.1823,7,0,1,0.0179,1,0.6469,13.041073,80.27164,31.0,284.0,5.166666666666667,-0.6129
WIN-2676,2025-03-01,59,EVENING_18_24,21,5,1,infrastructure,DEPT_WORKS,2,1,0.5,2.0,31.48,0.3148,13,0,1,0.0362,0,0.2259,13.042191,80.310258,25.0,218.0,4.166666666666667,-0.52
WIN-2680,2025-03-01,59,EVENING_18_24,21,5,1,other,DEPT_GENERAL,2,1,0.5,2.0,28.97,0.2897,12,1,1,0.4419,1,0.5181,13.028231,80.225881,25.0,169.0,4.166666666666667,-0.52
WIN-2681,2025-03-02,60,NIGHT_00_06,3,6,1,roads,DEPT_ROADS,5,3,0.4,1.67,20.16,0.2016,8,0,3,0.0674,1,0.278,13.229498,80.258758,54.0,452.0,9.0,-0.4444
WIN-2685,2025-03-02,60,NIGHT_00_06,3,6,1,drainage,DEPT_DRAINAGE,2,1,0.5,2.0,14.13,0.1413,6,0,1,0.0083,1,0.3932,13.090044,80.288101,27.0,319.0,4.5,-0.5556
WIN-2689,2025-03-02,60,NIGHT_00_06,3,6,1,garbage,DEPT_SANITATION,1,1,0.0,1.0,19.15,0.1915,8,0,0,0.1095,1,0.7887,13.107762,80.250926,31.0,392.0,5.166666666666667,-0.8065
WIN-2693,2025-03-02,60,NIGHT_00_06,3,6,1,water,DEPT_WATER,0,0,0.0,1.0,21.0,0.21,8,0,0,0.0,0,0.0,13.16448,80.214494,20.0,220.0,3.3333333333333335,-1.0
WIN-2697,2025-03-02,60,NIGHT_00_06,3,6,1,streetlights,DEPT_ELECTRICITY,0,0,0.0,1.0,34.38,0.3438,14,0,0,0.0,0,0.0,13.134626,80.255548,23.0,270.0,3.8333333333333335,-1.0
WIN-2701,2025-03-02,60,NIGHT_00_06,3,6,1,infrastructure,DEPT_WORKS,0,0,0.0,1.0,19.18,0.1918,8,0,0,0.0,0,0.0,13.039078,80.351004,18.0,212.0,3.0,-1.0
WIN-2705,2025-03-02,60,NIGHT_00_06,3,6,1,other,DEPT_GENERAL,0,0,0.0,1.0,9.98,0.0998,4,0,0,0.0,0,0.0,13.057448,80.305314,21.0,165.0,3.5,-1.0
WIN-2682,2025-03-02,60,MORNING_06_12,9,6,1,roads,DEPT_ROADS,6,2,0.6667,3.0,20.51,0.2051,8,0,3,0.015,2,0.3816,13.073962,80.261227,53.0,438.0,8.833333333333334,-0.3208
WIN-2686,2025-03-02,60,MORNING_06_12,9,6,1,drainage,DEPT_DRAINAGE,3,1,0.6667,3.0,28.84,0.2884,12,2,0,0.5309,1,0.3081,13.094051,80.219158,19.0,314.0,3.1666666666666665,-0.0526
WIN-2690,2025-03-02,60,MORNING_06_12,9,6,1,garbage,DEPT_SANITATION,5,2,0.6,2.5,18.87,0.1887,8,1,2,0.2136,2,0.3951,13.132276,80.322059,27.0,386.0,4.5,0.1111
WIN-2694,2025-03-02,60,MORNING_06_12,9,6,1,water,DEPT_WATER,5,2,0.6,2.5,41.08,0.4108,16,0,0,0.0094,2,0.4134,13.0219,80.304009,19.0,219.0,3.1666666666666665,0.5789
WIN-2698,2025-03-02,60,MORNING_06_12,9,6,1,streetlights,DEPT_ELECTRICITY,8,4,0.5,2.0,41.84,0.4184,17,2,3,0.2018,3,0.4307,13.052597,80.182642,24.0,273.0,4.0,1.0
WIN-2702,2025-03-02,60,MORNING_06_12,9,6,1,infrastructure,DEPT_WORKS,4,3,0.25,1.33,9.67,0.0967,4,0,1,0.0416,2,0.543,13.029258,80.326143,20.0,213.0,3.3333333333333335,0.2
WIN-2706,2025-03-02,60,MORNING_06_12,9,6,1,other,DEPT_GENERAL,4,3,0.25,1.33,1.65,0.0165,1,0,1,0.0201,2,0.5036,13.110805,80.252723,19.0,169.0,3.1666666666666665,0.2632
WIN-2683,2025-03-02,60,AFTERNOON_12_18,15,6,1,roads,DEPT_ROADS,11,4,0.6364,2.75,52.7,0.527,21,1,2,0.0734,1,0.0587,13.086134,80.207746,58.0,445.0,9.666666666666666,0.1379
WIN-2687,2025-03-02,60,AFTERNOON_12_18,15,6,1,drainage,DEPT_DRAINAGE,9,7,0.2222,1.29,14.17,0.1417,6,3,3,0.3126,3,0.3007,13.037132,80.311145,28.0,320.0,4.666666666666667,0.9286
WIN-2691,2025-03-02,60,AFTERNOON_12_18,15,6,1,garbage,DEPT_SANITATION,10,6,0.4,1.67,34.44,0.3444,14,2,1,0.2457,1,0.0793,13.086482,80.231977,35.0,391.0,5.833333333333333,0.7143
WIN-2695,2025-03-02,60,AFTERNOON_12_18,15,6,1,water,DEPT_WATER,4,2,0.5,2.0,27.04,0.2704,11,1,1,0.1376,1,0.1843,13.096733,80.200895,22.0,221.0,3.6666666666666665,0.0909
WIN-2699,2025-03-02,60,AFTERNOON_12_18,15,6,1,streetlights,DEPT_ELECTRICITY,2,1,0.5,2.0,31.9,0.319,13,0,0,0.0426,0,0.091,13.104784,80.283027,26.0,274.0,4.333333333333333,-0.5385
WIN-2703,2025-03-02,60,AFTERNOON_12_18,15,6,1,infrastructure,DEPT_WORKS,8,4,0.5,2.0,12.93,0.1293,5,1,0,0.1223,5,0.5999,13.038427,80.251,25.0,217.0,4.166666666666667,0.92
WIN-2707,2025-03-02,60,AFTERNOON_12_18,15,6,1,other,DEPT_GENERAL,3,2,0.3333,1.5,19.83,0.1983,8,0,1,0.0081,0,0.1635,13.019574,80.328543,20.0,170.0,3.3333333333333335,-0.1
WIN-2684,2025-03-02,60,EVENING_18_24,21,6,1,roads,DEPT_ROADS,5,3,0.4,1.67,26.45,0.2645,11,1,1,0.2498,3,0.678,13.102159,80.289293,51.0,428.0,8.5,-0.4118
WIN-2688,2025-03-02,60,EVENING_18_24,21,6,1,drainage,DEPT_DRAINAGE,5,2,0.6,2.5,43.56,0.4356,17,1,2,0.1632,1,0.1458,13.032798,80.231051,25.0,311.0,4.166666666666667,0.2
WIN-2692,2025-03-02,60,EVENING_18_24,21,6,1,garbage,DEPT_SANITATION,4,2,0.5,2.0,35.22,0.3522,14,1,0,0.2132,1,0.2046,13.129182,80.322817,28.0,375.0,4.666666666666667,-0.1429
WIN-2696,2025-03-02,60,EVENING_18_24,21,6,1,water,DEPT_WATER,4,2,0.5,2.0,19.27,0.1927,8,0,0,0.1223,0,0.0342,13.065164,80.301265,20.0,211.0,3.3333333333333335,0.2
WIN-2700,2025-03-02,60,EVENING_18_24,21,6,1,streetlights,DEPT_ELECTRICITY,1,1,0.0,1.0,49.32,0.4932,20,0,0,0.1557,0,0.1654,13.133954,80.21635,19.0,265.0,3.1666666666666665,-0.6842
WIN-2704,2025-03-02,60,EVENING_18_24,21,6,1,infrastructure,DEPT_WORKS,3,1,0.6667,3.0,41.27,0.4127,17,0,0,0.0275,1,0.2965,13.116174,80.278657,24.0,207.0,4.0,-0.25
WIN-2708,2025-03-02,60,EVENING_18_24,21,6,1,other,DEPT_GENERAL,2,1,0.5,2.0,19.43,0.1943,8,0,0,0.0747,1,0.2861,13.147234,80.316717,19.0,159.0,3.1666666666666665,-0.3684
WIN-2709,2025-03-03,61,NIGHT_00_06,3,0,0,roads,DEPT_ROADS,5,2,0.6,2.5,19.91,0.1991,8,0,0,0.042,0,0.04,13.105989,80.294965,40.0,415.0,6.666666666666667,-0.25
WIN-2713,2025-03-03,61,NIGHT_00_06,3,0,0,drainage,DEPT_DRAINAGE,2,1,0.5,2.0,13.89,0.1389,6,1,1,0.2945,0,0.1809,13.063854,80.254333,25.0,304.0,4.166666666666667,-0.52
WIN-2717,2025-03-03,61,NIGHT_00_06,3,0,0,garbage,DEPT_SANITATION,5,2,0.6,2.5,18.25,0.1825,7,0,1,0.0468,2,0.356,13.027716,80.275629,28.0,367.0,4.666666666666667,0.0714
WIN-2721,2025-03-03,61,NIGHT_00_06,3,0,0,water,DEPT_WATER,3,1,0.6667,3.0,28.28,0.2828,11,0,1,0.0711,0,0.0189,13.125563,80.211471,17.0,206.0,2.8333333333333335,0.0588
WIN-2725,2025-03-03,61,NIGHT_00_06,3,0,0,streetlights,DEPT_ELECTRICITY,1,1,0.0,1.0,38.9,0.389,16,0,0,0.0232,0,0.0797,13.090706,80.282683,14.0,254.0,2.3333333333333335,-0.5714
WIN-2729,2025-03-03,61,NIGHT_00_06,3,0,0,infrastructure,DEPT_WORKS,2,1,0.5,2.0,23.48,0.2348,9,0,0,0.0973,0,0.0748,13.139321,80.169032,19.0,202.0,3.1666666666666665,-0.3684
WIN-2733,2025-03-03,61,NIGHT_00_06,3,0,0,other,DEPT_GENERAL,1,1,0.0,1.0,30.28,0.3028,12,0,1,0.0606,0,0.1996,13.122254,80.214047,12.0,145.0,2.0,-0.5
WIN-2710,2025-03-03,61,MORNING_06_12,9,0,0,roads,DEPT_ROADS,18,6,0.6667,3.0,41.09,0.4109,16,3,8,0.1592,4,0.203,13.079221,80.342725,50.0,427.0,8.333333333333334,1.16
WIN-2714,2025-03-03,61,MORNING_06_12,9,0,0,drainage,DEPT_DRAINAGE,9,3,0.6667,3.0,11.27,0.1127,5,1,4,0.126,3,0.2981,13.078027,80.290637,30.0,305.0,5.0,0.8
WIN-2718,2025-03-03,61,MORNING_06_12,9,0,0,garbage,DEPT_SANITATION,16,12,0.25,1.33,15.47,0.1547,6,3,2,0.191,6,0.3497,13.016268,80.226888,41.0,377.0,6.833333333333333,1.3415
WIN-2722,2025-03-03,61,MORNING_06_12,9,0,0,water,DEPT_WATER,5,2,0.6,2.5,50.38,0.5038,20,1,1,0.1353,1,0.1349,13.081725,80.279878,21.0,207.0,3.5,0.4286
WIN-2726,2025-03-03,61,MORNING_06_12,9,0,0,streetlights,DEPT_ELECTRICITY,18,11,0.3889,1.64,47.69,0.4769,19,0,7,0.0254,1,0.0814,13.095389,80.227452,30.0,269.0,5.0,2.6
WIN-2730,2025-03-03,61,MORNING_06_12,9,0,0,infrastructure,DEPT_WORKS,6,3,0.5,2.0,27.32,0.2732,11,1,1,0.1645,1,0.2003,13.118167,80.318433,23.0,204.0,3.8333333333333335,0.5652
WIN-2734,2025-03-03,61,MORNING_06_12,9,0,0,other,DEPT_GENERAL,7,3,0.5714,2.33,39.06,0.3906,16,0,1,0.0269,0,0.023,13.07112,80.281435,17.0,148.0,2.8333333333333335,1.4706
WIN-2711,2025-03-03,61,AFTERNOON_12_18,15,0,0,roads,DEPT_ROADS,23,16,0.3043,1.44,33.13,0.3313,13,1,7,0.0435,2,0.092,13.093505,80.325585,68.0,447.0,11.333333333333334,1.0294
WIN-2715,2025-03-03,61,AFTERNOON_12_18,15,0,0,drainage,DEPT_DRAINAGE,12,6,0.5,2.0,67.07,0.6707,27,0,4,0.0207,0,0.0169,13.131794,80.23226,40.0,311.0,6.666666666666667,0.8
WIN-2719,2025-03-03,61,AFTERNOON_12_18,15,0,0,garbage,DEPT_SANITATION,15,11,0.2667,1.36,14.81,0.1481,6,6,8,0.3974,1,0.0681,13.070758,80.301794,55.0,391.0,9.166666666666666,0.6364
WIN-2723,2025-03-03,61,AFTERNOON_12_18,15,0,0,water,DEPT_WATER,8,3,0.625,2.67,15.89,0.1589,6,1,3,0.1816,3,0.3649,13.015195,80.328114,29.0,215.0,4.833333333333333,0.6552
WIN-2727,2025-03-03,61,AFTERNOON_12_18,15,0,0,streetlights,DEPT_ELECTRICITY,12,5,0.5833,2.4,18.72,0.1872,7,0,4,0.0182,3,0.2293,13.114449,80.282894,42.0,281.0,7.0,0.7143
WIN-2731,2025-03-03,61,AFTERNOON_12_18,15,0,0,infrastructure,DEPT_WORKS,4,2,0.5,2.0,31.97,0.3197,13,1,0,0.1453,0,0.0009,13.054586,80.283628,27.0,206.0,4.5,-0.1111
WIN-2735,2025-03-03,61,AFTERNOON_12_18,15,0,0,other,DEPT_GENERAL,4,3,0.25,1.33,9.08,0.0908,4,0,1,0.1145,1,0.2537,13.090517,80.201352,21.0,152.0,3.5,0.1429
WIN-2712,2025-03-03,61,EVENING_18_24,21,0,0,roads,DEPT_ROADS,12,5,0.5833,2.4,30.48,0.3048,12,1,3,0.0829,8,0.6499,13.064344,80.304783,74.0,440.0,12.333333333333334,-0.027
WIN-2716,2025-03-03,61,EVENING_18_24,21,0,0,drainage,DEPT_DRAINAGE,8,3,0.625,2.67,43.16,0.4316,17,1,0,0.1063,5,0.5733,13.116984,80.285795,45.0,305.0,7.5,0.0667
WIN-2720,2025-03-03,61,EVENING_18_24,21,0,0,garbage,DEPT_SANITATION,9,5,0.4444,1.8,29.59,0.2959,12,1,2,0.1238,2,0.1998,13.100322,80.294083,59.0,381.0,9.833333333333334,-0.0847
WIN-2724,2025-03-03,61,EVENING_18_24,21,0,0,water,DEPT_WATER,4,3,0.25,1.33,42.0,0.42,17,0,0,0.0702,1,0.2555,13.131682,80.344127,28.0,208.0,4.666666666666667,-0.1429
WIN-2728,2025-03-03,61,EVENING_18_24,21,0,0,streetlights,DEPT_ELECTRICITY,9,6,0.3333,1.5,28.05,0.2805,11,1,2,0.1604,2,0.2102,13.097984,80.234743,43.0,276.0,7.166666666666667,0.2558
WIN-2732,2025-03-03,61,EVENING_18_24,21,0,0,infrastructure,DEPT_WORKS,5,2,0.6,2.5,20.34,0.2034,8,1,0,0.102,1,0.1285,13.090169,80.231003,28.0,207.0,4.666666666666667,0.0714
WIN-2736,2025-03-03,61,EVENING_18_24,21,0,0,other,DEPT_GENERAL,1,1,0.0,1.0,17.55,0.1755,7,0,0,0.1473,0,0.1547,13.044323,80.272154,18.0,148.0,3.0,-0.6667
WIN-2737,2025-03-04,62,NIGHT_00_06,3,1,0,roads,DEPT_ROADS,3,1,0.6667,3.0,68.32,0.6832,27,0,1,0.0476,0,0.1453,13.032307,80.26523,66.0,427.0,11.0,-0.7273
WIN-2741,2025-03-04,62,NIGHT_00_06,3,1,0,drainage,DEPT_DRAINAGE,5,2,0.6,2.5,25.55,0.2555,10,0,0,0.0756,2,0.3357,13.022156,80.276393,41.0,297.0,6.833333333333333,-0.2683
WIN-2745,2025-03-04,62,NIGHT_00_06,3,1,0,garbage,DEPT_SANITATION,1,1,0.0,1.0,20.96,0.2096,8,0,0,0.1903,0,0.4029,13.054826,80.229871,50.0,371.0,8.333333333333334,-0.88
WIN-2749,2025-03-04,62,NIGHT_00_06,3,1,0,water,DEPT_WATER,3,2,0.3333,1.5,20.16,0.2016,8,0,1,0.0072,0,0.1105,13.085282,80.345919,27.0,205.0,4.5,-0.3333
WIN-2753,2025-03-04,62,NIGHT_00_06,3,1,0,streetlights,DEPT_ELECTRICITY,1,1,0.0,1.0,41.31,0.4131,17,0,0,0.2332,0,0.2294,13.04186,80.257058,42.0,266.0,7.0,-0.8571
WIN-2757,2025-03-04,62,NIGHT_00_06,3,1,0,infrastructure,DEPT_WORKS,2,1,0.5,2.0,31.9,0.319,13,0,0,0.0212,1,0.4726,12.998386,80.315894,22.0,204.0,3.6666666666666665,-0.4545
WIN-2761,2025-03-04,62,NIGHT_00_06,3,1,0,other,DEPT_GENERAL,1,1,0.0,1.0,26.32,0.2632,11,0,0,0.0568,0,0.0383,13.057652,80.273859,16.0,146.0,2.6666666666666665,-0.625
WIN-2738,2025-03-04,62,MORNING_06_12,9,1,0,roads,DEPT_ROADS,16,6,0.625,2.67,15.74,0.1574,6,0,2,0.0243,1,0.0551,13.100535,80.280196,77.0,430.0,12.833333333333334,0.2468
WIN-2742,2025-03-04,62,MORNING_06_12,9,1,0,drainage,DEPT_DRAINAGE,11,5,0.5455,2.2,5.71,0.0571,2,1,2,0.1164,0,0.0106,13.136547,80.27828,47.0,299.0,7.833333333333333,0.4043
WIN-2746,2025-03-04,62,MORNING_06_12,9,1,0,garbage,DEPT_SANITATION,19,9,0.5263,2.11,13.23,0.1323,5,1,10,0.0479,0,0.0152,13.200144,80.12298,65.0,381.0,10.833333333333334,0.7538
WIN-2750,2025-03-04,62,MORNING_06_12,9,1,0,water,DEPT_WATER,7,3,0.5714,2.33,4.09,0.0409,2,0,3,0.0623,0,0.0359,13.118043,80.288767,30.0,206.0,5.0,0.4
WIN-2754,2025-03-04,62,MORNING_06_12,9,1,0,streetlights,DEPT_ELECTRICITY,6,4,0.3333,1.5,47.51,0.4751,19,1,3,0.1335,0,0.0653,13.129549,80.244174,47.0,265.0,7.833333333333333,-0.234
WIN-2758,2025-03-04,62,MORNING_06_12,9,1,0,infrastructure,DEPT_WORKS,8,6,0.25,1.33,67.43,0.6743,27,0,1,0.0282,4,0.4388,13.109215,80.281447,27.0,206.0,4.5,0.7778
WIN-2762,2025-03-04,62,MORNING_06_12,9,1,0,other,DEPT_GENERAL,5,2,0.6,2.5,19.92,0.1992,8,0,2,0.0026,0,0.0573,13.020774,80.372155,19.0,147.0,3.1666666666666665,0.5789
WIN-2739,2025-03-04,62,AFTERNOON_12_18,15,1,0,roads,DEPT_ROADS,13,8,0.3846,1.62,26.68,0.2668,11,2,5,0.1828,3,0.2475,13.102308,80.262221,85.0,440.0,14.166666666666666,-0.0824
WIN-2743,2025-03-04,62,AFTERNOON_12_18,15,1,0,drainage,DEPT_DRAINAGE,12,5,0.5833,2.4,24.89,0.2489,10,0,5,0.0032,1,0.0636,13.103298,80.314071,57.0,310.0,9.5,0.2632
WIN-2747,2025-03-04,62,AFTERNOON_12_18,15,1,0,garbage,DEPT_SANITATION,14,6,0.5714,2.33,65.53,0.6553,26,1,2,0.0924,6,0.4164,13.097536,80.266926,74.0,387.0,12.333333333333334,0.1351
WIN-2751,2025-03-04,62,AFTERNOON_12_18,15,1,0,water,DEPT_WATER,9,3,0.6667,3.0,66.01,0.6601,26,1,1,0.0925,1,0.0749,13.103816,80.152853,36.0,214.0,6.0,0.5
WIN-2755,2025-03-04,62,AFTERNOON_12_18,15,1,0,streetlights,DEPT_ELECTRICITY,7,3,0.5714,2.33,4.03,0.0403,2,3,3,0.4072,1,0.0817,13.004862,80.217318,53.0,270.0,8.833333333333334,-0.2075
WIN-2759,2025-03-04,62,AFTERNOON_12_18,15,1,0,infrastructure,DEPT_WORKS,4,2,0.5,2.0,19.83,0.1983,8,0,1,0.0534,1,0.1579,13.097793,80.300853,29.0,208.0,4.833333333333333,-0.1724
WIN-2763,2025-03-04,62,AFTERNOON_12_18,15,1,0,other,DEPT_GENERAL,4,2,0.5,2.0,45.65,0.4565,18,0,1,0.073,1,0.178,13.092505,80.293387,22.0,149.0,3.6666666666666665,0.0909
WIN-2740,2025-03-04,62,EVENING_18_24,21,1,0,roads,DEPT_ROADS,12,5,0.5833,2.4,11.63,0.1163,5,5,5,0.4165,8,0.671,13.150637,80.31169,79.0,444.0,13.166666666666666,-0.0886
WIN-2744,2025-03-04,62,EVENING_18_24,21,1,0,drainage,DEPT_DRAINAGE,6,3,0.5,2.0,24.45,0.2445,10,1,1,0.1504,2,0.3114,13.045043,80.219835,54.0,309.0,9.0,-0.3333
WIN-2748,2025-03-04,62,EVENING_18_24,21,1,0,garbage,DEPT_SANITATION,8,5,0.375,1.6,40.77,0.4077,16,0,2,0.0434,1,0.087,13.057351,80.391875,66.0,385.0,11.0,-0.2727
WIN-2752,2025-03-04,62,EVENING_18_24,21,1,0,water,DEPT_WATER,9,3,0.6667,3.0,25.09,0.2509,10,3,1,0.3244,1,0.0765,13.093496,80.292135,40.0,219.0,6.666666666666667,0.35
WIN-2756,2025-03-04,62,EVENING_18_24,21,1,0,streetlights,DEPT_ELECTRICITY,5,4,0.2,1.25,10.27,0.1027,4,0,1,0.0119,1,0.2888,13.126909,80.298743,40.0,270.0,6.666666666666667,-0.25
WIN-2760,2025-03-04,62,EVENING_18_24,21,1,0,infrastructure,DEPT_WORKS,2,1,0.5,2.0,17.87,0.1787,7,0,1,0.0956,1,0.409,13.125933,80.200172,25.0,204.0,4.166666666666667,-0.52
WIN-2764,2025-03-04,62,EVENING_18_24,21,1,0,other,DEPT_GENERAL,6,4,0.3333,1.5,44.53,0.4453,18,1,1,0.0914,1,0.1503,13.104421,80.282301,21.0,152.0,3.5,0.7143
WIN-2765,2025-03-05,63,NIGHT_00_06,3,2,0,roads,DEPT_ROADS,4,2,0.5,2.0,13.45,0.1345,5,0,2,0.0388,0,0.0577,13.078598,80.292059,60.0,439.0,10.0,-0.6
WIN-2769,2025-03-05,63,NIGHT_00_06,3,2,0,drainage,DEPT_DRAINAGE,4,2,0.5,2.0,20.74,0.2074,8,0,2,0.015,0,0.0184,12.94814,80.274614,46.0,309.0,7.666666666666667,-0.4783
WIN-2773,2025-03-05,63,NIGHT_00_06,3,2,0,garbage,DEPT_SANITATION,2,1,0.5,2.0,7.11,0.0711,3,0,1,0.1927,0,0.0685,13.149974,80.29956,53.0,381.0,8.833333333333334,-0.7736
WIN-2777,2025-03-05,63,NIGHT_00_06,3,2,0,water,DEPT_WATER,1,1,0.0,1.0,32.88,0.3288,13,0,0,0.1823,0,0.0837,13.052646,80.302251,33.0,216.0,5.5,-0.8182
WIN-2781,2025-03-05,63,NIGHT_00_06,3,2,0,streetlights,DEPT_ELECTRICITY,1,1,0.0,1.0,7.34,0.0734,3,0,0,0.0432,0,0.0784,13.095245,80.324193,29.0,265.0,4.833333333333333,-0.7931
WIN-2785,2025-03-05,63,NIGHT_00_06,3,2,0,infrastructure,DEPT_WORKS,5,3,0.4,1.67,20.84,0.2084,8,0,1,0.0164,0,0.0183,13.076207,80.371789,26.0,201.0,4.333333333333333,0.1538
WIN-2789,2025-03-05,63,NIGHT_00_06,3,2,0,other,DEPT_GENERAL,2,1,0.5,2.0,48.87,0.4887,20,0,0,0.1412,0,0.0891,13.027669,80.282941,19.0,151.0,3.1666666666666665,-0.3684
WIN-2766,2025-03-05,63,MORNING_06_12,9,2,0,roads,DEPT_ROADS,12,5,0.5833,2.4,13.75,0.1375,6,1,2,0.0427,3,0.2325,13.123764,80.287064,60.0,447.0,10.0,0.2
WIN-2770,2025-03-05,63,MORNING_06_12,9,2,0,drainage,DEPT_DRAINAGE,10,7,0.3,1.43,37.3,0.373,15,2,2,0.2365,2,0.1989,13.07233,80.378504,48.0,315.0,8.0,0.25
WIN-2774,2025-03-05,63,MORNING_06_12,9,2,0,garbage,DEPT_SANITATION,15,12,0.2,1.25,53.99,0.5399,22,2,5,0.1091,1,0.0925,13.076827,80.281746,59.0,392.0,9.833333333333334,0.5254
WIN-2778,2025-03-05,63,MORNING_06_12,9,2,0,water,DEPT_WATER,2,1,0.5,2.0,11.23,0.1123,4,0,1,0.109,1,0.3494,12.955441,80.26103,31.0,217.0,5.166666666666667,-0.6129
WIN-2782,2025-03-05,63,MORNING_06_12,9,2,0,streetlights,DEPT_ELECTRICITY,7,4,0.4286,1.75,33.83,0.3383,14,1,3,0.1869,2,0.2586,13.040722,80.2645,27.0,269.0,4.5,0.5556
WIN-2786,2025-03-05,63,MORNING_06_12,9,2,0,infrastructure,DEPT_WORKS,4,2,0.5,2.0,50.44,0.5044,20,0,1,0.1137,0,0.0955,13.049931,80.232983,25.0,203.0,4.166666666666667,-0.04
WIN-2790,2025-03-05,63,MORNING_06_12,9,2,0,other,DEPT_GENERAL,3,2,0.3333,1.5,10.79,0.1079,4,0,2,0.104,0,0.0101,13.051367,80.307223,21.0,153.0,3.5,-0.1429
WIN-2767,2025-03-05,63,AFTERNOON_12_18,15,2,0,roads,DEPT_ROADS,22,14,0.3636,1.57,48.62,0.4862,19,0,9,0.0023,1,0.0679,13.122185,80.248407,79.0,466.0,13.166666666666666,0.6709
WIN-2771,2025-03-05,63,AFTERNOON_12_18,15,2,0,drainage,DEPT_DRAINAGE,19,11,0.4211,1.73,16.73,0.1673,7,4,3,0.2204,3,0.1324,13.055937,80.274983,62.0,333.0,10.333333333333334,0.8387
WIN-2775,2025-03-05,63,AFTERNOON_12_18,15,2,0,garbage,DEPT_SANITATION,14,9,0.3571,1.56,11.64,0.1164,5,4,9,0.3027,2,0.1399,13.071845,80.311917,72.0,404.0,12.0,0.1667
WIN-2779,2025-03-05,63,AFTERNOON_12_18,15,2,0,water,DEPT_WATER,8,4,0.5,2.0,39.41,0.3941,16,0,3,0.0373,0,0.017,13.092194,80.253631,36.0,224.0,6.0,0.3333
WIN-2783,2025-03-05,63,AFTERNOON_12_18,15,2,0,streetlights,DEPT_ELECTRICITY,7,3,0.5714,2.33,39.67,0.3967,16,1,1,0.1742,0,0.0603,13.069252,80.265899,33.0,274.0,5.5,0.2727
WIN-2787,2025-03-05,63,AFTERNOON_12_18,15,2,0,infrastructure,DEPT_WORKS,6,5,0.1667,1.2,53.48,0.5348,21,2,3,0.4152,2,0.3407,13.130441,80.236699,29.0,208.0,4.833333333333333,0.2414
WIN-2791,2025-03-05,63,AFTERNOON_12_18,15,2,0,other,DEPT_GENERAL,3,2,0.3333,1.5,2.7,0.027,1,0,1,0.0141,0,0.1403,13.062686,80.268509,23.0,156.0,3.8333333333333335,-0.2174
WIN-2768,2025-03-05,63,EVENING_18_24,21,2,0,roads,DEPT_ROADS,8,5,0.375,1.6,21.62,0.2162,9,1,0,0.1137,5,0.6224,13.074647,80.276811,71.0,467.0,11.833333333333334,-0.3239
WIN-2772,2025-03-05,63,EVENING_18_24,21,2,0,drainage,DEPT_DRAINAGE,8,4,0.5,2.0,25.87,0.2587,10,1,2,0.0711,4,0.5362,12.948965,80.334044,59.0,335.0,9.833333333333334,-0.1864
WIN-2776,2025-03-05,63,EVENING_18_24,21,2,0,garbage,DEPT_SANITATION,7,3,0.5714,2.33,30.92,0.3092,12,0,3,0.0335,5,0.6455,13.065043,80.258177,60.0,398.0,10.0,-0.3
WIN-2780,2025-03-05,63,EVENING_18_24,21,2,0,water,DEPT_WATER,2,1,0.5,2.0,50.6,0.506,20,0,0,0.0118,0,0.2489,13.098921,80.254087,31.0,219.0,5.166666666666667,-0.6129
WIN-2784,2025-03-05,63,EVENING_18_24,21,2,0,streetlights,DEPT_ELECTRICITY,6,4,0.3333,1.5,22.94,0.2294,9,0,1,0.0024,2,0.3038,13.152385,80.264301,33.0,273.0,5.5,0.0909
WIN-2788,2025-03-05,63,EVENING_18_24,21,2,0,infrastructure,DEPT_WORKS,6,3,0.5,2.0,20.19,0.2019,8,1,4,0.1133,1,0.093,13.054187,80.3507,27.0,211.0,4.5,0.3333
WIN-2792,2025-03-05,63,EVENING_18_24,21,2,0,other,DEPT_GENERAL,4,2,0.5,2.0,13.06,0.1306,5,0,1,0.0841,0,0.1057,13.11661,80.313288,22.0,159.0,3.6666666666666665,0.0909
WIN-2793,2025-03-06,64,NIGHT_00_06,3,3,0,roads,DEPT_ROADS,2,1,0.5,2.0,20.4,0.204,8,0,0,0.0023,0,0.026,13.119635,80.215309,60.0,463.0,10.0,-0.8
WIN-2797,2025-03-06,64,NIGHT_00_06,3,3,0,drainage,DEPT_DRAINAGE,0,0,0.0,1.0,15.03,0.1503,6,0,0,0.0,0,0.0,13.064553,80.237018,47.0,328.0,7.833333333333333,-1.0
WIN-2801,2025-03-06,64,NIGHT_00_06,3,3,0,garbage,DEPT_SANITATION,3,2,0.3333,1.5,35.42,0.3542,14,1,1,0.2251,1,0.2774,13.140157,80.262376,49.0,391.0,8.166666666666666,-0.6327
WIN-2805,2025-03-06,64,NIGHT_00_06,3,3,0,water,DEPT_WATER,2,1,0.5,2.0,33.46,0.3346,13,1,1,0.3599,1,0.3154,13.067283,80.220469,24.0,216.0,4.0,-0.5
WIN-2809,2025-03-06,64,NIGHT_00_06,3,3,0,streetlights,DEPT_ELECTRICITY,2,1,0.5,2.0,39.01,0.3901,16,0,0,0.044,0,0.1038,13.062328,80.260634,28.0,270.0,4.666666666666667,-0.5714
WIN-2813,2025-03-06,64,NIGHT_00_06,3,3,0,infrastructure,DEPT_WORKS,1,1,0.0,1.0,56.08,0.5608,22,0,0,0.2095,0,0.0976,13.058936,80.313697,24.0,208.0,4.0,-0.75
WIN-2817,2025-03-06,64,NIGHT_00_06,3,3,0,other,DEPT_GENERAL,1,1,0.0,1.0,19.24,0.1924,8,0,1,0.1149,0,0.1805,13.069571,80.285833,19.0,155.0,3.1666666666666665,-0.6842
WIN-2794,2025-03-06,64,MORNING_06_12,9,3,0,roads,DEPT_ROADS,17,10,0.4118,1.7,27.55,0.2755,11,2,2,0.1199,0,0.0205,13.197115,80.264459,65.0,477.0,10.833333333333334,0.5692
WIN-2798,2025-03-06,64,MORNING_06_12,9,3,0,drainage,DEPT_DRAINAGE,12,6,0.5,2.0,38.96,0.3896,16,0,5,0.0038,1,0.0549,13.049978,80.370707,53.0,339.0,8.833333333333334,0.3585
WIN-2802,2025-03-06,64,MORNING_06_12,9,3,0,garbage,DEPT_SANITATION,15,7,0.5333,2.14,21.63,0.2163,9,1,3,0.0563,2,0.1063,13.0392,80.283584,56.0,400.0,9.333333333333334,0.6071
WIN-2806,2025-03-06,64,MORNING_06_12,9,3,0,water,DEPT_WATER,12,5,0.5833,2.4,13.99,0.1399,6,0,8,0.0375,2,0.1735,13.01462,80.351399,27.0,226.0,4.5,1.6667
WIN-2810,2025-03-06,64,MORNING_06_12,9,3,0,streetlights,DEPT_ELECTRICITY,9,4,0.5556,2.25,20.49,0.2049,8,0,2,0.0327,1,0.0641,13.067161,80.240539,32.0,275.0,5.333333333333333,0.6875
WIN-2814,2025-03-06,64,MORNING_06_12,9,3,0,infrastructure,DEPT_WORKS,9,6,0.3333,1.5,7.73,0.0773,3,2,1,0.2563,1,0.1247,13.09122,80.195018,31.0,211.0,5.166666666666667,0.7419
WIN-2818,2025-03-06,64,MORNING_06_12,9,3,0,other,DEPT_GENERAL,8,5,0.375,1.6,39.77,0.3977,16,0,2,0.0049,1,0.0714,13.155095,80.244119,21.0,162.0,3.5,1.2857
WIN-2795,2025-03-06,64,AFTERNOON_12_18,15,3,0,roads,DEPT_ROADS,7,3,0.5714,2.33,8.14,0.0814,3,0,1,0.0057,5,0.6432,13.00771,80.324931,68.0,480.0,11.333333333333334,-0.3824
WIN-2799,2025-03-06,64,AFTERNOON_12_18,15,3,0,drainage,DEPT_DRAINAGE,14,9,0.3571,1.56,17.97,0.1797,7,0,7,0.0028,1,0.0871,13.050359,80.22479,63.0,350.0,10.5,0.3333
WIN-2803,2025-03-06,64,AFTERNOON_12_18,15,3,0,garbage,DEPT_SANITATION,10,5,0.5,2.0,32.03,0.3203,13,1,1,0.0739,2,0.1724,13.136212,80.336192,64.0,407.0,10.666666666666666,-0.0625
WIN-2807,2025-03-06,64,AFTERNOON_12_18,15,3,0,water,DEPT_WATER,9,4,0.5556,2.25,19.59,0.1959,8,1,2,0.0862,1,0.1383,13.052473,80.257252,35.0,235.0,5.833333333333333,0.5429
WIN-2811,2025-03-06,64,AFTERNOON_12_18,15,3,0,streetlights,DEPT_ELECTRICITY,5,3,0.4,1.67,14.28,0.1428,6,1,1,0.1769,1,0.292,13.131765,80.275155,36.0,277.0,6.0,-0.1667
WIN-2815,2025-03-06,64,AFTERNOON_12_18,15,3,0,infrastructure,DEPT_WORKS,7,5,0.2857,1.4,35.26,0.3526,14,1,2,0.172,1,0.1301,13.16513,80.272126,33.0,216.0,5.5,0.2727
WIN-2819,2025-03-06,64,AFTERNOON_12_18,15,3,0,other,DEPT_GENERAL,5,3,0.4,1.67,19.57,0.1957,8,0,0,0.0295,0,0.0937,13.128126,80.331458,24.0,167.0,4.0,0.25
WIN-2796,2025-03-06,64,EVENING_18_24,21,3,0,roads,DEPT_ROADS,12,4,0.6667,3.0,60.58,0.6058,24,1,1,0.0564,4,0.3634,13.0593,80.344698,68.0,471.0,11.333333333333334,0.0588
WIN-2800,2025-03-06,64,EVENING_18_24,21,3,0,drainage,DEPT_DRAINAGE,7,4,0.4286,1.75,47.54,0.4754,19,0,1,0.0537,3,0.365,13.036251,80.31518,60.0,341.0,10.0,-0.3
WIN-2804,2025-03-06,64,EVENING_18_24,21,3,0,garbage,DEPT_SANITATION,10,8,0.2,1.25,34.97,0.3497,14,3,1,0.2519,4,0.4374,13.006828,80.320488,59.0,396.0,9.833333333333334,0.0169
WIN-2808,2025-03-06,64,EVENING_18_24,21,3,0,water,DEPT_WATER,7,5,0.2857,1.4,48.59,0.4859,19,0,2,0.009,1,0.087,13.096156,80.248276,40.0,232.0,6.666666666666667,0.05
WIN-2812,2025-03-06,64,EVENING_18_24,21,3,0,streetlights,DEPT_ELECTRICITY,3,1,0.6667,3.0,9.45,0.0945,4,0,1,0.1635,1,0.2929,13.092754,80.211098,32.0,268.0,5.333333333333333,-0.4375
WIN-2816,2025-03-06,64,EVENING_18_24,21,3,0,infrastructure,DEPT_WORKS,2,1,0.5,2.0,19.2,0.192,8,0,1,0.0027,1,0.303,12.964673,80.29666,31.0,202.0,5.166666666666667,-0.6129
WIN-2820,2025-03-06,64,EVENING_18_24,21,3,0,other,DEPT_GENERAL,0,0,0.0,1.0,33.56,0.3356,13,0,0,0.0,0,0.0,13.008759,80.336202,21.0,158.0,3.5,-1.0
WIN-2821,2025-03-07,65,NIGHT_00_06,3,4,0,roads,DEPT_ROADS,2,1,0.5,2.0,62.78,0.6278,25,0,1,0.0636,0,0.0817,13.099305,80.264125,48.0,456.0,8.0,-0.75
WIN-2825,2025-03-07,65,NIGHT_00_06,3,4,0,drainage,DEPT_DRAINAGE,2,1,0.5,2.0,39.39,0.3939,16,0,1,0.0288,0,0.0482,13.124207,80.29802,43.0,327.0,7.166666666666667,-0.7209
WIN-2829,2025-03-07,65,NIGHT_00_06,3,4,0,garbage,DEPT_SANITATION,1,1,0.0,1.0,17.57,0.1757,7,0,0,0.0139,0,0.1431,13.107033,80.343423,46.0,385.0,7.666666666666667,-0.8696
WIN-2833,2025-03-07,65,NIGHT_00_06,3,4,0,water,DEPT_WATER,3,1,0.6667,3.0,23.89,0.2389,10,0,1,0.0687,1,0.1836,13.134832,80.240743,35.0,227.0,5.833333333333333,-0.4857
WIN-2837,2025-03-07,65,NIGHT_00_06,3,4,0,streetlights,DEPT_ELECTRICITY,1,1,0.0,1.0,23.82,0.2382,10,0,1,0.122,0,0.4822,13.116004,80.203029,26.0,259.0,4.333333333333333,-0.7692
WIN-2841,2025-03-07,65,NIGHT_00_06,3,4,0,infrastructure,DEPT_WORKS,1,1,0.0,1.0,38.3,0.383,15,0,0,0.0211,0,0.2565,13.081218,80.221916,26.0,197.0,4.333333333333333,-0.7692
WIN-2845,2025-03-07,65,NIGHT_00_06,3,4,0,other,DEPT_GENERAL,1,1,0.0,1.0,46.29,0.4629,19,0,0,0.0215,1,0.6237,13.071221,80.207334,19.0,148.0,3.1666666666666665,-0.6842
WIN-2822,2025-03-07,65,MORNING_06_12,9,4,0,roads,DEPT_ROADS,21,17,0.1905,1.24,12.68,0.1268,5,3,7,0.1448,1,0.0487,13.107259,80.231675,61.0,466.0,10.166666666666666,1.0656
WIN-2826,2025-03-07,65,MORNING_06_12,9,4,0,drainage,DEPT_DRAINAGE,9,4,0.5556,2.25,12.87,0.1287,5,0,3,0.0121,4,0.3925,13.001802,80.229052,44.0,327.0,7.333333333333333,0.2273
WIN-2830,2025-03-07,65,MORNING_06_12,9,4,0,garbage,DEPT_SANITATION,15,8,0.4667,1.88,12.62,0.1262,5,4,1,0.2871,1,0.0598,13.111477,80.247101,54.0,390.0,9.0,0.6667
WIN-2834,2025-03-07,65,MORNING_06_12,9,4,0,water,DEPT_WATER,15,6,0.6,2.5,34.88,0.3488,14,4,3,0.2886,1,0.0873,13.039948,80.155307,48.0,234.0,8.0,0.875
WIN-2838,2025-03-07,65,MORNING_06_12,9,4,0,streetlights,DEPT_ELECTRICITY,11,5,0.5455,2.2,21.11,0.2111,8,2,2,0.1756,1,0.0583,13.074833,80.232274,31.0,262.0,5.166666666666667,1.129
WIN-2842,2025-03-07,65,MORNING_06_12,9,4,0,infrastructure,DEPT_WORKS,11,5,0.5455,2.2,20.81,0.2081,8,1,1,0.0987,4,0.3205,13.06948,80.268421,31.0,204.0,5.166666666666667,1.129
WIN-2846,2025-03-07,65,MORNING_06_12,9,4,0,other,DEPT_GENERAL,5,2,0.6,2.5,33.91,0.3391,14,1,3,0.2145,0,0.078,13.074304,80.246016,20.0,151.0,3.3333333333333335,0.5
WIN-2823,2025-03-07,65,AFTERNOON_12_18,15,4,0,roads,DEPT_ROADS,14,5,0.6429,2.8,22.77,0.2277,9,2,1,0.1395,1,0.1028,13.085564,80.218372,73.0,475.0,12.166666666666666,0.1507
WIN-2827,2025-03-07,65,AFTERNOON_12_18,15,4,0,drainage,DEPT_DRAINAGE,9,4,0.5556,2.25,58.83,0.5883,24,1,1,0.1419,1,0.1361,13.109281,80.292139,53.0,333.0,8.833333333333334,0.0189
WIN-2831,2025-03-07,65,AFTERNOON_12_18,15,4,0,garbage,DEPT_SANITATION,13,8,0.3846,1.62,40.9,0.409,16,2,4,0.1329,2,0.1386,13.06657,80.276958,64.0,403.0,10.666666666666666,0.2188
WIN-2835,2025-03-07,65,AFTERNOON_12_18,15,4,0,water,DEPT_WATER,9,7,0.2222,1.29,11.02,0.1102,4,1,5,0.1202,2,0.2749,12.982664,80.232208,55.0,240.0,9.166666666666666,-0.0182
WIN-2839,2025-03-07,65,AFTERNOON_12_18,15,4,0,streetlights,DEPT_ELECTRICITY,8,6,0.25,1.33,14.0,0.14,6,1,4,0.0859,3,0.4335,13.098588,80.277307,37.0,267.0,6.166666666666667,0.2973
WIN-2843,2025-03-07,65,AFTERNOON_12_18,15,4,0,infrastructure,DEPT_WORKS,6,3,0.5,2.0,21.08,0.2108,8,0,1,0.0311,1,0.2346,13.067179,80.308875,36.0,208.0,6.0,0.0
WIN-2847,2025-03-07,65,AFTERNOON_12_18,15,4,0,other,DEPT_GENERAL,10,4,0.6,2.5,17.71,0.1771,7,1,7,0.0581,1,0.0688,13.099367,80.30518,29.0,159.0,4.833333333333333,1.069
WIN-2824,2025-03-07,65,EVENING_18_24,21,4,0,roads,DEPT_ROADS,13,6,0.5385,2.17,26.55,0.2655,11,0,2,0.0112,1,0.0454,13.103798,80.286081,69.0,456.0,11.5,0.1304
WIN-2828,2025-03-07,65,EVENING_18_24,21,4,0,drainage,DEPT_DRAINAGE,14,9,0.3571,1.56,38.08,0.3808,15,2,8,0.1347,10,0.6924,13.084956,80.182457,55.0,327.0,9.166666666666666,0.5273
WIN-2832,2025-03-07,65,EVENING_18_24,21,4,0,garbage,DEPT_SANITATION,9,4,0.5556,2.25,50.34,0.5034,20,2,2,0.1963,2,0.1683,13.117596,80.20016,58.0,401.0,9.666666666666666,-0.069
WIN-2836,2025-03-07,65,EVENING_18_24,21,4,0,water,DEPT_WATER,8,5,0.375,1.6,11.38,0.1138,5,1,1,0.1123,2,0.2494,13.078656,80.289322,51.0,238.0,8.5,-0.0588
WIN-2840,2025-03-07,65,EVENING_18_24,21,4,0,streetlights,DEPT_ELECTRICITY,5,3,0.4,1.67,18.53,0.1853,7,1,1,0.227,2,0.4348,13.074186,80.24632,33.0,259.0,5.5,-0.0909
WIN-2844,2025-03-07,65,EVENING_18_24,21,4,0,infrastructure,DEPT_WORKS,3,2,0.3333,1.5,43.09,0.4309,17,0,1,0.1044,0,0.1142,13.08849,80.294017,30.0,200.0,5.0,-0.4
WIN-2848,2025-03-07,65,EVENING_18_24,21,4,0,other,DEPT_GENERAL,5,2,0.6,2.5,51.37,0.5137,21,0,1,0.0099,1,0.1817,13.074139,80.286558,26.0,158.0,4.333333333333333,0.1538
WIN-2849,2025-03-08,66,NIGHT_00_06,3,5,1,roads,DEPT_ROADS,2,1,0.5,2.0,22.74,0.2274,9,0,1,0.0148,1,0.4737,13.031079,80.292379,64.0,451.0,10.666666666666666,-0.8125
WIN-2853,2025-03-08,66,NIGHT_00_06,3,5,1,drainage,DEPT_DRAINAGE,0,0,0.0,1.0,30.18,0.3018,12,0,0,0.0,0,0.0,13.065581,80.228796,41.0,312.0,6.833333333333333,-1.0
WIN-2857,2025-03-08,66,NIGHT_00_06,3,5,1,garbage,DEPT_SANITATION,1,1,0.0,1.0,25.79,0.2579,10,0,0,0.048,1,0.6751,13.136893,80.226235,49.0,385.0,8.166666666666666,-0.8776
WIN-2861,2025-03-08,66,NIGHT_00_06,3,5,1,water,DEPT_WATER,0,0,0.0,1.0,29.83,0.2983,12,0,0,0.0,0,0.0,13.044386,80.323532,42.0,232.0,7.0,-1.0
WIN-2865,2025-03-08,66,NIGHT_00_06,3,5,1,streetlights,DEPT_ELECTRICITY,0,0,0.0,1.0,50.66,0.5066,20,0,0,0.0,0,0.0,13.096829,80.315804,28.0,250.0,4.666666666666667,-1.0
WIN-2869,2025-03-08,66,NIGHT_00_06,3,5,1,infrastructure,DEPT_WORKS,0,0,0.0,1.0,1.78,0.0178,1,0,0,0.0,0,0.0,13.133536,80.200352,23.0,191.0,3.8333333333333335,-1.0
WIN-2873,2025-03-08,66,NIGHT_00_06,3,5,1,other,DEPT_GENERAL,3,2,0.3333,1.5,16.87,0.1687,7,1,0,0.2179,1,0.4791,13.061937,80.279444,24.0,157.0,4.0,-0.25
WIN-2850,2025-03-08,66,MORNING_06_12,9,5,1,roads,DEPT_ROADS,11,8,0.2727,1.38,7.68,0.0768,3,2,2,0.1546,1,0.1125,13.088354,80.289064,63.0,443.0,10.5,0.0476
WIN-2854,2025-03-08,66,MORNING_06_12,9,5,1,drainage,DEPT_DRAINAGE,9,4,0.5556,2.25,53.32,0.5332,21,3,0,0.3633,1,0.0588,13.148531,80.210073,43.0,315.0,7.166666666666667,0.2558
WIN-2858,2025-03-08,66,MORNING_06_12,9,5,1,garbage,DEPT_SANITATION,9,4,0.5556,2.25,49.84,0.4984,20,1,5,0.0627,4,0.4081,13.083364,80.288563,48.0,386.0,8.0,0.125
WIN-2862,2025-03-08,66,MORNING_06_12,9,5,1,water,DEPT_WATER,8,4,0.5,2.0,4.46,0.0446,2,0,2,0.0018,3,0.4231,13.021576,80.169661,43.0,236.0,7.166666666666667,0.1163
WIN-2866,2025-03-08,66,MORNING_06_12,9,5,1,streetlights,DEPT_ELECTRICITY,6,3,0.5,2.0,32.86,0.3286,13,1,2,0.1633,1,0.1014,13.00099,80.282359,31.0,250.0,5.166666666666667,0.1613
WIN-2870,2025-03-08,66,MORNING_06_12,9,5,1,infrastructure,DEPT_WORKS,2,1,0.5,2.0,50.15,0.5015,20,0,1,0.0866,1,0.665,13.071832,80.33229,23.0,187.0,3.8333333333333335,-0.4783
WIN-2874,2025-03-08,66,MORNING_06_12,9,5,1,other,DEPT_GENERAL,1,1,0.0,1.0,27.36,0.2736,11,0,0,0.0005,0,0.1227,13.115298,80.344715,25.0,158.0,4.166666666666667,-0.76
WIN-2851,2025-03-08,66,AFTERNOON_12_18,15,5,1,roads,DEPT_ROADS,13,5,0.6154,2.6,14.91,0.1491,6,2,2,0.124,1,0.0682,13.017577,80.280392,74.0,454.0,12.333333333333334,0.0541
WIN-2855,2025-03-08,66,AFTERNOON_12_18,15,5,1,drainage,DEPT_DRAINAGE,7,3,0.5714,2.33,24.6,0.246,10,0,3,0.0347,5,0.7521,13.019097,80.31867,48.0,321.0,8.0,-0.125
WIN-2859,2025-03-08,66,AFTERNOON_12_18,15,5,1,garbage,DEPT_SANITATION,8,3,0.625,2.67,30.13,0.3013,12,1,2,0.158,2,0.2664,13.078087,80.268388,55.0,392.0,9.166666666666666,-0.1273
WIN-2863,2025-03-08,66,AFTERNOON_12_18,15,5,1,water,DEPT_WATER,8,3,0.625,2.67,11.06,0.1106,4,1,5,0.102,4,0.4547,13.085799,80.255283,48.0,244.0,8.0,0.0
WIN-2867,2025-03-08,66,AFTERNOON_12_18,15,5,1,streetlights,DEPT_ELECTRICITY,8,3,0.625,2.67,72.74,0.7274,29,1,1,0.0641,5,0.5668,13.150915,80.210684,38.0,255.0,6.333333333333333,0.2632
WIN-2871,2025-03-08,66,AFTERNOON_12_18,15,5,1,infrastructure,DEPT_WORKS,5,3,0.4,1.67,9.89,0.0989,4,1,0,0.1415,1,0.1757,13.011178,80.25847,27.0,189.0,4.5,0.1111
WIN-2875,2025-03-08,66,AFTERNOON_12_18,15,5,1,other,DEPT_GENERAL,3,2,0.3333,1.5,24.86,0.2486,10,0,1,0.0767,1,0.2826,13.032134,80.235241,27.0,158.0,4.5,-0.3333
WIN-2852,2025-03-08,66,EVENING_18_24,21,5,1,roads,DEPT_ROADS,3,1,0.6667,3.0,41.06,0.4106,16,1,0,0.1951,1,0.2605,13.120582,80.267667,56.0,444.0,9.333333333333334,-0.6786
WIN-2856,2025-03-08,66,EVENING_18_24,21,5,1,drainage,DEPT_DRAINAGE,4,3,0.25,1.33,40.27,0.4027,16,0,0,0.0364,2,0.3908,12.994305,80.387558,43.0,314.0,7.166666666666667,-0.4419
WIN-2860,2025-03-08,66,EVENING_18_24,21,5,1,garbage,DEPT_SANITATION,3,2,0.3333,1.5,15.56,0.1556,6,0,2,0.004,1,0.444,13.033265,80.298109,43.0,376.0,7.166666666666667,-0.5814
WIN-2864,2025-03-08,66,EVENING_18_24,21,5,1,water,DEPT_WATER,2,1,0.5,2.0,13.35,0.1335,5,0,0,0.0825,0,0.193,13.047013,80.31126,35.0,234.0,5.833333333333333,-0.6571
WIN-2868,2025-03-08,66,EVENING_18_24,21,5,1,streetlights,DEPT_ELECTRICITY,4,3,0.25,1.33,57.69,0.5769,23,0,3,0.0072,3,0.6437,13.094464,80.295488,31.0,243.0,5.166666666666667,-0.2258
WIN-2872,2025-03-08,66,EVENING_18_24,21,5,1,infrastructure,DEPT_WORKS,3,1,0.6667,3.0,31.14,0.3114,12,0,1,0.0354,1,0.4183,13.026983,80.268513,19.0,185.0,3.1666666666666665,-0.0526
WIN-2876,2025-03-08,66,EVENING_18_24,21,5,1,other,DEPT_GENERAL,0,0,0.0,1.0,9.48,0.0948,4,0,0,0.0,0,0.0,12.961863,80.331816,22.0,149.0,3.6666666666666665,-1.0
WIN-2877,2025-03-09,67,NIGHT_00_06,3,6,1,roads,DEPT_ROADS,1,1,0.0,1.0,13.08,0.1308,5,0,0,0.1144,0,0.0735,13.103819,80.338102,43.0,430.0,7.166666666666667,-0.8605
WIN-2881,2025-03-09,67,NIGHT_00_06,3,6,1,drainage,DEPT_DRAINAGE,2,1,0.5,2.0,20.94,0.2094,8,0,0,0.104,0,0.1267,13.056028,80.23746,36.0,301.0,6.0,-0.6667
WIN-2885,2025-03-09,67,NIGHT_00_06,3,6,1,garbage,DEPT_SANITATION,3,2,0.3333,1.5,19.91,0.1991,8,0,1,0.1342,1,0.2087,13.089432,80.325587,33.0,365.0,5.5,-0.4545
WIN-2889,2025-03-09,67,NIGHT_00_06,3,6,1,water,DEPT_WATER,0,0,0.0,1.0,14.53,0.1453,6,0,0,0.0,0,0.0,13.099573,80.250734,26.0,226.0,4.333333333333333,-1.0
WIN-2893,2025-03-09,67,NIGHT_00_06,3,6,1,streetlights,DEPT_ELECTRICITY,0,0,0.0,1.0,18.08,0.1808,7,0,0,0.0,0,0.0,13.028554,80.227474,23.0,227.0,3.8333333333333335,-1.0
WIN-2897,2025-03-09,67,NIGHT_00_06,3,6,1,infrastructure,DEPT_WORKS,0,0,0.0,1.0,29.9,0.299,12,0,0,0.0,0,0.0,13.046955,80.300632,13.0,182.0,2.1666666666666665,-1.0
WIN-2901,2025-03-09,67,NIGHT_00_06,3,6,1,other,DEPT_GENERAL,2,1,0.5,2.0,5.21,0.0521,2,0,0,0.1269,1,0.3484,13.072216,80.250501,14.0,145.0,2.3333333333333335,-0.1429
WIN-2878,2025-03-09,67,MORNING_06_12,9,6,1,roads,DEPT_ROADS,17,14,0.1765,1.21,25.98,0.2598,10,2,6,0.105,8,0.4429,13.058894,80.339363,47.0,435.0,7.833333333333333,1.1702
WIN-2882,2025-03-09,67,MORNING_06_12,9,6,1,drainage,DEPT_DRAINAGE,6,5,0.1667,1.2,58.77,0.5877,24,1,1,0.103,1,0.1287,13.04649,80.237908,28.0,304.0,4.666666666666667,0.2857
WIN-2886,2025-03-09,67,MORNING_06_12,9,6,1,garbage,DEPT_SANITATION,5,2,0.6,2.5,31.14,0.3114,12,0,2,0.0569,2,0.3291,13.143405,80.321008,29.0,364.0,4.833333333333333,0.0345
WIN-2890,2025-03-09,67,MORNING_06_12,9,6,1,water,DEPT_WATER,10,6,0.4,1.67,46.07,0.4607,18,1,2,0.1435,3,0.268,13.038825,80.25717,28.0,228.0,4.666666666666667,1.1429
WIN-2894,2025-03-09,67,MORNING_06_12,9,6,1,streetlights,DEPT_ELECTRICITY,5,2,0.6,2.5,39.13,0.3913,16,1,2,0.1216,0,0.0719,13.07612,80.252465,23.0,226.0,3.8333333333333335,0.3043
WIN-2898,2025-03-09,67,MORNING_06_12,9,6,1,infrastructure,DEPT_WORKS,3,1,0.6667,3.0,31.26,0.3126,13,0,1,0.1105,1,0.416,13.089215,80.332286,13.0,180.0,2.1666666666666665,0.3846
WIN-2902,2025-03-09,67,MORNING_06_12,9,6,1,other,DEPT_GENERAL,2,1,0.5,2.0,24.77,0.2477,10,0,1,0.0961,0,0.1402,13.089847,80.251661,11.0,145.0,1.8333333333333333,0.0909
WIN-2879,2025-03-09,67,AFTERNOON_12_18,15,6,1,roads,DEPT_ROADS,9,6,0.3333,1.5,12.23,0.1223,5,1,3,0.0902,5,0.5968,13.130927,80.276058,54.0,442.0,9.0,0.0
WIN-2883,2025-03-09,67,AFTERNOON_12_18,15,6,1,drainage,DEPT_DRAINAGE,6,2,0.6667,3.0,21.37,0.2137,9,2,4,0.3036,4,0.6509,13.079123,80.239348,34.0,309.0,5.666666666666667,0.0588
WIN-2887,2025-03-09,67,AFTERNOON_12_18,15,6,1,garbage,DEPT_SANITATION,9,6,0.3333,1.5,48.94,0.4894,20,1,1,0.1057,2,0.1676,13.055357,80.148991,37.0,367.0,6.166666666666667,0.4595
WIN-2891,2025-03-09,67,AFTERNOON_12_18,15,6,1,water,DEPT_WATER,6,3,0.5,2.0,31.17,0.3117,12,0,1,0.0361,4,0.5899,13.087565,80.269522,34.0,232.0,5.666666666666667,0.0588
WIN-2895,2025-03-09,67,AFTERNOON_12_18,15,6,1,streetlights,DEPT_ELECTRICITY,6,3,0.5,2.0,27.04,0.2704,11,0,1,0.0667,3,0.5651,13.118921,80.279556,29.0,231.0,4.833333333333333,0.2414
WIN-2899,2025-03-09,67,AFTERNOON_12_18,15,6,1,infrastructure,DEPT_WORKS,6,2,0.6667,3.0,54.25,0.5425,22,1,3,0.1419,1,0.1241,13.147481,80.32518,19.0,184.0,3.1666666666666665,0.8947
WIN-2903,2025-03-09,67,AFTERNOON_12_18,15,6,1,other,DEPT_GENERAL,4,2,0.5,2.0,37.43,0.3743,15,0,2,0.1126,1,0.133,13.074856,80.197563,12.0,148.0,2.0,1.0
WIN-2880,2025-03-09,67,EVENING_18_24,21,6,1,roads,DEPT_ROADS,7,3,0.5714,2.33,45.35,0.4535,18,0,1,0.0162,3,0.4514,13.117765,80.2716,50.0,431.0,8.333333333333334,-0.16
WIN-2884,2025-03-09,67,EVENING_18_24,21,6,1,drainage,DEPT_DRAINAGE,1,1,0.0,1.0,31.7,0.317,13,0,0,0.0758,0,0.132,13.091797,80.321327,26.0,301.0,4.333333333333333,-0.7692
WIN-2888,2025-03-09,67,EVENING_18_24,21,6,1,garbage,DEPT_SANITATION,9,7,0.2222,1.29,23.88,0.2388,10,1,5,0.0571,2,0.2611,13.051157,80.223047,37.0,357.0,6.166666666666667,0.4595
WIN-2892,2025-03-09,67,EVENING_18_24,21,6,1,water,DEPT_WATER,3,2,0.3333,1.5,30.23,0.3023,12,1,1,0.1788,1,0.4117,13.09753,80.192394,29.0,226.0,4.833333333333333,-0.3793
WIN-2896,2025-03-09,67,EVENING_18_24,21,6,1,streetlights,DEPT_ELECTRICITY,3,1,0.6667,3.0,36.52,0.3652,15,0,1,0.1324,1,0.2245,13.109805,80.327458,26.0,227.0,4.333333333333333,-0.3077
WIN-2900,2025-03-09,67,EVENING_18_24,21,6,1,infrastructure,DEPT_WORKS,3,1,0.6667,3.0,6.45,0.0645,3,0,1,0.0796,0,0.0641,13.046444,80.28644,20.0,176.0,3.3333333333333335,-0.1
WIN-2904,2025-03-09,67,EVENING_18_24,21,6,1,other,DEPT_GENERAL,0,0,0.0,1.0,42.35,0.4235,17,0,0,0.0,0,0.0,13.11148,80.346264,11.0,142.0,1.8333333333333333,-1.0
WIN-2905,2025-03-10,68,NIGHT_00_06,3,0,0,roads,DEPT_ROADS,4,2,0.5,2.0,19.13,0.1913,8,0,1,0.0715,0,0.0913,13.076515,80.335767,41.0,423.0,6.833333333333333,-0.4146
WIN-2909,2025-03-10,68,NIGHT_00_06,3,0,0,drainage,DEPT_DRAINAGE,0,0,0.0,1.0,25.92,0.2592,10,0,0,0.0,0,0.0,13.06909,80.278803,19.0,287.0,3.1666666666666665,-1.0
WIN-2913,2025-03-10,68,NIGHT_00_06,3,0,0,garbage,DEPT_SANITATION,4,3,0.25,1.33,27.7,0.277,11,0,1,0.1217,0,0.0585,13.099826,80.264308,33.0,350.0,5.5,-0.2727
WIN-2917,2025-03-10,68,NIGHT_00_06,3,0,0,water,DEPT_WATER,3,2,0.3333,1.5,53.02,0.5302,21,0,1,0.0083,0,0.0979,13.059769,80.332029,24.0,220.0,4.0,-0.25
WIN-2921,2025-03-10,68,NIGHT_00_06,3,0,0,streetlights,DEPT_ELECTRICITY,3,1,0.6667,3.0,54.87,0.5487,22,0,1,0.1213,0,0.0993,13.193917,80.280477,21.0,223.0,3.5,-0.1429
WIN-2925,2025-03-10,68,NIGHT_00_06,3,0,0,infrastructure,DEPT_WORKS,2,1,0.5,2.0,15.13,0.1513,6,0,0,0.0084,0,0.1065,13.06479,80.333526,17.0,172.0,2.8333333333333335,-0.2941
WIN-2929,2025-03-10,68,NIGHT_00_06,3,0,0,other,DEPT_GENERAL,2,1,0.5,2.0,20.55,0.2055,8,0,0,0.122,0,0.1811,13.122202,80.2827,10.0,140.0,1.6666666666666667,0.2
WIN-2906,2025-03-10,68,MORNING_06_12,9,0,0,roads,DEPT_ROADS,15,8,0.4667,1.88,59.45,0.5945,24,1,5,0.0637,5,0.3304,13.043671,80.272862,53.0,432.0,8.833333333333334,0.6981
WIN-2910,2025-03-10,68,MORNING_06_12,9,0,0,drainage,DEPT_DRAINAGE,15,11,0.2667,1.36,19.42,0.1942,8,5,7,0.3261,3,0.1905,13.051669,80.234682,30.0,293.0,5.0,2.0
WIN-2914,2025-03-10,68,MORNING_06_12,9,0,0,garbage,DEPT_SANITATION,18,11,0.3889,1.64,38.03,0.3803,15,1,7,0.0399,4,0.2477,13.063129,80.200754,48.0,359.0,8.0,1.25
WIN-2918,2025-03-10,68,MORNING_06_12,9,0,0,water,DEPT_WATER,12,7,0.4167,1.71,51.69,0.5169,21,4,4,0.3612,3,0.238,13.068481,80.291504,34.0,229.0,5.666666666666667,1.1176
WIN-2922,2025-03-10,68,MORNING_06_12,9,0,0,streetlights,DEPT_ELECTRICITY,15,7,0.5333,2.14,41.73,0.4173,17,1,4,0.0615,2,0.1664,13.133846,80.273299,32.0,229.0,5.333333333333333,1.8125
WIN-2926,2025-03-10,68,MORNING_06_12,9,0,0,infrastructure,DEPT_WORKS,7,3,0.5714,2.33,69.36,0.6936,28,0,1,0.0104,0,0.0266,12.981495,80.250962,21.0,175.0,3.5,1.0
WIN-2930,2025-03-10,68,MORNING_06_12,9,0,0,other,DEPT_GENERAL,8,3,0.625,2.67,21.5,0.215,9,0,2,0.0281,1,0.1522,13.143423,80.357723,18.0,143.0,3.0,1.6667
WIN-2907,2025-03-10,68,AFTERNOON_12_18,15,0,0,roads,DEPT_ROADS,21,11,0.4762,1.91,29.57,0.2957,12,1,1,0.07,2,0.1099,13.117494,80.326932,73.0,452.0,12.166666666666666,0.726
WIN-2911,2025-03-10,68,AFTERNOON_12_18,15,0,0,drainage,DEPT_DRAINAGE,5,3,0.4,1.67,30.63,0.3063,12,0,2,0.0209,1,0.1315,13.126418,80.258155,33.0,296.0,5.5,-0.0909
WIN-2915,2025-03-10,68,AFTERNOON_12_18,15,0,0,garbage,DEPT_SANITATION,20,10,0.5,2.0,11.28,0.1128,5,1,16,0.0689,1,0.0718,13.017764,80.345356,65.0,377.0,10.833333333333334,0.8462
WIN-2919,2025-03-10,68,AFTERNOON_12_18,15,0,0,water,DEPT_WATER,12,5,0.5833,2.4,5.96,0.0596,2,1,6,0.0846,5,0.393,13.107264,80.332753,46.0,238.0,7.666666666666667,0.5652
WIN-2923,2025-03-10,68,AFTERNOON_12_18,15,0,0,streetlights,DEPT_ELECTRICITY,6,5,0.1667,1.2,14.5,0.145,6,2,2,0.2789,1,0.1811,13.089897,80.262259,38.0,231.0,6.333333333333333,-0.0526
WIN-2927,2025-03-10,68,AFTERNOON_12_18,15,0,0,infrastructure,DEPT_WORKS,7,3,0.5714,2.33,67.82,0.6782,27,0,3,0.0151,0,0.0191,13.092103,80.252232,28.0,182.0,4.666666666666667,0.5
WIN-2931,2025-03-10,68,AFTERNOON_12_18,15,0,0,other,DEPT_GENERAL,4,2,0.5,2.0,11.2,0.112,4,0,1,0.026,0,0.0651,13.060379,80.300312,20.0,147.0,3.3333333333333335,0.2
WIN-2908,2025-03-10,68,EVENING_18_24,21,0,0,roads,DEPT_ROADS,14,11,0.2143,1.27,5.45,0.0545,2,2,6,0.131,3,0.1997,13.059128,80.251395,70.0,447.0,11.666666666666666,0.2
WIN-2912,2025-03-10,68,EVENING_18_24,21,0,0,drainage,DEPT_DRAINAGE,10,6,0.4,1.67,16.8,0.168,7,1,2,0.0782,2,0.2322,13.07627,80.297184,37.0,289.0,6.166666666666667,0.6216
WIN-2916,2025-03-10,68,EVENING_18_24,21,0,0,garbage,DEPT_SANITATION,11,5,0.5455,2.2,35.23,0.3523,14,1,4,0.1288,4,0.3989,13.044677,80.314882,71.0,369.0,11.833333333333334,-0.0704
WIN-2920,2025-03-10,68,EVENING_18_24,21,0,0,water,DEPT_WATER,5,2,0.6,2.5,10.62,0.1062,4,0,1,0.0668,1,0.2679,13.193449,80.248713,41.0,239.0,6.833333333333333,-0.2683
WIN-2924,2025-03-10,68,EVENING_18_24,21,0,0,streetlights,DEPT_ELECTRICITY,5,2,0.6,2.5,2.23,0.0223,1,0,1,0.0314,2,0.3596,12.972488,80.170457,38.0,227.0,6.333333333333333,-0.2105
WIN-2928,2025-03-10,68,EVENING_18_24,21,0,0,infrastructure,DEPT_WORKS,4,2,0.5,2.0,9.9,0.099,4,0,1,0.0894,1,0.3386,13.120711,80.292001,29.0,176.0,4.833333333333333,-0.1724
WIN-2932,2025-03-10,68,EVENING_18_24,21,0,0,other,DEPT_GENERAL,0,0,0.0,1.0,21.81,0.2181,9,0,0,0.0,0,0.0,12.998349,80.254952,18.0,139.0,3.0,-1.0
WIN-2933,2025-03-11,69,NIGHT_00_06,3,1,0,roads,DEPT_ROADS,4,2,0.5,2.0,39.66,0.3966,16,0,0,0.0443,0,0.0803,13.176762,80.309837,65.0,433.0,10.833333333333334,-0.6308
WIN-2937,2025-03-11,69,NIGHT_00_06,3,1,0,drainage,DEPT_DRAINAGE,1,1,0.0,1.0,21.76,0.2176,9,0,0,0.038,0,0.0731,13.122444,80.209478,32.0,283.0,5.333333333333333,-0.8125
WIN-2941,2025-03-11,69,NIGHT_00_06,3,1,0,garbage,DEPT_SANITATION,2,1,0.5,2.0,7.24,0.0724,3,0,1,0.0467,0,0.0182,13.019951,80.268857,64.0,353.0,10.666666666666666,-0.8125
WIN-2945,2025-03-11,69,NIGHT_00_06,3,1,0,water,DEPT_WATER,3,2,0.3333,1.5,15.46,0.1546,6,0,0,0.0065,1,0.3636,13.025771,80.294875,38.0,231.0,6.333333333333333,-0.5263
WIN-2949,2025-03-11,69,NIGHT_00_06,3,1,0,streetlights,DEPT_ELECTRICITY,0,0,0.0,1.0,38.01,0.3801,15,0,0,0.0,0,0.0,13.102095,80.306432,32.0,219.0,5.333333333333333,-1.0
WIN-2953,2025-03-11,69,NIGHT_00_06,3,1,0,infrastructure,DEPT_WORKS,2,1,0.5,2.0,70.08,0.7008,28,0,1,0.0603,1,0.2623,13.127107,80.187405,25.0,171.0,4.166666666666667,-0.52
WIN-2957,2025-03-11,69,NIGHT_00_06,3,1,0,other,DEPT_GENERAL,0,0,0.0,1.0,25.22,0.2522,10,0,0,0.0,0,0.0,13.043515,80.263312,14.0,135.0,2.3333333333333335,-1.0
WIN-2934,2025-03-11,69,MORNING_06_12,9,1,0,roads,DEPT_ROADS,27,12,0.5556,2.25,53.06,0.5306,21,1,11,0.0458,2,0.067,13.128562,80.249786,85.0,453.0,14.166666666666666,0.9059
WIN-2938,2025-03-11,69,MORNING_06_12,9,1,0,drainage,DEPT_DRAINAGE,12,9,0.25,1.33,23.83,0.2383,10,0,3,0.0109,1,0.0532,13.098232,80.348208,43.0,284.0,7.166666666666667,0.6744
WIN-2942,2025-03-11,69,MORNING_06_12,9,1,0,garbage,DEPT_SANITATION,21,17,0.1905,1.24,6.19,0.0619,2,1,14,0.0353,0,0.0158,13.016164,80.315755,76.0,365.0,12.666666666666666,0.6579
WIN-2946,2025-03-11,69,MORNING_06_12,9,1,0,water,DEPT_WATER,9,7,0.2222,1.29,8.87,0.0887,4,0,3,0.005,0,0.0115,13.092147,80.293299,44.0,234.0,7.333333333333333,0.2273
WIN-2950,2025-03-11,69,MORNING_06_12,9,1,0,streetlights,DEPT_ELECTRICITY,8,3,0.625,2.67,13.95,0.1395,6,0,3,0.0334,0,0.0485,13.095597,80.319117,37.0,220.0,6.166666666666667,0.2973
WIN-2954,2025-03-11,69,MORNING_06_12,9,1,0,infrastructure,DEPT_WORKS,15,6,0.6,2.5,53.36,0.5336,21,3,3,0.2017,0,0.0207,13.127774,80.236927,37.0,184.0,6.166666666666667,1.4324
WIN-2958,2025-03-11,69,MORNING_06_12,9,1,0,other,DEPT_GENERAL,6,3,0.5,2.0,30.21,0.3021,12,1,3,0.149,2,0.3033,13.108347,80.342818,20.0,135.0,3.3333333333333335,0.8
WIN-2935,2025-03-11,69,AFTERNOON_12_18,15,1,0,roads,DEPT_ROADS,22,15,0.3182,1.47,19.1,0.191,8,1,3,0.0579,2,0.0884,13.102368,80.276854,103.0,469.0,17.166666666666668,0.2816
WIN-2939,2025-03-11,69,AFTERNOON_12_18,15,1,0,drainage,DEPT_DRAINAGE,12,7,0.4167,1.71,54.23,0.5423,22,0,4,0.0249,0,0.0233,13.138994,80.268388,55.0,296.0,9.166666666666666,0.3091
WIN-2943,2025-03-11,69,AFTERNOON_12_18,15,1,0,garbage,DEPT_SANITATION,13,9,0.3077,1.44,25.64,0.2564,10,0,5,0.0239,6,0.4661,13.107448,80.255823,85.0,376.0,14.166666666666666,-0.0824
WIN-2947,2025-03-11,69,AFTERNOON_12_18,15,1,0,water,DEPT_WATER,12,5,0.5833,2.4,70.28,0.7028,28,3,3,0.2629,1,0.0953,13.124155,80.202985,53.0,245.0,8.833333333333334,0.3585
WIN-2951,2025-03-11,69,AFTERNOON_12_18,15,1,0,streetlights,DEPT_ELECTRICITY,8,4,0.5,2.0,46.44,0.4644,19,0,2,0.0107,1,0.1097,13.057126,80.323163,42.0,228.0,7.0,0.1429
WIN-2955,2025-03-11,69,AFTERNOON_12_18,15,1,0,infrastructure,DEPT_WORKS,6,3,0.5,2.0,53.11,0.5311,21,0,0,0.0147,1,0.2232,13.108903,80.215637,41.0,187.0,6.833333333333333,-0.122
WIN-2959,2025-03-11,69,AFTERNOON_12_18,15,1,0,other,DEPT_GENERAL,9,7,0.2222,1.29,32.89,0.3289,13,0,5,0.0519,1,0.0845,13.067765,80.20757,27.0,142.0,4.5,1.0
WIN-2936,2025-03-11,69,EVENING_18_24,21,1,0,roads,DEPT_ROADS,12,7,0.4167,1.71,28.77,0.2877,12,1,1,0.1234,3,0.2239,13.08289,80.230619,100.0,469.0,16.666666666666668,-0.28
WIN-2940,2025-03-11,69,EVENING_18_24,21,1,0,drainage,DEPT_DRAINAGE,8,4,0.5,2.0,35.91,0.3591,14,3,3,0.3663,3,0.4228,13.066301,80.296937,48.0,296.0,8.0,0.0
WIN-2944,2025-03-11,69,EVENING_18_24,21,1,0,garbage,DEPT_SANITATION,14,7,0.5,2.0,6.36,0.0636,3,2,2,0.1102,6,0.405,13.056343,80.270417,81.0,379.0,13.5,0.037
WIN-2948,2025-03-11,69,EVENING_18_24,21,1,0,water,DEPT_WATER,4,2,0.5,2.0,13.43,0.1343,5,0,1,0.0535,1,0.1579,13.082557,80.222046,45.0,243.0,7.5,-0.4667
WIN-2952,2025-03-11,69,EVENING_18_24,21,1,0,streetlights,DEPT_ELECTRICITY,11,6,0.4545,1.83,6.53,0.0653,3,3,2,0.2302,3,0.281,13.151829,80.353341,38.0,231.0,6.333333333333333,0.7368
WIN-2956,2025-03-11,69,EVENING_18_24,21,1,0,infrastructure,DEPT_WORKS,3,2,0.3333,1.5,24.48,0.2448,10,1,1,0.4273,1,0.3785,13.044222,80.356545,37.0,186.0,6.166666666666667,-0.5135
WIN-2960,2025-03-11,69,EVENING_18_24,21,1,0,other,DEPT_GENERAL,2,1,0.5,2.0,47.2,0.472,19,0,1,0.0078,0,0.1671,13.009952,80.299706,21.0,141.0,3.5,-0.4286
WIN-2961,2025-03-12,70,NIGHT_00_06,3,2,0,roads,DEPT_ROADS,6,2,0.6667,3.0,23.22,0.2322,9,0,3,0.0828,2,0.2698,13.026419,80.245393,85.0,459.0,14.166666666666666,-0.5765
WIN-2965,2025-03-12,70,NIGHT_00_06,3,2,0,drainage,DEPT_DRAINAGE,3,2,0.3333,1.5,25.5,0.255,10,1,1,0.1879,0,0.0134,13.095669,80.306888,46.0,297.0,7.666666666666667,-0.6087
WIN-2969,2025-03-12,70,NIGHT_00_06,3,2,0,garbage,DEPT_SANITATION,1,1,0.0,1.0,33.93,0.3393,14,0,0,0.102,0,0.0899,13.071084,80.242442,62.0,375.0,10.333333333333334,-0.9032
WIN-2973,2025-03-12,70,NIGHT_00_06,3,2,0,water,DEPT_WATER,1,1,0.0,1.0,29.96,0.2996,12,0,0,0.0185,0,0.0596,13.02684,80.251605,34.0,238.0,5.666666666666667,-0.8235
WIN-2977,2025-03-12,70,NIGHT_00_06,3,2,0,streetlights,DEPT_ELECTRICITY,0,0,0.0,1.0,41.5,0.415,17,0,0,0.0,0,0.0,12.995639,80.304847,32.0,225.0,5.333333333333333,-1.0
WIN-2981,2025-03-12,70,NIGHT_00_06,3,2,0,infrastructure,DEPT_WORKS,2,1,0.5,2.0,9.58,0.0958,4,0,0,0.0303,0,0.1501,13.108068,80.301161,32.0,181.0,5.333333333333333,-0.625
WIN-2985,2025-03-12,70,NIGHT_00_06,3,2,0,other,DEPT_GENERAL,0,0,0.0,1.0,23.03,0.2303,9,0,0,0.0,0,0.0,13.037609,80.289942,17.0,133.0,2.8333333333333335,-1.0
WIN-2962,2025-03-12,70,MORNING_06_12,9,2,0,roads,DEPT_ROADS,16,6,0.625,2.67,39.93,0.3993,16,1,2,0.0803,4,0.2514,13.169794,80.329041,87.0,467.0,14.5,0.1034
WIN-2966,2025-03-12,70,MORNING_06_12,9,2,0,drainage,DEPT_DRAINAGE,10,4,0.6,2.5,18.04,0.1804,7,1,1,0.1121,0,0.004,13.118586,80.277568,46.0,303.0,7.666666666666667,0.3043
WIN-2970,2025-03-12,70,MORNING_06_12,9,2,0,garbage,DEPT_SANITATION,15,7,0.5333,2.14,24.28,0.2428,10,6,1,0.4145,3,0.2146,13.087175,80.23481,66.0,387.0,11.0,0.3636
WIN-2974,2025-03-12,70,MORNING_06_12,9,2,0,water,DEPT_WATER,11,9,0.1818,1.22,40.94,0.4094,16,1,2,0.1028,1,0.052,12.971338,80.225807,40.0,248.0,6.666666666666667,0.65
WIN-2978,2025-03-12,70,MORNING_06_12,9,2,0,streetlights,DEPT_ELECTRICITY,10,5,0.5,2.0,4.94,0.0494,2,0,3,0.0237,3,0.2557,13.022509,80.263382,37.0,233.0,6.166666666666667,0.6216
WIN-2982,2025-03-12,70,MORNING_06_12,9,2,0,infrastructure,DEPT_WORKS,12,8,0.3333,1.5,16.58,0.1658,7,3,1,0.2692,1,0.0685,13.022655,80.286617,40.0,191.0,6.666666666666667,0.8
WIN-2986,2025-03-12,70,MORNING_06_12,9,2,0,other,DEPT_GENERAL,8,3,0.625,2.67,17.29,0.1729,7,0,2,0.026,1,0.0712,13.025235,80.34037,25.0,139.0,4.166666666666667,0.92
WIN-2963,2025-03-12,70,AFTERNOON_12_18,15,2,0,roads,DEPT_ROADS,19,11,0.4211,1.73,52.77,0.5277,21,0,1,0.0077,1,0.0455,13.11763,80.283951,102.0,481.0,17.0,0.1176
WIN-2967,2025-03-12,70,AFTERNOON_12_18,15,2,0,drainage,DEPT_DRAINAGE,11,5,0.5455,2.2,10.4,0.104,4,4,4,0.3655,0,0.0404,13.026477,80.388687,56.0,312.0,9.333333333333334,0.1786
WIN-2971,2025-03-12,70,AFTERNOON_12_18,15,2,0,garbage,DEPT_SANITATION,14,10,0.2857,1.4,7.09,0.0709,3,2,4,0.1351,3,0.2158,13.055431,80.27855,78.0,400.0,13.0,0.0769
WIN-2975,2025-03-12,70,AFTERNOON_12_18,15,2,0,water,DEPT_WATER,8,4,0.5,2.0,34.6,0.346,14,1,0,0.1363,1,0.0887,13.00623,80.340772,45.0,256.0,7.5,0.0667
WIN-2979,2025-03-12,70,AFTERNOON_12_18,15,2,0,streetlights,DEPT_ELECTRICITY,2,1,0.5,2.0,22.09,0.2209,9,0,1,0.0808,0,0.0537,13.100818,80.224094,39.0,235.0,6.5,-0.6923
WIN-2983,2025-03-12,70,AFTERNOON_12_18,15,2,0,infrastructure,DEPT_WORKS,11,6,0.4545,1.83,18.67,0.1867,7,2,5,0.157,6,0.5521,13.008207,80.269569,49.0,202.0,8.166666666666666,0.3469
WIN-2987,2025-03-12,70,AFTERNOON_12_18,15,2,0,other,DEPT_GENERAL,5,3,0.4,1.67,12.09,0.1209,5,0,1,0.0281,1,0.1572,13.124666,80.229207,30.0,144.0,5.0,0.0
WIN-2964,2025-03-12,70,EVENING_18_24,21,2,0,roads,DEPT_ROADS,11,5,0.5455,2.2,27.67,0.2767,11,0,2,0.0304,6,0.587,13.032504,80.254349,86.0,486.0,14.333333333333334,-0.2326
WIN-2968,2025-03-12,70,EVENING_18_24,21,2,0,drainage,DEPT_DRAINAGE,9,4,0.5556,2.25,72.43,0.7243,29,0,4,0.0097,3,0.2842,13.11845,80.290306,53.0,318.0,8.833333333333334,0.0189
WIN-2972,2025-03-12,70,EVENING_18_24,21,2,0,garbage,DEPT_SANITATION,9,4,0.5556,2.25,45.98,0.4598,18,1,5,0.151,2,0.2501,13.128939,80.204365,66.0,404.0,11.0,-0.1818
WIN-2976,2025-03-12,70,EVENING_18_24,21,2,0,water,DEPT_WATER,5,3,0.4,1.67,38.49,0.3849,15,0,1,0.0426,2,0.3667,13.137033,80.273566,41.0,256.0,6.833333333333333,-0.2683
WIN-2980,2025-03-12,70,EVENING_18_24,21,2,0,streetlights,DEPT_ELECTRICITY,4,2,0.5,2.0,11.74,0.1174,5,0,2,0.0457,2,0.4222,13.093039,80.273476,35.0,231.0,5.833333333333333,-0.3143
WIN-2984,2025-03-12,70,EVENING_18_24,21,2,0,infrastructure,DEPT_WORKS,5,2,0.6,2.5,54.02,0.5402,22,1,2,0.2251,1,0.236,13.047802,80.220274,39.0,203.0,6.5,-0.2308
WIN-2988,2025-03-12,70,EVENING_18_24,21,2,0,other,DEPT_GENERAL,1,1,0.0,1.0,11.53,0.1153,5,0,0,0.0088,0,0.2034,13.073666,80.197015,25.0,141.0,4.166666666666667,-0.76
WIN-2989,2025-03-13,71,NIGHT_00_06,3,3,0,roads,DEPT_ROADS,4,2,0.5,2.0,13.27,0.1327,5,1,1,0.202,0,0.1146,13.07608,80.248294,68.0,479.0,11.333333333333334,-0.6471
WIN-2993,2025-03-13,71,NIGHT_00_06,3,3,0,drainage,DEPT_DRAINAGE,3,1,0.6667,3.0,25.99,0.2599,10,1,1,0.1781,1,0.2984,13.157514,80.269634,44.0,312.0,7.333333333333333,-0.5909
WIN-2997,2025-03-13,71,NIGHT_00_06,3,3,0,garbage,DEPT_SANITATION,2,1,0.5,2.0,39.24,0.3924,16,0,0,0.0108,0,0.099,13.041885,80.215504,55.0,396.0,9.166666666666666,-0.7818
WIN-3001,2025-03-13,71,NIGHT_00_06,3,3,0,water,DEPT_WATER,2,1,0.5,2.0,35.64,0.3564,14,0,1,0.0131,0,0.2148,13.10892,80.334106,31.0,254.0,5.166666666666667,-0.6129
WIN-3005,2025-03-13,71,NIGHT_00_06,3,3,0,streetlights,DEPT_ELECTRICITY,1,1,0.0,1.0,36.78,0.3678,15,0,0,0.1135,0,0.3361,13.183941,80.328478,28.0,230.0,4.666666666666667,-0.7857
WIN-3009,2025-03-13,71,NIGHT_00_06,3,3,0,infrastructure,DEPT_WORKS,2,1,0.5,2.0,9.99,0.0999,4,0,1,0.0625,0,0.0747,13.067284,80.289251,35.0,197.0,5.833333333333333,-0.6571
WIN-3013,2025-03-13,71,NIGHT_00_06,3,3,0,other,DEPT_GENERAL,0,0,0.0,1.0,9.53,0.0953,4,0,0,0.0,0,0.0,13.157848,80.251951,16.0,138.0,2.6666666666666665,-1.0
WIN-2990,2025-03-13,71,MORNING_06_12,9,3,0,roads,DEPT_ROADS,24,12,0.5,2.0,36.86,0.3686,15,1,16,0.0454,1,0.0513,13.022015,80.280396,80.0,498.0,13.333333333333334,0.8
WIN-2994,2025-03-13,71,MORNING_06_12,9,3,0,drainage,DEPT_DRAINAGE,16,10,0.375,1.6,15.28,0.1528,6,3,4,0.1612,1,0.0777,13.143347,80.144984,52.0,323.0,8.666666666666666,0.8462
WIN-2998,2025-03-13,71,MORNING_06_12,9,3,0,garbage,DEPT_SANITATION,16,8,0.5,2.0,7.91,0.0791,3,1,4,0.0904,1,0.0658,13.037037,80.363994,57.0,408.0,9.5,0.6842
WIN-3002,2025-03-13,71,MORNING_06_12,9,3,0,water,DEPT_WATER,13,9,0.3077,1.44,12.74,0.1274,5,2,5,0.1629,5,0.3477,13.046215,80.287072,40.0,263.0,6.666666666666667,0.95
WIN-3006,2025-03-13,71,MORNING_06_12,9,3,0,streetlights,DEPT_ELECTRICITY,14,10,0.2857,1.4,37.28,0.3728,15,5,9,0.3769,2,0.1501,13.119075,80.341149,31.0,243.0,5.166666666666667,1.7097
WIN-3010,2025-03-13,71,MORNING_06_12,9,3,0,infrastructure,DEPT_WORKS,6,3,0.5,2.0,52.41,0.5241,21,0,3,0.0377,0,0.0249,13.132567,80.228015,38.0,200.0,6.333333333333333,-0.0526
WIN-3014,2025-03-13,71,MORNING_06_12,9,3,0,other,DEPT_GENERAL,3,2,0.3333,1.5,26.84,0.2684,11,0,2,0.1465,0,0.005,13.0836,80.343872,17.0,139.0,2.8333333333333335,0.0588
WIN-2991,2025-03-13,71,AFTERNOON_12_18,15,3,0,roads,DEPT_ROADS,19,9,0.5263,2.11,28.97,0.2897,12,1,6,0.0308,6,0.3312,13.080021,80.237758,93.0,512.0,15.5,0.2258
WIN-2995,2025-03-13,71,AFTERNOON_12_18,15,3,0,drainage,DEPT_DRAINAGE,8,4,0.5,2.0,11.51,0.1151,5,3,1,0.4001,1,0.1166,13.065485,80.265551,57.0,329.0,9.5,-0.1579
WIN-2999,2025-03-13,71,AFTERNOON_12_18,15,3,0,garbage,DEPT_SANITATION,13,6,0.5385,2.17,31.47,0.3147,13,3,7,0.2454,5,0.3889,13.140469,80.340566,69.0,416.0,11.5,0.1304
WIN-3003,2025-03-13,71,AFTERNOON_12_18,15,3,0,water,DEPT_WATER,12,7,0.4167,1.71,12.27,0.1227,5,1,3,0.0794,0,0.0237,13.044072,80.26806,51.0,272.0,8.5,0.4118
WIN-3007,2025-03-13,71,AFTERNOON_12_18,15,3,0,streetlights,DEPT_ELECTRICITY,7,3,0.5714,2.33,13.97,0.1397,6,0,2,0.0484,0,0.056,13.165185,80.24144,38.0,249.0,6.333333333333333,0.1053
WIN-3011,2025-03-13,71,AFTERNOON_12_18,15,3,0,infrastructure,DEPT_WORKS,13,6,0.5385,2.17,24.36,0.2436,10,1,3,0.0661,1,0.0708,13.136869,80.277302,49.0,211.0,8.166666666666666,0.5918
WIN-3015,2025-03-13,71,AFTERNOON_12_18,15,3,0,other,DEPT_GENERAL,8,5,0.375,1.6,16.19,0.1619,6,1,2,0.1067,2,0.1999,13.00472,80.255345,25.0,146.0,4.166666666666667,0.92
WIN-2992,2025-03-13,71,EVENING_18_24,21,3,0,roads,DEPT_ROADS,11,5,0.5455,2.2,4.32,0.0432,2,1,3,0.0861,2,0.223,13.177922,80.316456,88.0,505.0,14.666666666666666,-0.25
WIN-2996,2025-03-13,71,EVENING_18_24,21,3,0,drainage,DEPT_DRAINAGE,4,2,0.5,2.0,14.8,0.148,6,1,3,0.3017,3,0.6717,13.007952,80.264605,51.0,324.0,8.5,-0.5294
WIN-3000,2025-03-13,71,EVENING_18_24,21,3,0,garbage,DEPT_SANITATION,7,5,0.2857,1.4,5.15,0.0515,2,0,2,0.0081,3,0.4973,13.008532,80.23189,61.0,407.0,10.166666666666666,-0.3115
WIN-3004,2025-03-13,71,EVENING_18_24,21,3,0,water,DEPT_WATER,4,2,0.5,2.0,47.93,0.4793,19,0,2,0.1092,1,0.2162,13.137774,80.247431,44.0,271.0,7.333333333333333,-0.4545
WIN-3008,2025-03-13,71,EVENING_18_24,21,3,0,streetlights,DEPT_ELECTRICITY,1,1,0.0,1.0,32.37,0.3237,13,0,1,0.0124,0,0.1217,13.052335,80.30631,29.0,232.0,4.833333333333333,-0.7931
WIN-3012,2025-03-13,71,EVENING_18_24,21,3,0,infrastructure,DEPT_WORKS,2,1,0.5,2.0,30.54,0.3054,12,0,0,0.1002,1,0.4347,13.127325,80.220625,39.0,207.0,6.5,-0.6923
WIN-3016,2025-03-13,71,EVENING_18_24,21,3,0,other,DEPT_GENERAL,6,2,0.6667,3.0,20.58,0.2058,8,1,4,0.1767,2,0.332,13.115292,80.201404,23.0,145.0,3.8333333333333335,0.5652
WIN-3017,2025-03-14,72,NIGHT_00_06,3,4,0,roads,DEPT_ROADS,1,1,0.0,1.0,25.43,0.2543,10,0,0,0.098,0,0.0462,13.026596,80.334816,70.0,483.0,11.666666666666666,-0.9143
WIN-3021,2025-03-14,72,NIGHT_00_06,3,4,0,drainage,DEPT_DRAINAGE,2,2,0.0,1.0,18.76,0.1876,8,1,0,0.4405,1,0.384,13.105786,80.261723,42.0,314.0,7.0,-0.7143
WIN-3025,2025-03-14,72,NIGHT_00_06,3,4,0,garbage,DEPT_SANITATION,4,3,0.25,1.33,32.69,0.3269,13,0,2,0.0276,0,0.0204,12.996716,80.222378,51.0,396.0,8.5,-0.5294
WIN-3029,2025-03-14,72,NIGHT_00_06,3,4,0,water,DEPT_WATER,1,1,0.0,1.0,14.63,0.1463,6,0,0,0.0364,0,0.1056,13.101278,80.239539,37.0,264.0,6.166666666666667,-0.8378
WIN-3033,2025-03-14,72,NIGHT_00_06,3,4,0,streetlights,DEPT_ELECTRICITY,3,2,0.3333,1.5,48.9,0.489,20,1,1,0.2798,0,0.0021,13.077411,80.38819,30.0,223.0,5.0,-0.4
WIN-3037,2025-03-14,72,NIGHT_00_06,3,4,0,infrastructure,DEPT_WORKS,2,1,0.5,2.0,32.11,0.3211,13,0,1,0.1359,0,0.0694,13.1416,80.269898,30.0,205.0,5.0,-0.6
WIN-3041,2025-03-14,72,NIGHT_00_06,3,4,0,other,DEPT_GENERAL,0,0,0.0,1.0,6.53,0.0653,3,0,0,0.0,0,0.0,13.007238,80.356117,18.0,141.0,3.0,-1.0
WIN-3018,2025-03-14,72,MORNING_06_12,9,4,0,roads,DEPT_ROADS,22,11,0.5,2.0,21.08,0.2108,8,3,6,0.1494,8,0.3844,13.052288,80.288615,81.0,493.0,13.5,0.6296
WIN-3022,2025-03-14,72,MORNING_06_12,9,4,0,drainage,DEPT_DRAINAGE,17,7,0.5882,2.43,28.15,0.2815,11,0,10,0.0004,4,0.2532,13.035558,80.228124,50.0,323.0,8.333333333333334,1.04
WIN-3026,2025-03-14,72,MORNING_06_12,9,4,0,garbage,DEPT_SANITATION,18,7,0.6111,2.57,48.45,0.4845,19,2,7,0.0904,2,0.1121,13.14029,80.286869,60.0,405.0,10.0,0.8
WIN-3030,2025-03-14,72,MORNING_06_12,9,4,0,water,DEPT_WATER,11,5,0.5455,2.2,31.1,0.311,12,1,3,0.1026,0,0.0414,13.204141,80.258261,43.0,271.0,7.166666666666667,0.5349
WIN-3034,2025-03-14,72,MORNING_06_12,9,4,0,streetlights,DEPT_ELECTRICITY,12,7,0.4167,1.71,31.16,0.3116,12,1,1,0.0712,0,0.0414,13.051205,80.298788,38.0,226.0,6.333333333333333,0.8947
WIN-3038,2025-03-14,72,MORNING_06_12,9,4,0,infrastructure,DEPT_WORKS,9,3,0.6667,3.0,29.9,0.299,12,1,0,0.0729,0,0.002,13.116975,80.298023,34.0,209.0,5.666666666666667,0.5882
WIN-3042,2025-03-14,72,MORNING_06_12,9,4,0,other,DEPT_GENERAL,6,3,0.5,2.0,38.29,0.3829,15,0,1,0.0656,0,0.0709,13.097801,80.16903,23.0,146.0,3.8333333333333335,0.5652
WIN-3019,2025-03-14,72,AFTERNOON_12_18,15,4,0,roads,DEPT_ROADS,23,15,0.3478,1.53,37.33,0.3733,15,2,0,0.0931,2,0.1019,13.059246,80.262509,100.0,513.0,16.666666666666668,0.38
WIN-3023,2025-03-14,72,AFTERNOON_12_18,15,4,0,drainage,DEPT_DRAINAGE,11,6,0.4545,1.83,38.02,0.3802,15,1,1,0.127,1,0.0947,13.021443,80.334993,58.0,329.0,9.666666666666666,0.1379
WIN-3027,2025-03-14,72,AFTERNOON_12_18,15,4,0,garbage,DEPT_SANITATION,13,6,0.5385,2.17,14.43,0.1443,6,1,1,0.0449,0,0.0221,13.108998,80.290191,71.0,417.0,11.833333333333334,0.0986
WIN-3031,2025-03-14,72,AFTERNOON_12_18,15,4,0,water,DEPT_WATER,10,5,0.5,2.0,12.53,0.1253,5,0,2,0.0495,0,0.0302,13.141875,80.29025,51.0,278.0,8.5,0.1765
WIN-3035,2025-03-14,72,AFTERNOON_12_18,15,4,0,streetlights,DEPT_ELECTRICITY,12,10,0.1667,1.2,17.67,0.1767,7,3,8,0.2419,4,0.3226,13.097587,80.245743,49.0,237.0,8.166666666666666,0.4694
WIN-3039,2025-03-14,72,AFTERNOON_12_18,15,4,0,infrastructure,DEPT_WORKS,7,5,0.2857,1.4,8.94,0.0894,4,0,3,0.0368,2,0.348,13.165891,80.272293,39.0,214.0,6.5,0.0769
WIN-3043,2025-03-14,72,AFTERNOON_12_18,15,4,0,other,DEPT_GENERAL,6,4,0.3333,1.5,68.25,0.6825,27,0,3,0.0821,2,0.2779,13.068672,80.232838,29.0,151.0,4.833333333333333,0.2414
WIN-3020,2025-03-14,72,EVENING_18_24,21,4,0,roads,DEPT_ROADS,7,6,0.1429,1.17,54.42,0.5442,22,0,2,0.041,3,0.4256,13.032931,80.303598,83.0,504.0,13.833333333333334,-0.494
WIN-3024,2025-03-14,72,EVENING_18_24,21,4,0,drainage,DEPT_DRAINAGE,8,4,0.5,2.0,62.65,0.6265,25,1,3,0.1746,2,0.2464,13.139927,80.266891,50.0,326.0,8.333333333333334,-0.04
WIN-3028,2025-03-14,72,EVENING_18_24,21,4,0,garbage,DEPT_SANITATION,5,2,0.6,2.5,34.13,0.3413,14,0,3,0.0187,1,0.241,13.174514,80.277579,60.0,403.0,10.0,-0.5
WIN-3032,2025-03-14,72,EVENING_18_24,21,4,0,water,DEPT_WATER,5,2,0.6,2.5,12.44,0.1244,5,1,0,0.2178,1,0.185,13.071764,80.366405,43.0,276.0,7.166666666666667,-0.3023
WIN-3036,2025-03-14,72,EVENING_18_24,21,4,0,streetlights,DEPT_ELECTRICITY,6,2,0.6667,3.0,58.53,0.5853,23,0,0,0.0166,1,0.1744,13.139979,80.249079,41.0,237.0,6.833333333333333,-0.122
WIN-3040,2025-03-14,72,EVENING_18_24,21,4,0,infrastructure,DEPT_WORKS,5,3,0.4,1.67,37.99,0.3799,15,1,2,0.2935,2,0.3154,12.986468,80.188801,38.0,211.0,6.333333333333333,-0.2105
WIN-3044,2025-03-14,72,EVENING_18_24,21,4,0,other,DEPT_GENERAL,2,1,0.5,2.0,38.22,0.3822,15,1,0,0.2511,0,0.2298,13.056517,80.278319,28.0,148.0,4.666666666666667,-0.5714
WIN-3045,2025-03-15,73,NIGHT_00_06,3,5,1,roads,DEPT_ROADS,2,1,0.5,2.0,42.79,0.4279,17,0,1,0.1149,1,0.2552,13.050698,80.267296,66.0,493.0,11.0,-0.8182
WIN-3049,2025-03-15,73,NIGHT_00_06,3,5,1,drainage,DEPT_DRAINAGE,3,2,0.3333,1.5,59.57,0.5957,24,1,1,0.2208,2,0.5485,13.086359,80.342423,45.0,317.0,7.5,-0.6
WIN-3053,2025-03-15,73,NIGHT_00_06,3,5,1,garbage,DEPT_SANITATION,1,1,0.0,1.0,6.08,0.0608,2,0,0,0.1276,1,0.5693,13.043812,80.319082,48.0,390.0,8.0,-0.875
WIN-3057,2025-03-15,73,NIGHT_00_06,3,5,1,water,DEPT_WATER,0,0,0.0,1.0,52.76,0.5276,21,0,0,0.0,0,0.0,13.122068,80.23338,31.0,267.0,5.166666666666667,-1.0
WIN-3061,2025-03-15,73,NIGHT_00_06,3,5,1,streetlights,DEPT_ELECTRICITY,2,1,0.5,2.0,15.04,0.1504,6,0,0,0.2371,1,0.3559,13.041092,80.253539,36.0,232.0,6.0,-0.6667
WIN-3065,2025-03-15,73,NIGHT_00_06,3,5,1,infrastructure,DEPT_WORKS,0,0,0.0,1.0,19.65,0.1965,8,0,0,0.0,0,0.0,13.072399,80.223256,25.0,207.0,4.166666666666667,-1.0
WIN-3069,2025-03-15,73,NIGHT_00_06,3,5,1,other,DEPT_GENERAL,4,2,0.5,2.0,25.24,0.2524,10,0,2,0.0261,1,0.2221,13.070968,80.366949,24.0,148.0,4.0,0.0
WIN-3046,2025-03-15,73,MORNING_06_12,9,5,1,roads,DEPT_ROADS,8,4,0.5,2.0,25.13,0.2513,10,0,3,0.0103,7,0.908,13.121538,80.249559,63.0,489.0,10.5,-0.2381
WIN-3050,2025-03-15,73,MORNING_06_12,9,5,1,drainage,DEPT_DRAINAGE,14,5,0.6429,2.8,12.55,0.1255,5,1,6,0.0985,1,0.1,12.993929,80.248277,55.0,325.0,9.166666666666666,0.5273
WIN-3054,2025-03-15,73,MORNING_06_12,9,5,1,garbage,DEPT_SANITATION,5,4,0.2,1.25,9.46,0.0946,4,0,3,0.0184,2,0.3206,13.069192,80.285651,46.0,387.0,7.666666666666667,-0.3478
WIN-3058,2025-03-15,73,MORNING_06_12,9,5,1,water,DEPT_WATER,12,4,0.6667,3.0,1.15,0.0115,0,0,7,0.041,2,0.1468,13.066346,80.255617,39.0,270.0,6.5,0.8462
WIN-3062,2025-03-15,73,MORNING_06_12,9,5,1,streetlights,DEPT_ELECTRICITY,6,3,0.5,2.0,16.79,0.1679,7,1,1,0.1898,0,0.0512,13.010465,80.177982,41.0,233.0,6.833333333333333,-0.122
WIN-3066,2025-03-15,73,MORNING_06_12,9,5,1,infrastructure,DEPT_WORKS,2,1,0.5,2.0,37.76,0.3776,15,0,0,0.0156,1,0.3168,13.070316,80.246865,25.0,207.0,4.166666666666667,-0.52
WIN-3070,2025-03-15,73,MORNING_06_12,9,5,1,other,DEPT_GENERAL,3,1,0.6667,3.0,18.14,0.1814,7,1,1,0.1847,2,0.512,13.144776,80.187954,21.0,145.0,3.5,-0.1429
WIN-3047,2025-03-15,73,AFTERNOON_12_18,15,5,1,roads,DEPT_ROADS,12,7,0.4167,1.71,7.58,0.0758,3,1,1,0.1022,3,0.2791,13.035912,80.293753,74.0,497.0,12.333333333333334,-0.027
WIN-3051,2025-03-15,73,AFTERNOON_12_18,15,5,1,drainage,DEPT_DRAINAGE,5,3,0.4,1.67,18.14,0.1814,7,0,1,0.0075,3,0.5365,12.958676,80.241453,58.0,326.0,9.666666666666666,-0.4828
WIN-3055,2025-03-15,73,AFTERNOON_12_18,15,5,1,garbage,DEPT_SANITATION,9,3,0.6667,3.0,16.29,0.1629,7,0,3,0.0523,2,0.2054,13.107263,80.290955,51.0,394.0,8.5,0.0588
WIN-3059,2025-03-15,73,AFTERNOON_12_18,15,5,1,water,DEPT_WATER,3,2,0.3333,1.5,11.51,0.1151,5,0,1,0.0571,0,0.1284,13.079927,80.209086,41.0,272.0,6.833333333333333,-0.561
WIN-3063,2025-03-15,73,AFTERNOON_12_18,15,5,1,streetlights,DEPT_ELECTRICITY,8,4,0.5,2.0,12.97,0.1297,5,3,3,0.3929,3,0.3815,13.162419,80.335083,46.0,240.0,7.666666666666667,0.0435
WIN-3067,2025-03-15,73,AFTERNOON_12_18,15,5,1,infrastructure,DEPT_WORKS,5,3,0.4,1.67,26.46,0.2646,11,1,3,0.2174,1,0.2426,13.033783,80.175295,28.0,207.0,4.666666666666667,0.0714
WIN-3071,2025-03-15,73,AFTERNOON_12_18,15,5,1,other,DEPT_GENERAL,5,2,0.6,2.5,25.55,0.2555,10,0,2,0.0499,2,0.4048,13.105387,80.337625,26.0,148.0,4.333333333333333,0.1538
WIN-3048,2025-03-15,73,EVENING_18_24,21,5,1,roads,DEPT_ROADS,6,2,0.6667,3.0,35.39,0.3539,14,1,0,0.1246,1,0.179,13.119191,80.216139,58.0,491.0,9.666666666666666,-0.3793
WIN-3052,2025-03-15,73,EVENING_18_24,21,5,1,drainage,DEPT_DRAINAGE,5,4,0.2,1.25,2.53,0.0253,1,0,1,0.0137,2,0.3025,13.078542,80.295898,46.0,321.0,7.666666666666667,-0.3478
WIN-3056,2025-03-15,73,EVENING_18_24,21,5,1,garbage,DEPT_SANITATION,6,3,0.5,2.0,42.5,0.425,17,0,1,0.052,1,0.216,13.117742,80.304509,39.0,385.0,6.5,-0.0769
WIN-3060,2025-03-15,73,EVENING_18_24,21,5,1,water,DEPT_WATER,2,1,0.5,2.0,34.51,0.3451,14,0,0,0.0253,1,0.2755,12.955425,80.290174,32.0,272.0,5.333333333333333,-0.625
WIN-3064,2025-03-15,73,EVENING_18_24,21,5,1,streetlights,DEPT_ELECTRICITY,3,1,0.6667,3.0,42.99,0.4299,17,0,0,0.0423,1,0.4677,13.150597,80.258677,37.0,236.0,6.166666666666667,-0.5135
WIN-3068,2025-03-15,73,EVENING_18_24,21,5,1,infrastructure,DEPT_WORKS,7,3,0.5714,2.33,12.48,0.1248,5,0,1,0.009,2,0.2846,13.120574,80.286206,26.0,210.0,4.333333333333333,0.6154
WIN-3072,2025-03-15,73,EVENING_18_24,21,5,1,other,DEPT_GENERAL,6,4,0.3333,1.5,39.5,0.395,16,1,1,0.1827,1,0.1561,13.141854,80.269386,26.0,151.0,4.333333333333333,0.3846
WIN-3073,2025-03-16,74,NIGHT_00_06,3,6,1,roads,DEPT_ROADS,1,1,0.0,1.0,9.03,0.0903,4,0,0,0.0185,0,0.3538,13.107461,80.251232,36.0,470.0,6.0,-0.8333
WIN-3077,2025-03-16,74,NIGHT_00_06,3,6,1,drainage,DEPT_DRAINAGE,1,1,0.0,1.0,30.62,0.3062,12,0,1,0.0344,0,0.1064,13.037761,80.243319,36.0,303.0,6.0,-0.8333
WIN-3081,2025-03-16,74,NIGHT_00_06,3,6,1,garbage,DEPT_SANITATION,2,2,0.0,1.0,37.18,0.3718,15,0,0,0.1109,1,0.612,13.138683,80.328901,28.0,373.0,4.666666666666667,-0.5714
WIN-3085,2025-03-16,74,NIGHT_00_06,3,6,1,water,DEPT_WATER,1,1,0.0,1.0,30.42,0.3042,12,0,0,0.2657,0,0.1935,13.176396,80.331113,23.0,265.0,3.8333333333333335,-0.7391
WIN-3089,2025-03-16,74,NIGHT_00_06,3,6,1,streetlights,DEPT_ELECTRICITY,3,1,0.6667,3.0,38.34,0.3834,15,0,1,0.0504,0,0.1238,13.044737,80.176096,28.0,232.0,4.666666666666667,-0.3571
WIN-3093,2025-03-16,74,NIGHT_00_06,3,6,1,infrastructure,DEPT_WORKS,0,0,0.0,1.0,14.93,0.1493,6,0,0,0.0,0,0.0,13.084277,80.303769,19.0,204.0,3.1666666666666665,-1.0
WIN-3097,2025-03-16,74,NIGHT_00_06,3,6,1,other,DEPT_GENERAL,1,1,0.0,1.0,27.46,0.2746,11,0,0,0.0187,0,0.0774,13.088487,80.288285,21.0,149.0,3.5,-0.7143
WIN-3074,2025-03-16,74,MORNING_06_12,9,6,1,roads,DEPT_ROADS,17,8,0.5294,2.12,41.17,0.4117,16,2,3,0.1159,9,0.5378,13.064391,80.229992,46.0,479.0,7.666666666666667,1.2174
WIN-3078,2025-03-16,74,MORNING_06_12,9,6,1,drainage,DEPT_DRAINAGE,11,7,0.3636,1.57,17.37,0.1737,7,0,8,0.0438,1,0.1019,13.060328,80.270098,39.0,306.0,6.5,0.6923
WIN-3082,2025-03-16,74,MORNING_06_12,9,6,1,garbage,DEPT_SANITATION,8,4,0.5,2.0,32.71,0.3271,13,1,1,0.1367,3,0.4167,13.079166,80.245761,31.0,374.0,5.166666666666667,0.5484
WIN-3086,2025-03-16,74,MORNING_06_12,9,6,1,water,DEPT_WATER,6,2,0.6667,3.0,31.77,0.3177,13,0,2,0.0108,1,0.1325,13.088465,80.251455,24.0,269.0,4.0,0.5
WIN-3090,2025-03-16,74,MORNING_06_12,9,6,1,streetlights,DEPT_ELECTRICITY,2,1,0.5,2.0,21.7,0.217,9,0,1,0.0774,1,0.4055,13.139466,80.321692,24.0,228.0,4.0,-0.5
WIN-3094,2025-03-16,74,MORNING_06_12,9,6,1,infrastructure,DEPT_WORKS,4,2,0.5,2.0,37.94,0.3794,15,0,1,0.0889,3,0.6286,13.089808,80.201098,18.0,202.0,3.0,0.3333
WIN-3098,2025-03-16,74,MORNING_06_12,9,6,1,other,DEPT_GENERAL,8,4,0.5,2.0,37.5,0.375,15,2,1,0.2232,2,0.2817,12.996725,80.237206,27.0,153.0,4.5,0.7778
WIN-3075,2025-03-16,74,AFTERNOON_12_18,15,6,1,roads,DEPT_ROADS,6,3,0.5,2.0,33.09,0.3309,13,1,2,0.1015,3,0.5668,13.169209,80.295454,50.0,483.0,8.333333333333334,-0.28
WIN-3079,2025-03-16,74,AFTERNOON_12_18,15,6,1,drainage,DEPT_DRAINAGE,1,1,0.0,1.0,5.09,0.0509,2,0,1,0.1362,0,0.3481,13.146638,80.264181,37.0,307.0,6.166666666666667,-0.8378
WIN-3083,2025-03-16,74,AFTERNOON_12_18,15,6,1,garbage,DEPT_SANITATION,11,5,0.5455,2.2,44.95,0.4495,18,1,5,0.0602,2,0.2211,13.172033,80.281995,41.0,382.0,6.833333333333333,0.6098
WIN-3087,2025-03-16,74,AFTERNOON_12_18,15,6,1,water,DEPT_WATER,6,5,0.1667,1.2,5.21,0.0521,2,0,3,0.007,2,0.3494,13.12444,80.249368,30.0,273.0,5.0,0.2
WIN-3091,2025-03-16,74,AFTERNOON_12_18,15,6,1,streetlights,DEPT_ELECTRICITY,4,2,0.5,2.0,19.73,0.1973,8,0,1,0.0292,1,0.2586,13.198944,80.321757,26.0,230.0,4.333333333333333,-0.0769
WIN-3095,2025-03-16,74,AFTERNOON_12_18,15,6,1,infrastructure,DEPT_WORKS,5,2,0.6,2.5,26.93,0.2693,11,0,1,0.0412,1,0.1316,13.141982,80.340953,23.0,206.0,3.8333333333333335,0.3043
WIN-3099,2025-03-16,74,AFTERNOON_12_18,15,6,1,other,DEPT_GENERAL,2,2,0.0,1.0,44.18,0.4418,18,0,1,0.096,1,0.3305,13.029881,80.233553,25.0,154.0,4.166666666666667,-0.52
WIN-3076,2025-03-16,74,EVENING_18_24,21,6,1,roads,DEPT_ROADS,10,7,0.3,1.43,38.73,0.3873,15,1,5,0.1007,3,0.2748,13.045552,80.320328,52.0,476.0,8.666666666666666,0.1538
WIN-3080,2025-03-16,74,EVENING_18_24,21,6,1,drainage,DEPT_DRAINAGE,4,2,0.5,2.0,16.49,0.1649,7,0,2,0.0151,2,0.5627,13.009064,80.223182,27.0,299.0,4.5,-0.1111
WIN-3084,2025-03-16,74,EVENING_18_24,21,6,1,garbage,DEPT_SANITATION,3,1,0.6667,3.0,12.23,0.1223,5,0,1,0.1582,1,0.1829,13.043853,80.196199,39.0,370.0,6.5,-0.5385
WIN-3088,2025-03-16,74,EVENING_18_24,21,6,1,water,DEPT_WATER,3,2,0.3333,1.5,50.96,0.5096,20,1,2,0.1735,1,0.3415,13.046015,80.278412,21.0,264.0,3.5,-0.1429
WIN-3092,2025-03-16,74,EVENING_18_24,21,6,1,streetlights,DEPT_ELECTRICITY,4,2,0.5,2.0,34.57,0.3457,14,1,1,0.139,3,0.8503,13.1097,80.272898,24.0,225.0,4.0,0.0
WIN-3096,2025-03-16,74,EVENING_18_24,21,6,1,infrastructure,DEPT_WORKS,4,2,0.5,2.0,13.68,0.1368,5,1,0,0.1641,1,0.2422,13.036484,80.265651,25.0,201.0,4.166666666666667,-0.04
WIN-3100,2025-03-16,74,EVENING_18_24,21,6,1,other,DEPT_GENERAL,2,1,0.5,2.0,3.29,0.0329,1,0,1,0.1468,0,0.1233,13.087057,80.213406,24.0,148.0,4.0,-0.5
WIN-3101,2025-03-17,75,NIGHT_00_06,3,0,0,roads,DEPT_ROADS,4,3,0.25,1.33,36.74,0.3674,15,1,1,0.1333,0,0.0692,13.073891,80.233413,44.0,473.0,7.333333333333333,-0.4545
WIN-3105,2025-03-17,75,NIGHT_00_06,3,0,0,drainage,DEPT_DRAINAGE,3,2,0.3333,1.5,60.65,0.6065,24,1,1,0.1918,1,0.3372,13.06935,80.194893,25.0,288.0,4.166666666666667,-0.28
WIN-3109,2025-03-17,75,NIGHT_00_06,3,0,0,garbage,DEPT_SANITATION,2,1,0.5,2.0,18.61,0.1861,7,0,1,0.123,0,0.0423,13.061214,80.325415,32.0,362.0,5.333333333333333,-0.625
WIN-3113,2025-03-17,75,NIGHT_00_06,3,0,0,water,DEPT_WATER,4,2,0.5,2.0,27.09,0.2709,11,0,1,0.0976,1,0.1629,13.101252,80.312918,22.0,259.0,3.6666666666666665,0.0909
WIN-3117,2025-03-17,75,NIGHT_00_06,3,0,0,streetlights,DEPT_ELECTRICITY,4,2,0.5,2.0,44.64,0.4464,18,0,1,0.066,0,0.108,13.049326,80.240149,20.0,224.0,3.3333333333333335,0.2
WIN-3121,2025-03-17,75,NIGHT_00_06,3,0,0,infrastructure,DEPT_WORKS,2,1,0.5,2.0,25.1,0.251,10,0,0,0.1326,1,0.282,13.158731,80.225268,22.0,196.0,3.6666666666666665,-0.4545
WIN-3125,2025-03-17,75,NIGHT_00_06,3,0,0,other,DEPT_GENERAL,3,2,0.3333,1.5,84.32,0.8432,34,0,1,0.1453,0,0.1483,13.135555,80.198573,22.0,146.0,3.6666666666666665,-0.1818
WIN-3102,2025-03-17,75,MORNING_06_12,9,0,0,roads,DEPT_ROADS,20,10,0.5,2.0,29.2,0.292,12,2,10,0.0787,4,0.202,13.117744,80.299122,58.0,481.0,9.666666666666666,1.069
WIN-3106,2025-03-17,75,MORNING_06_12,9,0,0,drainage,DEPT_DRAINAGE,14,6,0.5714,2.33,47.47,0.4747,19,4,6,0.2902,0,0.0154,13.169464,80.172764,34.0,295.0,5.666666666666667,1.4706
WIN-3110,2025-03-17,75,MORNING_06_12,9,0,0,garbage,DEPT_SANITATION,15,10,0.3333,1.5,35.54,0.3554,14,2,2,0.1637,1,0.0724,13.05182,80.263315,41.0,367.0,6.833333333333333,1.1951
WIN-3114,2025-03-17,75,MORNING_06_12,9,0,0,water,DEPT_WATER,5,2,0.6,2.5,30.6,0.306,12,0,1,0.042,0,0.0617,13.07087,80.294114,25.0,257.0,4.166666666666667,0.2
WIN-3118,2025-03-17,75,MORNING_06_12,9,0,0,streetlights,DEPT_ELECTRICITY,14,11,0.2143,1.27,20.77,0.2077,8,1,2,0.0949,4,0.2605,13.085235,80.315889,31.0,235.0,5.166666666666667,1.7097
WIN-3122,2025-03-17,75,MORNING_06_12,9,0,0,infrastructure,DEPT_WORKS,7,5,0.2857,1.4,33.72,0.3372,13,0,3,0.0304,0,0.0649,12.969715,80.307186,22.0,201.0,3.6666666666666665,0.9091
WIN-3126,2025-03-17,75,MORNING_06_12,9,0,0,other,DEPT_GENERAL,7,5,0.2857,1.4,21.56,0.2156,9,3,0,0.3934,1,0.1434,13.149693,80.263428,23.0,153.0,3.8333333333333335,0.8261
WIN-3103,2025-03-17,75,AFTERNOON_12_18,15,0,0,roads,DEPT_ROADS,24,10,0.5833,2.4,20.11,0.2011,8,0,7,0.0041,1,0.0512,13.136115,80.310118,81.0,503.0,13.5,0.7778
WIN-3107,2025-03-17,75,AFTERNOON_12_18,15,0,0,drainage,DEPT_DRAINAGE,17,7,0.5882,2.43,8.35,0.0835,3,0,4,0.0087,1,0.0535,13.049106,80.294031,50.0,310.0,8.333333333333334,1.04
WIN-3111,2025-03-17,75,AFTERNOON_12_18,15,0,0,garbage,DEPT_SANITATION,11,4,0.6364,2.75,23.07,0.2307,9,1,4,0.0748,1,0.0833,13.037708,80.261664,50.0,377.0,8.333333333333334,0.32
WIN-3115,2025-03-17,75,AFTERNOON_12_18,15,0,0,water,DEPT_WATER,6,2,0.6667,3.0,65.29,0.6529,26,0,1,0.0582,1,0.1597,13.138744,80.165325,30.0,260.0,5.0,0.2
WIN-3119,2025-03-17,75,AFTERNOON_12_18,15,0,0,streetlights,DEPT_ELECTRICITY,7,5,0.2857,1.4,14.83,0.1483,6,1,1,0.1434,0,0.0563,13.072586,80.33293,35.0,241.0,5.833333333333333,0.2
WIN-3123,2025-03-17,75,AFTERNOON_12_18,15,0,0,infrastructure,DEPT_WORKS,6,3,0.5,2.0,35.49,0.3549,14,1,1,0.2384,2,0.2636,13.041793,80.308981,28.0,206.0,4.666666666666667,0.2857
WIN-3127,2025-03-17,75,AFTERNOON_12_18,15,0,0,other,DEPT_GENERAL,6,3,0.5,2.0,33.5,0.335,13,0,1,0.0067,0,0.076,12.984873,80.274638,28.0,158.0,4.666666666666667,0.2857
WIN-3104,2025-03-17,75,EVENING_18_24,21,0,0,roads,DEPT_ROADS,12,6,0.5,2.0,55.27,0.5527,22,0,2,0.0208,1,0.0711,13.123389,80.283263,76.0,494.0,12.666666666666666,-0.0526
WIN-3108,2025-03-17,75,EVENING_18_24,21,0,0,drainage,DEPT_DRAINAGE,9,4,0.5556,2.25,29.24,0.2924,12,0,3,0.0015,2,0.2378,13.052262,80.289322,48.0,310.0,8.0,0.125
WIN-3112,2025-03-17,75,EVENING_18_24,21,0,0,garbage,DEPT_SANITATION,9,4,0.5556,2.25,14.9,0.149,6,0,2,0.0513,2,0.1747,13.154354,80.341005,51.0,371.0,8.5,0.0588
WIN-3116,2025-03-17,75,EVENING_18_24,21,0,0,water,DEPT_WATER,5,3,0.4,1.67,38.63,0.3863,15,0,1,0.0356,2,0.413,12.990687,80.142352,29.0,250.0,4.833333333333333,0.0345
WIN-3120,2025-03-17,75,EVENING_18_24,21,0,0,streetlights,DEPT_ELECTRICITY,8,3,0.625,2.67,55.13,0.5513,22,3,3,0.3683,2,0.2944,13.107748,80.232861,41.0,238.0,6.833333333333333,0.1707
WIN-3124,2025-03-17,75,EVENING_18_24,21,0,0,infrastructure,DEPT_WORKS,7,3,0.5714,2.33,41.76,0.4176,17,1,2,0.1299,1,0.1519,13.044515,80.193555,31.0,202.0,5.166666666666667,0.3548
WIN-3128,2025-03-17,75,EVENING_18_24,21,0,0,other,DEPT_GENERAL,7,3,0.5714,2.33,54.62,0.5462,22,0,3,0.0085,3,0.4136,13.154066,80.189484,27.0,160.0,4.5,0.5556
WIN-3129,2025-03-18,76,NIGHT_00_06,3,1,0,roads,DEPT_ROADS,3,1,0.6667,3.0,26.69,0.2669,11,0,1,0.1004,0,0.1543,13.111401,80.341417,73.0,483.0,12.166666666666666,-0.7534
WIN-3133,2025-03-18,76,NIGHT_00_06,3,1,0,drainage,DEPT_DRAINAGE,1,1,0.0,1.0,17.91,0.1791,7,0,0,0.1231,0,0.2265,13.049962,80.215868,48.0,302.0,8.0,-0.875
WIN-3137,2025-03-18,76,NIGHT_00_06,3,1,0,garbage,DEPT_SANITATION,3,2,0.3333,1.5,33.83,0.3383,14,0,1,0.0744,0,0.1087,13.110024,80.224604,43.0,361.0,7.166666666666667,-0.5814
WIN-3141,2025-03-18,76,NIGHT_00_06,3,1,0,water,DEPT_WATER,1,1,0.0,1.0,44.23,0.4423,18,0,0,0.036,0,0.1692,13.121186,80.234429,24.0,242.0,4.0,-0.75
WIN-3145,2025-03-18,76,NIGHT_00_06,3,1,0,streetlights,DEPT_ELECTRICITY,0,0,0.0,1.0,7.18,0.0718,3,0,0,0.0,0,0.0,13.070085,80.252075,37.0,230.0,6.166666666666667,-1.0
WIN-3149,2025-03-18,76,NIGHT_00_06,3,1,0,infrastructure,DEPT_WORKS,0,0,0.0,1.0,50.72,0.5072,20,0,0,0.0,0,0.0,13.096175,80.207795,26.0,196.0,4.333333333333333,-1.0
WIN-3153,2025-03-18,76,NIGHT_00_06,3,1,0,other,DEPT_GENERAL,1,1,0.0,1.0,3.3,0.033,1,0,0,0.0225,0,0.0431,13.174558,80.30677,26.0,151.0,4.333333333333333,-0.7692
WIN-3130,2025-03-18,76,MORNING_06_12,9,1,0,roads,DEPT_ROADS,20,8,0.6,2.5,31.1,0.311,12,0,11,0.0173,3,0.1284,12.978926,80.246915,83.0,490.0,13.833333333333334,0.4458
WIN-3134,2025-03-18,76,MORNING_06_12,9,1,0,drainage,DEPT_DRAINAGE,19,9,0.5263,2.11,46.42,0.4642,19,4,11,0.2335,4,0.2002,13.061705,80.261514,63.0,307.0,10.5,0.8095
WIN-3138,2025-03-18,76,MORNING_06_12,9,1,0,garbage,DEPT_SANITATION,16,7,0.5625,2.29,38.42,0.3842,15,1,7,0.0476,3,0.2019,13.233193,80.349968,56.0,368.0,9.333333333333334,0.7143
WIN-3142,2025-03-18,76,MORNING_06_12,9,1,0,water,DEPT_WATER,13,6,0.5385,2.17,42.63,0.4263,17,2,7,0.1542,4,0.2931,13.009898,80.268154,34.0,247.0,5.666666666666667,1.2941
WIN-3146,2025-03-18,76,MORNING_06_12,9,1,0,streetlights,DEPT_ELECTRICITY,11,4,0.6364,2.75,42.14,0.4214,17,2,6,0.1498,1,0.125,13.042378,80.266481,44.0,236.0,7.333333333333333,0.5
WIN-3150,2025-03-18,76,MORNING_06_12,9,1,0,infrastructure,DEPT_WORKS,12,7,0.4167,1.71,41.66,0.4166,17,2,5,0.1282,0,0.0052,13.086249,80.260952,34.0,205.0,5.666666666666667,1.1176
WIN-3154,2025-03-18,76,MORNING_06_12,9,1,0,other,DEPT_GENERAL,4,3,0.25,1.33,17.48,0.1748,7,0,3,0.086,0,0.0775,13.085588,80.22237,28.0,150.0,4.666666666666667,-0.1429
WIN-3131,2025-03-18,76,AFTERNOON_12_18,15,1,0,roads,DEPT_ROADS,21,12,0.4286,1.75,9.69,0.0969,4,2,4,0.089,0,0.0027,13.102482,80.233764,100.0,509.0,16.666666666666668,0.26
WIN-3135,2025-03-18,76,AFTERNOON_12_18,15,1,0,drainage,DEPT_DRAINAGE,9,6,0.3333,1.5,33.23,0.3323,13,1,0,0.1035,1,0.1429,13.087791,80.23531,69.0,316.0,11.5,-0.2174
WIN-3139,2025-03-18,76,AFTERNOON_12_18,15,1,0,garbage,DEPT_SANITATION,17,8,0.5294,2.12,46.7,0.467,19,0,0,0.0143,1,0.0406,13.148493,80.278114,71.0,384.0,11.833333333333334,0.4366
WIN-3143,2025-03-18,76,AFTERNOON_12_18,15,1,0,water,DEPT_WATER,8,3,0.625,2.67,10.7,0.107,4,2,1,0.2967,1,0.0961,13.069315,80.223341,38.0,255.0,6.333333333333333,0.2632
WIN-3147,2025-03-18,76,AFTERNOON_12_18,15,1,0,streetlights,DEPT_ELECTRICITY,7,4,0.4286,1.75,71.36,0.7136,29,2,4,0.2687,1,0.1041,13.14742,80.300326,47.0,243.0,7.833333333333333,-0.1064
WIN-3151,2025-03-18,76,AFTERNOON_12_18,15,1,0,infrastructure,DEPT_WORKS,3,2,0.3333,1.5,32.52,0.3252,13,0,1,0.0698,0,0.0408,13.121195,80.288773,35.0,208.0,5.833333333333333,-0.4857
WIN-3155,2025-03-18,76,AFTERNOON_12_18,15,1,0,other,DEPT_GENERAL,4,2,0.5,2.0,21.87,0.2187,9,1,1,0.1425,1,0.1337,13.085588,80.31166,29.0,151.0,4.833333333333333,-0.1724
WIN-3132,2025-03-18,76,EVENING_18_24,21,1,0,roads,DEPT_ROADS,11,6,0.4545,1.83,25.49,0.2549,10,5,2,0.4135,5,0.4292,13.012804,80.232156,91.0,509.0,15.166666666666666,-0.2747
WIN-3136,2025-03-18,76,EVENING_18_24,21,1,0,drainage,DEPT_DRAINAGE,7,3,0.5714,2.33,14.23,0.1423,6,0,5,0.0134,1,0.1004,12.988131,80.194835,62.0,314.0,10.333333333333334,-0.3226
WIN-3140,2025-03-18,76,EVENING_18_24,21,1,0,garbage,DEPT_SANITATION,6,4,0.3333,1.5,18.27,0.1827,7,0,1,0.038,3,0.5754,13.125697,80.246733,62.0,381.0,10.333333333333334,-0.4194
WIN-3144,2025-03-18,76,EVENING_18_24,21,1,0,water,DEPT_WATER,12,9,0.25,1.33,51.31,0.5131,21,1,1,0.057,3,0.2156,13.095018,80.222772,45.0,259.0,7.5,0.6
WIN-3148,2025-03-18,76,EVENING_18_24,21,1,0,streetlights,DEPT_ELECTRICITY,5,3,0.4,1.67,33.5,0.335,13,0,2,0.0069,0,0.0527,13.124263,80.262211,38.0,242.0,6.333333333333333,-0.2105
WIN-3152,2025-03-18,76,EVENING_18_24,21,1,0,infrastructure,DEPT_WORKS,4,2,0.5,2.0,39.29,0.3929,16,1,1,0.1327,2,0.5595,13.096548,80.299279,32.0,210.0,5.333333333333333,-0.25
WIN-3156,2025-03-18,76,EVENING_18_24,21,1,0,other,DEPT_GENERAL,1,1,0.0,1.0,21.8,0.218,9,0,1,0.1316,0,0.2221,13.017254,80.36054,23.0,151.0,3.8333333333333335,-0.7391
WIN-3157,2025-03-19,77,NIGHT_00_06,3,2,0,roads,DEPT_ROADS,2,1,0.5,2.0,39.25,0.3925,16,1,0,0.3343,0,0.0437,13.014916,80.281689,69.0,498.0,11.5,-0.8261
WIN-3161,2025-03-19,77,NIGHT_00_06,3,2,0,drainage,DEPT_DRAINAGE,4,3,0.25,1.33,30.02,0.3002,12,0,2,0.0016,1,0.2831,13.177657,80.307346,49.0,311.0,8.166666666666666,-0.5102
WIN-3165,2025-03-19,77,NIGHT_00_06,3,2,0,garbage,DEPT_SANITATION,2,1,0.5,2.0,7.73,0.0773,3,1,0,0.2767,0,0.1264,13.10593,80.280052,53.0,375.0,8.833333333333334,-0.7736
WIN-3169,2025-03-19,77,NIGHT_00_06,3,2,0,water,DEPT_WATER,1,1,0.0,1.0,51.48,0.5148,21,0,0,0.0927,0,0.0083,13.044235,80.319592,40.0,252.0,6.666666666666667,-0.85
WIN-3173,2025-03-19,77,NIGHT_00_06,3,2,0,streetlights,DEPT_ELECTRICITY,2,1,0.5,2.0,26.8,0.268,11,0,0,0.0902,0,0.0246,13.079877,80.310938,33.0,236.0,5.5,-0.6364
WIN-3177,2025-03-19,77,NIGHT_00_06,3,2,0,infrastructure,DEPT_WORKS,1,1,0.0,1.0,51.09,0.5109,20,0,0,0.0048,0,0.2279,13.118034,80.239882,27.0,206.0,4.5,-0.7778
WIN-3181,2025-03-19,77,NIGHT_00_06,3,2,0,other,DEPT_GENERAL,1,1,0.0,1.0,15.07,0.1507,6,0,0,0.0491,1,0.5016,13.074981,80.301629,18.0,149.0,3.0,-0.6667
WIN-3158,2025-03-19,77,MORNING_06_12,9,2,0,roads,DEPT_ROADS,23,10,0.5652,2.3,24.81,0.2481,10,1,7,0.0314,3,0.1322,13.09038,80.38512,80.0,518.0,13.333333333333334,0.725
WIN-3162,2025-03-19,77,MORNING_06_12,9,2,0,drainage,DEPT_DRAINAGE,13,5,0.6154,2.6,30.69,0.3069,12,1,3,0.077,3,0.2102,13.075754,80.330964,53.0,320.0,8.833333333333334,0.4717
WIN-3166,2025-03-19,77,MORNING_06_12,9,2,0,garbage,DEPT_SANITATION,21,17,0.1905,1.24,28.68,0.2868,11,2,4,0.1183,5,0.2265,13.01529,80.249981,65.0,393.0,10.833333333333334,0.9385
WIN-3170,2025-03-19,77,MORNING_06_12,9,2,0,water,DEPT_WATER,15,7,0.5333,2.14,31.89,0.3189,13,3,7,0.1733,2,0.1257,13.002074,80.348219,50.0,265.0,8.333333333333334,0.8
WIN-3174,2025-03-19,77,MORNING_06_12,9,2,0,streetlights,DEPT_ELECTRICITY,14,6,0.5714,2.33,49.88,0.4988,20,1,7,0.0777,0,0.0308,13.065604,80.253671,39.0,246.0,6.5,1.1538
WIN-3178,2025-03-19,77,MORNING_06_12,9,2,0,infrastructure,DEPT_WORKS,8,6,0.25,1.33,23.81,0.2381,10,0,3,0.0197,1,0.138,12.997884,80.156506,28.0,211.0,4.666666666666667,0.7143
WIN-3182,2025-03-19,77,MORNING_06_12,9,2,0,other,DEPT_GENERAL,9,5,0.4444,1.8,43.01,0.4301,17,0,2,0.0173,1,0.1257,13.212847,80.25037,20.0,158.0,3.3333333333333335,1.7
WIN-3159,2025-03-19,77,AFTERNOON_12_18,15,2,0,roads,DEPT_ROADS,19,14,0.2632,1.36,21.37,0.2137,9,0,13,0.0244,0,0.0149,13.073583,80.259386,96.0,536.0,16.0,0.1875
WIN-3163,2025-03-19,77,AFTERNOON_12_18,15,2,0,drainage,DEPT_DRAINAGE,10,5,0.5,2.0,32.38,0.3238,13,4,0,0.4316,2,0.1516,13.039337,80.29688,62.0,328.0,10.333333333333334,-0.0323
WIN-3167,2025-03-19,77,AFTERNOON_12_18,15,2,0,garbage,DEPT_SANITATION,14,7,0.5,2.0,40.99,0.4099,16,1,4,0.1058,1,0.0543,13.030207,80.273412,76.0,404.0,12.666666666666666,0.1053
WIN-3171,2025-03-19,77,AFTERNOON_12_18,15,2,0,water,DEPT_WATER,14,7,0.5,2.0,25.47,0.2547,10,1,7,0.0375,2,0.1559,13.051695,80.232437,63.0,279.0,10.5,0.3333
WIN-3175,2025-03-19,77,AFTERNOON_12_18,15,2,0,streetlights,DEPT_ELECTRICITY,9,7,0.2222,1.29,49.76,0.4976,20,2,4,0.1984,1,0.1362,13.116191,80.335673,48.0,255.0,8.0,0.125
WIN-3179,2025-03-19,77,AFTERNOON_12_18,15,2,0,infrastructure,DEPT_WORKS,7,3,0.5714,2.33,3.05,0.0305,1,1,4,0.0969,2,0.3358,13.080167,80.288899,35.0,218.0,5.833333333333333,0.2
WIN-3183,2025-03-19,77,AFTERNOON_12_18,15,2,0,other,DEPT_GENERAL,5,3,0.4,1.67,9.37,0.0937,4,0,2,0.0382,0,0.0877,13.100965,80.232144,24.0,161.0,4.0,0.25
WIN-3160,2025-03-19,77,EVENING_18_24,21,2,0,roads,DEPT_ROADS,14,5,0.6429,2.8,26.4,0.264,11,1,6,0.0731,3,0.2269,13.050191,80.301446,90.0,533.0,15.0,-0.0667
WIN-3164,2025-03-19,77,EVENING_18_24,21,2,0,drainage,DEPT_DRAINAGE,6,5,0.1667,1.2,51.85,0.5185,21,1,2,0.1034,4,0.6132,13.060041,80.24784,49.0,328.0,8.166666666666666,-0.2653
WIN-3168,2025-03-19,77,EVENING_18_24,21,2,0,garbage,DEPT_SANITATION,8,5,0.375,1.6,12.35,0.1235,5,1,3,0.1262,6,0.7037,13.085173,80.362663,68.0,407.0,11.333333333333334,-0.2941
WIN-3172,2025-03-19,77,EVENING_18_24,21,2,0,water,DEPT_WATER,6,3,0.5,2.0,26.77,0.2677,11,0,2,0.0444,4,0.5846,13.054781,80.202641,56.0,275.0,9.333333333333334,-0.3571
WIN-3176,2025-03-19,77,EVENING_18_24,21,2,0,streetlights,DEPT_ELECTRICITY,6,2,0.6667,3.0,26.33,0.2633,11,0,3,0.0763,1,0.1566,13.080643,80.332155,43.0,256.0,7.166666666666667,-0.1628
WIN-3180,2025-03-19,77,EVENING_18_24,21,2,0,infrastructure,DEPT_WORKS,3,1,0.6667,3.0,30.92,0.3092,12,0,1,0.0772,0,0.1314,13.126649,80.313843,26.0,218.0,4.333333333333333,-0.3077
WIN-3184,2025-03-19,77,EVENING_18_24,21,2,0,other,DEPT_GENERAL,3,2,0.3333,1.5,43.98,0.4398,18,1,1,0.1901,1,0.2283,13.066088,80.342423,23.0,162.0,3.8333333333333335,-0.2174
WIN-3185,2025-03-20,78,NIGHT_00_06,3,3,0,roads,DEPT_ROADS,2,1,0.5,2.0,24.83,0.2483,10,0,1,0.0558,1,0.3249,13.036528,80.271733,71.0,526.0,11.833333333333334,-0.831
WIN-3189,2025-03-20,78,NIGHT_00_06,3,3,0,drainage,DEPT_DRAINAGE,4,1,0.75,4.0,36.5,0.365,15,0,2,0.0304,1,0.1922,13.130372,80.280583,44.0,326.0,7.333333333333333,-0.4545
WIN-3193,2025-03-20,78,NIGHT_00_06,3,3,0,garbage,DEPT_SANITATION,2,1,0.5,2.0,28.66,0.2866,11,1,1,0.4271,0,0.0074,13.066691,80.25119,53.0,400.0,8.833333333333334,-0.7736
WIN-3197,2025-03-20,78,NIGHT_00_06,3,3,0,water,DEPT_WATER,1,1,0.0,1.0,0.9,0.009,0,0,0,0.1651,0,0.0124,13.02602,80.257962,49.0,270.0,8.166666666666666,-0.8776
WIN-3201,2025-03-20,78,NIGHT_00_06,3,3,0,streetlights,DEPT_ELECTRICITY,2,1,0.5,2.0,21.32,0.2132,9,0,1,0.1351,0,0.0309,13.103166,80.169865,38.0,252.0,6.333333333333333,-0.6842
WIN-3205,2025-03-20,78,NIGHT_00_06,3,3,0,infrastructure,DEPT_WORKS,0,0,0.0,1.0,23.04,0.2304,9,0,0,0.0,0,0.0,13.141286,80.257994,23.0,212.0,3.8333333333333335,-1.0
WIN-3209,2025-03-20,78,NIGHT_00_06,3,3,0,other,DEPT_GENERAL,4,2,0.5,2.0,10.81,0.1081,4,1,1,0.2909,0,0.007,13.073214,80.262009,23.0,162.0,3.8333333333333335,0.0435
WIN-3186,2025-03-20,78,MORNING_06_12,9,3,0,roads,DEPT_ROADS,22,10,0.5455,2.2,57.39,0.5739,23,1,1,0.0256,3,0.1377,13.113233,80.349398,82.0,541.0,13.666666666666666,0.6098
WIN-3190,2025-03-20,78,MORNING_06_12,9,3,0,drainage,DEPT_DRAINAGE,8,4,0.5,2.0,13.65,0.1365,5,1,3,0.1335,2,0.3037,13.071538,80.337354,45.0,333.0,7.5,0.0667
WIN-3194,2025-03-20,78,MORNING_06_12,9,3,0,garbage,DEPT_SANITATION,15,9,0.4,1.67,50.34,0.5034,20,3,8,0.1731,1,0.0846,13.092153,80.297603,62.0,406.0,10.333333333333334,0.4516
WIN-3198,2025-03-20,78,MORNING_06_12,9,3,0,water,DEPT_WATER,10,5,0.5,2.0,9.86,0.0986,4,0,4,0.0226,1,0.0982,13.052106,80.295715,47.0,277.0,7.833333333333333,0.2766
WIN-3202,2025-03-20,78,MORNING_06_12,9,3,0,streetlights,DEPT_ELECTRICITY,8,4,0.5,2.0,31.67,0.3167,13,0,2,0.0172,2,0.2649,13.094604,80.238969,41.0,257.0,6.833333333333333,0.1707
WIN-3206,2025-03-20,78,MORNING_06_12,9,3,0,infrastructure,DEPT_WORKS,8,3,0.625,2.67,29.58,0.2958,12,2,1,0.197,1,0.0868,13.013931,80.411775,27.0,217.0,4.5,0.7778
WIN-3210,2025-03-20,78,MORNING_06_12,9,3,0,other,DEPT_GENERAL,4,2,0.5,2.0,45.08,0.4508,18,0,1,0.0979,1,0.2523,13.030587,80.223986,26.0,166.0,4.333333333333333,-0.0769
WIN-3187,2025-03-20,78,AFTERNOON_12_18,15,3,0,roads,DEPT_ROADS,15,12,0.2,1.25,57.46,0.5746,23,1,3,0.0821,1,0.0916,13.049859,80.333969,95.0,552.0,15.833333333333334,-0.0526
WIN-3191,2025-03-20,78,AFTERNOON_12_18,15,3,0,drainage,DEPT_DRAINAGE,9,4,0.5556,2.25,53.02,0.5302,21,0,2,0.0202,1,0.0877,13.117778,80.252078,50.0,342.0,8.333333333333334,0.08
WIN-3195,2025-03-20,78,AFTERNOON_12_18,15,3,0,garbage,DEPT_SANITATION,13,10,0.2308,1.3,12.05,0.1205,5,1,4,0.0405,1,0.0414,13.146262,80.344245,73.0,415.0,12.166666666666666,0.0685
WIN-3199,2025-03-20,78,AFTERNOON_12_18,15,3,0,water,DEPT_WATER,7,4,0.4286,1.75,9.54,0.0954,4,0,1,0.0501,1,0.1177,13.117207,80.191252,53.0,281.0,8.833333333333334,-0.2075
WIN-3203,2025-03-20,78,AFTERNOON_12_18,15,3,0,streetlights,DEPT_ELECTRICITY,7,4,0.4286,1.75,31.16,0.3116,12,3,2,0.4212,1,0.0838,13.033143,80.218935,46.0,261.0,7.666666666666667,-0.087
WIN-3207,2025-03-20,78,AFTERNOON_12_18,15,3,0,infrastructure,DEPT_WORKS,6,4,0.3333,1.5,38.86,0.3886,16,0,2,0.0671,1,0.2388,13.073218,80.255615,32.0,221.0,5.333333333333333,0.125
WIN-3211,2025-03-20,78,AFTERNOON_12_18,15,3,0,other,DEPT_GENERAL,8,5,0.375,1.6,10.71,0.1071,4,1,3,0.0921,1,0.1482,13.169585,80.322312,33.0,172.0,5.5,0.4545
WIN-3188,2025-03-20,78,EVENING_18_24,21,3,0,roads,DEPT_ROADS,11,6,0.4545,1.83,25.25,0.2525,10,0,6,0.0312,8,0.7655,12.995636,80.297545,83.0,548.0,13.833333333333334,-0.2048
WIN-3192,2025-03-20,78,EVENING_18_24,21,3,0,drainage,DEPT_DRAINAGE,4,3,0.25,1.33,63.0,0.63,25,0,1,0.0781,1,0.2439,12.99376,80.210622,41.0,331.0,6.833333333333333,-0.4146
WIN-3196,2025-03-20,78,EVENING_18_24,21,3,0,garbage,DEPT_SANITATION,12,9,0.25,1.33,15.42,0.1542,6,1,2,0.0615,1,0.0493,13.118315,80.267408,64.0,409.0,10.666666666666666,0.125
WIN-3200,2025-03-20,78,EVENING_18_24,21,3,0,water,DEPT_WATER,5,3,0.4,1.67,30.47,0.3047,12,0,3,0.0859,3,0.6066,13.103019,80.215262,43.0,274.0,7.166666666666667,-0.3023
WIN-3204,2025-03-20,78,EVENING_18_24,21,3,0,streetlights,DEPT_ELECTRICITY,13,6,0.5385,2.17,33.18,0.3318,13,3,8,0.2602,8,0.5982,13.123856,80.250015,45.0,259.0,7.5,0.7333
WIN-3208,2025-03-20,78,EVENING_18_24,21,3,0,infrastructure,DEPT_WORKS,6,2,0.6667,3.0,24.88,0.2488,10,0,1,0.0799,1,0.131,13.144074,80.224446,30.0,220.0,5.0,0.2
WIN-3212,2025-03-20,78,EVENING_18_24,21,3,0,other,DEPT_GENERAL,6,2,0.6667,3.0,40.88,0.4088,16,0,2,0.0128,3,0.4903,13.136308,80.371584,30.0,170.0,5.0,0.2
WIN-3213,2025-03-21,79,NIGHT_00_06,3,4,0,roads,DEPT_ROADS,3,1,0.6667,3.0,8.91,0.0891,4,0,1,0.0375,1,0.2377,13.136838,80.300605,67.0,530.0,11.166666666666666,-0.7313
WIN-3217,2025-03-21,79,NIGHT_00_06,3,4,0,drainage,DEPT_DRAINAGE,1,1,0.0,1.0,20.27,0.2027,8,0,1,0.0109,0,0.0593,13.05062,80.318776,32.0,327.0,5.333333333333333,-0.8125
WIN-3221,2025-03-21,79,NIGHT_00_06,3,4,0,garbage,DEPT_SANITATION,5,3,0.4,1.67,50.73,0.5073,20,0,2,0.0651,0,0.0853,13.094476,80.287509,55.0,394.0,9.166666666666666,-0.4545
WIN-3225,2025-03-21,79,NIGHT_00_06,3,4,0,water,DEPT_WATER,1,1,0.0,1.0,25.98,0.2598,10,0,0,0.0698,0,0.0005,13.080515,80.323501,30.0,263.0,5.0,-0.8
WIN-3229,2025-03-21,79,NIGHT_00_06,3,4,0,streetlights,DEPT_ELECTRICITY,1,1,0.0,1.0,18.79,0.1879,8,0,0,0.1023,0,0.0036,13.147008,80.306743,37.0,254.0,6.166666666666667,-0.8378
WIN-3233,2025-03-21,79,NIGHT_00_06,3,4,0,infrastructure,DEPT_WORKS,1,1,0.0,1.0,44.81,0.4481,18,0,0,0.0068,0,0.2459,13.073492,80.25999,24.0,214.0,4.0,-0.75
WIN-3237,2025-03-21,79,NIGHT_00_06,3,4,0,other,DEPT_GENERAL,1,1,0.0,1.0,25.71,0.2571,10,0,0,0.0938,0,0.0844,13.122524,80.29904,26.0,167.0,4.333333333333333,-0.7692
WIN-3214,2025-03-21,79,MORNING_06_12,9,4,0,roads,DEPT_ROADS,26,11,0.5769,2.36,43.16,0.4316,17,2,14,0.0824,1,0.0539,13.068584,80.346769,79.0,542.0,13.166666666666666,0.9747
WIN-3218,2025-03-21,79,MORNING_06_12,9,4,0,drainage,DEPT_DRAINAGE,10,8,0.2,1.25,18.76,0.1876,8,3,3,0.2803,0,0.0374,13.098034,80.302704,36.0,327.0,6.0,0.6667
WIN-3222,2025-03-21,79,MORNING_06_12,9,4,0,garbage,DEPT_SANITATION,20,15,0.25,1.33,27.3,0.273,11,1,6,0.046,4,0.1829,13.062207,80.263932,67.0,403.0,11.166666666666666,0.791
WIN-3226,2025-03-21,79,MORNING_06_12,9,4,0,water,DEPT_WATER,10,4,0.6,2.5,25.1,0.251,10,0,1,0.0444,3,0.3349,12.983392,80.307178,34.0,268.0,5.666666666666667,0.7647
WIN-3230,2025-03-21,79,MORNING_06_12,9,4,0,streetlights,DEPT_ELECTRICITY,5,2,0.6,2.5,26.75,0.2675,11,2,3,0.317,1,0.2923,13.024105,80.254594,36.0,254.0,6.0,-0.1667
WIN-3234,2025-03-21,79,MORNING_06_12,9,4,0,infrastructure,DEPT_WORKS,8,6,0.25,1.33,31.41,0.3141,13,0,3,0.0025,0,0.0341,13.122422,80.264223,29.0,218.0,4.833333333333333,0.6552
WIN-3238,2025-03-21,79,MORNING_06_12,9,4,0,other,DEPT_GENERAL,8,4,0.5,2.0,47.24,0.4724,19,1,3,0.089,0,0.0222,13.079902,80.323784,31.0,175.0,5.166666666666667,0.5484
WIN-3215,2025-03-21,79,AFTERNOON_12_18,15,4,0,roads,DEPT_ROADS,18,12,0.3333,1.5,33.73,0.3373,13,5,5,0.2593,3,0.1829,13.110847,80.268797,95.0,556.0,15.833333333333334,0.1368
WIN-3219,2025-03-21,79,AFTERNOON_12_18,15,4,0,drainage,DEPT_DRAINAGE,10,6,0.4,1.67,52.25,0.5225,21,1,3,0.0556,2,0.1874,13.065661,80.264342,42.0,336.0,7.0,0.4286
WIN-3223,2025-03-21,79,AFTERNOON_12_18,15,4,0,garbage,DEPT_SANITATION,16,8,0.5,2.0,35.17,0.3517,14,2,4,0.1058,0,0.0075,13.05218,80.249017,81.0,417.0,13.5,0.1852
WIN-3227,2025-03-21,79,AFTERNOON_12_18,15,4,0,water,DEPT_WATER,11,5,0.5455,2.2,47.26,0.4726,19,2,3,0.1915,1,0.0708,13.04676,80.28714,44.0,276.0,7.333333333333333,0.5
WIN-3231,2025-03-21,79,AFTERNOON_12_18,15,4,0,streetlights,DEPT_ELECTRICITY,6,4,0.3333,1.5,31.35,0.3135,13,0,1,0.0045,1,0.1174,13.124765,80.233948,40.0,260.0,6.666666666666667,-0.1
WIN-3235,2025-03-21,79,AFTERNOON_12_18,15,4,0,infrastructure,DEPT_WORKS,8,5,0.375,1.6,66.13,0.6613,26,1,1,0.1395,2,0.3111,13.091365,80.236126,37.0,224.0,6.166666666666667,0.2973
WIN-3239,2025-03-21,79,AFTERNOON_12_18,15,4,0,other,DEPT_GENERAL,5,4,0.2,1.25,20.61,0.2061,8,1,0,0.1336,2,0.4048,13.046565,80.247662,32.0,180.0,5.333333333333333,-0.0625
WIN-3216,2025-03-21,79,EVENING_18_24,21,4,0,roads,DEPT_ROADS,13,5,0.6154,2.6,24.84,0.2484,10,3,6,0.2556,5,0.3968,13.042918,80.246087,86.0,542.0,14.333333333333334,-0.093
WIN-3220,2025-03-21,79,EVENING_18_24,21,4,0,drainage,DEPT_DRAINAGE,14,5,0.6429,2.8,23.73,0.2373,9,1,5,0.0984,2,0.1784,13.137175,80.332468,48.0,338.0,8.0,0.75
WIN-3224,2025-03-21,79,EVENING_18_24,21,4,0,garbage,DEPT_SANITATION,10,6,0.4,1.67,50.16,0.5016,20,1,3,0.0958,2,0.2375,13.058198,80.306119,76.0,406.0,12.666666666666666,-0.2105
WIN-3228,2025-03-21,79,EVENING_18_24,21,4,0,water,DEPT_WATER,8,5,0.375,1.6,18.23,0.1823,7,2,0,0.2033,1,0.1872,13.000624,80.288942,42.0,275.0,7.0,0.1429
WIN-3232,2025-03-21,79,EVENING_18_24,21,4,0,streetlights,DEPT_ELECTRICITY,2,1,0.5,2.0,20.9,0.209,8,0,1,0.1502,0,0.1594,13.095014,80.391438,34.0,254.0,5.666666666666667,-0.6471
WIN-3236,2025-03-21,79,EVENING_18_24,21,4,0,infrastructure,DEPT_WORKS,1,1,0.0,1.0,23.73,0.2373,9,0,0,0.1223,0,0.1831,13.037977,80.237153,30.0,210.0,5.0,-0.8
WIN-3240,2025-03-21,79,EVENING_18_24,21,4,0,other,DEPT_GENERAL,4,3,0.25,1.33,22.16,0.2216,9,0,1,0.0491,1,0.3357,13.089311,80.26696,32.0,178.0,5.333333333333333,-0.25
WIN-3241,2025-03-22,80,NIGHT_00_06,3,5,1,roads,DEPT_ROADS,2,1,0.5,2.0,71.75,0.7175,29,0,0,0.0886,0,0.0773,13.17236,80.276451,73.0,522.0,12.166666666666666,-0.8356
WIN-3245,2025-03-22,80,NIGHT_00_06,3,5,1,drainage,DEPT_DRAINAGE,3,2,0.3333,1.5,30.44,0.3044,12,1,0,0.1959,0,0.0816,13.025266,80.258064,42.0,329.0,7.0,-0.5714
WIN-3249,2025-03-22,80,NIGHT_00_06,3,5,1,garbage,DEPT_SANITATION,2,2,0.0,1.0,46.26,0.4626,19,0,1,0.1578,1,0.7156,13.140667,80.30062,65.0,395.0,10.833333333333334,-0.8154
WIN-3253,2025-03-22,80,NIGHT_00_06,3,5,1,water,DEPT_WATER,0,0,0.0,1.0,1.85,0.0185,1,0,0,0.0,0,0.0,13.094655,80.298249,35.0,263.0,5.833333333333333,-1.0
WIN-3257,2025-03-22,80,NIGHT_00_06,3,5,1,streetlights,DEPT_ELECTRICITY,2,1,0.5,2.0,16.67,0.1667,7,0,1,0.1302,0,0.1995,13.000608,80.301259,29.0,248.0,4.833333333333333,-0.5862
WIN-3261,2025-03-22,80,NIGHT_00_06,3,5,1,infrastructure,DEPT_WORKS,2,1,0.5,2.0,39.17,0.3917,16,0,0,0.117,2,0.7678,13.022366,80.354268,26.0,206.0,4.333333333333333,-0.5385
WIN-3265,2025-03-22,80,NIGHT_00_06,3,5,1,other,DEPT_GENERAL,2,1,0.5,2.0,8.11,0.0811,3,0,1,0.0146,0,0.1634,13.038035,80.192452,26.0,171.0,4.333333333333333,-0.5385
WIN-3242,2025-03-22,80,MORNING_06_12,9,5,1,roads,DEPT_ROADS,8,6,0.25,1.33,19.0,0.19,8,2,3,0.253,5,0.6148,13.0814,80.328206,70.0,518.0,11.666666666666666,-0.3143
WIN-3246,2025-03-22,80,MORNING_06_12,9,5,1,drainage,DEPT_DRAINAGE,8,3,0.625,2.67,35.34,0.3534,14,0,4,0.0011,5,0.6497,13.070676,80.224958,46.0,329.0,7.666666666666667,0.0435
WIN-3250,2025-03-22,80,MORNING_06_12,9,5,1,garbage,DEPT_SANITATION,6,2,0.6667,3.0,29.69,0.2969,12,2,2,0.2769,4,0.7478,13.09247,80.305888,59.0,387.0,9.833333333333334,-0.3898
WIN-3254,2025-03-22,80,MORNING_06_12,9,5,1,water,DEPT_WATER,11,4,0.6364,2.75,36.58,0.3658,15,1,6,0.1075,1,0.0918,13.131719,80.173772,41.0,270.0,6.833333333333333,0.6098
WIN-3258,2025-03-22,80,MORNING_06_12,9,5,1,streetlights,DEPT_ELECTRICITY,3,2,0.3333,1.5,34.49,0.3449,14,0,0,0.0247,1,0.184,13.119137,80.233539,19.0,240.0,3.1666666666666665,-0.0526
WIN-3262,2025-03-22,80,MORNING_06_12,9,5,1,infrastructure,DEPT_WORKS,3,2,0.3333,1.5,31.58,0.3158,13,0,1,0.0137,1,0.2983,13.048844,80.210546,23.0,206.0,3.8333333333333335,-0.2174
WIN-3266,2025-03-22,80,MORNING_06_12,9,5,1,other,DEPT_GENERAL,8,4,0.5,2.0,33.35,0.3335,13,0,1,0.0284,2,0.2033,13.061141,80.272796,28.0,177.0,4.666666666666667,0.7143
WIN-3243,2025-03-22,80,AFTERNOON_12_18,15,5,1,roads,DEPT_ROADS,11,5,0.5455,2.2,14.52,0.1452,6,5,6,0.412,3,0.3053,13.127381,80.393643,78.0,523.0,13.0,-0.1538
WIN-3247,2025-03-22,80,AFTERNOON_12_18,15,5,1,drainage,DEPT_DRAINAGE,8,4,0.5,2.0,36.89,0.3689,15,2,4,0.2497,3,0.3449,13.168297,80.238962,53.0,334.0,8.833333333333334,-0.0943
WIN-3251,2025-03-22,80,AFTERNOON_12_18,15,5,1,garbage,DEPT_SANITATION,9,5,0.4444,1.8,17.07,0.1707,7,3,1,0.327,1,0.1293,13.0769,80.150917,63.0,395.0,10.5,-0.1429
WIN-3255,2025-03-22,80,AFTERNOON_12_18,15,5,1,water,DEPT_WATER,3,2,0.3333,1.5,15.19,0.1519,6,0,0,0.0928,1,0.2345,13.070597,80.204562,43.0,272.0,7.166666666666667,-0.5814
WIN-3259,2025-03-22,80,AFTERNOON_12_18,15,5,1,streetlights,DEPT_ELECTRICITY,6,2,0.6667,3.0,25.97,0.2597,10,3,2,0.4532,1,0.1566,13.153969,80.276943,24.0,246.0,4.0,0.5
WIN-3263,2025-03-22,80,AFTERNOON_12_18,15,5,1,infrastructure,DEPT_WORKS,2,1,0.5,2.0,19.12,0.1912,8,0,1,0.0173,1,0.5626,13.015206,80.286683,24.0,206.0,4.0,-0.5
WIN-3267,2025-03-22,80,AFTERNOON_12_18,15,5,1,other,DEPT_GENERAL,2,1,0.5,2.0,5.54,0.0554,2,0,1,0.0834,1,0.6074,13.07952,80.357016,29.0,179.0,4.833333333333333,-0.5862
WIN-3244,2025-03-22,80,EVENING_18_24,21,5,1,roads,DEPT_ROADS,6,3,0.5,2.0,28.79,0.2879,12,0,3,0.0095,2,0.3414,13.070739,80.248332,58.0,513.0,9.666666666666666,-0.3793
WIN-3248,2025-03-22,80,EVENING_18_24,21,5,1,drainage,DEPT_DRAINAGE,9,7,0.2222,1.29,50.53,0.5053,20,2,4,0.275,3,0.3379,13.087942,80.369842,52.0,333.0,8.666666666666666,0.0385
WIN-3252,2025-03-22,80,EVENING_18_24,21,5,1,garbage,DEPT_SANITATION,3,2,0.3333,1.5,9.05,0.0905,4,2,2,0.5142,0,0.0779,13.089663,80.300265,46.0,383.0,7.666666666666667,-0.6087
WIN-3256,2025-03-22,80,EVENING_18_24,21,5,1,water,DEPT_WATER,5,2,0.6,2.5,42.13,0.4213,17,0,2,0.0615,0,0.0892,13.18574,80.257034,38.0,266.0,6.333333333333333,-0.2105
WIN-3260,2025-03-22,80,EVENING_18_24,21,5,1,streetlights,DEPT_ELECTRICITY,2,1,0.5,2.0,14.92,0.1492,6,0,0,0.0103,0,0.2391,13.149826,80.329902,21.0,238.0,3.5,-0.4286
WIN-3264,2025-03-22,80,EVENING_18_24,21,5,1,infrastructure,DEPT_WORKS,3,2,0.3333,1.5,32.74,0.3274,13,0,1,0.0188,1,0.4561,13.122838,80.297732,19.0,197.0,3.1666666666666665,-0.0526
WIN-3268,2025-03-22,80,EVENING_18_24,21,5,1,other,DEPT_GENERAL,1,1,0.0,1.0,53.51,0.5351,21,0,0,0.1006,0,0.4309,13.088918,80.324995,22.0,172.0,3.6666666666666665,-0.7273
WIN-3269,2025-03-23,81,NIGHT_00_06,3,6,1,roads,DEPT_ROADS,2,1,0.5,2.0,16.05,0.1605,6,0,1,0.1615,1,0.4255,13.061246,80.264433,42.0,496.0,7.0,-0.7143
WIN-3273,2025-03-23,81,NIGHT_00_06,3,6,1,drainage,DEPT_DRAINAGE,0,0,0.0,1.0,57.19,0.5719,23,0,0,0.0,0,0.0,12.988075,80.234435,42.0,322.0,7.0,-1.0
WIN-3277,2025-03-23,81,NIGHT_00_06,3,6,1,garbage,DEPT_SANITATION,1,1,0.0,1.0,14.55,0.1455,6,0,0,0.1654,0,0.3404,13.195951,80.248126,31.0,370.0,5.166666666666667,-0.8065
WIN-3281,2025-03-23,81,NIGHT_00_06,3,6,1,water,DEPT_WATER,3,2,0.3333,1.5,67.9,0.679,27,0,2,0.0769,1,0.2392,13.040821,80.353545,30.0,261.0,5.0,-0.4
WIN-3285,2025-03-23,81,NIGHT_00_06,3,6,1,streetlights,DEPT_ELECTRICITY,0,0,0.0,1.0,14.44,0.1444,6,0,0,0.0,0,0.0,13.027258,80.286494,15.0,236.0,2.5,-1.0
WIN-3289,2025-03-23,81,NIGHT_00_06,3,6,1,infrastructure,DEPT_WORKS,0,0,0.0,1.0,34.47,0.3447,14,0,0,0.0,0,0.0,13.06106,80.263741,11.0,186.0,1.8333333333333333,-1.0
WIN-3293,2025-03-23,81,NIGHT_00_06,3,6,1,other,DEPT_GENERAL,1,1,0.0,1.0,31.87,0.3187,13,0,1,0.4108,0,0.0521,12.969489,80.196153,18.0,168.0,3.0,-0.6667
WIN-3270,2025-03-23,81,MORNING_06_12,9,6,1,roads,DEPT_ROADS,7,3,0.5714,2.33,41.6,0.416,17,0,0,0.0278,2,0.3218,13.087306,80.321783,36.0,492.0,6.0,0.1667
WIN-3274,2025-03-23,81,MORNING_06_12,9,6,1,drainage,DEPT_DRAINAGE,11,6,0.4545,1.83,16.51,0.1651,7,0,3,0.0358,3,0.2872,13.098713,80.262221,39.0,324.0,6.5,0.6923
WIN-3278,2025-03-23,81,MORNING_06_12,9,6,1,garbage,DEPT_SANITATION,6,5,0.1667,1.2,23.5,0.235,9,1,1,0.0907,1,0.1967,13.089079,80.280685,27.0,367.0,4.5,0.3333
WIN-3282,2025-03-23,81,MORNING_06_12,9,6,1,water,DEPT_WATER,8,4,0.5,2.0,12.06,0.1206,5,0,3,0.0578,4,0.4438,13.110677,80.230637,30.0,264.0,5.0,0.6
WIN-3286,2025-03-23,81,MORNING_06_12,9,6,1,streetlights,DEPT_ELECTRICITY,3,2,0.3333,1.5,4.13,0.0413,2,0,2,0.0438,2,0.6088,13.175893,80.248889,16.0,235.0,2.6666666666666665,0.125
WIN-3290,2025-03-23,81,MORNING_06_12,9,6,1,infrastructure,DEPT_WORKS,5,2,0.6,2.5,12.46,0.1246,5,0,3,0.057,1,0.2183,13.055678,80.185939,15.0,186.0,2.5,1.0
WIN-3294,2025-03-23,81,MORNING_06_12,9,6,1,other,DEPT_GENERAL,5,2,0.6,2.5,37.71,0.3771,15,1,1,0.1291,3,0.6619,13.061825,80.233643,19.0,172.0,3.1666666666666665,0.5789
WIN-3271,2025-03-23,81,AFTERNOON_12_18,15,6,1,roads,DEPT_ROADS,6,2,0.6667,3.0,46.54,0.4654,19,0,3,0.0616,1,0.2231,13.117289,80.345813,40.0,494.0,6.666666666666667,-0.1
WIN-3275,2025-03-23,81,AFTERNOON_12_18,15,6,1,drainage,DEPT_DRAINAGE,4,1,0.75,4.0,4.58,0.0458,2,1,0,0.2907,2,0.4605,13.114078,80.323086,40.0,325.0,6.666666666666667,-0.4
WIN-3279,2025-03-23,81,AFTERNOON_12_18,15,6,1,garbage,DEPT_SANITATION,8,5,0.375,1.6,48.26,0.4826,19,0,4,0.0315,2,0.2637,12.955233,80.231357,33.0,373.0,5.5,0.4545
WIN-3283,2025-03-23,81,AFTERNOON_12_18,15,6,1,water,DEPT_WATER,4,2,0.5,2.0,36.31,0.3631,15,0,3,0.0198,0,0.027,13.041471,80.216646,34.0,266.0,5.666666666666667,-0.2941
WIN-3287,2025-03-23,81,AFTERNOON_12_18,15,6,1,streetlights,DEPT_ELECTRICITY,8,3,0.625,2.67,20.1,0.201,8,3,1,0.3987,2,0.261,13.061921,80.226588,22.0,242.0,3.6666666666666665,1.1818
WIN-3291,2025-03-23,81,AFTERNOON_12_18,15,6,1,infrastructure,DEPT_WORKS,8,3,0.625,2.67,7.58,0.0758,3,0,3,0.0591,3,0.3605,13.144731,80.210217,21.0,192.0,3.5,1.2857
WIN-3295,2025-03-23,81,AFTERNOON_12_18,15,6,1,other,DEPT_GENERAL,5,3,0.4,1.67,35.3,0.353,14,0,2,0.0625,1,0.1159,13.119835,80.304584,22.0,177.0,3.6666666666666665,0.3636
WIN-3272,2025-03-23,81,EVENING_18_24,21,6,1,roads,DEPT_ROADS,8,6,0.25,1.33,29.78,0.2978,12,1,1,0.0636,1,0.1468,13.007097,80.243612,40.0,478.0,6.666666666666667,0.2
WIN-3276,2025-03-23,81,EVENING_18_24,21,6,1,drainage,DEPT_DRAINAGE,2,1,0.5,2.0,66.6,0.666,27,0,0,0.1751,1,0.2801,13.02577,80.25649,34.0,311.0,5.666666666666667,-0.6471
WIN-3280,2025-03-23,81,EVENING_18_24,21,6,1,garbage,DEPT_SANITATION,10,4,0.6,2.5,28.76,0.2876,12,0,5,0.0027,1,0.1097,13.100938,80.374795,37.0,367.0,6.166666666666667,0.6216
WIN-3284,2025-03-23,81,EVENING_18_24,21,6,1,water,DEPT_WATER,4,2,0.5,2.0,13.33,0.1333,5,0,1,0.0283,0,0.0904,13.107995,80.227098,27.0,257.0,4.5,-0.1111
WIN-3288,2025-03-23,81,EVENING_18_24,21,6,1,streetlights,DEPT_ELECTRICITY,9,5,0.4444,1.8,27.31,0.2731,11,1,5,0.1237,1,0.1619,13.097803,80.207264,28.0,237.0,4.666666666666667,0.9286
WIN-3292,2025-03-23,81,EVENING_18_24,21,6,1,infrastructure,DEPT_WORKS,1,1,0.0,1.0,51.88,0.5188,21,0,0,0.0955,0,0.478,13.109941,80.27001,19.0,187.0,3.1666666666666665,-0.6842
WIN-3296,2025-03-23,81,EVENING_18_24,21,6,1,other,DEPT_GENERAL,1,1,0.0,1.0,18.93,0.1893,8,0,0,0.3093,0,0.2273,13.100996,80.297326,15.0,175.0,2.5,-0.6
WIN-3297,2025-03-24,82,NIGHT_00_06,3,0,0,roads,DEPT_ROADS,2,1,0.5,2.0,14.72,0.1472,6,0,1,0.0277,1,0.4812,13.164735,80.240476,31.0,461.0,5.166666666666667,-0.6129
WIN-3301,2025-03-24,82,NIGHT_00_06,3,0,0,drainage,DEPT_DRAINAGE,2,1,0.5,2.0,39.79,0.3979,16,0,1,0.0508,0,0.1478,13.046717,80.303102,28.0,305.0,4.666666666666667,-0.5714
WIN-3305,2025-03-24,82,NIGHT_00_06,3,0,0,garbage,DEPT_SANITATION,5,2,0.6,2.5,27.48,0.2748,11,1,1,0.133,2,0.3109,13.061491,80.286014,33.0,359.0,5.5,-0.0909
WIN-3309,2025-03-24,82,NIGHT_00_06,3,0,0,water,DEPT_WATER,1,1,0.0,1.0,28.27,0.2827,11,0,0,0.2436,0,0.0826,13.072537,80.342053,25.0,246.0,4.166666666666667,-0.76
WIN-3313,2025-03-24,82,NIGHT_00_06,3,0,0,streetlights,DEPT_ELECTRICITY,1,1,0.0,1.0,22.23,0.2223,9,0,0,0.1014,0,0.0228,13.01483,80.343927,23.0,231.0,3.8333333333333335,-0.7391
WIN-3317,2025-03-24,82,NIGHT_00_06,3,0,0,infrastructure,DEPT_WORKS,1,1,0.0,1.0,32.98,0.3298,13,0,0,0.252,0,0.1016,13.057278,80.249252,18.0,175.0,3.0,-0.6667
WIN-3321,2025-03-24,82,NIGHT_00_06,3,0,0,other,DEPT_GENERAL,0,0,0.0,1.0,18.93,0.1893,8,0,0,0.0,0,0.0,13.121348,80.278963,13.0,167.0,2.1666666666666665,-1.0
WIN-3298,2025-03-24,82,MORNING_06_12,9,0,0,roads,DEPT_ROADS,19,15,0.2105,1.27,15.86,0.1586,6,0,3,0.0094,3,0.1664,13.051928,80.237007,44.0,469.0,7.333333333333333,1.5909
WIN-3302,2025-03-24,82,MORNING_06_12,9,0,0,drainage,DEPT_DRAINAGE,18,13,0.2778,1.38,8.54,0.0854,3,0,4,0.0091,4,0.2487,13.048532,80.27548,37.0,319.0,6.166666666666667,1.9189
WIN-3306,2025-03-24,82,MORNING_06_12,9,0,0,garbage,DEPT_SANITATION,13,9,0.3077,1.44,12.02,0.1202,5,4,1,0.2803,1,0.1022,13.029676,80.287678,43.0,365.0,7.166666666666667,0.814
WIN-3310,2025-03-24,82,MORNING_06_12,9,0,0,water,DEPT_WATER,13,7,0.4615,1.86,23.29,0.2329,9,0,3,0.0237,0,0.0044,13.062276,80.253594,33.0,255.0,5.5,1.3636
WIN-3314,2025-03-24,82,MORNING_06_12,9,0,0,streetlights,DEPT_ELECTRICITY,12,5,0.5833,2.4,65.51,0.6551,26,1,3,0.0507,0,0.0234,13.03488,80.302629,33.0,242.0,5.5,1.1818
WIN-3318,2025-03-24,82,MORNING_06_12,9,0,0,infrastructure,DEPT_WORKS,9,7,0.2222,1.29,5.35,0.0535,2,0,1,0.0331,1,0.063,13.117698,80.218415,24.0,182.0,4.0,1.25
WIN-3322,2025-03-24,82,MORNING_06_12,9,0,0,other,DEPT_GENERAL,8,4,0.5,2.0,27.5,0.275,11,0,2,0.0421,1,0.0658,13.059992,80.215385,20.0,169.0,3.3333333333333335,1.4
WIN-3299,2025-03-24,82,AFTERNOON_12_18,15,0,0,roads,DEPT_ROADS,12,5,0.5833,2.4,55.03,0.5503,22,3,3,0.2792,3,0.2361,13.016105,80.221449,54.0,480.0,9.0,0.3333
WIN-3303,2025-03-24,82,AFTERNOON_12_18,15,0,0,drainage,DEPT_DRAINAGE,8,5,0.375,1.6,51.74,0.5174,21,1,2,0.0996,0,0.0226,13.080045,80.3285,45.0,325.0,7.5,0.0667
WIN-3307,2025-03-24,82,AFTERNOON_12_18,15,0,0,garbage,DEPT_SANITATION,11,6,0.4545,1.83,21.04,0.2104,8,1,3,0.1208,1,0.1222,13.083874,80.296712,53.0,372.0,8.833333333333334,0.2453
WIN-3311,2025-03-24,82,AFTERNOON_12_18,15,0,0,water,DEPT_WATER,5,2,0.6,2.5,56.07,0.5607,22,0,2,0.01,1,0.2682,13.108839,80.288815,35.0,259.0,5.833333333333333,-0.1429
WIN-3315,2025-03-24,82,AFTERNOON_12_18,15,0,0,streetlights,DEPT_ELECTRICITY,7,3,0.5714,2.33,15.46,0.1546,6,1,1,0.0792,3,0.4533,13.136076,80.2779,40.0,246.0,6.666666666666667,0.05
WIN-3319,2025-03-24,82,AFTERNOON_12_18,15,0,0,infrastructure,DEPT_WORKS,3,1,0.6667,3.0,27.03,0.2703,11,0,0,0.0682,0,0.0404,13.04584,80.363961,27.0,183.0,4.5,-0.3333
WIN-3323,2025-03-24,82,AFTERNOON_12_18,15,0,0,other,DEPT_GENERAL,8,5,0.375,1.6,41.81,0.4181,17,1,2,0.1065,0,0.052,13.139901,80.24839,27.0,177.0,4.5,0.7778
WIN-3300,2025-03-24,82,EVENING_18_24,21,0,0,roads,DEPT_ROADS,13,5,0.6154,2.6,22.62,0.2262,9,6,4,0.457,8,0.6033,13.124839,80.222226,60.0,471.0,10.0,0.3
WIN-3304,2025-03-24,82,EVENING_18_24,21,0,0,drainage,DEPT_DRAINAGE,6,2,0.6667,3.0,13.19,0.1319,5,1,3,0.1088,1,0.1633,13.014934,80.273913,40.0,314.0,6.666666666666667,-0.1
WIN-3308,2025-03-24,82,EVENING_18_24,21,0,0,garbage,DEPT_SANITATION,8,4,0.5,2.0,26.82,0.2682,11,0,1,0.0534,3,0.363,13.071541,80.290508,55.0,362.0,9.166666666666666,-0.1273
WIN-3312,2025-03-24,82,EVENING_18_24,21,0,0,water,DEPT_WATER,6,3,0.5,2.0,42.26,0.4226,17,1,2,0.0955,3,0.5143,13.092255,80.38584,33.0,254.0,5.5,0.0909
WIN-3316,2025-03-24,82,EVENING_18_24,21,0,0,streetlights,DEPT_ELECTRICITY,3,2,0.3333,1.5,0.28,0.0028,0,0,1,0.0404,1,0.3275,13.032294,80.319581,40.0,237.0,6.666666666666667,-0.55
WIN-3320,2025-03-24,82,EVENING_18_24,21,0,0,infrastructure,DEPT_WORKS,5,3,0.4,1.67,7.03,0.0703,3,0,2,0.0276,0,0.0715,13.139917,80.300857,27.0,179.0,4.5,0.1111
WIN-3324,2025-03-24,82,EVENING_18_24,21,0,0,other,DEPT_GENERAL,0,0,0.0,1.0,38.08,0.3808,15,0,0,0.0,0,0.0,13.159321,80.231007,22.0,171.0,3.6666666666666665,-1.0
WIN-3325,2025-03-25,83,NIGHT_00_06,3,1,0,roads,DEPT_ROADS,6,3,0.5,2.0,18.02,0.1802,7,0,2,0.0603,1,0.2393,13.089228,80.219424,60.0,454.0,10.0,-0.4
WIN-3329,2025-03-25,83,NIGHT_00_06,3,1,0,drainage,DEPT_DRAINAGE,3,1,0.6667,3.0,19.86,0.1986,8,0,1,0.0005,0,0.0061,12.974673,80.233449,39.0,306.0,6.5,-0.5385
WIN-3333,2025-03-25,83,NIGHT_00_06,3,1,0,garbage,DEPT_SANITATION,4,2,0.5,2.0,40.51,0.4051,16,0,1,0.1235,0,0.0107,13.068712,80.332644,51.0,353.0,8.5,-0.5294
WIN-3337,2025-03-25,83,NIGHT_00_06,3,1,0,water,DEPT_WATER,2,1,0.5,2.0,27.15,0.2715,11,0,0,0.0307,1,0.2998,13.12468,80.216903,31.0,246.0,5.166666666666667,-0.6129
WIN-3341,2025-03-25,83,NIGHT_00_06,3,1,0,streetlights,DEPT_ELECTRICITY,3,1,0.6667,3.0,24.13,0.2413,10,0,2,0.1622,1,0.2144,13.030475,80.393752,35.0,228.0,5.833333333333333,-0.4857
WIN-3345,2025-03-25,83,NIGHT_00_06,3,1,0,infrastructure,DEPT_WORKS,1,1,0.0,1.0,39.58,0.3958,16,0,0,0.2267,0,0.0273,13.032226,80.356732,20.0,173.0,3.3333333333333335,-0.7
WIN-3349,2025-03-25,83,NIGHT_00_06,3,1,0,other,DEPT_GENERAL,2,2,0.0,1.0,7.44,0.0744,3,0,1,0.0968,0,0.0871,13.070081,80.224785,19.0,167.0,3.1666666666666665,-0.3684
WIN-3326,2025-03-25,83,MORNING_06_12,9,1,0,roads,DEPT_ROADS,23,14,0.3913,1.64,53.02,0.5302,21,3,4,0.148,4,0.177,13.05037,80.274297,75.0,470.0,12.5,0.84
WIN-3330,2025-03-25,83,MORNING_06_12,9,1,0,drainage,DEPT_DRAINAGE,8,5,0.375,1.6,19.79,0.1979,8,0,1,0.0448,0,0.0611,13.097599,80.290795,45.0,306.0,7.5,0.0667
WIN-3334,2025-03-25,83,MORNING_06_12,9,1,0,garbage,DEPT_SANITATION,19,7,0.6316,2.71,27.02,0.2702,11,3,5,0.1763,5,0.2646,13.162184,80.180593,60.0,367.0,10.0,0.9
WIN-3338,2025-03-25,83,MORNING_06_12,9,1,0,water,DEPT_WATER,9,4,0.5556,2.25,30.12,0.3012,12,0,2,0.0465,1,0.0652,13.203352,80.204493,36.0,250.0,6.0,0.5
WIN-3342,2025-03-25,83,MORNING_06_12,9,1,0,streetlights,DEPT_ELECTRICITY,14,8,0.4286,1.75,3.8,0.038,2,0,3,0.0098,0,0.0248,13.074248,80.278891,40.0,236.0,6.666666666666667,1.1
WIN-3346,2025-03-25,83,MORNING_06_12,9,1,0,infrastructure,DEPT_WORKS,8,5,0.375,1.6,21.85,0.2185,9,0,2,0.0594,2,0.206,13.026721,80.302459,27.0,176.0,4.5,0.7778
WIN-3350,2025-03-25,83,MORNING_06_12,9,1,0,other,DEPT_GENERAL,8,5,0.375,1.6,11.83,0.1183,5,1,1,0.1318,0,0.0247,13.082979,80.306907,26.0,173.0,4.333333333333333,0.8462
WIN-3327,2025-03-25,83,AFTERNOON_12_18,15,1,0,roads,DEPT_ROADS,15,12,0.2,1.25,18.5,0.185,7,5,5,0.3055,1,0.0422,13.110628,80.213394,88.0,483.0,14.666666666666666,0.0227
WIN-3331,2025-03-25,83,AFTERNOON_12_18,15,1,0,drainage,DEPT_DRAINAGE,18,7,0.6111,2.57,9.47,0.0947,4,0,4,0.0065,7,0.406,13.082567,80.266191,61.0,321.0,10.166666666666666,0.7705
WIN-3335,2025-03-25,83,AFTERNOON_12_18,15,1,0,garbage,DEPT_SANITATION,16,8,0.5,2.0,11.75,0.1175,5,1,8,0.0577,2,0.1133,13.003041,80.250491,71.0,382.0,11.833333333333334,0.3521
WIN-3339,2025-03-25,83,AFTERNOON_12_18,15,1,0,water,DEPT_WATER,9,5,0.4444,1.8,39.24,0.3924,16,1,2,0.0971,1,0.0656,13.062181,80.296593,44.0,259.0,7.333333333333333,0.2273
WIN-3343,2025-03-25,83,AFTERNOON_12_18,15,1,0,streetlights,DEPT_ELECTRICITY,2,1,0.5,2.0,6.07,0.0607,2,0,0,0.1147,0,0.1915,13.044334,80.323153,41.0,236.0,6.833333333333333,-0.7073
WIN-3347,2025-03-25,83,AFTERNOON_12_18,15,1,0,infrastructure,DEPT_WORKS,5,2,0.6,2.5,28.8,0.288,12,1,1,0.1389,1,0.2376,13.029923,80.290161,31.0,181.0,5.166666666666667,-0.0323
WIN-3351,2025-03-25,83,AFTERNOON_12_18,15,1,0,other,DEPT_GENERAL,3,2,0.3333,1.5,50.28,0.5028,20,1,2,0.1945,1,0.4087,13.082115,80.277164,29.0,172.0,4.833333333333333,-0.3793
WIN-3328,2025-03-25,83,EVENING_18_24,21,1,0,roads,DEPT_ROADS,12,7,0.4167,1.71,46.13,0.4613,18,0,3,0.0272,5,0.4132,13.184781,80.34875,81.0,487.0,13.5,-0.1111
WIN-3332,2025-03-25,83,EVENING_18_24,21,1,0,drainage,DEPT_DRAINAGE,8,4,0.5,2.0,17.4,0.174,7,0,4,0.0129,2,0.2171,13.130675,80.283425,51.0,315.0,8.5,-0.0588
WIN-3336,2025-03-25,83,EVENING_18_24,21,1,0,garbage,DEPT_SANITATION,8,5,0.375,1.6,42.05,0.4205,17,1,2,0.0919,2,0.1939,13.12669,80.353132,66.0,385.0,11.0,-0.2727
WIN-3340,2025-03-25,83,EVENING_18_24,21,1,0,water,DEPT_WATER,7,5,0.2857,1.4,50.67,0.5067,20,1,2,0.1013,2,0.2773,13.082937,80.247767,38.0,254.0,6.333333333333333,0.1053
WIN-3344,2025-03-25,83,EVENING_18_24,21,1,0,streetlights,DEPT_ELECTRICITY,4,2,0.5,2.0,21.78,0.2178,9,0,2,0.0082,1,0.3536,13.104515,80.203418,33.0,234.0,5.5,-0.2727
WIN-3348,2025-03-25,83,EVENING_18_24,21,1,0,infrastructure,DEPT_WORKS,5,3,0.4,1.67,11.96,0.1196,5,0,1,0.0057,2,0.3929,13.107595,80.251471,27.0,184.0,4.5,0.1111
WIN-3352,2025-03-25,83,EVENING_18_24,21,1,0,other,DEPT_GENERAL,7,6,0.1429,1.17,16.6,0.166,7,1,2,0.1732,3,0.4373,13.057681,80.319666,28.0,176.0,4.666666666666667,0.5
WIN-3353,2025-03-26,84,NIGHT_00_06,3,2,0,roads,DEPT_ROADS,7,4,0.4286,1.75,43.99,0.4399,18,0,0,0.0534,0,0.0032,13.043456,80.334686,76.0,482.0,12.666666666666666,-0.4474
WIN-3357,2025-03-26,84,NIGHT_00_06,3,2,0,drainage,DEPT_DRAINAGE,3,1,0.6667,3.0,25.78,0.2578,10,0,1,0.0882,0,0.0102,13.062252,80.263963,46.0,313.0,7.666666666666667,-0.6087
WIN-3361,2025-03-26,84,NIGHT_00_06,3,2,0,garbage,DEPT_SANITATION,2,1,0.5,2.0,15.97,0.1597,6,1,1,0.3514,0,0.1086,13.11204,80.273494,57.0,378.0,9.5,-0.7895
WIN-3365,2025-03-26,84,NIGHT_00_06,3,2,0,water,DEPT_WATER,3,1,0.6667,3.0,12.2,0.122,5,0,1,0.1042,1,0.2502,13.111636,80.319306,36.0,254.0,6.0,-0.5
WIN-3369,2025-03-26,84,NIGHT_00_06,3,2,0,streetlights,DEPT_ELECTRICITY,1,1,0.0,1.0,39.39,0.3939,16,0,0,0.0773,0,0.0191,13.093053,80.181794,27.0,227.0,4.5,-0.7778
WIN-3373,2025-03-26,84,NIGHT_00_06,3,2,0,infrastructure,DEPT_WORKS,3,2,0.3333,1.5,0.86,0.0086,0,0,1,0.0247,0,0.0861,13.14127,80.252252,27.0,182.0,4.5,-0.3333
WIN-3377,2025-03-26,84,NIGHT_00_06,3,2,0,other,DEPT_GENERAL,0,0,0.0,1.0,22.89,0.2289,9,0,0,0.0,0,0.0,13.041358,80.289736,20.0,171.0,3.3333333333333335,-1.0
WIN-3354,2025-03-26,84,MORNING_06_12,9,2,0,roads,DEPT_ROADS,16,6,0.625,2.67,8.68,0.0868,3,0,4,0.002,0,0.0094,13.080292,80.337748,79.0,492.0,13.166666666666666,0.2152
WIN-3358,2025-03-26,84,MORNING_06_12,9,2,0,drainage,DEPT_DRAINAGE,7,3,0.5714,2.33,2.47,0.0247,1,0,3,0.0088,0,0.0473,13.149686,80.320774,47.0,315.0,7.833333333333333,-0.1064
WIN-3362,2025-03-26,84,MORNING_06_12,9,2,0,garbage,DEPT_SANITATION,17,7,0.5882,2.43,11.73,0.1173,5,0,5,0.0225,2,0.1145,13.05915,80.261973,66.0,389.0,11.0,0.5455
WIN-3366,2025-03-26,84,MORNING_06_12,9,2,0,water,DEPT_WATER,10,7,0.3,1.43,38.42,0.3842,15,2,2,0.2262,2,0.2339,13.064255,80.268179,40.0,262.0,6.666666666666667,0.5
WIN-3370,2025-03-26,84,MORNING_06_12,9,2,0,streetlights,DEPT_ELECTRICITY,5,3,0.4,1.67,14.45,0.1445,6,1,1,0.1215,1,0.1332,13.084105,80.300663,29.0,229.0,4.833333333333333,0.0345
WIN-3374,2025-03-26,84,MORNING_06_12,9,2,0,infrastructure,DEPT_WORKS,10,4,0.6,2.5,13.85,0.1385,6,0,2,0.0396,0,0.0211,13.010715,80.174881,32.0,185.0,5.333333333333333,0.875
WIN-3378,2025-03-26,84,MORNING_06_12,9,2,0,other,DEPT_GENERAL,11,4,0.6364,2.75,4.4,0.044,2,3,2,0.2276,4,0.3691,13.161959,80.234889,31.0,176.0,5.166666666666667,1.129
WIN-3355,2025-03-26,84,AFTERNOON_12_18,15,2,0,roads,DEPT_ROADS,12,5,0.5833,2.4,52.47,0.5247,21,2,4,0.2002,1,0.087,13.086906,80.296723,85.0,503.0,14.166666666666666,-0.1529
WIN-3359,2025-03-26,84,AFTERNOON_12_18,15,2,0,drainage,DEPT_DRAINAGE,11,6,0.4545,1.83,16.34,0.1634,7,2,2,0.1397,6,0.5009,13.063798,80.353646,55.0,325.0,9.166666666666666,0.2
WIN-3363,2025-03-26,84,AFTERNOON_12_18,15,2,0,garbage,DEPT_SANITATION,10,5,0.5,2.0,4.5,0.045,2,2,1,0.1564,1,0.0713,13.142058,80.287815,72.0,397.0,12.0,-0.1667
WIN-3367,2025-03-26,84,AFTERNOON_12_18,15,2,0,water,DEPT_WATER,12,4,0.6667,3.0,20.35,0.2035,8,0,2,0.0367,1,0.0718,12.991027,80.248439,50.0,273.0,8.333333333333334,0.44
WIN-3371,2025-03-26,84,AFTERNOON_12_18,15,2,0,streetlights,DEPT_ELECTRICITY,8,5,0.375,1.6,29.61,0.2961,12,1,4,0.1154,0,0.0608,13.05792,80.228042,34.0,234.0,5.666666666666667,0.4118
WIN-3375,2025-03-26,84,AFTERNOON_12_18,15,2,0,infrastructure,DEPT_WORKS,12,4,0.6667,3.0,13.31,0.1331,5,2,5,0.1573,3,0.2842,13.038198,80.317159,43.0,197.0,7.166666666666667,0.6744
WIN-3379,2025-03-26,84,AFTERNOON_12_18,15,2,0,other,DEPT_GENERAL,7,3,0.5714,2.33,17.78,0.1778,7,1,1,0.089,0,0.0537,13.101955,80.314886,36.0,182.0,6.0,0.1667
WIN-3356,2025-03-26,84,EVENING_18_24,21,2,0,roads,DEPT_ROADS,6,4,0.3333,1.5,47.57,0.4757,19,3,2,0.4558,4,0.6397,13.037417,80.235909,68.0,492.0,11.333333333333334,-0.4706
WIN-3360,2025-03-26,84,EVENING_18_24,21,2,0,drainage,DEPT_DRAINAGE,1,1,0.0,1.0,28.61,0.2861,11,0,0,0.0803,1,0.5107,13.170056,80.318816,48.0,315.0,8.0,-0.875
WIN-3364,2025-03-26,84,EVENING_18_24,21,2,0,garbage,DEPT_SANITATION,8,5,0.375,1.6,51.5,0.515,21,0,4,0.0345,2,0.3011,13.054278,80.285341,61.0,397.0,10.166666666666666,-0.2131
WIN-3368,2025-03-26,84,EVENING_18_24,21,2,0,water,DEPT_WATER,6,4,0.3333,1.5,42.73,0.4273,17,0,3,0.0788,1,0.1524,13.147765,80.186439,47.0,273.0,7.833333333333333,-0.234
WIN-3372,2025-03-26,84,EVENING_18_24,21,2,0,streetlights,DEPT_ELECTRICITY,7,4,0.4286,1.75,2.15,0.0215,1,0,5,0.0044,4,0.5335,13.049171,80.276005,27.0,239.0,4.5,0.5556
WIN-3376,2025-03-26,84,EVENING_18_24,21,2,0,infrastructure,DEPT_WORKS,9,4,0.5556,2.25,60.36,0.6036,24,0,5,0.0403,2,0.2554,13.12781,80.199522,44.0,202.0,7.333333333333333,0.2273
WIN-3380,2025-03-26,84,EVENING_18_24,21,2,0,other,DEPT_GENERAL,3,1,0.6667,3.0,43.63,0.4363,17,1,1,0.285,0,0.1411,13.061125,80.283836,31.0,177.0,5.166666666666667,-0.4194
WIN-3381,2025-03-27,85,NIGHT_00_06,3,3,0,roads,DEPT_ROADS,5,2,0.6,2.5,33.71,0.3371,13,1,1,0.207,1,0.1629,13.061843,80.230998,58.0,491.0,9.666666666666666,-0.4828
WIN-3385,2025-03-27,85,NIGHT_00_06,3,3,0,drainage,DEPT_DRAINAGE,2,1,0.5,2.0,51.95,0.5195,21,0,0,0.0659,0,0.0711,13.0747,80.300907,32.0,316.0,5.333333333333333,-0.625
WIN-3389,2025-03-27,85,NIGHT_00_06,3,3,0,garbage,DEPT_SANITATION,2,1,0.5,2.0,64.05,0.6405,26,1,0,0.2565,0,0.2264,13.049155,80.131779,47.0,388.0,7.833333333333333,-0.7447
WIN-3393,2025-03-27,85,NIGHT_00_06,3,3,0,water,DEPT_WATER,2,2,0.0,1.0,27.13,0.2713,11,0,0,0.1835,0,0.013,13.076836,80.26877,40.0,269.0,6.666666666666667,-0.7
WIN-3397,2025-03-27,85,NIGHT_00_06,3,3,0,streetlights,DEPT_ELECTRICITY,0,0,0.0,1.0,18.2,0.182,7,0,0,0.0,0,0.0,13.093824,80.256034,25.0,235.0,4.166666666666667,-1.0
WIN-3401,2025-03-27,85,NIGHT_00_06,3,3,0,infrastructure,DEPT_WORKS,2,1,0.5,2.0,8.59,0.0859,3,0,0,0.2211,0,0.0494,13.130526,80.233563,41.0,199.0,6.833333333333333,-0.7073
WIN-3405,2025-03-27,85,NIGHT_00_06,3,3,0,other,DEPT_GENERAL,0,0,0.0,1.0,29.86,0.2986,12,0,0,0.0,0,0.0,13.026604,80.321677,28.0,175.0,4.666666666666667,-1.0
WIN-3382,2025-03-27,85,MORNING_06_12,9,3,0,roads,DEPT_ROADS,21,8,0.619,2.62,24.45,0.2445,10,4,6,0.1866,5,0.2343,13.05926,80.374637,67.0,502.0,11.166666666666666,0.8806
WIN-3386,2025-03-27,85,MORNING_06_12,9,3,0,drainage,DEPT_DRAINAGE,14,6,0.5714,2.33,6.01,0.0601,2,0,2,0.002,1,0.0531,13.135742,80.225378,38.0,326.0,6.333333333333333,1.2105
WIN-3390,2025-03-27,85,MORNING_06_12,9,3,0,garbage,DEPT_SANITATION,15,11,0.2667,1.36,42.46,0.4246,17,3,2,0.2131,1,0.0937,13.112939,80.187447,54.0,400.0,9.0,0.6667
WIN-3394,2025-03-27,85,MORNING_06_12,9,3,0,water,DEPT_WATER,9,5,0.4444,1.8,4.58,0.0458,2,1,1,0.0575,0,0.0053,13.02646,80.308436,42.0,275.0,7.0,0.2857
WIN-3398,2025-03-27,85,MORNING_06_12,9,3,0,streetlights,DEPT_ELECTRICITY,8,3,0.625,2.67,52.98,0.5298,21,0,4,0.0032,3,0.3769,13.024864,80.341549,29.0,239.0,4.833333333333333,0.6552
WIN-3402,2025-03-27,85,MORNING_06_12,9,3,0,infrastructure,DEPT_WORKS,9,4,0.5556,2.25,19.94,0.1994,8,3,4,0.3881,1,0.1279,13.135527,80.251593,45.0,204.0,7.5,0.2
WIN-3406,2025-03-27,85,MORNING_06_12,9,3,0,other,DEPT_GENERAL,9,3,0.6667,3.0,31.92,0.3192,13,1,2,0.0876,1,0.0873,13.1177,80.254689,30.0,182.0,5.0,0.8
WIN-3383,2025-03-27,85,AFTERNOON_12_18,15,3,0,roads,DEPT_ROADS,15,12,0.2,1.25,3.33,0.0333,1,0,2,0.0322,1,0.0676,13.032665,80.23282,75.0,513.0,12.5,0.2
WIN-3387,2025-03-27,85,AFTERNOON_12_18,15,3,0,drainage,DEPT_DRAINAGE,18,10,0.4444,1.8,30.48,0.3048,12,3,2,0.169,2,0.1152,13.027202,80.295014,53.0,341.0,8.833333333333334,1.0377
WIN-3391,2025-03-27,85,AFTERNOON_12_18,15,3,0,garbage,DEPT_SANITATION,11,6,0.4545,1.83,33.57,0.3357,13,3,1,0.2303,1,0.1279,13.114317,80.306977,63.0,409.0,10.5,0.0476
WIN-3395,2025-03-27,85,AFTERNOON_12_18,15,3,0,water,DEPT_WATER,8,4,0.5,2.0,15.64,0.1564,6,3,1,0.3346,2,0.2508,13.063093,80.339501,47.0,279.0,7.833333333333333,0.0213
WIN-3399,2025-03-27,85,AFTERNOON_12_18,15,3,0,streetlights,DEPT_ELECTRICITY,8,3,0.625,2.67,5.59,0.0559,2,1,3,0.1561,0,0.0369,13.067768,80.299218,36.0,243.0,6.0,0.3333
WIN-3403,2025-03-27,85,AFTERNOON_12_18,15,3,0,infrastructure,DEPT_WORKS,6,3,0.5,2.0,18.86,0.1886,8,0,1,0.0153,1,0.1188,13.081068,80.27745,48.0,208.0,8.0,-0.25
WIN-3407,2025-03-27,85,AFTERNOON_12_18,15,3,0,other,DEPT_GENERAL,3,1,0.6667,3.0,24.03,0.2403,10,0,1,0.0848,0,0.046,13.124245,80.272128,33.0,182.0,5.5,-0.4545
WIN-3384,2025-03-27,85,EVENING_18_24,21,3,0,roads,DEPT_ROADS,12,5,0.5833,2.4,20.99,0.2099,8,0,3,0.0093,3,0.2091,13.082572,80.259514,71.0,505.0,11.833333333333334,0.0141
WIN-3388,2025-03-27,85,EVENING_18_24,21,3,0,drainage,DEPT_DRAINAGE,10,4,0.6,2.5,22.02,0.2202,9,1,1,0.0824,5,0.5441,13.11085,80.324923,56.0,337.0,9.333333333333334,0.0714
WIN-3392,2025-03-27,85,EVENING_18_24,21,3,0,garbage,DEPT_SANITATION,8,6,0.25,1.33,8.91,0.0891,4,1,2,0.1233,4,0.4948,13.04556,80.292132,54.0,402.0,9.0,-0.1111
WIN-3396,2025-03-27,85,EVENING_18_24,21,3,0,water,DEPT_WATER,6,4,0.3333,1.5,55.84,0.5584,22,1,2,0.0866,3,0.5668,13.098572,80.225665,43.0,280.0,7.166666666666667,-0.1628
WIN-3400,2025-03-27,85,EVENING_18_24,21,3,0,streetlights,DEPT_ELECTRICITY,4,2,0.5,2.0,43.13,0.4313,17,1,1,0.2316,2,0.5931,13.067324,80.26949,35.0,233.0,5.833333333333333,-0.3143
WIN-3404,2025-03-27,85,EVENING_18_24,21,3,0,infrastructure,DEPT_WORKS,5,2,0.6,2.5,16.26,0.1626,7,0,1,0.0803,1,0.2208,13.027273,80.327262,43.0,206.0,7.166666666666667,-0.3023
WIN-3408,2025-03-27,85,EVENING_18_24,21,3,0,other,DEPT_GENERAL,2,1,0.5,2.0,24.56,0.2456,10,0,1,0.1863,2,0.7828,13.100251,80.308051,24.0,177.0,4.0,-0.5
WIN-3409,2025-03-28,86,NIGHT_00_06,3,4,0,roads,DEPT_ROADS,3,1,0.6667,3.0,48.2,0.482,19,0,1,0.1514,0,0.013,13.045634,80.274675,62.0,484.0,10.333333333333334,-0.7097
WIN-3413,2025-03-28,86,NIGHT_00_06,3,4,0,drainage,DEPT_DRAINAGE,1,1,0.0,1.0,5.86,0.0586,2,0,0,0.0271,0,0.0537,13.151998,80.213087,46.0,321.0,7.666666666666667,-0.8696
WIN-3417,2025-03-28,86,NIGHT_00_06,3,4,0,garbage,DEPT_SANITATION,4,2,0.5,2.0,19.82,0.1982,8,0,1,0.0129,1,0.2137,13.048965,80.23093,48.0,395.0,8.0,-0.5
WIN-3421,2025-03-28,86,NIGHT_00_06,3,4,0,water,DEPT_WATER,0,0,0.0,1.0,33.44,0.3344,13,0,0,0.0,0,0.0,13.042262,80.224132,31.0,274.0,5.166666666666667,-1.0
WIN-3425,2025-03-28,86,NIGHT_00_06,3,4,0,streetlights,DEPT_ELECTRICITY,0,0,0.0,1.0,28.71,0.2871,11,0,0,0.0,0,0.0,13.142458,80.166934,27.0,226.0,4.5,-1.0
WIN-3429,2025-03-28,86,NIGHT_00_06,3,4,0,infrastructure,DEPT_WORKS,2,1,0.5,2.0,53.93,0.5393,22,0,0,0.0663,0,0.1174,13.048736,80.325647,33.0,202.0,5.5,-0.6364
WIN-3433,2025-03-28,86,NIGHT_00_06,3,4,0,other,DEPT_GENERAL,1,1,0.0,1.0,19.41,0.1941,8,0,0,0.0685,0,0.2309,13.115492,80.3191,18.0,172.0,3.0,-0.6667
WIN-3410,2025-03-28,86,MORNING_06_12,9,4,0,roads,DEPT_ROADS,21,9,0.5714,2.33,25.58,0.2558,10,1,4,0.0673,0,0.0211,13.104074,80.262997,77.0,493.0,12.833333333333334,0.6364
WIN-3414,2025-03-28,86,MORNING_06_12,9,4,0,drainage,DEPT_DRAINAGE,14,6,0.5714,2.33,27.07,0.2707,11,1,2,0.0803,3,0.2106,13.15984,80.246623,59.0,326.0,9.833333333333334,0.4237
WIN-3418,2025-03-28,86,MORNING_06_12,9,4,0,garbage,DEPT_SANITATION,9,5,0.4444,1.8,9.45,0.0945,4,0,4,0.0087,3,0.2925,13.05504,80.294687,49.0,395.0,8.166666666666666,0.102
WIN-3422,2025-03-28,86,MORNING_06_12,9,4,0,water,DEPT_WATER,6,3,0.5,2.0,71.81,0.7181,29,3,1,0.4554,1,0.1149,13.061087,80.296405,31.0,275.0,5.166666666666667,0.1613
WIN-3426,2025-03-28,86,MORNING_06_12,9,4,0,streetlights,DEPT_ELECTRICITY,8,5,0.375,1.6,5.41,0.0541,2,2,2,0.2209,0,0.0231,13.200362,80.236133,28.0,226.0,4.666666666666667,0.7143
WIN-3430,2025-03-28,86,MORNING_06_12,9,4,0,infrastructure,DEPT_WORKS,9,6,0.3333,1.5,17.25,0.1725,7,1,1,0.1044,0,0.039,13.056955,80.234163,33.0,204.0,5.5,0.6364
WIN-3434,2025-03-28,86,MORNING_06_12,9,4,0,other,DEPT_GENERAL,5,3,0.4,1.67,15.84,0.1584,6,2,1,0.3499,0,0.0709,13.103159,80.186194,20.0,170.0,3.3333333333333335,0.5
WIN-3411,2025-03-28,86,AFTERNOON_12_18,15,4,0,roads,DEPT_ROADS,19,7,0.6316,2.71,21.47,0.2147,9,0,6,0.0159,1,0.0753,13.056162,80.311848,91.0,509.0,15.166666666666666,0.2527
WIN-3415,2025-03-28,86,AFTERNOON_12_18,15,4,0,drainage,DEPT_DRAINAGE,22,9,0.5909,2.44,14.6,0.146,6,3,3,0.1588,0,0.0018,13.092376,80.256693,79.0,347.0,13.166666666666666,0.6709
WIN-3419,2025-03-28,86,AFTERNOON_12_18,15,4,0,garbage,DEPT_SANITATION,12,7,0.4167,1.71,52.62,0.5262,21,0,7,0.0087,2,0.158,13.145653,80.224097,59.0,404.0,9.833333333333334,0.2203
WIN-3423,2025-03-28,86,AFTERNOON_12_18,15,4,0,water,DEPT_WATER,13,5,0.6154,2.6,60.24,0.6024,24,2,3,0.1342,1,0.0754,12.977804,80.266533,42.0,287.0,7.0,0.8571
WIN-3427,2025-03-28,86,AFTERNOON_12_18,15,4,0,streetlights,DEPT_ELECTRICITY,8,4,0.5,2.0,26.4,0.264,11,3,2,0.3807,2,0.2221,13.135662,80.196658,36.0,234.0,6.0,0.3333
WIN-3431,2025-03-28,86,AFTERNOON_12_18,15,4,0,infrastructure,DEPT_WORKS,6,4,0.3333,1.5,19.27,0.1927,8,1,1,0.1106,1,0.1268,13.091188,80.240213,37.0,210.0,6.166666666666667,-0.027
WIN-3435,2025-03-28,86,AFTERNOON_12_18,15,4,0,other,DEPT_GENERAL,2,1,0.5,2.0,50.62,0.5062,20,1,0,0.2688,0,0.1181,13.062219,80.212233,22.0,171.0,3.6666666666666665,-0.4545
WIN-3412,2025-03-28,86,EVENING_18_24,21,4,0,roads,DEPT_ROADS,8,4,0.5,2.0,15.04,0.1504,6,1,1,0.0996,4,0.4877,13.018368,80.19596,78.0,497.0,13.0,-0.3846
WIN-3416,2025-03-28,86,EVENING_18_24,21,4,0,drainage,DEPT_DRAINAGE,7,5,0.2857,1.4,26.7,0.267,11,1,3,0.0726,0,0.036,13.034341,80.234483,72.0,335.0,12.0,-0.4167
WIN-3420,2025-03-28,86,EVENING_18_24,21,4,0,garbage,DEPT_SANITATION,7,4,0.4286,1.75,58.99,0.5899,24,1,1,0.1138,5,0.6939,13.163443,80.267371,51.0,395.0,8.5,-0.1765
WIN-3424,2025-03-28,86,EVENING_18_24,21,4,0,water,DEPT_WATER,7,5,0.2857,1.4,31.85,0.3185,13,0,1,0.0516,2,0.2699,13.169796,80.282404,40.0,281.0,6.666666666666667,0.05
WIN-3428,2025-03-28,86,EVENING_18_24,21,4,0,streetlights,DEPT_ELECTRICITY,8,3,0.625,2.67,8.85,0.0885,4,0,2,0.0277,4,0.4871,13.152961,80.239272,36.0,231.0,6.0,0.3333
WIN-3432,2025-03-28,86,EVENING_18_24,21,4,0,infrastructure,DEPT_WORKS,5,3,0.4,1.67,42.41,0.4241,17,0,0,0.0609,0,0.058,13.098363,80.259302,33.0,203.0,5.5,-0.0909
WIN-3436,2025-03-28,86,EVENING_18_24,21,4,0,other,DEPT_GENERAL,2,1,0.5,2.0,51.05,0.5105,20,0,0,0.0025,1,0.5835,13.058249,80.247942,15.0,169.0,2.5,-0.2
WIN-3437,2025-03-29,87,NIGHT_00_06,3,5,1,roads,DEPT_ROADS,2,1,0.5,2.0,47.19,0.4719,19,0,1,0.1477,0,0.1315,13.060798,80.242096,65.0,478.0,10.833333333333334,-0.8154
WIN-3441,2025-03-29,87,NIGHT_00_06,3,5,1,drainage,DEPT_DRAINAGE,1,1,0.0,1.0,37.36,0.3736,15,0,0,0.0491,0,0.3888,13.065906,80.253593,55.0,327.0,9.166666666666666,-0.8909
WIN-3445,2025-03-29,87,NIGHT_00_06,3,5,1,garbage,DEPT_SANITATION,1,1,0.0,1.0,14.42,0.1442,6,0,0,0.0503,0,0.2673,13.098408,80.229717,41.0,379.0,6.833333333333333,-0.8537
WIN-3449,2025-03-29,87,NIGHT_00_06,3,5,1,water,DEPT_WATER,1,1,0.0,1.0,88.51,0.8851,35,0,0,0.004,0,0.3228,13.086994,80.265204,33.0,274.0,5.5,-0.8182
WIN-3453,2025-03-29,87,NIGHT_00_06,3,5,1,streetlights,DEPT_ELECTRICITY,4,3,0.25,1.33,14.75,0.1475,6,1,0,0.3671,0,0.0587,13.118912,80.325065,32.0,228.0,5.333333333333333,-0.25
WIN-3457,2025-03-29,87,NIGHT_00_06,3,5,1,infrastructure,DEPT_WORKS,1,1,0.0,1.0,27.18,0.2718,11,0,0,0.2068,0,0.3411,13.046375,80.231482,28.0,201.0,4.666666666666667,-0.7857
WIN-3461,2025-03-29,87,NIGHT_00_06,3,5,1,other,DEPT_GENERAL,4,2,0.5,2.0,32.27,0.3227,13,1,1,0.2882,1,0.284,13.069866,80.288127,16.0,169.0,2.6666666666666665,0.5
WIN-3438,2025-03-29,87,MORNING_06_12,9,5,1,roads,DEPT_ROADS,18,12,0.3333,1.5,18.0,0.18,7,0,10,0.0197,7,0.4013,13.101278,80.262488,71.0,485.0,11.833333333333334,0.5211
WIN-3442,2025-03-29,87,MORNING_06_12,9,5,1,drainage,DEPT_DRAINAGE,9,5,0.4444,1.8,31.88,0.3188,13,1,2,0.0595,3,0.3621,13.06588,80.26187,54.0,329.0,9.0,0.0
WIN-3446,2025-03-29,87,MORNING_06_12,9,5,1,garbage,DEPT_SANITATION,12,8,0.3333,1.5,14.0,0.14,6,0,4,0.0331,4,0.3728,13.029892,80.308888,45.0,385.0,7.5,0.6
WIN-3450,2025-03-29,87,MORNING_06_12,9,5,1,water,DEPT_WATER,6,2,0.6667,3.0,22.86,0.2286,9,1,3,0.1858,2,0.266,12.960681,80.306777,33.0,268.0,5.5,0.0909
WIN-3454,2025-03-29,87,MORNING_06_12,9,5,1,streetlights,DEPT_ELECTRICITY,6,4,0.3333,1.5,39.23,0.3923,16,0,1,0.0499,1,0.1642,13.067521,80.29401,34.0,229.0,5.666666666666667,0.0588
WIN-3458,2025-03-29,87,MORNING_06_12,9,5,1,infrastructure,DEPT_WORKS,3,1,0.6667,3.0,6.85,0.0685,3,1,0,0.3544,1,0.2611,13.030616,80.310117,26.0,200.0,4.333333333333333,-0.3077
WIN-3462,2025-03-29,87,MORNING_06_12,9,5,1,other,DEPT_GENERAL,4,2,0.5,2.0,43.47,0.4347,17,0,1,0.0676,0,0.0543,13.02686,80.247665,18.0,172.0,3.0,0.3333
WIN-3439,2025-03-29,87,AFTERNOON_12_18,15,5,1,roads,DEPT_ROADS,3,2,0.3333,1.5,34.85,0.3485,14,0,1,0.0487,0,0.1661,13.132999,80.267661,71.0,486.0,11.833333333333334,-0.7465
WIN-3443,2025-03-29,87,AFTERNOON_12_18,15,5,1,drainage,DEPT_DRAINAGE,7,6,0.1429,1.17,37.62,0.3762,15,1,4,0.1889,3,0.3594,12.987743,80.261889,60.0,332.0,10.0,-0.3
WIN-3447,2025-03-29,87,AFTERNOON_12_18,15,5,1,garbage,DEPT_SANITATION,11,4,0.6364,2.75,49.29,0.4929,20,1,3,0.0586,3,0.2293,13.101633,80.286138,52.0,394.0,8.666666666666666,0.2692
WIN-3451,2025-03-29,87,AFTERNOON_12_18,15,5,1,water,DEPT_WATER,4,2,0.5,2.0,31.5,0.315,13,0,1,0.0048,3,0.7384,13.037139,80.256858,37.0,271.0,6.166666666666667,-0.3514
WIN-3455,2025-03-29,87,AFTERNOON_12_18,15,5,1,streetlights,DEPT_ELECTRICITY,5,2,0.6,2.5,43.71,0.4371,17,1,1,0.1288,1,0.1659,13.038474,80.308604,39.0,232.0,6.5,-0.2308
WIN-3459,2025-03-29,87,AFTERNOON_12_18,15,5,1,infrastructure,DEPT_WORKS,7,3,0.5714,2.33,21.71,0.2171,9,0,0,0.0174,2,0.2518,13.061509,80.290666,31.0,206.0,5.166666666666667,0.3548
WIN-3463,2025-03-29,87,AFTERNOON_12_18,15,5,1,other,DEPT_GENERAL,7,3,0.5714,2.33,2.74,0.0274,1,2,4,0.3022,4,0.5138,13.065328,80.248429,24.0,178.0,4.0,0.75
WIN-3440,2025-03-29,87,EVENING_18_24,21,5,1,roads,DEPT_ROADS,7,4,0.4286,1.75,15.05,0.1505,6,1,2,0.1112,3,0.4079,13.107192,80.229553,57.0,470.0,9.5,-0.2632
WIN-3444,2025-03-29,87,EVENING_18_24,21,5,1,drainage,DEPT_DRAINAGE,8,5,0.375,1.6,15.01,0.1501,6,1,3,0.1187,2,0.2959,13.085561,80.372189,54.0,327.0,9.0,-0.1111
WIN-3448,2025-03-29,87,EVENING_18_24,21,5,1,garbage,DEPT_SANITATION,7,4,0.4286,1.75,21.31,0.2131,9,0,0,0.0057,4,0.5292,13.051979,80.230639,50.0,380.0,8.333333333333334,-0.16
WIN-3452,2025-03-29,87,EVENING_18_24,21,5,1,water,DEPT_WATER,5,3,0.4,1.67,44.78,0.4478,18,0,3,0.0531,2,0.3946,13.123382,80.232364,36.0,261.0,6.0,-0.1667
WIN-3456,2025-03-29,87,EVENING_18_24,21,5,1,streetlights,DEPT_ELECTRICITY,3,2,0.3333,1.5,19.58,0.1958,8,0,0,0.059,1,0.3612,13.140893,80.217174,34.0,221.0,5.666666666666667,-0.4706
WIN-3460,2025-03-29,87,EVENING_18_24,21,5,1,infrastructure,DEPT_WORKS,1,1,0.0,1.0,18.85,0.1885,8,0,0,0.0411,0,0.2486,13.084369,80.122402,23.0,199.0,3.8333333333333335,-0.7391
WIN-3464,2025-03-29,87,EVENING_18_24,21,5,1,other,DEPT_GENERAL,2,1,0.5,2.0,11.01,0.1101,4,0,0,0.0489,0,0.1678,13.076678,80.152993,21.0,171.0,3.5,-0.4286
WIN-3465,2025-03-30,88,NIGHT_00_06,3,6,1,roads,DEPT_ROADS,2,1,0.5,2.0,56.12,0.5612,22,1,0,0.3393,0,0.0339,13.101255,80.338869,40.0,453.0,6.666666666666667,-0.7
WIN-3469,2025-03-30,88,NIGHT_00_06,3,6,1,drainage,DEPT_DRAINAGE,3,2,0.3333,1.5,33.51,0.3351,13,0,1,0.0163,1,0.4563,13.080806,80.184653,35.0,320.0,5.833333333333333,-0.4857
WIN-3473,2025-03-30,88,NIGHT_00_06,3,6,1,garbage,DEPT_SANITATION,2,1,0.5,2.0,28.73,0.2873,11,1,0,0.4582,1,0.2989,13.074227,80.341632,40.0,368.0,6.666666666666667,-0.7
WIN-3477,2025-03-30,88,NIGHT_00_06,3,6,1,water,DEPT_WATER,2,1,0.5,2.0,32.2,0.322,13,0,0,0.0854,1,0.4272,13.027242,80.282779,25.0,249.0,4.166666666666667,-0.52
WIN-3481,2025-03-30,88,NIGHT_00_06,3,6,1,streetlights,DEPT_ELECTRICITY,0,0,0.0,1.0,32.2,0.322,13,0,0,0.0,0,0.0,13.018491,80.32327,26.0,212.0,4.333333333333333,-1.0
WIN-3485,2025-03-30,88,NIGHT_00_06,3,6,1,infrastructure,DEPT_WORKS,1,1,0.0,1.0,25.27,0.2527,10,0,0,0.0122,1,0.5749,13.12932,80.266662,18.0,193.0,3.0,-0.6667
WIN-3489,2025-03-30,88,NIGHT_00_06,3,6,1,other,DEPT_GENERAL,0,0,0.0,1.0,19.58,0.1958,8,0,0,0.0,0,0.0,13.114364,80.361852,19.0,166.0,3.1666666666666665,-1.0
WIN-3466,2025-03-30,88,MORNING_06_12,9,6,1,roads,DEPT_ROADS,14,8,0.4286,1.75,24.28,0.2428,10,2,4,0.1352,2,0.1598,13.008241,80.264262,46.0,453.0,7.666666666666667,0.8261
WIN-3470,2025-03-30,88,MORNING_06_12,9,6,1,drainage,DEPT_DRAINAGE,9,4,0.5556,2.25,58.15,0.5815,23,0,3,0.0401,4,0.4614,13.062544,80.358262,37.0,323.0,6.166666666666667,0.4595
WIN-3474,2025-03-30,88,MORNING_06_12,9,6,1,garbage,DEPT_SANITATION,5,2,0.6,2.5,34.25,0.3425,14,1,1,0.1225,1,0.1371,13.094117,80.25887,38.0,365.0,6.333333333333333,-0.2105
WIN-3478,2025-03-30,88,MORNING_06_12,9,6,1,water,DEPT_WATER,6,4,0.3333,1.5,27.22,0.2722,11,1,2,0.0852,1,0.1186,13.101516,80.312355,24.0,249.0,4.0,0.5
WIN-3482,2025-03-30,88,MORNING_06_12,9,6,1,streetlights,DEPT_ELECTRICITY,4,1,0.75,4.0,16.94,0.1694,7,0,2,0.0076,1,0.2792,13.127219,80.178669,22.0,210.0,3.6666666666666665,0.0909
WIN-3486,2025-03-30,88,MORNING_06_12,9,6,1,infrastructure,DEPT_WORKS,7,4,0.4286,1.75,22.51,0.2251,9,0,2,0.0323,2,0.3448,13.151013,80.290734,20.0,197.0,3.3333333333333335,1.1
WIN-3490,2025-03-30,88,MORNING_06_12,9,6,1,other,DEPT_GENERAL,5,3,0.4,1.67,35.55,0.3555,14,1,2,0.1811,1,0.2247,13.106889,80.30681,22.0,168.0,3.6666666666666665,0.3636
WIN-3467,2025-03-30,88,AFTERNOON_12_18,15,6,1,roads,DEPT_ROADS,8,5,0.375,1.6,25.34,0.2534,10,1,2,0.1711,4,0.4612,13.060437,80.178571,52.0,459.0,8.666666666666666,-0.0769
WIN-3471,2025-03-30,88,AFTERNOON_12_18,15,6,1,drainage,DEPT_DRAINAGE,9,3,0.6667,3.0,12.93,0.1293,5,0,5,0.0529,3,0.3801,13.167825,80.224609,45.0,328.0,7.5,0.2
WIN-3475,2025-03-30,88,AFTERNOON_12_18,15,6,1,garbage,DEPT_SANITATION,7,4,0.4286,1.75,16.69,0.1669,7,1,4,0.1123,4,0.6275,13.025895,80.293255,44.0,370.0,7.333333333333333,-0.0455
WIN-3479,2025-03-30,88,AFTERNOON_12_18,15,6,1,water,DEPT_WATER,3,1,0.6667,3.0,14.72,0.1472,6,0,1,0.0286,1,0.4184,13.054063,80.275947,26.0,251.0,4.333333333333333,-0.3077
WIN-3483,2025-03-30,88,AFTERNOON_12_18,15,6,1,streetlights,DEPT_ELECTRICITY,7,3,0.5714,2.33,25.98,0.2598,10,0,2,0.0323,2,0.2223,13.072673,80.311365,25.0,215.0,4.166666666666667,0.68
WIN-3487,2025-03-30,88,AFTERNOON_12_18,15,6,1,infrastructure,DEPT_WORKS,3,1,0.6667,3.0,50.87,0.5087,20,1,1,0.3415,1,0.2847,13.208867,80.3568,22.0,200.0,3.6666666666666665,-0.1818
WIN-3491,2025-03-30,88,AFTERNOON_12_18,15,6,1,other,DEPT_GENERAL,7,3,0.5714,2.33,18.19,0.1819,7,0,1,0.0012,1,0.1,12.948214,80.309067,25.0,171.0,4.166666666666667,0.68
WIN-3468,2025-03-30,88,EVENING_18_24,21,6,1,roads,DEPT_ROADS,8,6,0.25,1.33,25.16,0.2516,10,1,5,0.1123,2,0.2278,13.068274,80.295405,42.0,445.0,7.0,0.1429
WIN-3472,2025-03-30,88,EVENING_18_24,21,6,1,drainage,DEPT_DRAINAGE,6,2,0.6667,3.0,18.76,0.1876,8,0,3,0.0306,1,0.1283,13.019419,80.210826,42.0,326.0,7.0,-0.1429
WIN-3476,2025-03-30,88,EVENING_18_24,21,6,1,garbage,DEPT_SANITATION,4,3,0.25,1.33,11.49,0.1149,5,1,1,0.2491,1,0.3123,13.160442,80.283082,36.0,359.0,6.0,-0.3333
WIN-3480,2025-03-30,88,EVENING_18_24,21,6,1,water,DEPT_WATER,3,2,0.3333,1.5,21.3,0.213,9,0,1,0.1644,0,0.1384,13.045917,80.277694,23.0,244.0,3.8333333333333335,-0.2174
WIN-3484,2025-03-30,88,EVENING_18_24,21,6,1,streetlights,DEPT_ELECTRICITY,1,1,0.0,1.0,39.04,0.3904,16,0,1,0.0052,0,0.0497,13.15277,80.292964,20.0,208.0,3.3333333333333335,-0.7
WIN-3488,2025-03-30,88,EVENING_18_24,21,6,1,infrastructure,DEPT_WORKS,1,1,0.0,1.0,7.54,0.0754,3,0,0,0.2116,0,0.1393,13.048846,80.315731,20.0,193.0,3.3333333333333335,-0.7
WIN-3492,2025-03-30,88,EVENING_18_24,21,6,1,other,DEPT_GENERAL,3,2,0.3333,1.5,12.49,0.1249,5,0,0,0.0534,1,0.2455,13.041045,80.265471,24.0,170.0,4.0,-0.25
WIN-3493,2025-03-31,89,NIGHT_00_06,3,0,0,roads,DEPT_ROADS,1,1,0.0,1.0,49.28,0.4928,20,0,0,0.1135,0,0.0431,13.069329,80.267473,40.0,431.0,6.666666666666667,-0.85
WIN-3497,2025-03-31,89,NIGHT_00_06,3,0,0,drainage,DEPT_DRAINAGE,2,1,0.5,2.0,20.05,0.2005,8,1,0,0.2865,0,0.0427,13.043264,80.276284,37.0,319.0,6.166666666666667,-0.6757
WIN-3501,2025-03-31,89,NIGHT_00_06,3,0,0,garbage,DEPT_SANITATION,2,1,0.5,2.0,57.17,0.5717,23,0,1,0.0718,0,0.0879,13.108773,80.340568,27.0,348.0,4.5,-0.5556
WIN-3505,2025-03-31,89,NIGHT_00_06,3,0,0,water,DEPT_WATER,4,2,0.5,2.0,12.47,0.1247,5,0,1,0.022,1,0.2291,13.099638,80.241498,23.0,241.0,3.8333333333333335,0.0435
WIN-3509,2025-03-31,89,NIGHT_00_06,3,0,0,streetlights,DEPT_ELECTRICITY,3,1,0.6667,3.0,6.96,0.0696,3,0,0,0.0514,0,0.0786,13.182026,80.314238,18.0,204.0,3.0,0.0
WIN-3513,2025-03-31,89,NIGHT_00_06,3,0,0,infrastructure,DEPT_WORKS,0,0,0.0,1.0,59.1,0.591,24,0,0,0.0,0,0.0,13.054653,80.30076,13.0,187.0,2.1666666666666665,-1.0
WIN-3517,2025-03-31,89,NIGHT_00_06,3,0,0,other,DEPT_GENERAL,1,1,0.0,1.0,37.22,0.3722,15,0,0,0.3197,0,0.0571,13.04138,80.304199,18.0,163.0,3.0,-0.6667
WIN-3494,2025-03-31,89,MORNING_06_12,9,0,0,roads,DEPT_ROADS,18,10,0.4444,1.8,15.77,0.1577,6,0,3,0.0067,3,0.1492,13.099177,80.22885,51.0,438.0,8.5,1.1176
WIN-3498,2025-03-31,89,MORNING_06_12,9,0,0,drainage,DEPT_DRAINAGE,17,10,0.4118,1.7,50.12,0.5012,20,3,1,0.1509,0,0.0036,13.121411,80.278179,46.0,332.0,7.666666666666667,1.2174
WIN-3502,2025-03-31,89,MORNING_06_12,9,0,0,garbage,DEPT_SANITATION,22,8,0.6364,2.75,27.36,0.2736,11,2,3,0.087,3,0.1353,13.096791,80.307521,42.0,358.0,7.0,2.1429
WIN-3506,2025-03-31,89,MORNING_06_12,9,0,0,water,DEPT_WATER,6,3,0.5,2.0,4.56,0.0456,2,1,3,0.098,0,0.0109,13.088514,80.231805,24.0,242.0,4.0,0.5
WIN-3510,2025-03-31,89,MORNING_06_12,9,0,0,streetlights,DEPT_ELECTRICITY,10,4,0.6,2.5,7.3,0.073,3,1,0,0.0962,0,0.0175,12.996936,80.261816,25.0,201.0,4.166666666666667,1.4
WIN-3514,2025-03-31,89,MORNING_06_12,9,0,0,infrastructure,DEPT_WORKS,8,3,0.625,2.67,26.79,0.2679,11,1,2,0.0697,2,0.2056,13.029353,80.265437,20.0,189.0,3.3333333333333335,1.4
WIN-3518,2025-03-31,89,MORNING_06_12,9,0,0,other,DEPT_GENERAL,8,3,0.625,2.67,9.21,0.0921,4,1,4,0.1671,0,0.0407,13.076804,80.184933,24.0,165.0,4.0,1.0
WIN-3495,2025-03-31,89,AFTERNOON_12_18,15,0,0,roads,DEPT_ROADS,25,18,0.28,1.39,47.21,0.4721,19,2,13,0.0815,2,0.0622,13.069911,80.311088,74.0,460.0,12.333333333333334,1.027
WIN-3499,2025-03-31,89,AFTERNOON_12_18,15,0,0,drainage,DEPT_DRAINAGE,20,8,0.6,2.5,12.55,0.1255,5,3,10,0.1313,2,0.1235,13.058005,80.279616,63.0,351.0,10.5,0.9048
WIN-3503,2025-03-31,89,AFTERNOON_12_18,15,0,0,garbage,DEPT_SANITATION,11,6,0.4545,1.83,19.06,0.1906,8,1,7,0.0709,3,0.3182,13.07318,80.261462,51.0,364.0,8.5,0.2941
WIN-3507,2025-03-31,89,AFTERNOON_12_18,15,0,0,water,DEPT_WATER,13,6,0.5385,2.17,21.36,0.2136,9,2,4,0.1196,4,0.3166,13.060521,80.28622,35.0,254.0,5.833333333333333,1.2286
WIN-3511,2025-03-31,89,AFTERNOON_12_18,15,0,0,streetlights,DEPT_ELECTRICITY,7,3,0.5714,2.33,35.31,0.3531,14,0,2,0.0337,0,0.0423,13.087163,80.26123,32.0,207.0,5.333333333333333,0.3125
WIN-3515,2025-03-31,89,AFTERNOON_12_18,15,0,0,infrastructure,DEPT_WORKS,4,2,0.5,2.0,32.99,0.3299,13,0,2,0.0444,0,0.0709,13.043897,80.299176,23.0,192.0,3.8333333333333335,0.0435
WIN-3519,2025-03-31,89,AFTERNOON_12_18,15,0,0,other,DEPT_GENERAL,6,5,0.1667,1.2,49.53,0.4953,20,0,2,0.0115,0,0.0342,13.094003,80.307777,30.0,170.0,5.0,0.2
WIN-3496,2025-03-31,89,EVENING_18_24,21,0,0,roads,DEPT_ROADS,13,7,0.4615,1.86,40.36,0.4036,16,1,0,0.0476,4,0.3378,13.04626,80.301074,73.0,447.0,12.166666666666666,0.0685
WIN-3500,2025-03-31,89,EVENING_18_24,21,0,0,drainage,DEPT_DRAINAGE,6,3,0.5,2.0,40.56,0.4056,16,0,1,0.0429,0,0.0759,13.142343,80.297219,60.0,347.0,10.0,-0.4
WIN-3504,2025-03-31,89,EVENING_18_24,21,0,0,garbage,DEPT_SANITATION,14,5,0.6429,2.8,18.27,0.1827,7,3,5,0.1844,8,0.557,13.197904,80.357091,60.0,358.0,10.0,0.4
WIN-3508,2025-03-31,89,EVENING_18_24,21,0,0,water,DEPT_WATER,4,2,0.5,2.0,26.17,0.2617,10,0,0,0.1087,1,0.1358,13.112417,80.229488,33.0,248.0,5.5,-0.2727
WIN-3512,2025-03-31,89,EVENING_18_24,21,0,0,streetlights,DEPT_ELECTRICITY,1,1,0.0,1.0,7.77,0.0777,3,0,1,0.025,0,0.4717,13.161173,80.351405,29.0,203.0,4.833333333333333,-0.7931
WIN-3516,2025-03-31,89,EVENING_18_24,21,0,0,infrastructure,DEPT_WORKS,3,1,0.6667,3.0,54.74,0.5474,22,0,0,0.0318,0,0.066,13.057406,80.250834,19.0,187.0,3.1666666666666665,-0.0526
WIN-3520,2025-03-31,89,EVENING_18_24,21,0,0,other,DEPT_GENERAL,6,4,0.3333,1.5,19.68,0.1968,8,0,0,0.0127,2,0.4031,13.10866,80.294559,31.0,168.0,5.166666666666667,0.1613
WIN-3521,2025-04-01,90,NIGHT_00_06,3,1,0,roads,DEPT_ROADS,4,2,0.5,2.0,17.63,0.1763,7,1,1,0.2134,0,0.1154,13.087035,80.310312,69.0,433.0,11.5,-0.6522
WIN-3525,2025-04-01,90,NIGHT_00_06,3,1,0,drainage,DEPT_DRAINAGE,5,2,0.6,2.5,34.06,0.3406,14,0,0,0.0121,1,0.196,13.023414,80.282362,56.0,342.0,9.333333333333334,-0.4643
WIN-3529,2025-04-01,90,NIGHT_00_06,3,1,0,garbage,DEPT_SANITATION,5,2,0.6,2.5,33.22,0.3322,13,0,1,0.0541,3,0.5494,13.053481,80.326172,58.0,347.0,9.666666666666666,-0.4828
WIN-3533,2025-04-01,90,NIGHT_00_06,3,1,0,water,DEPT_WATER,1,1,0.0,1.0,3.86,0.0386,2,0,0,0.0283,0,0.0995,13.109962,80.266329,31.0,238.0,5.166666666666667,-0.8065
WIN-3537,2025-04-01,90,NIGHT_00_06,3,1,0,streetlights,DEPT_ELECTRICITY,2,1,0.5,2.0,32.23,0.3223,13,0,1,0.0052,0,0.0376,13.076783,80.293458,24.0,199.0,4.0,-0.5
WIN-3541,2025-04-01,90,NIGHT_00_06,3,1,0,infrastructure,DEPT_WORKS,2,1,0.5,2.0,56.21,0.5621,22,0,1,0.2152,0,0.2159,13.108129,80.286931,18.0,181.0,3.0,-0.3333
WIN-3545,2025-04-01,90,NIGHT_00_06,3,1,0,other,DEPT_GENERAL,0,0,0.0,1.0,6.99,0.0699,3,0,0,0.0,0,0.0,13.074616,80.260844,24.0,163.0,4.0,-1.0
WIN-3522,2025-04-01,90,MORNING_06_12,9,1,0,roads,DEPT_ROADS,28,15,0.4643,1.87,27.24,0.2724,11,1,13,0.0365,2,0.0568,13.08866,80.288094,89.0,448.0,14.833333333333334,0.8876
WIN-3526,2025-04-01,90,MORNING_06_12,9,1,0,drainage,DEPT_DRAINAGE,18,11,0.3889,1.64,30.59,0.3059,12,3,5,0.1597,2,0.1183,13.159415,80.288067,68.0,346.0,11.333333333333334,0.5882
WIN-3530,2025-04-01,90,MORNING_06_12,9,1,0,garbage,DEPT_SANITATION,15,12,0.2,1.25,32.39,0.3239,13,0,10,0.0156,1,0.0596,13.05198,80.225572,69.0,352.0,11.5,0.3043
WIN-3534,2025-04-01,90,MORNING_06_12,9,1,0,water,DEPT_WATER,9,3,0.6667,3.0,3.13,0.0313,1,1,3,0.1221,0,0.0038,13.070638,80.261784,37.0,239.0,6.166666666666667,0.4595
WIN-3538,2025-04-01,90,MORNING_06_12,9,1,0,streetlights,DEPT_ELECTRICITY,5,2,0.6,2.5,25.93,0.2593,10,0,3,0.0089,0,0.0893,13.038074,80.275214,28.0,202.0,4.666666666666667,0.0714
WIN-3542,2025-04-01,90,MORNING_06_12,9,1,0,infrastructure,DEPT_WORKS,10,8,0.2,1.25,36.86,0.3686,15,1,4,0.0767,1,0.1114,13.101117,80.208394,27.0,190.0,4.5,1.2222
WIN-3546,2025-04-01,90,MORNING_06_12,9,1,0,other,DEPT_GENERAL,8,4,0.5,2.0,35.06,0.3506,14,0,0,0.0326,1,0.0956,13.012467,80.230678,29.0,167.0,4.833333333333333,0.6552
WIN-3523,2025-04-01,90,AFTERNOON_12_18,15,1,0,roads,DEPT_ROADS,11,6,0.4545,1.83,41.86,0.4186,17,1,4,0.1269,0,0.0275,13.006476,80.304967,99.0,457.0,16.5,-0.3333
WIN-3527,2025-04-01,90,AFTERNOON_12_18,15,1,0,drainage,DEPT_DRAINAGE,15,7,0.5333,2.14,17.11,0.1711,7,0,4,0.0038,1,0.0933,13.113167,80.309918,81.0,358.0,13.5,0.1111
WIN-3531,2025-04-01,90,AFTERNOON_12_18,15,1,0,garbage,DEPT_SANITATION,12,5,0.5833,2.4,56.44,0.5644,23,0,1,0.0323,4,0.349,13.02411,80.355432,79.0,362.0,13.166666666666666,-0.0886
WIN-3535,2025-04-01,90,AFTERNOON_12_18,15,1,0,water,DEPT_WATER,5,3,0.4,1.67,53.61,0.5361,21,0,3,0.0725,0,0.0323,13.00645,80.320248,38.0,244.0,6.333333333333333,-0.2105
WIN-3539,2025-04-01,90,AFTERNOON_12_18,15,1,0,streetlights,DEPT_ELECTRICITY,12,5,0.5833,2.4,37.69,0.3769,15,0,5,0.0345,0,0.0065,12.970867,80.296878,37.0,212.0,6.166666666666667,0.9459
WIN-3543,2025-04-01,90,AFTERNOON_12_18,15,1,0,infrastructure,DEPT_WORKS,8,3,0.625,2.67,17.04,0.1704,7,2,2,0.2219,1,0.0794,13.034366,80.193086,35.0,196.0,5.833333333333333,0.3714
WIN-3547,2025-04-01,90,AFTERNOON_12_18,15,1,0,other,DEPT_GENERAL,5,3,0.4,1.67,6.58,0.0658,3,0,2,0.0394,0,0.0297,13.089125,80.296304,33.0,170.0,5.5,-0.0909
WIN-3524,2025-04-01,90,EVENING_18_24,21,1,0,roads,DEPT_ROADS,10,4,0.6,2.5,27.02,0.2702,11,2,1,0.1905,3,0.3331,13.045157,80.197291,91.0,459.0,15.166666666666666,-0.3407
WIN-3528,2025-04-01,90,EVENING_18_24,21,1,0,drainage,DEPT_DRAINAGE,5,2,0.6,2.5,20.91,0.2091,8,0,1,0.0546,2,0.4314,13.068225,80.351068,69.0,355.0,11.5,-0.5652
WIN-3532,2025-04-01,90,EVENING_18_24,21,1,0,garbage,DEPT_SANITATION,13,6,0.5385,2.17,32.69,0.3269,13,1,1,0.0975,2,0.1158,13.080273,80.219781,70.0,369.0,11.666666666666666,0.1143
WIN-3536,2025-04-01,90,EVENING_18_24,21,1,0,water,DEPT_WATER,6,2,0.6667,3.0,33.43,0.3343,13,2,3,0.252,3,0.4937,13.100747,80.332624,38.0,239.0,6.333333333333333,-0.0526
WIN-3540,2025-04-01,90,EVENING_18_24,21,1,0,streetlights,DEPT_ELECTRICITY,3,1,0.6667,3.0,26.47,0.2647,11,0,2,0.0827,0,0.0818,13.168657,80.18103,30.0,212.0,5.0,-0.4
WIN-3544,2025-04-01,90,EVENING_18_24,21,1,0,infrastructure,DEPT_WORKS,4,3,0.25,1.33,15.39,0.1539,6,1,1,0.1384,1,0.1284,13.131932,80.271335,31.0,197.0,5.166666666666667,-0.2258
WIN-3548,2025-04-01,90,EVENING_18_24,21,1,0,other,DEPT_GENERAL,3,1,0.6667,3.0,30.42,0.3042,12,0,1,0.126,2,0.5546,13.163897,80.262502,28.0,165.0,4.666666666666667,-0.3571
WIN-3549,2025-04-02,91,NIGHT_00_06,3,2,0,roads,DEPT_ROADS,3,1,0.6667,3.0,43.9,0.439,18,0,1,0.1267,0,0.0079,13.060988,80.209394,69.0,451.0,11.5,-0.7391
WIN-3553,2025-04-02,91,NIGHT_00_06,3,2,0,drainage,DEPT_DRAINAGE,4,3,0.25,1.33,11.17,0.1117,4,0,1,0.1227,0,0.0563,13.035488,80.266767,53.0,351.0,8.833333333333334,-0.5472
WIN-3557,2025-04-02,91,NIGHT_00_06,3,2,0,garbage,DEPT_SANITATION,3,2,0.3333,1.5,29.68,0.2968,12,0,1,0.0062,1,0.2307,13.037734,80.307871,62.0,363.0,10.333333333333334,-0.7097
WIN-3561,2025-04-02,91,NIGHT_00_06,3,2,0,water,DEPT_WATER,4,2,0.5,2.0,28.8,0.288,12,1,2,0.1608,0,0.0861,13.051963,80.308386,29.0,240.0,4.833333333333333,-0.1724
WIN-3565,2025-04-02,91,NIGHT_00_06,3,2,0,streetlights,DEPT_ELECTRICITY,2,2,0.0,1.0,15.49,0.1549,6,0,0,0.1896,0,0.1026,13.116055,80.200635,25.0,208.0,4.166666666666667,-0.52
WIN-3569,2025-04-02,91,NIGHT_00_06,3,2,0,infrastructure,DEPT_WORKS,1,1,0.0,1.0,4.55,0.0455,2,0,0,0.0699,0,0.3072,13.048442,80.222022,28.0,196.0,4.666666666666667,-0.7857
WIN-3573,2025-04-02,91,NIGHT_00_06,3,2,0,other,DEPT_GENERAL,2,1,0.5,2.0,4.11,0.0411,2,0,0,0.0868,0,0.0977,13.085252,80.41392,24.0,165.0,4.0,-0.5
WIN-3550,2025-04-02,91,MORNING_06_12,9,2,0,roads,DEPT_ROADS,16,7,0.5625,2.29,9.51,0.0951,4,2,10,0.12,8,0.494,13.203412,80.238872,72.0,461.0,12.0,0.3333
WIN-3554,2025-04-02,91,MORNING_06_12,9,2,0,drainage,DEPT_DRAINAGE,13,5,0.6154,2.6,31.7,0.317,13,1,3,0.1068,2,0.1195,13.064728,80.264495,60.0,355.0,10.0,0.3
WIN-3558,2025-04-02,91,MORNING_06_12,9,2,0,garbage,DEPT_SANITATION,22,11,0.5,2.0,1.79,0.0179,1,3,8,0.1221,4,0.1666,13.22678,80.296698,70.0,382.0,11.666666666666666,0.8857
WIN-3562,2025-04-02,91,MORNING_06_12,9,2,0,water,DEPT_WATER,6,3,0.5,2.0,27.06,0.2706,11,0,2,0.0798,0,0.0571,13.035048,80.216989,31.0,241.0,5.166666666666667,0.1613
WIN-3566,2025-04-02,91,MORNING_06_12,9,2,0,streetlights,DEPT_ELECTRICITY,7,5,0.2857,1.4,24.76,0.2476,10,1,2,0.1281,0,0.0021,12.999287,80.197826,31.0,213.0,5.166666666666667,0.3548
WIN-3570,2025-04-02,91,MORNING_06_12,9,2,0,infrastructure,DEPT_WORKS,9,3,0.6667,3.0,9.98,0.0998,4,1,0,0.1307,0,0.037,13.047001,80.312779,34.0,202.0,5.666666666666667,0.5882
WIN-3574,2025-04-02,91,MORNING_06_12,9,2,0,other,DEPT_GENERAL,9,5,0.4444,1.8,23.86,0.2386,10,0,1,0.0078,0,0.033,13.053391,80.326068,27.0,173.0,4.5,1.0
WIN-3551,2025-04-02,91,AFTERNOON_12_18,15,2,0,roads,DEPT_ROADS,21,8,0.619,2.62,21.98,0.2198,9,2,4,0.0765,1,0.0547,13.052795,80.267502,89.0,480.0,14.833333333333334,0.4157
WIN-3555,2025-04-02,91,AFTERNOON_12_18,15,2,0,drainage,DEPT_DRAINAGE,12,7,0.4167,1.71,36.15,0.3615,14,1,5,0.084,1,0.1245,13.049639,80.251037,67.0,367.0,11.166666666666666,0.0746
WIN-3559,2025-04-02,91,AFTERNOON_12_18,15,2,0,garbage,DEPT_SANITATION,14,6,0.5714,2.33,26.64,0.2664,11,1,3,0.0377,1,0.0444,13.144201,80.271364,79.0,395.0,13.166666666666666,0.0633
WIN-3563,2025-04-02,91,AFTERNOON_12_18,15,2,0,water,DEPT_WATER,7,4,0.4286,1.75,17.92,0.1792,7,1,2,0.0849,2,0.2774,13.101618,80.267033,37.0,245.0,6.166666666666667,0.1351
WIN-3567,2025-04-02,91,AFTERNOON_12_18,15,2,0,streetlights,DEPT_ELECTRICITY,10,6,0.4,1.67,43.96,0.4396,18,1,3,0.0726,3,0.3387,13.190991,80.252371,39.0,223.0,6.5,0.5385
WIN-3571,2025-04-02,91,AFTERNOON_12_18,15,2,0,infrastructure,DEPT_WORKS,6,4,0.3333,1.5,19.46,0.1946,8,1,1,0.0956,1,0.0991,13.072458,80.309559,38.0,208.0,6.333333333333333,-0.0526
WIN-3575,2025-04-02,91,AFTERNOON_12_18,15,2,0,other,DEPT_GENERAL,5,4,0.2,1.25,18.77,0.1877,8,2,3,0.4522,1,0.1587,13.03297,80.264525,32.0,177.0,5.333333333333333,-0.0625
WIN-3552,2025-04-02,91,EVENING_18_24,21,2,0,roads,DEPT_ROADS,14,6,0.5714,2.33,15.06,0.1506,6,0,6,0.0172,6,0.3934,13.110536,80.30116,75.0,487.0,12.5,0.12
WIN-3556,2025-04-02,91,EVENING_18_24,21,2,0,drainage,DEPT_DRAINAGE,8,5,0.375,1.6,28.91,0.2891,12,2,3,0.3059,5,0.6167,13.093182,80.261553,57.0,364.0,9.5,-0.1579
WIN-3560,2025-04-02,91,EVENING_18_24,21,2,0,garbage,DEPT_SANITATION,9,6,0.3333,1.5,20.4,0.204,8,1,2,0.0698,2,0.2038,13.112491,80.283218,73.0,398.0,12.166666666666666,-0.2603
WIN-3564,2025-04-02,91,EVENING_18_24,21,2,0,water,DEPT_WATER,8,5,0.375,1.6,6.27,0.0627,3,2,0,0.2554,3,0.3883,13.124383,80.231192,36.0,245.0,6.0,0.3333
WIN-3568,2025-04-02,91,EVENING_18_24,21,2,0,streetlights,DEPT_ELECTRICITY,11,6,0.4545,1.83,16.66,0.1666,7,0,2,0.0189,3,0.3098,13.075856,80.295959,45.0,231.0,7.5,0.4667
WIN-3572,2025-04-02,91,EVENING_18_24,21,2,0,infrastructure,DEPT_WORKS,3,2,0.3333,1.5,22.76,0.2276,9,0,2,0.1609,0,0.1452,13.078627,80.336109,31.0,206.0,5.166666666666667,-0.4194
WIN-3576,2025-04-02,91,EVENING_18_24,21,2,0,other,DEPT_GENERAL,3,1,0.6667,3.0,36.17,0.3617,14,0,1,0.0603,1,0.238,12.985054,80.259306,27.0,175.0,4.5,-0.3333
WIN-3577,2025-04-03,92,NIGHT_00_06,3,3,0,roads,DEPT_ROADS,2,1,0.5,2.0,25.09,0.2509,10,1,0,0.2514,0,0.1992,13.140907,80.221339,66.0,483.0,11.0,-0.8182
WIN-3581,2025-04-03,92,NIGHT_00_06,3,3,0,drainage,DEPT_DRAINAGE,4,1,0.75,4.0,42.77,0.4277,17,0,1,0.0761,0,0.1011,13.136337,80.269397,46.0,364.0,7.666666666666667,-0.4783
WIN-3585,2025-04-03,92,NIGHT_00_06,3,3,0,garbage,DEPT_SANITATION,4,2,0.5,2.0,49.21,0.4921,20,0,1,0.0021,0,0.1212,13.087308,80.244452,65.0,394.0,10.833333333333334,-0.6308
WIN-3589,2025-04-03,92,NIGHT_00_06,3,3,0,water,DEPT_WATER,3,2,0.3333,1.5,37.69,0.3769,15,1,1,0.3832,0,0.0035,13.127783,80.264383,34.0,244.0,5.666666666666667,-0.4706
WIN-3593,2025-04-03,92,NIGHT_00_06,3,3,0,streetlights,DEPT_ELECTRICITY,2,1,0.5,2.0,56.4,0.564,23,0,1,0.1654,0,0.1682,13.067388,80.349082,35.0,225.0,5.833333333333333,-0.6571
WIN-3597,2025-04-03,92,NIGHT_00_06,3,3,0,infrastructure,DEPT_WORKS,3,2,0.3333,1.5,27.11,0.2711,11,1,0,0.1905,1,0.4331,13.045763,80.356577,26.0,201.0,4.333333333333333,-0.3077
WIN-3601,2025-04-03,92,NIGHT_00_06,3,3,0,other,DEPT_GENERAL,2,1,0.5,2.0,33.06,0.3306,13,0,1,0.0035,0,0.1482,13.136548,80.313021,24.0,172.0,4.0,-0.5
WIN-3578,2025-04-03,92,MORNING_06_12,9,3,0,roads,DEPT_ROADS,20,14,0.3,1.43,33.01,0.3301,13,0,3,0.0081,4,0.2149,13.011806,80.263727,76.0,495.0,12.666666666666666,0.5789
WIN-3582,2025-04-03,92,MORNING_06_12,9,3,0,drainage,DEPT_DRAINAGE,12,8,0.3333,1.5,14.7,0.147,6,0,7,0.0174,1,0.0585,13.143936,80.283041,53.0,374.0,8.833333333333334,0.3585
WIN-3586,2025-04-03,92,MORNING_06_12,9,3,0,garbage,DEPT_SANITATION,16,7,0.5625,2.29,10.31,0.1031,4,1,2,0.0462,4,0.2239,13.11417,80.269429,68.0,400.0,11.333333333333334,0.4118
WIN-3590,2025-04-03,92,MORNING_06_12,9,3,0,water,DEPT_WATER,6,5,0.1667,1.2,1.82,0.0182,1,2,2,0.3888,0,0.065,13.112358,80.263734,34.0,246.0,5.666666666666667,0.0588
WIN-3594,2025-04-03,92,MORNING_06_12,9,3,0,streetlights,DEPT_ELECTRICITY,8,3,0.625,2.67,58.8,0.588,24,0,5,0.0338,0,0.0494,13.130934,80.308557,40.0,224.0,6.666666666666667,0.2
WIN-3598,2025-04-03,92,MORNING_06_12,9,3,0,infrastructure,DEPT_WORKS,10,4,0.6,2.5,7.93,0.0793,3,2,2,0.2026,0,0.0332,13.146143,80.246291,32.0,210.0,5.333333333333333,0.875
WIN-3602,2025-04-03,92,MORNING_06_12,9,3,0,other,DEPT_GENERAL,4,3,0.25,1.33,30.41,0.3041,12,0,1,0.0463,0,0.0694,13.045906,80.215883,25.0,175.0,4.166666666666667,-0.04
WIN-3579,2025-04-03,92,AFTERNOON_12_18,15,3,0,roads,DEPT_ROADS,21,8,0.619,2.62,10.36,0.1036,4,1,10,0.0362,1,0.0521,13.026106,80.355416,94.0,514.0,15.666666666666666,0.3404
WIN-3583,2025-04-03,92,AFTERNOON_12_18,15,3,0,drainage,DEPT_DRAINAGE,10,6,0.4,1.67,28.19,0.2819,11,1,1,0.0703,2,0.167,12.994283,80.25551,59.0,382.0,9.833333333333334,0.0169
WIN-3587,2025-04-03,92,AFTERNOON_12_18,15,3,0,garbage,DEPT_SANITATION,13,7,0.4615,1.86,25.53,0.2553,10,0,2,0.0056,0,0.0311,13.167137,80.268492,78.0,408.0,13.0,0.0
WIN-3591,2025-04-03,92,AFTERNOON_12_18,15,3,0,water,DEPT_WATER,11,6,0.4545,1.83,11.97,0.1197,5,1,2,0.1172,0,0.0158,13.108603,80.244786,41.0,256.0,6.833333333333333,0.6098
WIN-3595,2025-04-03,92,AFTERNOON_12_18,15,3,0,streetlights,DEPT_ELECTRICITY,4,3,0.25,1.33,21.94,0.2194,9,0,2,0.0761,1,0.3391,12.95757,80.210713,42.0,227.0,7.0,-0.4286
WIN-3599,2025-04-03,92,AFTERNOON_12_18,15,3,0,infrastructure,DEPT_WORKS,6,3,0.5,2.0,20.86,0.2086,8,2,1,0.298,2,0.3891,13.049335,80.341615,37.0,215.0,6.166666666666667,-0.027
WIN-3603,2025-04-03,92,AFTERNOON_12_18,15,3,0,other,DEPT_GENERAL,5,2,0.6,2.5,24.79,0.2479,10,1,3,0.1893,0,0.0207,13.168939,80.383791,28.0,180.0,4.666666666666667,0.0714
WIN-3580,2025-04-03,92,EVENING_18_24,21,3,0,roads,DEPT_ROADS,8,3,0.625,2.67,18.72,0.1872,7,1,4,0.1633,2,0.265,13.085978,80.24426,86.0,503.0,14.333333333333334,-0.4419
WIN-3584,2025-04-03,92,EVENING_18_24,21,3,0,drainage,DEPT_DRAINAGE,11,9,0.1818,1.22,44.37,0.4437,18,2,1,0.1952,5,0.428,13.041332,80.318455,57.0,375.0,9.5,0.1579
WIN-3588,2025-04-03,92,EVENING_18_24,21,3,0,garbage,DEPT_SANITATION,10,4,0.6,2.5,24.09,0.2409,10,0,4,0.0005,5,0.4832,13.116244,80.318974,66.0,405.0,11.0,-0.0909
WIN-3592,2025-04-03,92,EVENING_18_24,21,3,0,water,DEPT_WATER,8,4,0.5,2.0,41.42,0.4142,17,0,3,0.0473,1,0.1748,13.128362,80.309657,43.0,251.0,7.166666666666667,0.1163
WIN-3596,2025-04-03,92,EVENING_18_24,21,3,0,streetlights,DEPT_ELECTRICITY,4,3,0.25,1.33,30.05,0.3005,12,1,0,0.1748,2,0.3881,13.08254,80.215116,39.0,219.0,6.5,-0.3846
WIN-3600,2025-04-03,92,EVENING_18_24,21,3,0,infrastructure,DEPT_WORKS,7,5,0.2857,1.4,41.11,0.4111,16,4,3,0.5577,2,0.2334,13.04948,80.282227,35.0,213.0,5.833333333333333,0.2
WIN-3604,2025-04-03,92,EVENING_18_24,21,3,0,other,DEPT_GENERAL,1,1,0.0,1.0,29.11,0.2911,12,0,0,0.0407,1,0.758,13.059539,80.27235,20.0,173.0,3.3333333333333335,-0.7
WIN-3605,2025-04-04,93,NIGHT_00_06,3,4,0,roads,DEPT_ROADS,3,1,0.6667,3.0,19.32,0.1932,8,0,2,0.0748,1,0.2013,12.993087,80.340103,68.0,494.0,11.333333333333334,-0.7353
WIN-3609,2025-04-04,93,NIGHT_00_06,3,4,0,drainage,DEPT_DRAINAGE,1,1,0.0,1.0,30.88,0.3088,12,0,0,0.0657,0,0.199,13.03179,80.29591,46.0,368.0,7.666666666666667,-0.8696
WIN-3613,2025-04-04,93,NIGHT_00_06,3,4,0,garbage,DEPT_SANITATION,5,2,0.6,2.5,28.89,0.2889,12,2,1,0.4467,3,0.5485,13.117573,80.258807,57.0,399.0,9.5,-0.4737
WIN-3617,2025-04-04,93,NIGHT_00_06,3,4,0,water,DEPT_WATER,3,2,0.3333,1.5,14.92,0.1492,6,0,0,0.0489,0,0.0766,13.093087,80.235966,39.0,249.0,6.5,-0.5385
WIN-3621,2025-04-04,93,NIGHT_00_06,3,4,0,streetlights,DEPT_ELECTRICITY,4,2,0.5,2.0,17.35,0.1735,7,0,1,0.0734,0,0.082,13.130552,80.171588,33.0,216.0,5.5,-0.2727
WIN-3625,2025-04-04,93,NIGHT_00_06,3,4,0,infrastructure,DEPT_WORKS,4,3,0.25,1.33,21.2,0.212,8,1,2,0.1335,0,0.0509,13.058085,80.312024,33.0,214.0,5.5,-0.2727
WIN-3629,2025-04-04,93,NIGHT_00_06,3,4,0,other,DEPT_GENERAL,0,0,0.0,1.0,19.51,0.1951,8,0,0,0.0,0,0.0,13.181967,80.332396,15.0,165.0,2.5,-1.0
WIN-3606,2025-04-04,93,MORNING_06_12,9,4,0,roads,DEPT_ROADS,23,18,0.2174,1.28,18.39,0.1839,7,2,6,0.0905,8,0.3625,13.162317,80.323956,77.0,504.0,12.833333333333334,0.7922
WIN-3610,2025-04-04,93,MORNING_06_12,9,4,0,drainage,DEPT_DRAINAGE,15,8,0.4667,1.88,41.4,0.414,17,5,9,0.3308,1,0.0751,13.083044,80.128227,53.0,377.0,8.833333333333334,0.6981
WIN-3614,2025-04-04,93,MORNING_06_12,9,4,0,garbage,DEPT_SANITATION,17,9,0.4706,1.89,53.19,0.5319,21,4,7,0.206,0,0.0197,13.094045,80.353586,65.0,408.0,10.833333333333334,0.5692
WIN-3618,2025-04-04,93,MORNING_06_12,9,4,0,water,DEPT_WATER,15,7,0.5333,2.14,51.93,0.5193,21,0,6,0.0016,1,0.0385,13.004569,80.2465,46.0,258.0,7.666666666666667,0.9565
WIN-3622,2025-04-04,93,MORNING_06_12,9,4,0,streetlights,DEPT_ELECTRICITY,11,5,0.5455,2.2,1.79,0.0179,1,3,2,0.2533,3,0.2862,13.147044,80.266049,33.0,224.0,5.5,1.0
WIN-3626,2025-04-04,93,MORNING_06_12,9,4,0,infrastructure,DEPT_WORKS,11,9,0.1818,1.22,23.31,0.2331,9,2,4,0.1585,0,0.0366,13.087492,80.240506,41.0,220.0,6.833333333333333,0.6098
WIN-3630,2025-04-04,93,MORNING_06_12,9,4,0,other,DEPT_GENERAL,8,4,0.5,2.0,17.07,0.1707,7,0,2,0.0434,2,0.2233,13.104504,80.316849,20.0,173.0,3.3333333333333335,1.4
WIN-3607,2025-04-04,93,AFTERNOON_12_18,15,4,0,roads,DEPT_ROADS,15,10,0.3333,1.5,13.54,0.1354,5,3,1,0.1701,1,0.0629,13.152149,80.208704,90.0,513.0,15.0,0.0
WIN-3611,2025-04-04,93,AFTERNOON_12_18,15,4,0,drainage,DEPT_DRAINAGE,15,10,0.3333,1.5,58.11,0.5811,23,0,4,0.0088,6,0.4203,13.150635,80.328946,64.0,389.0,10.666666666666666,0.4063
WIN-3615,2025-04-04,93,AFTERNOON_12_18,15,4,0,garbage,DEPT_SANITATION,13,5,0.6154,2.6,30.67,0.3067,12,1,3,0.108,7,0.5189,13.071656,80.203631,74.0,417.0,12.333333333333334,0.0541
WIN-3619,2025-04-04,93,AFTERNOON_12_18,15,4,0,water,DEPT_WATER,11,5,0.5455,2.2,15.02,0.1502,6,3,1,0.2756,3,0.2392,13.120468,80.261774,54.0,267.0,9.0,0.2222
WIN-3623,2025-04-04,93,AFTERNOON_12_18,15,4,0,streetlights,DEPT_ELECTRICITY,6,4,0.3333,1.5,63.23,0.6323,25,0,4,0.0168,0,0.0775,13.089084,80.300242,37.0,227.0,6.166666666666667,-0.027
WIN-3627,2025-04-04,93,AFTERNOON_12_18,15,4,0,infrastructure,DEPT_WORKS,3,2,0.3333,1.5,40.71,0.4071,16,0,0,0.0437,1,0.2962,13.107805,80.321321,41.0,222.0,6.833333333333333,-0.561
WIN-3631,2025-04-04,93,AFTERNOON_12_18,15,4,0,other,DEPT_GENERAL,3,2,0.3333,1.5,13.49,0.1349,5,0,1,0.0332,0,0.0399,13.085743,80.304009,21.0,174.0,3.5,-0.1429
WIN-3608,2025-04-04,93,EVENING_18_24,21,4,0,roads,DEPT_ROADS,19,9,0.5263,2.11,28.94,0.2894,12,1,4,0.0635,10,0.5397,12.999831,80.228327,89.0,509.0,14.833333333333334,0.2809
WIN-3612,2025-04-04,93,EVENING_18_24,21,4,0,drainage,DEPT_DRAINAGE,8,4,0.5,2.0,24.57,0.2457,10,0,3,0.0066,1,0.1744,13.061198,80.347149,60.0,389.0,10.0,-0.2
WIN-3616,2025-04-04,93,EVENING_18_24,21,4,0,garbage,DEPT_SANITATION,9,7,0.2222,1.29,51.5,0.515,21,0,4,0.0116,4,0.443,13.092237,80.261819,67.0,407.0,11.166666666666666,-0.194
WIN-3620,2025-04-04,93,EVENING_18_24,21,4,0,water,DEPT_WATER,6,3,0.5,2.0,54.38,0.5438,22,0,1,0.0577,3,0.538,12.971676,80.347706,54.0,264.0,9.0,-0.3333
WIN-3624,2025-04-04,93,EVENING_18_24,21,4,0,streetlights,DEPT_ELECTRICITY,5,3,0.4,1.67,56.17,0.5617,22,0,3,0.0136,1,0.2428,13.077211,80.238191,34.0,218.0,5.666666666666667,-0.1176
WIN-3628,2025-04-04,93,EVENING_18_24,21,4,0,infrastructure,DEPT_WORKS,4,1,0.75,4.0,34.94,0.3494,14,0,1,0.0164,2,0.5351,13.074032,80.279413,35.0,218.0,5.833333333333333,-0.3143
WIN-3632,2025-04-04,93,EVENING_18_24,21,4,0,other,DEPT_GENERAL,5,4,0.2,1.25,38.18,0.3818,15,1,2,0.1714,1,0.1517,13.047872,80.292081,22.0,171.0,3.6666666666666665,0.3636
WIN-3633,2025-04-05,94,NIGHT_00_06,3,5,1,roads,DEPT_ROADS,2,1,0.5,2.0,24.05,0.2405,10,0,0,0.1893,1,0.2954,13.072835,80.303848,70.0,496.0,11.666666666666666,-0.8286
WIN-3637,2025-04-05,94,NIGHT_00_06,3,5,1,drainage,DEPT_DRAINAGE,0,0,0.0,1.0,8.0,0.08,3,0,0,0.0,0,0.0,13.090765,80.267331,50.0,371.0,8.333333333333334,-1.0
WIN-3641,2025-04-05,94,NIGHT_00_06,3,5,1,garbage,DEPT_SANITATION,3,2,0.3333,1.5,45.77,0.4577,18,0,2,0.0845,1,0.2508,13.100013,80.338671,57.0,394.0,9.5,-0.6842
WIN-3645,2025-04-05,94,NIGHT_00_06,3,5,1,water,DEPT_WATER,0,0,0.0,1.0,69.93,0.6993,28,0,0,0.0,0,0.0,13.087332,80.286551,43.0,255.0,7.166666666666667,-1.0
WIN-3649,2025-04-05,94,NIGHT_00_06,3,5,1,streetlights,DEPT_ELECTRICITY,1,1,0.0,1.0,22.61,0.2261,9,0,0,0.0753,1,0.554,13.069639,80.336156,31.0,217.0,5.166666666666667,-0.8065
WIN-3653,2025-04-05,94,NIGHT_00_06,3,5,1,infrastructure,DEPT_WORKS,2,2,0.0,1.0,29.39,0.2939,12,0,1,0.0987,1,0.4321,13.105679,80.235279,31.0,215.0,5.166666666666667,-0.6129
WIN-3657,2025-04-05,94,NIGHT_00_06,3,5,1,other,DEPT_GENERAL,0,0,0.0,1.0,11.34,0.1134,5,0,0,0.0,0,0.0,13.048954,80.194829,17.0,168.0,2.8333333333333335,-1.0
WIN-3634,2025-04-05,94,MORNING_06_12,9,5,1,roads,DEPT_ROADS,9,5,0.4444,1.8,45.25,0.4525,18,0,0,0.053,4,0.4842,13.151425,80.247877,71.0,493.0,11.833333333333334,-0.2394
WIN-3638,2025-04-05,94,MORNING_06_12,9,5,1,drainage,DEPT_DRAINAGE,8,5,0.375,1.6,5.01,0.0501,2,0,3,0.0207,1,0.1495,13.143297,80.347925,47.0,371.0,7.833333333333333,0.0213
WIN-3642,2025-04-05,94,MORNING_06_12,9,5,1,garbage,DEPT_SANITATION,12,5,0.5833,2.4,17.46,0.1746,7,2,3,0.1402,4,0.32,13.056381,80.250083,59.0,398.0,9.833333333333334,0.2203
WIN-3646,2025-04-05,94,MORNING_06_12,9,5,1,water,DEPT_WATER,3,2,0.3333,1.5,9.57,0.0957,4,0,1,0.006,1,0.4367,13.078845,80.299176,38.0,251.0,6.333333333333333,-0.5263
WIN-3650,2025-04-05,94,MORNING_06_12,9,5,1,streetlights,DEPT_ELECTRICITY,7,3,0.5714,2.33,16.34,0.1634,7,1,1,0.0788,4,0.5037,12.998722,80.345756,34.0,220.0,5.666666666666667,0.2353
WIN-3654,2025-04-05,94,MORNING_06_12,9,5,1,infrastructure,DEPT_WORKS,3,1,0.6667,3.0,6.24,0.0624,2,0,1,0.1325,1,0.2162,13.03795,80.239034,27.0,213.0,4.5,-0.3333
WIN-3658,2025-04-05,94,MORNING_06_12,9,5,1,other,DEPT_GENERAL,7,5,0.2857,1.4,8.1,0.081,3,1,4,0.117,3,0.3746,13.164135,80.252061,23.0,168.0,3.8333333333333335,0.8261
WIN-3635,2025-04-05,94,AFTERNOON_12_18,15,5,1,roads,DEPT_ROADS,9,4,0.5556,2.25,61.34,0.6134,25,2,1,0.1872,2,0.2739,13.086591,80.194913,77.0,495.0,12.833333333333334,-0.2987
WIN-3639,2025-04-05,94,AFTERNOON_12_18,15,5,1,drainage,DEPT_DRAINAGE,7,4,0.4286,1.75,12.72,0.1272,5,1,1,0.0742,1,0.1691,13.004378,80.280427,53.0,375.0,8.833333333333334,-0.2075
WIN-3643,2025-04-05,94,AFTERNOON_12_18,15,5,1,garbage,DEPT_SANITATION,10,7,0.3,1.43,52.68,0.5268,21,0,4,0.0219,8,0.7812,13.101455,80.291554,64.0,406.0,10.666666666666666,-0.0625
WIN-3647,2025-04-05,94,AFTERNOON_12_18,15,5,1,water,DEPT_WATER,8,3,0.625,2.67,25.84,0.2584,10,2,1,0.1977,3,0.3862,13.041175,80.281991,43.0,256.0,7.166666666666667,0.1163
WIN-3651,2025-04-05,94,AFTERNOON_12_18,15,5,1,streetlights,DEPT_ELECTRICITY,4,1,0.75,4.0,39.84,0.3984,16,0,1,0.0029,0,0.1166,13.08894,80.238197,34.0,223.0,5.666666666666667,-0.2941
WIN-3655,2025-04-05,94,AFTERNOON_12_18,15,5,1,infrastructure,DEPT_WORKS,4,2,0.5,2.0,32.8,0.328,13,0,0,0.05,1,0.2841,13.069209,80.31221,27.0,214.0,4.5,-0.1111
WIN-3659,2025-04-05,94,AFTERNOON_12_18,15,5,1,other,DEPT_GENERAL,5,2,0.6,2.5,10.08,0.1008,4,1,1,0.1125,2,0.4683,13.040312,80.237395,28.0,173.0,4.666666666666667,0.0714
WIN-3636,2025-04-05,94,EVENING_18_24,21,5,1,roads,DEPT_ROADS,5,2,0.6,2.5,22.09,0.2209,9,0,1,0.0027,1,0.2413,13.097555,80.272563,59.0,484.0,9.833333333333334,-0.4915
WIN-3640,2025-04-05,94,EVENING_18_24,21,5,1,drainage,DEPT_DRAINAGE,8,4,0.5,2.0,17.15,0.1715,7,0,2,0.0349,1,0.0755,13.061178,80.203811,46.0,376.0,7.666666666666667,0.0435
WIN-3644,2025-04-05,94,EVENING_18_24,21,5,1,garbage,DEPT_SANITATION,11,5,0.5455,2.2,19.09,0.1909,8,0,5,0.0012,8,0.7463,13.167731,80.378862,58.0,400.0,9.666666666666666,0.1379
WIN-3648,2025-04-05,94,EVENING_18_24,21,5,1,water,DEPT_WATER,4,2,0.5,2.0,13.45,0.1345,5,0,2,0.0199,3,0.7278,13.088118,80.236912,32.0,250.0,5.333333333333333,-0.25
WIN-3652,2025-04-05,94,EVENING_18_24,21,5,1,streetlights,DEPT_ELECTRICITY,2,1,0.5,2.0,16.04,0.1604,6,0,0,0.17,0,0.024,13.168823,80.230854,25.0,220.0,4.166666666666667,-0.52
WIN-3656,2025-04-05,94,EVENING_18_24,21,5,1,infrastructure,DEPT_WORKS,6,4,0.3333,1.5,30.79,0.3079,12,0,1,0.0624,1,0.1693,13.021281,80.279672,22.0,210.0,3.6666666666666665,0.6364
WIN-3660,2025-04-05,94,EVENING_18_24,21,5,1,other,DEPT_GENERAL,1,1,0.0,1.0,30.91,0.3091,12,0,0,0.0153,0,0.2095,13.070942,80.326993,21.0,163.0,3.5,-0.7143
WIN-3661,2025-04-06,95,NIGHT_00_06,3,6,1,roads,DEPT_ROADS,3,1,0.6667,3.0,2.72,0.0272,1,0,0,0.1403,1,0.2489,13.115382,80.235599,47.0,475.0,7.833333333333333,-0.617
WIN-3665,2025-04-06,95,NIGHT_00_06,3,6,1,drainage,DEPT_DRAINAGE,1,1,0.0,1.0,43.94,0.4394,18,0,0,0.0133,0,0.4433,13.086951,80.303392,32.0,366.0,5.333333333333333,-0.8125
WIN-3669,2025-04-06,95,NIGHT_00_06,3,6,1,garbage,DEPT_SANITATION,0,0,0.0,1.0,26.91,0.2691,11,0,0,0.0,0,0.0,13.126727,80.326503,45.0,390.0,7.5,-1.0
WIN-3673,2025-04-06,95,NIGHT_00_06,3,6,1,water,DEPT_WATER,0,0,0.0,1.0,31.53,0.3153,13,0,0,0.0,0,0.0,13.150511,80.142731,21.0,238.0,3.5,-1.0
WIN-3677,2025-04-06,95,NIGHT_00_06,3,6,1,streetlights,DEPT_ELECTRICITY,2,1,0.5,2.0,15.61,0.1561,6,0,0,0.1146,0,0.2191,13.049287,80.317965,21.0,214.0,3.5,-0.4286
WIN-3681,2025-04-06,95,NIGHT_00_06,3,6,1,infrastructure,DEPT_WORKS,2,1,0.5,2.0,13.26,0.1326,5,0,0,0.1686,1,0.4439,13.073187,80.281244,21.0,200.0,3.5,-0.4286
WIN-3685,2025-04-06,95,NIGHT_00_06,3,6,1,other,DEPT_GENERAL,1,1,0.0,1.0,30.67,0.3067,12,0,0,0.0188,0,0.2782,13.052052,80.27717,19.0,157.0,3.1666666666666665,-0.6842
WIN-3662,2025-04-06,95,MORNING_06_12,9,6,1,roads,DEPT_ROADS,11,6,0.4545,1.83,28.98,0.2898,12,1,4,0.117,2,0.2086,13.064315,80.293395,39.0,480.0,6.5,0.6923
WIN-3666,2025-04-06,95,MORNING_06_12,9,6,1,drainage,DEPT_DRAINAGE,7,5,0.2857,1.4,31.76,0.3176,13,1,1,0.1058,2,0.3182,13.062035,80.290698,31.0,372.0,5.166666666666667,0.3548
WIN-3670,2025-04-06,95,MORNING_06_12,9,6,1,garbage,DEPT_SANITATION,8,4,0.5,2.0,14.26,0.1426,6,1,1,0.1432,3,0.4268,13.099229,80.277094,44.0,390.0,7.333333333333333,0.0909
WIN-3674,2025-04-06,95,MORNING_06_12,9,6,1,water,DEPT_WATER,3,1,0.6667,3.0,24.36,0.2436,10,0,1,0.0126,1,0.2228,13.044055,80.217929,18.0,235.0,3.0,0.0
WIN-3678,2025-04-06,95,MORNING_06_12,9,6,1,streetlights,DEPT_ELECTRICITY,11,5,0.5455,2.2,15.14,0.1514,6,2,2,0.1376,1,0.0682,13.101515,80.334856,27.0,218.0,4.5,1.4444
WIN-3682,2025-04-06,95,MORNING_06_12,9,6,1,infrastructure,DEPT_WORKS,5,3,0.4,1.67,15.87,0.1587,6,0,2,0.0759,1,0.1883,13.075073,80.283771,22.0,196.0,3.6666666666666665,0.3636
WIN-3686,2025-04-06,95,MORNING_06_12,9,6,1,other,DEPT_GENERAL,4,1,0.75,4.0,0.54,0.0054,0,0,3,0.0542,0,0.0639,13.095523,80.314626,18.0,158.0,3.0,0.3333
WIN-3663,2025-04-06,95,AFTERNOON_12_18,15,6,1,roads,DEPT_ROADS,10,7,0.3,1.43,21.92,0.2192,9,1,3,0.0588,4,0.351,13.054331,80.267193,47.0,485.0,7.833333333333333,0.2766
WIN-3667,2025-04-06,95,AFTERNOON_12_18,15,6,1,drainage,DEPT_DRAINAGE,2,1,0.5,2.0,9.79,0.0979,4,0,0,0.1206,1,0.565,13.118687,80.240369,33.0,372.0,5.5,-0.6364
WIN-3671,2025-04-06,95,AFTERNOON_12_18,15,6,1,garbage,DEPT_SANITATION,9,4,0.5556,2.25,7.28,0.0728,3,0,5,0.0411,3,0.3793,13.017948,80.285634,50.0,397.0,8.333333333333334,0.08
WIN-3675,2025-04-06,95,AFTERNOON_12_18,15,6,1,water,DEPT_WATER,5,2,0.6,2.5,28.79,0.2879,12,1,0,0.2574,1,0.2847,13.159592,80.294508,23.0,238.0,3.8333333333333335,0.3043
WIN-3679,2025-04-06,95,AFTERNOON_12_18,15,6,1,streetlights,DEPT_ELECTRICITY,3,1,0.6667,3.0,2.45,0.0245,1,0,0,0.0012,2,0.641,13.11593,80.283651,29.0,221.0,4.833333333333333,-0.3793
WIN-3683,2025-04-06,95,AFTERNOON_12_18,15,6,1,infrastructure,DEPT_WORKS,5,4,0.2,1.25,20.34,0.2034,8,0,1,0.0488,2,0.4353,13.18173,80.285372,25.0,199.0,4.166666666666667,0.2
WIN-3687,2025-04-06,95,AFTERNOON_12_18,15,6,1,other,DEPT_GENERAL,4,3,0.25,1.33,10.47,0.1047,4,0,1,0.1246,2,0.569,13.108902,80.277537,22.0,162.0,3.6666666666666665,0.0909
WIN-3664,2025-04-06,95,EVENING_18_24,21,6,1,roads,DEPT_ROADS,5,2,0.6,2.5,25.6,0.256,10,0,2,0.0835,0,0.0965,12.99716,80.362332,43.0,469.0,7.166666666666667,-0.3023
WIN-3668,2025-04-06,95,EVENING_18_24,21,6,1,drainage,DEPT_DRAINAGE,9,3,0.6667,3.0,63.08,0.6308,25,4,4,0.4236,3,0.3339,12.995746,80.245077,34.0,367.0,5.666666666666667,0.5882
WIN-3672,2025-04-06,95,EVENING_18_24,21,6,1,garbage,DEPT_SANITATION,1,1,0.0,1.0,27.88,0.2788,11,0,0,0.394,0,0.1267,13.159085,80.268438,39.0,383.0,6.5,-0.8462
WIN-3676,2025-04-06,95,EVENING_18_24,21,6,1,water,DEPT_WATER,2,1,0.5,2.0,36.96,0.3696,15,0,1,0.0749,1,0.4067,13.079491,80.251964,22.0,231.0,3.6666666666666665,-0.4545
WIN-3680,2025-04-06,95,EVENING_18_24,21,6,1,streetlights,DEPT_ELECTRICITY,1,1,0.0,1.0,13.4,0.134,5,0,0,0.1065,1,0.5841,13.137983,80.310204,23.0,214.0,3.8333333333333335,-0.7391
WIN-3684,2025-04-06,95,EVENING_18_24,21,6,1,infrastructure,DEPT_WORKS,1,1,0.0,1.0,18.59,0.1859,7,0,0,0.0006,0,0.4714,13.06795,80.319627,23.0,191.0,3.8333333333333335,-0.7391
WIN-3688,2025-04-06,95,EVENING_18_24,21,6,1,other,DEPT_GENERAL,3,2,0.3333,1.5,38.08,0.3808,15,1,0,0.334,1,0.2814,13.061906,80.255478,18.0,156.0,3.0,0.0
WIN-3689,2025-04-07,96,NIGHT_00_06,3,0,0,roads,DEPT_ROADS,3,2,0.3333,1.5,22.24,0.2224,9,1,1,0.4727,0,0.0559,13.153471,80.283982,37.0,457.0,6.166666666666667,-0.5135
WIN-3693,2025-04-07,96,NIGHT_00_06,3,0,0,drainage,DEPT_DRAINAGE,1,1,0.0,1.0,42.79,0.4279,17,0,1,0.1341,0,0.358,13.047868,80.354342,28.0,350.0,4.666666666666667,-0.7857
WIN-3697,2025-04-07,96,NIGHT_00_06,3,0,0,garbage,DEPT_SANITATION,5,4,0.2,1.25,24.77,0.2477,10,0,0,0.0224,1,0.2762,13.048059,80.287835,34.0,377.0,5.666666666666667,-0.1176
WIN-3701,2025-04-07,96,NIGHT_00_06,3,0,0,water,DEPT_WATER,2,1,0.5,2.0,42.42,0.4242,17,0,0,0.0471,0,0.0063,13.038756,80.364596,16.0,225.0,2.6666666666666665,-0.25
WIN-3705,2025-04-07,96,NIGHT_00_06,3,0,0,streetlights,DEPT_ELECTRICITY,0,0,0.0,1.0,10.87,0.1087,4,0,0,0.0,0,0.0,13.116423,80.214597,19.0,206.0,3.1666666666666665,-1.0
WIN-3709,2025-04-07,96,NIGHT_00_06,3,0,0,infrastructure,DEPT_WORKS,1,1,0.0,1.0,18.77,0.1877,8,0,0,0.2333,0,0.4295,13.094994,80.336433,20.0,186.0,3.3333333333333335,-0.7
WIN-3713,2025-04-07,96,NIGHT_00_06,3,0,0,other,DEPT_GENERAL,4,2,0.5,2.0,55.44,0.5544,22,0,1,0.0505,1,0.1935,13.119599,80.340685,17.0,157.0,2.8333333333333335,0.4118
WIN-3690,2025-04-07,96,MORNING_06_12,9,0,0,roads,DEPT_ROADS,17,9,0.4706,1.89,3.85,0.0385,2,1,6,0.059,3,0.1962,13.121297,80.312466,49.0,462.0,8.166666666666666,1.0816
WIN-3694,2025-04-07,96,MORNING_06_12,9,0,0,drainage,DEPT_DRAINAGE,14,6,0.5714,2.33,19.21,0.1921,8,0,4,0.0241,0,0.0268,13.066264,80.188312,34.0,354.0,5.666666666666667,1.4706
WIN-3698,2025-04-07,96,MORNING_06_12,9,0,0,garbage,DEPT_SANITATION,17,7,0.5882,2.43,42.82,0.4282,17,1,6,0.0845,1,0.0419,13.052402,80.255835,40.0,386.0,6.666666666666667,1.55
WIN-3702,2025-04-07,96,MORNING_06_12,9,0,0,water,DEPT_WATER,11,6,0.4545,1.83,25.02,0.2502,10,1,4,0.059,1,0.0706,13.128893,80.339741,23.0,230.0,3.8333333333333335,1.8696
WIN-3706,2025-04-07,96,MORNING_06_12,9,0,0,streetlights,DEPT_ELECTRICITY,11,4,0.6364,2.75,11.45,0.1145,5,2,3,0.2053,0,0.0344,13.149119,80.261762,28.0,213.0,4.666666666666667,1.3571
WIN-3710,2025-04-07,96,MORNING_06_12,9,0,0,infrastructure,DEPT_WORKS,9,3,0.6667,3.0,37.61,0.3761,15,2,2,0.189,0,0.0262,13.09646,80.314257,23.0,190.0,3.8333333333333335,1.3478
WIN-3714,2025-04-07,96,MORNING_06_12,9,0,0,other,DEPT_GENERAL,8,3,0.625,2.67,38.95,0.3895,16,1,2,0.0964,0,0.0556,13.033604,80.297463,24.0,163.0,4.0,1.0
WIN-3691,2025-04-07,96,AFTERNOON_12_18,15,0,0,roads,DEPT_ROADS,14,9,0.3571,1.56,18.05,0.1805,7,0,7,0.0183,8,0.5661,13.134251,80.298318,60.0,473.0,10.0,0.4
WIN-3695,2025-04-07,96,AFTERNOON_12_18,15,0,0,drainage,DEPT_DRAINAGE,12,7,0.4167,1.71,15.94,0.1594,6,3,3,0.2108,4,0.3214,13.056926,80.286215,45.0,365.0,7.5,0.6
WIN-3699,2025-04-07,96,AFTERNOON_12_18,15,0,0,garbage,DEPT_SANITATION,11,6,0.4545,1.83,17.63,0.1763,7,1,6,0.0693,3,0.2685,13.154912,80.390088,51.0,393.0,8.5,0.2941
WIN-3703,2025-04-07,96,AFTERNOON_12_18,15,0,0,water,DEPT_WATER,7,5,0.2857,1.4,20.95,0.2095,8,2,2,0.3488,0,0.0569,13.1226,80.209725,30.0,237.0,5.0,0.4
WIN-3707,2025-04-07,96,AFTERNOON_12_18,15,0,0,streetlights,DEPT_ELECTRICITY,8,3,0.625,2.67,31.92,0.3192,13,0,3,0.0502,2,0.1938,13.014084,80.272641,34.0,221.0,5.666666666666667,0.4118
WIN-3711,2025-04-07,96,AFTERNOON_12_18,15,0,0,infrastructure,DEPT_WORKS,4,2,0.5,2.0,52.16,0.5216,21,1,1,0.1907,1,0.2718,12.918861,80.311834,25.0,192.0,4.166666666666667,-0.04
WIN-3715,2025-04-07,96,AFTERNOON_12_18,15,0,0,other,DEPT_GENERAL,5,3,0.4,1.67,32.64,0.3264,13,0,2,0.0757,1,0.1769,13.123424,80.244469,28.0,167.0,4.666666666666667,0.0714
WIN-3692,2025-04-07,96,EVENING_18_24,21,0,0,roads,DEPT_ROADS,9,6,0.3333,1.5,37.75,0.3775,15,1,2,0.0734,6,0.6504,12.971357,80.311404,58.0,461.0,9.666666666666666,-0.069
WIN-3696,2025-04-07,96,EVENING_18_24,21,0,0,drainage,DEPT_DRAINAGE,6,3,0.5,2.0,18.29,0.1829,7,0,2,0.0746,2,0.2965,13.052091,80.24825,44.0,357.0,7.333333333333333,-0.1818
WIN-3700,2025-04-07,96,EVENING_18_24,21,0,0,garbage,DEPT_SANITATION,8,6,0.25,1.33,22.65,0.2265,9,0,1,0.0197,3,0.4309,13.135413,80.232484,51.0,392.0,8.5,-0.0588
WIN-3704,2025-04-07,96,EVENING_18_24,21,0,0,water,DEPT_WATER,5,3,0.4,1.67,17.49,0.1749,7,0,1,0.0602,4,0.7104,13.125861,80.187384,32.0,236.0,5.333333333333333,-0.0625
WIN-3708,2025-04-07,96,EVENING_18_24,21,0,0,streetlights,DEPT_ELECTRICITY,4,2,0.5,2.0,8.54,0.0854,3,0,2,0.0711,2,0.3811,13.094553,80.261717,27.0,217.0,4.5,-0.1111
WIN-3712,2025-04-07,96,EVENING_18_24,21,0,0,infrastructure,DEPT_WORKS,5,2,0.6,2.5,39.04,0.3904,16,0,1,0.0587,2,0.3713,13.032742,80.26828,25.0,188.0,4.166666666666667,0.2
WIN-3716,2025-04-07,96,EVENING_18_24,21,0,0,other,DEPT_GENERAL,1,1,0.0,1.0,10.74,0.1074,4,0,0,0.178,0,0.1892,13.066616,80.321735,25.0,163.0,4.166666666666667,-0.76
WIN-3717,2025-04-08,97,NIGHT_00_06,3,1,0,roads,DEPT_ROADS,1,1,0.0,1.0,36.67,0.3667,15,0,0,0.2047,0,0.269,13.098505,80.349116,49.0,443.0,8.166666666666666,-0.8776
WIN-3721,2025-04-08,97,NIGHT_00_06,3,1,0,drainage,DEPT_DRAINAGE,8,4,0.5,2.0,31.49,0.3149,13,3,5,0.3443,1,0.1042,13.038816,80.190971,50.0,343.0,8.333333333333334,-0.04
WIN-3725,2025-04-08,97,NIGHT_00_06,3,1,0,garbage,DEPT_SANITATION,4,2,0.5,2.0,60.11,0.6011,24,0,0,0.115,0,0.077,13.103112,80.233522,46.0,384.0,7.666666666666667,-0.4783
WIN-3729,2025-04-08,97,NIGHT_00_06,3,1,0,water,DEPT_WATER,4,2,0.5,2.0,29.26,0.2926,12,0,1,0.0139,0,0.1183,13.06587,80.246351,31.0,227.0,5.166666666666667,-0.2258
WIN-3733,2025-04-08,97,NIGHT_00_06,3,1,0,streetlights,DEPT_ELECTRICITY,2,2,0.0,1.0,4.76,0.0476,2,1,1,0.4132,0,0.0884,13.140755,80.276072,26.0,211.0,4.333333333333333,-0.5385
WIN-3737,2025-04-08,97,NIGHT_00_06,3,1,0,infrastructure,DEPT_WORKS,2,1,0.5,2.0,37.14,0.3714,15,0,1,0.0328,0,0.0155,13.043677,80.262442,22.0,184.0,3.6666666666666665,-0.4545
WIN-3741,2025-04-08,97,NIGHT_00_06,3,1,0,other,DEPT_GENERAL,2,1,0.5,2.0,5.28,0.0528,2,0,1,0.1141,0,0.0433,13.074715,80.312687,23.0,163.0,3.8333333333333335,-0.4783
WIN-3718,2025-04-08,97,MORNING_06_12,9,1,0,roads,DEPT_ROADS,13,8,0.3846,1.62,20.65,0.2065,8,1,3,0.0564,2,0.1804,13.09048,80.235506,57.0,448.0,9.5,0.3684
WIN-3722,2025-04-08,97,MORNING_06_12,9,1,0,drainage,DEPT_DRAINAGE,17,7,0.5882,2.43,16.85,0.1685,7,2,8,0.1297,0,0.0035,13.067896,80.187118,58.0,353.0,9.666666666666666,0.7586
WIN-3726,2025-04-08,97,MORNING_06_12,9,1,0,garbage,DEPT_SANITATION,17,8,0.5294,2.12,53.43,0.5343,21,1,5,0.0548,6,0.3616,13.064653,80.227961,62.0,394.0,10.333333333333334,0.6452
WIN-3730,2025-04-08,97,MORNING_06_12,9,1,0,water,DEPT_WATER,12,7,0.4167,1.71,35.46,0.3546,14,0,1,0.0044,2,0.1306,13.104105,80.294644,41.0,232.0,6.833333333333333,0.7561
WIN-3734,2025-04-08,97,MORNING_06_12,9,1,0,streetlights,DEPT_ELECTRICITY,7,3,0.5714,2.33,11.1,0.111,4,0,3,0.0592,0,0.0573,13.042275,80.27754,32.0,210.0,5.333333333333333,0.3125
WIN-3738,2025-04-08,97,MORNING_06_12,9,1,0,infrastructure,DEPT_WORKS,5,4,0.2,1.25,19.97,0.1997,8,0,3,0.0425,1,0.1281,13.09247,80.243909,26.0,184.0,4.333333333333333,0.1538
WIN-3742,2025-04-08,97,MORNING_06_12,9,1,0,other,DEPT_GENERAL,14,7,0.5,2.0,60.06,0.6006,24,1,5,0.0644,2,0.1535,13.05129,80.313974,34.0,175.0,5.666666666666667,1.4706
WIN-3719,2025-04-08,97,AFTERNOON_12_18,15,1,0,roads,DEPT_ROADS,16,11,0.3125,1.45,48.43,0.4843,19,3,3,0.1602,1,0.0373,13.062806,80.284647,70.0,462.0,11.666666666666666,0.3714
WIN-3723,2025-04-08,97,AFTERNOON_12_18,15,1,0,drainage,DEPT_DRAINAGE,12,5,0.5833,2.4,32.1,0.321,13,2,3,0.1941,8,0.6273,13.040431,80.265743,69.0,364.0,11.5,0.0435
WIN-3727,2025-04-08,97,AFTERNOON_12_18,15,1,0,garbage,DEPT_SANITATION,11,5,0.5455,2.2,16.4,0.164,7,1,8,0.0743,1,0.114,13.110125,80.302808,68.0,404.0,11.333333333333334,-0.0294
WIN-3731,2025-04-08,97,AFTERNOON_12_18,15,1,0,water,DEPT_WATER,8,3,0.625,2.67,27.62,0.2762,11,1,2,0.0878,2,0.1972,13.016192,80.254983,47.0,239.0,7.833333333333333,0.0213
WIN-3735,2025-04-08,97,AFTERNOON_12_18,15,1,0,streetlights,DEPT_ELECTRICITY,5,3,0.4,1.67,4.07,0.0407,2,0,0,0.0751,2,0.3678,13.114418,80.197704,37.0,211.0,6.166666666666667,-0.1892
WIN-3739,2025-04-08,97,AFTERNOON_12_18,15,1,0,infrastructure,DEPT_WORKS,6,4,0.3333,1.5,25.49,0.2549,10,1,2,0.085,0,0.0607,12.986281,80.297343,31.0,189.0,5.166666666666667,0.1613
WIN-3743,2025-04-08,97,AFTERNOON_12_18,15,1,0,other,DEPT_GENERAL,6,2,0.6667,3.0,45.8,0.458,18,1,1,0.21,2,0.29,13.153236,80.286716,36.0,177.0,6.0,0.0
WIN-3720,2025-04-08,97,EVENING_18_24,21,1,0,roads,DEPT_ROADS,7,3,0.5714,2.33,41.03,0.4103,16,2,2,0.2153,5,0.6946,13.03005,80.260346,60.0,451.0,10.0,-0.3
WIN-3724,2025-04-08,97,EVENING_18_24,21,1,0,drainage,DEPT_DRAINAGE,8,4,0.5,2.0,8.69,0.0869,3,0,0,0.0443,2,0.2589,13.006974,80.286613,63.0,363.0,10.5,-0.2381
WIN-3728,2025-04-08,97,EVENING_18_24,21,1,0,garbage,DEPT_SANITATION,13,5,0.6154,2.6,46.94,0.4694,19,0,6,0.028,5,0.3541,13.07221,80.293368,64.0,405.0,10.666666666666666,0.2188
WIN-3732,2025-04-08,97,EVENING_18_24,21,1,0,water,DEPT_WATER,3,1,0.6667,3.0,32.3,0.323,13,0,1,0.1193,1,0.3172,13.139175,80.259363,39.0,236.0,6.5,-0.5385
WIN-3736,2025-04-08,97,EVENING_18_24,21,1,0,streetlights,DEPT_ELECTRICITY,6,3,0.5,2.0,81.55,0.8155,33,0,2,0.0449,1,0.0891,13.07902,80.305775,32.0,211.0,5.333333333333333,0.125
WIN-3740,2025-04-08,97,EVENING_18_24,21,1,0,infrastructure,DEPT_WORKS,6,2,0.6667,3.0,32.94,0.3294,13,0,1,0.0072,2,0.3543,13.060175,80.333006,28.0,192.0,4.666666666666667,0.2857
WIN-3744,2025-04-08,97,EVENING_18_24,21,1,0,other,DEPT_GENERAL,3,2,0.3333,1.5,40.26,0.4026,16,0,1,0.094,2,0.51,13.0352,80.27425,31.0,176.0,5.166666666666667,-0.4194
WIN-3745,2025-04-09,98,NIGHT_00_06,3,2,0,roads,DEPT_ROADS,2,1,0.5,2.0,17.4,0.174,7,0,1,0.0943,0,0.046,13.048115,80.303277,48.0,450.0,8.0,-0.75
WIN-3749,2025-04-09,98,NIGHT_00_06,3,2,0,drainage,DEPT_DRAINAGE,3,2,0.3333,1.5,5.78,0.0578,2,1,1,0.2012,0,0.0562,13.012751,80.325644,54.0,359.0,9.0,-0.6667
WIN-3753,2025-04-09,98,NIGHT_00_06,3,2,0,garbage,DEPT_SANITATION,5,4,0.2,1.25,46.98,0.4698,19,0,2,0.0034,0,0.0236,13.024325,80.308093,58.0,399.0,9.666666666666666,-0.4828
WIN-3757,2025-04-09,98,NIGHT_00_06,3,2,0,water,DEPT_WATER,2,1,0.5,2.0,11.93,0.1193,5,0,0,0.0667,0,0.0747,13.11087,80.242247,34.0,234.0,5.666666666666667,-0.6471
WIN-3761,2025-04-09,98,NIGHT_00_06,3,2,0,streetlights,DEPT_ELECTRICITY,4,3,0.25,1.33,32.8,0.328,13,1,2,0.1796,0,0.1063,13.124411,80.265117,28.0,210.0,4.666666666666667,-0.1429
WIN-3765,2025-04-09,98,NIGHT_00_06,3,2,0,infrastructure,DEPT_WORKS,2,1,0.5,2.0,32.29,0.3229,13,0,0,0.09,0,0.004,13.167499,80.285249,26.0,187.0,4.333333333333333,-0.5385
WIN-3769,2025-04-09,98,NIGHT_00_06,3,2,0,other,DEPT_GENERAL,1,1,0.0,1.0,39.17,0.3917,16,0,0,0.0231,0,0.2416,13.157501,80.356612,27.0,170.0,4.5,-0.7778
WIN-3746,2025-04-09,98,MORNING_06_12,9,2,0,roads,DEPT_ROADS,25,10,0.6,2.5,54.71,0.5471,22,5,7,0.2094,2,0.0648,13.053114,80.283141,64.0,468.0,10.666666666666666,1.3438
WIN-3750,2025-04-09,98,MORNING_06_12,9,2,0,drainage,DEPT_DRAINAGE,13,7,0.4615,1.86,27.97,0.2797,11,1,1,0.0704,0,0.0032,13.135253,80.184273,61.0,364.0,10.166666666666666,0.2787
WIN-3754,2025-04-09,98,MORNING_06_12,9,2,0,garbage,DEPT_SANITATION,19,15,0.2105,1.27,21.81,0.2181,9,2,3,0.1003,3,0.1377,13.035332,80.289284,69.0,411.0,11.5,0.6522
WIN-3758,2025-04-09,98,MORNING_06_12,9,2,0,water,DEPT_WATER,3,1,0.6667,3.0,24.08,0.2408,10,0,0,0.0024,0,0.0326,13.110237,80.309954,32.0,232.0,5.333333333333333,-0.4375
WIN-3762,2025-04-09,98,MORNING_06_12,9,2,0,streetlights,DEPT_ELECTRICITY,14,8,0.4286,1.75,22.98,0.2298,9,2,4,0.1258,0,0.015,13.104346,80.270705,38.0,221.0,6.333333333333333,1.2105
WIN-3766,2025-04-09,98,MORNING_06_12,9,2,0,infrastructure,DEPT_WORKS,5,2,0.6,2.5,34.89,0.3489,14,0,3,0.0633,1,0.1999,13.098598,80.267784,26.0,191.0,4.333333333333333,0.1538
WIN-3770,2025-04-09,98,MORNING_06_12,9,2,0,other,DEPT_GENERAL,3,2,0.3333,1.5,36.24,0.3624,14,0,1,0.0441,1,0.1937,13.133373,80.242609,29.0,171.0,4.833333333333333,-0.3793
WIN-3747,2025-04-09,98,AFTERNOON_12_18,15,2,0,roads,DEPT_ROADS,19,7,0.6316,2.71,26.99,0.2699,11,2,6,0.0797,2,0.0909,13.094572,80.344605,82.0,485.0,13.666666666666666,0.3902
WIN-3751,2025-04-09,98,AFTERNOON_12_18,15,2,0,drainage,DEPT_DRAINAGE,13,6,0.5385,2.17,32.57,0.3257,13,0,4,0.0175,2,0.1224,12.962379,80.236334,66.0,374.0,11.0,0.1818
WIN-3755,2025-04-09,98,AFTERNOON_12_18,15,2,0,garbage,DEPT_SANITATION,10,4,0.6,2.5,16.59,0.1659,7,0,1,0.0494,0,0.0498,13.105397,80.221639,75.0,419.0,12.5,-0.2
WIN-3759,2025-04-09,98,AFTERNOON_12_18,15,2,0,water,DEPT_WATER,6,4,0.3333,1.5,19.01,0.1901,8,0,3,0.0242,2,0.2683,13.085144,80.27437,34.0,236.0,5.666666666666667,0.0588
WIN-3763,2025-04-09,98,AFTERNOON_12_18,15,2,0,streetlights,DEPT_ELECTRICITY,7,3,0.5714,2.33,39.7,0.397,16,2,4,0.2146,1,0.1298,13.074716,80.302073,43.0,228.0,7.166666666666667,-0.0233
WIN-3767,2025-04-09,98,AFTERNOON_12_18,15,2,0,infrastructure,DEPT_WORKS,9,5,0.4444,1.8,11.64,0.1164,5,0,4,0.0043,1,0.1284,13.109535,80.285969,33.0,199.0,5.5,0.6364
WIN-3771,2025-04-09,98,AFTERNOON_12_18,15,2,0,other,DEPT_GENERAL,8,6,0.25,1.33,30.51,0.3051,12,1,1,0.131,1,0.0717,13.074255,80.257818,35.0,179.0,5.833333333333333,0.3714
WIN-3748,2025-04-09,98,EVENING_18_24,21,2,0,roads,DEPT_ROADS,10,5,0.5,2.0,20.35,0.2035,8,2,3,0.1612,2,0.1754,13.16988,80.25583,79.0,481.0,13.166666666666666,-0.2405
WIN-3752,2025-04-09,98,EVENING_18_24,21,2,0,drainage,DEPT_DRAINAGE,6,5,0.1667,1.2,25.21,0.2521,10,2,1,0.2636,1,0.1424,13.113702,80.370275,55.0,371.0,9.166666666666666,-0.3455
WIN-3756,2025-04-09,98,EVENING_18_24,21,2,0,garbage,DEPT_SANITATION,6,2,0.6667,3.0,42.67,0.4267,17,1,1,0.1778,1,0.1234,13.143053,80.337514,64.0,420.0,10.666666666666666,-0.4375
WIN-3760,2025-04-09,98,EVENING_18_24,21,2,0,water,DEPT_WATER,6,4,0.3333,1.5,16.11,0.1611,6,1,2,0.1696,3,0.4193,13.037295,80.315816,28.0,236.0,4.666666666666667,0.2857
WIN-3764,2025-04-09,98,EVENING_18_24,21,2,0,streetlights,DEPT_ELECTRICITY,2,1,0.5,2.0,61.78,0.6178,25,0,1,0.1582,0,0.2025,13.073044,80.298784,38.0,226.0,6.333333333333333,-0.6842
WIN-3768,2025-04-09,98,EVENING_18_24,21,2,0,infrastructure,DEPT_WORKS,5,2,0.6,2.5,56.81,0.5681,23,1,2,0.193,1,0.2316,12.977947,80.309769,33.0,197.0,5.5,-0.0909
WIN-3772,2025-04-09,98,EVENING_18_24,21,2,0,other,DEPT_GENERAL,6,3,0.5,2.0,35.97,0.3597,14,0,3,0.0016,3,0.4306,13.139963,80.248729,27.0,180.0,4.5,0.3333
WIN-3773,2025-04-10,99,NIGHT_00_06,3,3,0,roads,DEPT_ROADS,3,1,0.6667,3.0,54.21,0.5421,22,0,1,0.1027,0,0.0512,13.076324,80.249393,66.0,476.0,11.0,-0.7273
WIN-3777,2025-04-10,99,NIGHT_00_06,3,3,0,drainage,DEPT_DRAINAGE,2,2,0.0,1.0,35.0,0.35,14,0,1,0.0276,1,0.274,13.160633,80.260645,45.0,364.0,7.5,-0.7333
WIN-3781,2025-04-10,99,NIGHT_00_06,3,3,0,garbage,DEPT_SANITATION,3,1,0.6667,3.0,29.31,0.2931,12,0,1,0.1041,0,0.0266,13.090636,80.182425,56.0,416.0,9.333333333333334,-0.6786
WIN-3785,2025-04-10,99,NIGHT_00_06,3,3,0,water,DEPT_WATER,3,1,0.6667,3.0,40.79,0.4079,16,1,2,0.2863,0,0.0159,13.029975,80.321615,23.0,236.0,3.8333333333333335,-0.2174
WIN-3789,2025-04-10,99,NIGHT_00_06,3,3,0,streetlights,DEPT_ELECTRICITY,1,1,0.0,1.0,36.89,0.3689,15,0,0,0.0665,0,0.1381,13.040524,80.299061,34.0,220.0,5.666666666666667,-0.8235
WIN-3793,2025-04-10,99,NIGHT_00_06,3,3,0,infrastructure,DEPT_WORKS,1,1,0.0,1.0,20.05,0.2005,8,0,0,0.0211,0,0.0222,13.105367,80.233891,28.0,195.0,4.666666666666667,-0.7857
WIN-3797,2025-04-10,99,NIGHT_00_06,3,3,0,other,DEPT_GENERAL,0,0,0.0,1.0,24.13,0.2413,10,0,0,0.0,0,0.0,13.087209,80.211876,21.0,173.0,3.5,-1.0
WIN-3774,2025-04-10,99,MORNING_06_12,9,3,0,roads,DEPT_ROADS,22,11,0.5,2.0,32.6,0.326,13,5,6,0.2409,3,0.1248,13.099933,80.224056,81.0,490.0,13.5,0.6296
WIN-3778,2025-04-10,99,MORNING_06_12,9,3,0,drainage,DEPT_DRAINAGE,9,6,0.3333,1.5,20.28,0.2028,8,3,3,0.3132,2,0.22,13.132627,80.279988,46.0,367.0,7.666666666666667,0.1739
WIN-3782,2025-04-10,99,MORNING_06_12,9,3,0,garbage,DEPT_SANITATION,12,5,0.5833,2.4,31.97,0.3197,13,3,5,0.2337,1,0.1001,13.10221,80.23447,55.0,424.0,9.166666666666666,0.3091
WIN-3786,2025-04-10,99,MORNING_06_12,9,3,0,water,DEPT_WATER,11,4,0.6364,2.75,50.28,0.5028,20,1,1,0.0853,1,0.0919,13.015338,80.297736,31.0,244.0,5.166666666666667,1.129
WIN-3790,2025-04-10,99,MORNING_06_12,9,3,0,streetlights,DEPT_ELECTRICITY,14,7,0.5,2.0,31.65,0.3165,13,0,6,0.0302,6,0.4412,13.070386,80.317076,42.0,233.0,7.0,1.0
WIN-3794,2025-04-10,99,MORNING_06_12,9,3,0,infrastructure,DEPT_WORKS,8,5,0.375,1.6,24.86,0.2486,10,0,2,0.0505,1,0.1612,13.078751,80.30941,30.0,202.0,5.0,0.6
WIN-3798,2025-04-10,99,MORNING_06_12,9,3,0,other,DEPT_GENERAL,5,3,0.4,1.67,33.05,0.3305,13,0,1,0.0451,2,0.4316,13.09126,80.309239,23.0,175.0,3.8333333333333335,0.3043
WIN-3775,2025-04-10,99,AFTERNOON_12_18,15,3,0,roads,DEPT_ROADS,8,4,0.5,2.0,38.98,0.3898,16,1,2,0.1173,1,0.078,13.096155,80.380935,87.0,497.0,14.5,-0.4483
WIN-3779,2025-04-10,99,AFTERNOON_12_18,15,3,0,drainage,DEPT_DRAINAGE,15,6,0.6,2.5,58.47,0.5847,23,1,5,0.0492,0,0.0182,13.061682,80.297569,58.0,380.0,9.666666666666666,0.5517
WIN-3783,2025-04-10,99,AFTERNOON_12_18,15,3,0,garbage,DEPT_SANITATION,21,8,0.619,2.62,24.44,0.2444,10,0,0,0.0021,1,0.0597,12.990948,80.219955,71.0,443.0,11.833333333333334,0.7746
WIN-3787,2025-04-10,99,AFTERNOON_12_18,15,3,0,water,DEPT_WATER,8,4,0.5,2.0,48.55,0.4855,19,2,1,0.2391,0,0.028,13.077741,80.315324,37.0,248.0,6.166666666666667,0.2973
WIN-3791,2025-04-10,99,AFTERNOON_12_18,15,3,0,streetlights,DEPT_ELECTRICITY,9,6,0.3333,1.5,37.92,0.3792,15,4,4,0.4121,0,0.0489,13.089203,80.334389,47.0,239.0,7.833333333333333,0.1489
WIN-3795,2025-04-10,99,AFTERNOON_12_18,15,3,0,infrastructure,DEPT_WORKS,5,2,0.6,2.5,11.24,0.1124,4,0,1,0.0505,2,0.3326,13.046272,80.290697,33.0,207.0,5.5,-0.0909
WIN-3799,2025-04-10,99,AFTERNOON_12_18,15,3,0,other,DEPT_GENERAL,6,4,0.3333,1.5,29.77,0.2977,12,1,4,0.0952,1,0.0871,13.073149,80.238732,28.0,180.0,4.666666666666667,0.2857
WIN-3776,2025-04-10,99,EVENING_18_24,21,3,0,roads,DEPT_ROADS,12,6,0.5,2.0,46.4,0.464,19,1,0,0.0738,5,0.386,13.015722,80.255691,74.0,491.0,12.333333333333334,-0.027
WIN-3780,2025-04-10,99,EVENING_18_24,21,3,0,drainage,DEPT_DRAINAGE,8,6,0.25,1.33,13.78,0.1378,6,2,4,0.2033,3,0.3646,13.065939,80.358729,53.0,371.0,8.833333333333334,-0.0943
WIN-3784,2025-04-10,99,EVENING_18_24,21,3,0,garbage,DEPT_SANITATION,10,8,0.2,1.25,45.83,0.4583,18,2,4,0.1925,4,0.3585,13.086545,80.326918,62.0,431.0,10.333333333333334,-0.0323
WIN-3788,2025-04-10,99,EVENING_18_24,21,3,0,water,DEPT_WATER,6,2,0.6667,3.0,26.88,0.2688,11,0,2,0.0746,2,0.3252,13.038721,80.170268,40.0,248.0,6.666666666666667,-0.1
WIN-3792,2025-04-10,99,EVENING_18_24,21,3,0,streetlights,DEPT_ELECTRICITY,7,5,0.2857,1.4,3.54,0.0354,1,0,1,0.0656,3,0.3681,13.039778,80.294212,40.0,236.0,6.666666666666667,0.05
WIN-3796,2025-04-10,99,EVENING_18_24,21,3,0,infrastructure,DEPT_WORKS,4,2,0.5,2.0,50.57,0.5057,20,0,2,0.0685,2,0.4198,13.125761,80.278014,32.0,203.0,5.333333333333333,-0.25
WIN-3800,2025-04-10,99,EVENING_18_24,21,3,0,other,DEPT_GENERAL,10,6,0.4,1.67,10.61,0.1061,4,0,0,0.0464,1,0.0727,13.110463,80.23004,35.0,182.0,5.833333333333333,0.7143
WIN-3801,2025-04-11,100,NIGHT_00_06,3,4,0,roads,DEPT_ROADS,4,2,0.5,2.0,33.05,0.3305,13,0,0,0.0354,1,0.3687,13.138085,80.264264,59.0,470.0,9.833333333333334,-0.5932
WIN-3805,2025-04-11,100,NIGHT_00_06,3,4,0,drainage,DEPT_DRAINAGE,2,1,0.5,2.0,31.4,0.314,13,1,0,0.2921,0,0.0103,13.168513,80.280782,42.0,353.0,7.0,-0.7143
WIN-3809,2025-04-11,100,NIGHT_00_06,3,4,0,garbage,DEPT_SANITATION,2,1,0.5,2.0,14.27,0.1427,6,0,0,0.0316,0,0.032,13.085526,80.246972,54.0,422.0,9.0,-0.7778
WIN-3813,2025-04-11,100,NIGHT_00_06,3,4,0,water,DEPT_WATER,1,1,0.0,1.0,23.23,0.2323,9,0,0,0.2418,0,0.035,13.132244,80.300782,35.0,236.0,5.833333333333333,-0.8286
WIN-3817,2025-04-11,100,NIGHT_00_06,3,4,0,streetlights,DEPT_ELECTRICITY,1,1,0.0,1.0,54.28,0.5428,22,0,0,0.1449,0,0.1224,13.13663,80.291987,34.0,230.0,5.666666666666667,-0.8235
WIN-3821,2025-04-11,100,NIGHT_00_06,3,4,0,infrastructure,DEPT_WORKS,0,0,0.0,1.0,14.66,0.1466,6,0,0,0.0,0,0.0,13.123903,80.288936,23.0,199.0,3.8333333333333335,-1.0
WIN-3825,2025-04-11,100,NIGHT_00_06,3,4,0,other,DEPT_GENERAL,1,1,0.0,1.0,58.15,0.5815,23,0,0,0.0213,0,0.0818,13.068561,80.264369,28.0,177.0,4.666666666666667,-0.7857
WIN-3802,2025-04-11,100,MORNING_06_12,9,4,0,roads,DEPT_ROADS,18,10,0.4444,1.8,13.09,0.1309,5,0,5,0.0243,0,0.0087,12.963716,80.308496,67.0,475.0,11.166666666666666,0.6119
WIN-3806,2025-04-11,100,MORNING_06_12,9,4,0,drainage,DEPT_DRAINAGE,14,6,0.5714,2.33,9.35,0.0935,4,4,4,0.2925,0,0.0118,13.053893,80.348393,50.0,361.0,8.333333333333334,0.68
WIN-3810,2025-04-11,100,MORNING_06_12,9,4,0,garbage,DEPT_SANITATION,11,4,0.6364,2.75,19.06,0.1906,8,0,2,0.0029,0,0.0299,13.080737,80.244518,59.0,419.0,9.833333333333334,0.1186
WIN-3814,2025-04-11,100,MORNING_06_12,9,4,0,water,DEPT_WATER,11,4,0.6364,2.75,45.87,0.4587,18,1,4,0.1223,2,0.1552,13.165234,80.219447,40.0,243.0,6.666666666666667,0.65
WIN-3818,2025-04-11,100,MORNING_06_12,9,4,0,streetlights,DEPT_ELECTRICITY,12,4,0.6667,3.0,19.57,0.1957,8,0,3,0.0321,0,0.0032,13.168418,80.311031,44.0,241.0,7.333333333333333,0.6364
WIN-3822,2025-04-11,100,MORNING_06_12,9,4,0,infrastructure,DEPT_WORKS,4,2,0.5,2.0,16.74,0.1674,7,0,1,0.1154,1,0.2746,13.063772,80.276472,22.0,200.0,3.6666666666666665,0.0909
WIN-3826,2025-04-11,100,MORNING_06_12,9,4,0,other,DEPT_GENERAL,5,2,0.6,2.5,43.24,0.4324,17,0,1,0.0009,0,0.0081,13.194354,80.245683,27.0,176.0,4.5,0.1111
WIN-3803,2025-04-11,100,AFTERNOON_12_18,15,4,0,roads,DEPT_ROADS,15,8,0.4667,1.88,12.59,0.1259,5,1,7,0.0589,1,0.0761,13.078818,80.320304,79.0,486.0,13.166666666666666,0.1392
WIN-3807,2025-04-11,100,AFTERNOON_12_18,15,4,0,drainage,DEPT_DRAINAGE,11,6,0.4545,1.83,22.2,0.222,9,1,0,0.0589,3,0.2292,13.017713,80.344377,59.0,367.0,9.833333333333334,0.1186
WIN-3811,2025-04-11,100,AFTERNOON_12_18,15,4,0,garbage,DEPT_SANITATION,14,7,0.5,2.0,52.87,0.5287,21,1,1,0.0977,1,0.0736,13.106915,80.28931,70.0,428.0,11.666666666666666,0.2
WIN-3815,2025-04-11,100,AFTERNOON_12_18,15,4,0,water,DEPT_WATER,10,4,0.6,2.5,52.7,0.527,21,1,1,0.0733,2,0.1973,13.129144,80.255862,47.0,252.0,7.833333333333333,0.2766
WIN-3819,2025-04-11,100,AFTERNOON_12_18,15,4,0,streetlights,DEPT_ELECTRICITY,8,6,0.25,1.33,37.63,0.3763,15,1,6,0.0654,1,0.0939,13.046887,80.313869,51.0,247.0,8.5,-0.0588
WIN-3823,2025-04-11,100,AFTERNOON_12_18,15,4,0,infrastructure,DEPT_WORKS,10,4,0.6,2.5,43.74,0.4374,17,2,2,0.1955,1,0.0983,13.083093,80.247914,31.0,208.0,5.166666666666667,0.9355
WIN-3827,2025-04-11,100,AFTERNOON_12_18,15,4,0,other,DEPT_GENERAL,8,6,0.25,1.33,25.76,0.2576,10,0,0,0.0165,2,0.239,13.06025,80.344122,35.0,184.0,5.833333333333333,0.3714
WIN-3804,2025-04-11,100,EVENING_18_24,21,4,0,roads,DEPT_ROADS,11,7,0.3636,1.57,34.77,0.3477,14,2,1,0.1946,3,0.3143,13.094006,80.31062,68.0,469.0,11.333333333333334,-0.0294
WIN-3808,2025-04-11,100,EVENING_18_24,21,4,0,drainage,DEPT_DRAINAGE,5,2,0.6,2.5,44.44,0.4444,18,1,2,0.181,2,0.4812,13.101672,80.280162,55.0,354.0,9.166666666666666,-0.4545
WIN-3812,2025-04-11,100,EVENING_18_24,21,4,0,garbage,DEPT_SANITATION,12,5,0.5833,2.4,7.49,0.0749,3,2,1,0.1473,3,0.2381,13.088128,80.18154,70.0,425.0,11.666666666666666,0.0286
WIN-3816,2025-04-11,100,EVENING_18_24,21,4,0,water,DEPT_WATER,3,2,0.3333,1.5,10.44,0.1044,4,0,2,0.0131,2,0.5765,13.063353,80.352237,39.0,246.0,6.5,-0.5385
WIN-3820,2025-04-11,100,EVENING_18_24,21,4,0,streetlights,DEPT_ELECTRICITY,5,4,0.2,1.25,16.02,0.1602,6,1,2,0.2153,2,0.3231,13.108548,80.300493,42.0,247.0,7.0,-0.2857
WIN-3824,2025-04-11,100,EVENING_18_24,21,4,0,infrastructure,DEPT_WORKS,2,2,0.0,1.0,7.44,0.0744,3,0,1,0.0348,0,0.1187,13.097543,80.323078,25.0,200.0,4.166666666666667,-0.52
WIN-3828,2025-04-11,100,EVENING_18_24,21,4,0,other,DEPT_GENERAL,4,2,0.5,2.0,50.93,0.5093,20,1,0,0.2937,1,0.1712,13.137944,80.223545,34.0,180.0,5.666666666666667,-0.2941
WIN-3829,2025-04-12,101,NIGHT_00_06,3,5,1,roads,DEPT_ROADS,2,1,0.5,2.0,72.92,0.7292,29,0,1,0.0696,1,0.2922,13.151014,80.281398,62.0,460.0,10.333333333333334,-0.8065
WIN-3833,2025-04-12,101,NIGHT_00_06,3,5,1,drainage,DEPT_DRAINAGE,1,1,0.0,1.0,62.68,0.6268,25,0,0,0.2646,0,0.2162,13.081767,80.28543,41.0,340.0,6.833333333333333,-0.8537
WIN-3837,2025-04-12,101,NIGHT_00_06,3,5,1,garbage,DEPT_SANITATION,3,1,0.6667,3.0,12.41,0.1241,5,0,1,0.1018,1,0.3322,13.016551,80.313676,52.0,416.0,8.666666666666666,-0.6538
WIN-3841,2025-04-12,101,NIGHT_00_06,3,5,1,water,DEPT_WATER,3,1,0.6667,3.0,27.77,0.2777,11,0,1,0.0701,1,0.347,13.117072,80.295942,34.0,244.0,5.666666666666667,-0.4706
WIN-3845,2025-04-12,101,NIGHT_00_06,3,5,1,streetlights,DEPT_ELECTRICITY,1,1,0.0,1.0,23.05,0.2305,9,0,0,0.101,1,0.5044,13.149398,80.252337,34.0,236.0,5.666666666666667,-0.8235
WIN-3849,2025-04-12,101,NIGHT_00_06,3,5,1,infrastructure,DEPT_WORKS,2,1,0.5,2.0,44.46,0.4446,18,0,0,0.0094,1,0.2591,13.050155,80.263733,22.0,194.0,3.6666666666666665,-0.4545
WIN-3853,2025-04-12,101,NIGHT_00_06,3,5,1,other,DEPT_GENERAL,3,2,0.3333,1.5,2.62,0.0262,1,0,0,0.0718,0,0.0868,13.033244,80.339573,31.0,178.0,5.166666666666667,-0.4194
WIN-3830,2025-04-12,101,MORNING_06_12,9,5,1,roads,DEPT_ROADS,16,6,0.625,2.67,27.27,0.2727,11,2,10,0.1214,4,0.2314,13.163459,80.281257,66.0,466.0,11.0,0.4545
WIN-3834,2025-04-12,101,MORNING_06_12,9,5,1,drainage,DEPT_DRAINAGE,6,3,0.5,2.0,30.36,0.3036,12,0,0,0.0626,2,0.4102,13.125638,80.19811,39.0,341.0,6.5,-0.0769
WIN-3838,2025-04-12,101,MORNING_06_12,9,5,1,garbage,DEPT_SANITATION,11,7,0.3636,1.57,16.15,0.1615,6,1,2,0.1222,5,0.4281,13.089945,80.327505,53.0,414.0,8.833333333333334,0.2453
WIN-3842,2025-04-12,101,MORNING_06_12,9,5,1,water,DEPT_WATER,8,7,0.125,1.14,23.49,0.2349,9,1,1,0.1701,3,0.3945,13.041627,80.231402,36.0,246.0,6.0,0.3333
WIN-3846,2025-04-12,101,MORNING_06_12,9,5,1,streetlights,DEPT_ELECTRICITY,8,4,0.5,2.0,36.83,0.3683,15,0,2,0.0359,4,0.5041,13.133312,80.289044,35.0,241.0,5.833333333333333,0.3714
WIN-3850,2025-04-12,101,MORNING_06_12,9,5,1,infrastructure,DEPT_WORKS,6,3,0.5,2.0,43.77,0.4377,18,0,2,0.0442,3,0.4557,13.065572,80.214905,24.0,196.0,4.0,0.5
WIN-3854,2025-04-12,101,MORNING_06_12,9,5,1,other,DEPT_GENERAL,4,2,0.5,2.0,53.27,0.5327,21,0,2,0.0867,2,0.4188,13.072767,80.314432,25.0,179.0,4.166666666666667,-0.04
WIN-3831,2025-04-12,101,AFTERNOON_12_18,15,5,1,roads,DEPT_ROADS,4,2,0.5,2.0,26.8,0.268,11,0,2,0.0323,1,0.333,13.168622,80.231906,66.0,467.0,11.0,-0.6364
WIN-3835,2025-04-12,101,AFTERNOON_12_18,15,5,1,drainage,DEPT_DRAINAGE,6,3,0.5,2.0,29.82,0.2982,12,0,3,0.0199,4,0.6042,13.181613,80.25885,43.0,343.0,7.166666666666667,-0.1628
WIN-3839,2025-04-12,101,AFTERNOON_12_18,15,5,1,garbage,DEPT_SANITATION,6,4,0.3333,1.5,16.47,0.1647,7,1,2,0.1797,2,0.3885,13.056401,80.360261,57.0,417.0,9.5,-0.3684
WIN-3843,2025-04-12,101,AFTERNOON_12_18,15,5,1,water,DEPT_WATER,3,1,0.6667,3.0,32.65,0.3265,13,0,1,0.1533,2,0.6551,13.009478,80.41987,38.0,245.0,6.333333333333333,-0.5263
WIN-3847,2025-04-12,101,AFTERNOON_12_18,15,5,1,streetlights,DEPT_ELECTRICITY,6,4,0.3333,1.5,20.95,0.2095,8,1,1,0.1797,2,0.2774,13.091478,80.275591,40.0,245.0,6.666666666666667,-0.1
WIN-3851,2025-04-12,101,AFTERNOON_12_18,15,5,1,infrastructure,DEPT_WORKS,10,5,0.5,2.0,11.59,0.1159,5,2,5,0.2146,1,0.1432,13.114305,80.2937,34.0,205.0,5.666666666666667,0.7647
WIN-3855,2025-04-12,101,AFTERNOON_12_18,15,5,1,other,DEPT_GENERAL,6,2,0.6667,3.0,38.01,0.3801,15,1,1,0.0853,1,0.1183,13.093391,80.306226,30.0,183.0,5.0,0.2
WIN-3832,2025-04-12,101,EVENING_18_24,21,5,1,roads,DEPT_ROADS,10,5,0.5,2.0,5.95,0.0595,2,1,2,0.071,2,0.2267,13.057694,80.300732,58.0,461.0,9.666666666666666,0.0345
WIN-3836,2025-04-12,101,EVENING_18_24,21,5,1,drainage,DEPT_DRAINAGE,6,3,0.5,2.0,18.32,0.1832,7,1,1,0.1329,2,0.3465,13.069301,80.253653,35.0,336.0,5.833333333333333,0.0286
WIN-3840,2025-04-12,101,EVENING_18_24,21,5,1,garbage,DEPT_SANITATION,6,4,0.3333,1.5,9.12,0.0912,4,0,3,0.0827,2,0.3887,13.037043,80.239587,52.0,401.0,8.666666666666666,-0.3077
WIN-3844,2025-04-12,101,EVENING_18_24,21,5,1,water,DEPT_WATER,2,1,0.5,2.0,86.87,0.8687,35,0,0,0.1307,1,0.5258,13.115024,80.251433,29.0,241.0,4.833333333333333,-0.5862
WIN-3848,2025-04-12,101,EVENING_18_24,21,5,1,streetlights,DEPT_ELECTRICITY,8,3,0.625,2.67,26.36,0.2636,11,0,3,0.02,2,0.2589,13.049411,80.283495,36.0,246.0,6.0,0.3333
WIN-3852,2025-04-12,101,EVENING_18_24,21,5,1,infrastructure,DEPT_WORKS,1,1,0.0,1.0,23.23,0.2323,9,0,1,0.1682,0,0.0648,13.138991,80.339185,31.0,197.0,5.166666666666667,-0.8065
WIN-3856,2025-04-12,101,EVENING_18_24,21,5,1,other,DEPT_GENERAL,3,2,0.3333,1.5,28.15,0.2815,11,1,1,0.2055,0,0.0813,13.10001,80.269141,28.0,177.0,4.666666666666667,-0.3571
WIN-3857,2025-04-13,102,NIGHT_00_06,3,6,1,roads,DEPT_ROADS,5,3,0.4,1.67,17.26,0.1726,7,1,1,0.2246,1,0.1868,13.060329,80.207199,48.0,445.0,8.0,-0.375
WIN-3861,2025-04-13,102,NIGHT_00_06,3,6,1,drainage,DEPT_DRAINAGE,4,3,0.25,1.33,27.13,0.2713,11,1,1,0.1305,2,0.6146,13.107441,80.275431,28.0,328.0,4.666666666666667,-0.1429
WIN-3865,2025-04-13,102,NIGHT_00_06,3,6,1,garbage,DEPT_SANITATION,1,1,0.0,1.0,22.24,0.2224,9,0,0,0.0048,0,0.3279,13.101973,80.258227,39.0,388.0,6.5,-0.8462
WIN-3869,2025-04-13,102,NIGHT_00_06,3,6,1,water,DEPT_WATER,2,1,0.5,2.0,36.29,0.3629,15,0,0,0.0653,1,0.4168,13.098206,80.370727,21.0,236.0,3.5,-0.4286
WIN-3873,2025-04-13,102,NIGHT_00_06,3,6,1,streetlights,DEPT_ELECTRICITY,1,1,0.0,1.0,62.57,0.6257,25,0,0,0.2087,0,0.3815,13.037014,80.283321,29.0,237.0,4.833333333333333,-0.7931
WIN-3877,2025-04-13,102,NIGHT_00_06,3,6,1,infrastructure,DEPT_WORKS,1,1,0.0,1.0,3.09,0.0309,1,0,0,0.042,1,0.7058,13.077142,80.104527,22.0,192.0,3.6666666666666665,-0.7273
WIN-3881,2025-04-13,102,NIGHT_00_06,3,6,1,other,DEPT_GENERAL,1,1,0.0,1.0,20.32,0.2032,8,0,0,0.2666,0,0.2998,13.106066,80.253807,21.0,173.0,3.5,-0.7143
WIN-3858,2025-04-13,102,MORNING_06_12,9,6,1,roads,DEPT_ROADS,12,8,0.3333,1.5,13.39,0.1339,5,1,3,0.0641,3,0.22,13.009932,80.239552,49.0,443.0,8.166666666666666,0.4694
WIN-3862,2025-04-13,102,MORNING_06_12,9,6,1,drainage,DEPT_DRAINAGE,10,7,0.3,1.43,27.43,0.2743,11,2,1,0.156,4,0.4152,13.080508,80.251458,33.0,330.0,5.5,0.8182
WIN-3866,2025-04-13,102,MORNING_06_12,9,6,1,garbage,DEPT_SANITATION,11,4,0.6364,2.75,61.39,0.6139,25,0,3,0.021,2,0.1725,13.083619,80.208158,38.0,390.0,6.333333333333333,0.7368
WIN-3870,2025-04-13,102,MORNING_06_12,9,6,1,water,DEPT_WATER,8,4,0.5,2.0,8.68,0.0868,3,1,3,0.1555,3,0.3345,13.075836,80.204338,26.0,236.0,4.333333333333333,0.8462
WIN-3874,2025-04-13,102,MORNING_06_12,9,6,1,streetlights,DEPT_ELECTRICITY,4,2,0.5,2.0,77.42,0.7742,31,0,1,0.0418,1,0.3671,13.170871,80.250979,28.0,230.0,4.666666666666667,-0.1429
WIN-3878,2025-04-13,102,MORNING_06_12,9,6,1,infrastructure,DEPT_WORKS,5,2,0.6,2.5,21.92,0.2192,9,1,1,0.1178,1,0.289,13.117887,80.273009,25.0,194.0,4.166666666666667,0.2
WIN-3882,2025-04-13,102,MORNING_06_12,9,6,1,other,DEPT_GENERAL,6,4,0.3333,1.5,11.62,0.1162,5,1,2,0.0852,2,0.3865,13.069114,80.180705,23.0,176.0,3.8333333333333335,0.5652
WIN-3859,2025-04-13,102,AFTERNOON_12_18,15,6,1,roads,DEPT_ROADS,8,4,0.5,2.0,56.42,0.5642,23,1,4,0.0782,2,0.2363,13.129188,80.215527,55.0,449.0,9.166666666666666,-0.1273
WIN-3863,2025-04-13,102,AFTERNOON_12_18,15,6,1,drainage,DEPT_DRAINAGE,6,4,0.3333,1.5,35.34,0.3534,14,1,1,0.1493,2,0.3617,13.091239,80.250702,38.0,332.0,6.333333333333333,-0.0526
WIN-3867,2025-04-13,102,AFTERNOON_12_18,15,6,1,garbage,DEPT_SANITATION,8,3,0.625,2.67,19.1,0.191,8,1,1,0.1439,4,0.4462,13.044788,80.300593,43.0,394.0,7.166666666666667,0.1163
WIN-3871,2025-04-13,102,AFTERNOON_12_18,15,6,1,water,DEPT_WATER,5,2,0.6,2.5,10.75,0.1075,4,0,2,0.0482,4,0.7124,13.135165,80.290373,28.0,238.0,4.666666666666667,0.0714
WIN-3875,2025-04-13,102,AFTERNOON_12_18,15,6,1,streetlights,DEPT_ELECTRICITY,5,2,0.6,2.5,26.92,0.2692,11,0,1,0.0599,3,0.5857,13.101912,80.346084,32.0,233.0,5.333333333333333,-0.0625
WIN-3879,2025-04-13,102,AFTERNOON_12_18,15,6,1,infrastructure,DEPT_WORKS,9,3,0.6667,3.0,53.51,0.5351,21,2,4,0.1975,3,0.3701,13.060341,80.285822,32.0,200.0,5.333333333333333,0.6875
WIN-3883,2025-04-13,102,AFTERNOON_12_18,15,6,1,other,DEPT_GENERAL,2,1,0.5,2.0,19.06,0.1906,8,0,1,0.0545,1,0.6589,13.19163,80.202647,22.0,176.0,3.6666666666666665,-0.4545
WIN-3860,2025-04-13,102,EVENING_18_24,21,6,1,roads,DEPT_ROADS,4,2,0.5,2.0,28.35,0.2835,11,1,0,0.128,2,0.452,13.050119,80.20829,43.0,433.0,7.166666666666667,-0.4419
WIN-3864,2025-04-13,102,EVENING_18_24,21,6,1,drainage,DEPT_DRAINAGE,6,4,0.3333,1.5,28.15,0.2815,11,0,2,0.0342,3,0.5326,12.989773,80.22839,38.0,326.0,6.333333333333333,-0.0526
WIN-3868,2025-04-13,102,EVENING_18_24,21,6,1,garbage,DEPT_SANITATION,5,4,0.2,1.25,13.7,0.137,5,1,3,0.1128,2,0.481,13.055232,80.265061,37.0,383.0,6.166666666666667,-0.1892
WIN-3872,2025-04-13,102,EVENING_18_24,21,6,1,water,DEPT_WATER,2,1,0.5,2.0,8.87,0.0887,4,0,0,0.053,1,0.5527,13.037339,80.168549,22.0,234.0,3.6666666666666665,-0.4545
WIN-3876,2025-04-13,102,EVENING_18_24,21,6,1,streetlights,DEPT_ELECTRICITY,2,2,0.0,1.0,12.81,0.1281,5,0,0,0.0024,0,0.0843,13.013562,80.169532,26.0,227.0,4.333333333333333,-0.5385
WIN-3880,2025-04-13,102,EVENING_18_24,21,6,1,infrastructure,DEPT_WORKS,3,2,0.3333,1.5,17.51,0.1751,7,1,0,0.1668,0,0.156,13.161304,80.11018,29.0,193.0,4.833333333333333,-0.3793
WIN-3884,2025-04-13,102,EVENING_18_24,21,6,1,other,DEPT_GENERAL,1,1,0.0,1.0,8.26,0.0826,3,0,0,0.0392,0,0.1271,13.037817,80.25086,19.0,173.0,3.1666666666666665,-0.6842
WIN-3885,2025-04-14,103,NIGHT_00_06,3,0,0,roads,DEPT_ROADS,5,3,0.4,1.67,24.83,0.2483,10,1,3,0.2269,1,0.2604,13.038399,80.236174,44.0,417.0,7.333333333333333,-0.3182
WIN-3889,2025-04-14,103,NIGHT_00_06,3,0,0,drainage,DEPT_DRAINAGE,4,2,0.5,2.0,22.57,0.2257,9,0,2,0.0129,1,0.1441,13.10634,80.299546,36.0,320.0,6.0,-0.3333
WIN-3893,2025-04-14,103,NIGHT_00_06,3,0,0,garbage,DEPT_SANITATION,1,1,0.0,1.0,23.78,0.2378,10,0,0,0.0507,0,0.2516,13.060361,80.242944,32.0,371.0,5.333333333333333,-0.8125
WIN-3897,2025-04-14,103,NIGHT_00_06,3,0,0,water,DEPT_WATER,1,1,0.0,1.0,47.02,0.4702,19,0,0,0.0985,0,0.3384,12.99018,80.228848,20.0,224.0,3.3333333333333335,-0.7
WIN-3901,2025-04-14,103,NIGHT_00_06,3,0,0,streetlights,DEPT_ELECTRICITY,3,1,0.6667,3.0,9.7,0.097,4,0,0,0.1559,0,0.035,13.084052,80.295026,23.0,226.0,3.8333333333333335,-0.2174
WIN-3905,2025-04-14,103,NIGHT_00_06,3,0,0,infrastructure,DEPT_WORKS,2,1,0.5,2.0,19.22,0.1922,8,0,1,0.145,0,0.0161,13.072514,80.28988,21.0,189.0,3.5,-0.4286
WIN-3909,2025-04-14,103,NIGHT_00_06,3,0,0,other,DEPT_GENERAL,2,1,0.5,2.0,5.87,0.0587,2,0,0,0.0142,1,0.2696,13.149184,80.318321,15.0,170.0,2.5,-0.2
WIN-3886,2025-04-14,103,MORNING_06_12,9,0,0,roads,DEPT_ROADS,21,13,0.381,1.62,27.14,0.2714,11,7,9,0.3489,8,0.3603,13.092399,80.337137,55.0,430.0,9.166666666666666,1.2909
WIN-3890,2025-04-14,103,MORNING_06_12,9,0,0,drainage,DEPT_DRAINAGE,7,5,0.2857,1.4,25.97,0.2597,10,2,4,0.2561,3,0.4071,12.998353,80.231474,37.0,316.0,6.166666666666667,0.1351
WIN-3894,2025-04-14,103,MORNING_06_12,9,0,0,garbage,DEPT_SANITATION,15,7,0.5333,2.14,4.67,0.0467,2,0,4,0.0106,0,0.0244,13.043155,80.255487,41.0,376.0,6.833333333333333,1.1951
WIN-3898,2025-04-14,103,MORNING_06_12,9,0,0,water,DEPT_WATER,6,4,0.3333,1.5,13.5,0.135,5,0,2,0.0007,0,0.0335,13.031821,80.170464,24.0,222.0,4.0,0.5
WIN-3902,2025-04-14,103,MORNING_06_12,9,0,0,streetlights,DEPT_ELECTRICITY,12,4,0.6667,3.0,19.45,0.1945,8,2,2,0.1542,3,0.241,13.110443,80.346038,27.0,234.0,4.5,1.6667
WIN-3906,2025-04-14,103,MORNING_06_12,9,0,0,infrastructure,DEPT_WORKS,4,3,0.25,1.33,15.07,0.1507,6,0,1,0.0264,0,0.0142,13.05415,80.338653,24.0,186.0,4.0,0.0
WIN-3910,2025-04-14,103,MORNING_06_12,9,0,0,other,DEPT_GENERAL,3,1,0.6667,3.0,17.44,0.1744,7,1,0,0.3088,1,0.3115,13.064177,80.184614,15.0,172.0,2.5,0.2
WIN-3887,2025-04-14,103,AFTERNOON_12_18,15,0,0,roads,DEPT_ROADS,21,10,0.5238,2.1,36.84,0.3684,15,6,16,0.2623,1,0.0527,13.130424,80.284645,71.0,448.0,11.833333333333334,0.7746
WIN-3891,2025-04-14,103,AFTERNOON_12_18,15,0,0,drainage,DEPT_DRAINAGE,7,3,0.5714,2.33,13.92,0.1392,6,1,1,0.1298,0,0.0026,13.111282,80.308784,40.0,322.0,6.666666666666667,0.05
WIN-3895,2025-04-14,103,AFTERNOON_12_18,15,0,0,garbage,DEPT_SANITATION,17,8,0.5294,2.12,43.03,0.4303,17,6,2,0.3498,2,0.1204,13.076758,80.146633,57.0,388.0,9.5,0.7895
WIN-3899,2025-04-14,103,AFTERNOON_12_18,15,0,0,water,DEPT_WATER,5,2,0.6,2.5,26.41,0.2641,11,1,2,0.2999,0,0.0111,13.056074,80.228176,27.0,224.0,4.5,0.1111
WIN-3903,2025-04-14,103,AFTERNOON_12_18,15,0,0,streetlights,DEPT_ELECTRICITY,11,5,0.5455,2.2,51.25,0.5125,20,1,1,0.123,2,0.1452,13.194825,80.295198,37.0,241.0,6.166666666666667,0.7838
WIN-3907,2025-04-14,103,AFTERNOON_12_18,15,0,0,infrastructure,DEPT_WORKS,11,7,0.3636,1.57,14.34,0.1434,6,0,2,0.0388,1,0.1201,13.008338,80.238202,34.0,193.0,5.666666666666667,0.9412
WIN-3911,2025-04-14,103,AFTERNOON_12_18,15,0,0,other,DEPT_GENERAL,8,3,0.625,2.67,17.82,0.1782,7,0,4,0.0171,1,0.135,13.152427,80.184586,22.0,180.0,3.6666666666666665,1.1818
WIN-3888,2025-04-14,103,EVENING_18_24,21,0,0,roads,DEPT_ROADS,17,7,0.5882,2.43,9.84,0.0984,4,0,10,0.0272,5,0.2981,13.00178,80.293956,76.0,442.0,12.666666666666666,0.3421
WIN-3892,2025-04-14,103,EVENING_18_24,21,0,0,drainage,DEPT_DRAINAGE,7,3,0.5714,2.33,28.17,0.2817,11,0,1,0.0576,0,0.0703,13.072425,80.305559,37.0,314.0,6.166666666666667,0.1351
WIN-3896,2025-04-14,103,EVENING_18_24,21,0,0,garbage,DEPT_SANITATION,10,4,0.6,2.5,32.77,0.3277,13,1,2,0.0617,3,0.3437,13.110275,80.311393,56.0,381.0,9.333333333333334,0.0714
WIN-3900,2025-04-14,103,EVENING_18_24,21,0,0,water,DEPT_WATER,5,2,0.6,2.5,57.53,0.5753,23,0,2,0.004,0,0.0351,13.073181,80.152613,24.0,214.0,4.0,0.25
WIN-3904,2025-04-14,103,EVENING_18_24,21,0,0,streetlights,DEPT_ELECTRICITY,6,3,0.5,2.0,28.26,0.2826,11,0,2,0.0178,0,0.0445,13.10007,80.27242,39.0,236.0,6.5,-0.0769
WIN-3908,2025-04-14,103,EVENING_18_24,21,0,0,infrastructure,DEPT_WORKS,4,2,0.5,2.0,10.58,0.1058,4,0,1,0.0447,2,0.4469,13.130427,80.277903,33.0,186.0,5.5,-0.2727
WIN-3912,2025-04-14,103,EVENING_18_24,21,0,0,other,DEPT_GENERAL,4,2,0.5,2.0,30.0,0.3,12,0,1,0.0065,2,0.5772,13.244253,80.26002,20.0,176.0,3.3333333333333335,0.2
WIN-3913,2025-04-15,104,NIGHT_00_06,3,1,0,roads,DEPT_ROADS,7,4,0.4286,1.75,18.73,0.1873,7,0,2,0.0427,1,0.1463,13.00634,80.352793,75.0,434.0,12.5,-0.44
WIN-3917,2025-04-15,104,NIGHT_00_06,3,1,0,drainage,DEPT_DRAINAGE,4,2,0.5,2.0,7.6,0.076,3,0,1,0.0645,0,0.017,13.058433,80.202991,35.0,303.0,5.833333333333333,-0.3143
WIN-3921,2025-04-15,104,NIGHT_00_06,3,1,0,garbage,DEPT_SANITATION,3,1,0.6667,3.0,43.78,0.4378,18,0,1,0.0463,1,0.2797,13.031106,80.253645,51.0,371.0,8.5,-0.6471
WIN-3925,2025-04-15,104,NIGHT_00_06,3,1,0,water,DEPT_WATER,2,1,0.5,2.0,30.7,0.307,12,0,1,0.1001,1,0.3805,13.122782,80.238582,21.0,205.0,3.5,-0.4286
WIN-3929,2025-04-15,104,NIGHT_00_06,3,1,0,streetlights,DEPT_ELECTRICITY,1,1,0.0,1.0,12.07,0.1207,5,0,0,0.0539,0,0.1918,13.097319,80.25906,35.0,231.0,5.833333333333333,-0.8286
WIN-3933,2025-04-15,104,NIGHT_00_06,3,1,0,infrastructure,DEPT_WORKS,1,1,0.0,1.0,17.06,0.1706,7,0,0,0.1166,0,0.0828,13.030504,80.200307,25.0,184.0,4.166666666666667,-0.76
WIN-3937,2025-04-15,104,NIGHT_00_06,3,1,0,other,DEPT_GENERAL,0,0,0.0,1.0,12.61,0.1261,5,0,0,0.0,0,0.0,13.094627,80.277627,18.0,173.0,3.0,-1.0
WIN-3914,2025-04-15,104,MORNING_06_12,9,1,0,roads,DEPT_ROADS,28,12,0.5714,2.33,4.45,0.0445,2,2,16,0.0852,2,0.0766,13.076649,80.330933,99.0,443.0,16.5,0.697
WIN-3918,2025-04-15,104,MORNING_06_12,9,1,0,drainage,DEPT_DRAINAGE,10,7,0.3,1.43,21.5,0.215,9,2,3,0.1808,1,0.1486,13.131014,80.279933,39.0,305.0,6.5,0.5385
WIN-3922,2025-04-15,104,MORNING_06_12,9,1,0,garbage,DEPT_SANITATION,13,6,0.5385,2.17,24.08,0.2408,10,1,0,0.1124,2,0.1385,13.125758,80.298692,59.0,375.0,9.833333333333334,0.322
WIN-3926,2025-04-15,104,MORNING_06_12,9,1,0,water,DEPT_WATER,10,4,0.6,2.5,11.25,0.1125,4,1,2,0.0834,1,0.1137,13.124348,80.2383,29.0,209.0,4.833333333333333,1.069
WIN-3930,2025-04-15,104,MORNING_06_12,9,1,0,streetlights,DEPT_ELECTRICITY,8,6,0.25,1.33,18.09,0.1809,7,2,1,0.2215,1,0.1393,13.120379,80.236001,41.0,234.0,6.833333333333333,0.1707
WIN-3934,2025-04-15,104,MORNING_06_12,9,1,0,infrastructure,DEPT_WORKS,7,5,0.2857,1.4,42.64,0.4264,17,1,2,0.1509,1,0.0746,13.166914,80.270861,29.0,187.0,4.833333333333333,0.4483
WIN-3938,2025-04-15,104,MORNING_06_12,9,1,0,other,DEPT_GENERAL,7,3,0.5714,2.33,25.57,0.2557,10,1,2,0.1606,4,0.5326,13.108552,80.258136,24.0,175.0,4.0,0.75
WIN-3915,2025-04-15,104,AFTERNOON_12_18,15,1,0,roads,DEPT_ROADS,16,6,0.625,2.67,42.26,0.4226,17,0,3,0.0258,7,0.4067,13.139467,80.256274,110.0,457.0,18.333333333333332,-0.1273
WIN-3919,2025-04-15,104,AFTERNOON_12_18,15,1,0,drainage,DEPT_DRAINAGE,9,3,0.6667,3.0,54.68,0.5468,22,3,3,0.3027,0,0.0319,13.049716,80.27995,44.0,314.0,7.333333333333333,0.2273
WIN-3923,2025-04-15,104,AFTERNOON_12_18,15,1,0,garbage,DEPT_SANITATION,14,5,0.6429,2.8,26.22,0.2622,10,1,2,0.0675,0,0.0259,13.061644,80.342413,72.0,386.0,12.0,0.1667
WIN-3927,2025-04-15,104,AFTERNOON_12_18,15,1,0,water,DEPT_WATER,12,4,0.6667,3.0,16.89,0.1689,7,4,2,0.3257,1,0.0763,13.04505,80.338492,40.0,221.0,6.666666666666667,0.8
WIN-3931,2025-04-15,104,AFTERNOON_12_18,15,1,0,streetlights,DEPT_ELECTRICITY,11,4,0.6364,2.75,41.41,0.4141,17,0,0,0.0439,1,0.1011,13.077817,80.317666,49.0,244.0,8.166666666666666,0.3469
WIN-3935,2025-04-15,104,AFTERNOON_12_18,15,1,0,infrastructure,DEPT_WORKS,7,3,0.5714,2.33,12.72,0.1272,5,1,1,0.1965,1,0.0778,12.939689,80.278458,34.0,192.0,5.666666666666667,0.2353
WIN-3939,2025-04-15,104,AFTERNOON_12_18,15,1,0,other,DEPT_GENERAL,3,2,0.3333,1.5,18.13,0.1813,7,1,0,0.3612,0,0.0777,13.08426,80.275464,25.0,178.0,4.166666666666667,-0.28
WIN-3916,2025-04-15,104,EVENING_18_24,21,1,0,roads,DEPT_ROADS,7,3,0.5714,2.33,66.11,0.6611,26,0,2,0.0087,4,0.5702,13.15938,80.205171,96.0,455.0,16.0,-0.5625
WIN-3920,2025-04-15,104,EVENING_18_24,21,1,0,drainage,DEPT_DRAINAGE,5,3,0.4,1.67,43.94,0.4394,18,1,1,0.1233,1,0.127,13.028918,80.295162,42.0,311.0,7.0,-0.2857
WIN-3924,2025-04-15,104,EVENING_18_24,21,1,0,garbage,DEPT_SANITATION,8,5,0.375,1.6,46.98,0.4698,19,0,2,0.0154,3,0.3538,12.991429,80.322719,65.0,382.0,10.833333333333334,-0.2615
WIN-3928,2025-04-15,104,EVENING_18_24,21,1,0,water,DEPT_WATER,9,4,0.5556,2.25,5.42,0.0542,2,0,2,0.0157,4,0.4248,13.119638,80.294697,43.0,227.0,7.166666666666667,0.2558
WIN-3932,2025-04-15,104,EVENING_18_24,21,1,0,streetlights,DEPT_ELECTRICITY,10,5,0.5,2.0,36.97,0.3697,15,0,1,0.041,2,0.2237,13.08951,80.360216,47.0,247.0,7.833333333333333,0.2766
WIN-3936,2025-04-15,104,EVENING_18_24,21,1,0,infrastructure,DEPT_WORKS,6,3,0.5,2.0,6.46,0.0646,3,0,1,0.024,3,0.481,13.110317,80.215648,36.0,195.0,6.0,0.0
WIN-3940,2025-04-15,104,EVENING_18_24,21,1,0,other,DEPT_GENERAL,3,1,0.6667,3.0,4.18,0.0418,2,0,1,0.0673,1,0.1821,13.171944,80.197872,25.0,174.0,4.166666666666667,-0.28
