nyc_unique_key,department_id,created_hour,created_day_of_week,actual_duration_hours
47126653,other,14,2,153.35
47126716,other,23,2,24.283333333333335
47129093,other,16,2,31.45
47138679,other,10,3,37.06666666666667
47137398,other,15,3,32.416666666666664
47138758,other,13,3,106.41666666666667
47143788,other,16,3,31.65
47149332,other,18,4,29.033333333333335
47143760,other,6,3,29.25
47145549,other,11,3,180.81666666666666
47152346,other,18,4,125.51666666666667
47156780,other,12,4,35.833333333333336
47156891,other,12,4,131.03333333333333
47152305,other,20,4,27.783333333333335
47165673,other,19,5,21.090833333333332
47166548,other,16,5,23.522777777777776
47166873,other,15,5,25.2125
47164125,other,22,5,18.17
47166695,other,20,5,0.03777777777777778
47188582,other,9,0,1.25
47201295,other,18,1,173.01666666666668
47207987,other,18,1,29.183333333333334
47212922,other,18,2,53.93333333333333
47210233,other,13,1,58.78333333333333
47212829,other,12,2,59.8
47214311,other,10,2,37.666666666666664
47206892,other,10,1,590.0
47221719,other,10,2,61.35
47225583,other,12,3,131.96666666666667
47215927,other,19,2,76.4
47220175,other,12,2,155.88333333333333
47229760,other,18,3,125.05
47228194,other,11,3,132.15
47230662,other,18,3,173.25
47232459,other,18,3,101.56666666666666
47226684,other,17,3,30.066666666666666
47228136,other,14,3,33.43333333333333
47225360,other,17,3,30.733333333333334
47256694,other,19,5,76.4
47252307,other,16,5,79.43333333333334
47256629,other,16,5,79.66666666666667
47260141,other,12,6,35.21666666666667
47264069,other,8,6,87.3
47265250,other,14,6,105.41666666666667
47265129,other,14,6,81.95
47266380,other,20,6,147.68333333333334
47262189,other,16,6,31.716666666666665
47269780,other,9,0,62.733333333333334
47278504,other,10,0,61.13333333333333
47275540,other,12,0,83.95
47284311,other,14,1,57.61666666666667
47287299,other,22,1,25.733333333333334
47279416,other,21,1,50.06666666666667
47279040,other,14,1,57.766666666666666
47290434,other,9,2,158.01666666666668
47296213,other,9,2,62.05
47288455,other,17,1,45.516666666666666
47294732,other,12,2,83.63333333333334
47293117,water,16,2,15.283333333333333
47292163,other,23,2,0.4847222222222222
47328312,other,16,5,151.13333333333333
47330226,other,17,5,102.63333333333334
47332450,other,16,5,55.6
47339096,other,20,6,51.31666666666667
47340528,other,13,6,58.35
47337097,other,19,6,16.233333333333334
47334029,other,17,6,78.58333333333333
47334071,other,15,6,104.13333333333334
47340558,other,11,6,36.38333333333333
47341829,other,12,6,35.86666666666667
47349271,other,21,0,26.5
47342800,other,12,6,155.03333333333333
47346361,other,21,0,0.16666666666666666
47350189,streetlights,16,0,16927.8
47349169,other,12,0,227.03333333333333
47349334,other,8,0,39.11666666666667
47349186,other,20,0,27.433333333333334
47386415,other,14,4,33.56666666666667
47380176,other,14,3,153.95
47381651,other,15,3,104.2
47380190,other,12,3,35.71666666666667
47381530,other,11,3,60.28333333333333
47382722,other,13,3,34.78333333333333
47386445,other,12,4,107.4
47386269,other,15,4,32.483333333333334
47394954,other,13,4,34.45
47393383,other,12,4,35.75
47397104,other,12,5,323.76666666666665
47396283,other,16,4,175.43333333333334
47389152,other,11,4,108.5
47397170,other,19,5,100.15
47392170,other,14,4,154.0
47394893,other,14,4,105.23333333333333
47403465,other,22,5,73.26666666666667
47404437,other,18,5,389.8333333333333
47402952,other,0,6,21.371388888888887
47413800,other,16,6,79.18333333333334
47414486,other,15,6,128.13333333333333
47412892,other,15,6,32.483333333333334
47409146,other,14,6,153.55
47410157,other,10,6,134.0
47412048,other,19,6,28.283333333333335
47407551,other,20,6,0.6122222222222222
47408699,garbage,13,6,622.8666666666667
47412585,other,20,6,0.5038888888888889
47415244,other,0,0,2.055277777777778
47442419,other,17,2,11.557777777777778
47468578,other,10,4,37.7
47462667,other,14,4,10.212777777777777
47472559,other,6,5,5.733333333333333
47477386,other,13,5,154.33333333333334
47471533,other,21,5,0.5444444444444444
47519001,other,10,2,8.7075
47479507,other,10,6,205.66666666666666
47474864,other,13,5,346.98333333333335
47476159,other,23,5,240.73333333333332
47474906,other,15,5,128.85
47477742,other,21,5,0.5408333333333334
47476780,other,20,5,1.5186111111111111
47471602,other,2,5,18.718888888888888
47472624,other,20,5,0.6919444444444445
47478318,other,4,5,16.995
47491728,other,9,0,86.9
47493058,other,16,0,199.35
47496695,other,17,0,78.61666666666666
47499479,other,12,1,0.0
47500098,other,15,1,1.25
47513176,other,8,2,10.3475
47509031,drainage,11,1,147.76666666666668
47518297,other,21,2,6.586388888888889
47519979,roads,11,2,46.608333333333334
47518175,other,22,2,5.3325
47520101,other,17,3,11.168888888888889
47524174,other,21,3,7.283055555555555
47522196,roads,10,3,25.3725
47523375,garbage,7,3,52.2
47530138,other,21,3,6.5025
47528201,other,21,3,7.026944444444444
47533137,other,16,4,15.479722222222222
47528543,other,23,3,5.072222222222222
47548719,other,1,6,0.10361111111111111
47539614,other,11,4,1092.5922222222223
47547662,other,5,5,0.7825
47552666,other,2,6,1.271388888888889
47554193,other,8,6,23.05666666666667
47577388,other,19,1,31.29888888888889
47585691,other,1,3,16.837222222222223
47604655,other,18,1,53.53333333333333
47608364,other,9,2,62.56666666666667
47654059,other,20,1,27.75
47654846,other,14,1,81.98333333333333
47647937,other,21,0,26.583333333333332
47650679,other,15,0,32.733333333333334
47659231,other,10,1,37.016666666666666
47658669,other,17,1,0.6397222222222222
47660143,other,11,1,36.8
47658324,other,9,1,158.4
47657598,other,10,1,37.05
47663421,other,10,2,37.11666666666667
50625050,other,9,3,134.28333333333333
50626187,other,15,3,32.06666666666667
50631873,other,16,4,103.41666666666667
50630834,other,22,4,4.183055555555556
50625531,other,15,3,92.7
50629048,other,14,3,105.26666666666667
50641627,other,13,5,106.7
50637014,other,20,4,27.1
50659847,other,13,6,34.15
50656202,other,20,6,27.633333333333333
50654768,other,21,6,26.766666666666666
50664686,other,14,0,81.78333333333333
50663471,other,20,0,27.4
50661170,other,18,6,101.73333333333333
50663269,other,12,0,59.583333333333336
50666698,other,15,0,56.63333333333333
50661200,roads,19,6,122.66555555555556
50668706,other,15,0,128.23333333333332
50676040,other,12,1,179.18333333333334
50671791,other,10,0,37.4
50676551,garbage,12,1,23.5
50674061,other,17,1,30.716666666666665
50680540,other,18,1,173.51666666666668
50686113,drainage,13,2,813.5
50686606,other,14,2,6.516666666666667
50684911,other,17,2,54.75
50680009,other,16,1,175.43333333333334
50683552,other,16,2,31.65
50694068,other,9,3,182.73333333333332
50688815,other,12,2,179.68333333333334
50690979,other,13,2,34.88333333333333
50692858,other,10,3,37.53333333333333
50692819,other,15,3,128.2
50689754,other,8,2,159.76666666666668
50688570,other,10,2,157.6
50690969,other,13,2,58.03333333333333
50695080,other,22,3,25.016666666666666
50697158,other,17,3,54.766666666666666
50701311,other,20,3,27.083333333333332
50699255,other,11,3,180.18333333333334
50701344,other,10,3,61.766666666666666
50704795,other,14,4,33.416666666666664
50722636,other,12,6,59.25
50722107,other,9,6,110.01666666666667
52074007,other,2,6,4.602777777777778
52075673,other,15,6,56.416666666666664
52074460,other,15,6,104.36666666666666
52071286,other,21,6,50.15
52079994,other,17,0,126.9
52080058,other,14,0,33.38333333333333
52078936,other,1,0,0.0
52083861,other,12,0,35.15
52087749,other,11,0,108.61666666666666
52086920,other,8,0,14979.060833333333
52086541,other,10,0,37.016666666666666
52090452,other,10,1,85.41666666666667
52087888,other,18,0,53.45
52086637,other,20,0,51.61666666666667
52097263,other,20,1,14943.232777777777
52101566,other,9,2,1.3577777777777778
52099416,other,15,2,32.63333333333333
52100760,other,9,2,158.91666666666666
52102072,other,12,2,35.05
52094424,other,16,1,31.066666666666666
52094450,other,10,1,61.36666666666667
52098238,other,13,1,82.58333333333333
52098247,other,10,1,61.53333333333333
52102007,other,12,2,35.083333333333336
52099429,other,8,2,63.266666666666666
52098301,other,7,1,40.81666666666667
52099358,other,0,3,71.63333333333334
52100789,other,10,2,37.766666666666666
52097029,other,10,1,61.333333333333336
52098204,other,8,1,327.1
54082352,other,13,2,9886.923888888889
54080405,other,10,2,9889.504444444445
54083570,other,8,2,9891.4775
54081465,other,10,2,9889.65888888889
54094442,roads,14,3,163.00083333333333
54093552,other,9,3,5.476388888888889
54094454,roads,18,3,158.86305555555555
54089985,other,12,3,48.38777777777778
54128412,other,11,1,0.09111111111111111
54094744,other,21,3,10.266666666666667
54092361,other,5,3,1.038888888888889
54097260,other,14,4,9837.393333333333
54096966,other,16,4,0.45916666666666667
54103011,roads,9,4,102.92833333333333
54110478,other,11,6,1.6955555555555555
54110479,other,21,6,0.9702777777777778
54109735,other,6,5,135.7422222222222
54108935,other,0,6,0.5591666666666667
54111105,roads,1,0,367.0130555555556
54114428,other,8,6,3.2744444444444443
54114439,other,11,6,1.0038888888888888
54117470,roads,22,6,22.4575
54117110,garbage,10,0,339.02
54121153,streetlights,16,0,1975.7166666666667
54130299,roads,20,1,65.23083333333334
54129720,other,11,1,9744.664166666667
54125133,other,23,0,1.0916666666666666
54128776,other,9,1,9746.6775
54123991,other,12,0,39.77333333333333
54125146,other,23,0,5.139166666666667
54122536,roads,17,0,182.74
54129516,other,1,2,1.1608333333333334
54128084,roads,21,1,65.00861111111111
54128401,other,1,2,2.089722222222222
54127172,other,9,1,7225.451666666667
54182610,other,14,0,9597.1775
54138025,other,16,2,9715.870277777778
54137645,other,0,3,0.8072222222222222
54134226,other,14,2,9717.509722222223
54138486,roads,11,2,45.08694444444444
54134022,other,13,1,25433.316666666666
54131775,other,11,1,0.2311111111111111
54136426,other,11,2,0.8913888888888889
54140465,other,18,2,7157.810833333333
54147473,garbage,9,3,171.14055555555555
54144255,roads,22,2,19.29611111111111
54141261,roads,15,2,37750.97361111111
54141541,other,16,2,9715.057777777778
54146617,other,10,3,8029.450277777778
54145377,other,10,3,9697.12638888889
54143394,roads,10,2,26.41027777777778
54144918,other,20,3,89.48333333333333
54140211,other,6,2,147.2
54142194,roads,8,2,24.618333333333332
54143821,other,13,2,411.8088888888889
54143802,other,12,2,30960.433333333334
54141343,other,11,2,30407.933333333334
54140138,other,20,2,1.5683333333333334
54147449,other,7,3,394.46472222222224
54140122,other,4,2,0.2825
54141314,other,7,2,2.488888888888889
54145036,garbage,8,3,150.51277777777779
54153137,roads,8,3,124.49777777777778
54150268,other,6,3,0.3927777777777778
54152626,other,9,3,9698.285833333333
54156879,roads,12,4,94.4675
54152318,other,10,3,254.52972222222223
54151502,roads,9,1,27.383055555555554
54151074,other,2,4,0.34194444444444444
54152234,other,9,3,0.6733333333333333
54162385,other,21,4,9662.20611111111
54159671,other,7,4,991.1
54160544,roads,8,4,97.96
54159326,roads,17,4,62.4825
54157687,roads,22,3,22.033333333333335
54165255,roads,13,5,142.1822222222222
54158418,other,18,4,8.750833333333333
54172914,other,6,6,0.6630555555555555
54173244,other,15,6,9620.854722222222
54171984,roads,14,5,18.86777777777778
54168624,other,7,5,25535.233333333334
54176491,roads,14,6,187.88611111111112
59448960,drainage,15,4,18.782777777777778
54176498,roads,14,6,261.4172222222222
54178649,roads,14,5,20.514444444444443
54174575,other,7,6,9628.1525
54179800,other,11,6,9624.459722222222
54174576,other,15,6,9620.811944444444
54181167,other,15,6,5912.963333333333
54177213,other,7,6,9628.087222222222
54181362,roads,14,5,22.66
54176927,other,2,6,1.168611111111111
54174577,other,7,6,5920.097222222223
54190642,other,7,0,1.0002777777777778
54185289,water,11,0,1331.15
54211990,other,0,3,9539.641944444444
54230005,other,5,4,9510.635555555555
54185153,other,11,0,28.435
54200396,other,12,1,0.9261111111111111
54186694,other,14,0,9597.185555555556
54190816,other,10,0,43.21666666666667
54187876,other,9,0,1.1041666666666667
54187853,other,19,0,0.18777777777777777
54182807,roads,14,6,19.1425
54196538,other,18,1,9569.896388888888
54197024,roads,11,1,144.12305555555557
54196370,water,15,1,362.71666666666664
54198432,roads,11,1,45.68861111111111
54198901,other,21,1,39.78333333333333
54194738,other,7,1,1.3055555555555556
54196099,other,10,1,75.4
54192246,other,7,0,1.3508333333333333
54192829,roads,8,0,193.92138888888888
54194973,other,9,1,7862.725277777778
54197587,other,12,1,22.809444444444445
54196362,other,11,1,0.1
54199237,other,7,1,9580.587777777779
54192426,roads,14,6,17.910833333333333
54199885,roads,9,1,77.64694444444444
54206924,roads,19,2,447.9822222222222
54204177,roads,15,0,165.29361111111112
54207469,other,4,5,27050.233333333334
54208313,roads,18,2,133.94416666666666
54201808,other,2,1,2.4408333333333334
54201308,roads,12,1,141.11638888888888
54203553,other,21,1,0.7097222222222223
54205148,roads,15,1,22.226111111111113
54205075,other,13,2,9550.735555555555
54208417,other,14,2,2708.6280555555554
54227580,roads,7,2,29.79861111111111
54207672,water,11,2,0.0
54212956,other,14,2,0.9525
54210164,other,22,2,2.2822222222222224
54223356,other,23,3,1.1716666666666666
54220383,roads,8,3,96.80388888888889
54217814,roads,17,3,86.46833333333333
54225891,other,15,3,0.8663888888888889
54221625,roads,18,3,183.27194444444444
54218706,other,14,3,9525.735833333334
54232380,other,12,4,9503.645833333334
54230914,other,8,4,0.5602777777777778
54230913,other,12,4,1.3419444444444444
54229661,other,5,4,1.8794444444444445
54228839,roads,22,3,21.79388888888889
54227586,roads,14,3,19.459444444444443
54229709,other,11,4,147.33694444444444
54238451,other,19,5,36879.90638888889
54238956,garbage,8,5,5.673055555555556
54239029,water,20,5,33.45
54237416,other,15,5,1.7305555555555556
54237786,roads,22,4,22.781944444444445
54236277,roads,22,4,20.76888888888889
54240369,other,5,5,1.5194444444444444
56128742,other,1,3,0.35333333333333333
54243409,other,10,5,72.80333333333333
54247891,other,11,5,507.6586111111111
54244939,garbage,9,5,73.25444444444445
54259441,other,1,1,0.645
54252974,other,17,6,0.43805555555555553
54256727,other,4,6,0.14166666666666666
54259742,other,17,0,3.6475
54256374,other,17,6,2.292777777777778
54254701,roads,20,6,398.2052777777778
54254538,other,4,6,9.810833333333333
54258201,other,8,0,11.378055555555555
54253902,other,21,6,12.183333333333334
54257284,roads,15,6,37487.14333333333
54256185,other,2,6,2.366111111111111
54258993,roads,9,3,25.341944444444444
54257283,roads,13,6,268.1322222222222
54258512,other,7,0,1.4891666666666667
54263223,other,2,0,0.2544444444444444
54265680,other,4,0,0.7397222222222222
54262531,roads,15,6,24.263055555555557
54265679,other,6,0,0.21055555555555555
54266593,roads,22,0,63.618611111111115
54266204,roads,9,3,24.655555555555555
54265360,other,12,0,0.7244444444444444
54265678,other,8,0,0.9583333333333334
54276051,other,22,1,2.578333333333333
54277158,other,6,2,1.2741666666666667
54276087,other,11,1,25246.016666666666
54277626,roads,15,1,18.13361111111111
56120975,other,16,1,0.41388888888888886
56122684,other,6,2,0.30694444444444446
56133434,other,3,3,0.5122222222222222
56134762,roads,7,2,29.75
56127600,other,23,2,0.41555555555555557
56131127,roads,14,2,0.0
56132900,roads,7,1,25.286944444444444
56128767,other,0,3,1.6566666666666667
56129930,other,9,2,0.1625
56128740,other,7,2,0.27361111111111114
56128539,other,20,2,4839.280555555555
56142917,other,9,4,4802.1913888888885
56138779,roads,13,3,19.833333333333332
56140255,other,9,3,25.86861111111111
56138182,roads,13,2,19.55361111111111
56139113,roads,14,2,23.65138888888889
56144097,garbage,10,4,333.9458333333333
56140443,other,5,3,0.2875
56143309,other,9,4,0.27694444444444444
58042632,other,4,3,5.355
56148416,roads,14,3,19.644444444444446
56148728,other,10,4,26.65888888888889
56146663,other,8,4,4803.488611111111
56146653,roads,12,4,70.02888888888889
56150251,other,9,4,0.3422222222222222
56146666,roads,15,4,69.57222222222222
56151409,other,8,4,4803.331111111111
56151590,other,8,4,4803.445555555556
58038457,roads,14,2,22.17222222222222
58036832,garbage,8,2,52.46055555555556
58049426,roads,7,2,6.305833333333333
58046033,other,17,3,0.21
58048517,other,11,3,1.2072222222222222
58042936,other,15,3,287.6041666666667
58048250,garbage,16,3,133.57055555555556
58045452,roads,22,3,9.756388888888889
58040964,other,15,2,0.7230555555555556
58049222,roads,14,2,20.641944444444444
58049608,other,8,3,87.4625
58053259,other,20,4,1.4244444444444444
58052070,roads,8,3,1.1780555555555556
58054691,roads,8,3,1.9069444444444446
58057279,other,17,4,22.283055555555556
58050903,other,9,3,0.8477777777777777
58055940,other,0,5,0.38722222222222225
58050336,roads,10,3,26.521944444444443
58065129,other,16,5,1.2752777777777777
58071539,other,22,6,62.93472222222222
58075543,other,7,6,77.18638888888889
58067273,other,12,5,242.45222222222222
58069608,other,12,5,419.4038888888889
58074254,other,18,6,1.9841666666666666
58084109,other,15,0,4075.157222222222
58080608,other,13,0,4077.501111111111
58077977,other,7,6,544.0208333333334
58076149,other,14,6,1.4841666666666666
58083197,roads,9,3,26.26527777777778
58107100,other,20,2,4022.219722222222
58091939,other,15,1,56.876666666666665
58088293,roads,7,3,25.05
58087149,other,13,0,1.1544444444444444
58090787,other,17,1,4049.84
58126487,other,14,4,96.11555555555556
58092362,other,17,1,4049.8033333333333
58096968,roads,14,0,17.906666666666666
58098662,other,21,1,0.38555555555555554
58099175,garbage,11,1,146.81305555555556
58096986,other,10,1,0.8180555555555555
58099292,other,11,1,1.2808333333333333
58100417,other,23,1,1.1258333333333332
58101067,other,19,1,29.666666666666668
58093794,other,1,2,0.14527777777777778
58101155,other,20,1,0.22305555555555556
58153724,other,14,0,17.983333333333334
58106087,other,9,2,1.2766666666666666
58104087,other,13,2,130.7238888888889
58104318,other,3,2,0.6488888888888888
58108931,other,18,2,113.6
58104123,other,20,2,4022.6608333333334
58105754,other,3,2,0.3819444444444444
58102078,roads,14,1,18.212777777777777
58107747,infrastructure,10,2,157.7697222222222
58102042,other,18,2,141.17083333333332
58105244,other,9,2,1.1805555555555556
58108215,other,19,2,112.16666666666667
58104121,other,14,2,4028.491111111111
58103024,other,10,2,196.72444444444446
58103203,other,20,2,4022.195833333333
58108177,other,0,3,0.36583333333333334
58102962,roads,18,2,39.658055555555556
58119199,other,8,3,51.200833333333335
58115592,water,17,3,592.4333333333333
58119655,other,11,3,120.63333333333334
58118071,other,10,3,4009.0208333333335
58111646,garbage,8,3,223.62583333333333
58115054,other,11,3,132.46194444444444
58111793,other,18,3,5.9127777777777775
58114037,water,22,3,4.516666666666667
58115703,water,21,3,0.38333333333333336
58112544,other,13,3,1.6002777777777777
58123665,roads,8,4,27631.733333333334
58124049,roads,11,3,23.320833333333333
58127906,other,2,4,0.7688888888888888
58121367,roads,18,3,14.22861111111111
58121155,other,16,3,1.0638888888888889
58130716,other,7,4,1.4097222222222223
58130461,roads,0,3,41.52111111111111
58133435,other,16,4,1.2355555555555555
58129472,other,14,4,1.898611111111111
58133705,other,21,4,14.733333333333333
58136718,water,6,5,134.36666666666667
58135368,other,11,5,3959.1480555555554
58177011,other,12,2,35.20527777777778
58138005,other,18,5,0.7969444444444445
58140996,other,13,5,1.7527777777777778
58149893,other,10,6,49.14361111111111
58152875,drainage,9,0,268.43333333333334
58151020,other,8,0,351.70222222222225
58151221,other,20,0,147.94361111111112
58152471,other,11,0,1.5972222222222223
58153034,other,7,0,54.439166666666665
58161571,other,8,0,0.6030555555555556
58159613,other,8,0,27.558055555555555
58159720,other,16,0,55.70638888888889
58156977,other,14,0,3908.6919444444443
58164232,infrastructure,15,1,536.815
58158526,roads,10,0,109.01555555555555
58158798,roads,19,0,12.711666666666666
58155731,other,8,0,159.7711111111111
58157678,roads,15,0,6.273611111111111
58156978,other,8,0,63.6975
58155522,other,15,0,19.17388888888889
58159939,roads,18,0,43.00416666666667
58157787,other,3,0,0.5011111111111111
58157170,other,6,0,65.25527777777778
58163197,other,15,1,200.69361111111112
58156871,roads,15,5,42.145
58163085,other,18,1,36.211666666666666
58155543,infrastructure,14,0,81.93583333333333
58166579,other,12,1,25.640555555555554
58169052,other,20,1,0.6938888888888889
58168272,other,14,1,1.6269444444444445
58165447,water,11,1,1.1833333333333333
58166356,roads,12,1,49.39888888888889
58166468,other,17,1,0.37972222222222224
58171032,roads,11,1,22.131666666666668
58166621,other,18,1,149.4177777777778
58171621,other,15,1,1736.2772222222222
58177193,other,14,2,129.09444444444443
58175000,other,12,2,155.7486111111111
58176735,other,23,2,3851.1344444444444
58178906,drainage,12,2,217.01666666666668
58180066,other,9,2,27.71472222222222
58187066,other,19,3,268.78
58182232,other,22,2,0.5858333333333333
58183378,other,12,2,107.89222222222222
58182354,roads,22,2,12.573055555555555
58184245,roads,14,2,22.844166666666666
58186152,other,11,3,0.8858333333333334
58186860,other,16,3,3834.945277777778
58193597,other,16,3,3834.927777777778
58193716,other,17,3,43.23583333333333
58203548,other,13,4,23111.909722222223
58196464,other,10,4,109.1211111111111
58195907,other,10,4,265.9302777777778
58197542,other,4,4,1.2875
58198683,other,21,4,3805.5066666666667
58191719,other,17,3,0.5352777777777777
58193436,other,17,3,1.6808333333333334
58206597,roads,17,5,63.793055555555554
58203451,other,15,4,0.9044444444444445
58204720,other,12,5,1.375
58213630,garbage,10,6,527.4041666666667
58214334,other,21,6,62.7
58216417,other,11,6,1596.7
58209005,other,18,5,160.97027777777777
58216029,other,12,6,287.7888888888889
58209711,other,16,5,43.68333333333333
58214244,garbage,12,6,118.67722222222223
58211119,other,21,5,1274.4688888888888
58215377,other,1,0,1.2333333333333334
58214423,other,13,6,3765.2669444444446
58219879,other,22,6,1.0175
58224716,other,3,0,236.74805555555557
58222843,other,16,0,1.9733333333333334
58220611,other,14,0,164.73333333333332
58218723,water,9,6,83.91666666666667
58221359,infrastructure,20,6,747.0386111111111
58218138,other,19,6,420.37694444444446
58224661,other,9,0,1.2058333333333333
58220918,roads,10,0,27389.591111111113
58220612,other,11,0,24.35
58224706,infrastructure,10,0,2533.329166666667
58221733,other,10,0,0.02722222222222222
58223957,garbage,10,0,573.9419444444444
58228422,other,7,0,0.5858333333333333
58231005,other,15,0,47.54666666666667
58226056,other,12,0,357.5233333333333
58234077,other,10,1,7873.933333333333
58226046,other,9,0,1.3994444444444445
58233331,roads,12,0,22.3225
58228797,other,13,0,1.5191666666666668
58227342,other,16,0,46.16694444444445
58231157,other,8,0,20420.083333333332
59259043,other,1,6,0.24333333333333335
59253125,other,16,5,0.6066666666666667
59253189,other,19,5,0.15166666666666667
59253139,other,15,5,2.3205555555555555
59258767,other,0,6,0.9794444444444445
59264990,other,19,6,17.20388888888889
59254022,roads,14,4,23.281944444444445
59253850,other,7,5,0.5294444444444445
59259541,other,11,5,143.46805555555557
59258285,other,10,5,0.5466666666666666
59259018,other,11,5,0.06305555555555556
59259706,other,8,5,2.0008333333333335
59258379,other,10,5,69.85027777777778
58227043,other,8,0,1.4572222222222222
58234051,other,7,1,6.444444444444445
58231250,other,18,0,941.1169444444445
58235543,other,12,1,1.8877777777777778
58235812,other,17,1,3713.4241666666667
58237149,other,10,1,61.498333333333335
58250294,other,18,2,1.1086111111111112
58250408,other,14,2,1.2841666666666667
58251656,other,13,2,1.6611111111111112
58243765,other,11,2,1.3191666666666666
58247720,other,20,2,13.139722222222222
58249936,roads,23,2,9.639444444444445
58248998,other,1,3,0.7544444444444445
58246462,other,6,2,0.31722222222222224
58245038,other,2,2,1.4069444444444446
58247814,other,11,2,1.3997222222222223
58257508,other,11,3,132.9738888888889
58253341,other,15,3,128.83555555555554
58259922,other,12,3,1.0933333333333333
58257689,roads,12,3,27315.72611111111
58255900,other,0,4,1.1030555555555555
58258964,other,13,3,298.9472222222222
58267893,other,16,4,55.91833333333334
58268845,other,8,4,0.5863888888888888
58269262,other,14,4,129.82222222222222
58266266,roads,20,4,27283.402222222223
58264101,other,10,4,85.40305555555555
58267896,other,10,4,253.4336111111111
58262941,other,15,3,3667.761388888889
58263894,other,11,3,1.0602777777777779
58265396,other,10,4,133.41222222222223
58276120,roads,10,5,47.63916666666667
58270068,other,13,4,0.3927777777777778
58271297,other,6,4,0.39694444444444443
58277704,other,16,5,1.17
58282993,roads,14,4,22.653055555555557
58286518,other,14,6,3596.745
58281393,other,12,5,1.9883333333333333
58281342,other,7,5,122.40027777777777
58286603,roads,14,5,22.70388888888889
58286367,other,13,6,0.3788888888888889
58278994,other,12,5,1.475
58282542,other,20,5,0.6197222222222222
58280479,other,16,5,3618.1536111111113
58286484,other,19,6,1.1222222222222222
58282527,other,13,5,0.6108333333333333
58278680,other,15,4,1088.9225
58291813,other,18,6,351.8544444444444
58286604,roads,14,5,17.74972222222222
58283956,other,10,5,1.0327777777777778
58282610,other,15,5,1.6625
58281658,other,8,4,231.9275
58294497,infrastructure,19,0,1588.4127777777778
58290639,other,19,6,0.48944444444444446
58289605,other,15,6,1.1177777777777778
58300582,other,9,0,122.35444444444444
58302214,other,20,0,3566.515
58301906,other,14,0,1.6025
58304516,other,16,1,0.605
58306318,other,13,1,130.0536111111111
58307900,other,12,1,3551.0158333333334
58310763,other,13,1,58.15277777777778
58310159,other,5,1,0.06722222222222222
58307899,other,12,1,3550.410277777778
58326367,other,17,3,1.5933333333333333
58348534,other,16,5,55.09444444444444
58312012,other,13,1,58.03611111111111
58311602,other,4,1,0.1913888888888889
58316718,roads,2,3,93.86111111111111
58320973,roads,18,2,27165.08
58317184,other,16,2,236.68694444444444
58316724,roads,17,2,113.28722222222223
58321669,roads,15,1,20.858888888888888
58315767,other,16,2,0.6780555555555555
58316253,other,11,2,3527.5602777777776
58314927,other,16,2,103.99777777777778
58314430,other,8,1,0.62
58322975,roads,15,1,20.713055555555556
58330264,drainage,20,3,255.28333333333333
58326706,other,17,3,3497.136111111111
58324050,other,7,2,3531.3941666666665
58323847,other,10,2,1.44
58335020,other,17,3,798.0233333333333
58338196,other,16,4,3474.5019444444442
58333007,water,12,3,0.0
58339338,other,10,4,1.3933333333333333
58336290,roads,10,4,70.81444444444445
58338195,other,2,5,69.15416666666667
58339310,garbage,12,4,25.768055555555556
58331940,other,12,3,515.6927777777778
58332988,water,18,3,0.0
58331450,other,4,3,0.43805555555555553
58334039,other,22,3,0.8872222222222222
58336850,water,17,4,0.0
58337966,other,11,4,1.6241666666666668
58332881,other,8,3,6.713611111111111
58335424,garbage,9,3,50.945
58337958,other,13,4,1.3547222222222222
58339087,other,21,4,62.44638888888889
58335450,other,8,3,1.4505555555555556
58340835,water,20,4,0.0
58342480,roads,23,3,21.467222222222222
58343509,water,18,4,0.0
58341842,other,15,4,66.61666666666666
58342030,other,15,4,1.9366666666666668
58346274,other,13,5,3453.7877777777776
58340661,garbage,8,4,293.6425
58342262,other,22,4,7657.464722222222
58342407,other,22,4,3468.7425
58355314,other,20,5,0.6158333333333333
58355552,water,18,6,16.666666666666668
58350812,water,15,5,0.0
58364528,other,7,0,3411.83
58360042,other,19,6,28.586111111111112
58382010,other,17,1,0.35083333333333333
58360043,other,19,6,364.68194444444447
58358975,other,19,6,1252.69
58363254,other,5,6,0.46166666666666667
58364709,other,10,0,3408.601388888889
58363333,other,19,6,1.9955555555555555
58366081,other,17,0,30.721666666666668
58365711,other,19,0,1.8608333333333333
58365599,other,12,0,65.18333333333334
58372384,other,0,1,0.6580555555555555
58371074,other,12,0,65.1
58370053,other,17,0,30.796944444444446
58365923,other,17,0,78.62944444444445
58370052,other,17,0,30.634166666666665
58379704,other,13,1,3381.4816666666666
58374293,other,16,0,3402.146111111111
58376789,other,13,1,3381.4713888888887
58379342,other,12,1,1.5175
58387663,other,13,2,34.529444444444444
58391709,other,15,2,3356.068333333333
58384982,other,14,1,33.74166666666667
58388971,other,14,2,129.62
58391708,other,14,2,3356.3508333333334
58383809,other,13,1,3381.498888888889
58386331,other,6,2,3364.412222222222
58390411,other,10,2,3360.386388888889
58390050,other,12,2,1.916111111111111
58383438,other,14,1,1.6744444444444444
58393936,other,7,2,1.6413888888888888
58396528,other,16,2,1.406111111111111
58394147,other,13,2,154.5613888888889
58394771,roads,14,2,19.091944444444444
58395620,other,13,2,10.46
58392988,other,6,2,3364.1483333333335
58400742,other,14,3,3332.395
58395607,other,7,2,952.9505555555555
58395622,other,7,2,3364.051111111111
58393839,other,11,2,26.38888888888889
58401475,other,8,3,0.4572222222222222
58407315,other,14,4,0.31722222222222224
58405397,other,8,3,0.5269444444444444
58405230,other,9,3,294.1475
58405382,garbage,19,3,114.40833333333333
58405444,other,12,3,1.4377777777777778
58402045,roads,12,3,104.85444444444444
58407047,other,14,4,3308.6141666666667
58405447,other,10,3,1.0463888888888888
58415454,other,15,4,5.683611111111111
58417117,other,17,5,3281.7136111111113
58415686,other,19,4,3303.1344444444444
58418310,other,15,5,3283.2013888888887
58412904,other,9,4,19.816666666666666
58445127,other,15,1,3211.994166666667
58411854,other,9,4,134.33416666666668
58417976,other,9,5,1.8155555555555556
58419304,other,17,5,1110.0097222222223
58426754,other,14,6,3260.2969444444443
58419308,other,16,5,3282.9358333333334
58419301,other,14,5,3284.5027777777777
58424138,other,21,5,50.50694444444444
58421806,other,16,5,3283.074722222222
58420257,other,23,5,0.6222222222222222
58424137,other,21,5,3277.153888888889
58427799,other,14,6,345.1977777777778
58429616,other,17,6,0.5686111111111111
58434158,other,9,6,3265.3088888888888
58428668,other,20,6,1.0202777777777778
58436106,other,11,0,24.1225
58442685,other,11,0,3239.873611111111
58437314,other,8,0,0.44166666666666665
58440023,other,11,0,36.67388888888889
58437742,other,11,0,12.757777777777777
58440648,roads,11,6,36.74333333333333
58439394,roads,18,6,5.178888888888889
58450303,other,12,1,131.9925
58445926,other,16,1,12.194444444444445
58451593,other,16,1,3210.848611111111
58449833,other,3,1,0.4711111111111111
58450296,other,14,1,33.39111111111111
58453998,other,14,1,9.508888888888889
58461261,other,12,2,1.8144444444444445
58455012,other,13,1,1.843888888888889
58458984,other,6,2,137.46777777777777
58453997,other,17,1,54.03861111111111
58457402,other,3,2,0.5333333333333333
58455404,roads,14,5,57.19305555555555
58454698,other,14,1,5010.900833333333
58453745,other,7,1,32.5225
58457351,other,9,2,290.7
58458768,other,15,2,21.895555555555557
58457909,roads,13,1,19.281111111111112
58457838,other,15,2,3187.315
58455405,roads,14,1,21.779722222222222
58465407,other,12,3,3166.8983333333335
58465254,other,19,3,4.3133333333333335
58463708,other,11,2,0.43916666666666665
58462723,other,15,2,3187.5833333333335
58503257,other,10,0,349.9713888888889
58475617,other,14,4,1.7561111111111112
58472030,other,1,4,1.9288888888888889
58475625,other,11,4,1.3097222222222222
58473551,roads,15,2,20.679444444444446
58477123,other,19,4,3135.27
58470796,other,8,3,0.35638888888888887
58474629,other,10,4,3144.1736111111113
58487197,garbage,10,5,144.59305555555557
58484410,roads,10,4,74.31666666666666
58482554,other,7,4,64.7375
58513696,other,15,1,3043.9594444444447
58479899,other,17,4,318.3880555555556
58487457,other,23,5,552.1069444444445
58485700,roads,15,5,67.305
58480908,other,14,4,1.8258333333333334
58479509,garbage,8,4,95.63666666666667
58480906,other,13,4,1.0238888888888888
58487218,other,16,5,1.435
58480777,other,11,4,0.9416666666666667
58482378,water,10,4,1.2666666666666666
58491799,other,14,5,0.18388888888888888
58489766,other,9,5,3121.6002777777776
58493108,other,9,5,3121.3125
58492951,other,15,5,0.4116666666666667
58489624,other,13,5,3117.1227777777776
58494246,other,12,6,3094.23
58501848,other,16,6,1.2466666666666666
58503110,other,15,0,3068.0005555555554
58501949,other,14,6,3092.1344444444444
58501797,other,21,6,0.36944444444444446
58503084,water,8,0,201.31666666666666
58496482,other,18,6,77.27416666666667
58499624,other,13,6,1.6719444444444445
58502955,other,15,6,1.5530555555555556
58500946,other,10,6,0.9397222222222222
58500475,other,7,6,28.6225
58498635,other,23,6,216.36277777777778
58496661,roads,7,5,18.065833333333334
58500468,other,13,6,89.75277777777778
58503107,other,17,0,3065.153888888889
58498756,other,18,6,5.4319444444444445
58509415,other,11,0,1.3866666666666667
58505256,other,8,0,27.016666666666666
58513149,other,0,1,35.5
58505355,other,9,0,27.11916666666667
58505439,other,15,0,1.4655555555555555
58506677,other,11,0,3.022777777777778
58512050,other,13,0,1.258888888888889
58508050,other,5,0,1.9180555555555556
58512047,other,16,0,1.013611111111111
58512239,other,5,0,3077.6294444444443
58510597,other,8,0,0.24638888888888888
58509417,other,13,0,1.831388888888889
58513362,other,10,0,1.47
58507173,other,15,0,0.9780555555555556
58511925,other,13,0,0.10777777777777778
58513695,other,15,1,3043.347222222222
58516321,roads,14,0,18.116666666666667
58521051,garbage,13,1,26.35861111111111
58527991,roads,8,5,18.938055555555554
58525054,other,13,2,1.6163888888888889
58528799,other,11,2,0.20222222222222222
58529242,other,22,2,457.355
58536430,other,11,3,1.4105555555555556
58535136,other,12,3,46.85138888888889
58536305,other,8,3,0.4494444444444444
58536765,other,16,3,79.64916666666667
58536435,other,21,3,1.6977777777777778
58532757,other,14,2,1.5841666666666667
58538879,other,21,3,0.39805555555555555
58545854,other,14,4,2972.995
58545385,other,14,4,0.5588888888888889
58541492,other,19,3,1.8172222222222223
58541673,other,11,3,84.53833333333333
58544097,other,8,3,1.1255555555555556
58544098,other,13,3,1.1991666666666667
58547247,other,9,4,2977.7780555555555
58552825,other,18,4,53.85638888888889
58552326,other,9,4,21914.12361111111
58548339,other,13,4,1.761111111111111
58556161,roads,7,5,51.82888888888889
58549909,other,22,4,73.50638888888889
58556825,other,11,5,2951.213333333333
58552834,other,14,4,2972.351111111111
58558961,other,9,5,43.99722222222222
58560380,other,11,5,2951.1866666666665
58561516,other,9,5,1.6666666666666667
58557837,other,12,5,1.8380555555555556
58564075,other,11,5,60.19777777777778
58557838,other,9,5,1.2794444444444444
58561780,other,14,5,945.1441666666667
58564074,other,11,5,2951.3122222222223
58559018,other,8,5,1.293611111111111
58558069,other,11,5,60.14805555555556
58561526,other,9,5,48.00805555555556
58566249,other,9,6,1.3388888888888888
58567434,other,9,6,2929.388611111111
58569472,other,0,0,0.4011111111111111
58572576,other,23,6,4.671388888888889
58566362,other,10,6,61.013333333333335
58571757,other,12,6,1.8875
58570650,other,13,6,1.6177777777777778
58571690,other,13,6,70.67416666666666
58568720,other,16,6,2922.3144444444442
58565398,other,11,6,2928.1116666666667
58569579,other,17,6,20.840555555555557
58571990,other,11,6,2928.0375
58565392,other,22,6,2916.6455555555553
58567646,roads,23,5,17.038055555555555
58567572,other,9,6,206.5836111111111
58565970,other,0,0,1.8097222222222222
58569851,roads,7,5,17.600277777777777
58573089,other,9,6,62.27166666666667
58571862,other,9,6,2929.206111111111
58570912,other,14,6,225.95138888888889
58570910,other,9,6,62.959722222222226
58579275,other,22,0,6097.903611111111
58575382,other,11,0,2903.378888888889
58587763,other,0,2,0.6455555555555555
58585303,other,7,1,31.39666666666667
58587778,other,11,1,0.2111111111111111
58589483,other,15,1,2875.7341666666666
58589174,other,19,1,161.40416666666667
58584307,other,22,1,49.14861111111111
58585560,other,19,1,52.321666666666665
58589112,drainage,19,1,733.7
58587893,other,10,1,1.2377777777777779
58585558,other,23,1,2868.0933333333332
58586794,other,9,1,38.68527777777778
58590758,other,17,1,150.0588888888889
58589964,roads,15,1,18.91111111111111
58587761,other,18,1,0.4361111111111111
58585781,roads,14,0,22.311666666666667
58594412,other,20,2,339.8258333333333
58592843,other,22,1,0.4666666666666667
58595793,other,10,2,2856.304166666667
58592054,roads,14,1,0.0
58594582,other,13,2,2853.986388888889
58599631,other,10,2,2856.3855555555556
58599630,other,12,2,2854.1969444444444
58597045,other,10,2,2856.458611111111
58608631,other,17,3,1.4791666666666667
58607413,other,6,3,101.19638888888889
58603263,other,13,2,106.81805555555556
58602088,other,16,2,2851.095
58605420,other,11,3,2832.1188888888887
58607492,other,13,3,1.6733333333333333
58603682,roads,12,2,47.43638888888889
58602090,other,10,2,2856.281111111111
58604326,other,11,3,108.23055555555555
58603681,roads,14,2,117.61583333333333
58600294,other,18,2,25988.561944444446
58605567,other,1,4,94.36555555555556
58607771,other,9,3,2833.4127777777776
58600674,other,13,2,2853.7069444444446
58617007,other,14,4,2804.2933333333335
58611119,other,11,3,2831.7269444444446
58611129,other,4,3,139.52694444444444
58612237,other,1,4,2817.3722222222223
58618231,other,13,4,2806.0816666666665
58622585,roads,17,4,26447.018888888888
58625240,other,18,5,1.726388888888889
58623983,other,11,5,1.531111111111111
58620610,other,12,4,2806.4791666666665
58626354,roads,11,5,26428.63472222222
58618792,other,7,4,328.48
58620760,other,22,4,1.4697222222222222
58619437,other,13,4,154.9788888888889
58623002,other,14,5,9.5675
58620335,other,22,4,60.06194444444444
58625238,other,10,5,1.096111111111111
58619312,other,9,4,86.18138888888889
58624229,other,14,5,33.2625
58622660,other,20,4,63.51833333333333
58628955,other,16,5,1.8205555555555555
58630011,roads,19,5,26420.759166666667
58633646,other,18,6,1.2205555555555556
58628838,roads,18,5,26421.688611111113
58628859,other,7,5,73.0
58629207,other,13,5,2781.9266666666667
58684107,other,15,4,128.4988888888889
58641981,other,16,0,1.8191666666666666
58652773,other,1,2,2697.5686111111113
58645984,other,17,0,2729.2047222222222
58652281,other,20,1,1.405
58652288,other,3,1,0.8275
58652419,other,9,1,1.523611111111111
58652413,other,12,1,1.1802777777777778
58645987,other,17,0,30.4025
58654077,roads,7,0,4.850555555555555
58661439,other,13,1,1.0394444444444444
58653666,other,10,1,1.8691666666666666
58656456,other,1,2,46.29055555555556
58658905,other,7,1,1.0566666666666666
58661434,other,13,1,1.1630555555555555
58653610,garbage,8,1,49.95305555555556
58656272,other,13,1,1.2733333333333334
58660505,other,14,1,33.944722222222225
58656589,other,1,2,46.216944444444444
58656457,other,15,1,2707.7069444444446
58654075,roads,22,0,23.047777777777778
58657364,roads,18,1,26349.493611111113
58663109,other,1,3,2673.558611111111
58666956,other,8,2,2690.6158333333333
58666623,other,13,2,1.2019444444444445
58666507,other,22,2,0.5936111111111111
58667922,other,7,2,1.5247222222222223
58664307,other,17,2,2681.287222222222
58662956,infrastructure,11,2,372.3011111111111
58668114,other,15,2,2683.8744444444446
58669347,other,3,2,2695.6769444444444
58662966,other,13,2,130.72694444444446
58679074,garbage,8,3,51.65638888888889
58679132,other,13,3,1.3363888888888888
58674538,other,10,3,181.9925
58672859,other,16,3,0.9175
58679434,other,11,3,108.93638888888889
58676632,other,15,3,0.0661111111111111
58679444,other,18,3,173.6772222222222
58674523,other,22,3,2652.9547222222222
58683952,other,15,4,152.85611111111112
58685182,other,15,4,2635.3725
58681940,roads,14,4,0.0
58685843,other,2,4,0.5980555555555556
58688029,other,9,4,0.4955555555555556
58680599,other,9,3,2665.696388888889
58683954,other,11,4,132.71972222222223
58688133,other,14,4,1.6019444444444444
58686236,other,11,4,108.68527777777778
58686078,other,15,4,2635.3533333333335
58687187,other,15,4,2635.3386111111113
58683082,roads,13,3,23.422777777777778
58687191,other,15,4,2635.948888888889
58681938,roads,14,4,0.0
58687041,other,14,4,1.8627777777777779
58686084,other,11,4,156.65805555555556
58694106,other,3,5,0.4141666666666667
58715120,other,7,0,0.6866666666666666
58689292,other,15,4,128.6497222222222
58696740,other,9,5,1.311388888888889
58741694,other,23,3,2483.534722222222
58696615,roads,22,5,26249.3225
58696745,other,14,5,1.0038888888888888
58689291,other,15,4,128.59333333333333
58694126,other,0,6,0.5316666666666666
58704896,other,14,6,406.78027777777777
58700702,other,5,6,30.7
58702832,other,11,6,444.555
58710451,other,16,0,2562.9416666666666
58706993,other,14,6,0.7175
58710152,other,17,0,254.91666666666666
58721545,other,22,1,2532.8755555555554
58718947,other,22,1,5737.8358333333335
58717540,other,5,1,2550.1144444444444
58715316,other,16,0,7.240555555555556
58717554,other,13,1,2541.5658333333336
58722530,other,2,1,0.11472222222222223
58721291,other,15,1,46.99916666666667
58723017,other,14,1,57.886944444444445
58721700,other,13,1,946.2888888888889
58731045,other,8,2,111.08944444444444
58727149,roads,11,6,44.70388888888889
58727078,other,8,1,2547.0433333333335
58730583,other,8,2,0.5988888888888889
58726217,roads,16,1,65.50583333333333
58729789,other,5,2,2525.91
58727079,other,18,1,2536.9338888888888
58728284,other,8,2,2522.7322222222224
58737690,roads,7,5,22.127777777777776
58737037,roads,12,2,26163.95888888889
58737683,roads,6,4,102.04333333333334
58733777,roads,14,1,22.552777777777777
58732397,other,13,2,2517.1433333333334
58740274,other,10,3,85.49944444444445
58732857,roads,17,2,113.43111111111111
58736143,other,11,2,2519.2669444444446
58732391,other,13,2,2517.7083333333335
58747023,other,1,4,2481.3719444444446
58742643,other,10,3,101.44361111111111
58749877,other,15,4,2467.748888888889
58746821,other,12,3,1.7222222222222223
58747269,roads,23,2,21.33222222222222
58749700,other,1,5,2457.5022222222224
58749705,other,9,4,254.05166666666668
58744145,other,11,3,1.948611111111111
58741253,garbage,9,3,315.6025
58741305,other,13,3,1.5161111111111112
58748421,other,21,3,1.0602777777777779
58747195,other,6,3,137.36166666666668
58747021,other,11,3,2495.3786111111112
58744539,other,15,3,2491.5066666666667
58749960,roads,14,3,20.096944444444443
58742906,water,3,3,438.4
58748279,water,9,3,1370.8666666666666
58766266,other,7,5,904.4077777777778
58748587,other,15,3,0.47944444444444445
58742974,other,1,4,166.26444444444445
58744549,other,13,3,1690.4222222222222
58756493,other,1,5,2457.5847222222224
58753793,other,14,4,2121.4333333333334
58750691,other,5,4,0.8247222222222222
58757880,other,9,4,2473.2483333333334
58757499,other,8,4,1.821388888888889
58760061,other,12,4,71.97444444444444
58765163,other,16,5,2442.2266666666665
58764866,other,11,5,1.131388888888889
58760021,other,17,4,0.37027777777777776
58758852,other,12,4,1.4947222222222223
58765927,other,10,5,0.36194444444444446
58762594,other,17,5,2441.8905555555557
58761578,other,17,5,2441.9127777777776
58759193,other,12,4,2470.4836111111113
58767309,other,15,5,56.32388888888889
58767306,other,16,5,79.32805555555555
58773396,other,1,0,0.4775
58771772,roads,7,5,17.53611111111111
58768578,other,16,5,2442.7025
58768586,other,9,5,2449.349166666667
58775420,other,18,6,1.8819444444444444
58780207,other,12,0,2399.1033333333335
58776627,other,22,6,1513.6444444444444
58784149,other,3,0,0.2152777777777778
58779871,other,23,0,0.5272222222222223
58778138,roads,10,0,50.08444444444444
58781789,other,18,0,29.016944444444444
58778530,other,18,0,0.5661111111111111
58784267,other,8,0,7.111944444444444
58780206,other,18,0,2392.1566666666668
58793013,other,21,1,26.73472222222222
58791213,other,16,1,0.02638888888888889
58787520,other,10,0,2400.866111111111
58792684,other,6,1,0.15194444444444444
58789829,other,7,1,99.28472222222223
58785928,other,9,0,182.49583333333334
58791279,other,18,1,44.244166666666665
58788751,other,16,1,55.52333333333333
58786955,other,11,0,47.1
58786100,other,5,0,2405.9938888888887
58790124,other,16,1,2370.7966666666666
58795898,other,22,1,2.4091666666666667
58793178,other,1,2,2361.34
58801577,other,1,3,190.24388888888888
58796073,other,13,1,2373.5205555555553
58798898,other,9,1,62.388333333333335
58796058,other,13,1,178.83055555555555
58795864,other,16,1,31.665
58793166,other,9,1,302.9608333333333
58794603,other,13,1,2373.2452777777776
58795866,other,1,2,358.3375
58795500,other,4,1,0.4825
58799932,other,17,1,45.964444444444446
59450082,other,21,4,962.9047222222222
58797999,roads,9,1,49.907222222222224
58794155,other,19,1,65.61138888888888
58794440,other,13,1,130.4802777777778
58798960,roads,22,0,20.476111111111113
58795119,roads,9,1,33.88722222222222
58806753,other,17,2,2345.154722222222
58800284,other,10,2,2352.763611111111
58809386,other,1,3,142.25555555555556
58809396,other,8,2,2354.4405555555554
58810541,other,18,3,797.9530555555556
58805487,other,1,3,2337.4175
58810540,other,18,3,821.9366666666666
58810527,other,18,3,14.65
58805492,other,17,2,2345.448611111111
58807644,garbage,18,2,16.81277777777778
58814050,other,9,3,2329.71
58811671,other,13,3,130.41666666666666
58813607,other,15,3,0.4886111111111111
58818639,other,15,3,104.13083333333333
58811354,other,19,3,85.86666666666666
58815239,other,22,3,2316.761388888889
58812791,other,18,3,797.9447222222223
58826292,other,11,4,76.37777777777778
58827601,garbage,14,4,20.591666666666665
58825458,other,13,4,5.780833333333334
58822314,other,7,4,3352.985
58822933,other,13,4,4.2988888888888885
58822819,other,16,4,2.3741666666666665
58821085,other,14,4,3.121111111111111
58831246,other,13,4,72.62916666666666
58829802,roads,22,5,38.995555555555555
58832876,other,8,4,26.128888888888888
58830126,other,15,4,68.86777777777777
58830099,other,14,4,15.3475
58831599,other,17,5,1.4744444444444444
58832557,roads,18,5,5.676388888888889
58834287,garbage,8,4,30.78
58834255,other,9,4,19.365833333333335
58830089,other,13,5,0.7883333333333333
58832820,other,7,4,20.91138888888889
58830235,other,15,5,90.92138888888888
58832874,other,11,4,26.375833333333333
58830123,other,12,4,115.0775
58835496,garbage,13,4,97.55277777777778
58834199,garbage,12,4,70.78138888888888
58830165,other,8,4,26.22277777777778
58832809,other,10,4,29.06
58832792,other,1,6,0.08222222222222222
58828912,garbage,8,4,30.61722222222222
58829791,other,12,4,26.003333333333334
58831596,other,12,5,1.6533333333333333
58830098,other,7,4,26.964444444444446
58832877,garbage,12,4,24.66638888888889
58834218,other,6,4,22.521944444444443
58831472,other,11,4,17.200833333333332
58840980,garbage,15,4,110.46722222222222
58837849,other,10,6,1.9330555555555555
58840931,other,23,6,0.20444444444444446
58836854,garbage,8,4,30.57027777777778
58836805,garbage,12,4,22.771944444444443
58841124,other,3,6,31.033333333333335
58836750,garbage,10,4,99.42833333333333
58838893,other,16,6,1.4158333333333333
58846333,other,11,0,121.70194444444445
58846829,roads,0,6,41.318888888888885
58850569,other,10,0,2232.572777777778
58851624,other,12,0,515.7219444444445
58854169,other,20,0,2222.3527777777776
58849754,other,12,4,69.5436111111111
58853938,other,7,4,359.4263888888889
58847807,other,10,4,75.96666666666667
58846347,garbage,11,4,116.40916666666666
58848469,roads,17,0,5.591111111111111
58846299,other,8,0,0.32555555555555554
58849127,other,8,0,2234.2561111111113
58855390,other,13,1,58.37361111111111
58862252,other,11,4,0.7302777777777778
58857606,other,7,4,2.252222222222222
58860870,other,9,4,1.6936111111111112
58861211,other,7,4,3.3366666666666664
58862868,other,5,4,1.801388888888889
58857074,other,5,4,1.6405555555555555
58859377,other,7,4,0.10305555555555555
58855566,other,6,4,0.19333333333333333
58857967,other,10,4,1.9825
58858256,other,10,4,0.28805555555555556
58860669,other,14,4,0.049166666666666664
58860873,other,5,4,1.7808333333333333
58860289,other,6,4,3.758611111111111
58863119,other,11,4,2.1933333333333334
58856890,other,6,4,0.31472222222222224
58862871,other,12,4,1.846111111111111
58859354,other,14,4,0.36694444444444446
58859214,other,10,4,0.43083333333333335
58857356,other,11,4,0.49694444444444447
58857301,other,15,4,1.5755555555555556
58857066,other,9,4,1.8988888888888888
58860998,other,23,1,24.766666666666666
58857328,other,8,4,2.1866666666666665
58856931,other,9,4,2.131666666666667
58859426,other,11,4,0.8716666666666667
58858306,other,12,4,1.4369444444444444
58857075,other,13,4,1.291388888888889
58860908,other,9,4,18638.345
58865573,other,6,4,0.5397222222222222
58863162,other,9,4,0.08638888888888889
58867365,other,14,4,0.7702777777777777
58864605,other,12,4,2.5369444444444444
58863309,other,10,4,0.36
58863235,other,8,4,0.2708333333333333
58866595,other,11,1,1.303611111111111
58863412,other,15,4,1.0252777777777777
58863847,other,7,4,2.660833333333333
58869274,other,5,4,0.5394444444444444
58863290,other,6,4,0.2733333333333333
58866753,other,11,4,1.9780555555555555
58868615,other,7,4,2.174166666666667
58870790,other,17,2,6.479722222222223
58868964,other,8,4,0.7308333333333333
58870603,garbage,9,4,3.1825
58868970,other,12,4,0.32055555555555554
58865010,other,16,4,0.5883333333333334
58879994,other,17,2,30.249444444444446
58878470,other,20,2,1.0630555555555556
58897510,other,8,4,2151.8641666666667
58874730,other,14,2,2180.4416666666666
58874731,other,14,2,105.33111111111111
58874556,other,14,2,1.1877777777777778
58877354,other,15,2,8.704166666666667
58885029,other,4,3,315.1483333333333
58887637,other,5,3,0.4041666666666667
58889435,other,8,3,2162.2955555555554
58882413,other,1,4,0.225
58883361,roads,16,3,92.45083333333334
58883810,other,13,3,1.9130555555555555
58882561,other,23,3,1.9669444444444444
58886874,other,20,2,3.129166666666667
58893393,other,8,4,447.9816666666667
58892933,other,0,5,55.81611111111111
58890690,other,8,3,951.1269444444445
58891994,other,9,4,254.56444444444443
58897498,other,9,4,254.44666666666666
58895683,other,8,4,25.058611111111112
58897513,other,12,4,2134.9972222222223
58895933,other,10,4,493.22833333333335
58894436,other,15,4,1.2155555555555555
58895938,other,9,4,422.6144444444444
58896105,other,7,4,2139.271388888889
58891185,roads,7,3,125.06388888888888
58894297,other,0,5,0.8994444444444445
58905117,other,13,5,2109.3280555555557
58905399,other,13,5,2109.2380555555555
58904036,other,2,5,0.2275
58904381,other,8,5,2114.9369444444446
58903400,other,8,5,2114.8888888888887
58905118,other,13,5,2109.3977777777777
58906685,other,18,5,0.5975
58902794,other,16,4,1.4227777777777777
58905198,other,14,5,2108.987222222222
58905216,other,14,5,2109.06
58905041,other,13,5,58.17611111111111
58898711,other,15,4,128.23833333333334
58904090,other,8,5,2114.9147222222223
58906774,other,19,5,2104.1105555555555
58898717,other,9,4,86.57722222222222
58901534,other,9,4,326.5986111111111
58914107,other,20,6,99.99694444444444
58910646,other,2,6,0.10777777777777778
58911711,other,20,6,2079.1130555555555
58910691,garbage,19,6,203.71166666666667
58944676,other,16,2,295.06555555555553
58912416,other,13,6,274.4786111111111
58913100,other,10,6,0.4538888888888889
58917779,other,12,0,2062.631388888889
58922431,other,9,0,2030.9183333333333
58923541,other,12,0,947.1863888888889
58921242,other,7,0,2067.6325
58923545,other,10,0,2064.451666666667
58922901,roads,23,0,83.55666666666667
58917566,other,3,0,0.3908333333333333
58917905,other,12,0,371.2186111111111
58922441,other,14,0,201.54361111111112
58924627,other,7,0,40.58833333333333
58922432,other,7,0,2067.8894444444445
58923395,other,7,0,40.756388888888885
58921241,other,10,0,2064.3102777777776
58916781,other,11,0,348.53472222222223
58917786,other,7,0,256.9272222222222
58917581,other,16,0,166.74305555555554
58922464,other,17,0,4.545555555555556
58917625,other,9,0,1.678611111111111
58921236,infrastructure,15,0,3536.494166666667
58919938,other,14,0,57.460277777777776
58922442,other,12,0,2062.62
58920905,other,9,0,28.003055555555555
58921108,other,7,0,952.8841666666667
58921256,other,11,0,2063.545
58924637,other,12,0,2062.6525
58918684,other,5,0,0.4288888888888889
58918609,other,19,0,159.7
58924344,other,15,0,20.9325
58918659,other,0,1,0.1475
58921109,other,7,0,2068.079166666667
58915878,other,19,6,2079.1994444444445
58930390,other,3,1,0.34055555555555556
58932368,other,9,1,1.5041666666666667
58931729,other,15,1,0.8416666666666667
58932229,roads,14,0,23.63722222222222
58936753,other,7,2,0.40055555555555555
58941848,other,7,2,1.1566666666666667
58941902,other,9,2,172.85305555555556
58938453,other,10,2,2016.5191666666667
58935517,other,3,1,0.8747222222222222
58938090,other,9,2,1.3913888888888888
58937157,other,7,2,952.9591666666666
58942172,other,8,2,159.88222222222223
58937635,roads,15,2,44.45611111111111
58939273,other,3,2,0.9863888888888889
58935631,other,20,1,1.895
58938092,other,12,2,1.6352777777777778
58941987,other,19,2,1.3027777777777778
58934693,other,16,1,487.5047222222222
58938452,other,13,2,130.7061111111111
58939402,other,12,2,1.6277777777777778
58935782,other,15,2,2011.9827777777778
58946991,other,12,3,287.26694444444445
58950641,other,3,3,0.3988888888888889
58947072,other,16,3,1.9536111111111112
58946628,roads,0,4,9.894722222222223
58949845,other,8,3,183.1627777777778
58944385,other,8,2,0.7838888888888889
58945971,other,10,3,1992.2488888888888
58947391,other,8,3,1994.4913888888889
58947079,other,12,3,1.3444444444444446
58953611,roads,14,2,20.317777777777778
58953200,other,17,3,1.0130555555555556
58958624,roads,12,4,93.53194444444445
58957302,other,6,4,0.5008333333333334
58955579,other,21,3,0.5747222222222222
58959422,roads,13,4,0.3875
58963919,other,11,4,108.80888888888889
58968153,drainage,13,4,2419.8
58967921,roads,13,4,67.90444444444445
58964970,other,2,4,0.31222222222222223
58969454,other,12,5,72.24277777777777
58970798,other,11,5,1943.3744444444444
58970671,other,13,5,1.6833333333333333
58974439,other,14,5,1089.4519444444445
58973261,other,2,5,0.6069444444444444
58971765,other,11,5,47.6
58993673,other,22,0,1884.5891666666666
58971819,other,0,6,0.2511111111111111
58974323,other,13,5,65.60972222222222
59020472,other,14,2,0.2588888888888889
58976668,other,18,5,445.62333333333333
58975404,other,19,5,40.65
58985250,garbage,14,6,214.7238888888889
58979196,other,23,6,16.866666666666667
58981499,other,13,6,0.4091666666666667
58977819,other,13,5,68.85
58981634,other,4,6,35.5
58980260,other,23,6,0.6436111111111111
58985253,garbage,13,6,45.85944444444444
58984057,other,13,6,1.1588888888888889
58978176,other,16,6,1914.5536111111112
58987533,other,14,6,0.058055555555555555
58988946,other,5,0,0.4622222222222222
58990963,other,22,0,1884.473888888889
58990604,other,16,0,1.7305555555555556
59002335,other,14,1,0.6566666666666666
59001398,other,9,1,1873.8602777777778
58995181,other,21,0,2378.8797222222224
59002412,garbage,9,1,28.144166666666667
58999867,other,13,1,1869.8116666666667
59001397,other,10,1,805.7891666666667
58997915,other,9,0,1.3138888888888889
59001385,other,13,1,1869.7416666666666
59002230,roads,15,1,25512.812777777777
58998288,other,22,0,73.54777777777778
59002657,water,3,1,31.4
59001386,other,9,1,62.611111111111114
59009522,roads,17,1,41.958888888888886
59004394,other,21,1,1861.1794444444445
59016296,roads,14,2,20.539722222222224
59018188,other,15,2,176.79638888888888
59020723,other,10,2,277.31361111111113
59013204,other,22,2,1837.0316666666668
59027487,other,14,3,129.91222222222223
59027071,garbage,11,3,171.3575
59026681,roads,21,3,12.865555555555556
59024461,other,11,2,165.35083333333333
59023104,other,6,3,0.8308333333333333
59046181,other,8,4,32067.9
59028306,other,20,3,15.35
59026975,other,22,3,8.033333333333333
59026184,other,16,3,1818.381388888889
59021654,other,14,2,143.57555555555555
59042423,other,7,4,1.771388888888889
59021789,other,11,2,170.99444444444444
59029348,roads,16,3,17.447777777777777
59028898,roads,15,2,21.84111111111111
59026934,roads,12,3,25467.6425
59028358,other,6,3,1.058888888888889
59029417,other,1,4,0.635
59023131,other,23,3,13.227222222222222
59022290,roads,15,2,17.850555555555555
59024044,roads,16,3,117.0363888888889
59023163,garbage,19,3,164.01833333333335
59024531,other,15,3,181.49388888888888
59026173,other,18,3,1816.6858333333332
59031000,other,11,3,25.110555555555557
59033896,other,13,4,1797.6522222222222
59031072,other,13,3,1.6558333333333333
59033879,other,23,4,1787.6272222222221
59036482,other,15,4,1795.6005555555555
59037689,other,7,4,232.14166666666668
59036468,other,12,4,227.86416666666668
59035737,roads,21,4,84.34583333333333
59037698,other,12,4,1798.8066666666666
59030656,other,22,2,193.78666666666666
59032638,other,14,4,1797.0547222222222
59031009,other,18,3,134.2475
59037295,other,22,4,0.0775
59038673,other,20,4,1.518888888888889
59040214,other,7,4,1803.4755555555555
59041424,other,7,4,1803.6069444444445
59051227,other,15,6,80.48
59052184,other,10,6,1752.5236111111112
59048310,other,12,5,1774.7625
59062273,other,12,0,59.46222222222222
59058939,other,14,0,33.49194444444444
59057958,other,5,0,1733.1452777777777
59060066,other,15,0,176.86305555555555
59068582,roads,6,3,42.59888888888889
59063540,other,20,0,1718.568888888889
59071393,other,22,1,1693.0683333333334
59063414,other,13,0,1725.8130555555556
59074350,other,15,1,1699.1819444444445
59078864,other,8,2,327.59055555555557
59073868,other,23,1,0.4175
59079994,other,9,2,1681.223611111111
59455840,other,20,1,123.52055555555556
59077391,other,15,1,1496.1391666666666
59080159,other,11,2,36.66277777777778
59075712,other,15,1,32.50111111111111
59078700,other,15,2,1675.4288888888889
59079853,other,15,2,42.33
59075760,other,9,1,1.3866666666666667
59079765,other,12,2,0.30666666666666664
59079442,roads,16,2,17.443055555555556
59079750,other,3,2,0.5944444444444444
59075074,other,9,1,0.7738888888888888
59083726,other,16,2,187.25555555555556
59082738,roads,8,2,25328.133611111112
59090337,other,11,3,1.831388888888889
59085119,other,12,2,1.4969444444444444
59081146,other,8,2,1.2702777777777778
59083444,other,15,2,3647.5919444444444
59100815,other,7,4,1.4055555555555554
59087733,other,7,2,1.7827777777777778
59088060,other,15,2,608.2038888888889
59088071,infrastructure,9,2,0.0
59088064,other,9,2,278.8880555555556
59083674,other,22,2,0.3861111111111111
59084178,roads,15,1,24.370833333333334
59085544,roads,15,1,22.01222222222222
59081456,other,11,2,132.68472222222223
59082288,other,2,2,0.17277777777777778
59087735,other,11,2,1.1275
59082769,other,15,2,1675.3816666666667
59081139,other,14,2,1.1402777777777777
59087732,other,21,2,1.9441666666666666
59081095,other,13,2,73.20027777777777
59091948,other,12,3,323.94972222222225
59094175,other,12,3,25.9025
59094658,roads,7,2,29.75
59090317,garbage,8,3,127.79555555555555
59095437,other,6,3,0.2922222222222222
59091549,garbage,19,3,90.805
59091522,other,14,3,47.41166666666667
59095497,garbage,9,3,100.66027777777778
59095435,other,22,3,0.8863888888888889
59092559,other,19,2,1684.2172222222223
59097064,other,9,3,0.034444444444444444
59099823,roads,14,4,0.0
59099740,other,21,4,290.7702777777778
59102572,roads,7,3,30.5
59102077,other,6,4,0.3416666666666667
59100696,other,6,4,0.4052777777777778
59099749,other,11,4,252.79666666666665
59103827,other,5,4,1637.7386111111111
59106519,other,15,4,1627.3419444444444
59106208,other,9,4,2.673611111111111
59105149,other,18,4,773.0819444444444
59110337,other,19,5,52.282222222222224
59114928,other,14,5,0.5355555555555556
59107875,other,15,4,1627.966111111111
59109096,other,15,4,1627.5733333333333
59110125,other,15,4,0.44333333333333336
59115062,other,15,5,1603.8133333333333
59109097,other,15,4,80.51944444444445
59107872,other,5,4,1637.861111111111
59107694,other,15,4,80.88944444444445
59108887,garbage,8,4,28.246388888888887
59114010,other,19,5,0.5047222222222222
59114929,other,16,5,0.4558333333333333
59115684,roads,0,6,32.12611111111111
59121035,other,19,6,1396.5177777777778
59120845,other,22,6,0.20472222222222222
59121987,other,11,6,1.4969444444444444
59115980,other,12,5,1606.6833333333334
59118019,other,22,6,241.46305555555554
59126480,other,17,0,1553.1486111111112
59124054,other,3,6,0.2886111111111111
59124161,other,13,6,1.3591666666666666
59129252,other,8,0,183.83194444444445
59130863,other,11,0,1559.476111111111
59132156,other,10,0,1560.5552777777777
59139122,garbage,9,1,29.245277777777776
59131930,garbage,12,0,51.1125
59135222,other,11,0,324.59166666666664
59147111,roads,7,1,28.16861111111111
59131985,other,14,0,1.4983333333333333
59136308,other,12,0,624.0127777777777
59139165,other,15,1,1.0305555555555554
59165981,other,15,3,1483.2830555555556
59133417,other,10,0,1.6477777777777778
59138140,other,15,1,560.6525
59132333,other,11,0,1559.6327777777778
59144604,other,7,1,0.6088888888888889
59146051,other,17,1,139.90777777777777
59142238,other,13,1,58.81138888888889
59140398,other,3,1,0.1375
59143639,other,8,1,495.92055555555555
59141463,roads,17,0,44.86944444444445
59140443,other,13,1,25.153055555555557
59143640,other,14,1,1532.8002777777779
59140927,roads,0,0,44.91583333333333
59146561,roads,17,0,17.549722222222222
59146490,other,23,1,0.5219444444444444
59146335,other,13,1,1533.8758333333333
59147453,other,10,1,5690.016666666666
59147739,other,13,1,1533.7222222222222
59146014,other,15,1,3.379722222222222
59147428,other,3,1,0.22194444444444444
59144732,other,15,1,1.735
59147743,other,4,1,1542.1783333333333
59147509,garbage,8,1,101.31611111111111
59150762,other,5,2,42.01583333333333
59152154,other,12,2,35.27777777777778
59150817,other,8,2,1.3019444444444443
59155017,other,13,2,658.5747222222222
59149107,other,9,2,38.10666666666667
59152935,other,1,3,2.4330555555555557
59153391,other,11,2,36.36666666666667
59161669,other,13,3,1.73
59157856,other,9,2,470.0388888888889
59164167,other,11,3,0.7355555555555555
59163141,other,11,3,108.82638888888889
59162880,other,16,3,0.4936111111111111
59159295,other,7,2,952.0911111111111
59165638,other,10,3,1.3097222222222222
59170757,other,4,3,0.5377777777777778
59168286,other,13,3,1.5658333333333334
59172941,other,14,4,66.93527777777778
59174237,other,9,4,0.09472222222222222
59174668,roads,13,3,24.564444444444444
59167307,other,20,3,99.64416666666666
59169553,other,13,3,1.6619444444444444
59169129,roads,18,3,86.91194444444444
59183080,other,0,6,0.8902777777777777
59176906,other,13,4,1461.35
59178054,other,14,4,1461.1022222222223
59183096,other,7,5,1.3016666666666667
59176745,other,10,4,157.43277777777777
59176536,other,12,4,0.7633333333333333
59178038,other,13,4,466.13055555555553
59190416,other,12,6,1.9830555555555556
59190298,roads,23,6,25049.100833333334
59191728,roads,22,5,228.03583333333333
59187523,other,14,5,225.2275
59187518,other,19,5,364.60777777777776
59187220,other,7,5,1.3416666666666666
59185142,other,22,5,1.9819444444444445
59190172,roads,21,6,380.2636111111111
59185160,other,12,5,0.3452777777777778
59193496,other,11,6,1.811388888888889
59193410,other,3,6,1.5430555555555556
59199451,other,17,0,1.03
59199450,other,12,0,1.5788888888888888
59198079,other,21,0,1706.2025
59192222,other,8,6,2.0947222222222224
59207032,other,11,0,1391.6861111111111
59200883,other,9,0,29.53638888888889
59204104,other,11,0,1391.7783333333334
59203922,other,16,0,1386.2780555555555
59208360,other,12,1,1366.6872222222223
59206357,other,10,0,22.37
59208124,other,14,0,21.669166666666666
59205047,other,19,0,41.18333333333333
59203669,other,15,0,2.5413888888888887
59200491,roads,14,0,70.50444444444445
59207031,other,18,0,1384.858888888889
59201297,infrastructure,21,6,698.8636111111111
59208362,other,10,1,1368.8408333333334
59203967,other,8,0,0.8202777777777778
59207109,roads,14,6,18.351666666666667
59204173,other,7,0,2.591388888888889
59216507,other,14,1,1364.1538888888888
59216718,other,12,1,1366.9163888888888
59216509,other,13,1,34.17055555555555
59211069,other,12,1,59.54333333333334
59223375,other,13,2,1018.9138888888889
59225457,roads,7,2,24992.485555555555
59219309,other,10,2,133.9777777777778
59225217,roads,8,2,376.13
59221627,other,9,2,28.441666666666666
59219495,other,10,2,949.4480555555556
59227326,other,19,2,268.59722222222223
59230703,other,4,3,0.4008333333333333
59227327,other,10,2,1344.4808333333333
59228304,other,10,2,1.4405555555555556
59228200,other,8,2,0.6483333333333333
59232962,roads,21,3,156.76888888888888
59229807,other,16,3,1314.8580555555557
59226001,other,8,2,1347.0947222222221
59226985,other,15,2,1.1952777777777779
59239568,roads,8,3,27.553055555555556
59241680,other,11,4,7356.383611111111
59243136,other,7,4,1480.4955555555555
59242650,other,8,4,0.5075
59237285,other,16,3,0.8783333333333333
59239037,other,12,3,155.28805555555556
59239052,other,15,3,104.58944444444444
59239839,other,5,3,0.49027777777777776
59246574,roads,6,4,74.48222222222222
59248615,other,9,4,134.2
59245541,other,1,5,11.411111111111111
59249769,other,9,4,28.948888888888888
59244339,drainage,17,4,93.16666666666667
59245557,other,15,4,141.82833333333335
59251085,other,12,4,237.23333333333332
59244215,other,14,4,1.6997222222222221
59244112,other,8,4,0.555
59281729,other,7,1,1203.526388888889
59255201,other,19,5,1.043611111111111
59259970,other,4,5,0.29055555555555557
59252463,garbage,17,5,117.69472222222223
59256158,garbage,8,5,76.9661111111111
59255193,other,8,5,1274.2577777777778
59252420,other,1,6,0.30194444444444446
59259666,roads,8,5,24919.653611111113
59257359,other,15,5,1.2105555555555556
59256175,other,14,5,1.6769444444444443
59254923,other,14,5,1.2513888888888889
59256178,other,11,5,1.3266666666666667
59252430,other,19,5,39.14222222222222
59258595,other,10,5,1.8869444444444445
59258524,other,0,6,0.36833333333333335
59257465,other,9,5,974.2280555555556
59254724,other,0,6,17.405
59253642,other,13,5,12.341388888888888
59265280,other,15,6,114.88027777777778
59264401,other,23,6,0.9119444444444444
59263701,other,23,6,0.023333333333333334
59265472,other,15,6,3.788611111111111
59266003,roads,17,6,41.44361111111111
59262614,other,22,6,0.6111111111111112
59270864,other,15,0,1220.0975
59272210,other,15,0,1219.8602777777778
59274013,roads,16,0,87.63027777777778
59276152,other,11,0,12.4025
59274305,other,7,0,0.1288888888888889
59270423,other,3,0,0.4363888888888889
59274591,other,18,0,53.7025
59274758,other,15,0,536.4555555555555
59274590,other,18,0,53.69583333333333
59273456,other,15,0,1219.8869444444445
59270688,other,14,0,57.74194444444444
59278646,other,13,1,1197.9505555555556
59278406,other,7,0,0.6505555555555556
59289268,other,21,1,1.2833333333333334
59281551,other,15,1,1.8552777777777778
59278899,roads,15,0,22.489166666666666
59278644,other,13,1,1197.8022222222223
59281885,other,10,1,1200.54
59284946,other,10,1,1200.575
59277500,other,14,0,57.653055555555554
59279864,other,4,1,0.35777777777777775
59281894,other,19,1,1191.836388888889
59278829,other,16,1,1194.9197222222222
59280140,other,13,1,34.67916666666667
59289349,other,13,1,1197.9125
59289518,other,7,1,1203.6108333333334
59453087,water,9,4,182.4188888888889
59286429,other,15,1,1196.0619444444444
59287969,other,13,1,1197.725
59289168,other,9,1,1.323888888888889
59293602,other,10,2,4366.266666666666
59286276,other,10,1,373.5494444444444
59299556,other,19,2,0.7969444444444445
59299662,other,13,2,1.7986111111111112
59296594,other,9,2,0.6252777777777778
59302494,other,23,2,0.8563888888888889
59295466,other,12,2,2963.653888888889
59301062,other,4,2,0.5986111111111111
59299580,other,0,3,0.495
59299834,other,17,2,1169.528611111111
59310670,other,11,3,1164.7877777777778
59307544,other,15,3,80.08583333333333
59307385,other,11,3,444.8772222222222
59305658,other,9,3,1.5377777777777777
59311819,garbage,8,3,52.719166666666666
59303989,other,10,3,0.8458333333333333
59302957,other,11,3,444.77444444444444
59304120,other,12,3,1.1105555555555555
59309208,roads,0,2,45.60166666666667
59307632,roads,14,3,0.0
59304273,other,12,3,275.9791666666667
59305527,other,7,3,0.145
59305657,other,9,3,1.9011111111111112
59304119,other,7,3,1.593611111111111
59310547,other,15,3,656.5588888888889
59308640,other,7,3,0.465
59318071,roads,16,3,19.317222222222224
59313314,other,13,3,146.00694444444446
59318994,other,5,4,0.7797222222222222
59314893,other,9,3,1.93
59311779,other,1,4,0.615
59311759,other,7,3,0.6636111111111112
59313380,other,8,3,1.9013888888888888
59313662,other,11,3,468.825
59318995,other,9,4,0.5961111111111111
59322254,roads,14,3,23.374166666666667
59256436,other,16,5,1.3225
59327478,other,4,5,1110.5208333333333
59320806,other,17,4,1121.8280555555555
59320649,other,9,4,3446.1255555555554
59335942,other,4,6,0.36944444444444446
59329739,other,13,5,58.575833333333335
59335949,other,2,0,0.4
59330871,other,13,5,274.81138888888887
59333958,other,9,5,1.2222222222222223
59334211,other,11,5,396.65555555555557
59335082,other,11,5,1.875
59335041,garbage,8,5,54.75416666666667
59343070,roads,6,6,20.246388888888887
59336917,other,0,0,0.9869444444444444
59341615,other,1,0,0.8238888888888889
59342972,other,11,0,1055.5419444444444
59340755,other,12,6,1.4897222222222222
59452595,drainage,14,4,89.59416666666667
59351300,other,18,0,1049.088888888889
59369179,roads,6,5,101.08222222222223
59345275,other,16,0,0.6216666666666667
59352632,other,18,0,29.90138888888889
59346627,other,2,0,0.3013888888888889
59355236,other,11,1,1031.431111111111
59356404,other,14,1,1028.6369444444445
59359637,roads,15,1,24672.77888888889
59358720,other,5,1,1037.2325
59353624,other,8,0,52.73166666666667
59358719,other,6,1,1036.588611111111
59358524,garbage,10,1,75.9161111111111
59358155,roads,15,1,498.5627777777778
59360901,other,14,1,0.4102777777777778
59356414,other,6,1,1036.6447222222223
59396719,other,18,5,1.1775
59360820,other,9,1,149.3311111111111
59354935,other,16,1,45.69416666666667
59357477,other,12,1,131.01472222222222
59355235,other,7,1,1035.555
59354790,other,6,1,0.39694444444444443
59353906,other,13,1,0.09972222222222223
59361297,other,6,1,713.9458333333333
59353666,other,9,0,1.0197222222222222
59357611,other,20,0,147.90833333333333
59357636,other,15,1,32.33277777777778
59356142,other,7,1,101.33777777777777
59355738,roads,14,1,23.339444444444446
59360991,other,18,1,39.54972222222222
59360882,other,18,1,0.4072222222222222
59368460,roads,15,2,20.63222222222222
59367482,other,15,2,1.9197222222222223
59366220,other,22,1,625.285
59363555,other,11,2,1.1997222222222221
59364719,other,18,2,0.43583333333333335
59370301,other,14,2,1004.1233333333333
59363437,other,10,1,6265.660555555555
59369112,other,11,2,108.59833333333333
59367479,other,15,2,1.8541666666666667
59362488,other,19,1,0.5536111111111112
59363033,roads,8,1,26.385833333333334
59363718,other,15,2,1003.9583333333334
59363359,other,20,1,0.5641666666666667
59362352,other,13,1,1029.253611111111
59369102,other,14,2,1004.7730555555555
59370142,other,21,2,14.71861111111111
59372836,other,17,2,0.6580555555555555
59375285,other,15,3,2828.717777777778
59375579,other,10,3,28.03
59375779,other,17,3,977.7791666666667
59374450,other,17,3,78.39777777777778
59371797,other,13,2,34.36083333333333
59373937,roads,20,2,135.73416666666665
59379224,other,20,3,5.652777777777778
59373245,other,11,2,1164.8008333333332
59374451,other,17,3,126.49777777777778
59371495,other,12,2,1.8008333333333333
59378107,other,15,3,45.38805555555555
59372788,other,11,2,19.8
59257334,garbage,17,5,117.92472222222223
59392051,other,10,4,0.7047222222222222
59381058,other,14,3,980.9063888888888
59379726,other,11,3,983.2341666666666
59381937,other,0,4,1.2316666666666667
59384239,roads,11,3,454.5855555555556
59380898,other,1,4,969.3458333333333
59393270,other,0,5,0.5083333333333333
59390717,other,18,4,63.6
59388321,other,16,4,1.8505555555555555
59391127,other,14,4,153.7722222222222
59401834,other,4,5,0.45222222222222225
59397828,other,3,5,943.6502777777778
59398748,other,10,5,1.008888888888889
59397964,other,13,5,933.4105555555556
59398686,other,18,5,0.6261111111111111
59398970,other,11,5,935.39
59398707,other,14,5,162.0
59445773,drainage,11,4,23.471944444444443
59446541,other,19,6,76.41305555555556
59408238,other,18,6,126.92583333333333
59405001,other,12,6,1.7547222222222223
59409379,other,12,6,1.6208333333333333
59410382,other,5,6,9.247222222222222
59445771,drainage,16,1,10.084722222222222
59408217,other,22,6,0.15
59410444,other,22,6,1.0969444444444445
59405005,other,13,6,1.6172222222222221
59441966,drainage,9,4,2.8019444444444446
59410394,other,11,6,4101.583333333333
59420029,other,1,1,0.36444444444444446
59415950,other,13,0,885.3933333333333
59414363,other,12,0,1.4533333333333334
59412827,other,15,0,0.49472222222222223
59418609,other,8,0,1.9666666666666666
59456134,drainage,15,4,0.4633333333333333
59449139,drainage,11,4,0.2747222222222222
59420302,other,11,0,887.1594444444445
59412845,other,12,0,0.1897222222222222
59418986,other,16,0,7.173611111111111
59418690,other,8,0,1.1205555555555555
59455849,drainage,21,0,1.8688888888888888
59414268,other,23,0,0.8555555555555555
59428400,other,14,1,1.821388888888889
59426013,other,12,1,227.66694444444445
59425683,other,15,1,1.6411111111111112
59429335,roads,12,1,70.76805555555555
59426925,other,8,1,0.17166666666666666
59421746,other,16,0,31.144444444444446
59427371,other,23,1,867.1302777777778
59425687,other,12,1,1.6380555555555556
59426924,other,20,1,0.6858333333333333
59425586,other,3,1,0.5397222222222222
59424287,other,7,1,30.17
59421194,roads,20,0,12.437777777777777
59424266,other,7,1,0.27944444444444444
59435474,drainage,9,5,30.137777777777778
59435927,water,22,0,409.72805555555556
59436112,water,19,4,76.6325
59435678,other,17,1,30.176111111111112
59436573,other,15,2,368.7986111111111
59436089,water,10,1,61.525
59435048,other,10,6,253.4763888888889
59436478,other,10,2,709.1530555555555
59435728,other,15,3,152.3225
59431332,other,17,1,873.2986111111111
59446379,other,10,4,3.547222222222222
59444909,other,4,2,0.25916666666666666
59455872,drainage,21,5,0.5013888888888889
59449225,drainage,9,4,49.74388888888889
59453353,other,15,5,64.36861111111111
59456025,drainage,11,5,3.1483333333333334
59448425,other,5,2,0.47805555555555557
59459339,drainage,9,4,3.2830555555555554
59458821,other,5,2,0.6675
59457921,other,9,2,841.7691666666667
59469866,other,9,3,1.988611111111111
59466432,other,13,3,924.9822222222223
59474612,other,7,4,169.78333333333333
59468929,other,12,3,814.3508333333333
59467282,other,14,3,0.3397222222222222
59472611,other,12,4,901.6305555555556
59472458,other,6,4,908.1591666666667
59472605,other,10,4,904.3363888888889
59482016,other,6,5,0.6047222222222223
59476033,other,10,4,1.3866666666666667
59477581,other,17,4,896.6863888888889
59475137,roads,1,3,42.36638888888889
59481055,other,10,4,1.021111111111111
59476345,other,11,4,444.9191666666667
59482979,roads,17,5,24333.678888888888
59475923,other,13,4,0.7511111111111111
59480623,roads,20,4,84.76277777777777
59482095,other,7,5,1.8277777777777777
59480096,other,11,4,903.1730555555556
59479800,other,6,4,1.2219444444444445
59476161,other,6,4,907.8633333333333
59485228,other,8,5,1.2527777777777778
59484287,other,14,5,369.9763888888889
59483119,other,21,5,1.8219444444444444
59485231,other,14,5,1.708611111111111
59484169,garbage,12,5,50.42583333333334
59485152,other,11,5,0.8391666666666666
59486141,other,6,5,0.4886111111111111
59485425,other,13,5,202.91694444444445
59488440,other,7,5,882.8113888888889
59484184,other,13,5,1.0947222222222222
59491084,other,9,6,1.2375
59495136,other,20,6,4.269166666666667
59494007,garbage,17,6,21.31277777777778
59499561,other,9,0,0.7063888888888888
59496097,other,16,6,55.91555555555556
59491984,other,18,6,0.5566666666666666
59502683,other,13,0,718.0975
59504039,other,13,0,924.9347222222223
59508098,other,16,1,151.67527777777778
59507747,other,11,0,0.4525
59501037,other,8,0,1.9580555555555557
59507746,other,18,0,0.2872222222222222
59505398,other,8,0,255.95888888888888
59515616,other,15,1,898.4336111111111
59515252,other,22,1,0.48694444444444446
59514370,other,5,1,234.5938888888889
59509375,other,8,1,135.96583333333334
59515485,other,9,1,904.8763888888889
59511502,other,1,1,0.43555555555555553
59520783,roads,23,1,21.75722222222222
59522964,other,23,2,1.0080555555555555
59519486,roads,6,0,40.419444444444444
59519158,other,14,2,1.1922222222222223
59518085,other,9,2,674.0044444444444
59522966,other,8,2,1.1483333333333334
59528184,roads,12,3,93.75027777777778
59531940,other,14,3,852.3533333333334
59528672,other,11,3,1.521111111111111
59531102,other,5,3,0.47055555555555556
59525529,other,8,2,39.81666666666667
59528659,garbage,9,3,100.73722222222223
59531749,other,23,3,23778.01861111111
59530259,other,7,3,0.18166666666666667
59526934,other,11,2,444.4211111111111
59525819,roads,6,0,39.96361111111111
59525432,garbage,8,2,364.8938888888889
59540993,other,10,4,107.23722222222223
59535386,other,18,4,616.155
59540909,other,0,5,11.3
59539937,other,9,4,95.86666666666666
59539114,other,9,4,230.86055555555555
59538046,other,22,4,0.9091666666666667
59536420,roads,11,3,23.907222222222224
59548275,other,9,5,50.778888888888886
59542978,other,22,5,1.2747222222222223
59549331,other,0,6,0.0625
59548394,other,10,5,949.8411111111111
59549381,other,9,5,1.5977777777777777
59542954,other,13,5,93.12416666666667
59542976,other,14,5,1.43
59547370,other,19,5,1.7877777777777777
59037632,other,7,4,2.6727777777777777
59560248,other,12,0,998.1286111111111
59566125,other,1,0,0.27305555555555555
59587946,other,9,2,952.9627777777778
59588092,other,7,2,954.7027777777778
59606773,other,14,4,899.6875
59571131,other,23,6,0.3163888888888889
59569418,other,11,1,975.3025
59581344,other,3,1,0.4686111111111111
59583105,other,15,2,1.4419444444444445
59583111,other,7,2,1.745
59581359,other,0,2,0.8705555555555555
59576212,other,22,6,0.35
59581931,roads,6,0,54.29555555555555
59579535,other,10,1,528.1894444444445
59576434,other,17,0,43.13638888888889
59583012,other,22,2,0.49027777777777776
59576443,other,13,1,139.45111111111112
59591237,other,15,2,947.225
59586624,roads,7,6,29.947777777777777
59588098,other,21,2,494.1177777777778
59595811,roads,15,2,22.386111111111113
59595517,other,14,3,105.71694444444445
59596825,other,14,3,1.7280555555555555
59597226,roads,12,2,23.63277777777778
59597222,roads,12,2,22.86277777777778
59596371,roads,9,3,12.965555555555556
59595800,roads,13,2,21.148888888888887
59595361,other,8,3,20.715555555555557
59594381,roads,13,2,18.694444444444443
59598496,other,9,3,1766.3963888888889
59598191,other,14,3,47.95111111111111
59594286,other,14,3,1257.6025
59597765,roads,22,3,9.851111111111111
59598333,other,9,3,134.23555555555555
59592356,other,10,2,3.2344444444444442
59593565,roads,15,2,18.934166666666666
59593893,other,22,2,1.4313888888888888
59607740,garbage,13,4,69.25194444444445
59608743,roads,22,4,82.79083333333334
59608197,roads,14,3,22.089444444444446
59602714,other,12,3,478.8958333333333
59601402,roads,14,2,21.02777777777778
59607822,other,14,4,1.09
59604731,roads,23,3,12.065277777777778
59603696,other,8,3,0.6622222222222223
59605061,other,5,3,0.44083333333333335
59602315,other,15,3,90.78472222222223
59605060,other,7,3,0.3236111111111111
59605470,other,17,4,896.9477777777778
59604094,other,13,3,924.7113888888889
59616397,roads,21,5,39.719722222222224
59617723,other,12,5,0.5483333333333333
59610733,other,12,4,902.2819444444444
59612069,other,12,4,902.3438888888888
59623114,other,14,5,1.545
59632410,roads,12,0,24.39138888888889
59632411,roads,8,0,27.253055555555555
59642533,other,14,1,1209.8566666666666
59640577,roads,10,0,20.031944444444445
59635753,other,13,0,154.22166666666666
59637891,roads,9,0,26.606666666666666
59635588,other,15,0,1.2880555555555555
59636969,other,7,0,1.6219444444444444
59650642,other,15,1,335.5108333333333
59646940,roads,14,0,18.395555555555557
59645606,infrastructure,17,1,6.645555555555555
59643808,other,8,1,1.8533333333333333
59643687,other,8,1,1.1194444444444445
59646850,other,12,1,359.04027777777776
59646846,other,16,1,873.4958333333333
59650626,other,14,1,1.9258333333333333
59646869,other,20,1,0.9852777777777778
59646546,other,15,1,1.1744444444444444
59652031,other,15,1,1.4769444444444444
59659023,other,9,2,1.2661111111111112
59660518,other,10,2,877.975
59653301,other,6,1,16.5
59652355,other,9,1,1070.503888888889
59656308,other,10,2,855.5113888888889
59657500,garbage,9,2,27.259722222222223
59653738,other,12,2,853.4097222222222
59659278,other,17,2,848.6230555555555
59655148,roads,14,1,19.65361111111111
59652368,other,15,1,875.3672222222223
59659277,other,18,2,848.2275
59657528,other,14,2,1.6733333333333333
59656309,other,8,2,543.4383333333334
59655166,infrastructure,7,2,0.0
59657455,other,9,2,30.60361111111111
59659352,roads,14,2,0.0
59657681,other,16,2,849.8838888888889
59655152,roads,14,1,18.136388888888888
59254090,other,23,5,0.7297222222222223
59667734,other,10,3,831.6741666666667
59661851,other,11,2,854.5161111111111
59661980,other,13,2,709.1475
59661990,other,18,2,848.2102777777778
59666243,other,17,3,305.1738888888889
59660657,other,11,2,854.5211111111112
59670791,roads,7,1,29.490555555555556
59673471,other,10,3,301.0858333333333
59681801,other,9,4,1072.891111111111
59678757,other,17,4,0.2713888888888889
47673060,other,17,3,54.85
47665137,other,23,2,72.76666666666667
47666218,other,10,2,181.65
47673004,other,9,3,62.1
47669393,other,21,2,74.4
47668168,other,8,2,63.71666666666667
47665134,other,0,3,143.88333333333333
45313700,other,10,6,62.0
47669880,other,12,2,35.25
59687799,other,14,5,0.14583333333333334
47669124,other,17,2,174.68333333333334
47671558,other,11,2,36.2
59688136,other,9,5,782.5688888888889
59687032,other,20,5,941.7497222222222
59697681,other,12,6,0.7752777777777777
59702443,other,16,0,897.8144444444445
59698624,other,9,6,1.9430555555555555
59700458,other,13,6,924.8241666666667
47673058,other,17,3,30.783333333333335
47671884,other,20,2,27.433333333333334
47673057,other,17,3,30.5
47667189,other,11,2,84.28333333333333
47669090,garbage,11,2,48.1
59709297,other,13,0,82.02194444444444
47668142,other,14,2,81.4
47668318,other,8,2,87.2
47671217,other,9,2,62.1
47667147,other,8,2,135.26666666666668
47666251,other,13,2,34.55
59710709,roads,7,3,25.273055555555555
47669376,other,9,2,62.18333333333333
47671216,other,18,2,77.55
47670866,other,13,2,178.15
47666273,other,16,2,79.71666666666667
47665627,other,19,2,0.11055555555555556
59706231,other,9,0,0.6772222222222222
59703546,other,11,0,1.6544444444444444
59703843,other,14,0,899.4036111111111
47665947,garbage,14,1,237.38333333333333
47666517,other,11,2,525.0197222222222
47671519,other,7,2,1.3991666666666667
47665792,other,8,2,39.93333333333333
47666752,water,9,2,0.16666666666666666
47673160,other,9,3,314.60277777777776
47665916,infrastructure,14,2,26.4125
47669525,other,8,2,13.645
47668565,other,12,2,0.0
47670969,water,5,2,5.233333333333333
47726918,other,11,1,0.3947222222222222
45313696,other,13,6,226.13333333333333
47666728,other,10,2,167.19944444444445
47665388,streetlights,11,2,0.0
47665082,other,22,2,0.5283333333333333
47666737,other,8,2,57.63361111111111
47668957,other,7,2,1801.3725
47669372,other,18,2,125.18333333333334
47668723,other,19,2,0.4613888888888889
47668791,other,13,2,39122.058333333334
47673280,roads,23,2,23.19972222222222
47672290,other,22,2,0.1238888888888889
47673296,other,1,3,85.27555555555556
47668364,roads,11,2,0.5505555555555556
47671455,other,5,2,1.5286111111111111
47670345,other,0,3,0.26166666666666666
47670035,other,15,2,0.5852777777777778
47665633,infrastructure,11,2,123.07583333333334
47668178,other,19,2,53.0
47667954,other,17,2,0.19055555555555556
47665236,other,14,2,129.01666666666668
47669990,other,10,2,199.27555555555554
47665372,other,19,2,0.4255555555555556
45313273,water,12,5,10.4
47673010,other,1,3,0.5858333333333333
47668579,other,18,2,1.7094444444444445
47673741,other,21,3,1.7291666666666667
47668562,garbage,20,1,63.916666666666664
47669702,roads,20,2,0.36583333333333334
47666067,other,21,2,0.4658333333333333
45302920,other,15,4,80.41666666666667
47670175,drainage,13,2,555.0219444444444
47673928,infrastructure,12,3,11.741111111111111
47670757,roads,12,2,551.1655555555556
47669189,other,13,2,0.25472222222222224
47670135,other,16,2,888.4488888888889
47669627,other,20,2,0.7569444444444444
47670330,other,21,2,0.2852777777777778
47666403,other,20,2,0.4022222222222222
47666562,other,12,2,0.5891666666666666
47670699,garbage,14,1,165.05
47665987,other,13,2,283.8383333333333
45301651,other,13,4,5.532222222222222
47670642,other,23,2,32367.898333333334
47670720,water,20,2,485.81
47668088,other,18,2,0.1075
47666989,other,23,2,0.3408333333333333
47672143,infrastructure,18,2,22.885
59449882,other,19,4,0.6102777777777778
47669379,other,19,2,148.71666666666667
47668548,other,22,2,1.2916666666666667
47667553,roads,20,2,17.735833333333332
47672113,infrastructure,17,2,1854.6630555555555
47672286,other,10,2,1509.2344444444445
47666419,other,11,2,0.30027777777777775
47667506,other,15,2,5.271944444444444
47670440,other,19,2,3791.639722222222
47670412,other,8,2,486.78472222222223
47673517,infrastructure,7,3,16.689722222222223
47669309,other,18,2,0.4913888888888889
47669713,other,20,2,5.283333333333333
47670114,other,10,2,1.7647222222222223
47669204,other,22,2,4.3277777777777775
47673603,other,9,3,26.95
47665769,other,23,2,1.7361111111111112
47667245,other,14,2,0.041666666666666664
47667835,other,17,2,0.8102777777777778
47665327,other,20,2,485.81
47673107,other,22,3,25.666666666666668
47667752,drainage,18,2,3.9
47667875,streetlights,7,2,1490.25
47665299,other,19,2,3.0425
47668460,roads,9,2,47.032222222222224
47670624,other,14,2,51.7525
47667920,other,22,2,1.7058333333333333
47673305,other,16,2,43.13333333333333
47671654,other,22,2,0.1461111111111111
47671286,other,6,2,0.30083333333333334
47670185,other,9,2,287.72527777777776
47670171,other,8,2,0.08833333333333333
47666899,garbage,8,2,3.8666666666666667
47665933,drainage,9,2,3.783333333333333
47672180,other,14,2,890.4644444444444
47672642,garbage,10,3,25.216666666666665
47673626,garbage,11,3,384.28333333333336
47668818,other,9,2,0.0
47664829,infrastructure,23,2,18.157222222222224
47668577,streetlights,9,2,0.0
47670541,other,13,2,82.08333333333333
47670407,other,14,2,890.9183333333333
47667805,infrastructure,22,2,19.361666666666668
47673494,other,7,3,1.5788888888888888
47667463,other,7,2,386.3
47669684,other,12,2,47.25
47667599,other,19,2,0.19333333333333333
47667511,other,17,2,2636.967222222222
47668533,other,12,2,118.15027777777777
47665784,other,11,2,1.263611111111111
47668746,drainage,9,2,2.6666666666666665
47665319,other,9,2,1.3688888888888888
47671693,other,15,2,1677.3302777777778
47671608,other,20,2,0.8230555555555555
47668034,roads,11,1,23.581666666666667
47669444,water,14,2,44.15
47666165,other,4,2,13.61
47673491,other,20,3,6.630277777777778
47668592,other,13,2,0.3913888888888889
47669883,other,23,2,48.3
47665257,other,22,2,49.75
47667709,garbage,9,2,26.95
47672334,other,23,2,0.3663888888888889
47670069,other,12,2,0.8025
47673424,other,9,3,2520.8302777777776
47665520,other,9,2,0.21666666666666667
47671583,other,7,2,152.76666666666668
47670956,roads,10,2,204.1938888888889
47667255,other,22,2,0.7369444444444444
47671254,water,10,2,0.0
47670449,other,17,2,2713.018611111111
47670328,other,21,2,3.0355555555555553
47667335,other,20,2,0.7183333333333334
47670972,other,21,2,0.11555555555555555
47673960,other,12,3,20.43888888888889
47670696,other,14,2,269.2291666666667
47664895,other,22,2,0.09194444444444444
47668591,other,14,2,1511.5244444444445
47670315,other,17,2,0.5013888888888889
47672373,water,17,2,64.815
47666485,water,5,2,6.766666666666667
47672945,other,14,3,115.87194444444444
47668403,water,14,2,7.833333333333333
47671671,other,7,2,0.29305555555555557
47666782,other,22,2,62.72472222222222
47669700,other,17,2,2.1547222222222224
47670130,infrastructure,11,2,5580.449444444444
47666030,other,23,2,91.25416666666666
47665010,other,8,2,383.8172222222222
45292150,other,16,3,151.41666666666666
47670790,garbage,13,2,22.733333333333334
47667854,other,8,2,0.0
47666771,other,12,2,166.665
47673578,other,13,3,2.3291666666666666
47673091,other,14,3,33.78333333333333
47669142,other,0,3,14.173055555555555
47668276,other,21,2,1.881388888888889
47667170,other,18,2,53.016666666666666
47666862,infrastructure,11,2,123.76444444444445
47665696,other,11,2,46.91222222222222
47670020,other,18,2,0.48333333333333334
47670674,drainage,11,2,2.933333333333333
47668672,other,7,2,0.43416666666666665
47673052,other,17,3,102.45
47668618,other,18,2,3.4477777777777776
47666707,other,12,2,523.4372222222222
47666217,other,18,2,77.6
47667411,other,8,2,7.145
47670288,other,7,2,2.082222222222222
47670776,garbage,9,2,50.61666666666667
47670154,other,16,2,1.1413888888888888
47666533,water,21,2,514.3622222222223
47670426,other,12,2,0.0
47664946,drainage,19,2,156.95
47668470,other,10,2,0.4888888888888889
47665881,infrastructure,13,2,1378.6030555555556
47671780,other,23,2,1.3447222222222222
47672547,other,14,3,4.716944444444445
47668363,other,20,2,3.332222222222222
47669593,other,21,2,15.215
47673445,other,18,3,0.8975
45290841,other,20,3,339.1
47670108,infrastructure,10,2,31.325555555555557
47667524,other,20,2,0.26555555555555554
47669560,garbage,13,2,478.48333333333335
47670518,other,21,2,0.10583333333333333
47669529,other,22,2,16.45
47665214,other,21,2,146.7
47673401,other,13,3,457.0566666666667
47668133,other,19,2,1151.4280555555556
47664780,other,18,2,120.35
47671235,other,9,2,0.4463888888888889
47672687,garbage,15,2,500.35
47666017,other,23,2,1.2808333333333333
47670119,other,11,2,0.3047222222222222
47666394,other,0,3,348.2288888888889
45300741,other,18,4,29.833333333333332
47672991,other,13,3,238.40527777777777
47665071,other,18,2,2.7591666666666668
47665163,other,14,2,309.8955555555556
47673812,other,10,3,2.314722222222222
47669218,other,20,2,32370.742777777778
47667137,streetlights,12,2,50.36666666666667
47671675,other,20,2,0.7069444444444445
47745525,other,7,3,3.19
47666226,infrastructure,12,2,851.5172222222222
47669896,other,18,2,470.26444444444445
47671751,other,23,2,0.5591666666666667
47667911,other,18,2,3.5147222222222223
47665509,other,11,2,47.96388888888889
47672331,other,21,2,0.3616666666666667
47673380,garbage,8,3,27.933333333333334
47670110,other,15,2,0.6933333333333334
47665381,water,6,2,5.916666666666667
47668846,other,15,2,4.602222222222222
47673461,other,14,3,0.1411111111111111
47670390,other,13,2,22.16638888888889
47671686,other,11,2,124.6075
47669628,other,21,2,1.7105555555555556
47667425,other,0,3,2.262777777777778
47670457,other,14,2,0.5616666666666666
47667659,other,12,2,380.0325
47667987,other,20,2,0.034166666666666665
45293662,other,9,3,5.3125
47673112,other,20,3,347.9675
47668190,other,19,2,0.0
47672490,other,8,3,1.298888888888889
47667348,other,7,2,381.3333333333333
47665069,other,22,2,2.43
47673939,other,13,3,168.5875
47670675,other,22,2,882.9022222222222
47670516,other,20,2,1.2833333333333334
47667641,other,17,2,1.1936111111111112
47665148,other,15,2,32.083333333333336
47668082,other,17,2,54.81666666666667
47670329,other,17,2,0.1675
47668537,other,9,2,0.7094444444444444
47669441,water,10,2,10.333333333333334
47666081,infrastructure,22,2,19.363888888888887
47669167,other,14,2,309.8958333333333
45303006,other,17,4,8.491666666666667
47669829,other,9,2,0.3877777777777778
47672239,other,11,2,119.41472222222222
47666577,other,13,2,145.99555555555557
47671174,other,12,2,0.8613888888888889
45304374,other,12,4,24611.266111111112
47673281,other,18,3,67.06944444444444
47665903,other,23,2,0.8972222222222223
47670865,other,13,2,202.78333333333333
47673322,other,3,3,83.05833333333334
47666663,other,22,2,0.4608333333333333
47673483,other,21,3,0.2961111111111111
47665609,other,22,2,1.6063888888888889
47667558,other,20,2,0.49416666666666664
47668713,other,21,2,0.31555555555555553
47671587,other,10,2,0.4847222222222222
47671313,other,21,2,1.7372222222222222
47672039,other,19,1,40.483333333333334
47672332,other,7,2,0.5058333333333334
47673959,other,14,3,212.15944444444443
47672123,other,10,2,0.38861111111111113
47667114,other,5,2,18.133333333333333
47671697,water,14,2,291.46666666666664
47671210,other,17,2,30.3
47672855,other,20,3,2.3894444444444445
47665227,other,14,2,81.61666666666666
47669144,other,12,2,0.0
47666770,other,8,2,1.7038888888888888
47672449,other,15,3,7.013333333333334
47665507,other,7,2,0.5277777777777778
47669106,other,9,2,337.62888888888887
47667896,other,23,2,91.13638888888889
47667889,other,17,2,7840.220833333334
47665743,other,21,2,13.35
47668069,other,9,2,287.72527777777776
47673916,other,20,3,0.8266666666666667
47667596,other,8,2,1.2919444444444443
47667459,garbage,9,2,26.75
47668939,other,19,2,0.3913888888888889
47669206,other,15,2,0.8291666666666667
47670461,drainage,9,2,1.85
47673523,other,7,3,0.9194444444444444
47673846,other,4,3,0.45361111111111113
47671942,other,8,2,9.663333333333334
47666505,other,5,2,0.125
47670262,garbage,8,2,27.183333333333334
47668702,other,22,2,0.20083333333333334
45300739,other,18,4,101.55
47669845,garbage,12,2,23.7
47672745,other,20,3,0.2875
47671590,other,22,2,0.05388888888888889
47672055,other,11,2,141.36027777777778
47667270,water,10,2,315.85027777777776
47666538,other,23,2,1.2219444444444445
47665230,other,14,2,129.18333333333334
47672397,water,11,2,169.3
47664864,other,7,2,897.7119444444445
47668608,other,6,2,898.2616666666667
47671978,other,10,2,0.5666666666666667
47669605,other,17,2,0.05305555555555556
47669244,other,0,3,3.033611111111111
47670380,other,17,2,1.2016666666666667
47670252,other,11,2,84.25
47672806,other,4,3,0.155
47670700,other,19,2,253.2188888888889
47672979,other,12,3,59.28333333333333
47670626,other,17,2,5.453611111111111
47672980,other,12,3,59.56666666666667
47670810,water,20,2,4.183333333333334
47667608,other,5,2,0.15916666666666668
47665624,other,22,2,0.5341666666666667
47672496,other,6,3,124.8386111111111
47670399,other,23,2,5.4225
47669029,other,8,2,0.6591666666666667
47667101,other,22,2,49.61666666666667
47672337,roads,12,2,2.8469444444444445
47666935,other,14,2,47.434444444444445
47664934,other,12,2,165.64944444444444
47666085,other,17,2,37667.04861111111
47666803,water,8,2,0.0
47671992,other,12,2,5.833333333333333
47671626,garbage,14,1,45.333333333333336
47670797,roads,12,2,21.156388888888888
47670574,other,21,2,26.566666666666666
47671295,other,12,2,0.0
47672552,other,11,3,2.24
47666678,infrastructure,12,2,635.9780555555556
47670727,other,15,2,889.5066666666667
47669840,other,15,2,5.940277777777778
47671947,other,13,2,2.7688888888888887
47673643,other,18,3,0.8688888888888889
47667611,other,7,3,0.0
47669380,other,10,2,61.4
47670488,other,23,2,0.34
50653919,other,23,6,1.7658333333333334
47669056,other,10,2,0.6394444444444445
47665458,other,12,2,0.61
47670807,other,8,2,168.79972222222221
47667149,other,9,2,38.86666666666667
47666203,garbage,5,2,6.533333333333333
47669088,garbage,11,2,24.766666666666666
47669051,other,9,2,0.14833333333333334
47667436,other,16,2,186.06194444444444
47666141,other,11,2,477.56666666666666
47671844,other,19,2,2.3697222222222223
47669632,other,19,2,0.125
47668092,other,18,2,197.88333333333333
47666690,infrastructure,11,2,12.54888888888889
47668674,streetlights,12,2,7756.283333333334
47673740,other,14,3,1.6530555555555555
47672715,infrastructure,15,3,2.153611111111111
47666099,other,15,2,0.21972222222222224
47670024,other,15,2,951.4666666666667
47672541,other,11,3,0.14833333333333334
47667907,infrastructure,12,2,170.67138888888888
47671457,other,12,2,4.491944444444444
47673883,other,11,3,0.6497222222222222
47672623,streetlights,10,3,0.0
47673344,other,0,4,0.4041666666666667
59452969,water,19,0,52.85388888888889
47671725,other,6,2,24.483333333333334
47669140,other,20,2,51.05
47667645,other,21,2,0.9147222222222222
47667874,water,14,2,2.8833333333333333
47668681,other,16,2,0.47194444444444444
47672000,other,22,2,2.6911111111111112
47666325,other,8,2,0.7311111111111112
47668107,other,20,2,27.533333333333335
47667212,garbage,20,1,15.4
47667798,infrastructure,10,2,181.51638888888888
47673566,other,7,3,3.685277777777778
47673366,infrastructure,12,3,939.985
47665190,other,18,2,53.38333333333333
47670079,other,14,2,309.99555555555554
47671957,garbage,10,2,1.2333333333333334
47664942,other,19,2,118.76611111111112
47672182,other,18,2,0.041666666666666664
47669509,other,21,2,0.3522222222222222
47666628,infrastructure,17,2,119.1025
47668096,other,9,2,158.36666666666667
47672734,other,7,3,11.128055555555555
47668734,other,17,2,138.45
47667739,other,15,2,322.9452777777778
47672932,other,9,3,0.15638888888888888
47669474,other,19,2,113.98777777777778
47672864,other,20,3,0.22
47666366,other,21,2,884.085
47666386,other,6,2,0.3477777777777778
47668769,other,20,2,0.20972222222222223
47668315,other,17,2,246.3
47666858,other,0,3,0.09555555555555556
47667495,other,22,2,0.4161111111111111
47666303,other,11,2,84.68333333333334
47665494,other,12,2,0.6475
47673245,other,21,3,0.19111111111111112
47666580,other,11,2,46.91277777777778
47672928,other,15,3,0.9066666666666666
47671202,other,14,2,225.35
47671629,other,7,2,0.14
47671914,other,20,2,1.1319444444444444
47671875,other,18,2,173.71666666666667
47666465,other,7,2,221.60416666666666
47673927,other,16,3,495.41083333333336
47673019,other,0,3,119.51388888888889
47667953,other,14,2,0.03944444444444444
47668294,other,0,3,0.9561111111111111
47669343,other,9,2,0.4713888888888889
47666790,other,23,2,0.7319444444444444
47672767,other,19,3,0.4125
47673967,other,14,3,212.15944444444443
47670949,streetlights,11,2,3.0833333333333335
47668290,other,13,2,82.71666666666667
47665641,other,13,2,0.5875
47664821,other,11,2,22.95722222222222
47666637,other,13,2,4919.373611111111
47673763,other,13,3,1.3744444444444444
47669662,other,15,2,1.2858333333333334
47666399,other,6,2,3.023888888888889
47666760,other,13,2,21.916666666666668
47670414,other,11,2,46.782222222222224
47667848,other,22,2,466.2733333333333
47671173,other,20,2,0.3211111111111111
47669153,other,16,2,31.083333333333332
47670437,other,15,1,44.55
47666787,other,13,2,0.34805555555555556
47665262,other,0,3,0.2225
47673887,streetlights,8,3,0.0
47673086,other,12,3,173.59527777777777
47668744,other,22,2,0.03916666666666667
47672325,other,23,2,2.7172222222222224
47668152,other,15,2,32.8
47665441,other,14,2,146.69055555555556
47672338,other,0,3,0.7711111111111111
47668598,other,18,2,0.4525
47668907,other,22,2,1.7597222222222222
47664731,other,23,2,0.30694444444444446
47666940,other,22,2,0.32972222222222225
47669074,other,22,2,193.1
47670891,other,10,2,37.53333333333333
47666638,other,0,3,0.45305555555555554
47670581,other,22,2,49.95
47670750,other,16,2,3352.6180555555557
47664820,other,5,2,0.12444444444444444
47668013,other,12,2,0.0
47665862,other,20,2,0.1622222222222222
47671315,other,7,2,0.3030555555555556
47665089,other,17,2,0.7511111111111111
47672510,other,6,3,0.7908333333333334
47666766,other,18,2,1.6675
47673257,other,21,3,0.08083333333333333
47673544,other,14,3,3.4183333333333334
47670002,other,7,2,1.0719444444444444
47667359,other,22,2,0.3416666666666667
47673554,other,17,3,0.7127777777777777
47672125,other,12,2,0.22972222222222222
47669078,other,13,2,35.0
47666026,other,8,2,0.6097222222222223
47665340,other,19,2,3.453333333333333
47672045,garbage,12,2,23.833333333333332
47672788,streetlights,10,3,0.0
47667021,other,17,2,518.6247222222222
47672142,other,6,2,0.12777777777777777
47669704,water,10,2,5.866666666666666
47671506,other,9,2,0.8077777777777778
47669296,other,7,2,0.6255555555555555
47673368,garbage,12,3,23.9
47665843,other,8,2,1.1902777777777778
47665410,other,22,2,0.45416666666666666
47665438,infrastructure,11,2,3012.340833333333
47671434,garbage,11,2,504.01666666666665
47669496,other,15,2,0.36027777777777775
47672090,other,18,2,1.761388888888889
45292162,other,11,3,132.4
47665109,other,22,2,0.48194444444444445
47668822,other,11,2,166.53083333333333
47667391,other,12,2,1.9241666666666666
47671234,other,18,2,3.7308333333333334
47668768,other,22,2,6.527777777777778
47670166,roads,14,2,41.91638888888889
47666454,other,8,2,75.2
47670751,other,16,2,280.05055555555555
47667435,other,12,2,124.91388888888889
47667950,other,20,2,0.6408333333333334
47667993,other,7,2,9.490277777777777
47667354,other,12,2,71.11666666666666
47669055,other,20,2,0.24388888888888888
47670640,other,13,2,0.845
47670395,other,22,2,0.8283333333333334
47671755,streetlights,20,2,18.2
47673588,other,16,3,864.7344444444444
47671566,other,15,4,0.0
47673635,other,22,3,1.3736111111111111
47665761,other,15,2,1040.8069444444445
45302922,other,12,4,35.63333333333333
47670566,other,19,2,28.633333333333333
45329935,other,14,1,33.833333333333336
47668567,other,23,2,0.17
47670034,water,21,2,7.316666666666666
47672795,other,4,3,8.423333333333334
47666543,other,13,2,0.5941666666666666
47667215,garbage,11,2,24.616666666666667
47667457,garbage,8,2,27.683333333333334
47667396,infrastructure,16,2,480.74694444444447
47666230,other,6,2,0.7102777777777778
47668836,garbage,12,2,71.48333333333333
47668312,other,12,2,0.32611111111111113
47666119,other,0,3,0.035555555555555556
47665228,other,14,2,57.53333333333333
47665406,other,20,2,2.5630555555555556
47673742,other,19,3,0.08805555555555555
47664810,water,8,2,9.5
47672439,other,23,3,0.24472222222222223
47667917,roads,11,2,0.1475
47666401,other,13,2,0.4463888888888889
47668095,other,18,2,77.21666666666667
47670276,roads,9,2,389.3588888888889
47670059,other,9,3,3725.1919444444443
47664802,other,13,2,1.8977777777777778
47671645,other,10,2,219.1925
47670508,other,12,2,24.354444444444443
47664729,other,10,2,103.96
47672810,other,1,3,4.6755555555555555
47673316,other,23,3,2.2022222222222223
47666810,infrastructure,18,2,22.918333333333333
47671291,other,15,2,282.0163888888889
47673244,other,17,3,137.54055555555556
47673785,other,9,3,128.05
47665182,other,11,2,132.1
47666800,other,15,2,1.9516666666666667
47669362,other,16,2,7.739166666666667
47664922,other,0,3,86.9425
47672833,other,20,3,0.32166666666666666
47664830,other,20,2,0.6397222222222222
47668243,other,19,2,0.3252777777777778
47671601,other,9,2,0.3458333333333333
45304373,other,8,4,101.53333333333333
47666333,other,22,2,0.0811111111111111
47673410,other,13,3,0.6555555555555556
47668307,other,16,2,79.9
47672553,other,9,3,6.726111111111111
47667340,other,20,2,0.0525
47667029,garbage,14,1,21.133333333333333
47671205,other,15,2,56.333333333333336
47671284,other,10,2,0.06944444444444445
47669923,other,19,2,148.33333333333334
47672822,other,21,3,0.6180555555555556
47673485,infrastructure,10,3,2821.423888888889
47667705,other,8,2,33.10527777777778
47672236,other,21,2,122.63333333333334
47667146,other,8,2,39.7
47666885,garbage,17,1,42.88333333333333
47667471,other,22,2,0.016944444444444446
47672872,other,0,4,0.6477777777777778
47673548,other,7,3,3.5155555555555558
47666646,other,22,2,3.2127777777777777
47666864,drainage,14,2,2.2
47666569,water,21,2,467.5469444444444
47671364,garbage,19,1,40.6
45302538,other,17,4,4.674444444444444
47672680,other,22,3,0.02
47670809,other,15,2,472.6480555555556
47670372,other,15,2,1.2325
47673903,streetlights,9,3,985.1833333333333
47666797,other,10,2,325.2552777777778
47669222,other,21,2,0.32861111111111113
47672720,other,20,3,0.5180555555555556
47670530,other,12,2,59.45
47669655,other,23,2,0.2761111111111111
47664909,other,10,2,789.5186111111111
47668302,other,14,2,153.36666666666667
47671525,other,12,2,155.61666666666667
47672684,other,0,4,0.21444444444444444
47666037,other,7,2,1012.0530555555556
47672670,other,22,3,0.6708333333333333
47671391,other,21,2,0.0002777777777777778
47666350,other,21,2,3.4966666666666666
47665639,other,8,2,1.8755555555555556
47671615,other,0,3,1.6416666666666666
47670009,water,11,2,241.2
47668076,other,13,2,3.995277777777778
47665119,other,11,1,0.0
47665713,other,17,2,4245.398611111111
47669656,other,0,3,1.0525
47673784,other,18,3,0.2225
47669419,other,0,3,0.4494444444444444
47667400,other,19,2,2.5330555555555554
47669174,garbage,8,2,27.733333333333334
47671961,other,15,2,114.11944444444444
47672342,infrastructure,8,2,1503.161388888889
47667415,other,11,2,0.08138888888888889
47673589,other,23,3,858.1641666666667
47667412,other,12,2,23.333333333333332
47667217,other,23,2,0.5241666666666667
47666912,other,12,2,0.0
47669293,other,21,2,5.145277777777777
47665615,other,22,2,0.2569444444444444
47665650,other,17,2,0.9822222222222222
47670259,other,0,3,0.28305555555555556
47671735,other,23,2,0.01138888888888889
47671248,other,11,2,37673.23472222222
47665277,other,9,2,0.7886111111111112
47667728,other,14,2,1.9666666666666666
47672433,other,17,3,0.475
47667580,other,22,2,513.4544444444444
47669573,other,17,2,289.8858333333333
47671373,other,22,2,0.14222222222222222
47667564,other,19,2,111.18777777777778
47665400,other,20,2,0.9397222222222222
47670531,other,12,2,59.31666666666667
47670282,other,9,2,0.7458333333333333
47672518,other,8,3,0.9902777777777778
47664732,other,11,2,382.19416666666666
47670081,other,23,2,0.6005555555555555
47673499,other,20,3,0.6861111111111111
45302914,other,18,4,77.01666666666667
47671935,other,5,2,0.3005555555555556
47671264,other,17,2,329.325
47673439,other,20,3,0.8052777777777778
47666985,other,5,2,17.983333333333334
47666933,infrastructure,18,2,22.940555555555555
47670962,other,19,2,0.35
47670343,other,23,2,2.3225
47672181,other,13,2,0.5052777777777778
47672584,other,17,3,764.4961111111111
47665676,other,12,1,0.0
47668745,water,9,2,0.03333333333333333
47671603,other,16,2,0.6433333333333333
47669246,other,20,2,0.8716666666666667
47667561,other,23,2,1.8194444444444444
47672565,other,10,3,0.060833333333333336
47671260,other,8,2,50.86638888888889
47666768,other,16,2,187.705
47668790,other,22,2,0.3375
47671436,garbage,12,2,47.95
47665550,other,11,2,0.4727777777777778
47664855,other,23,2,1.3508333333333333
47670617,other,14,2,192.5102777777778
47670982,other,10,2,143.56833333333333
47665133,other,12,2,59.6
47665698,infrastructure,15,2,176.1875
47665572,other,11,2,524.9072222222222
47664940,other,18,2,114.67166666666667
47671003,other,12,2,118.15
47672453,other,1,3,1.343888888888889
47673046,other,18,3,29.833333333333332
47669688,other,20,2,2.903888888888889
47668449,other,13,2,0.1322222222222222
47668287,other,8,2,2.1144444444444446
47664891,other,13,2,0.0
59456228,other,13,0,130.44083333333333
47671006,other,23,2,1.5330555555555556
47673869,other,17,3,0.6175
47666765,other,14,2,0.08833333333333333
47667727,water,13,2,0.0
47673036,other,19,3,172.96666666666667
47672918,garbage,14,2,21.783333333333335
47668904,other,23,2,93.0775
47669738,other,19,1,148.28416666666666
47672256,other,21,2,0.9472222222222222
47666029,infrastructure,18,2,22.930555555555557
47667549,other,16,2,49.84638888888889
47668795,other,9,2,3.2625
47669875,infrastructure,16,2,7.881666666666667
47670697,other,10,2,31.11611111111111
47668248,other,20,2,0.38027777777777777
47668461,other,21,2,0.0
47672078,other,6,2,137.52444444444444
47668787,other,18,2,3.0683333333333334
47665477,other,16,2,3.3963888888888887
47670704,other,0,3,0.8027777777777778
47669527,other,23,2,1.548888888888889
47669268,other,7,2,0.6080555555555556
47671897,other,21,2,0.3313888888888889
47667568,other,23,2,1.8388888888888888
47671989,other,21,2,1.0719444444444444
47671986,other,21,2,1.0191666666666668
47673923,other,20,3,0.22277777777777777
47671570,other,10,2,0.2633333333333333
47673286,other,1,3,2703.306111111111
47673648,other,18,3,11.633333333333333
47667534,other,18,2,351.26444444444445
47672635,other,12,3,24.0
47671058,infrastructure,18,2,23.408055555555556
47671131,other,20,2,0.5
47669306,other,7,2,6.485833333333333
47672459,other,20,3,1.8391666666666666
47664738,other,0,3,0.8697222222222222
47668051,other,18,2,3.738611111111111
47666124,other,8,2,1.1316666666666666
47669187,other,21,2,0.3013888888888889
47665540,roads,13,2,0.5825
47665307,other,16,2,0.35694444444444445
47671622,other,10,2,199.27527777777777
47673205,other,8,3,161.63583333333332
47667058,other,23,2,0.6283333333333333
47665894,roads,14,1,22.89527777777778
47667216,other,22,2,121.83333333333333
47672811,drainage,15,3,4.35
47669322,other,20,2,13452.814722222221
47666842,other,18,2,3.441666666666667
47670454,other,14,2,2715.2694444444446
47671462,other,15,2,17.779166666666665
47670872,other,15,2,32.93333333333333
47667082,other,21,2,0.9522222222222222
47668917,other,18,2,3.241388888888889
47666634,other,11,2,102.82194444444444
47666686,streetlights,11,2,0.0
47668273,other,10,2,894.6516666666666
47670670,other,18,2,2802.6072222222224
47668089,other,20,2,209.11944444444444
47672743,other,22,3,0.4786111111111111
47668489,roads,7,2,30.07472222222222
47671801,other,23,2,92.92611111111111
47665533,other,11,2,0.4975
47673488,other,14,3,0.2538888888888889
47672885,water,10,3,166.1
47666288,other,9,2,62.31666666666667
47668220,other,0,3,0.2311111111111111
47672486,other,10,3,1.385
47665807,other,9,2,895.1475
47666819,other,19,2,0.8286111111111111
47670815,other,19,2,2.921111111111111
47671890,garbage,9,2,74.51666666666667
47668593,other,15,2,4.522222222222222
47667778,other,23,2,0.021388888888888888
47665361,other,6,2,0.7594444444444445
47669370,other,8,2,63.38333333333333
47664859,garbage,17,1,90.31666666666666
47669586,other,19,2,0.2427777777777778
47673449,other,2,3,0.1827777777777778
47666259,other,12,2,0.0
47669676,other,16,2,1.3494444444444444
47666331,other,7,2,0.2425
47667256,other,18,2,0.021666666666666667
47667053,other,19,2,0.49833333333333335
47673798,other,0,4,0.2375
47673447,other,19,3,0.635
47666184,other,13,2,34.85
47666865,other,15,2,142.8
47673254,other,6,3,0.10805555555555556
47666507,other,17,2,2540.217222222222
47667112,garbage,11,2,0.38333333333333336
47667166,other,14,2,790.2980555555556
47672718,garbage,13,3,22.4
47672387,other,22,2,3713.8558333333335
47669853,other,16,2,888.6208333333333
47667305,other,5,2,42.56666666666667
45313689,other,18,6,29.783333333333335
47667738,other,20,2,1.3522222222222222
47666540,other,10,2,11.379166666666666
47671083,other,20,2,17.905
47672671,garbage,17,2,18.866666666666667
47673276,other,10,3,2905.133333333333
47667535,other,9,2,1.2666666666666666
47666241,other,21,2,0.3458333333333333
47671508,other,19,2,17.25722222222222
47665504,other,19,2,22.866666666666667
47670893,other,10,2,157.4
47665198,other,19,2,172.86666666666667
47666174,other,22,2,25.15
47665534,drainage,10,2,36269.944444444445
47670887,other,10,2,121.63333333333334
47668317,other,8,2,87.68333333333334
47670789,other,16,2,4387.281388888889
47673580,garbage,7,3,28.333333333333332
47668439,other,15,2,889.9394444444445
47665570,other,14,2,7.446944444444444
47672667,other,20,3,3.5236111111111112
47667980,other,17,2,0.575
47668405,other,21,2,464.6911111111111
47671062,other,23,2,1.2775
47668762,other,0,3,0.4266666666666667
47669451,other,10,2,0.6438888888888888
47666919,other,14,2,51.08972222222222
47669781,other,23,2,1.25
47669622,streetlights,12,2,0.0
47672513,other,20,3,0.11944444444444445
47671447,other,21,2,0.08666666666666667
47673152,other,14,3,171.2436111111111
47669448,other,10,2,219.1927777777778
47667295,other,14,2,33.31666666666667
47671527,other,12,2,59.516666666666666
47673093,other,0,4,119.56666666666666
47673258,other,11,3,2.6330555555555555
47668180,other,10,2,133.45
47671522,other,10,2,0.41888888888888887
47672147,other,12,2,45.20027777777778
47667649,infrastructure,16,2,1711.1169444444445
47672587,other,13,3,7.260277777777778
47668420,infrastructure,17,2,2478.4619444444443
47673558,other,7,3,0.9011111111111111
47667562,other,0,3,1.2519444444444445
47669176,other,22,2,2.2580555555555555
47671580,other,11,2,0.39666666666666667
47671744,other,0,3,0.5494444444444444
47670590,other,12,2,118.15027777777777
47669205,other,8,2,0.63
47671660,other,21,2,1.3525
47667949,other,22,2,0.8713888888888889
47672015,other,20,2,1.2005555555555556
47723228,other,12,0,383.5111111111111
47670579,roads,0,3,0.23944444444444443
47666809,other,16,2,0.9255555555555556
47671880,other,19,2,76.53333333333333
47672274,other,8,2,1.0322222222222222
47665519,other,12,2,1.7102777777777778
47664801,other,14,2,2.1644444444444444
47668938,other,11,1,1682.9388888888889
47671426,roads,22,1,20.577222222222222
47673618,streetlights,8,3,0.0
47673877,other,19,3,2.7330555555555556
47672961,other,13,3,58.233333333333334
47672813,drainage,17,3,3.316666666666667
47670239,other,18,2,29.35
47673685,other,18,3,0.48444444444444446
47671841,other,20,2,0.04638888888888889
47669364,other,16,2,79.03333333333333
47669898,garbage,10,2,49.85
47673345,other,0,4,1.7305555555555556
47673822,other,23,5,0.13805555555555554
47669514,other,16,2,1.3472222222222223
47673035,other,18,3,29.416666666666668
47668225,other,13,2,172.3775
47666364,water,17,2,48.278055555555554
47665951,other,5,2,0.5269444444444444
47670017,other,15,2,377.2175
47664889,other,19,2,2710.643611111111
47670031,other,23,2,0.8411111111111111
47666145,other,13,2,58.36666666666667
47664963,roads,10,2,0.49722222222222223
47665127,other,8,2,0.09472222222222222
47671262,other,15,2,50.826388888888886
47667433,water,10,2,23231.233333333334
47664828,other,20,2,0.49944444444444447
47672369,other,8,2,0.22527777777777777
47666408,other,21,2,0.7669444444444444
47671641,other,23,2,1.4527777777777777
47670292,other,20,2,0.3277777777777778
47669125,other,17,2,126.61666666666666
47669200,other,6,2,0.15472222222222223
47668686,other,11,2,10.492222222222223
47664776,other,9,2,2831.2858333333334
47668280,other,17,2,0.29444444444444445
47669879,garbage,18,1,233.65
47671085,other,12,2,892.8886111111111
47673264,other,20,3,117.0625
47670967,other,21,2,0.36527777777777776
47672702,other,0,4,0.059166666666666666
47665526,other,14,2,0.8172222222222222
47669085,infrastructure,15,2,992.2366666666667
47666725,other,6,2,0.06638888888888889
47672419,other,14,2,633.9241666666667
47666094,other,19,2,238.64277777777778
47671208,other,16,2,175.03333333333333
47669217,other,8,2,0.0
47666371,other,20,2,0.13083333333333333
47669331,other,15,2,3.1502777777777777
47673540,other,8,3,0.335
47668821,other,20,2,0.29138888888888886
47673875,other,23,3,0.13916666666666666
47666830,other,12,2,44.021388888888886
47668765,other,22,2,0.6391666666666667
47669933,other,21,1,14.95
47672058,other,22,2,4.065277777777778
47667075,other,8,2,1.4502777777777778
47667584,other,9,2,4997.400555555556
47670149,other,13,2,0.4683333333333333
47673704,other,22,3,0.5080555555555556
47671983,other,16,2,3.196388888888889
47673165,other,12,3,1195.2333333333333
47670150,other,12,2,0.28055555555555556
47670679,other,8,2,1522.8836111111111
47668711,other,21,2,0.4791666666666667
47673807,drainage,16,3,3.0833333333333335
47672724,other,20,3,0.2063888888888889
47668856,other,19,2,3856.033611111111
45313688,other,18,6,29.5
47664932,other,0,3,0.05138888888888889
47665736,water,15,2,101.31666666666666
47669163,other,10,2,133.93333333333334
47666824,infrastructure,14,2,345.97527777777776
47668239,other,9,2,1993.3194444444443
47672069,water,17,2,0.0
47667658,water,16,2,783.8211111111111
47665054,other,9,2,24.65111111111111
47665567,roads,12,2,0.4686111111111111
47665334,other,23,2,0.13
47666621,streetlights,8,2,0.0
47667547,infrastructure,11,2,168.30083333333334
47672226,other,10,2,37.43333333333333
47666452,streetlights,14,2,620.8833333333333
47671934,other,12,2,9.331944444444444
47667732,other,12,2,48.0
47668589,other,19,2,1.031388888888889
47673867,other,8,3,0.4502777777777778
47667136,other,15,2,56.1
47667644,other,19,2,0.8705555555555555
47673795,other,23,3,0.6030555555555556
47672676,other,19,3,4.359444444444445
47670092,other,23,2,1.7130555555555556
47668925,infrastructure,23,2,18.19361111111111
47667265,other,18,2,208.03444444444443
47673874,other,21,3,0.6038888888888889
47670423,other,18,2,695.5555555555555
47672054,other,21,2,112.52777777777777
47673892,other,0,4,0.23
47671169,other,13,2,0.6777777777777778
47669718,other,21,2,514.3622222222223
47673464,other,15,3,0.1713888888888889
47673312,other,0,4,60.333888888888886
47669431,roads,11,2,23.11638888888889
47673818,other,1,3,0.01638888888888889
47673095,other,0,4,191.58333333333334
47669721,other,12,2,24.0
47673828,other,4,3,8.585
47670007,other,23,2,0.8344444444444444
47666820,other,14,2,0.455
47672736,garbage,9,3,194.28333333333333
47673951,infrastructure,14,3,249.5925
47669456,other,21,2,0.3338888888888889
47665315,other,21,2,0.07611111111111112
47664759,other,4,2,341.1711111111111
47671876,other,18,2,77.66666666666667
47668566,garbage,12,2,47.833333333333336
47671167,other,9,2,0.1711111111111111
47671055,other,17,2,471.3663888888889
47665300,other,11,2,476.7347222222222
47669262,other,0,3,0.6275
47669683,garbage,13,2,310.8666666666667
47667064,other,23,2,0.32805555555555554
47668505,other,19,2,3.7116666666666664
47673592,other,15,3,865.2216666666667
47666147,other,17,2,2.688888888888889
47664809,other,23,2,93.13222222222223
47672823,other,5,3,0.6011111111111112
47670378,other,22,2,0.4786111111111111
47673573,other,10,3,1.2172222222222222
47671854,other,12,2,59.983333333333334
47667280,other,22,2,73.2
47671322,other,13,2,813.8666666666667
47669636,other,18,2,117.82611111111112
47668477,other,0,3,1.801111111111111
47669086,garbage,14,1,21.166666666666668
47669805,other,15,2,889.91
47671351,other,23,2,0.9327777777777778
47666025,other,20,2,0.0825
47672174,other,8,2,195.7861111111111
47666200,other,11,2,180.3
47669843,roads,8,2,367.4558333333333
47672493,other,9,3,0.5586111111111111
47669386,other,21,2,2.348888888888889
47671958,roads,9,2,29.198611111111113
47670307,other,15,2,0.020555555555555556
47668267,other,0,3,0.42833333333333334
47672509,other,7,3,1.485
47672197,other,18,2,695.5555555555555
47666400,other,7,2,2.189722222222222
47672807,other,3,3,10.525555555555556
45302282,other,13,4,2.0591666666666666
47672235,other,21,2,74.66666666666667
47668823,other,11,2,5402.8625
47667963,other,11,2,9526.935833333333
47669513,roads,10,2,0.5230555555555556
47665254,other,17,2,30.083333333333332
47669974,other,7,2,2.766388888888889
47666827,other,6,2,898.8133333333334
47667533,other,16,2,0.4666666666666667
47669730,other,23,2,0.6097222222222223
47670611,other,12,2,0.0
47668270,other,17,2,0.4602777777777778
47672588,other,5,3,0.13833333333333334
47672010,other,20,2,27.188333333333333
47665801,other,10,2,0.5777777777777777
47667292,other,20,2,185.48333333333332
47671087,infrastructure,13,2,10.653333333333334
47670001,other,16,2,1.7469444444444444
47671180,other,15,2,0.37555555555555553
47669422,other,10,2,32381.26361111111
47666817,other,20,2,0.6525
47667792,other,22,2,85.40666666666667
47672672,other,23,3,0.6583333333333333
47667620,other,22,2,0.8016666666666666
47666183,other,13,2,154.86666666666667
47664825,other,9,2,0.9794444444444445
47668199,other,6,2,898.4702777777778
47665072,other,18,2,887.1322222222223
47665210,streetlights,16,2,1.3333333333333333
47665514,other,8,2,1.6333333333333333
47667135,other,15,2,200.58333333333334
47671827,other,22,2,0.8111111111111111
47668258,other,18,2,1.1294444444444445
47666022,other,21,2,112.52777777777777
47671328,other,10,2,0.445
47673239,other,17,3,447.5466666666667
47667806,other,17,2,999.7355555555556
47670585,drainage,15,2,5759.334722222222
47670788,other,23,2,0.24194444444444443
47665975,other,23,2,93.0375
47668985,other,10,2,2720.1019444444446
47670825,other,6,2,0.7911111111111111
47671219,other,19,2,28.633333333333333
47668990,other,11,2,22490.070555555554
47668854,garbage,12,2,191.83333333333334
47668456,water,10,2,94.06027777777778
47671252,other,23,2,1.4269444444444443
47671933,other,0,3,0.3763888888888889
47672944,other,14,3,168.37555555555556
47666844,other,23,2,0.07027777777777777
47667105,other,13,2,130.46666666666667
47666372,other,22,2,0.12694444444444444
47666683,other,14,2,1962.2991666666667
47672986,other,11,3,180.85
47668200,garbage,10,2,73.68333333333334
47667895,other,3,2,1.5169444444444444
47673748,other,15,3,114.25
47669338,other,12,2,0.04388888888888889
47672218,other,18,2,53.266666666666666
47667331,other,20,2,51.1
47666738,other,11,2,1.6247222222222222
47669943,other,22,2,49.8
47667123,other,20,2,5.970277777777778
47667422,other,15,2,4.6433333333333335
47672691,other,21,3,0.3327777777777778
47665598,other,17,2,0.8919444444444444
45309587,roads,12,5,44.613055555555555
47666668,garbage,9,2,506.23333333333335
47669682,other,12,2,0.31722222222222224
47672716,other,22,3,0.09055555555555556
47667434,other,13,2,482.6166666666667
47671536,other,13,2,82.08333333333333
47673754,other,23,3,7.883333333333334
47668137,other,12,2,287.1455555555556
47673493,other,10,3,1.0872222222222223
47666863,other,1,3,0.0
47666245,other,17,1,5082.683333333333
47669494,other,14,2,50.581944444444446
47665311,other,19,2,0.31055555555555553
47667019,other,16,2,138.8852777777778
47670791,other,23,2,93.38
47671999,other,9,2,0.07833333333333334
47665162,streetlights,12,2,26.033333333333335
47665001,infrastructure,10,2,3205.255277777778
47667722,other,0,3,1.063611111111111
47670054,other,7,2,0.1852777777777778
47667516,other,11,2,0.45
47667274,other,20,2,0.16194444444444445
45293660,streetlights,14,3,-135.86666666666667
47671445,other,0,3,87.18527777777778
47667632,other,16,2,1.4994444444444444
47667951,other,20,2,1.0102777777777778
47673973,other,12,3,1.0972222222222223
47666405,other,20,2,1.428611111111111
47669127,other,8,2,25.433333333333334
47667754,other,21,2,15.218333333333334
47673857,other,22,3,0.8913888888888889
47666257,other,15,2,0.08833333333333333
47668607,other,0,3,0.023333333333333334
47667259,other,11,2,198.05027777777778
47670965,other,22,2,0.39861111111111114
47665155,other,12,2,173.09194444444444
47665928,other,14,2,36836.86944444444
47672280,other,19,2,0.40805555555555556
47672749,garbage,8,3,51.8
47666897,other,22,2,0.27694444444444444
47664862,infrastructure,10,2,133.46694444444444
47665542,streetlights,9,2,0.0
47666680,streetlights,7,2,0.0
47668169,other,17,2,54.61666666666667
47668396,garbage,11,2,72.66666666666667
47665737,other,17,2,4.25
47667857,streetlights,11,2,0.0
47667038,other,17,2,0.7836111111111111
47673728,other,0,4,0.1597222222222222
47672491,other,12,3,0.020833333333333332
47668858,garbage,16,1,235.35
47670278,other,15,2,0.07361111111111111
47666015,other,5,2,11.664166666666667
47664937,other,13,2,4.016944444444444
47669604,other,23,2,1.6827777777777777
47668923,other,23,2,91.21277777777777
45296325,other,18,3,2.477777777777778
47669994,other,15,2,163.05333333333334
47665564,other,11,2,29.486666666666668
47670010,water,15,2,118.17888888888889
47673710,other,2,3,8.6
47668709,other,22,2,0.2247222222222222
47666107,other,8,2,0.8925
47669021,roads,18,2,108.59027777777777
47665414,other,14,2,309.99611111111113
47668002,other,7,2,0.2061111111111111
47667157,other,8,2,39.96666666666667
47672171,other,18,2,0.49277777777777776
47669450,other,13,2,2.1725
47671867,other,7,2,40.733333333333334
47669369,other,17,2,30.583333333333332
47668888,other,8,2,168.79916666666668
47670616,other,18,2,0.7930555555555555
47672725,other,10,3,5.933333333333334
47665888,other,22,2,63.030833333333334
47670971,other,17,2,0.34944444444444445
47669168,other,21,2,50.1
47668975,other,23,2,91.41833333333334
47666963,other,8,2,0.8702777777777778
47667469,other,18,1,17.766666666666666
47665496,other,8,2,312.10277777777776
47671871,other,17,2,174.4
47667178,other,19,2,52.25
47670622,other,22,2,25.7
47673854,other,4,3,9.238333333333333
47668124,other,20,2,94.00222222222222
47673926,infrastructure,17,3,822.8941666666667
47667382,other,6,2,11.644166666666667
47667741,water,9,2,128.84027777777777
47672549,other,21,3,0.0
47671096,other,15,2,40130.43194444444
47672544,other,12,2,120.0
47669707,water,11,2,0.15
47672474,other,10,3,2.1180555555555554
47664944,other,14,2,100.00722222222223
47664926,other,16,2,2.2919444444444443
47667551,other,12,2,8.840555555555556
47671188,other,18,2,0.01138888888888889
47669861,other,16,2,3.0525
47665895,roads,15,0,18.753055555555555
47667660,other,9,2,54.82
47670966,other,17,2,0.47944444444444445
47668440,infrastructure,10,2,0.0
47670546,roads,15,2,17.735277777777778
47665271,other,20,2,3.5091666666666668
47666816,other,7,2,2.4905555555555554
47665680,other,12,2,168.0
47668259,infrastructure,8,2,0.0
47668929,other,19,2,0.2841666666666667
47673565,other,21,3,0.9383333333333334
47671631,other,11,2,312.78305555555556
47671104,infrastructure,18,2,23.221944444444443
47665156,other,16,2,1.426388888888889
47669588,other,20,2,3.207777777777778
47673050,other,17,3,126.26666666666667
47671213,other,9,2,38.68333333333333
47667099,other,12,2,131.36666666666667
47665714,other,18,2,0.06833333333333333
45293399,other,12,3,288.8177777777778
47665164,other,14,2,33.86666666666667
58106691,other,20,2,0.8047222222222222
47673632,other,18,3,72.53277777777778
47670990,drainage,9,2,4998.262222222223
47673779,other,12,3,0.71
47670917,other,6,2,899.0744444444445
47667334,other,19,2,0.2475
47672789,streetlights,10,3,0.0
47669756,other,9,2,0.64
47670298,other,9,2,0.43
47664978,infrastructure,23,2,18.195
47668946,other,23,2,882.0344444444445
47669447,other,23,2,6.583333333333333
47668308,other,17,2,126.81666666666666
47670448,other,22,2,0.3275
47665921,infrastructure,11,2,636.2388888888889
47668332,other,10,2,61.46666666666667
47671887,other,11,2,84.33333333333333
47665700,other,15,2,162.80444444444444
47672682,garbage,14,2,45.016666666666666
47671894,other,21,2,74.05
47671402,other,7,2,0.6252777777777778
47727760,other,17,1,3.595
47666292,other,19,2,28.916666666666668
47668384,roads,18,2,20.648611111111112
47669505,other,18,2,1.7208333333333334
47673079,other,15,3,152.96666666666667
47673787,other,9,3,0.5325
47669337,other,20,2,0.15083333333333335
47664745,roads,10,2,198.47305555555556
47671850,other,8,2,0.20194444444444445
47671907,other,15,2,0.37444444444444447
47668667,other,9,2,0.6375
45313698,other,10,6,37.083333333333336
47666180,other,9,2,62.7
47667364,other,22,2,0.07222222222222222
47669926,other,20,2,51.61666666666667
47668599,other,0,3,0.47333333333333333
47669105,other,13,2,58.21666666666667
47668882,other,16,2,888.2316666666667
47668842,other,15,2,6.652222222222222
47672296,roads,15,2,2.2247222222222223
47672871,other,19,3,0.6505555555555556
47671952,other,16,2,0.6483333333333333
47667238,other,11,2,477.56666666666666
47673042,other,19,3,52.96666666666667
47664950,other,22,2,0.33555555555555555
47665260,other,18,2,29.066666666666666
47670644,other,5,2,1.4869444444444444
47670907,other,22,2,49.93333333333333
47672527,roads,8,3,0.23472222222222222
47672399,other,15,2,1.2433333333333334
47664730,other,0,3,0.2575
47669751,other,15,2,80.31027777777778
47669611,garbage,16,1,19.9
47666932,other,9,2,214.65083333333334
47666722,other,10,2,325.4488888888889
47667554,other,20,2,0.15083333333333335
47667619,other,10,2,894.9380555555556
47665108,other,22,2,0.44666666666666666
47668474,infrastructure,11,2,200.57611111111112
47667573,other,19,2,45.998333333333335
47670602,other,9,2,1.7947222222222223
47672202,other,15,2,32.7
47671927,other,6,2,0.3463888888888889
47669009,other,19,2,3.033888888888889
47665682,other,12,2,0.0
47671864,other,15,2,56.233333333333334
47672072,other,23,2,0.07777777777777778
47664744,other,21,2,0.4686111111111111
47669149,other,15,2,80.06666666666666
47671720,other,20,2,0.34305555555555556
47666442,other,20,2,0.0675
47672316,other,5,2,0.26916666666666667
47671088,roads,8,2,0.1275
47672602,other,10,3,0.0
47673238,other,12,3,596.0011111111111
47668595,other,5,2,2000.361388888889
47668068,other,22,2,0.4791666666666667
47673047,other,16,3,674.2488888888889
47667253,other,19,2,0.5416666666666666
47668222,other,14,2,309.785
47668870,roads,23,1,16.91
47672497,other,0,4,1.0030555555555556
45313676,other,18,6,29.25
47670074,drainage,16,2,2.033333333333333
47666079,other,16,2,2.381666666666667
47670545,other,15,2,330.63166666666666
47673886,other,7,3,0.9927777777777778
47673031,other,20,3,27.35
47667974,other,19,2,2710.8633333333332
47664870,other,9,2,632.3375
47668649,other,13,2,1.2669444444444444
47671148,other,4,2,0.30416666666666664
47666599,other,6,2,0.38666666666666666
47671309,other,22,2,0.7738888888888888
47668247,other,8,2,2.998611111111111
47666449,streetlights,22,2,25.616666666666667
47670280,other,18,2,794.4988888888889
47670090,other,11,2,893.2394444444444
47669033,garbage,18,1,593.4
47665421,other,21,2,26.066666666666666
47667625,other,23,2,881.6255555555556
47668119,other,23,2,24.35
47667556,other,0,3,0.8836111111111111
47667177,other,11,2,132.76666666666668
47665489,drainage,15,2,3360.066388888889
47666749,other,21,2,1869.4769444444444
47672937,other,8,3,649.0663888888889
47673961,other,15,3,626.7388888888889
47665268,garbage,23,1,12.283333333333333
47669750,other,15,2,128.13694444444445
47670985,other,14,2,171.9711111111111
47668413,other,9,2,26.333333333333332
47670695,other,20,2,0.11527777777777778
47665853,other,17,2,22.215833333333332
47672336,other,18,2,2.025
47669403,other,22,2,73.93333333333334
47665144,other,13,2,82.1
47671075,other,22,2,1.673888888888889
47669101,other,19,2,135.81055555555557
47671921,water,11,2,175.96666666666667
47720593,other,20,0,1.1305555555555555
47664899,garbage,10,2,25.416666666666668
47671327,roads,8,2,0.20444444444444446
47672881,water,6,3,7.883333333333334
47668806,other,19,2,0.5094444444444445
47671910,roads,12,2,166.19444444444446
47668727,streetlights,11,2,0.0
47667427,other,7,2,1.3519444444444444
47665594,other,18,2,11.876666666666667
47668090,other,10,2,150.3075
47671459,other,11,2,476.7347222222222
47667161,other,8,2,135.25
47670746,other,18,2,23.218333333333334
47666267,other,17,2,0.43805555555555553
47666802,other,8,2,221.83333333333334
47671902,other,0,3,5.250555555555556
47668900,other,14,2,164.67833333333334
47666972,water,17,2,42.78333333333333
47671370,infrastructure,15,2,42.708333333333336
47672107,streetlights,15,2,22.716666666666665
47672435,streetlights,13,3,0.8333333333333334
47669916,other,10,2,157.8
47666971,other,0,3,0.035833333333333335
47669540,other,21,1,38.6
47670240,other,18,2,29.016666666666666
45293400,other,14,3,286.89694444444444
47667392,other,13,2,0.49166666666666664
47670631,other,21,2,0.5344444444444445
47664953,other,23,2,0.23444444444444446
47669912,other,18,2,29.983333333333334
47669260,water,20,2,17.133333333333333
47669624,other,22,2,1.2738888888888888
47673922,other,14,3,2.3216666666666668
47669802,other,9,2,0.5819444444444445
47666735,other,11,2,5.185555555555555
47671400,other,0,3,0.685
47673330,other,11,3,0.2997222222222222
47672262,other,9,2,1567.2252777777778
47672761,other,23,3,0.4052777777777778
47671730,other,20,2,0.4177777777777778
47664860,other,8,2,9.305277777777778
45300742,other,17,4,78.06666666666666
47668400,other,21,2,0.1975
47673177,other,18,3,8.322777777777778
47667132,garbage,12,2,23.366666666666667
47666976,garbage,18,1,89.86666666666666
47670533,other,22,2,625.35
47664764,drainage,14,2,69.68333333333334
47667856,other,23,2,0.023055555555555555
47666360,water,16,2,2.85
47667957,other,21,2,0.5677777777777778
47671271,other,11,2,699.9066666666666
47671222,other,19,2,28.216666666666665
47672009,other,19,2,2.4844444444444442
47672912,other,19,3,0.2238888888888889
47671229,other,22,2,0.48083333333333333
47669804,infrastructure,23,2,17.84861111111111
47671381,other,9,2,272.2111111111111
47669754,other,14,2,171.97083333333333
47672245,other,7,2,3.9225
47670012,water,15,2,0.26666666666666666
47671541,other,16,2,31.416666666666668
47670786,other,23,2,91.28194444444445
47668808,water,12,2,140.72333333333333
47670753,infrastructure,23,2,18.191111111111113
47669652,other,22,2,3.6794444444444445
47667117,infrastructure,18,2,22.747222222222224
47668524,other,7,2,0.5136111111111111
47665642,other,16,2,889.0875
47719531,other,21,0,8.582777777777778
47669919,garbage,9,2,2.75
47670763,garbage,18,1,17.616666666666667
47668631,other,22,2,0.49166666666666664
45329936,other,7,1,40.3
47671150,infrastructure,7,2,832.2694444444444
58104228,other,20,2,113.74083333333333
47669686,other,14,2,9908.212222222222
47665084,other,14,2,6.869722222222222
47668194,other,21,2,74.36666666666666
47668032,roads,14,1,19.92527777777778
47673103,other,17,3,167.86055555555555
47666613,other,13,2,40131.640555555554
47668560,garbage,15,1,44.21666666666667
47672418,other,14,2,1.4452777777777779
47667775,other,16,2,1960.331111111111
47666823,other,13,2,2715.951666666667
47670438,garbage,7,2,916.9333333333333
47671984,other,13,2,0.5980555555555556
47671593,other,14,2,1.5577777777777777
45319884,other,10,0,61.85
47665986,roads,23,1,22.488888888888887
47672967,other,13,3,58.11666666666667
47670458,other,0,3,1.291388888888889
47666475,other,11,2,312.78277777777777
47665249,other,18,2,0.3227777777777778
47666098,other,9,2,0.3288888888888889
47669481,other,21,2,1.0616666666666668
47669367,other,8,2,135.86666666666667
47672755,other,3,3,10.531666666666666
47673550,other,6,3,2.3369444444444443
47666641,other,17,2,0.49472222222222223
47669258,other,20,2,0.14472222222222222
47666675,roads,8,2,0.3894444444444444
47670415,other,14,2,0.49027777777777776
47667104,other,13,2,34.7
47668732,water,14,2,0.05
47669225,other,19,2,0.7022222222222222
47670295,other,8,2,0.2411111111111111
47666413,other,0,3,0.6505555555555556
47665602,other,22,2,513.4547222222222
47669647,other,16,2,0.2825
47673248,other,11,3,186.33055555555555
47672327,water,9,2,0.3
47670852,other,10,2,194.145
47669356,other,15,2,56.38333333333333
47672828,other,0,4,0.10361111111111111
47670855,other,20,2,2.761388888888889
47671885,other,11,2,84.65
47667532,roads,13,2,23.299444444444443
47669160,other,8,2,135.28333333333333
47673251,other,17,3,0.04555555555555556
47666764,other,19,2,6.5
45292157,other,13,3,34.61666666666667
47665617,other,20,2,6.321111111111111
47665798,other,11,3,0.0
47670369,other,10,2,0.0
47665239,other,16,2,151.98333333333332
47666375,other,9,2,0.8408333333333333
47671269,other,9,2,1.7197222222222222
47667994,other,9,2,1.6547222222222222
47669677,other,21,2,0.42833333333333334
47671456,other,21,2,883.9752777777778
47664747,other,16,2,188.09722222222223
45310617,other,15,5,93.5
47672434,other,10,3,3.1455555555555557
58107703,other,21,2,0.6619444444444444
47665702,other,15,2,113.15333333333334
47668574,other,10,2,894.1486111111111
47671149,other,23,2,1.2422222222222221
47665587,other,13,2,4921.483611111111
47726091,other,11,1,651.9233333333333
47672666,other,22,3,1.0172222222222222
47673604,other,23,3,0.7313888888888889
47669649,other,14,2,23848.311388888887
47666443,other,23,2,755.0583333333333
47669503,other,19,2,2.4747222222222223
47665423,other,22,2,0.7927777777777778
47673385,other,12,3,815.6477777777778
47670327,other,17,2,3.935277777777778
47671633,other,6,2,2.6019444444444444
47666524,other,14,2,521.7241666666666
47664854,other,22,2,6.198055555555555
47665428,other,23,2,0.017777777777777778
47666573,other,6,2,0.885
47666256,other,19,2,0.6347222222222222
47670056,other,8,2,0.8013888888888889
47669289,roads,17,2,378.97027777777777
47668087,other,17,2,54.483333333333334
47673607,garbage,17,2,19.0
47667706,garbage,20,1,375.1166666666667
47666551,water,12,2,1.35
47669307,other,22,2,0.18888888888888888
47670706,other,13,2,0.7708333333333334
45311803,other,14,5,57.9
47664927,other,16,2,0.2111111111111111
47665552,other,7,2,3.660277777777778
47669395,other,9,2,0.47638888888888886
47668833,infrastructure,15,2,26.40361111111111
47668179,other,19,2,76.65
47665140,other,13,2,34.266666666666666
47670455,other,21,2,780.0494444444445
47669689,garbage,7,2,316.51666666666665
47671724,other,20,2,0.1436111111111111
47666492,other,0,3,0.4702777777777778
47672731,other,10,3,0.4622222222222222
47671266,other,0,3,0.0
47672578,other,18,3,0.059444444444444446
47672615,infrastructure,10,3,0.0
47673567,other,9,3,2.762777777777778
47671307,other,0,3,1.2272222222222222
47672094,other,18,2,3.3227777777777776
47673843,garbage,10,3,25.116666666666667
47673945,other,20,3,0.4419444444444444
47664840,other,10,2,1.0238888888888888
47672848,other,20,3,0.8633333333333333
47669765,other,18,2,4.4688888888888885
47666601,other,11,2,0.8447222222222223
47671329,other,22,2,0.6666666666666666
47671567,other,19,2,0.5969444444444445
47668240,other,14,2,32377.485277777778
47669557,garbage,9,2,26.333333333333332
47670275,other,15,2,4916.230277777778
47673012,other,9,3,62.68333333333333
47667222,other,0,3,777.5372222222222
47666962,other,8,2,292.6044444444444
47670964,other,18,2,0.8916666666666667
47670435,garbage,10,2,313.4166666666667
47673452,other,9,3,1.6166666666666667
47670619,other,23,2,0.6966666666666667
47672785,other,13,3,16.966666666666665
47667846,other,0,3,86.91777777777777
47669134,other,17,2,0.9141666666666667
47666606,other,22,2,0.11916666666666667
47669985,other,10,2,478.0786111111111
47666881,infrastructure,15,2,5192.749444444445
47672462,other,7,3,2.5
47673786,garbage,18,2,17.266666666666666
45293657,streetlights,11,3,-202.63333333333333
47669173,other,21,2,26.333333333333332
47672189,other,13,2,82.88333333333334
47667717,other,21,2,19.7575
47668867,infrastructure,18,2,22.871111111111112
47666974,other,21,2,12.335833333333333
47665322,water,11,2,363.06694444444446
47673964,garbage,15,2,20.616666666666667
47670176,other,14,2,0.7416666666666667
47670677,other,14,2,309.8955555555556
47665855,roads,16,0,20.679166666666667
47667085,infrastructure,14,2,26.42388888888889
47673904,streetlights,10,3,0.0
47670106,other,9,2,0.36277777777777775
47667840,drainage,18,2,185.25277777777777
47668519,other,11,2,0.042222222222222223
47667942,other,22,2,0.11472222222222223
47666146,other,13,2,34.31666666666667
47673361,streetlights,17,3,20.233333333333334
47673931,other,19,3,0.08888888888888889
47667162,other,8,2,39.083333333333336
47670861,other,12,2,35.75
47670016,other,20,2,8.683333333333334
47671192,other,13,2,58.166666666666664
47666754,other,20,2,1.3580555555555556
47665147,other,14,2,33.5
47720352,other,17,0,198.1
47671357,garbage,18,1,17.683333333333334
47671920,water,10,2,11.75
47665524,other,20,2,301.7891666666667
47666774,other,19,2,21.52888888888889
47671084,other,21,2,0.4338888888888889
47670968,other,0,3,0.8058333333333333
47667060,infrastructure,15,2,26.390833333333333
47668847,other,15,2,307.7525
47671429,infrastructure,11,2,828.3408333333333
47667742,other,22,2,0.8597222222222223
47665087,other,3,2,1.0719444444444444
47672458,other,21,3,0.24305555555555555
47666849,other,18,2,0.3422222222222222
45290840,other,20,3,27.066666666666666
47666632,other,21,2,1.0297222222222222
47668568,other,23,2,0.04777777777777778
47666947,other,12,2,38661.369166666664
47665436,infrastructure,10,2,2485.3055555555557
47667648,other,14,2,441.345
47673841,water,16,3,4.383333333333334
47668955,infrastructure,22,2,19.324444444444445
47665821,other,22,2,5.688055555555556
47668378,other,18,2,886.9127777777778
47665025,other,16,2,0.12083333333333333
47665187,other,17,2,174.55
47671211,other,17,2,126.15
47671194,other,12,1,24.0
47673628,other,12,3,0.0
47672251,other,18,2,37656.584444444445
47669026,roads,8,2,0.7397222222222222
47669371,other,18,2,77.26666666666667
47673335,other,0,4,1.5616666666666668
47673930,other,14,3,2.8027777777777776
47673045,other,18,3,53.71666666666667
47666136,other,17,2,167.23777777777778
47669092,other,16,2,0.5383333333333333
47671028,other,10,2,56.00277777777778
47667807,other,19,2,0.5972222222222222
47672776,other,16,3,2.2872222222222223
45293654,streetlights,16,3,-64.13333333333334
47672753,other,11,3,0.9936111111111111
47670468,other,14,2,12069.484722222222
47667423,other,8,2,2.4183333333333334
47665593,other,10,2,0.11444444444444445
47669475,other,12,2,173.09166666666667
45292160,other,12,3,35.88333333333333
47669339,other,12,2,37659.72777777778
47673169,other,19,3,851.8938888888889
47672492,other,11,3,7.9775
47669825,roads,13,2,0.7863888888888889
47672056,other,22,2,0.39111111111111113
47667946,water,8,2,81.66805555555555
47665469,other,10,2,169.6925
47666998,other,23,2,91.83416666666666
47666928,other,22,2,0.37972222222222224
47673966,other,14,3,283.29805555555555
47668429,garbage,8,2,75.5
47669320,other,11,2,0.21805555555555556
47670653,other,18,2,373.6686111111111
47672521,other,15,3,1.0130555555555556
47673799,other,21,3,0.5638888888888889
47670570,other,19,2,28.233333333333334
47666908,other,5,2,1.3913888888888888
47666042,infrastructure,15,2,26.36611111111111
47671703,other,12,2,0.6872222222222222
47665178,other,6,2,65.36666666666666
47670605,roads,11,2,23.34638888888889
47673026,other,12,3,143.76611111111112
47667315,other,18,2,53.46666666666667
47673284,other,22,3,0.12805555555555556
47664848,other,12,2,2716.8594444444443
47668728,drainage,9,2,10570.366666666667
47668663,other,11,2,0.9286111111111112
47666143,other,1,3,46.733333333333334
47669591,other,14,2,47.43416666666667
47672205,other,15,2,32.1
47670285,garbage,15,1,44.916666666666664
47665600,other,23,2,23.254444444444445
45313684,other,12,6,107.68333333333334
47673068,other,16,3,127.05
47670419,other,8,3,1877.6316666666667
47667141,other,16,2,31.633333333333333
47672830,other,18,3,0.2922222222222222
47672203,other,15,2,32.666666666666664
47668757,other,23,2,6.7363888888888885
47670582,other,18,2,12.701666666666666
47672834,water,16,3,8.266666666666667
47672268,other,9,2,8.74611111111111
47667268,other,11,2,18292.576944444445
47665179,other,8,2,63.96666666666667
47669087,infrastructure,8,2,951.7686111111111
47666090,other,23,2,513.2008333333333
47667748,other,12,2,190.95
47665031,other,20,2,44.81305555555556
47669111,other,14,2,33.1
47670089,other,17,2,887.2255555555555
47668992,other,21,2,2.730277777777778
47725437,other,22,1,0.47833333333333333
47666223,other,10,2,61.36666666666667
47665719,other,15,2,163.05333333333334
47672640,other,12,2,48.0
47673110,other,9,3,502.49833333333333
47672572,other,21,3,4.608611111111111
47668685,other,15,2,889.4694444444444
47668535,other,10,2,199.27527777777777
47670529,garbage,18,1,17.366666666666667
47666466,other,12,2,9.28111111111111
47673049,other,18,3,53.18333333333333
47672310,roads,8,2,0.13777777777777778
47665344,other,16,2,0.2975
47666917,other,11,2,893.2555555555556
47667799,other,23,2,0.48
47665456,other,18,2,0.8688888888888889
47670389,other,14,2,164.48333333333332
47667771,other,18,2,2.6013888888888888
45313687,other,10,6,61.95
47666995,infrastructure,10,2,172.70555555555555
47667966,other,22,2,2705.896111111111
47669574,roads,18,2,12.493333333333334
47665886,other,15,2,1832.8572222222222
47666135,infrastructure,10,2,1021.3558333333333
47671443,other,23,2,91.37972222222223
47668293,other,8,2,896.7708333333334
47670557,other,16,2,151.28333333333333
47673533,other,9,3,0.5444444444444444
47670573,other,21,2,50.833333333333336
47668040,other,0,3,40.65
47670312,other,22,2,3.3141666666666665
47668800,other,15,2,656.7497222222222
47673862,water,18,3,18.383333333333333
47667179,other,9,2,182.28333333333333
47673936,other,18,3,0.5158333333333334
47670027,other,22,2,0.24222222222222223
47671321,other,12,2,0.21666666666666667
47669300,other,19,2,0.5441666666666667
47671384,other,10,2,789.7847222222222
47665611,other,11,2,1.0316666666666667
47665142,other,19,2,159.86916666666667
47672250,other,15,2,1.7283333333333333
47672187,other,12,2,27.383333333333333
47665793,other,17,2,26.984166666666667
47673527,other,21,3,0.5080555555555556
47670121,infrastructure,22,2,19.33388888888889
47665907,other,10,2,6.7844444444444445
47671543,other,16,2,127.21666666666667
47668430,infrastructure,12,2,1187.6763888888888
47669010,roads,19,2,6.198888888888889
47673191,other,7,3,124.42611111111111
47668629,streetlights,8,2,8919.833333333334
47667252,other,17,2,0.13472222222222222
47670683,other,10,2,0.0
47667304,other,17,2,247.0
47673542,other,18,3,1.6869444444444444
45302913,other,19,4,28.633333333333333
47669383,other,20,2,27.8
47672746,other,17,3,0.02638888888888889
47665679,garbage,7,2,196.45
47672995,other,9,3,230.18333333333334
47672302,other,12,2,24.0
47670291,other,12,2,191.73611111111111
47667219,other,7,2,1370.4791666666667
47665741,other,7,2,2.0469444444444442
47671772,garbage,13,2,22.716666666666665
47665174,other,14,2,153.28333333333333
47665339,other,19,2,117.165
47667527,water,9,2,8.9
47666845,other,7,2,0.6072222222222222
47665181,water,10,2,525.4286111111111
47666164,streetlights,18,2,157.58333333333334
47669484,other,14,2,309.8955555555556
47672985,other,11,3,132.61666666666667
47668343,other,22,2,0.2644444444444444
47669742,other,23,2,0.3861111111111111
47673911,garbage,1,3,10.4
47668949,other,12,2,118.25833333333334
47670741,other,12,2,1963.9194444444445
47672483,other,23,3,0.5091666666666667
47668883,other,23,2,4.926111111111111
47670102,other,23,2,1.9394444444444445
47669888,other,13,2,82.56666666666666
47669219,other,20,2,1.2397222222222222
47669664,other,10,2,894.5925
47672686,other,22,3,2099.932222222222
47666576,other,0,3,0.7805555555555556
47670563,other,18,2,77.78333333333333
47672922,other,20,3,0.6755555555555556
45313274,water,12,5,2.0833333333333335
47671134,other,20,2,37703.49555555556
47667152,other,18,2,125.13333333333334
47669019,infrastructure,15,2,40.992777777777775
47673413,other,8,3,3410.5305555555556
47672083,streetlights,20,2,23.6
47669566,other,11,2,99.43722222222222
45297859,other,13,3,154.43333333333334
47664913,other,4,2,0.2652777777777778
47666455,other,12,2,0.7052777777777778
47667628,other,18,2,374.54
47671026,infrastructure,10,2,0.0
47673318,roads,22,2,21.80527777777778
47673155,other,13,3,355.4144444444444
47668097,other,9,2,86.11666666666666
47665384,garbage,9,2,74.98333333333333
47669115,other,15,2,128.08333333333334
47668739,roads,20,2,2.49
47666836,other,8,2,0.0
47667761,other,19,2,4.838333333333333
47672060,other,23,2,8.023888888888889
47668556,streetlights,11,2,-48.0
47665160,other,10,2,157.85
47667339,other,22,2,0.20222222222222222
47671394,other,21,2,0.1511111111111111
47666169,other,16,2,151.9
47673388,other,16,3,3306.6855555555558
47668498,other,18,2,17.897222222222222
47669273,other,14,2,0.9822222222222222
47666125,other,19,2,1.448888888888889
47673431,other,14,3,0.0
47665751,other,20,2,0.3236111111111111
47669493,other,23,2,2.1572222222222224
47671135,other,14,2,0.13055555555555556
47665076,other,17,4,1959.5216666666668
47673384,other,15,3,40105.54777777778
45292161,other,11,3,36.15
47671397,other,23,5,0.058333333333333334
47669818,other,23,2,0.37083333333333335
47672051,other,0,3,0.5213888888888889
47665331,water,12,2,5.866666666666666
47668730,drainage,12,2,1.1
47666250,other,0,3,71.13333333333334
47672198,other,14,2,33.81666666666667
47670308,other,22,2,2706.2191666666668
47670618,water,21,2,514.3622222222223
47666050,other,23,2,1.7591666666666668
47667737,other,0,3,0.7472222222222222
47672821,other,22,3,0.14722222222222223
47666775,other,21,2,0.3908333333333333
47669854,other,16,2,0.16583333333333333
47673232,garbage,8,3,51.93333333333333
47665473,other,15,2,0.9080555555555555
47673601,other,19,3,2.944722222222222
47670569,other,10,2,37.06666666666667
47670132,garbage,11,2,24.55
47669867,other,12,2,0.5219444444444444
47672660,other,6,3,53.1
47668741,other,16,2,170.1
47669778,other,18,2,6.15
47667629,other,17,2,0.29083333333333333
47670943,other,21,2,0.3516666666666667
47667891,other,23,2,0.3075
47666704,other,9,2,176.26111111111112
47673909,other,22,3,2.6244444444444444
47673295,other,16,3,495.41083333333336
47665739,other,22,2,0.32083333333333336
47666779,roads,23,2,1.4908333333333332
47666168,other,14,2,33.31666666666667
47666922,other,22,2,62.65888888888889
47667744,other,11,2,22.916666666666668
47669436,other,12,2,6.2908333333333335
47671987,roads,9,2,0.08805555555555555
47670512,other,17,2,0.22166666666666668
47669759,other,20,2,44.8225
47665539,other,11,2,476.7347222222222
47665738,other,22,2,1.1319444444444444
47668350,other,11,2,132.11666666666667
47666246,other,12,2,83.61666666666666
47669967,other,6,2,0.4502777777777778
47671421,garbage,15,1,44.75
47669182,other,16,2,789.5872222222222
47671651,other,19,2,22.266666666666666
47670205,other,8,2,1157.721388888889
47668761,other,18,2,0.5675
47672764,other,22,3,0.3497222222222222
47664846,other,17,2,0.009722222222222222
47669959,infrastructure,18,2,22.85333333333333
47664972,garbage,22,1,85.13333333333334
47665528,other,14,2,377.8088888888889
47671754,garbage,14,1,69.01666666666667
47666212,other,17,2,150.6
47667760,other,0,3,0.9952777777777778
47672111,roads,23,1,21.25027777777778
47669815,streetlights,9,2,0.0
45296327,other,1,4,0.2677777777777778
47666315,other,22,2,169.86666666666667
47665511,other,12,2,0.7061111111111111
47673430,other,10,3,0.0
47671795,other,5,2,1.0897222222222223
47671298,other,17,2,24.341666666666665
47666215,other,18,2,77.95
47673888,water,11,3,45.55
47670269,other,9,2,0.5863888888888888
47666708,other,18,2,113.6588888888889
47667322,other,19,2,172.35
47667044,other,9,2,0.1111111111111111
47666080,other,19,2,885.5052777777778
47672792,other,10,3,0.5575
47669889,other,8,2,0.47583333333333333
47666034,other,22,2,19.592222222222222
47673408,other,14,3,1173.4241666666667
47669909,infrastructure,15,2,26.364166666666666
47666627,other,15,2,23899.6925
47671704,other,21,2,0.9319444444444445
47666285,other,20,2,0.6663888888888889
47668698,other,19,2,781.5311111111112
47673069,other,16,3,55.36666666666667
47670393,drainage,19,2,42478.15
47669043,other,16,2,3.4883333333333333
47672271,other,14,2,890.7886111111111
47670337,other,23,2,0.7691666666666667
47671123,infrastructure,12,2,947.4630555555556
47665912,other,12,2,4.8438888888888885
47671093,other,18,2,0.014166666666666666
47664826,other,17,2,0.0
47673746,other,23,3,1.0344444444444445
47669333,other,12,2,16.314444444444444
47665395,other,7,2,14.85138888888889
47668465,other,8,2,0.25194444444444447
47669107,other,10,2,219.1927777777778
47665451,other,21,2,0.44722222222222224
47669440,garbage,8,2,387.78333333333336
47671738,infrastructure,10,2,205.61638888888888
47666712,other,11,2,46.91277777777778
47673735,other,8,3,26.466666666666665
47668793,other,10,2,168.85888888888888
47666987,other,10,2,219.1927777777778
47668409,other,17,2,14.6225
47672304,garbage,15,1,20.666666666666668
47671945,roads,19,2,0.11611111111111111
47666649,other,16,2,0.5958333333333333
47666415,other,17,2,2.1797222222222223
47669240,other,20,2,206.28194444444443
47672209,other,7,2,40.85
47664994,other,23,2,1.2772222222222223
47667550,other,20,2,209.11916666666667
47668140,other,14,2,57.68333333333333
47672875,other,22,5,0.014166666666666666
47669413,other,13,2,0.4241666666666667
47666953,other,17,2,999.7358333333333
47666531,garbage,8,2,27.616666666666667
47665744,other,16,2,0.0
47665313,other,15,2,0.5019444444444444
47666706,other,4,2,2.6911111111111112
47667982,infrastructure,14,2,201.40694444444443
47665794,other,17,2,3.633888888888889
47665523,other,23,2,3.8325
47671856,other,12,2,59.166666666666664
47671940,streetlights,9,2,-33.8
47668570,other,9,2,0.0
47673937,other,1,3,0.4786111111111111
47665815,other,10,2,525.3825
47667080,other,16,2,0.03972222222222222
47670104,infrastructure,23,2,18.164166666666667
47668633,other,14,2,2.545
47669946,other,21,2,2680.448888888889
47670351,other,8,2,51.31666666666667
47673572,other,0,4,1.3422222222222222
47673623,other,16,3,0.19083333333333333
47669532,other,5,2,1.8091666666666666
47666314,water,11,2,18.5
47667223,other,20,2,0.44972222222222225
47670952,water,19,2,1.2666666666666666
45310618,other,9,5,146.83333333333334
47665653,other,9,2,803.5005555555556
47671576,other,10,2,0.3347222222222222
47673789,other,19,3,99.41666666666667
47666330,other,21,2,0.8858333333333334
47667408,other,5,2,0.3763888888888889
47669482,other,11,2,532.8311111111111
47672406,other,7,2,2.533333333333333
47667036,garbage,12,2,23.866666666666667
47665446,other,14,2,0.32972222222222225
47671385,other,0,3,0.2561111111111111
47669549,other,4,2,2.526388888888889
47667998,other,9,2,0.44333333333333336
47673794,other,2,3,0.21138888888888888
47673486,other,23,3,0.43694444444444447
47670745,other,17,2,0.5416666666666666
47672688,other,22,3,0.0275
47672911,other,4,3,1.7666666666666666
47670984,other,9,2,1305.6602777777778
47672673,other,21,3,0.10583333333333333
47667031,other,9,3,0.0
47669243,other,14,2,545.3111111111111
47673337,other,23,3,2.8419444444444446
47665660,other,19,2,2.673611111111111
47666894,other,15,2,0.3908333333333333
47669692,other,18,2,1.7663888888888888
47668804,other,20,2,2.2669444444444444
47673764,other,2,3,0.6083333333333333
47673458,other,7,3,8.975277777777778
47672914,garbage,18,2,17.766666666666666
47672260,other,23,2,0.6988888888888889
47673460,other,11,3,359.5833333333333
47673709,other,12,3,2.3383333333333334
47666610,other,13,2,0.5413888888888889
47667903,infrastructure,18,2,22.905277777777776
47666395,other,21,2,0.042777777777777776
47672175,other,14,2,0.7661111111111111
47665267,other,20,2,27.466666666666665
45313692,other,16,6,151.73333333333332
47665365,roads,7,2,25.105833333333333
47670284,other,18,2,0.16583333333333333
47672990,other,23,3,0.5455555555555556
47670359,other,10,2,0.6969444444444445
47666451,streetlights,14,2,2.966666666666667
47668339,other,20,2,27.2
47667647,other,21,1,14.95
47665165,other,14,2,81.51666666666667
47666837,other,22,2,0.6513888888888889
47671067,drainage,10,2,2.3666666666666667
47666762,water,17,2,23.75
47667356,other,20,2,0.07555555555555556
47665804,other,14,2,0.5036111111111111
47673202,other,13,3,263.26666666666665
47672719,other,20,3,0.8158333333333333
47666014,roads,15,2,193.4075
47673552,other,15,3,0.10694444444444444
47668554,other,17,2,118.75027777777778
47672551,other,16,3,3.124722222222222
47672657,other,12,2,24.0
47665568,other,10,2,0.03027777777777778
47671678,other,3,2,1.2886111111111112
47669771,other,18,2,4170.315833333333
47668327,other,11,2,1.935
47667009,other,18,2,0.6505555555555556
47673551,other,14,3,0.11583333333333333
47668126,other,13,2,82.26666666666667
47667984,other,11,2,0.3725
47672140,other,11,2,0.06805555555555555
47666213,other,17,2,78.2
47665349,other,11,2,124.6075
47664881,other,7,2,2.473611111111111
47670237,other,17,2,30.216666666666665
47669050,other,20,2,0.030833333333333334
47673303,other,16,3,0.5625
47671609,other,5,2,0.4666666666666667
47673776,other,21,3,0.3541666666666667
47671548,other,9,2,158.33333333333334
47673473,other,16,3,1.9105555555555556
47673256,other,7,3,0.03361111111111111
47669377,other,10,2,61.56666666666667
47669714,other,20,2,5.983333333333333
47665492,other,18,2,67.08055555555555
47665304,other,12,2,0.06027777777777778
47666642,other,16,2,889.0863888888889
47673805,infrastructure,15,3,2.1933333333333334
47672845,other,11,3,0.3705555555555556
47672068,other,16,2,18.966666666666665
47664982,other,23,2,93.53027777777778
47667338,other,20,2,0.6513888888888889
47672367,other,8,2,0.04027777777777778
45313673,other,18,6,125.86666666666666
47665499,other,11,2,0.7
47669286,other,19,2,0.21722222222222223
47668436,other,0,3,0.27
47671060,other,14,2,4342.051666666666
47670678,other,23,2,1.2391666666666667
47667730,other,15,2,122.13333333333334
47666219,other,18,2,29.033333333333335
47666612,other,12,2,0.5297222222222222
47669732,other,21,2,0.20027777777777778
47666653,other,18,2,116.32
47667066,other,12,2,883.1111111111111
47669991,other,11,2,166.53083333333333
47669775,other,13,2,21.533333333333335
47667426,roads,12,2,44.44138888888889
47667850,infrastructure,18,2,142.88555555555556
47667279,other,12,2,203.11666666666667
47671197,other,14,2,57.983333333333334
47673283,other,22,3,0.5938888888888889
47671228,other,11,2,0.0
47671665,other,23,2,0.5644444444444444
47666713,garbage,17,1,42.61666666666667
47673002,other,11,3,132.71666666666667
47673078,other,4,3,85.71972222222222
47673489,other,13,3,1.1236111111111111
47672778,other,23,3,0.1736111111111111
47668150,other,14,2,129.06666666666666
47670714,other,23,2,1.1891666666666667
47672808,drainage,19,3,2.533333333333333
47666591,other,21,2,0.11027777777777778
47668427,other,14,2,0.7555555555555555
47673261,other,9,3,95.67361111111111
47667988,other,17,2,2.935
47670628,other,22,2,0.3463888888888889
47670158,other,0,3,0.6027777777777777
47665974,other,20,2,1.4822222222222223
47671185,other,20,2,0.3913888888888889
47671209,other,17,2,78.76666666666667
47670816,other,21,2,0.3894444444444444
47666309,other,11,2,36.1
47671098,other,0,3,0.1297222222222222
47669931,garbage,7,2,28.383333333333333
47667168,other,10,2,53.583333333333336
47668162,infrastructure,23,2,18.199166666666667
47664789,other,16,2,4.89
47667086,other,0,3,0.5786111111111111
47670938,other,21,2,0.2225
47672444,streetlights,14,3,1.0
47665468,other,8,2,57.743611111111115
47668185,other,11,2,36.25
47672908,other,23,3,0.03611111111111111
47669856,other,16,2,0.8516666666666667
47673336,other,23,3,1.4608333333333334
47665398,other,20,2,2.6144444444444446
47671256,water,11,2,241.35
47666561,other,11,2,0.72
47672190,other,13,2,58.61666666666667
47673720,other,4,3,0.48138888888888887
47673455,roads,17,3,0.6394444444444445
47667777,other,22,2,0.35055555555555556
47672647,other,12,3,24.0
47672893,other,22,3,0.2980555555555556
47670357,other,17,2,525.645
47671283,other,10,2,1.0283333333333333
47667393,other,9,2,0.0
47672951,other,13,3,451.3963888888889
47672825,drainage,15,3,3.1
47664795,other,22,2,2706.2108333333335
47668852,other,8,2,40136.885833333334
47673293,other,18,3,2686.308611111111
47666695,garbage,14,1,21.466666666666665
47672874,other,20,3,0.1827777777777778
47666329,other,13,2,5.5088888888888885
47672693,garbage,11,3,24.85
47673077,other,15,3,104.56666666666666
47673437,other,17,3,1935.1747222222223
47666960,other,8,2,366.03
47670623,other,13,2,27.440277777777776
47727139,drainage,20,1,6616.842777777778
47666362,other,15,2,162.80416666666667
47673783,drainage,11,3,0.5333333333333333
47669477,other,16,2,140.74194444444444
47669091,streetlights,7,2,1.75
47664850,infrastructure,18,2,23.224166666666665
47668354,garbage,13,2,142.41666666666666
47670122,garbage,14,1,237.66666666666666
47668074,other,22,2,0.07611111111111112
47671719,other,19,2,0.1363888888888889
47666553,drainage,17,2,3.0166666666666666
47667642,other,23,2,6.870277777777778
52073507,other,18,6,0.024444444444444446
47668563,garbage,9,2,2.966666666666667
47672409,infrastructure,12,2,11.11111111111111
47669349,other,14,2,57.21666666666667
45292166,other,8,3,39.266666666666666
47670186,other,18,2,2710.1941666666667
47667494,other,7,2,1.1122222222222222
47668435,other,23,2,0.8138888888888889
47672048,other,22,2,513.4547222222222
47671168,other,19,2,0.04111111111111111
47667801,infrastructure,12,2,59.92777777777778
47669215,other,8,2,798.5244444444445
47665669,other,14,2,0.15805555555555556
47671064,roads,8,2,151.03277777777777
47667384,other,21,2,0.08222222222222222
47669489,other,18,2,214.0375
47667311,other,23,2,0.4008333333333333
47665681,other,7,2,2.358888888888889
47666208,other,12,2,120.16777777777777
47670022,water,12,2,482.46666666666664
47668061,other,12,1,24.0
47672408,other,21,2,0.3516666666666667
47668710,other,13,2,4.929722222222222
47672317,other,21,2,1.1533333333333333
47665293,water,9,2,177.3025
47669497,other,23,2,0.050555555555555555
47669136,other,11,2,170.15
47667399,other,23,2,1.8383333333333334
47665517,other,14,2,7.285277777777778
47667169,other,10,2,181.53333333333333
45292156,other,13,3,154.38333333333333
47671975,other,16,2,98.26277777777777
47671348,other,14,2,1363.1102777777778
47671792,other,15,2,0.7869444444444444
47667109,other,22,2,3.953888888888889
47670193,other,23,2,0.6988888888888889
47670830,other,11,2,524.9072222222222
47669276,other,23,2,27.3
47671951,other,19,2,0.0
47669522,other,11,2,0.9
47668237,other,21,2,0.4502777777777778
47672668,other,5,3,0.3327777777777778
47669887,other,13,2,82.73333333333333
47669216,other,15,2,554.3127777777778
47667923,other,23,2,1.586111111111111
47665027,infrastructure,10,2,781.4144444444445
47669342,other,7,2,2.153611111111111
47667332,other,21,2,74.95
45302918,other,16,4,31.75
47668564,garbage,10,2,2.0
47665202,other,11,2,84.86666666666666
47668837,other,13,2,286.2611111111111
47664768,other,12,2,173.09194444444444
47665950,other,11,2,168.9986111111111
47670015,other,17,2,48.278055555555554
47673133,other,17,3,23.775833333333335
47665874,garbage,10,2,25.016666666666666
47672913,other,1,3,1.6591666666666667
47669281,other,7,2,0.7630555555555556
47669061,other,22,2,513.4547222222222
47670363,garbage,9,2,2.7333333333333334
47669996,other,19,2,0.2425
47669633,other,23,2,540.5863888888889
47666113,infrastructure,14,2,201.87472222222223
47672971,other,13,3,58.35
47666806,other,18,2,29.295555555555556
47668777,other,15,2,98.5663888888889
47665115,other,8,2,2.76
47671259,streetlights,14,2,1056.1666666666667
47666635,other,10,2,894.2047222222222
47672371,garbage,17,1,714.3166666666667
47667733,other,21,1,50.97
47673755,other,23,3,0.13194444444444445
47671512,other,22,2,0.42083333333333334
47665710,other,10,2,223.24555555555557
47673529,other,13,3,0.8316666666666667
47669918,other,12,2,0.0
47666276,other,16,2,31.066666666666666
47666279,other,18,2,30.0
47669644,other,11,2,288.9197222222222
47666066,other,20,2,0.42583333333333334
47670306,other,16,2,0.20194444444444445
47668937,other,21,2,0.016666666666666666
47668708,other,5,2,2.1075
47671547,other,18,2,29.333333333333332
47671709,other,13,2,0.5277777777777778
47670594,other,10,2,792.8177777777778
47670915,roads,18,2,0.28805555555555556
47665044,other,12,2,24.0
47665745,other,22,2,0.34833333333333333
47668116,other,11,2,168.23333333333332
47667964,infrastructure,11,2,203.2447222222222
47667528,water,10,2,0.016666666666666666
47669672,other,5,2,0.4136111111111111
47667626,other,11,2,46.78277777777778
47667661,other,10,2,30.911944444444444
47664917,garbage,10,2,1.1166666666666667
47668310,other,19,2,0.735
47672564,other,3,3,0.065
47672649,other,12,2,192.0
47669266,other,20,2,0.3352777777777778
47669764,other,12,2,72.0
47666001,other,14,2,0.4913888888888889
47667187,other,20,2,171.31666666666666
45313685,other,11,6,60.3
47664773,other,7,2,9.469166666666666
47671413,other,22,2,2.472777777777778
47669716,other,15,2,152.18777777777777
47673444,other,7,3,0.4488888888888889
47666393,other,20,2,3.3897222222222223
47667602,other,13,2,0.0
47667605,other,10,2,0.9797222222222223
47668472,infrastructure,14,2,482.0883333333333
47671946,other,21,2,0.8088888888888889
47667476,other,7,2,0.1463888888888889
47673440,other,3,3,0.8036111111111112
47670896,other,19,2,316.1333333333333
47671646,water,14,2,2.85
47667696,other,18,2,0.2075
47668909,infrastructure,23,2,18.175555555555555
47665209,infrastructure,16,2,1015.9358333333333
47665703,other,20,2,63.147777777777776
47666874,garbage,9,2,194.63333333333333
47672857,other,23,3,0.6902777777777778
47671261,other,19,2,30.3
47666566,infrastructure,9,2,14.858888888888888
47664822,other,8,2,8.667222222222222
47672084,other,7,2,0.7080555555555555
47672729,other,16,3,23.066666666666666
47672531,other,6,3,2.5994444444444444
47669146,other,14,2,33.7
47673213,other,8,4,0.0
47672909,other,20,3,1.1102777777777777
47671396,roads,12,2,1.5397222222222222
47665078,other,18,2,0.5033333333333333
47670200,other,12,2,59.68333333333333
47670925,other,16,2,0.23055555555555557
47668872,other,17,2,0.5019444444444444
47673041,other,19,3,28.916666666666668
47669117,other,16,2,31.783333333333335
47672394,other,20,2,3.193611111111111
47672440,other,23,3,0.38055555555555554
47666187,other,11,2,36.733333333333334
47665118,other,22,2,1.6447222222222222
47670901,garbage,16,1,91.73333333333333
47669357,other,15,2,200.18333333333334
47668184,other,11,2,156.43333333333334
47666083,water,9,2,28.183333333333334
47668602,other,19,2,113.93861111111111
47667995,other,19,2,0.19305555555555556
47666759,water,12,2,0.21666666666666667
47669488,other,8,2,2.0533333333333332
47673917,other,13,3,0.6594444444444445
47668254,other,11,2,0.6405555555555555
47666973,other,9,2,37675.25611111111
47667084,other,20,2,786.1813888888889
47670477,infrastructure,22,2,18.63722222222222
47726827,other,16,1,168.8763888888889
47672384,other,23,2,0.165
47668910,other,17,2,0.24972222222222223
47671016,other,6,2,0.36666666666666664
47668224,other,13,2,19.4
47666544,other,12,2,125.53472222222223
47668569,other,9,2,0.4197222222222222
47669424,other,9,2,0.22527777777777777
47665002,other,0,3,87.03861111111111
47664916,other,11,2,0.0
47669201,other,23,2,0.49666666666666665
47665762,other,11,2,0.8988888888888888
47673370,garbage,8,3,603.9166666666666
47666727,other,23,2,1.1180555555555556
47665475,drainage,10,2,5883.434444444444
47724675,water,13,1,49.28333333333333
47665968,other,10,2,6.37
47671453,other,7,3,0.0
47672835,other,22,3,0.3836111111111111
47672091,other,21,2,6.223055555555556
47667767,other,14,2,618.2563888888889
47673265,other,20,3,755.5683333333334
47671144,other,22,2,62.899166666666666
47665049,other,10,2,0.6880555555555555
47672692,garbage,13,3,718.05
47672651,other,12,3,24.0
47666515,other,22,2,2.8130555555555556
47668390,other,0,3,1.35
47669680,other,22,2,3.6725
47670765,other,12,2,24.0
47670483,infrastructure,10,2,613.4130555555555
47671542,other,16,2,31.366666666666667
47672093,other,11,2,0.0
47665447,other,16,2,1.0033333333333334
47670370,other,13,2,106.35138888888889
47666869,other,12,2,173.8175
47666229,other,11,2,60.36666666666667
47669816,other,14,2,4869.584444444445
47667159,other,8,2,63.7
47673074,other,16,3,31.05
47669827,other,20,2,0.39805555555555555
47672884,streetlights,20,3,11.85
47666271,other,15,2,32.15
47665775,other,22,1,337.05555555555554
47668418,other,19,2,0.5677777777777778
47673553,other,11,3,0.38333333333333336
47665233,other,19,2,885.4347222222223
47672146,infrastructure,16,2,7.3213888888888885
47671620,other,16,2,24.664444444444445
47671926,other,22,2,0.1375
47668786,other,18,2,0.13
47667770,other,20,2,3.145
47664871,garbage,15,1,44.35
47667808,other,7,2,4.666666666666667
47667381,other,7,2,2.3119444444444444
47668348,other,5,2,0.40805555555555556
47665774,other,0,3,0.0475
47671911,other,21,2,0.32222222222222224
47668193,other,11,2,60.06666666666667
47671529,other,23,2,48.3
47673918,other,16,3,0.7663888888888889
47665822,other,17,2,111.66472222222222
47671024,other,6,2,1.4241666666666666
47672964,other,7,3,34.30861111111111
47668428,garbage,8,2,75.51666666666667
47670551,other,14,2,33.083333333333336
47668802,infrastructure,15,2,26.39527777777778
47668338,other,20,2,171.55
47672417,other,23,2,1.2269444444444444
47665538,roads,10,2,1010.375
47666363,other,10,2,127.29388888888889
53216592,infrastructure,8,6,399.3433333333333
53213673,other,0,6,39.46388888888889
53212447,other,13,5,0.5280555555555555
53217287,other,4,6,36.202222222222225
53212370,other,17,5,43.86666666666667
53217925,other,15,6,80.75
53217204,other,13,6,120.01222222222222
53218123,other,22,6,0.06972222222222223
53213561,other,5,6,156.0836111111111
53211158,other,15,5,1143.451388888889
53218008,other,17,6,1.363888888888889
53217226,other,11,6,125.43861111111111
53212516,other,11,5,1.148611111111111
53216237,other,9,6,0.0
53215944,other,2,6,16.00111111111111
53222083,other,7,6,64.03333333333333
53210368,other,19,5,93.92555555555556
53221927,drainage,8,6,1.8333333333333333
53210640,other,16,5,90.2575
53217346,other,5,6,180.7577777777778
53211728,other,12,5,0.0019444444444444444
53216601,other,15,6,152.46666666666667
45591754,roads,10,6,22.275277777777777
53225802,streetlights,8,0,0.0
53221614,other,13,6,122.08166666666666
53212063,other,16,5,98.97777777777777
53216635,other,11,6,108.83333333333333
53220024,other,10,6,149.66472222222222
53212714,other,9,6,1.3883333333333334
53212707,other,12,6,1.751111111111111
53211969,other,2,5,1.9605555555555556
53214908,other,18,6,0.7519444444444444
53213652,other,9,6,48.131388888888885
53213400,other,9,6,124.73333333333333
53215780,other,18,6,230.26666666666668
53211934,other,18,5,365.825
53212099,other,7,5,220.1627777777778
53216498,other,21,6,164.5575
53212126,other,10,5,102.55305555555556
53216893,other,2,6,0.4986111111111111
53213703,other,0,6,83.78722222222223
53219834,other,18,6,20.329444444444444
53210465,other,16,5,116.86777777777777
53223930,roads,7,6,29.0
53211280,other,17,5,101.52666666666667
53216968,other,22,5,4.881666666666667
53214159,other,1,6,0.44972222222222225
53224859,water,16,0,203.48333333333332
53213066,other,0,6,1.0875
53220125,other,8,6,25.049722222222222
53216148,other,15,6,80.29333333333334
53214946,other,8,6,2.5991666666666666
53214986,other,8,6,0.6786111111111112
53210878,other,16,5,567.2216666666667
53214011,water,18,6,67.58166666666666
53212649,other,7,5,184.28333333333333
53215218,other,10,6,122.76277777777777
53222696,other,12,6,74.90277777777777
53224962,other,21,0,0.8136111111111111
53211623,other,14,5,0.1486111111111111
53216747,other,10,6,442.4025
53211078,other,17,5,0.5127777777777778
54105998,streetlights,6,5,0.9666666666666667
53222921,other,15,6,111.00555555555556
53220217,other,14,6,112.99388888888889
53212946,other,0,6,0.15666666666666668
53213761,streetlights,8,6,4.233333333333333
53213834,other,11,6,188.02916666666667
53217018,other,2,6,0.14083333333333334
53218935,other,13,6,89.26527777777778
53211974,other,16,5,1.295
53217132,other,12,6,212.5413888888889
53212300,other,15,5,70.48611111111111
53214156,other,19,5,9.145
53214451,other,10,6,3610.308611111111
53214548,other,10,6,97.12083333333334
53222186,other,14,6,0.24333333333333335
53217227,other,16,6,145.9177777777778
53216689,other,13,6,244.91833333333332
53210730,other,11,5,49.483333333333334
53211194,other,10,5,102.33
53213960,other,16,6,3114.461111111111
53226306,other,10,0,669.6505555555556
53213811,other,9,6,62.71666666666667
53214628,other,16,6,120.47361111111111
51103901,other,20,6,0.43166666666666664
53258580,other,11,3,657.1738888888889
53217406,other,21,6,76.42527777777778
53218068,other,9,6,0.8575
53211143,other,6,5,0.21472222222222223
53220818,other,18,6,23942.173055555555
53218896,other,12,6,144.3388888888889
53215101,other,8,6,27.641111111111112
53213149,other,7,6,152.79833333333335
54085474,other,20,2,27.733333333333334
53212278,other,18,5,22.95861111111111
53217194,other,10,6,175.99277777777777
53210882,other,16,5,0.0022222222222222222
53217027,other,9,6,2.4080555555555554
53215203,other,12,6,83.45
53212229,other,11,5,47.54361111111111
53213515,other,13,6,20.129722222222224
53214681,other,13,6,116.48277777777778
53222511,other,11,6,166.1002777777778
53212113,other,23,5,119.11166666666666
53212134,other,21,5,119.55694444444444
53215255,other,8,6,99.49527777777777
53217249,other,6,6,132.38166666666666
53210644,other,18,5,50.47361111111111
53210883,other,16,5,407.4197222222222
53215333,other,15,6,622.0886111111112
53210872,other,16,5,13732.375833333334
53211052,other,9,5,2.7475
53222868,other,16,6,160.19416666666666
53213921,other,6,6,697.8308333333333
53214254,other,22,5,5.4030555555555555
53214913,other,12,6,2.848611111111111
53214081,other,0,6,0.46805555555555556
53219681,other,6,6,0.26472222222222225
53216080,other,20,6,37.65111111111111
53216822,other,21,6,1864.6527777777778
53214979,other,18,6,0.07694444444444444
53212654,other,15,5,0.8063888888888889
53211338,other,1,5,14.788055555555555
53211742,other,7,5,2.9008333333333334
53217469,other,18,6,127.35583333333334
53214672,other,12,6,150.09583333333333
53213120,other,16,6,0.3591666666666667
53215206,other,11,6,132.88333333333333
53215997,other,14,6,100.80805555555555
53214098,other,23,5,1.4833333333333334
53216887,other,19,5,9.780833333333334
53218148,water,17,6,1430.8436111111112
53212102,other,13,5,92.22083333333333
53223679,other,16,0,210.39305555555555
53211366,other,11,5,127.88305555555556
53210588,other,11,5,101.68333333333334
53215198,other,14,6,57.93333333333333
53221955,water,22,6,29.466666666666665
53213116,other,12,6,0.88
53217146,other,8,6,108.07861111111112
53217190,other,7,6,35.11555555555555
53217960,other,8,6,250.12972222222223
53210615,other,19,5,121.29222222222222
53217329,other,3,6,159.17416666666668
53212219,other,12,5,48.39361111111111
53213394,other,8,6,76.56194444444445
53223217,other,14,6,0.4886111111111111
53211481,other,16,5,96.56444444444445
53212089,other,7,5,104.1036111111111
53211248,other,1,5,58.71138888888889
53213696,other,1,6,61.95166666666667
53214836,other,17,6,183.81166666666667
53217684,other,11,6,1.6266666666666667
53219999,other,5,6,78.93638888888889
53212044,other,17,5,22.127777777777776
53215726,other,13,6,0.4625
45589116,other,12,0,73.21666666666667
53211227,other,22,5,68.23944444444444
53217253,other,9,6,119.13972222222222
53215949,other,5,6,9.408333333333333
53222046,other,12,6,35.666666666666664
53220443,other,0,0,24.405
53211243,other,21,5,40.8675
53226280,other,15,0,568.4333333333333
53213123,other,8,6,151.90416666666667
53212392,other,15,5,1.425
53223436,other,9,0,149.81555555555556
53217381,other,1,6,80.43888888888888
53215655,other,18,5,11.385277777777778
53215532,other,12,6,1.48
53212919,other,20,5,7.8125
53213736,other,21,6,38.92777777777778
53211625,other,17,5,1653.181111111111
53214870,other,11,6,190.80166666666668
53216255,other,16,6,96.09416666666667
53214987,other,23,5,0.001388888888888889
53210689,other,20,5,46.69861111111111
53215950,other,10,6,53.1225
53236445,other,18,1,46.18361111111111
53220872,other,17,6,0.3061111111111111
53213735,other,11,6,52.13611111111111
53221594,other,11,6,16.621111111111112
53214106,other,23,6,0.445
53215671,other,23,6,1.021111111111111
53222910,other,11,6,77.50194444444445
53211340,other,23,5,116.94666666666667
53216546,water,17,6,1.2333333333333334
53213711,other,12,6,148.3175
53212594,other,13,5,141.13805555555555
53216334,other,18,6,0.3491666666666667
53211314,other,14,5,4.754444444444444
53216490,other,8,6,77.3375
53211831,other,8,5,8.606944444444444
53214358,other,1,6,0.35444444444444445
53212112,other,15,5,25.36611111111111
53214180,other,22,5,0.06861111111111111
53215861,other,15,6,125.4888888888889
53210836,other,10,5,140.58138888888888
53222022,other,12,6,35.016666666666666
53215892,other,7,6,193.13166666666666
53216502,other,22,6,162.07555555555555
53211174,other,8,5,6289.204722222222
53220256,other,11,6,171.54166666666666
53215968,other,13,6,91.43777777777778
53210447,other,4,5,11.297777777777778
53212145,other,23,5,104.06555555555556
53214797,other,22,6,5.688888888888889
53225022,other,12,0,0.3288888888888889
53221414,other,17,6,145.9611111111111
53213381,other,11,6,101.51472222222222
53222806,other,10,6,123.27027777777778
53213530,other,10,6,78.15777777777778
53210799,other,13,5,19.9275
53218191,other,11,6,1.6
53215450,other,21,5,2.4794444444444443
53217893,other,17,6,51.30722222222222
53211772,other,9,5,0.0019444444444444444
53212669,other,15,5,56.81666666666667
53212988,other,1,6,0.3486111111111111
53211051,other,9,5,0.9152777777777777
53215625,other,18,5,10.744166666666667
53222681,other,12,6,73.135
53221004,other,20,6,1.7791666666666666
53216003,other,7,6,53.586666666666666
53215330,other,13,6,2523.1702777777778
53214042,other,22,5,209.96
53214206,other,22,6,2.2916666666666665
53215190,other,10,6,37.71666666666667
53210585,other,20,5,93.16444444444444
53213865,other,22,6,67.10888888888888
53218249,other,0,0,0.4280555555555556
53218212,other,20,5,8.328055555555556
53212150,other,11,5,127.8488888888889
53213934,other,17,6,186.40666666666667
53226052,other,17,0,113.9925
51087114,other,10,5,85.5
53213584,other,19,6,42.3225
53216611,other,21,6,50.28333333333333
53210720,other,12,5,715.5447222222223
53213170,other,11,6,116.74277777777777
53210785,other,13,5,0.18666666666666668
53211957,other,15,5,1079.4547222222222
53216069,other,18,6,16.988333333333333
53216800,other,13,6,3.2894444444444444
53213485,other,12,6,101.95833333333333
53221332,other,11,6,102.67111111111112
53213541,other,0,6,15.281944444444445
53214068,other,17,6,0.6811111111111111
53218164,other,3,6,1.9925
53224740,other,8,0,101.50694444444444
53226199,other,9,0,79.99861111111112
53214210,other,13,6,0.4961111111111111
53214758,other,11,6,7.6225
53217721,other,23,5,0.0016666666666666668
53212904,other,19,5,9.347777777777777
53218642,other,6,6,61.43805555555556
53220096,other,10,6,75.27333333333333
53217633,other,1,0,6.147222222222222
53213205,other,18,6,0.08611111111111111
53216480,other,12,6,21.030833333333334
53211832,other,4,5,150.76111111111112
53220776,other,9,6,0.41694444444444445
53211436,other,17,5,43.094166666666666
53216196,other,19,6,138.79416666666665
53211599,other,11,5,0.445
53214145,other,12,6,23948.685833333333
53214721,other,21,6,113.48555555555555
53216617,other,23,6,24.466666666666665
53212754,other,13,6,1.4455555555555555
53217504,other,16,6,47.50972222222222
53210980,water,17,5,1.85
53225972,other,10,0,98.51694444444445
53212293,other,10,5,101.53916666666667
53215348,infrastructure,13,6,34.37305555555555
53224676,other,8,0,28.476666666666667
53211424,other,3,5,135.3825
53213274,other,12,6,3435.511111111111
53215951,other,16,6,47.18638888888889
53215570,other,9,6,0.3075
53224050,streetlights,19,0,17.683333333333334
53224096,streetlights,15,0,1.6666666666666667
53213211,other,19,6,125.935
53214176,other,21,5,6.8902777777777775
53216976,other,21,5,1.0455555555555556
53223083,other,16,6,0.8452777777777778
53212374,other,14,5,64.6
53217105,other,22,5,4.429722222222222
53213928,other,10,6,242.1161111111111
53222930,other,14,6,22.245833333333334
53213668,other,11,6,120.62666666666667
53214616,other,12,6,174.20638888888888
53223986,other,9,0,0.6833333333333333
53220787,other,21,5,6.839444444444444
53222540,other,6,6,128.58555555555554
53213767,other,9,6,2015.6027777777779
53210603,other,13,5,53.281666666666666
53217935,other,16,6,55.46666666666667
53222472,other,14,6,240.1338888888889
53216908,other,0,0,1.1683333333333332
53213007,other,20,5,2.3136111111111113
53216590,other,19,6,42.69138888888889
53220174,other,7,6,145.57166666666666
53211703,other,13,5,43.8225
53211700,other,7,5,0.001388888888888889
53213889,other,22,6,162.08638888888888
53213536,other,11,6,0.0
53214951,other,10,6,24.889444444444443
53212371,other,15,5,45.46666666666667
53211287,other,12,5,29.02166666666667
53212006,other,22,5,1807.6697222222222
53212815,other,21,6,3.92
53221233,other,13,6,94.215
53216687,other,7,6,25.99972222222222
53216184,other,18,6,133.84583333333333
53212740,other,20,6,0.4161111111111111
53212313,other,14,5,97.88722222222222
53216794,other,0,0,0.7052777777777778
53217689,other,9,6,0.7680555555555556
53223554,other,18,0,56.17444444444445
53215472,streetlights,0,0,23.883333333333333
53211940,infrastructure,10,5,37.846944444444446
53222960,other,11,6,141.09277777777777
53217907,other,16,6,32.0
53211087,other,8,5,2055.6813888888887
53214941,other,0,0,14.370555555555555
53212715,other,22,6,0.27416666666666667
53212953,other,13,6,146.64333333333335
53215502,other,23,5,3.1230555555555557
53210885,other,17,5,0.0016666666666666668
53213664,other,22,6,38.69027777777778
53212085,other,17,5,96.89
53213681,other,2,6,30.57888888888889
53214225,other,0,0,1.0377777777777777
53215690,other,20,5,8.274444444444445
53212739,other,14,6,0.7466666666666667
53211682,other,2,5,5.7058333333333335
53214997,other,8,6,0.6841666666666667
53213971,other,14,6,1.178611111111111
53211494,other,5,5,30.855555555555554
53218092,other,14,6,0.13027777777777777
53212376,other,19,5,376.9916666666667
53215181,other,10,6,37.13333333333333
53212717,other,22,6,0.9272222222222222
53224394,other,9,0,243.95416666666668
53214486,other,9,6,80.73916666666666
53216259,other,7,6,48.79138888888889
53220931,other,15,6,2.903611111111111
53214847,other,16,6,33.67055555555555
53210710,other,21,5,968.63
53212004,other,8,5,109.54888888888888
53217917,other,17,6,0.21027777777777779
53217335,other,19,6,96.32083333333334
53219751,other,7,6,695.9661111111111
53224426,other,15,0,29.88861111111111
53215399,other,7,6,5.2375
53215427,other,17,6,15.079722222222221
53213937,other,14,6,390.4447222222222
53214101,other,21,5,0.8533333333333334
53216593,other,11,6,76.12694444444445
53211794,other,14,5,0.29944444444444446
53212065,other,16,5,95.68888888888888
53225199,other,21,0,63.87888888888889
53214179,other,21,6,0.23083333333333333
53217507,other,15,6,251.22083333333333
53211807,other,16,5,0.0025
53222525,other,0,6,88.59583333333333
53214728,other,16,6,197.1975
53213173,streetlights,19,6,0.7333333333333333
53211127,other,16,5,0.9977777777777778
53217793,other,0,6,87.57083333333334
53212412,drainage,13,5,22.9
53214322,other,23,5,3.148888888888889
53211933,streetlights,9,5,71.55
53217053,other,18,6,0.6641666666666667
53213369,other,1,6,1.1636111111111112
53223489,other,12,0,123.84361111111112
53215897,other,12,6,103.58222222222223
53210400,other,14,5,119.44083333333333
53212899,other,21,6,1.2486111111111111
53224708,other,11,0,78.22555555555556
53210916,other,23,4,624.5394444444445
53212400,other,15,5,94.48333333333333
53220163,other,17,6,186.76
53216678,other,21,6,2783.5891666666666
53210927,other,8,5,24.474722222222223
53215280,other,10,6,2720.8263888888887
53214516,other,16,6,124.15611111111112
53220729,other,9,6,0.7911111111111111
53213682,other,13,6,127.38972222222222
53217510,other,12,6,0.0
53223375,other,20,6,243.56666666666666
53210376,other,14,5,66.28888888888889
53215367,other,11,6,821.5905555555555
53212801,other,23,5,1.9336111111111112
53214962,other,13,6,2.161388888888889
53225130,other,9,0,2381.6075
53223352,water,8,6,0.1
53211252,other,12,5,103.07916666666667
53212602,other,8,5,0.001388888888888889
53217124,other,6,6,552.8497222222222
53216032,other,10,6,130.3636111111111
53215611,other,21,5,6.903333333333333
53212117,other,13,5,113.58333333333333
53210340,other,23,5,90.74888888888889
53216595,other,21,6,50.05
53212568,other,9,5,0.0016666666666666668
53223627,other,9,0,94.29861111111111
53215504,other,15,6,0.43166666666666664
53242730,other,9,1,12098.205
53218992,other,15,6,186.5586111111111
53210427,other,0,5,160.95805555555555
53213785,other,17,6,54.43333333333333
53215170,other,18,6,101.2
53213520,other,0,6,58.35138888888889
53210455,other,19,5,67.40388888888889
53225177,other,12,0,0.8702777777777778
53248459,other,9,2,1.8177777777777777
53216674,other,16,6,618.1680555555556
53217202,other,9,6,193.5561111111111
53217189,other,4,6,39.05277777777778
53213124,other,6,6,0.3161111111111111
53214876,other,11,6,115.5
53216105,other,11,6,77.55222222222223
53214505,other,10,6,31.754722222222224
53211356,other,16,5,97.20138888888889
54085657,other,21,2,0.5544444444444444
53225763,other,10,0,0.3463888888888889
53217273,other,14,6,2.435277777777778
53211308,other,18,5,92.90611111111112
53214279,other,20,5,8.407777777777778
53224776,other,14,0,427.86277777777775
53215863,other,12,6,98.85027777777778
53220466,other,6,6,0.42388888888888887
53216449,other,20,6,11.2225
53212218,other,5,5,77.31444444444445
53211416,other,16,5,75.4525
53217732,other,20,6,2.736388888888889
53213260,other,14,6,142.19861111111112
53215135,water,9,6,70.18333333333334
53216153,other,7,6,86.49138888888889
53217385,other,11,6,151.28222222222223
53211918,other,11,5,0.30333333333333334
53216961,other,21,5,6.217777777777778
53220630,water,7,6,105.51083333333334
53213550,other,3,6,0.001388888888888889
53216860,other,22,6,0.22305555555555556
53216024,other,10,6,170.54361111111112
53213023,other,2,6,0.051666666666666666
53219765,other,23,6,33.53777777777778
53212807,other,13,6,23947.37222222222
53217777,other,21,6,1017.7283333333334
53213926,other,17,6,20.515555555555554
53219410,other,10,6,0.5786111111111111
53214384,other,11,6,0.8127777777777778
53210991,water,15,5,310.18444444444447
53217467,other,15,6,64.50916666666667
53214177,other,0,6,1.0402777777777779
53216577,other,11,6,75.57388888888889
53212794,other,11,6,20534.9075
53217115,other,21,5,3.0858333333333334
53222320,other,12,6,1.675
53212937,other,20,5,8.893333333333333
53216055,other,14,6,189.37027777777777
54110794,other,17,6,0.9275
53212332,other,8,5,145.13083333333333
53214313,other,10,6,0.3411111111111111
53226048,other,15,0,21.85861111111111
53215854,other,13,6,73.85888888888888
53217860,drainage,10,6,2.8333333333333335
53211265,other,18,5,44.47611111111111
53214896,other,11,6,4.19
53217314,other,9,6,47.10388888888889
53212109,other,16,5,94.33472222222223
53213575,other,13,6,78.56444444444445
53213372,other,7,6,1.7238888888888888
53213553,drainage,20,6,1.5833333333333333
53215589,other,1,6,1.4880555555555555
53211843,streetlights,22,5,10.8
53213131,other,15,6,97.86111111111111
53213017,other,22,5,5.028611111111111
53216463,other,16,6,3.796388888888889
53210857,other,14,5,0.0011111111111111111
53210782,other,21,5,118.48638888888888
53221345,other,15,6,186.7563888888889
53213021,other,20,5,8.439166666666667
53213247,other,9,6,361.51444444444445
53213822,other,17,6,30.816666666666666
53223786,other,6,0,0.8983333333333333
53212963,other,17,6,0.2683333333333333
53211211,other,23,5,82.43472222222222
53214862,other,12,6,481.9688888888889
53217727,other,11,6,102.60888888888888
53217266,other,22,6,66.60694444444445
53212107,other,13,5,4.928888888888889
53211411,other,16,5,44.76361111111111
53210445,other,0,5,57.48916666666667
53212283,other,17,5,75.08305555555556
53214321,other,23,5,3.145
53212131,other,12,5,103.56027777777778
53210371,other,9,5,57.82527777777778
53210870,other,11,5,0.0022222222222222222
53211597,other,9,5,12170.146111111111
53224872,other,17,0,304.90305555555557
53215506,other,22,5,4.272777777777778
53213791,other,16,6,55.45
53219615,other,22,5,5.446666666666666
53210322,other,9,5,0.03972222222222222
53215261,other,9,6,77.88888888888889
53213729,other,14,6,172.375
53214023,other,16,6,95.02694444444444
53216137,other,11,6,83.77777777777777
53222757,other,17,6,19.449444444444445
53216260,other,12,6,0.6947222222222222
53215474,other,15,6,0.8477777777777777
53217177,other,1,6,138.57111111111112
53217156,other,5,6,198.7747222222222
53215887,other,0,6,183.99388888888888
53214837,other,18,6,134.14277777777778
53210365,other,1,5,104.14194444444445
53210707,other,14,5,51.46666666666667
53211419,other,15,5,3.2463888888888888
53219585,other,16,6,0.5708333333333333
53216257,other,12,6,121.53805555555556
53216018,other,20,6,12.098611111111111
53224727,other,13,0,221.9763888888889
53213853,other,20,6,162.3713888888889
53216946,other,21,5,0.4741666666666667
53213837,other,9,6,125.84527777777778
53212902,other,13,6,99.64
53213893,other,16,6,165.41
53215809,other,2,6,944.0233333333333
53217233,other,7,6,107.22916666666667
53217366,other,1,6,102.04555555555555
53213939,other,11,6,412.4977777777778
53212956,other,16,6,21.35388888888889
53214118,other,21,6,0.5066666666666667
53217012,other,19,5,3.088888888888889
53212003,other,12,5,79.81166666666667
53210664,other,22,5,141.76222222222222
53216624,other,15,6,32.9
53214167,other,21,5,6.743611111111111
53211930,other,5,5,0.1461111111111111
53223026,other,11,6,145.26055555555556
53213203,other,22,6,206.42
53222063,other,11,6,1.1025
53210571,other,16,5,24.833333333333332
53214488,other,14,6,146.10194444444446
53214617,other,8,6,21.874166666666667
53216855,other,21,5,1.0516666666666667
53224361,other,7,0,1979.5180555555555
53226147,other,17,0,48.33777777777778
53216584,other,7,6,31.71611111111111
53215292,other,5,6,29.523333333333333
53210530,other,0,5,63.68833333333333
53211777,other,9,5,890.0188888888889
53210672,other,2,5,60.34972222222222
53225865,other,12,0,842.2305555555556
53216799,other,14,6,1.6025
53212964,other,20,5,8.091944444444444
53221725,streetlights,10,6,1.2666666666666666
53212343,other,14,5,96.55916666666667
53212161,other,21,5,89.99972222222222
53214536,other,3,6,107.76472222222222
53223324,other,10,6,2.033333333333333
53214109,other,20,6,0.5747222222222222
53216676,other,13,6,379.62638888888887
53224228,other,13,0,1.1302777777777777
53211438,other,23,5,87.56222222222222
53216305,other,12,6,153.77194444444444
53211104,other,2,5,0.3502777777777778
53221459,other,7,6,123.76416666666667
53216675,other,7,6,695.9661111111111
53223160,other,22,6,2.7552777777777777
53213030,other,21,6,1.3725
53211465,other,18,5,0.39
53217804,other,18,6,24.329722222222223
53214755,other,15,6,119.33916666666667
53211363,other,11,5,4.978611111111111
53211007,other,1,6,94.88333333333334
53214113,other,18,5,10.684722222222222
53225463,other,9,0,0.0
53216781,other,20,6,1.49
53220571,other,9,6,485.0683333333333
53219465,other,22,6,0.17305555555555555
53210320,other,12,5,571.1016666666667
53217641,other,12,6,52.233333333333334
53212257,other,8,5,56.41416666666667
53214581,other,0,6,107.20611111111111
53212369,water,12,5,7.033333333333333
53213924,other,17,6,90.58
53216321,drainage,19,6,9491.164166666667
53214566,other,9,6,84.88833333333334
53218633,other,0,6,55.9525
53221182,other,14,6,148.82972222222222
53216133,other,6,6,28.907777777777778
53213806,other,13,6,34.35
53212523,other,11,5,0.001388888888888889
53219807,other,9,6,130.97027777777777
53217754,other,17,6,0.6855555555555556
53215557,other,17,6,0.25555555555555554
53211075,other,3,5,0.6963888888888888
53222654,other,11,6,46.11805555555556
53213253,other,16,6,0.4825
53213321,other,20,5,1.8952777777777778
53216016,other,10,6,96.65666666666667
53216830,other,20,6,0.4727777777777778
53216658,other,10,6,85.93333333333334
53214611,other,21,6,84.51027777777777
53210448,other,9,5,125.11666666666666
53213968,infrastructure,11,6,1212.05
53210647,other,14,5,95.83888888888889
53214738,other,14,6,114.17666666666666
53216042,other,8,6,192.48388888888888
53217957,other,13,6,47.26166666666666
53211991,other,10,5,144.52166666666668
53213045,other,23,6,1.5391666666666666
53213028,other,23,5,1.2630555555555556
53215835,other,9,6,73.51361111111112
53226269,other,8,0,412.9452777777778
53215882,other,18,6,42.26027777777778
53211240,other,17,5,40.82388888888889
53211847,other,13,5,1459.5344444444445
53212927,other,0,6,0.05277777777777778
53215151,other,20,6,27.833333333333332
53217255,other,21,6,87.83805555555556
53210568,other,0,5,110.28527777777778
53216848,other,23,5,1.9436111111111112
53216466,other,16,6,24.425555555555555
53212599,other,2,5,24.918333333333333
53213933,other,10,6,87.97194444444445
53217739,other,13,6,0.042777777777777776
53223041,other,18,6,186.74694444444444
53212204,other,13,5,5.223055555555556
53214259,other,23,5,0.42194444444444446
53213782,other,22,6,49.53333333333333
53216142,other,13,6,188.98888888888888
53217371,other,4,6,59.26138888888889
53214735,other,14,6,112.02
53212495,other,8,5,2.3713888888888888
53220429,other,21,5,1.1997222222222221
53214133,other,20,6,0.38472222222222224
53211511,other,14,5,600.3158333333333
53215699,other,19,5,9.780277777777778
53213870,other,8,6,175.52916666666667
53223385,other,16,6,127.66666666666667
53210512,other,9,5,122.44277777777778
53221626,other,11,6,141.87527777777777
53212906,other,19,5,9.825555555555555
53217992,other,18,6,1.1022222222222222
53219664,other,21,6,1.2419444444444445
53213823,other,16,6,31.583333333333332
53214018,water,13,6,1362.0972222222222
53211327,other,17,5,24.407222222222224
53211980,other,4,5,2271.7522222222224
53222207,other,23,6,3.0683333333333334
53210856,other,12,5,267.6661111111111
53225933,other,3,0,562.42
53211947,other,9,5,0.6472222222222223
53224561,other,11,0,24.423333333333332
53212486,other,13,5,26.736944444444443
53219090,other,23,5,0.0011111111111111111
53217239,other,9,6,77.27
53216033,other,12,6,116.77166666666666
53213003,other,8,6,150.0388888888889
53219735,other,10,6,0.4247222222222222
53211579,other,7,5,146.19444444444446
53215018,other,9,6,1.3358333333333334
53211377,other,9,5,145.12972222222223
53210547,other,21,5,39.42638888888889
53212561,other,15,5,0.001388888888888889
53217090,other,5,6,0.9922222222222222
53211263,other,5,5,107.3925
53219720,other,21,5,6.610277777777778
53223014,other,7,6,51.40555555555556
53216235,other,17,6,43.440555555555555
53217298,other,23,6,66.45722222222223
53223117,other,9,6,37.833333333333336
53214391,other,8,6,168.94805555555556
53212199,other,23,5,114.06611111111111
53214662,other,0,6,44.303333333333335
53217847,other,20,6,19.88111111111111
53217231,other,14,6,101.8938888888889
53211557,other,9,5,83.09611111111111
53237502,other,11,1,10.34361111111111
53212282,other,7,5,101.6125
53222785,other,10,6,95.98944444444444
53210648,other,21,5,38.275555555555556
53215719,other,22,5,0.34444444444444444
53212517,other,15,5,1.1511111111111112
53215326,water,7,6,51.405277777777776
53211042,other,2,5,0.9119444444444444
53215739,other,0,0,0.5591666666666667
53214914,other,17,6,0.7216666666666667
53217449,other,13,6,65.37777777777778
53213229,other,15,6,111.54916666666666
53217699,water,18,6,2.283333333333333
53224836,other,11,0,727.5980555555556
53210909,other,16,5,9281.915
53218168,water,19,6,8616.64361111111
53212022,other,16,5,97.04888888888888
53224447,other,14,0,71.35888888888888
53212876,other,13,6,0.815
53213779,infrastructure,14,6,7449.860555555556
53216833,other,23,6,1.863611111111111
53212638,other,22,5,286.3411111111111
53216174,other,14,6,150.98555555555555
53215969,other,11,6,2.348611111111111
53216607,other,12,6,107.71666666666667
53224415,other,16,0,175.58333333333334
53215183,other,9,6,158.2
53210757,other,12,5,2.2952777777777778
53224029,other,22,0,13.608888888888888
53214122,other,8,6,0.4216666666666667
53210973,water,18,5,254.98194444444445
53217593,water,12,6,6.35
53222089,other,10,6,120.08583333333333
53224572,other,23,0,60.9225
53216940,other,9,6,0.49944444444444447
53216726,other,10,6,85.32694444444445
53213672,other,8,6,25.434722222222224
53217668,other,14,6,1.666388888888889
53217301,other,10,6,76.58833333333334
53211870,streetlights,20,5,62.75
53210752,other,11,5,1.5711111111111111
53215373,other,0,0,0.9394444444444444
53222893,other,13,6,146.54194444444445
53212118,other,11,5,6.191388888888889
53216134,other,20,6,41.19277777777778
53215945,other,2,6,14.840277777777779
53212325,other,19,5,41.53333333333333
53212198,other,18,5,140.66583333333332
53222589,other,21,6,47.04333333333334
53212478,other,15,5,0.0016666666666666668
53210781,other,12,5,0.27361111111111114
53216928,other,1,0,0.06888888888888889
53218012,other,16,6,0.6652777777777777
53214000,other,4,6,0.22055555555555556
53218133,other,3,6,2.7019444444444445
53213370,other,10,6,2.8369444444444443
53215147,water,15,6,0.9
53217682,other,8,6,78.49722222222222
53213982,other,9,6,1.2252777777777777
53211393,other,13,5,118.26
53210431,other,13,5,27.793055555555554
53215634,other,1,6,0.39694444444444443
53211600,other,15,5,0.07361111111111111
53218234,other,2,6,0.5266666666666666
53217436,other,10,6,102.42138888888888
53210394,other,19,5,96.85444444444444
53216986,other,18,5,11.5925
53212345,other,12,5,13922.851944444445
53212025,other,21,5,113.04694444444445
53213280,other,13,6,65.01444444444445
53210536,other,19,5,70.49
53212588,drainage,11,5,265.30444444444447
53210326,other,12,5,5.131944444444445
51094671,other,21,6,0.4652777777777778
53221105,other,19,6,91.39611111111111
53224984,other,21,0,0.3011111111111111
53216231,other,11,6,193.0861111111111
53210496,other,8,5,51.94277777777778
53211163,other,16,5,3422.3811111111113
53218731,other,18,6,167.87027777777777
53211779,other,8,5,0.0033333333333333335
53219739,other,15,6,2.1933333333333334
53224386,other,22,0,38.35
53218641,other,18,6,73.50666666666666
53213739,other,7,6,153.09472222222223
53221505,other,16,6,28.939722222222223
53210439,other,9,5,77.93583333333333
53216180,other,13,6,188.81555555555556
53215180,other,12,6,35.65
53214339,other,21,5,7.324722222222222
53213778,other,9,6,6631.798333333333
53216657,other,10,6,85.55
53214468,other,1,6,198.7725
53216730,other,14,6,31.509166666666665
53211993,other,11,5,27.558888888888887
53215395,infrastructure,13,6,3298.5294444444444
53219287,other,7,6,40.03333333333333
53225705,other,12,0,0.7405555555555555
53212314,other,20,5,90.9
53211720,other,16,5,0.0011111111111111111
53211215,other,13,5,121.4036111111111
53211139,other,11,5,0.12916666666666668
53220350,other,1,6,0.0022222222222222222
53214655,other,22,6,22.60861111111111
53215575,other,16,6,263.2752777777778
53214598,other,8,6,29.650555555555556
53217632,other,9,6,0.22055555555555556
53220607,other,12,6,2261.2161111111113
53210528,other,10,5,100.91166666666666
53211292,other,15,5,99.50972222222222
53224490,other,12,0,746.9463888888889
53214002,other,22,6,0.6188888888888889
53215846,other,23,6,117.1525
53218565,other,19,6,119.71277777777777
53214012,water,8,6,364.29777777777775
53222563,other,2,6,175.56305555555556
53217477,other,17,6,143.28333333333333
53217147,other,8,6,1.523611111111111
53215461,other,0,6,0.13416666666666666
53219675,other,19,6,1.4505555555555556
53220502,other,13,6,453.4288888888889
53214665,other,18,6,24.225277777777777
53211460,other,16,5,45.13777777777778
53216435,other,11,6,10298.709444444445
53219363,other,23,6,0.7591666666666667
53221404,other,22,6,105.78111111111112
53215599,other,21,6,0.16916666666666666
53215910,other,10,6,152.04555555555555
53216388,other,21,6,0.7094444444444444
53215094,other,23,5,0.0025
53218030,other,17,6,23943.178333333333
53215771,other,11,6,0.23583333333333334
53211316,other,0,5,58.18861111111111
53221036,other,6,6,0.6919444444444445
53223135,other,10,6,0.8841666666666667
53217771,other,10,6,1.0052777777777777
53213749,other,9,6,2.151388888888889
53210511,other,15,5,45.257222222222225
53215004,streetlights,13,6,1.5333333333333334
53226057,other,14,0,147.4275
53211691,other,8,5,0.0016666666666666668
53211333,other,23,5,18.33861111111111
53218711,other,12,6,74.82694444444445
54079420,other,13,2,0.5566666666666666
53214872,other,11,6,145.03861111111112
53213176,other,5,6,31.45
53221711,other,12,6,23948.2325
53211245,other,14,5,122.66972222222222
53212614,other,13,5,0.002777777777777778
53212910,other,0,6,0.04111111111111111
53213297,other,14,6,1697.9077777777777
53214311,other,5,6,0.39916666666666667
53219643,other,1,6,0.34694444444444444
53214264,other,0,6,1.068888888888889
53218071,water,15,6,688.3033333333333
53216647,other,16,6,31.083333333333332
53215793,other,21,6,10066.392777777777
53217037,other,22,5,4.6947222222222225
53211627,other,4,5,1.1691666666666667
53218758,other,8,6,150.03416666666666
53214860,other,8,6,7.481944444444444
53211195,other,20,5,21.295833333333334
53214547,other,5,6,173.38333333333333
53216017,other,8,6,59.68527777777778
53214929,other,19,6,0.2152777777777778
53213463,other,7,6,125.56111111111112
53214408,other,14,6,545.5422222222222
53224401,other,10,0,61.96666666666667
53217295,other,6,6,75.32111111111111
51087965,other,23,5,2.4
53213466,other,0,6,136.41972222222222
53216785,other,9,6,0.16361111111111112
53223495,other,2,0,0.9305555555555556
45591266,other,12,1,0.0
53217373,other,16,6,87.82472222222222
53216304,other,15,6,97.08472222222223
53211490,other,18,5,166.36527777777778
53215538,roads,12,6,356.42027777777776
53218165,other,1,6,0.36777777777777776
53214685,other,7,6,80.13305555555556
53212235,other,1,5,16.945
53216597,other,23,6,19.643055555555556
53224023,other,21,0,147.58333333333334
53214843,other,11,6,101.80805555555555
53213018,other,20,5,9.015
53212831,other,11,6,0.6844444444444444
53211250,other,8,5,8.606666666666667
53216710,other,18,6,6564.9783333333335
53210397,other,15,5,95.96722222222222
53211192,other,2,5,137.16
53216295,other,15,6,76.35194444444444
53211885,other,10,5,85.1361111111111
53212648,other,8,5,111.95
53223441,other,10,0,1717.9591666666668
53216451,other,0,6,0.6022222222222222
53211493,other,4,5,53.17055555555555
53224129,other,15,0,8.226666666666667
53212179,other,16,5,96.74777777777778
53213447,other,11,6,75.8375
53216559,other,4,6,28.716666666666665
53215878,other,8,6,131.62833333333333
53217929,other,11,6,60.733333333333334
53214063,other,1,6,0.4483333333333333
53216320,other,13,6,6166.802222222223
53216261,other,11,6,0.12111111111111111
53224625,other,8,0,3.8108333333333335
53222064,other,16,6,0.37222222222222223
53221868,other,22,6,0.7791666666666667
53211708,other,16,5,0.0016666666666666668
53217515,other,11,6,30.165555555555557
53212197,other,13,5,116.42388888888888
53215350,other,13,6,2218.322777777778
53223521,other,7,0,0.2677777777777778
53215286,other,8,6,97.20833333333333
53213424,other,11,6,51.87861111111111
53213832,other,7,6,40.18333333333333
53217630,other,20,6,120.42722222222223
53223396,infrastructure,7,0,1528.5205555555556
53223861,streetlights,14,0,1.8166666666666667
53219373,other,10,6,3.1333333333333333
53213737,water,11,6,15.316666666666666
53214753,other,0,0,111.4975
53216951,other,23,5,2.9583333333333335
53215556,other,17,6,1.0444444444444445
53213435,other,10,6,104.88083333333333
53218088,infrastructure,19,6,388.6427777777778
53216046,other,13,6,101.3386111111111
53210591,other,16,5,117.06805555555556
53212151,other,17,5,43.09305555555556
53220687,other,16,6,20522.95527777778
53216312,other,11,6,116.59222222222222
53218024,other,15,6,1477.481388888889
53217080,other,19,5,9.762222222222222
53223777,other,21,0,1.0397222222222222
53217844,other,13,6,23.189166666666665
53217967,water,8,6,264.7838888888889
53220835,other,21,6,0.5844444444444444
53215512,other,5,6,0.40194444444444444
53210430,other,21,5,474.1297222222222
53214824,other,15,6,24.955
53211462,other,17,5,0.3491666666666667
53210483,other,9,5,131.2786111111111
53215590,other,18,6,0.12805555555555556
53211126,other,2,5,2.306111111111111
53225257,other,10,0,78.9413888888889
53215624,other,6,6,0.7925
53211621,other,12,5,0.18166666666666667
53221658,other,10,6,20523.480277777777
53215316,other,23,6,680.0261111111112
53213883,other,14,6,190.26944444444445
53212792,other,13,6,195.77555555555554
53215618,other,1,6,0.1811111111111111
53216384,other,18,6,0.3527777777777778
53215648,other,18,5,10.7175
53212361,other,19,5,547.7458333333333
53210642,other,11,5,47.61416666666667
53216765,other,13,6,0.4716666666666667
53211896,other,13,5,0.6888888888888889
53216390,other,16,6,1.5458333333333334
53210879,other,15,5,0.0030555555555555557
53217865,other,13,6,859.0627777777778
53224547,other,11,0,148.62416666666667
53217966,other,14,6,390.4447222222222
53211945,streetlights,16,5,2.55
53217238,other,23,6,89.53138888888888
53210459,other,14,5,126.19527777777778
53212628,other,7,5,220.54
53212779,other,1,0,2.2305555555555556
53217544,other,10,6,24.44972222222222
53210357,other,15,5,27.593611111111112
53223155,other,17,6,0.36777777777777776
53212512,other,11,5,123.255
53217658,streetlights,23,6,1.4666666666666666
53215237,other,17,6,159.83083333333335
53215283,other,9,6,125.8425
53218183,other,3,6,0.8666666666666667
53223282,other,18,6,70.40194444444444
53214528,other,15,6,27.934166666666666
53215963,other,17,6,16.067777777777778
53214777,other,13,6,22.141111111111112
53215603,other,11,6,0.5302777777777777
53224318,other,10,0,9.431666666666667
53215034,other,21,6,24.200833333333332
53216212,other,13,6,27.541666666666668
53215993,other,8,6,97.29722222222222
53212637,other,13,5,0.21138888888888888
53215500,streetlights,18,6,19.1
53212505,other,13,5,754.5538888888889
45595549,other,7,1,3.653888888888889
53219597,other,1,6,0.7288888888888889
53216832,other,23,6,3.188888888888889
53214298,other,0,0,1.2883333333333333
53214049,other,12,6,3.0077777777777777
53210550,other,12,5,26.872222222222224
53211916,other,8,5,0.4013888888888889
53216954,other,17,6,0.9519444444444445
53211474,other,17,5,93.16416666666667
53239392,other,13,1,0.37694444444444447
53216368,other,15,6,0.5186111111111111
53222879,other,10,6,172.1911111111111
53214770,other,1,0,7.369722222222222
53215858,other,0,6,92.1475
53213354,other,22,6,138.38805555555555
53214487,other,19,6,71.19277777777778
53213126,other,22,6,14.783333333333333
53213243,other,14,6,64.13722222222222
53212206,other,15,5,2.3755555555555556
53215210,other,7,6,103.94194444444445
53225785,other,13,0,434.2005555555556
53213095,other,10,6,39.56
53214786,other,16,6,12.261666666666667
53214134,other,18,6,23942.200833333332
53216905,other,20,5,8.2425
53224787,other,12,0,286.5913888888889
53213762,water,7,6,105.48333333333333
53217702,other,10,6,0.2613888888888889
53212930,other,19,5,9.875833333333333
53216619,other,19,6,52.233333333333334
53216775,other,15,6,0.87
53213491,other,11,6,0.5925
53213351,other,14,6,2.105
53215331,other,20,6,372.91
53212310,other,17,5,43.09305555555556
51096343,other,22,6,0.6352777777777778
53215062,water,9,6,2.7
53216903,other,21,5,6.126666666666667
53211228,other,16,5,119.17583333333333
53220077,other,11,6,185.97
53214039,other,23,6,4.1497222222222225
53210995,streetlights,13,5,0.85
53213215,other,23,6,1.2705555555555557
53210499,other,23,5,35.826388888888886
53214833,other,17,6,147.84222222222223
53213437,other,13,6,93.52166666666666
53212889,other,5,6,0.48694444444444446
53215444,other,23,5,1104.2333333333333
53212688,other,15,6,32.64083333333333
53217624,other,22,5,0.5869444444444445
53210687,other,13,5,2204.0377777777776
53211153,other,10,5,95.30638888888889
53215627,other,18,5,11.2
53210773,other,16,5,0.5108333333333334
53211303,other,19,5,144.84333333333333
53214500,other,9,6,104.38361111111111
53210660,other,18,5,20.363888888888887
53253216,other,0,3,2.569166666666667
53224246,other,23,0,1.1208333333333333
53214009,other,10,6,241.04611111111112
53218140,other,15,6,0.1686111111111111
53223604,other,23,0,108.42361111111111
53212256,other,21,5,2457.070833333333
53210361,other,18,5,764.7688888888889
53218537,other,15,6,71.11416666666666
53218609,other,11,6,151.54916666666668
53214584,other,17,6,168.5688888888889
53216514,other,9,6,131.28694444444446
53215358,other,16,6,0.8055555555555556
53217815,other,7,6,60.42666666666667
53218748,other,17,6,3885.097777777778
53213704,other,9,6,125.42777777777778
53217523,other,13,6,190.635
53218421,other,7,6,0.8958333333333334
53220799,other,2,6,1.0022222222222221
53212558,other,9,5,0.43472222222222223
53215877,other,19,6,143.38194444444446
53220195,other,7,6,97.7688888888889
53211550,other,10,5,265.9266666666667
53213349,other,1,6,2.135
53217575,other,18,6,94.25833333333334
53212880,other,12,6,24.614166666666666
53217823,other,18,6,167.51166666666666
53217460,other,16,6,43.24527777777778
53211771,other,13,5,0.0011111111111111111
53222018,other,17,6,102.58333333333333
53217478,other,12,6,192.52972222222223
53210545,other,13,5,44.6225
53213781,other,23,6,48.5
51096342,other,21,6,0.9552777777777778
53210711,water,22,5,445.03333333333336
53214087,streetlights,0,6,0.8333333333333334
53218614,other,6,6,108.32638888888889
53216258,other,15,6,25.260833333333334
53213574,other,7,6,154.7325
53210832,other,18,5,11.760833333333334
53212839,other,16,6,0.7713888888888889
53218047,other,21,6,1.3344444444444445
53216583,other,8,6,131.76777777777778
53216223,other,19,6,18.131944444444443
53216850,other,22,6,2.6594444444444445
53211710,other,17,5,0.0019444444444444444
53214420,other,10,6,33.74638888888889
53217943,other,19,6,100.46666666666667
53222221,streetlights,2,6,42.21666666666667
53214445,other,6,6,2766.1744444444444
53216989,other,20,5,8.038333333333334
53212690,other,8,6,1278.7294444444444
53224567,other,20,0,155.05555555555554
53216401,other,16,6,3.533333333333333
53215814,other,22,6,64.27916666666667
53214980,other,0,6,3.7580555555555555
53217697,other,19,6,14.71111111111111
53211114,other,12,5,0.5747222222222222
53216740,other,10,6,1.1844444444444444
53213831,other,10,6,62.0
53217776,other,9,6,0.03916666666666667
53215023,other,15,6,0.08805555555555555
53214629,other,23,6,64.02888888888889
53214552,other,18,6,70.55666666666667
53217834,other,12,6,23.897777777777776
54106754,other,17,5,2.0380555555555557
53210495,other,10,5,52.03333333333333
53211631,other,8,5,1.5630555555555556
53216499,water,9,6,80.11666666666666
53214922,other,19,6,17.34638888888889
53212221,other,11,5,49.90027777777778
53210627,other,11,5,100.0375
53213270,other,3,6,845.9211111111111
53210446,other,14,5,78.3236111111111
53217964,other,9,6,363.15944444444443
53212655,other,15,5,80.45
53214236,other,5,6,0.26861111111111113
53224712,other,7,0,57.672222222222224
53225277,other,7,0,294.5372222222222
53221696,other,13,6,0.8313888888888888
53221377,other,9,6,130.7563888888889
53213916,other,17,6,1.3858333333333333
53212469,other,20,5,1548.1058333333333
53212625,other,11,5,7.329722222222222
53215888,other,9,6,119.85444444444444
53213097,other,11,6,0.5230555555555556
53216829,other,1,0,0.49166666666666664
53217060,infrastructure,9,6,266.8566666666667
53216356,other,23,6,1.023611111111111
53219866,other,20,6,96.70583333333333
53214702,other,20,6,9.265
53212708,other,0,6,0.23666666666666666
53217222,other,6,6,192.85444444444445
53216543,other,8,6,80.47194444444445
53212729,other,13,6,1.5986111111111112
53216713,water,1,6,134.5575
53217184,other,20,6,116.72444444444444
53212476,other,15,5,0.0016666666666666668
53215786,other,9,6,298.82694444444445
53217610,other,22,5,0.8788888888888889
53217722,other,22,5,0.001388888888888889
53211304,other,14,5,138.85305555555556
53211019,other,10,5,85.85
53215184,other,9,6,62.7
53212484,other,10,5,0.0019444444444444444
53215617,other,23,5,1.5805555555555555
53225224,other,19,0,2.783333333333333
53215754,other,1,6,0.4236111111111111
53223663,other,7,0,67.98333333333333
53215664,other,22,5,2.6683333333333334
51088504,garbage,10,5,73.53333333333333
53215325,other,15,6,688.3036111111111
53215209,other,10,6,151.38194444444446
53215768,other,4,6,1.3080555555555555
53224631,other,17,0,89.61916666666667
53217962,other,21,6,231.60555555555555
53212331,other,19,5,62.06805555555555
53215787,other,19,6,7559.303611111111
53211938,other,2,5,93.52444444444444
53217474,other,12,6,100.34555555555555
53211805,other,15,5,0.0019444444444444444
53220355,streetlights,16,6,2.3333333333333335
53222191,roads,19,6,230.4325
53218057,water,12,6,1701.2772222222222
53223363,other,18,6,53.083333333333336
53219924,other,20,6,118.4713888888889
53214773,other,11,6,77.51222222222222
53213563,other,16,6,168.91083333333333
53217757,other,12,6,0.6419444444444444
53215980,other,17,6,88.44527777777778
53212182,other,15,5,45.284166666666664
53213069,other,22,5,3.792222222222222
53211234,other,20,5,89.03722222222223
53214684,other,9,6,173.06944444444446
53210803,other,7,5,0.8475
53211066,other,15,5,0.2827777777777778
53223549,other,14,0,0.4336111111111111
53219519,other,10,6,1.8527777777777779
53215244,other,13,6,124.34861111111111
53213112,other,8,6,22.383333333333333
53213683,other,8,6,174.87416666666667
53213828,other,12,6,59.15
53214619,other,19,6,70.90305555555555
53211533,other,7,5,48.55833333333333
53215875,other,19,6,37.69222222222222
53224855,other,8,0,1735.3816666666667
53213732,other,8,6,34.28333333333333
53211553,other,6,5,72.16666666666667
53223761,other,9,0,0.6163888888888889
53211336,other,20,5,120.12666666666667
53217579,other,13,6,113.6975
53224031,other,16,0,166.70527777777778
53212040,other,19,5,16.044166666666666
53213063,other,0,6,1.7883333333333333
53217356,other,0,6,93.93277777777777
53219452,other,22,5,0.44555555555555554
53213789,other,21,6,26.833333333333332
53212525,other,15,5,0.0022222222222222222
53225010,other,12,0,54.579166666666666
53225395,other,20,0,0.405
53218147,water,21,6,590.5930555555556
53217741,other,6,6,2.307777777777778
53212039,other,14,5,187.33527777777778
53213106,other,13,6,1.3702777777777777
53221318,other,22,6,162.08416666666668
53212124,other,11,5,71.77472222222222
53211084,other,2,5,0.4222222222222222
53212955,other,0,0,2.262777777777778
53221902,other,22,5,0.0016666666666666668
53216205,other,19,6,108.23333333333333
53211491,other,21,5,116.58083333333333
54106585,other,23,5,6.496944444444445
53210688,other,22,5,35.74194444444444
53215732,other,22,5,5.246944444444445
53210391,other,13,5,68.38694444444444
53214424,other,14,6,93.19444444444444
53221882,other,1,0,114.6
53212764,other,12,6,1.2972222222222223
53215813,other,11,6,120.8086111111111
53211239,other,9,5,128.43027777777777
53213867,other,14,6,72.55777777777777
53211822,other,10,5,388.0161111111111
53213079,other,10,6,26.240555555555556
53211400,other,16,5,47.541666666666664
53211806,other,13,5,0.0011111111111111111
53217153,other,14,6,171.9988888888889
53213273,other,14,6,16.466666666666665
53250303,other,12,2,411.98555555555555
53211954,other,10,5,979.9416666666667
53218482,other,9,6,80.10333333333334
53214058,other,22,5,3.0252777777777777
53213839,other,10,6,22.511944444444445
53212604,other,15,5,0.0011111111111111111
51082540,roads,7,4,36.99305555555556
53215761,other,12,6,0.17055555555555554
53216327,drainage,12,6,1.7166666666666666
53215579,other,19,6,2.5094444444444446
53217100,other,20,5,8.827777777777778
53213428,other,22,6,163.7211111111111
53224940,other,9,0,0.3858333333333333
53221186,other,18,6,68.99388888888889
53216310,other,13,6,48.6475
53218176,other,21,5,5.775
53214016,water,9,6,7086.429444444444
53215173,other,23,6,24.616666666666667
53212660,other,11,5,180.18333333333334
53212663,other,19,5,76.76666666666667
53222339,other,15,6,0.6902777777777778
53219147,other,16,6,15.0925
53215893,other,15,6,44.89666666666667
53213433,other,15,6,23.666666666666668
53214332,other,0,6,0.8286111111111111
53213086,other,22,5,4.615277777777778
53211088,other,7,5,0.9019444444444444
53216275,other,10,6,224.8986111111111
53216220,other,21,6,136.49277777777777
53212442,other,7,5,6.6825
53215207,other,19,6,13.795555555555556
53217029,other,13,6,0.9927777777777778
53211310,other,18,5,62.36138888888889
53217983,other,16,6,2.3475
54092709,other,13,3,2.5077777777777777
53214553,other,15,6,170.57444444444445
53211815,other,13,5,0.0
53211235,other,18,5,138.16972222222222
53211151,other,20,5,63.07194444444445
53212452,other,8,5,0.4975
53213657,other,14,6,126.46666666666667
53226061,other,15,0,53.39555555555555
53214426,other,10,6,33.74638888888889
53210815,other,14,5,0.2127777777777778
53218693,other,1,6,115.42138888888888
53214112,other,21,5,6.100833333333333
53213687,other,21,6,45.76138888888889
53212559,other,14,5,20.671944444444446
53216126,other,13,6,15.676388888888889
53212682,other,10,6,85.27694444444444
53210474,other,19,5,23.124166666666667
53213864,other,7,6,55.283611111111114
53214296,other,13,6,0.2972222222222222
53218763,other,13,6,37.06027777777778
53215078,other,2,6,24.723333333333333
53213846,other,15,6,125.26166666666667
53213226,other,9,6,352.12583333333333
53212346,other,13,5,125.60083333333333
53214005,water,10,6,365.13694444444445
53214398,other,16,6,479.4861111111111
53215192,other,23,6,24.683333333333334
53210327,other,11,5,68.23861111111111
53217300,other,21,6,114.32166666666667
53213035,other,21,5,7.5225
53211529,other,11,5,572.0902777777778
53221162,other,13,6,28.064166666666665
53222102,other,20,6,0.7938888888888889
53214991,other,14,6,20519.253333333334
53212407,other,18,5,211.51055555555556
53225436,drainage,16,0,24383.435555555556
53211417,other,18,5,41.7675
53214169,other,18,5,11.506944444444445
53216798,other,9,6,0.7783333333333333
53215308,other,11,6,821.5905555555555
53216869,other,17,6,4.081111111111111
53215289,other,19,6,38.81944444444444
53212373,other,18,5,165.02527777777777
53246656,other,16,2,64.94611111111111
53226184,other,9,0,4.553888888888889
53215379,other,19,6,76.79333333333334
53217275,other,1,6,160.80916666666667
53214303,other,6,6,0.12833333333333333
53211172,other,5,5,583.8536111111111
53214351,other,0,6,0.4063888888888889
53212632,other,11,5,884.5061111111111
53222817,other,20,6,1.2513888888888889
53216812,other,0,0,2.1433333333333335
53213742,other,17,6,222.61
53212519,other,15,5,26.516944444444444
53223254,other,13,6,194.61583333333334
53224374,other,11,0,727.5980555555556
53212855,other,0,0,0.30583333333333335
53224045,water,20,0,494.65
53214719,other,13,6,64.20611111111111
53220748,other,23,6,0.01638888888888889
53212008,other,14,5,25.334722222222222
53215646,other,19,5,9.811666666666667
53215497,other,17,6,23943.300555555557
53217365,other,11,6,122.92555555555556
53226222,other,17,0,353.95972222222224
53216965,other,20,5,9.050555555555556
53223009,other,10,6,149.76888888888888
53215510,other,21,5,3.838611111111111
53211671,other,12,5,0.002777777777777778
53215554,other,12,6,2.3241666666666667
53218054,roads,13,6,1222.7783333333334
53217188,other,13,6,148.27416666666667
53213501,other,23,6,79.405
53210540,other,9,5,100.06666666666666
53223975,roads,16,6,19.310555555555556
53215804,other,14,6,689.2677777777777
53225359,other,9,0,1.0441666666666667
53214076,other,23,6,0.3536111111111111
53220324,other,18,6,1.3316666666666668
53216653,other,15,6,32.9
53221218,other,23,6,20.196666666666665
53211262,other,9,5,32.193333333333335
53213316,other,18,6,186.6013888888889
53222632,other,7,6,79.69055555555556
53214954,other,11,6,101.05638888888889
53215104,water,11,6,0.1
53218217,other,17,6,1.1519444444444444
53219405,other,20,5,267.61277777777775
53217173,other,15,6,146.51944444444445
53221246,other,3,6,166.3725
53215202,other,13,6,202.78333333333333
53210366,other,10,5,45.39861111111111
53217307,other,0,6,63.121944444444445
53217076,other,6,6,0.8205555555555556
53215356,water,12,6,141.84777777777776
53214120,other,0,6,0.7269444444444444
53213432,other,9,6,29.79222222222222
53216605,other,0,6,133.28166666666667
53212048,other,23,5,18.345277777777778
53214541,other,9,6,56.335277777777776
53212598,other,11,5,1.4405555555555556
53213964,other,7,6,468.63166666666666
53214429,other,15,6,100.57
53212756,other,15,6,0.9058333333333334
53213665,other,0,6,129.8738888888889
53212931,other,13,6,5.953888888888889
54090607,other,16,3,0.6311111111111111
53214700,other,11,6,99.76944444444445
53222512,other,9,6,46.94916666666666
53211384,other,23,5,111.16333333333333
53213511,other,11,6,103.16916666666667
53221354,other,14,6,114.7388888888889
53222099,other,23,5,0.9213888888888889
53225824,other,11,0,60.733333333333334
53211804,other,17,5,0.0025
53211773,other,12,5,0.0022222222222222222
53214657,other,11,6,23.36611111111111
53217496,other,21,6,106.96194444444444
53215841,other,17,6,183.10472222222222
53217940,other,13,6,106.93333333333334
53210461,other,9,5,131.06055555555557
53225737,other,17,0,0.025833333333333333
53223618,other,11,0,99.82166666666667
53213204,other,11,6,3.2144444444444447
53253511,other,0,3,1.206388888888889
53222470,other,17,6,163.79916666666668
53212542,other,16,5,0.0011111111111111111
53217241,other,16,6,165.73472222222222
53224288,streetlights,8,0,17.0
53218501,other,6,6,134.85166666666666
53212284,other,16,5,116.43416666666667
53216448,other,20,6,2.44
53214204,other,23,5,3.4702777777777776
53211911,other,2,5,1.0116666666666667
53216640,other,21,6,109.92333333333333
53216969,other,22,5,4.786111111111111
53218942,other,11,6,478.0125
53212267,other,14,5,23.69388888888889
53216309,other,16,6,114.46027777777778
53217883,other,20,6,10.883333333333333
53212925,other,18,5,11.360277777777778
53222536,other,14,6,73.62
53224883,other,12,0,0.9961111111111111
53212159,other,6,5,58.12305555555555
53215730,other,15,6,4.924444444444444
53220081,other,8,6,2.611388888888889
53215767,other,23,5,2.261111111111111
53214983,other,9,6,1.7925
53214898,other,4,6,0.3463888888888889
53222365,other,19,5,9.90611111111111
53212404,other,20,5,63.07222222222222
53217570,other,14,6,73.1425
53217676,other,12,6,0.7294444444444445
53220973,other,12,6,10125.704444444444
53215696,other,19,5,10.025277777777777
53215884,other,14,6,2.956111111111111
53216786,other,9,6,1.0666666666666667
53215571,other,0,0,3.5341666666666667
53214211,roads,2,0,0.0
53216993,other,12,6,0.3988888888888889
53221145,other,16,6,1.8716666666666666
53215939,other,20,6,165.8725
53211616,drainage,20,5,2.3
53214336,other,19,5,9.116388888888888
53213862,other,13,6,27.36611111111111
53212014,other,20,5,1548.1058333333333
53215096,water,11,6,4.866666666666666
53216112,other,10,6,42.54888888888889
53211890,other,12,5,4.039166666666667
53216770,other,8,6,488.4452777777778
53213847,other,9,6,125.84666666666666
53212755,other,16,6,0.4072222222222222
53218073,other,14,6,213.86444444444444
53216002,other,10,6,151.5013888888889
53221777,other,16,6,0.9105555555555556
54276037,other,9,1,25.7
53215019,other,2,6,0.059722222222222225
53211496,other,18,5,146.21138888888888
53217548,other,17,6,37.75222222222222
53212684,other,11,6,84.81166666666667
53221492,other,5,6,51.62277777777778
53216214,other,13,6,114.09805555555556
53217908,other,15,6,56.2
53211517,other,13,5,47.49055555555555
53216843,other,1,0,3.2055555555555557
53222402,other,5,6,0.8855555555555555
53212971,other,16,6,81.77388888888889
53212121,other,18,5,96.93416666666667
53210529,other,16,5,94.23361111111112
53213486,other,19,6,140.88972222222222
53211012,other,11,5,84.2
53212444,other,13,5,0.4811111111111111
53213147,other,13,6,113.59972222222223
53215606,other,23,5,0.6097222222222223
53210383,other,15,5,115.75416666666666
53216341,other,17,6,0.6555555555555556
53216570,streetlights,14,6,2.0
53213988,other,16,6,0.49777777777777776
53214538,other,14,6,93.35416666666667
53214602,other,0,6,45.0175
53211030,other,8,5,0.16472222222222221
53224593,other,13,0,49.27444444444444
53216344,other,23,5,0.056666666666666664
53215564,other,21,5,7.144166666666667
53216044,other,18,6,40.26583333333333
53211330,other,21,5,179.7575
53214043,other,23,6,2.223611111111111
53216200,other,9,6,219.06
53218169,other,23,5,1.2180555555555554
53214413,other,10,6,2614.0641666666666
53213012,other,22,6,0.6691666666666667
53210950,other,8,5,71.2088888888889
53213196,other,22,6,2.3666666666666667
53216000,other,23,6,13.924722222222222
53222617,other,7,6,50.838055555555556
53219463,other,7,6,1.0533333333333332
53211389,other,16,5,46.49944444444444
53219966,other,12,6,121.29555555555555
53216504,other,11,6,359.7888888888889
53212874,other,20,5,7.775
53216574,other,14,6,165.63
53217850,other,12,6,18.6
53213071,other,21,5,7.106111111111111
53216076,other,8,6,28.985277777777778
53222742,other,12,6,24.430555555555557
53222037,water,13,6,144.21666666666667
53225887,other,18,0,745.0330555555555
53217348,other,19,6,166.66861111111112
53211147,other,7,5,1.6358333333333333
53211115,other,10,5,2.0436111111111113
53213669,other,7,6,131.60472222222222
53218293,other,20,5,7.850555555555555
53210636,other,11,5,75.13166666666666
53221409,other,13,6,31.521944444444443
53218349,other,23,5,1.0391666666666666
53213888,other,8,6,33.80972222222222
53215418,other,22,6,0.8088888888888889
53210675,other,18,5,48.632222222222225
53223283,drainage,10,6,3.216666666666667
53218188,other,13,6,0.5552777777777778
53217126,other,16,6,709.5025
53213341,other,15,6,0.5202777777777777
53215471,other,1,6,0.4597222222222222
53213060,other,18,6,9.241666666666667
53211409,other,10,5,54.12972222222222
53212716,other,11,6,2.7625
53216228,other,13,6,99.55388888888889
53225035,infrastructure,13,0,34.528333333333336
53219935,other,15,6,22.74222222222222
53210554,other,3,5,80.68333333333334
53213042,other,22,6,0.25416666666666665
53211860,other,11,5,84.88333333333334
53211357,other,9,5,72.11527777777778
53214776,other,13,6,102.58472222222223
53217414,other,16,6,20.727222222222224
53219717,other,20,5,8.9125
53216161,other,16,6,114.56666666666666
53216479,other,13,6,407.7680555555556
53211825,water,18,5,429.27444444444444
53211998,other,11,5,27.105833333333333
53211207,other,9,5,104.73472222222222
53213733,streetlights,15,6,1.1166666666666667
53211362,other,15,5,69.68944444444445
53213947,other,20,6,683.6466666666666
53222224,other,9,6,0.6222222222222222
53215562,other,0,6,0.3605555555555556
53225150,other,10,0,0.5958333333333333
53218029,other,12,6,20526.840833333332
53217311,other,18,6,71.515
53212645,other,12,5,59.166666666666664
53224952,other,8,0,97.01916666666666
53210939,other,16,5,0.002777777777777778
53217011,other,21,5,6.971111111111111
53216550,other,0,6,28.233333333333334
53214201,other,5,6,2.621111111111111
53222580,other,16,6,1.0441666666666667
53211298,other,16,5,97.25611111111111
53210334,other,12,5,77.74694444444444
53213544,other,5,6,0.0016666666666666668
53213525,other,8,6,191.32805555555555
53213048,other,7,6,415.2727777777778
53226012,other,17,0,96.16388888888889
53222356,other,19,5,9.739722222222222
53211698,other,14,5,0.001388888888888889
53212289,other,12,5,104.27416666666667
53219171,other,7,6,0.0
53215978,other,10,6,23.628611111111113
53217686,other,18,6,1.5855555555555556
53216494,roads,17,6,42.78138888888889
53211128,other,2,5,0.47583333333333333
53215121,other,23,6,16.25
53215591,other,23,5,0.5686111111111111
53214840,other,10,6,5.552777777777778
53219543,other,17,6,1.9994444444444444
53219314,other,11,6,84.91666666666667
53213860,other,8,6,120.57277777777777
53216447,other,14,6,5.62
53217604,other,6,6,28.926388888888887
53222792,other,16,6,112.57638888888889
53224271,other,17,0,7.1258333333333335
53220899,other,14,6,0.3638888888888889
53217179,other,8,6,105.63527777777777
53216427,other,23,5,0.0022222222222222222
53215581,other,0,6,0.39194444444444443
53210404,other,0,5,35.16861111111111
53211373,other,19,5,42.66888888888889
53213194,other,17,6,1.413888888888889
53217404,other,8,6,20.787222222222223
53225692,other,23,0,0.8155555555555556
53214388,other,12,6,1973.236388888889
53212954,other,10,6,150.34916666666666
53210531,other,16,5,92.62638888888888
53220088,other,0,6,159.86555555555555
53222335,other,12,6,0.5208333333333334
53217331,other,1,6,130.84472222222223
54278804,other,23,2,0.10222222222222223
53221477,other,8,6,169.40527777777777
53213818,other,9,6,134.2
53221983,water,13,6,382.3961111111111
53217379,other,0,6,33.06333333333333
53215850,other,10,6,151.58805555555554
53221810,other,9,6,0.7436111111111111
53219267,other,22,6,73.78333333333333
53215075,streetlights,14,6,1.0166666666666666
53217358,other,8,6,131.82194444444445
53213231,other,0,0,1.1375
53218079,other,0,6,0.7269444444444444
53214443,other,18,6,117.57527777777777
53211107,other,10,5,0.9869444444444444
53215334,other,18,6,118.68388888888889
53215200,other,13,6,34.733333333333334
53214433,other,8,6,131.63861111111112
53217723,other,22,5,0.0022222222222222222
53224749,other,17,0,17.280555555555555
53218084,other,23,6,0.30444444444444446
53212224,other,19,5,111.90277777777777
53214625,other,17,6,117.99694444444444
53214090,other,22,5,0.47888888888888886
53222860,other,8,6,130.30055555555555
53214897,other,12,6,6.7
53216715,water,21,6,787.3894444444444
53218052,other,13,6,625.3677777777777
53212723,other,22,6,0.2752777777777778
53213089,other,21,5,6.228055555555556
53220041,other,11,6,124.25055555555555
53215388,other,6,6,0.30083333333333334
53216147,other,18,6,186.68972222222223
45606830,other,19,3,172.11666666666667
53211347,other,3,5,89.23805555555556
53213107,other,10,6,101.90972222222223
53215347,other,15,6,3.3405555555555555
53214647,other,15,6,53.59166666666667
53213866,other,13,6,125.96416666666667
53216896,other,18,6,0.7186111111111111
53211829,other,14,5,143.03805555555556
53211451,other,13,5,49.401944444444446
53212449,other,10,5,0.7105555555555556
53217829,other,11,6,170.64194444444445
53219967,other,19,6,38.81638888888889
53223553,other,18,0,70.39861111111111
53226237,other,17,0,662.5016666666667
53218081,other,20,6,0.28888888888888886
53211950,roads,22,5,0.0
53212191,other,22,5,69.45694444444445
53211548,other,11,5,129.36277777777778
53224501,other,8,0,150.91055555555556
53217375,other,0,6,161.98388888888888
53222188,other,19,6,1.1791666666666667
53224088,other,23,0,20499.441944444443
53211098,other,2,5,0.6875
53213262,other,9,6,193.79166666666666
53217744,other,13,6,148.76666666666668
53213212,other,14,6,213.655
53214144,other,14,6,23946.713055555556
53216693,other,4,6,199.62305555555557
53212800,other,0,0,0.14027777777777778
53220940,other,1,6,0.3977777777777778
53218330,other,18,5,10.62888888888889
53213516,other,7,6,13059.117777777778
53217130,other,21,6,455.18416666666667
53213558,other,1,6,113.3725
53217518,other,14,6,26.371111111111112
53213922,other,19,6,22.461666666666666
53224552,other,9,0,71.45416666666667
53214600,other,8,6,5.027777777777778
53215936,other,11,6,46.75972222222222
53216714,water,22,6,355.02722222222224
53217611,other,19,6,1.3363888888888888
53216037,other,8,6,25.434722222222224
53214020,roads,19,6,0.0
53213313,other,14,6,941.7644444444444
53211446,other,9,5,77.93611111111112
53217854,other,13,6,69.61666666666666
53213255,other,18,6,138.57666666666665
53225663,other,20,0,2.5844444444444443
53219470,other,15,6,0.19083333333333333
53211683,other,17,5,0.001388888888888889
53215095,other,22,5,0.0011111111111111111
53220120,other,2,6,34.591388888888886
53213545,other,0,6,0.001388888888888889
53219847,other,17,6,116.01472222222222
53219792,other,9,6,25.540555555555557
53220098,other,12,6,32.93138888888889
53214346,other,22,5,0.43666666666666665
53248621,other,11,2,5.483611111111111
53212046,other,9,5,104.63222222222223
53216472,other,16,6,935.3652777777778
53214273,other,23,5,1.9052777777777778
53225729,other,20,0,0.9552777777777778
53216818,other,0,0,2.8005555555555555
53210875,other,9,5,48.85027777777778
53217797,other,17,6,19.014166666666668
53212114,other,12,5,50.778055555555554
54274986,garbage,19,1,328.9825
53211321,other,23,5,33.077222222222225
53212030,other,14,5,78.29527777777778
53217647,other,17,6,0.8111111111111111
53211602,other,5,5,0.06055555555555556
53212892,other,23,6,0.03888888888888889
53215686,other,23,5,3.0766666666666667
53216378,other,19,6,0.5633333333333334
53222256,other,9,6,1.2308333333333332
53211162,other,12,5,378.8122222222222
53219728,other,20,5,8.58611111111111
53214591,other,10,6,151.51277777777779
53212753,other,22,6,0.38416666666666666
53211537,other,20,5,119.19361111111111
53220009,other,14,6,74.87583333333333
53214417,other,12,6,0.9911111111111112
53215071,water,18,6,2.466666666666667
53214125,other,17,6,0.6822222222222222
53214380,other,15,6,0.6363888888888889
53217450,other,15,6,88.15166666666667
53219012,other,20,6,1.4533333333333334
53214490,other,3,6,105.60166666666667
53211394,other,12,5,99.62972222222223
53217117,other,1,6,0.11388888888888889
53216203,other,12,6,170.14416666666668
53211324,other,11,5,28.328055555555554
53217200,other,19,6,14.724722222222223
53223227,other,14,6,0.12583333333333332
53213666,other,10,6,93.03944444444444
53221042,other,23,5,1.7625
53215653,other,21,5,7.268055555555556
53215986,other,3,6,158.3
53218025,water,8,6,1941.1819444444445
53214800,other,20,6,8.576944444444445
53212998,other,1,0,0.4625
53215335,other,16,6,99.30583333333334
53217864,other,10,6,33.74638888888889
53210429,other,18,5,109.19027777777778
53213407,other,12,6,25.450833333333332
45606795,garbage,13,3,46.5
53217799,other,11,6,852.4008333333334
53215242,other,20,6,851.9347222222223
53226121,other,21,0,63.12027777777778
53210441,other,16,5,119.62694444444445
53211994,other,22,5,112.4325
53215436,other,15,6,2.209722222222222
53215935,other,17,6,191.03222222222223
53212603,other,13,5,0.0022222222222222222
53210947,other,16,5,0.7425
53216939,other,9,6,0.9936111111111111
53211100,other,2,5,0.47638888888888886
53224454,other,12,0,407.9141666666667
45605647,roads,14,2,46.759166666666665
53212387,other,10,5,0.3416666666666667
53214244,other,22,6,0.36027777777777775
53217825,other,7,6,26.47888888888889
53213008,other,8,6,0.034722222222222224
53214091,other,8,6,0.4330555555555556
53210706,drainage,18,5,0.8833333333333333
45600275,other,17,2,42.2
53211887,other,3,5,140.42111111111112
53211091,other,14,5,1.4313888888888888
53214233,other,15,6,0.11666666666666667
53217537,other,22,6,683.14
53213240,other,9,6,0.4627777777777778
53215376,other,15,6,0.8338888888888889
53216365,other,11,6,3.5105555555555554
53215404,other,21,6,0.9441666666666667
53221369,other,11,6,5.995555555555556
53217809,other,9,6,7.841388888888889
53214785,other,10,6,26.596666666666668
53221278,other,14,6,3.992777777777778
53239045,other,13,1,22.75
53212968,other,22,5,5.005
53212868,other,0,0,0.5622222222222222
53215052,other,19,6,0.4419444444444444
53214044,other,5,6,20540.846944444445
53215015,other,11,6,3.4072222222222224
53223672,other,23,0,109.6075
53211509,other,8,5,166.01305555555555
53210889,other,15,5,0.0030555555555555557
53216246,other,16,6,23.053055555555556
53210645,other,21,5,97.84027777777777
53212164,other,0,5,91.45416666666667
53210650,other,12,5,128.1586111111111
53224441,other,2,0,538.6552777777778
53217952,other,21,6,66.56555555555556
53214624,other,10,6,96.53027777777778
53220130,other,15,6,99.3086111111111
53211879,other,14,5,153.05
53215067,other,20,6,4.950555555555556
53213633,other,10,6,129.7925
53214438,other,7,6,1327.0827777777777
53215475,other,11,6,0.43666666666666665
53214194,other,21,6,0.11694444444444445
53215718,other,0,6,0.23305555555555554
53223649,other,9,0,123.08472222222223
53211255,other,13,5,21.524166666666666
53212316,other,15,5,122.68083333333334
53212810,other,23,6,2.4852777777777777
53212193,other,21,5,132.1338888888889
53214543,other,7,6,127.84555555555555
53212841,other,21,5,6.945555555555556
53216522,other,8,6,120.56861111111111
53211618,other,10,5,813.7325
53216470,other,0,6,0.0011111111111111111
53215282,other,8,6,48.825
53219056,other,14,6,0.915
53213026,other,22,6,160.78833333333333
53216013,other,1,6,80.44277777777778
53221781,other,1,6,4.001944444444445
53214809,other,16,6,135.76361111111112
53220046,other,21,6,106.50361111111111
53213497,other,13,6,20520.679166666665
53217107,other,13,6,1.3652777777777778
53210561,other,0,5,66.85222222222222
53213039,other,9,6,1.3669444444444445
53215186,other,16,6,55.083333333333336
54092571,other,21,3,1.1230555555555555
53213329,other,23,6,0.9958333333333333
53210354,other,10,5,149.86888888888888
53218389,other,23,5,3.6486111111111112
53212097,other,20,5,42.51722222222222
53214026,water,19,6,1021.0222222222222
53217806,other,21,6,1.8508333333333333
53212067,other,10,5,148.6136111111111
53223206,other,1,0,0.7436111111111111
53217637,other,10,6,29.6125
53215387,infrastructure,15,6,8.840833333333334
53221926,other,10,6,4110.350277777778
53213496,other,10,6,32.33583333333333
53216548,drainage,15,6,4.683333333333334
53216410,other,17,6,0.07027777777777777
53217382,other,8,6,191.20472222222222
53210653,other,6,5,218.64
53212023,other,11,5,120.95055555555555
53217036,other,20,5,8.828333333333333
53216199,other,16,6,144.3636111111111
53214078,other,22,6,0.20472222222222222
53211549,other,4,5,98.45055555555555
53216582,other,18,6,45.29972222222222
53219068,other,0,6,0.04388888888888889
53214546,other,19,6,111.87416666666667
53216840,other,21,5,1.9169444444444443
53217344,other,9,6,77.51222222222222
53213478,other,8,6,97.79527777777778
53220850,other,16,6,23943.987777777777
53225056,other,23,0,0.5930555555555556
53210562,other,17,5,91.63472222222222
53213319,other,14,6,198.47277777777776
53214692,other,15,6,73.89611111111111
53219299,other,18,6,101.15
53219910,other,12,6,76.07972222222222
53211269,other,0,5,39.55638888888889
53221851,other,10,6,0.8497222222222223
53212054,other,17,5,117.4113888888889
53216567,water,16,6,24.116666666666667
53216758,other,14,6,0.3475
53215668,other,22,6,0.8961111111111111
53210928,other,7,5,57.617222222222225
53221700,other,22,6,0.5169444444444444
53215616,other,1,6,0.10111111111111111
53223107,other,22,5,0.0016666666666666668
45588556,other,23,0,120.68333333333334
53213925,other,8,6,169.82
53214436,other,13,6,333.4613888888889
53212017,other,15,5,123.81944444444444
53214857,other,0,0,2.5344444444444445
53216527,other,10,6,28.34111111111111
53223693,other,10,0,0.6669444444444445
53216469,other,2,6,133.9452777777778
53216707,other,22,6,35.9125
53212127,other,9,5,57.75333333333333
53217861,other,20,6,68.61277777777778
53213261,other,13,6,131.955
53214698,other,7,6,24.16638888888889
53216342,other,0,0,3.2688888888888887
53216386,other,21,6,0.5158333333333334
53216124,other,15,6,97.80305555555556
53216561,other,8,6,97.09361111111112
53218101,other,19,5,9.885
53215778,other,8,6,273.47527777777776
53212056,other,10,5,119.98083333333334
54094868,garbage,10,3,362.4163888888889
53219347,other,23,6,3.874722222222222
53218146,other,17,6,1411.57
53216555,drainage,17,6,1.9166666666666667
53213647,other,9,6,76.98305555555555
53211644,other,22,5,705.8388888888888
53213679,other,11,6,168.22805555555556
53216277,other,8,6,174.09694444444443
53213412,other,8,6,131.5888888888889
53211057,streetlights,19,5,51.8
53214815,other,1,0,221.70888888888888
53223507,other,9,0,119.58111111111111
53213087,other,22,5,4.925833333333333
53214877,other,14,6,113.18027777777777
53210716,other,15,5,76.83527777777778
53213287,other,14,6,85.70388888888888
53215047,other,2,6,0.165
53218312,other,21,5,0.8238888888888889
53223789,other,23,0,4.284722222222222
53213689,other,12,6,22.05
53215084,other,8,6,1203.1561111111112
53212766,other,4,6,0.049444444444444444
53213931,other,23,6,680.0261111111112
53212738,other,15,6,0.7575
53211361,other,10,5,98.45972222222223
53215782,other,15,6,124.64777777777778
53217351,other,9,6,49.48138888888889
53213154,other,16,6,10389.580555555556
53222883,other,22,6,35.91222222222222
53212943,other,20,5,8.985833333333334
53216093,other,10,6,50.484722222222224
53219500,other,20,6,1.1822222222222223
53214633,other,0,6,63.12916666666667
53213907,other,3,6,85.57305555555556
53223595,other,12,0,1.5166666666666666
53214277,other,22,5,3.7666666666666666
53213152,other,21,6,107.05111111111111
53214301,other,17,6,0.9925
53212761,other,8,6,0.8102777777777778
54278013,other,19,2,0.6966666666666667
53225316,other,15,0,91.79666666666667
53213067,other,23,5,0.16027777777777777
53213235,other,23,6,113.91333333333333
53212557,other,12,5,0.7841666666666667
53212258,other,5,5,103.4263888888889
53217013,other,22,5,5.643888888888889
53223608,other,11,0,121.18888888888888
53215576,streetlights,12,6,21.3
53212791,other,9,6,23951.605833333335
53215447,other,4,6,0.6341666666666667
53226249,other,6,0,445.70472222222224
53220704,other,23,6,1.41
53212884,other,1,6,0.5533333333333333
53211977,other,10,5,5.307222222222222
53212337,other,23,5,91.51166666666667
53218661,other,5,6,56.78861111111111
53212174,other,23,5,117.07916666666667
53224256,other,13,0,0.6833333333333333
53216328,streetlights,16,6,1.65
53215414,other,1,0,1.666111111111111
53217784,other,23,6,38.64333333333333
53216099,other,10,6,95.57222222222222
53216719,water,17,6,186.3527777777778
53214152,other,22,5,5.025277777777778
53211121,other,3,5,0.3075
53214689,other,12,6,121.45972222222223
53223182,other,15,6,0.33666666666666667
53217974,other,23,6,84.77444444444444
53213298,other,7,6,0.7188888888888889
53217328,other,12,6,147.43666666666667
53214668,other,12,6,44.541111111111114
53216471,other,0,6,24.778333333333332
53226190,other,9,0,103.08305555555556
53215540,other,12,6,20526.998055555556
53212091,other,10,5,151.89305555555555
53219480,other,14,6,23946.694444444445
53213179,other,11,6,134.15944444444443
53215723,other,15,6,0.455
53213101,other,22,6,0.3302777777777778
53212129,other,15,5,148.77666666666667
53212108,other,17,5,24.648333333333333
53217422,other,17,6,185.50416666666666
53219277,other,16,6,31.416666666666668
53222388,other,0,0,0.8169444444444445
53214491,other,17,6,191.09222222222223
53211444,other,19,5,62.29944444444445
53211966,other,9,5,32.74638888888889
53213601,other,16,6,51.25888888888889
53212827,other,10,6,54.65
53212273,other,17,5,44.88611111111111
53216182,other,21,6,144.32
53216067,other,10,6,190.08583333333334
53214158,other,22,5,0.12305555555555556
53210416,other,13,5,119.65638888888888
53211132,streetlights,12,5,83.41666666666667
53216533,other,23,6,38.575833333333335
53214353,other,20,6,0.23166666666666666
53211040,other,14,5,0.5725
53210449,other,5,5,30.00638888888889
53212989,other,18,5,11.006388888888889
53224811,other,14,0,1409.5733333333333
53210874,other,14,5,0.0
53215302,other,11,6,6.886111111111111
53214389,other,0,6,2842.597222222222
53214231,other,14,6,2.7794444444444446
53214003,other,12,6,13229.089166666667
53219143,other,20,6,112.74361111111111
53212524,other,14,5,0.001388888888888889
53213295,other,7,6,26.3
53217421,other,16,6,87.44777777777777
53224164,other,22,0,0.2619444444444444
53215925,other,15,6,91.19916666666667
53210331,other,16,5,67.56333333333333
53216224,other,23,6,565.3425
53212692,infrastructure,22,5,1201.0925
53219973,other,16,6,168.6213888888889
53221446,other,17,6,197.78472222222223
53213618,other,12,6,72.58277777777778
53212320,other,17,5,1653.181388888889
53215234,other,17,6,45.96361111111111
53211306,other,11,5,199.33694444444444
53216648,other,16,6,31.116666666666667
53210596,other,15,5,71.54944444444445
53217737,other,8,6,0.029444444444444443
53213797,other,1,0,46.733333333333334
53215626,other,13,6,1.1822222222222223
53213300,other,11,6,9216.9975
53217005,other,2,6,0.8458333333333333
53212503,other,13,5,1.0391666666666666
53213973,other,21,5,1.3586111111111112
53211532,other,19,5,39.57222222222222
53219915,other,11,6,152.05833333333334
53225042,other,21,0,0.5863888888888888
53223647,other,10,0,101.22666666666667
53216868,other,2,6,0.06166666666666667
53212009,other,9,5,57.83972222222222
53217154,other,20,6,95.1061111111111
53216404,other,0,6,0.001388888888888889
53216909,other,22,5,0.4058333333333333
53211006,other,11,5,84.93333333333334
53211273,other,9,5,128.35916666666665
53215041,other,19,6,0.7611111111111111
53218864,other,0,6,2.951111111111111
53216292,other,22,6,105.83305555555556
53220500,other,17,6,1219.7508333333333
53215260,other,11,6,122.02444444444444
53212798,other,17,6,262.24694444444447
53213829,other,12,6,156.0
53215017,other,17,6,0.5783333333333334
53216021,other,14,6,92.85333333333334
53220585,water,19,6,1.3
53211350,other,5,5,107.97666666666667
53215390,other,11,6,0.5766666666666667
53223193,other,14,6,182.87944444444443
53217805,other,7,6,126.93194444444444
53215124,other,17,6,480.80444444444447
53214452,other,12,6,362.4633333333333
53213565,other,11,6,120.28555555555556
53225290,other,20,0,0.04083333333333333
53215984,other,21,6,89.55972222222222
53215673,other,19,5,9.852222222222222
53217245,other,23,6,163.1688888888889
53210353,other,11,5,73.30916666666667
54093786,other,22,3,1.9980555555555555
53215392,water,13,6,238.9388888888889
53210922,other,18,5,285.68055555555554
53216599,other,18,6,149.65
53224140,other,21,6,3194.4836111111113
53215428,other,14,6,23946.616666666665
53212324,other,12,5,384.6722222222222
53215890,other,18,6,114.54222222222222
53217058,other,0,6,0.6983333333333334
53212208,other,20,5,109.77083333333333
53215654,other,20,5,8.730555555555556
53215002,other,21,5,3.358611111111111
53212928,other,20,5,7.621388888888889
53217667,other,21,6,0.14277777777777778
53222171,other,22,5,0.7136111111111111
53216836,other,1,0,1.3941666666666668
53210913,other,11,5,239.68277777777777
53210783,other,16,5,3018.2725
53211726,other,6,5,0.001388888888888889
53252133,other,15,2,149.61638888888888
53214713,other,12,6,24.71472222222222
53219433,other,19,6,1.1269444444444445
53217706,streetlights,15,6,42.71666666666667
53213629,other,9,6,78.295
53212169,other,4,5,117.15027777777777
53212939,other,21,5,7.5225
53217710,other,19,6,2.256388888888889
53218913,other,20,6,115.28333333333333
53214967,other,23,6,1.3347222222222221
53212302,other,10,5,130.09944444444446
53222425,other,3,6,0.9486111111111111
53210985,water,12,5,9287.332777777778
53220639,other,12,6,35.28333333333333
53216095,other,8,6,109.39444444444445
53214256,other,22,5,3.673888888888889
53210592,other,23,5,107.63722222222222
53214549,other,16,6,71.18027777777777
53210817,other,13,5,68.20583333333333
53215136,other,6,6,697.8308333333333
53210895,other,17,5,0.5766666666666667
53216580,other,14,6,49.91861111111111
53213118,other,18,6,210.23194444444445
53216411,other,15,6,0.22583333333333333
53214405,other,22,6,451.7425
53215879,other,0,6,103.90277777777777
53221115,other,15,6,75.02944444444445
53211556,other,15,5,124.22694444444444
53215868,other,8,6,170.02555555555554
53210795,other,0,5,806.5158333333334
53215485,other,18,6,1.2502777777777778
53210519,other,18,5,43.85527777777778
53217178,other,3,6,107.04916666666666
53218076,other,23,6,0.49277777777777776
53212272,other,10,5,54.100833333333334
53217643,other,12,6,0.4375
53217756,other,10,6,52.925555555555555
53215946,other,2,6,14.733055555555556
53217858,other,22,6,64.30388888888889
53215738,other,21,5,0.7705555555555555
53217035,other,12,6,0.3030555555555556
53213335,other,10,6,6.989444444444445
53218823,other,19,6,163.22444444444446
53216233,other,12,6,91.32555555555555
53217566,other,14,6,186.48277777777778
53214427,other,10,6,214.035
53223502,other,23,0,1.7797222222222222
53217619,other,9,6,23.775
53223754,other,13,0,21.266666666666666
53222444,other,21,5,6.987777777777778
53215853,other,13,6,119.17722222222223
53219528,other,23,5,1.803611111111111
53214124,other,19,6,0.3386111111111111
53211737,other,16,5,0.7488888888888889
53213642,other,11,6,19.98472222222222
53213730,other,10,6,171.4
53214739,other,19,6,110.125
53210467,other,19,5,65.90277777777777
53214469,other,14,6,146.1611111111111
53221006,other,2,6,0.07305555555555555
53217377,other,21,6,164.1938888888889
53213117,other,9,6,151.26527777777778
53212851,other,13,6,0.11694444444444445
53220487,other,10,6,0.10138888888888889
53248180,other,8,2,3.418888888888889
53218179,other,22,5,0.4311111111111111
53212703,other,5,6,37.733333333333334
53216483,other,11,6,102.54416666666667
53218077,other,19,6,1.066111111111111
53216188,other,11,6,80.1775
53211782,other,16,5,0.0016666666666666668
53211323,other,4,5,7.592222222222222
53210835,other,3,5,394.5702777777778
53217221,other,23,6,13.553888888888888
53215156,other,16,6,55.43333333333333
53216122,other,9,6,151.38222222222223
53219604,other,14,6,0.7030555555555555
53212774,other,22,6,4.37
53217736,other,14,6,1.6797222222222221
53218130,other,5,6,0.6555555555555556
45593763,garbage,9,1,2.316666666666667
53212877,other,20,6,0.09305555555555556
53215844,other,10,6,188.8925
53212425,other,8,5,1.3197222222222222
53211908,other,21,5,45.53333333333333
53216712,other,22,6,35.9125
53216226,other,13,6,146.51805555555555
53216222,other,12,6,100.27583333333334
53224083,other,19,0,998.3444444444444
53216789,other,23,5,1.2919444444444443
53214883,other,17,6,0.0
53214155,other,18,5,10.854722222222222
53217638,other,13,6,74.21805555555555
53215688,other,21,5,5.961944444444445
53215299,other,15,6,73.55222222222223
53221930,drainage,11,6,2.6666666666666665
53224179,other,16,0,2.7911111111111113
53211402,other,17,5,97.92666666666666
53210796,other,15,5,370.2961111111111
53215672,other,20,5,9.072777777777778
53217447,other,18,6,137.72805555555556
53212947,other,14,6,0.4866666666666667
53217635,other,11,6,0.815
53225731,other,10,0,0.4647222222222222
54095598,other,16,3,4194.833055555556
53217317,other,22,6,69.58777777777777
53210982,other,15,5,384.72194444444443
53214994,other,19,6,14.00388888888889
53212057,other,13,5,45.03805555555556
53215820,other,15,6,184.67305555555555
53222668,other,11,6,45.17527777777778
53219004,other,17,6,43.10194444444444
53217199,other,1,6,36.78138888888889
53211177,other,17,5,1213.671388888889
53213938,other,11,6,318.23305555555555
53223585,other,8,0,168.34416666666667
53211712,other,16,5,0.026111111111111113
53215439,other,19,6,0.6844444444444444
53211917,other,2,5,0.44916666666666666
53224819,other,16,0,52.094166666666666
53210610,other,11,5,152.88055555555556
53215417,other,15,6,1.0466666666666666
53215143,water,9,6,0.18333333333333332
53211134,other,3,5,0.6161111111111112
53217445,other,15,6,88.9738888888889
51087964,other,0,6,0.17833333333333334
53215759,other,22,6,0.03805555555555556
53213583,other,12,6,50.21361111111111
53214137,other,0,0,2.0744444444444445
53217866,other,22,6,162.06472222222223
53214171,other,18,5,11.200833333333334
53225358,other,15,0,1.938611111111111
53212422,drainage,2,5,1.3333333333333333
53215145,other,9,6,678.8558333333333
53211707,other,17,5,0.0016666666666666668
53218160,other,23,5,1.8719444444444444
53223656,other,16,0,124.39055555555555
53215789,other,13,6,8067.5225
53223522,other,22,0,0.47305555555555556
53211920,other,3,5,1.1727777777777777
53217186,other,16,6,95.02694444444444
53213861,other,16,6,166.3175
53211955,other,8,5,2062.105
53210715,other,20,5,90.30305555555556
53211029,other,13,5,12166.208055555555
53218053,other,14,6,20531.540555555555
53213815,roads,15,6,21.261111111111113
53216240,other,16,6,40.12277777777778
53211913,other,13,5,0.5472222222222223
53223420,other,15,0,0.2025
53217987,other,8,6,6.748055555555555
53212244,other,20,5,131.69972222222222
53212891,other,11,6,0.39611111111111114
53213567,other,10,6,53.06638888888889
53221774,other,12,6,52.21666666666667
53211070,other,5,5,0.6263888888888889
54095039,other,11,3,0.8380555555555556
53210719,other,10,5,826.2530555555555
53214291,other,21,6,0.37694444444444447
53214053,other,22,5,0.20055555555555554
53210510,other,16,5,42.310833333333335
53211592,other,4,5,2271.9547222222222
53215360,other,11,6,1.388611111111111
53211387,other,18,5,136.16472222222222
53223469,other,22,0,0.9352777777777778
53216545,water,20,6,0.9166666666666666
53216127,other,12,6,100.76694444444445
53214143,other,23,6,4.0175
53213625,other,3,6,147.55138888888888
53215913,other,16,6,42.08027777777778
53212576,other,14,5,0.0019444444444444444
53217590,other,21,5,0.5363888888888889
53216440,other,9,6,1.905
53222674,other,21,6,47.89416666666666
53210444,other,7,5,51.25694444444444
53213746,other,0,0,1620.4575
53223036,other,22,6,105.81666666666666
53213311,other,17,6,18.94527777777778
53213585,other,9,6,25.13
53215816,other,11,6,149.0547222222222
53215889,other,19,6,16171.191388888888
53216925,other,23,5,0.5497222222222222
53214651,other,3,6,32.33694444444444
53220972,other,10,6,291.055
53224595,other,15,0,65.22611111111111
53214481,other,15,6,17.91583333333333
53218395,other,18,5,10.914444444444445
53221130,other,5,6,76.34388888888888
53215569,other,19,5,9.846666666666666
53211197,other,8,5,84.0436111111111
53213367,other,9,6,192.465
53215098,other,15,6,20.65
53216744,other,19,6,0.1063888888888889
53215908,other,12,6,30.495277777777776
53210480,other,11,5,129.62472222222223
53214221,other,23,6,0.03222222222222222
53216538,other,5,6,193.805
53218955,other,21,6,0.8411111111111111
53210608,other,19,5,108.3125
53213725,other,22,6,0.6588888888888889
53215443,infrastructure,19,6,868.9441666666667
53222174,other,10,6,1.5283333333333333
53217142,other,17,6,2018.7086111111112
53219401,other,20,5,7.8725
53210336,other,8,5,104.61277777777778
53218066,other,21,6,1.0694444444444444
53221465,other,16,6,17.19638888888889
53215595,other,23,6,1.9702777777777778
53210866,other,8,5,0.0022222222222222222
53216116,other,21,6,7.276666666666666
53210951,other,17,5,234.55416666666667
53214973,other,23,6,33.906666666666666
53217161,other,12,6,52.34388888888889
53211641,other,15,5,42.43277777777778
53217492,other,15,6,22.75861111111111
53215106,water,21,6,1.55
53213050,other,18,5,10.807777777777778
53226172,other,3,0,237.9625
53214186,other,10,6,0.03861111111111111
53216392,streetlights,1,6,609.1166666666667
53217045,other,21,6,0.8133333333333334
53215344,other,17,6,30.971944444444443
53213392,other,15,6,147.3213888888889
53217363,other,2,6,128.54444444444445
53216817,other,23,6,3.6491666666666664
53214019,water,23,6,3622.2525
53216206,other,21,6,182.73666666666668
53214740,other,7,6,103.42194444444445
53217347,other,3,6,174.01583333333335
53218924,other,16,6,95.88194444444444
53226327,infrastructure,19,0,1756.9886111111111
53215408,other,12,6,5.905277777777778
53214597,other,18,6,65.04888888888888
53218578,other,9,6,123.44416666666666
53218016,water,2,6,464.4277777777778
53217025,other,23,5,0.7386111111111111
53210906,other,9,5,0.07861111111111112
53216728,infrastructure,2,6,45.266666666666666
53215155,other,16,6,151.25
53214504,other,9,6,130.81222222222223
53213111,other,11,6,25.00638888888889
53215272,other,13,6,117.34805555555556
53213193,other,10,6,1028.68
53218070,water,22,6,86.75888888888889
53211028,infrastructure,17,5,30.075833333333332
53213698,other,23,6,108.0
53220377,other,21,6,0.5155555555555555
53214752,other,18,6,258.9075
53211044,streetlights,21,5,1.1333333333333333
53218216,other,21,5,3.5372222222222223
53215833,other,9,6,151.36638888888888
53212935,other,14,6,67.95055555555555
53213986,other,12,6,1.721111111111111
53218064,other,18,6,0.465
53219291,other,15,6,0.7269444444444444
53216877,other,22,6,0.3055555555555556
53217838,other,6,6,51.44444444444444
53216792,other,8,6,0.315
53211027,other,12,5,59.26861111111111
53223926,roads,6,1,39.575
53217020,other,0,6,0.7422222222222222
53211110,other,16,5,0.7575
53212909,other,0,0,1.0716666666666668
53213556,other,22,5,0.0016666666666666668
53211811,other,10,5,0.0019444444444444444
53210352,other,8,5,9.2775
53215057,other,12,6,2.323888888888889
53211111,other,10,5,0.6841666666666667
53211497,other,14,5,73.0875
53211428,other,0,5,86.72305555555556
53214515,other,7,6,172.89305555555555
53214453,other,2,6,11.767222222222221
53218377,other,22,5,0.335
53217151,other,22,6,58.85472222222222
53213142,other,9,6,3.245
53212303,other,19,5,92.21638888888889
53210986,streetlights,7,5,0.8333333333333334
53215407,other,18,6,1.2883333333333333
53219024,other,17,6,0.060833333333333336
53216332,other,11,6,0.12
53213819,other,22,6,73.31666666666666
53215650,other,21,5,7.1175
53214905,other,11,6,4.986111111111111
53213630,other,11,6,236.64138888888888
53213871,other,12,6,77.17972222222222
53212933,other,23,5,2.5280555555555555
53214099,other,18,6,1.245
53225014,other,10,0,79.36916666666667
53217505,other,12,6,1.0566666666666666
53225952,other,10,0,73.2225
53220242,other,11,6,0.0
53214080,other,1,6,0.25333333333333335
53213999,other,16,6,783.9572222222222
53213054,other,22,5,0.8191666666666667
53216698,other,16,6,99.30611111111111
53211379,other,9,5,131.0572222222222
53218103,other,2,6,0.8991666666666667
53212450,other,16,5,1.0911111111111111
53214968,other,12,6,2.11
53226167,other,22,0,34.52527777777778
53220367,other,8,6,2.6744444444444446
53216245,other,20,6,82.91722222222222
53211558,other,13,5,114.33722222222222
53216787,other,13,6,0.3630555555555556
53216996,other,18,5,10.672222222222222
53212053,other,14,5,118.635
53220393,other,12,6,1.0369444444444444
53216135,other,11,6,54.282222222222224
53216086,other,13,6,98.26722222222222
53225813,infrastructure,11,0,0.0
53212816,other,13,6,1.1675
53212034,other,18,5,140.59472222222223
53212051,other,3,5,64.00611111111111
53217897,other,12,6,83.84944444444444
53219952,other,10,6,100.64472222222223
53224268,other,8,0,2.328611111111111
54275138,water,18,1,1986.4166666666667
53216416,other,1,0,0.6586111111111111
53215783,other,12,6,3435.511111111111
53210732,other,17,5,404.13944444444445
53225167,other,21,0,0.6247222222222222
53214293,other,3,6,1.735
53216371,other,18,6,0.058611111111111114
53212266,other,4,5,104.37277777777778
53216847,other,23,6,0.47694444444444445
53211929,other,12,5,1.3216666666666668
53211279,other,8,5,85.1211111111111
53218317,other,0,0,2.417222222222222
53214027,infrastructure,17,6,1686.9719444444445
53214107,other,7,6,0.11527777777777778
53210813,other,9,5,0.47944444444444445
53218013,other,17,6,38.91777777777778
53212621,other,14,5,407.81055555555554
53212984,other,21,5,7.491388888888889
53216571,other,15,6,1.736388888888889
53211032,other,17,5,0.39361111111111113
53215499,roads,13,6,241.30694444444444
53212680,other,13,6,202.0613888888889
53224936,water,15,0,336.21694444444444
53210377,other,9,5,155.13333333333333
53219774,other,20,6,166.06555555555556
53221863,other,16,6,0.9219444444444445
53214866,other,11,6,98.3525
53216210,other,23,6,20510.067222222224
53216119,other,13,6,153.1775
53213337,other,12,6,121.93194444444444
53222214,other,17,6,23943.444444444445
53215929,other,11,6,28.050555555555555
53224604,other,15,0,47.543055555555554
53220780,other,0,6,0.6302777777777778
53218017,water,12,6,595.7936111111111
53214970,other,19,6,1.3708333333333333
53215065,other,4,6,0.9663888888888889
51094091,other,0,0,0.3175
53211522,other,9,5,122.56611111111111
53216651,other,15,6,21.8
53225128,other,19,0,0.7808333333333334
53213216,other,8,6,0.9430555555555555
53215545,other,18,6,23942.908055555556
53213674,other,1,6,168.04305555555555
53219565,other,21,5,6.464166666666666
53210932,other,10,5,0.002777777777777778
53214054,other,22,5,0.28194444444444444
53216531,other,9,6,129.48888888888888
53214442,other,0,6,161.48333333333332
53220141,other,7,6,102.05416666666666
53217501,other,15,6,111.73083333333334
53214127,other,16,6,1.6197222222222223
53215740,other,23,5,0.7422222222222222
53213472,other,11,6,0.5719444444444445
53214783,other,22,6,90.87472222222222
53211975,other,14,5,1.5505555555555555
53214564,other,0,6,111.24472222222222
53215195,other,19,6,100.13333333333334
53215054,other,22,6,2.7422222222222223
53224703,other,6,0,13.808333333333334
53217568,other,14,6,48.86555555555555
53214694,other,15,6,117.04833333333333
53211949,other,15,5,72.5911111111111
53216294,other,11,6,186.54222222222222
53217021,other,20,5,7.810277777777777
53218965,other,3,6,0.025555555555555557
53213531,other,13,6,20520.64888888889
53224868,other,11,0,414.445
53212144,other,13,5,53.708888888888886
53217498,other,18,6,85.20388888888888
53213588,other,12,6,104.15138888888889
53217812,other,12,6,20.803055555555556
53213257,other,17,6,1219.7508333333333
53215519,other,21,6,1.215
53216702,other,9,6,339.4736111111111
53222717,other,14,6,45.4275
53214007,other,15,6,42.91138888888889
53211259,other,18,5,42.63527777777778
53226347,other,18,0,0.9105555555555556
53213108,other,13,6,2.3652777777777776
53216423,other,15,6,3.5725
53224398,other,12,0,2081.5344444444445
53215487,other,0,6,0.47333333333333333
53216977,other,19,6,0.3813888888888889
53218100,other,15,6,0.015833333333333335
53213343,other,8,6,10.972222222222221
53215138,other,23,6,113.91333333333333
53214572,other,0,6,15.62888888888889
53212641,roads,15,5,39.54555555555555
53216359,other,12,6,0.5294444444444445
53214001,other,17,6,1.2691666666666668
53211628,other,10,5,1.055
53212611,other,15,5,0.001388888888888889
53216491,other,0,6,871.755
53214406,other,0,6,2842.5975
53211049,other,14,5,9.700833333333334
53218145,other,13,6,20532.778055555555
53224929,infrastructure,20,6,411.5263888888889
53216854,other,21,6,1.173888888888889
53215174,other,19,6,28.483333333333334
53216612,other,19,6,148.83333333333334
53212465,water,21,5,185.79555555555555
53210346,other,15,5,44.51555555555556
53225348,other,21,0,0.5286111111111111
53219994,other,21,6,63.67472222222222
53215637,other,21,6,0.49083333333333334
53210629,other,19,5,43.65972222222222
53211722,other,15,5,0.0016666666666666668
53217670,other,20,6,0.8316666666666667
53216508,other,22,6,17.752777777777776
53221969,other,22,6,451.7425
53217653,other,18,6,1.1177777777777778
53214096,other,18,6,0.6738888888888889
53213906,other,21,6,41.995555555555555
53213790,other,16,6,223.26666666666668
53211589,other,19,5,117.44611111111111
53214330,other,18,5,10.576666666666666
53215528,other,19,5,9.22888888888889
53218903,other,15,6,189.6927777777778
53214477,other,17,6,14.240555555555556
53212354,drainage,8,5,2152.616666666667
53217254,other,3,6,107.90277777777777
53213468,other,22,6,24.104166666666668
53211422,other,7,5,149.6213888888889
53224351,other,16,0,383.7011111111111
53210775,other,11,5,0.09888888888888889
53213977,other,12,6,23.280277777777776
53214513,other,9,6,190.40555555555557
53210678,other,13,5,117.46666666666667
53212787,roads,19,6,0.0
53218122,other,12,6,1.136111111111111
53225625,other,17,0,0.7763888888888889
53212298,other,17,5,112.9625
53216484,other,12,6,123.55361111111111
53210701,other,18,5,44.742222222222225
53210756,other,17,5,404.13944444444445
53211047,other,14,5,273.14916666666664
53214975,other,11,6,45.16027777777778
53225165,other,17,0,0.5108333333333334
53211165,other,9,5,269.1333333333333
53225326,other,9,0,58.12111111111111
53214006,other,8,6,76.44555555555556
53210476,other,2,5,58.43416666666667
53215957,other,10,6,96.87361111111112
53214239,other,16,6,23944.84361111111
53216871,other,21,6,0.1913888888888889
53211039,other,6,5,0.4633333333333333
53212125,other,2,5,34.99333333333333
53212873,other,22,6,0.5102777777777778
53214495,other,12,6,32.24055555555555
53217121,other,19,6,278.78194444444443
53216232,other,0,0,188.60861111111112
53220679,other,15,6,1.9861111111111112
53214475,other,20,6,48.36055555555556
53216114,other,15,6,212.66833333333332
53220863,other,20,5,2.566388888888889
53222629,other,9,6,7.200833333333334
53216632,other,11,6,36.233333333333334
53225534,other,9,0,23926.926666666666
53216760,other,18,6,1.5025
53217895,other,14,6,390.445
53222315,other,21,5,5.979722222222223
53213987,other,16,6,0.5475
53217407,other,14,6,90.55888888888889
53214219,other,21,6,3.515
53216251,other,12,6,191.84666666666666
53213001,other,23,5,1.6566666666666667
53215216,other,8,6,30.15972222222222
53214643,other,18,6,114.53611111111111
53214229,other,22,5,0.6336111111111111
53216089,other,13,6,67.61638888888889
53223378,other,18,6,197.7
53215251,other,13,6,169.31472222222223
53218545,other,18,6,25.9625
53214421,other,7,6,465.74861111111113
53218035,other,0,0,1.7741666666666667
53215304,other,20,6,71.53944444444444
53212893,other,16,6,3.2
53215431,other,1,0,1.498888888888889
53217259,other,19,6,25.57138888888889
53216084,other,16,6,99.12388888888889
53216465,other,16,6,24.142777777777777
53211915,other,3,5,0.8991666666666667
53215860,other,0,6,199.87333333333333
53215087,other,6,6,29.575555555555557
53210811,other,17,5,0.4052777777777778
53210555,other,21,5,180.17638888888888
54110564,other,19,6,73.8
53214660,other,15,6,49.75083333333333
53210703,other,0,5,37.62722222222222
53211404,other,21,5,35.61361111111111
53217975,water,20,6,455.4433333333333
53213314,other,0,0,1.1383333333333334
53224035,other,14,0,91.3788888888889
53214428,other,21,6,364.19055555555553
53214234,other,22,5,0.028333333333333332
53216890,other,1,6,0.2375
53215476,other,21,6,0.6594444444444445
54275235,other,6,1,0.9291666666666667
53212744,other,12,6,0.22805555555555557
53217040,other,12,6,0.8544444444444445
53210489,other,18,5,67.77638888888889
53222159,other,0,0,0.8036111111111112
53210637,other,11,5,47.1625
53210978,water,19,5,7100.114166666666
53214781,other,22,6,137.7075
53210453,other,12,5,71.22
53216395,other,23,5,64.79083333333334
53213426,other,9,6,154.2722222222222
53214939,other,23,6,128.89138888888888
53212140,other,17,5,146.59972222222223
53215871,other,8,6,191.79333333333332
53217665,other,22,6,0.9983333333333333
53215169,other,21,6,26.983333333333334
53216767,other,22,5,0.4022222222222222
53217120,other,15,6,1085.0944444444444
53214454,other,12,6,78.205
53215825,other,19,6,67.33972222222222
53210435,other,3,5,53.43805555555556
53211073,other,2,5,1.1483333333333334
53217001,other,4,6,0.14555555555555555
53212636,roads,15,5,42.925555555555555
53212656,other,15,5,80.51666666666667
53216603,other,14,6,81.31666666666666
53217578,streetlights,15,6,0.9
53219041,other,5,6,0.001388888888888889
53217926,other,14,6,57.5
53217869,other,11,6,412.4977777777778
53222508,other,18,6,163.37777777777777
53213833,other,22,6,17.651944444444446
53210809,other,15,5,1.7641666666666667
53211083,other,5,5,0.9833333333333333
53217937,other,13,6,106.05
53216644,other,19,6,28.283333333333335
53214423,other,16,6,2687.4330555555557
53225108,other,12,0,62.632777777777775
53218060,other,11,6,74.33944444444444
53214606,other,20,6,165.0275
53219956,other,11,6,125.30611111111111
53214863,other,19,6,83.50972222222222
53217471,other,15,6,111.54583333333333
53218892,other,0,0,245.11333333333334
53211853,streetlights,21,5,40.03333333333333
53213951,other,20,6,276.7872222222222
53212924,other,8,6,0.4725
53215323,other,20,6,240.46444444444444
53211295,other,18,5,22.725555555555555
53216814,other,1,0,0.8844444444444445
53215976,other,15,6,91.61277777777778
53215943,other,11,6,79.04638888888888
53217457,other,13,6,23.843611111111112
53220056,other,11,6,186.3788888888889
53210959,other,8,5,192.08305555555555
53218182,other,14,6,0.5458333333333333
53214363,other,23,5,1.9636111111111112
53216777,other,19,6,0.5744444444444444
53219272,other,21,6,146.36666666666667
53215876,other,2,6,178.05916666666667
53215467,other,20,6,0.8247222222222222
53210351,other,17,5,96.51194444444444
53213469,other,8,6,60.65138888888889
53214146,other,17,6,23943.44027777778
53216542,other,12,6,99.1438888888889
53220553,other,12,6,559.3061111111111
53210508,other,12,5,68.91361111111111
53212434,other,14,5,146.1075
53212647,other,10,5,85.41666666666667
53213914,other,7,6,34.40472222222222
53220936,other,22,5,0.6452777777777777
53211812,other,13,5,0.0019444444444444444
53214402,other,9,6,250.41055555555556
53212521,other,15,5,0.0019444444444444444
53212223,other,8,5,192.96194444444444
53220723,other,22,5,5.585833333333333
53216287,streetlights,22,6,1.8666666666666667
53218513,other,8,6,95.29666666666667
53217525,other,15,6,112.84916666666666
53210887,other,15,5,0.0019444444444444444
53213202,other,13,6,115.14888888888889
53213956,other,14,6,234.28416666666666
53222637,other,2,6,89.81305555555555
53212994,other,23,5,2.4338888888888888
53215750,other,19,6,0.4013888888888889
53216763,other,0,6,1.4036111111111111
53211189,other,16,5,234.3111111111111
53214725,other,12,6,185.58166666666668
53213333,other,18,6,94.20611111111111
53217349,other,15,6,115.82888888888888
53215805,other,13,6,190.58194444444445
53217087,other,1,6,0.6594444444444445
53224648,other,5,0,138.73388888888888
53213155,other,13,6,113.63833333333334
53224695,other,16,0,17.989166666666666
53211433,other,9,5,53.77
53215238,other,8,6,169.76361111111112
53213182,other,12,6,185.2475
53213858,other,9,6,53.790277777777774
53223571,other,10,0,170.09555555555556
53212832,other,23,5,2.0005555555555556
53215622,other,20,5,1.7091666666666667
53214638,other,20,6,66.71638888888889
53217423,other,14,6,65.4725
53210532,other,9,5,45.52388888888889
53210751,other,14,5,0.20666666666666667
53214034,infrastructure,14,6,33.60944444444444
53215529,other,23,5,2.7713888888888887
53216286,streetlights,11,6,0.95
53212119,other,14,5,99.99972222222222
53212192,other,15,5,49.04277777777778
53219802,other,21,6,141.055
53216721,water,17,6,424.6061111111111
53218093,other,12,6,787.3538888888888
53215352,other,22,6,537.6866666666666
53215900,other,8,6,37.91305555555556
53212769,streetlights,9,6,23.266666666666666
53213006,other,22,5,2.661111111111111
53219871,other,17,6,0.6175
53216172,other,18,6,192.75083333333333
53215159,other,13,6,130.48333333333332
53211024,other,17,5,0.48333333333333334
53215469,other,22,6,0.9261111111111111
53223246,other,11,6,0.43666666666666665
53212843,other,18,5,11.441944444444445
59384558,other,13,3,146.64583333333334
53237878,other,9,1,30.3
53210921,infrastructure,9,5,71.49583333333334
53210523,other,16,5,24.168333333333333
53213043,other,20,6,0.11638888888888889
53216867,other,19,6,1.7766666666666666
53219861,other,0,6,11.828611111111112
53211085,infrastructure,17,5,4470.326944444444
53210597,other,14,5,101.01638888888888
53213393,other,13,6,123.01055555555556
53213139,other,22,6,129.00611111111112
53223008,other,13,6,575.6702777777778
53215129,drainage,17,6,2.2
53226151,other,15,0,163.8111111111111
53217674,other,20,6,0.6416666666666667
53212990,other,23,5,2.2525
53214366,other,23,5,0.8302777777777778
53211152,other,17,5,2154.8355555555554
53216845,other,20,5,2.9891666666666667
53211372,other,21,5,15.126944444444444
53213868,other,21,6,86.28222222222222
53215954,other,20,6,21.69333333333333
53212608,other,12,5,29.733333333333334
53213941,other,21,6,2783.5894444444443
53211023,other,18,5,77.41666666666667
53212879,other,20,5,7.597777777777778
53216238,other,12,6,1.7891666666666666
53210818,other,11,5,20558.800277777777
53214444,other,12,6,28.505555555555556
53215489,other,20,5,7.620833333333334
53217959,other,15,6,784.9977777777777
53214056,other,10,6,0.5808333333333333
53217543,other,10,6,193.8111111111111
53214639,other,13,6,72.92527777777778
53224638,other,21,0,164.62027777777777
53214170,other,20,5,8.55
53221872,other,1,0,0.6741666666666667
53210937,other,16,5,0.001388888888888889
53224663,other,20,0,25.391666666666666
53215922,other,10,6,101.17055555555555
53214069,other,8,6,0.6061111111111112
53222595,other,12,6,75.24583333333334
53212185,other,11,5,55.93277777777778
53211068,other,13,5,1.4547222222222222
53211439,other,14,5,44.88166666666667
53215974,other,11,6,170.6761111111111
53222041,other,22,6,145.15
53217343,other,16,6,92.09
53219846,other,16,6,95.10861111111112
53213649,other,19,6,166.04166666666666
53215733,other,18,5,11.680555555555555
53215380,other,11,6,36.45111111111111
53212642,streetlights,8,5,1083.35
53217927,other,12,6,35.85
53225432,other,14,0,35.85
53212840,other,10,6,102.93333333333334
53215821,other,13,6,122.66555555555556
53214275,other,23,5,2.536388888888889
54271713,water,5,1,4112.083333333333
53216936,other,13,6,0.25555555555555554
53222993,streetlights,19,6,28.466666666666665
53214214,other,18,6,0.8008333333333333
53215312,other,10,6,463.9558333333333
53218126,other,14,6,23946.231944444444
53213210,other,14,6,150.4947222222222
53213159,other,7,6,0.06888888888888889
53223562,other,9,0,213.54805555555555
53216852,other,20,6,0.7122222222222222
53221744,other,23,5,0.0008333333333333334
53214441,other,6,6,78.82527777777777
53213948,other,22,6,35.91222222222222
53217953,other,9,6,239.15416666666667
53215212,other,10,6,28.392222222222223
53218078,other,10,6,0.87
53217690,other,22,6,2.0861111111111112
53211525,other,18,5,0.33361111111111114
53223446,other,12,0,11.609444444444444
53210408,other,12,5,49.9125
53216455,other,15,6,0.8433333333333334
53213957,other,19,6,389.71194444444444
53214088,other,1,6,1.1725
53214079,other,22,6,0.31972222222222224
53211414,other,9,5,72.70527777777778
53217270,other,17,6,191.10166666666666
53216610,other,22,6,25.166666666666668
53211611,drainage,2,5,1.1833333333333333
53217485,other,17,6,85.53305555555555
53211788,other,13,5,522.5477777777778
53210451,other,0,5,200.6811111111111
53214492,other,9,6,96.44888888888889
53217098,other,22,5,5.616666666666666
53216029,other,12,6,74.65166666666667
53214117,other,0,0,1.4580555555555557
53212951,other,20,6,0.35555555555555557
53212747,other,20,6,0.8558333333333333
53218450,other,9,6,82.10166666666667
53213694,water,19,6,127.53333333333333
53213750,other,12,6,1.3858333333333333
53221646,other,12,6,170.24416666666667
53214733,other,15,6,112.91666666666667
53211355,other,14,5,99.51944444444445
53215643,other,23,6,0.9369444444444445
53215848,other,15,6,119.30166666666666
53215953,other,14,6,149.41972222222222
53221098,other,13,6,453.4288888888889
53213786,other,1,0,70.86666666666666
53213088,other,23,5,1.8186111111111112
53214649,other,10,6,123.9325
53210612,other,20,5,42.505833333333335
53217417,other,10,6,149.9488888888889
54087089,other,23,3,0.5541666666666667
53217052,other,19,6,0.5438888888888889
53213290,other,9,6,0.24888888888888888
53225002,other,14,0,208.31333333333333
53210892,other,13,5,0.0011111111111111111
53221337,other,17,6,89.75055555555555
53213577,other,12,6,149.92277777777778
53221317,other,23,6,13.503333333333334
53218114,other,17,6,0.8797222222222222
53215274,other,9,6,74.97888888888889
53215288,other,9,6,50.14333333333333
53213983,other,0,0,1.2533333333333334
53212731,other,14,6,0.6805555555555556
53211828,other,10,5,23.281944444444445
53213467,other,12,6,21.911666666666665
53212962,other,19,6,1.6983333333333333
53213492,other,19,6,120.61305555555556
53216072,other,2,6,38.13305555555556
53213080,other,7,6,220.83527777777778
53212139,other,22,5,11.061111111111112
53221715,other,7,6,0.7330555555555556
53216488,other,12,6,2936.3458333333333
53217215,other,9,6,8.355833333333333
53225351,other,10,0,20.5
53212659,other,11,5,492.0833333333333
53211688,other,16,5,0.0016666666666666668
53217357,other,0,6,185.05694444444444
53215964,other,2,6,137.90722222222223
53215869,other,10,6,105.1613888888889
53214258,other,18,5,11.1425
53212543,other,17,5,0.002777777777777778
53211690,other,14,5,0.001388888888888889
53220073,other,11,6,52.71194444444444
53217853,other,18,6,13.918333333333333
53213150,other,15,6,96.0525
53210337,other,6,5,194.80694444444444
53211017,other,18,5,77.45
53210673,other,16,5,141.31722222222223
53225611,water,14,0,5.066666666666666
53213611,other,13,6,116.67916666666666
53213405,other,14,6,185.40722222222223
53218072,other,21,6,483.9169444444444
53215111,other,10,6,0.11527777777777778
53211354,other,5,5,151.25444444444443
53217283,other,2,6,32.826388888888886
53213119,other,23,6,13.133333333333333
53215924,other,21,6,65.70972222222223
53215277,other,22,6,154.29166666666666
53212094,other,18,5,44.34166666666667
53216391,streetlights,14,6,1.45
53211236,other,21,5,15.971388888888889
53226139,other,9,0,30.377777777777776
53215988,other,18,6,167.20111111111112
53211629,other,13,5,0.6947222222222222
53213324,other,15,6,188.2161111111111
53220338,other,2,6,133.9452777777778
53213361,other,23,6,0.5547222222222222
53225041,other,13,0,0.8525
53210739,other,9,5,5.356944444444444
53217016,other,21,5,6.0825
53221891,other,1,0,0.9716666666666667
53210807,other,12,5,22.615833333333335
53214276,other,20,5,8.183333333333334
53213135,other,17,6,0.8108333333333333
53212847,other,23,5,0.30416666666666664
53221328,other,11,6,44.94611111111111
53210573,other,1,5,16.995277777777776
53210442,other,13,5,73.54055555555556
53223072,other,23,5,1.0402777777777779
53222686,other,17,6,74.08055555555555
53215448,other,22,5,0.042222222222222223
53216566,water,9,6,724.4666666666667
53216400,other,23,6,0.1527777777777778
53216139,other,12,6,91.73222222222222
53215705,other,22,5,4.030277777777778
53213181,other,12,6,49.30166666666667
53212617,other,14,5,0.001388888888888889
53213648,other,15,6,166.3947222222222
53214178,other,2,6,0.03138888888888889
53215185,other,8,6,159.21666666666667
53214479,other,7,6,153.54666666666665
53223853,other,0,1,0.46166666666666667
53216154,other,14,6,22.420555555555556
53221846,other,9,6,24.239166666666666
53217251,other,19,6,87.09416666666667
53221445,other,11,6,114.54416666666667
53212895,other,23,6,0.7841666666666667
53224304,streetlights,9,0,0.0
53210595,other,22,5,62.10805555555555
53211730,other,17,5,102.07611111111112
53213344,other,17,6,95.6725
53214522,other,11,6,94.47027777777778
53216701,other,10,6,863.4369444444444
53218665,other,7,6,105.0825
53210692,other,16,5,146.95805555555555
53211987,other,12,5,4.325555555555556
53217845,other,23,6,34.24111111111111
53214272,other,22,5,0.24888888888888888
53213714,other,12,6,227.94944444444445
53221799,other,7,6,61.839166666666664
53210497,other,23,5,116.32444444444444
53215306,other,16,6,1145.1744444444444
53220958,other,5,6,0.46944444444444444
53211633,other,11,5,3.015
53211583,water,14,5,26.966666666666665
53212428,water,21,5,922.8891666666667
53215080,other,22,5,0.001388888888888889
53210966,water,2,5,1637.4933333333333
53219395,other,20,5,8.598888888888888
53212626,other,23,5,160.83166666666668
53218509,other,10,6,100.86055555555555
53220006,other,15,6,170.505
53218138,other,20,5,7.842222222222222
53224469,other,9,0,218.00333333333333
53211035,other,15,5,0.8363888888888888
53223274,other,6,6,552.8497222222222
53213843,other,16,6,62.91222222222222
53217718,other,12,6,0.6341666666666667
53213464,other,20,6,42.58777777777778
53210941,other,16,5,0.0019444444444444444
53215682,other,20,5,7.72
53214563,other,11,6,78.525
53215948,other,14,6,3.3644444444444446
53217413,other,19,6,209.73194444444445
53217057,other,14,6,1.1633333333333333
53212007,other,5,5,26.56361111111111
53221510,other,8,6,35.09
53218062,other,22,5,0.11083333333333334
53219503,infrastructure,14,6,105.15527777777778
53213338,other,12,6,0.6786111111111112
53215249,other,10,6,419.6686111111111
53212821,other,23,6,2.175
53214148,other,23,6,3.455
53210863,other,5,5,0.0022222222222222222
53210910,other,14,5,43.97277777777778
53210668,other,19,5,69.65
53215870,other,10,6,129.51277777777779
53213020,other,22,5,4.112777777777778
53217393,other,12,6,127.35166666666667
53216412,other,15,6,0.11277777777777778
53213371,other,16,6,599.3822222222223
53213033,other,19,6,0.6538888888888889
53214305,other,9,6,1.0558333333333334
53211038,other,11,5,2.94
53210613,other,14,5,99.2675
53223903,other,15,0,24.539722222222224
53214496,other,18,6,122.56444444444445
53210843,other,15,5,0.0022222222222222222
53214688,other,8,6,83.50833333333334
53221762,other,18,6,981.4663888888889
53210611,other,21,5,37.839166666666664
53215303,other,14,6,214.16944444444445
53215692,other,22,6,0.4272222222222222
53217716,other,16,6,1.7852777777777777
53216614,other,17,6,30.35
53219775,other,13,6,148.43722222222223
53222239,other,22,6,0.5691666666666667
53211970,other,12,5,1.0163888888888888
53214147,other,15,6,23945.6375
53216054,other,17,6,142.88305555555556
53210794,streetlights,9,5,5.65
53215522,other,23,5,1.9183333333333332
53217075,other,10,6,0.5972222222222222
53212920,other,23,5,0.1502777777777778
53219521,other,21,6,0.0175
53214470,other,8,6,121.70055555555555
53210623,other,16,5,71.24888888888889
53212856,other,23,6,1.0261111111111112
53216298,other,11,6,116.11694444444444
53219851,other,10,6,7.431388888888889
53210946,other,11,5,18047.6025
53211561,other,8,5,101.01416666666667
53222911,other,9,6,151.03527777777776
53214664,other,0,6,110.79611111111112
53214032,other,16,6,0.41083333333333333
53214938,other,16,6,68.96722222222222
53223023,other,11,6,124.28527777777778
53215120,drainage,18,6,1.2
53217030,other,10,6,0.3
53212146,other,11,5,28.325555555555557
53220221,other,20,6,15.655555555555555
53217576,other,12,6,115.71416666666667
53219856,other,9,6,98.53361111111111
53216681,other,12,6,71.71166666666667
53222814,other,13,6,75.28416666666666
53212824,other,21,5,7.010833333333333
53210700,other,9,5,77.57416666666667
53215137,water,19,6,0.9666666666666667
53214744,other,19,6,142.955
53226345,other,15,0,1.8422222222222222
53210498,other,8,5,50.28722222222222
53222770,other,1,6,32.20638888888889
53215513,other,1,6,0.4955555555555556
53211759,other,12,5,1483.8280555555555
53215521,other,12,6,2.084722222222222
53217827,other,15,6,1528.6980555555556
53215918,other,11,6,26.23777777777778
53213244,other,16,6,0.9619444444444445
53223737,other,15,0,358.63972222222225
53212805,other,1,0,0.8822222222222222
53215933,other,4,6,108.16527777777777
53216038,other,11,6,22.779166666666665
53214743,other,19,6,25.310277777777777
53251644,other,11,2,0.11333333333333333
53212183,other,11,5,123.59833333333333
53216036,other,17,6,41.1975
53217891,other,1,6,31.483333333333334
53211902,roads,9,3,24.106944444444444
54272932,other,2,1,0.5908333333333333
53219560,other,23,6,1.5472222222222223
53211320,other,5,5,86.12166666666667
53210379,other,0,5,36.90972222222222
53217064,other,12,6,1.001111111111111
53215952,other,3,6,174.15666666666667
53216864,other,0,6,0.26861111111111113
53224955,other,11,0,162.07305555555556
53212088,other,10,5,120.14916666666667
53217069,other,1,6,0.39166666666666666
53213326,other,10,6,5.411111111111111
53211881,other,12,5,155.01666666666668
53215915,other,2,6,81.32
53219132,other,9,6,151.03527777777776
53217693,other,19,6,0.08194444444444444
53210551,other,12,5,43.920833333333334
53214780,other,13,6,214.5575
53212024,other,7,5,121.49388888888889
53210477,other,10,5,29.281666666666666
53210345,other,17,5,19.718055555555555
53216211,other,18,6,0.0
53214640,other,19,6,166.65416666666667
53217004,other,6,6,1.0055555555555555
53213455,other,16,6,42.240833333333335
53215851,other,6,6,102.1175
53224358,other,10,0,237.79666666666665
53215164,other,9,6,38.38333333333333
53215596,other,17,6,1.5022222222222221
53218918,other,18,6,85.65777777777778
53210617,other,14,5,67.03027777777778
53216336,other,16,6,0.32555555555555554
53217903,other,21,6,26.683333333333334
53211067,other,3,5,0.45111111111111113
53211605,other,14,5,0.5877777777777777
53213958,other,17,6,686.0266666666666
53215773,other,7,6,79.99722222222222
53221561,other,23,6,128.71722222222223
53222706,other,11,6,55.150555555555556
53217118,other,15,6,235.3425
53217954,other,20,6,587.3075
53211840,streetlights,1,5,1.1333333333333333
53215960,other,5,6,79.40555555555555
53217208,other,0,6,42.28138888888889
53213776,water,10,6,9.066666666666666
53215268,other,10,6,71.76166666666667
54093068,other,15,3,336.635
53219783,other,22,6,491.79777777777775
53213292,other,17,6,109.19611111111111
53217591,other,6,6,198.03694444444446
53213962,other,7,6,35.00083333333333
53213094,other,9,6,2.6891666666666665
53214224,other,23,5,1.4058333333333333
53213568,other,23,6,19.29722222222222
53214613,other,16,6,112.30527777777777
53216585,other,15,6,189.46472222222224
53219331,other,12,6,0.7811111111111111
53216643,other,21,6,122.85
53217389,other,10,6,32.33583333333333
53215549,other,22,5,0.3786111111111111
53216459,water,12,6,0.05
53216888,other,21,5,6.925
53210839,other,12,5,578.9613888888889
53212488,other,17,5,41.16638888888889
53215405,other,18,6,0.8219444444444445
53211697,other,15,5,45.089444444444446
53226343,other,20,0,1.061388888888889
53216711,other,23,6,89.75416666666666
53216958,other,19,5,9.62888888888889
53213655,other,11,6,24.040555555555557
53213250,other,11,6,0.3869444444444444
53217656,other,18,6,1.0886111111111112
53213578,other,2,6,132.4125
53213397,other,9,6,104.36611111111111
53212217,other,4,5,11.873611111111112
53216454,water,13,6,1.45
53217262,other,11,6,82.74083333333333
53222461,other,13,6,77.36361111111111
53211790,water,19,5,2040.8833333333334
53214172,other,23,5,3.1016666666666666
53210493,other,16,5,92.63222222222223
53214335,other,21,5,1.5008333333333332
53215058,other,0,0,3.613611111111111
53213418,other,11,6,75.13416666666667
53213099,other,18,6,1.2458333333333333
53213804,other,7,6,136.08333333333334
53221313,other,3,6,128.42472222222221
53225253,other,16,0,91.80222222222223
53215803,other,15,6,427.40222222222224
53211010,other,12,5,59.46666666666667
53218031,other,0,0,6.223611111111111
53220343,water,7,6,48.85
53217945,other,18,6,125.38333333333334
53210943,other,5,5,0.0019444444444444444
53214509,other,19,6,111.11944444444444
53211271,other,23,5,86.81194444444445
53216629,other,10,6,37.68333333333333
53216243,other,17,6,117.45027777777777
53217835,other,14,6,97.08055555555555
53222069,other,21,6,0.2777777777777778
53212741,other,22,6,0.2536111111111111
53215972,other,12,6,149.83638888888888
53217278,other,10,6,28.439166666666665
53214447,other,9,6,119.48361111111112
53215256,other,4,6,54.00222222222222
53210572,other,22,5,35.49916666666667
53223200,other,22,6,86.75888888888889
53215229,other,8,6,127.01444444444445
53216025,other,14,6,28.864444444444445
53222557,other,12,6,4.735555555555556
53212944,other,1,6,1.2794444444444444
53213072,other,22,5,4.121944444444445
53213546,other,22,5,0.0019444444444444444
53213252,other,18,6,1.2644444444444445
53216964,other,23,5,1.128611111111111
53213573,other,8,6,25.616666666666667
53221273,other,0,6,33.658611111111114
53211654,other,10,5,387.6458333333333
53210633,other,10,5,164.93305555555557
53211859,other,13,5,82.31666666666666
53211244,other,17,5,96.51444444444445
53224659,other,13,0,103.13944444444445
53224071,other,0,1,5.836388888888889
53212867,other,2,6,1.2002777777777778
53214243,other,23,6,3.9897222222222224
51088744,other,1,6,1.0125
53222869,other,20,6,68.52833333333334
53215115,water,14,6,0.06666666666666667
53213765,other,15,6,1120.0675
53215102,other,11,6,95.1
53217786,other,5,6,0.0025
53215346,other,20,6,0.17305555555555555
53217781,other,22,6,24.218888888888888
53213869,other,7,6,79.5838888888889
53215714,other,4,6,4.0055555555555555
53211463,other,8,5,145.065
53210881,other,14,5,0.0019444444444444444
53217455,other,20,6,182.86388888888888
53225774,infrastructure,12,0,0.0
53217972,other,16,6,393.1558333333333
53215117,water,23,6,9.433333333333334
53215533,other,1,0,0.9213888888888889
53226204,other,20,0,17.149722222222223
53222957,other,12,6,115.34972222222223
53216520,other,9,6,171.01666666666668
53210747,other,15,5,1.1455555555555557
53223318,water,15,6,959.4166666666666
53219193,other,17,6,186.45583333333335
53212677,other,18,5,173.91666666666666
53212788,other,20,6,0.7575
53214255,other,22,5,5.704722222222222
53219930,other,18,6,15.349722222222223
53214174,other,20,5,8.11111111111111
53225188,other,1,0,19.716666666666665
53218494,other,4,6,61.25055555555556
53216129,other,20,6,118.57722222222222
53212781,other,20,6,38.94638888888889
53214316,other,23,5,0.8672222222222222
53215774,streetlights,19,6,1.4666666666666666
53212911,other,0,6,5.276388888888889
53216879,other,15,6,0.7858333333333334
53213440,other,0,6,108.52388888888889
53211753,water,20,5,67.55527777777777
53220311,other,6,6,74.0325
53217248,other,18,6,69.3475
53214751,other,16,6,63.22555555555556
53210760,other,14,5,3.8986111111111112
53220858,other,15,6,7.275833333333333
53214110,other,18,6,2.17
53216397,water,6,6,0.4
53217163,other,16,6,71.46861111111112
53212793,other,1,0,0.6341666666666667
53216403,other,13,6,288.2158333333333
53217042,other,1,0,0.2861111111111111
53221917,water,10,6,789.5819444444444
53218849,other,15,6,130.38472222222222
53213753,streetlights,6,6,1.8833333333333333
53217614,other,7,6,0.5113888888888889
53217296,other,10,6,78.03
53216944,other,17,6,0.45555555555555555
53210766,other,14,5,532.2830555555555
53212549,other,13,5,219.89194444444445
53216915,other,14,6,0.5986111111111111
53216179,other,14,6,182.84527777777777
53214930,other,8,6,1.5558333333333334
53212605,other,14,5,0.001388888888888889
53213477,other,15,6,2.7169444444444446
53217703,other,17,6,0.11472222222222223
53210800,other,10,5,1.208888888888889
53221205,other,9,6,107.43888888888888
53217586,other,7,6,8.342222222222222
53215307,other,23,6,679.9438888888889
53215051,other,23,6,1.491111111111111
53216481,other,11,6,22.517222222222223
53220622,other,18,6,486.0
53210714,other,17,5,147.3936111111111
53225878,other,15,0,1516.2375
53214792,other,19,6,8.275555555555556
53221053,other,22,5,5.523333333333333
53214216,other,16,6,4.581666666666667
53216373,streetlights,6,6,1374.0833333333333
53214004,other,0,6,6486.89
53220926,other,22,6,3.602222222222222
53211679,other,13,5,25856.123888888887
53216754,other,0,6,0.8686111111111111
53214312,other,12,6,0.24222222222222223
53215811,other,9,6,7.841111111111111
53213186,other,22,6,17.743055555555557
53215703,other,23,5,0.8316666666666667
53213450,other,14,6,46.60444444444445
53220538,other,0,6,2842.5975
53219962,other,4,6,107.49666666666667
53211170,other,14,5,428.75166666666667
53224458,other,12,0,59.5
53215894,other,7,6,172.9813888888889
53210409,other,19,5,61.82805555555556
53222838,other,9,6,30.486666666666668
53214199,other,13,6,0.14722222222222223
53215456,other,15,6,1.051388888888889
53212342,other,12,5,124.83555555555556
53211739,other,10,5,1.9513888888888888
53213438,other,20,6,96.3775
53218202,other,1,0,0.8897222222222222
53213434,other,20,6,156.41166666666666
53213395,other,8,6,61.37
53219378,other,17,6,0.17694444444444443
53211457,other,11,5,51.45
53215896,other,10,6,129.04333333333332
53215319,other,12,6,215.32111111111112
53212500,other,17,5,0.24194444444444443
53214623,other,10,6,152.66222222222223
59379527,other,21,3,91.56666666666666
53217949,other,20,6,59.84388888888889
53214535,other,11,6,29.0675
53217965,other,11,6,356.53277777777777
53224858,other,9,0,149.95666666666668
53216370,other,14,6,0.9855555555555555
53216652,other,15,6,80.88333333333334
53213190,other,18,6,1.5361111111111112
53215638,other,1,6,1.6244444444444444
53211342,other,18,5,96.40638888888888
53213237,other,7,6,465.74861111111113
53213943,other,7,6,1259.3255555555556
53210515,other,6,5,11.799722222222222
53224668,other,1,0,174.88111111111112
53222938,other,23,6,128.8213888888889
53217065,other,19,6,1.2527777777777778
53210380,other,14,5,234.57472222222222
53223345,other,11,6,132.91666666666666
53221800,other,22,5,0.5280555555555555
53223129,other,10,6,54.81666666666667
53219121,other,8,6,97.72444444444444
53224837,other,11,0,420.73027777777776
53218498,other,16,6,147.55444444444444
53233008,other,16,0,128.0
53222109,other,19,5,9.651111111111112
53225938,roads,16,0,16.267777777777777
53222724,other,2,6,79.96138888888889
53220143,other,20,6,118.27722222222222
53225551,other,11,0,20504.27611111111
53218742,other,9,6,50.04972222222222
53222136,other,20,5,8.381666666666666
53221511,other,8,6,120.68166666666667
53222373,other,2,6,0.8480555555555556
53228545,other,17,0,0.37777777777777777
53225953,other,15,0,29.608055555555556
53224094,other,1,1,0.06861111111111111
53221195,other,0,6,162.6197222222222
53221143,other,22,6,63.69305555555555
53221341,other,1,6,83.72833333333334
53225535,water,17,0,8.95
53221087,other,15,6,233.34833333333333
53223366,other,15,6,32.666666666666664
54109297,other,11,5,1.6427777777777777
53223303,water,17,6,21.512777777777778
53231924,other,0,0,60.10472222222222
53219425,other,21,6,0.17916666666666667
53232393,other,19,0,2.5675
53220656,other,15,6,32.266666666666666
53223749,other,9,0,0.7713888888888889
54271803,other,14,1,2.5027777777777778
53220726,other,19,5,9.934444444444445
53218836,other,17,6,186.90805555555556
53226117,other,11,0,26.836111111111112
53228580,other,14,0,0.06638888888888889
53223327,other,23,6,10.1
53220489,other,12,6,371.1386111111111
53218348,other,16,6,0.6838888888888889
53227413,other,18,0,164.1911111111111
53223427,other,17,0,1.78
53218275,other,18,5,11.023888888888889
53221532,other,8,6,80.82194444444444
53222640,other,21,6,164.52
53219532,other,23,5,0.12527777777777777
53225095,other,23,0,81.29166666666667
53220351,other,0,6,0.0008333333333333334
53228015,other,16,0,2.8047222222222223
53225240,other,20,0,100.77777777777777
53224555,other,20,0,42.20333333333333
53221719,other,13,6,1.756388888888889
53222133,other,20,5,8.261944444444444
53219094,other,16,6,1.2180555555555554
53222939,other,22,6,129.18277777777777
53230063,infrastructure,12,0,0.0
53225119,other,6,0,114.50638888888889
53219312,other,12,6,35.666666666666664
53225928,other,20,0,17.532777777777778
53219968,other,13,6,29.68166666666667
53221104,other,22,6,347.99055555555555
53225697,other,19,0,0.1386111111111111
53231581,other,7,0,126.06138888888889
53218530,other,10,6,95.66277777777778
53218691,other,17,6,43.86638888888889
53222179,other,17,6,0.8930555555555556
53226001,other,11,0,55.36333333333334
53226359,water,7,0,54.26111111111111
53218779,other,23,6,41.033055555555556
53219083,other,16,6,17.573055555555555
53230767,other,11,0,3.553888888888889
53219610,other,19,5,9.311666666666667
53220949,other,14,6,0.0175
53222904,other,9,6,174.04611111111112
53221889,other,23,5,1.7852777777777777
53218825,other,17,6,95.44722222222222
53219271,other,21,6,74.03333333333333
53220197,other,19,6,141.4986111111111
53223003,other,15,6,573.2097222222222
53220494,other,20,6,1.783611111111111
53226351,infrastructure,8,0,423.91
53220957,other,15,6,4.869722222222222
53219562,other,22,5,3.8716666666666666
53222147,other,21,6,1.0386111111111112
53224773,other,12,0,66.97055555555555
53223987,other,18,0,15.183333333333334
53221155,other,10,6,237.65305555555557
53220062,other,23,6,13.00611111111111
53228678,other,7,0,1226.7511111111112
53224082,streetlights,16,0,28.883333333333333
53223153,other,13,6,0.67
53225200,other,13,0,118.99805555555555
53220698,roads,10,6,47.245
53227850,other,4,0,2.064722222222222
53220974,other,11,6,23949.85388888889
53219865,other,21,6,118.56666666666666
53225886,other,17,0,1512.641111111111
53218219,other,21,6,1.6511111111111112
53228953,other,0,0,38.24194444444444
53220984,other,20,6,0.8555555555555555
53221464,other,15,6,0.0
53221358,other,14,6,101.64527777777778
53221173,other,15,6,96.00638888888889
53226679,other,11,0,1.2727777777777778
53221339,other,0,6,85.48194444444445
53230532,other,14,0,27.195833333333333
53221521,other,10,6,17.99277777777778
53225873,other,19,0,28.233333333333334
53225072,other,12,0,4.448333333333333
53223998,other,23,0,2.7944444444444443
53220101,other,23,6,38.641666666666666
53223192,other,16,6,24.3875
53223137,other,0,0,0.7213888888888889
53223559,other,18,0,10.497222222222222
53222889,other,13,6,94.69472222222223
53223099,other,21,6,1.7530555555555556
53221230,other,0,6,115.41833333333334
53234756,other,0,0,348.775
53218819,other,9,6,24.161666666666665
53222278,other,22,5,5.679722222222222
53225100,other,0,1,2.6094444444444442
53218579,other,22,6,35.89527777777778
53219546,other,8,6,0.535
53219790,other,9,6,47.20722222222222
53225259,other,17,0,262.66194444444443
53229571,other,18,0,1.9791666666666667
53223551,other,11,0,0.4897222222222222
53224203,other,16,0,0.6647222222222222
53225915,other,21,0,1161.9416666666666
53221559,other,22,6,105.83333333333333
53224755,other,10,0,169.78416666666666
53234360,streetlights,9,0,0.0
53219020,other,14,6,0.38
53224937,water,7,0,201.02305555555554
53220488,other,21,5,458.7522222222222
53219274,other,19,6,52.266666666666666
53218230,other,22,5,4.378333333333333
53220981,other,0,0,0.8752777777777778
53220613,other,14,6,0.6836111111111111
53221681,other,19,6,1.8969444444444445
53223075,other,13,6,3.1619444444444444
53221769,water,5,6,0.4166666666666667
53225927,other,18,0,161.40555555555557
53220449,other,15,6,2616.367777777778
53224978,other,21,0,0.5841666666666666
53220768,other,20,6,0.058333333333333334
53233864,other,9,0,0.7152777777777778
53228704,other,14,0,1433.4577777777777
53218626,other,9,6,102.41944444444445
53225166,other,12,0,0.5969444444444445
53225417,streetlights,14,0,1.7
53234499,other,17,0,267.0419444444444
54091238,other,8,3,0.5797222222222222
53221064,other,18,5,11.454722222222221
53225142,other,9,0,0.4727777777777778
53219530,other,17,6,1.3094444444444444
53220645,water,20,6,587.3075
53227651,other,10,0,55.45472222222222
53224639,other,12,0,54.324444444444445
53231010,other,8,0,459.4061111111111
53219566,other,22,5,4.394722222222223
53224003,drainage,12,0,2.7
53219768,other,9,6,48.13611111111111
53220225,other,22,6,113.6511111111111
53219634,other,22,5,0.19166666666666668
53218603,other,2,6,41.223055555555554
53218338,other,0,6,1.7494444444444444
53221199,other,14,6,23.656944444444445
53218447,other,12,6,47.65888888888889
53222834,other,9,6,107.3313888888889
53219982,other,0,6,88.86638888888889
53224232,other,17,0,0.475
53225028,other,11,0,123.1325
53225676,other,16,0,0.7033333333333334
53218448,other,15,6,1528.6980555555556
53224987,other,18,0,749.2952777777778
53222745,other,22,6,136.53333333333333
53220005,other,10,6,121.92472222222223
53221556,other,17,6,185.475
53226067,other,15,0,22.049444444444443
53222496,other,10,6,169.87222222222223
53225962,other,11,0,80.10333333333334
53224767,other,16,0,335.4236111111111
53224824,other,12,0,2885.216388888889
53224870,other,19,0,64.15694444444445
53220035,other,17,6,11.64638888888889
53234383,streetlights,18,0,19.4
53219135,other,7,6,26.3
53218568,other,8,6,131.50833333333333
53225226,other,10,0,20.116666666666667
53223439,other,17,0,142.05055555555555
53221991,water,15,6,2703.516666666667
53219077,other,13,6,28.105555555555554
53224377,other,21,0,514.2458333333333
53226106,other,13,0,50.27027777777778
53229708,other,8,0,6.118333333333333
53232583,other,12,0,1.4
53227745,other,7,0,360.5861111111111
53224126,other,19,0,1.1883333333333332
53229979,other,10,0,0.5830555555555555
53218818,other,8,6,20524.874444444446
53218491,other,1,6,178.51638888888888
53222994,other,7,6,51.405277777777776
53220964,other,15,6,0.9594444444444444
53220091,other,9,6,0.7791666666666667
53220268,other,17,6,211.09555555555556
53224729,other,17,0,120.10333333333334
53224016,other,10,0,174.32361111111112
53222892,other,14,6,1024.5130555555556
53221905,other,12,6,526.7447222222222
53219344,other,16,6,2807.7008333333333
53230093,other,8,0,39.349444444444444
53234276,other,1,1,0.5686111111111111
53222726,other,23,6,117.22555555555556
53224332,infrastructure,8,0,15.909722222222221
53221806,other,4,6,2.3775
53231096,other,13,0,0.6202777777777778
53218286,other,23,6,0.06277777777777778
53223320,water,17,6,1219.7508333333333
53225880,other,18,0,854.2497222222222
53225468,streetlights,8,0,0.0
53219198,other,17,6,911.7913888888888
53226194,other,18,0,19.374166666666667
53218717,other,17,6,116.86222222222223
53222108,other,19,5,10.00388888888889
53220791,other,22,5,5.0344444444444445
53224242,other,19,0,0.5136111111111111
53232069,other,15,0,2751.4775
53220486,other,13,6,1194.3041666666666
53224664,other,19,0,96.42916666666666
53228366,drainage,16,0,1.9
53225556,other,18,0,0.8833333333333333
53220295,other,14,6,0.3536111111111111
53221632,other,9,6,79.54166666666667
53219188,other,17,6,186.45583333333335
53224716,other,17,0,67.91722222222222
53218621,other,20,6,68.82833333333333
53224806,water,20,0,567.6472222222222
53223668,other,10,0,74.31805555555556
53234075,other,5,0,0.5722222222222222
53233284,other,18,0,46.635
53221419,other,16,6,112.56861111111111
53223792,other,12,0,2.5927777777777776
53224200,other,10,0,0.4002777777777778
53218648,other,1,6,38.11083333333333
53225202,other,17,0,50.540277777777774
53224874,other,11,0,0.14833333333333334
53218696,other,10,6,152.25472222222223
53221507,other,22,6,39.173611111111114
53224921,other,20,0,4.494166666666667
53222013,other,21,6,26.35
53226083,other,23,0,16.155
53224296,streetlights,13,0,1.1666666666666667
53222299,other,18,5,10.819166666666666
53224251,other,22,0,0.7161111111111111
53219323,other,14,6,0.595
53218213,other,0,0,1.4266666666666667
53225542,other,16,0,0.2275
53218630,other,13,6,49.41694444444445
53226140,other,9,0,27.165
53221924,other,13,6,289.0441666666667
53232109,water,1,0,442.5127777777778
51098645,other,9,6,72.91666666666667
53231337,other,16,0,0.03805555555555556
53223194,other,12,6,212.35583333333332
53223130,other,12,6,72.16166666666666
53233825,other,19,0,1.065
53220368,other,7,6,3.2622222222222224
53222784,other,19,6,186.12166666666667
53225156,other,6,0,47.49805555555555
53219220,other,13,6,1.5266666666666666
53232902,other,13,0,0.5155555555555555
53223728,other,10,0,56.16361111111111
53223249,other,17,6,0.3269444444444444
53222515,other,12,6,78.21472222222222
53223101,other,20,6,24.323611111111113
53224902,other,11,0,265.72833333333335
53219942,other,17,6,69.0725
53225950,other,15,0,47.827222222222225
53240713,other,7,1,102.19722222222222
53228176,other,19,0,0.7027777777777777
53218305,other,14,6,0.36277777777777775
53227409,other,4,0,81.54555555555555
53223389,other,13,6,34.95
53224862,other,2,0,616.025
53220976,other,22,6,3.3941666666666666
53229718,other,15,0,2.6819444444444445
53218536,other,7,6,126.23722222222223
53218917,other,16,6,185.5775
53225921,other,22,0,978.7494444444444
53219535,other,18,5,10.788055555555555
53224429,other,11,0,1090.4358333333332
53223260,other,12,6,1.298888888888889
53221304,other,6,6,79.25722222222223
53220862,other,1,6,1.561388888888889
53221449,other,1,0,222.00027777777777
53227481,other,3,0,61.18694444444444
53228565,other,16,0,0.6813888888888889
53219006,other,9,6,48.34916666666667
53221081,other,13,6,0.6630555555555555
53220180,other,19,6,140.54555555555555
53218287,other,20,5,7.691111111111111
53230214,other,7,0,226.77583333333334
53234192,water,15,0,118.18333333333334
53227705,other,14,0,48.34916666666667
53219864,other,10,6,103.8
53231298,other,14,0,1.2102777777777778
53233633,other,13,0,1.1125
53222392,other,0,0,0.5155555555555555
53224306,streetlights,9,0,0.0
53220832,streetlights,17,6,20.133333333333333
53223711,other,18,0,57.827222222222225
53226098,other,14,0,76.36027777777778
53225081,other,12,0,0.5158333333333334
53219214,other,7,6,335.9997222222222
53224449,other,12,0,409.56138888888887
54272886,water,14,1,0.13333333333333333
53219164,other,20,6,59.84388888888889
53227199,infrastructure,14,0,9.404444444444444
53224731,other,9,0,59.63166666666667
53219821,other,18,6,26.87
53222730,other,16,6,95.13861111111112
53223962,roads,15,0,329.7447222222222
53224229,other,13,0,0.6927777777777778
53222749,other,18,6,133.73444444444445
53222453,other,11,6,94.70027777777777
53233670,other,18,0,0.7888888888888889
53229628,infrastructure,8,0,6.295555555555556
53226267,other,10,0,26.801111111111112
53223293,other,8,6,128.32055555555556
53219371,water,12,6,148.7252777777778
53225291,other,20,0,0.7508333333333334
53225176,other,22,0,0.9986111111111111
53218243,other,14,6,0.1313888888888889
53220524,other,12,6,30.684444444444445
53220753,other,21,6,251.7
53230757,other,11,0,7740.491666666667
53221132,other,12,6,2.1016666666666666
53218231,other,1,6,0.8644444444444445
53220618,other,9,6,485.0683333333333
53221365,other,8,6,75.37055555555555
53228045,other,5,0,0.7025
53227156,other,20,0,15.136944444444444
53233917,other,10,0,169.90472222222223
53226026,other,18,0,92.31166666666667
53222602,other,14,6,93.12805555555556
53225193,other,12,0,92.39166666666667
53223341,other,14,6,129.46666666666667
53222811,other,22,6,162.06416666666667
53222662,other,11,6,47.397777777777776
53221672,other,21,6,89.62194444444444
53220937,other,21,5,7.166111111111111
53218688,other,16,6,95.99916666666667
53226078,other,18,0,62.54194444444445
53220539,roads,19,6,13.501388888888888
53219826,other,17,6,163.3825
53225754,other,14,0,27.195833333333333
53223187,other,13,6,6643.066666666667
53220509,other,7,6,8.267222222222221
53223634,other,18,0,155.42944444444444
53224528,other,22,0,82.79722222222222
53228107,other,20,0,8.383333333333333
53234250,other,17,0,0.5108333333333334
53224813,other,9,0,526.4869444444445
53224701,other,14,0,184.7386111111111
53231803,other,9,0,51.79361111111111
53220853,infrastructure,20,6,255.84916666666666
53219010,other,16,6,1.686388888888889
53224775,other,16,0,426.83722222222224
53225985,other,9,0,122.31694444444445
53219506,other,23,6,4.55
53219252,other,23,6,144.86666666666667
53234005,other,18,0,0.5619444444444445
53220684,other,22,5,0.19611111111111112
53224283,infrastructure,10,0,181.09777777777776
53218970,other,13,6,0.18138888888888888
53221597,other,19,6,9.129722222222222
53225532,other,16,0,0.4363888888888889
53224380,other,15,0,56.71666666666667
53223840,other,3,0,1.0458333333333334
53232513,other,12,0,21.35
53219971,other,13,6,121.72888888888889
53219052,other,11,6,2.1372222222222224
53224481,other,12,0,171.88222222222223
53223245,other,22,6,7.366666666666666
53220111,other,12,6,121.07722222222222
53226964,other,12,0,0.51
53224280,other,18,0,1.5855555555555556
53220812,other,15,6,0.1325
53218461,other,6,6,552.8497222222222
53233323,other,9,0,167.49694444444444
53219413,other,0,0,0.3763888888888889
53221384,other,14,6,23.03611111111111
53218727,other,17,6,110.92805555555556
53222225,other,10,6,0.7358333333333333
53222104,other,1,6,0.2608333333333333
53229645,other,17,0,0.41833333333333333
53219958,other,12,6,73.23361111111112
53220663,other,11,6,60.3
53218613,other,20,6,83.28888888888889
53221310,other,23,6,62.5
53223570,other,17,0,94.56611111111111
53219408,other,23,5,0.07027777777777777
54088532,other,19,3,0.7033333333333334
53222861,other,7,6,127.53111111111112
53220982,other,2,6,1.7175
53234778,other,18,0,69.43277777777777
53226604,other,12,0,172.0975
53221460,other,16,6,20517.143055555556
53226297,other,12,0,527.1455555555556
53230643,other,22,0,0.5488888888888889
53220852,other,1,0,2.8002777777777776
53223415,other,11,0,0.3063888888888889
53228693,other,7,0,226.77583333333334
53223183,other,8,6,0.8991666666666667
53228759,other,10,0,37.4
53222302,other,23,5,0.4713888888888889
53223163,other,8,6,0.8883333333333333
53226283,other,13,0,72.19638888888889
53224614,other,21,0,140.43472222222223
53220042,other,0,0,204.85833333333332
53221590,other,20,6,110.2575
53218372,other,22,5,5.300277777777778
53224867,other,13,0,308.4427777777778
53225614,other,11,0,3.6327777777777777
53220845,other,3,6,29.980555555555554
53221802,other,23,6,1.768888888888889
53225232,other,21,0,6.733333333333333
53218455,other,4,6,220.64583333333334
53229949,other,17,0,1.4336111111111112
53225772,other,15,0,0.36
53224076,other,19,0,6.080555555555556
53224128,streetlights,6,0,2.566666666666667
53219913,other,19,6,114.21916666666667
53221294,other,17,6,61.98777777777778
53218414,other,21,5,7.262222222222222
53224345,other,11,0,0.09555555555555556
53231886,other,19,0,43.24388888888889
53224384,other,22,0,25.7
53224498,other,3,0,125.91027777777778
51096612,other,1,0,0.3625
53223432,other,5,0,1.3827777777777779
53226201,other,9,0,4.635833333333333
53226131,other,20,0,109.68138888888889
53221440,other,18,6,186.32416666666666
53218901,other,14,6,68.7075
53223123,other,17,6,614.3383333333334
53233116,other,17,0,6232.686944444445
53221451,other,10,6,6.870277777777778
53231436,other,22,0,0.8455555555555555
53234752,other,8,0,144.2788888888889
53222126,other,1,6,0.2808333333333333
53226352,infrastructure,20,6,387.835
53223212,other,16,6,90.61666666666666
53221008,other,0,0,1.455
53223085,other,0,6,0.8427777777777777
53225149,other,17,0,0.7069444444444445
53224355,other,8,0,63.18333333333333
53218705,other,11,6,49.84388888888889
53221829,other,13,6,1.3452777777777778
53224425,other,15,0,80.08333333333333
53218524,other,12,6,28.900277777777777
53224856,other,19,0,24.170555555555556
53224815,other,18,0,401.1272222222222
53225868,other,14,0,129.93333333333334
53222361,other,22,5,5.155
53222777,other,19,6,94.0111111111111
53228961,other,5,0,110.63527777777777
53234673,other,10,0,56.61972222222222
53221410,other,13,6,45.32972222222222
53220626,other,17,6,30.583333333333332
53220879,other,3,6,370.9063888888889
53232840,other,21,0,0.11472222222222223
53219608,other,20,5,8.370277777777778
53224297,streetlights,12,0,70.36666666666666
53224882,other,9,0,5.991944444444444
53222360,other,23,5,3.6158333333333332
53220956,other,22,6,0.35
53224812,other,12,0,2081.5344444444445
53220107,other,19,6,142.23694444444445
53223159,other,0,6,1.8102777777777779
53233873,other,10,0,0.3736111111111111
53226333,water,16,0,332.2633333333333
53223714,other,0,1,104.23666666666666
53226073,other,5,0,83.2475
53225531,other,20,0,0.9019444444444444
53221836,other,11,6,240.87555555555556
53218295,other,15,6,0.7988888888888889
53222015,other,17,6,30.116666666666667
53218323,other,7,6,2.1719444444444442
53219893,other,16,6,119.20194444444445
53218581,other,12,6,73.28361111111111
53224512,other,10,0,173.28722222222223
53220599,other,19,6,100.45
53228929,other,18,0,72.42388888888888
53219515,other,2,6,0.7638888888888888
53233400,other,22,0,60.5375
53224269,other,4,0,0.6213888888888889
53225920,other,12,0,478.4247222222222
53219769,other,20,6,42.24583333333333
53220534,other,11,6,168.25
53223824,other,6,0,0.6613888888888889
53225854,other,6,0,41.28333333333333
53223558,other,21,0,14.113333333333333
53222005,other,20,6,31.033333333333335
53226203,other,7,0,105.12527777777778
53218407,other,1,6,0.3061111111111111
53224287,other,13,0,66.98194444444445
53222703,other,10,6,176.23277777777778
53225275,other,7,0,0.2011111111111111
53220583,drainage,10,6,1.9833333333333334
53233215,other,7,0,109.27777777777777
53218931,other,20,5,2.504722222222222
53225405,other,9,0,0.3022222222222222
53219711,other,0,6,0.45166666666666666
53226228,other,10,0,51.556666666666665
53220816,streetlights,12,6,14.6
53221323,other,14,6,120.09194444444445
53221226,other,15,6,146.96916666666667
53225810,other,11,0,23.831666666666667
53226304,other,16,0,335.4236111111111
53219286,other,11,6,60.96666666666667
53222379,other,19,6,0.7533333333333333
53224898,water,6,0,1927.3847222222223
53220985,other,13,6,0.21027777777777779
53220711,other,18,6,0.5569444444444445
53227523,other,10,0,3.026388888888889
53223636,other,9,0,0.8416666666666667
53222657,other,20,6,119.73722222222223
53221804,other,11,6,3.1261111111111113
53225213,other,13,0,8962.368333333334
53222895,other,10,6,19.00111111111111
53221267,other,12,6,94.99777777777778
53221222,other,0,6,87.15777777777778
53219367,other,22,5,0.14277777777777778
53227236,streetlights,13,0,10.466666666666667
53222098,other,18,6,0.7297222222222223
53225296,other,1,1,0.5163888888888889
53223038,other,23,6,128.115
53218419,other,7,6,196.8125
53225543,other,18,0,2.6558333333333333
53221253,other,0,6,32.16027777777778
53221526,other,12,6,100.88583333333334
53230362,other,11,0,99.56833333333333
53220309,streetlights,22,6,1.0
53225288,other,8,0,175.3563888888889
53221495,other,4,6,157.61083333333335
53232324,other,8,0,97.0261111111111
53221423,other,22,6,90.05305555555556
53223405,other,20,0,40.833333333333336
53228726,other,10,0,3079.2330555555554
53232676,drainage,6,0,3431.1833333333334
53230922,other,16,0,94.08611111111111
53222269,other,18,6,0.4608333333333333
53222213,other,17,6,23943.391111111112
53218226,other,8,6,0.39361111111111113
53220946,other,17,6,0.8769444444444444
53220582,drainage,9,6,1.3166666666666667
53219921,other,1,6,80.49277777777777
53230960,other,19,0,123.88972222222222
53220147,other,18,6,209.6002777777778
45608906,other,20,3,0.9227777777777778
53220083,other,14,6,28.399722222222223
53220606,other,10,6,419.6686111111111
53223208,other,23,6,0.7747222222222222
53222254,other,21,6,0.3597222222222222
53223637,other,22,0,0.69
53220709,other,21,6,0.9325
53219213,other,10,6,861.1447222222222
53223681,other,18,0,1.468888888888889
53221624,other,14,6,24.780277777777776
53223110,water,10,6,3.25
53222729,other,16,6,145.63666666666666
53223482,other,8,0,112.93611111111112
53221687,other,11,6,116.62944444444445
53222349,roads,13,6,110.72055555555555
53233465,other,15,0,1.8511111111111112
53222846,other,2,6,102.59222222222222
53225219,other,15,0,69.09277777777778
53224760,other,13,0,103.03888888888889
53232273,other,9,0,167.71055555555554
53220543,other,7,6,51.405277777777776
53218241,other,0,6,0.8255555555555556
53218535,other,12,6,25.361944444444443
53224376,other,21,0,658.1077777777778
53222103,other,20,6,0.7494444444444445
53224517,other,10,0,72.00333333333333
53230946,other,21,0,9.033333333333333
53232937,other,8,0,71.72888888888889
53218789,other,23,6,128.54083333333332
53222995,other,16,6,17.78611111111111
53226000,other,21,0,47.43972222222222
53219903,other,7,6,109.38583333333334
53222919,other,17,6,195.72833333333332
53222983,other,13,6,21.350277777777777
53223013,other,21,6,682.25
53220504,other,7,6,0.005277777777777778
53221956,water,8,6,10.166666666666666
53222477,other,11,6,1532.8547222222223
53234627,other,1,0,9.602777777777778
53221266,other,17,6,42.05138888888889
53219124,other,7,6,37.202222222222225
53226007,other,0,0,54.004444444444445
53222240,other,21,6,0.24722222222222223
53221170,other,12,6,73.76694444444445
53225114,other,14,0,0.9041666666666667
53218687,other,20,6,140.44444444444446
53221938,other,22,6,35.9125
53233639,other,9,0,4.018611111111111
53227053,other,20,0,0.2288888888888889
53221637,other,0,0,103.08694444444444
53219290,other,11,6,412.4975
53220361,other,13,6,1018.3230555555556
53226980,other,15,0,3.1397222222222223
53227197,other,22,0,0.48083333333333333
53225282,other,12,0,0.4141666666666667
53220008,other,14,6,36.172777777777775
53221634,other,21,6,106.36083333333333
53224051,roads,7,0,223.5288888888889
53219355,other,2,6,944.0233333333333
53223304,other,9,6,2541.6613888888887
53218308,other,21,6,1.1088888888888888
53222232,other,23,6,3.4902777777777776
53224730,other,5,0,157.2975
53220568,other,14,6,22.35
53218415,other,19,5,9.449166666666667
53219986,other,19,6,143.3372222222222
53230266,other,14,0,1.8166666666666667
53231973,other,16,0,549.1902777777777
53221577,other,7,6,81.13777777777777
53221153,other,10,6,129.66194444444446
53223541,other,11,0,0.8741666666666666
53223166,other,16,6,0.9719444444444445
53223907,other,11,0,28755.972777777777
53234065,drainage,8,0,2.35
53221911,other,8,6,558.4408333333333
53220577,other,9,6,339.4736111111111
53224153,other,16,0,1.3366666666666667
53218807,other,12,6,145.69361111111112
53225945,other,16,0,453.97083333333336
53223045,other,0,0,0.8341666666666666
53222032,water,9,6,0.2
53222322,other,22,6,0.10444444444444445
53232269,other,14,0,173.30444444444444
53223030,other,12,6,115.31277777777778
53219598,other,22,5,4.439444444444445
53224410,other,10,0,109.76666666666667
53218746,other,12,6,75.97361111111111
53225594,infrastructure,18,0,42.50111111111111
53220037,other,16,6,11.658888888888889
53218810,other,8,6,151.09027777777777
53226053,other,19,0,88.94833333333334
53221720,other,11,6,0.4822222222222222
53234568,other,10,0,76.75055555555555
53223302,water,22,6,326.6988888888889
53221979,other,13,6,727.2325
53222510,other,5,6,179.2588888888889
53224854,other,8,0,216.19416666666666
53224254,other,17,0,7.061388888888889
53220865,other,8,6,1.6908333333333334
53234707,other,2,0,58.23722222222222
53221714,other,14,6,2.1463888888888887
53222623,other,10,6,93.03861111111111
53220516,other,15,6,77.95305555555555
53218353,other,21,6,1.1327777777777779
53225256,other,14,0,106.98388888888888
53224672,other,11,0,163.4386111111111
53234525,other,15,0,91.58361111111111
53225293,other,14,0,20.616666666666667
53222805,other,23,6,35.035
53222800,other,14,6,22.735
53227989,other,10,0,133.13694444444445
53226087,other,23,0,42.02583333333333
53218369,other,23,5,0.5238888888888888
53233269,other,7,0,154.52583333333334
53232020,other,14,0,627.4708333333333
53219262,other,12,6,107.86666666666666
53230782,other,18,0,0.6975
53218617,other,22,6,81.66166666666666
53232404,other,6,0,101.25027777777778
53222940,other,21,6,92.93333333333334
53222843,other,13,6,21.601111111111113
53218998,other,9,6,153.87916666666666
53220109,other,6,6,28.710833333333333
53219590,other,18,5,10.862222222222222
53222526,other,9,6,81.99222222222222
54093041,other,23,3,1.5016666666666667
53222873,other,19,6,142.2552777777778
53220809,other,2,6,0.8111111111111111
53227188,other,9,0,1.5925
53220762,other,22,6,0.3402777777777778
53223739,other,11,0,100.42027777777778
53221297,other,10,6,170.24194444444444
53228277,other,15,0,91.32694444444445
53223823,other,8,0,0.5869444444444445
53221771,water,11,6,230.61666666666667
53234173,other,13,0,0.5286111111111111
53222398,other,1,6,197.81333333333333
53219902,other,15,6,2.216666666666667
53225038,other,15,0,2.082777777777778
53218514,other,10,6,189.2975
53222534,other,16,6,112.99944444444445
53220050,other,10,6,25.051666666666666
53234430,other,17,0,78.15
53231854,other,14,0,48.19222222222222
53224239,other,22,0,0.31444444444444447
53219283,other,15,6,128.61666666666667
53224046,other,1,1,1.558888888888889
53218756,other,9,6,28.389444444444443
53224920,water,3,0,562.42
53224049,other,17,0,20505.4575
53226504,other,15,0,207.27583333333334
53224044,other,18,0,23918.70611111111
53218596,other,0,6,83.90138888888889
53234159,roads,18,0,39.806111111111115
53223022,other,11,6,189.82305555555556
53220874,other,20,5,3.317222222222222
53225244,other,7,0,1.05
53223021,other,23,6,128.94194444444443
53219173,other,10,6,96.63333333333334
53233851,other,2,0,0.6375
53220156,other,9,6,238.55055555555555
53222712,other,11,6,71.76555555555555
53231978,other,22,0,13.185833333333333
53225559,other,1,1,0.39444444444444443
53227527,other,17,0,46.86666666666667
53220451,other,15,6,0.2
53220898,other,9,6,0.8636111111111111
53221265,other,9,6,60.102222222222224
53228619,infrastructure,12,0,0.0
54080628,other,22,2,2.792777777777778
53221778,other,23,6,2.6791666666666667
53227820,other,7,0,0.8519444444444444
53224562,other,9,0,11.897222222222222
53220165,other,18,6,85.2925
53230233,other,18,0,2782.285277777778
53219997,other,21,6,164.02833333333334
53218467,other,9,6,96.44361111111111
53219776,other,2,6,86.36833333333334
53224542,other,17,0,96.9738888888889
53219803,other,10,6,80.48833333333333
53221595,other,14,6,22.795833333333334
53221941,other,14,6,857.9883333333333
53219619,other,0,6,0.30583333333333335
53224422,other,20,0,171.91666666666666
53226829,other,11,0,0.0
53225898,other,20,0,123.68333333333334
53221475,other,9,6,27.62611111111111
53223348,infrastructure,13,6,706.1116666666667
45604260,other,17,2,665.4166666666666
53224667,other,9,0,129.75055555555556
53218953,other,21,6,1.5419444444444443
53222287,other,20,6,2.7080555555555557
53225179,other,9,0,3.031111111111111
53221479,other,18,6,45.82666666666667
53223089,other,20,6,1.6575
53232916,other,10,0,0.1288888888888889
53223677,other,13,0,99.02222222222223
53221063,other,23,5,0.44916666666666666
53225513,other,22,0,0.41388888888888886
53222505,other,2,6,79.4811111111111
53221200,other,17,6,88.47194444444445
53226264,other,16,0,762.6794444444445
53221305,other,9,6,24.28361111111111
53227107,other,21,0,0.7375
45607285,other,14,3,369.21666666666664
53221743,other,6,6,0.0025
53218224,other,21,5,0.9127777777777778
53218304,other,22,6,0.27166666666666667
53222313,other,14,6,209.92333333333335
53225612,other,11,0,0.0175
53220567,other,9,6,972.6322222222223
53224643,other,9,0,53.720555555555556
53224395,other,22,0,13.185555555555556
53230655,other,13,0,175.6875
53218397,other,23,5,1.6180555555555556
53224895,other,14,0,1169.3013888888888
53221724,other,11,6,150.78916666666666
53221572,other,10,6,150.3786111111111
53223475,other,22,0,13.035277777777777
53220894,other,11,6,0.4311111111111111
53221816,other,20,6,0.5705555555555556
53222841,other,13,6,19.934444444444445
53220702,other,0,6,0.7566666666666667
53218769,other,16,6,117.99388888888889
53224640,other,4,0,56.329166666666666
53220595,streetlights,16,6,0.25
53222914,other,9,6,413.13138888888886
53233237,other,21,0,17.31361111111111
54084705,streetlights,12,2,405.03333333333336
53219458,other,2,6,0.5447222222222222
53225496,other,19,0,13.466666666666667
53218290,other,0,6,2.131666666666667
53219922,other,19,6,160.7588888888889
53219031,other,13,6,119.4811111111111
53223253,other,8,6,300.68944444444446
53225845,streetlights,13,0,33.1
53229591,other,16,0,1.7297222222222222
53233240,other,18,0,159.29527777777778
53223762,other,12,0,1.941111111111111
53222803,other,22,6,117.87055555555555
53228607,other,20,0,0.8436111111111111
53223481,other,11,0,24.602222222222224
53225267,other,18,0,125.22194444444445
53225216,other,17,0,230.86666666666667
53221208,other,6,6,125.32944444444445
53224735,other,10,0,6069.526111111111
53230468,other,1,0,137.37472222222223
53218376,other,16,6,548.1222222222223
53227719,other,12,0,667.8172222222222
53220760,other,20,5,7.900555555555556
53230010,other,17,0,6.558333333333334
53220497,other,20,6,233.4611111111111
53230366,other,17,0,72.8775
53218468,other,10,6,28.95611111111111
53222680,other,10,6,175.96305555555554
53225271,other,19,0,2.022777777777778
53222744,other,11,6,87.03166666666667
53223224,other,15,6,0.25027777777777777
53222872,other,8,6,169.91083333333333
53218660,other,13,6,127.01277777777777
53224066,other,17,0,23919.885
53234190,other,19,0,1.1680555555555556
53220270,other,12,6,138.77944444444444
53219488,water,10,6,4559.954166666666
53219616,other,21,5,6.158055555555555
53223429,other,22,0,0.5191666666666667
53233433,other,11,0,224.9275
53224357,other,9,0,1388.9975
53220565,other,15,6,16.8
53233391,other,20,0,42.65361111111111
53227167,other,10,0,0.03361111111111111
53224786,other,16,0,762.6794444444445
53221435,other,6,6,171.11666666666667
53222396,other,17,6,0.8019444444444445
53218240,other,22,6,0.23527777777777778
53218269,other,23,5,1.1380555555555556
53229839,water,18,0,14.6
53225890,other,11,0,84.3
53222201,other,2,6,206.3061111111111
53223333,other,22,6,97.78333333333333
53219236,other,9,6,363.3875
53223445,other,9,0,126.9775
53222603,other,15,6,147.73583333333335
53221898,other,14,6,425.6947222222222
53221321,other,11,6,97.20722222222223
53223273,water,11,6,0.7666666666666667
53220366,other,14,6,2.0130555555555554
53222197,other,1,0,1.6266666666666667
53232421,other,13,0,1.15
53220604,other,11,6,60.78333333333333
53221100,other,11,6,100.3425
53219531,other,1,6,0.4172222222222222
53218976,other,13,6,0.8352777777777778
53221206,other,2,6,80.01638888888888
53218673,other,14,6,191.09777777777776
53225982,other,13,0,148.89638888888888
53219833,other,18,6,47.56138888888889
53228912,other,19,0,43.62833333333333
53224570,other,15,0,164.30444444444444
53224523,other,19,0,112.48861111111111
53221605,other,16,6,383.0566666666667
53220048,other,13,6,142.50222222222223
53223696,other,14,0,113.21527777777777
53230632,other,15,0,567.905
53223219,other,22,5,1.4958333333333333
53229104,other,19,0,70.99305555555556
53222946,other,12,6,99.95611111111111
53222779,other,12,6,134.0936111111111
53220055,other,13,6,86.68055555555556
53223401,other,21,0,1.0705555555555555
53221791,other,16,6,1.3455555555555556
53221031,other,14,6,2.539722222222222
53225558,other,20,0,0.99
53223393,other,9,0,2.8
53225315,other,16,0,17.1775
45606317,other,16,3,31.583333333333332
53230329,other,0,0,39.04555555555555
53225786,streetlights,8,0,0.0
53239764,other,14,1,88.52972222222222
54083747,other,23,2,2.363611111111111
53222483,other,8,6,9.305
53218870,other,14,6,24.679166666666667
53221585,other,11,6,236.8475
53226288,water,9,0,179.0675
53221990,other,13,6,23.366666666666667
53221544,other,11,6,148.92888888888888
53218281,other,23,5,0.7213888888888889
53219449,other,8,6,6.721666666666667
53219242,water,12,6,786.8833333333333
53231044,other,19,0,0.5408333333333334
53223692,other,19,0,0.19305555555555556
53222936,other,19,6,133.53916666666666
53224886,other,7,0,1226.7511111111112
53218221,other,20,6,0.4722222222222222
53219879,other,10,6,129.56194444444444
53220715,other,19,6,76.59277777777778
53218694,other,17,6,88.37833333333333
53223134,other,20,6,0.2511111111111111
53221881,other,10,6,6.769722222222223
53219462,other,0,0,0.6377777777777778
53219630,other,23,5,1.511111111111111
53230803,other,7,0,2.795
53223804,other,0,1,0.49027777777777776
53222485,other,13,6,72.82888888888888
53226508,other,21,0,2.946111111111111
53228837,other,12,0,6.3805555555555555
53223284,other,17,6,422.3125
53221271,other,13,6,26.910833333333333
53224521,other,18,0,89.30111111111111
53219208,drainage,9,6,1.6666666666666667
53224927,other,8,0,339.445
53224947,other,16,0,336.0061111111111
53219486,water,23,6,345.8438888888889
53220596,drainage,21,6,1.3833333333333333
53234582,other,19,0,134.02083333333334
53224598,other,3,0,10.982222222222223
53229207,other,14,0,381.8077777777778
53225809,streetlights,9,0,-24.016666666666666
53223863,other,15,0,187.90666666666667
53220773,other,4,6,2.776666666666667
53220421,other,15,6,0.36666666666666664
53222780,other,11,6,116.32111111111111
53223106,water,12,6,0.35
53224953,other,7,0,128.87777777777777
53224610,other,7,0,131.12583333333333
53221773,other,10,6,1.2291666666666667
53222951,other,21,6,106.27583333333334
53229057,other,0,0,34.53777777777778
53224852,other,14,0,166.565
53222436,other,23,5,2.5575
53223139,other,12,6,0.17194444444444446
53219116,other,21,6,1.4283333333333332
53220167,other,22,6,190.95805555555555
53228181,other,8,0,0.725
53234471,streetlights,9,0,-72.0
53229337,other,7,0,0.6033333333333334
53220276,other,15,6,688.3036111111111
53224240,streetlights,1,0,0.48333333333333334
53219820,other,10,6,27.575555555555557
53218850,other,12,6,132.6538888888889
53218967,other,22,6,0.8925
53219154,other,7,6,81.14166666666667
53220171,other,17,6,95.39166666666667
53221367,other,14,6,147.31833333333333
53224134,other,16,0,3.2241666666666666
53224656,other,8,0,53.22138888888889
53223228,other,1,6,2.470833333333333
53225974,other,19,0,93.19888888888889
53221993,water,21,6,612.9869444444445
53220897,other,23,6,0.12416666666666666
53224217,other,11,0,0.024166666666666666
53219785,other,13,6,27.369722222222222
53221394,other,23,6,9.66638888888889
53219963,other,15,6,146.86666666666667
53222620,other,11,6,121.12472222222222
53220075,other,11,6,169.08194444444445
53226142,other,11,0,28.3425
53230278,other,7,0,101.27416666666667
53233634,other,21,0,0.6625
53225717,other,10,0,0.24722222222222223
53221324,other,0,6,38.29944444444445
53231014,other,14,0,20.539166666666667
53220761,other,20,5,8.954722222222221
53233556,other,18,0,109.66388888888889
53228482,other,7,0,0.5088888888888888
53220552,other,10,6,429.7938888888889
53231840,other,12,0,145.9597222222222
53226105,other,10,0,106.17861111111111
53219482,water,20,6,71.53916666666667
53218595,other,12,6,22.453333333333333
53219483,water,16,6,7079.11
53225527,drainage,11,0,2.7333333333333334
45598874,other,22,2,4.476944444444444
53218990,other,22,6,116.60027777777778
53224693,other,15,0,49.32277777777778
53233757,other,13,0,166.91611111111112
53219177,other,2,6,368.5394444444444
53225250,other,12,0,88.86694444444444
53229089,other,12,0,77.03194444444445
53223630,other,12,0,0.3486111111111111
53230504,other,22,0,138.465
53222176,other,16,6,0.9508333333333333
53220754,other,11,6,84.91166666666666
53222535,other,10,6,31.756666666666668
53220707,other,15,6,0.15694444444444444
53221209,other,23,6,92.88388888888889
53220086,other,10,6,122.4036111111111
53224628,other,14,0,48.600833333333334
53225327,other,8,0,29.906388888888888
53219248,other,17,6,686.0266666666666
53229995,other,23,0,0.7472222222222222
53221837,other,17,6,0.15555555555555556
53223232,other,6,6,2.0708333333333333
53221953,other,20,6,780.1327777777777
53227763,other,10,0,680.8997222222222
53224104,other,19,0,6.068888888888889
53224774,other,11,0,268.8238888888889
53225958,other,9,0,144.36777777777777
53222228,other,21,6,0.7302777777777778
53218588,other,12,6,103.55722222222222
53229619,other,13,0,21.009166666666665
53233107,other,20,0,17.532777777777778
53224582,other,15,0,71.28444444444445
53226279,other,13,0,644.7097222222222
53224748,other,11,0,1243.8136111111112
53219780,other,10,6,585.2791666666667
53224123,other,23,0,0.9719444444444445
53220789,other,21,5,7.453055555555555
53221591,other,14,6,12.964722222222223
53222308,other,0,6,0.6052777777777778
53226796,other,13,0,13531.085833333333
53219002,other,0,0,2.7625
53222968,other,12,6,185.03472222222223
53220721,other,19,5,3.4694444444444446
53218479,other,16,6,168.6213888888889
53228023,other,11,0,170.0872222222222
53225812,infrastructure,15,0,80.16722222222222
54092589,other,6,3,0.5341666666666667
53218425,other,11,6,5786.7925
53225704,other,23,0,0.5372222222222223
53221894,other,10,6,94.14166666666667
53220542,drainage,8,6,2.7666666666666666
53224817,water,14,0,2752.4705555555556
53221330,other,23,6,62.486111111111114
53226103,other,12,0,125.80555555555556
53225791,water,7,0,1.6
53221961,other,9,6,352.12583333333333
53223947,other,6,0,48.33277777777778
53225278,other,13,0,115.38666666666667
53223781,other,11,0,2.6341666666666668
53223006,other,12,6,170.71027777777778
53234588,other,18,0,66.5038888888889
53220399,other,16,6,136.35083333333333
53233052,other,18,0,101.4
53228393,other,23,0,23913.379722222224
53225186,other,7,0,96.94527777777778
53224911,other,9,0,171.95444444444445
53218458,other,15,6,892.3113888888889
53224950,other,12,0,90.15388888888889
53218708,other,19,6,109.79472222222222
53233127,other,12,0,419.76666666666665
53228622,other,8,0,0.10694444444444444
53218714,other,17,6,118.31944444444444
53230878,other,16,0,284.2127777777778
53218507,other,15,6,81.85722222222222
53228914,other,10,0,47.81111111111111
53220907,other,0,0,0.83
53218853,other,17,6,145.01416666666665
53232993,other,9,0,38.86666666666667
53225437,other,1,1,0.975
53222689,other,2,6,160.50194444444443
53218772,other,11,6,116.28666666666666
53225092,other,16,0,95.4875
45599314,infrastructure,13,2,10.8375
53220826,water,11,6,167.44805555555556
53219039,other,7,6,30.925555555555555
53225838,other,17,0,54.35
53220028,other,9,6,102.05527777777777
53224671,other,22,0,87.895
53223710,other,17,0,95.79527777777778
53218936,other,12,6,5.728055555555556
53220798,other,12,6,1.8608333333333333
53221161,other,5,6,52.65027777777778
53220440,other,20,6,68.87777777777778
53220975,other,17,6,23943.47861111111
53224263,other,12,0,1.9088888888888889
53224632,other,10,0,25.701944444444443
53231961,other,16,0,186.6261111111111
59379411,other,10,3,0.0
53221458,other,19,6,114.22916666666667
53225016,other,10,0,25800.800833333335
53220953,other,21,5,6.065833333333333
53221746,streetlights,20,6,1.1333333333333333
53224747,other,9,0,1388.9975
53218632,other,21,6,41.547222222222224
53220829,infrastructure,17,6,6.6675
53223639,other,1,1,0.6513888888888889
54277287,other,22,2,516.9669444444445
53224753,other,5,0,194.49777777777777
53231007,other,11,0,3.3455555555555554
53224387,other,0,1,71.46666666666667
59384510,other,10,3,96.03333333333333
53219708,other,3,6,2.187222222222222
53219005,other,20,6,102.11666666666666
53220869,other,11,6,0.7669444444444444
53225582,infrastructure,20,0,233.7625
53220087,other,0,6,131.39666666666668
53219479,other,22,6,4.466111111111111
53233259,other,10,0,125.80527777777777
53225622,other,16,0,511.4138888888889
53223619,other,13,0,115.97583333333333
53222528,other,9,6,101.15583333333333
53234135,other,15,0,23920.98138888889
53221512,other,12,6,45.242777777777775
53222551,other,18,6,45.805
53219625,other,10,6,77.21861111111112
53220616,water,9,6,195.65972222222223
53232606,other,20,0,114.225
53221620,other,11,6,92.23611111111111
53218300,other,21,6,0.49972222222222223
53219537,other,18,5,11.684166666666666
53224427,other,14,0,575.6677777777778
53218517,other,4,6,103.21166666666667
53220384,other,19,6,0.6480555555555556
53222433,other,20,5,8.62138888888889
53222560,other,15,6,40.839166666666664
53221217,other,12,6,33.23388888888889
53223707,other,9,0,93.62722222222222
53227587,other,9,0,76.24027777777778
53221112,other,9,6,1274.6308333333334
53218943,other,9,6,123.92666666666666
53218664,other,3,6,24.39027777777778
53222675,other,19,6,16.295833333333334
53223894,other,14,0,20494.93888888889
53228921,other,2,0,222.39111111111112
53224167,other,10,0,2.071388888888889
53229524,other,9,0,557.2180555555556
53221127,other,12,6,95.48277777777778
53220633,other,15,6,56.6
53223703,other,15,0,211.275
53226316,water,15,0,212.07166666666666
53225222,other,22,0,278.22194444444443
53224359,streetlights,13,0,12.3
53219487,water,16,6,285.9402777777778
53222082,other,9,6,86.05
53225803,other,11,0,143.72833333333332
53219939,other,19,6,166.14916666666667
53218262,other,23,5,2.4694444444444446
53225046,other,17,0,0.47333333333333333
53225727,water,7,0,0.0
53222550,other,12,6,25.933888888888887
53220228,other,7,6,72.49138888888889
53222407,other,21,5,7.076388888888889
53224392,other,17,0,520.2569444444445
53220900,other,10,6,0.05472222222222222
53219799,other,14,6,93.07138888888889
53222177,other,1,0,0.13472222222222222
53218321,other,9,6,69.52361111111111
53232479,other,11,0,0.9588888888888889
53218925,other,15,6,129.84277777777777
53224402,other,16,0,383.7011111111111
53226193,other,8,0,28.85361111111111
53221770,water,11,6,770.2333333333333
53226003,other,10,0,56.94222222222222
53219900,other,17,6,145.4636111111111
53224596,other,7,0,5.1025
54082826,other,16,2,66.05611111111111
53222045,other,15,6,56.46666666666667
53219029,other,18,6,45.74444444444445
53221300,other,11,6,56.31583333333333
53218201,other,16,6,0.6136111111111111
53224445,other,12,0,59.43333333333333
53227897,other,13,0,1.0783333333333334
53220692,other,1,0,0.9177777777777778
53221048,other,0,6,0.5713888888888888
53223816,other,9,0,1.2852777777777777
53234739,other,14,0,174.45055555555555
53222549,other,3,6,35.44277777777778
53218385,other,23,5,2.8505555555555557
53229401,other,14,0,165.8311111111111
53222836,other,1,6,38.82861111111111
53218755,other,12,6,3.5836111111111113
53220640,other,12,6,35.71666666666667
53226900,other,10,0,44.75
53222721,other,12,6,5.004722222222222
53218604,other,7,6,27.136944444444445
53221747,other,22,6,66.92722222222223
53224939,other,14,0,50.15
53219853,other,16,6,47.47527777777778
53218569,other,7,6,54.57083333333333
53231380,other,8,0,0.4075
53219788,other,8,6,123.90194444444444
53218905,other,19,6,163.83666666666667
53223468,other,19,0,0.7383333333333333
53223039,other,20,6,587.3075
53230425,other,8,0,144.8575
53219733,other,3,6,0.23277777777777778
53223497,other,22,0,3.3255555555555554
53224556,other,10,0,74.35027777777778
53225964,other,10,0,179.0738888888889
53219593,other,21,5,6.108888888888889
53219594,other,21,5,6.77
53227750,other,16,0,96.58
54091810,other,1,4,0.31416666666666665
53219379,other,23,6,1.8094444444444444
53218254,other,22,6,0.2861111111111111
53228997,other,4,0,56.12777777777778
53220990,other,21,5,7.003055555555555
53221473,other,10,6,189.01527777777778
53225125,other,11,0,161.79361111111112
53220441,other,9,6,25.24277777777778
53220877,other,18,6,0.41694444444444445
53224869,other,9,0,223.8161111111111
53221342,other,9,6,79.46972222222222
53223354,water,8,6,0.08333333333333333
53223720,other,19,0,65.17805555555556
53222972,other,21,6,106.42388888888888
53224408,other,7,0,181.1652777777778
53222653,other,0,6,110.68027777777777
53221033,other,18,6,0.6241666666666666
53219280,other,15,6,32.06666666666667
53220525,other,12,6,45.159166666666664
53229168,other,9,0,223.8161111111111
53222848,other,12,6,31.14
53221152,other,0,6,129.67305555555555
53223353,water,10,6,0.16666666666666666
53225553,other,21,0,0.6611111111111111
53222708,other,18,6,66.14027777777778
53220395,other,15,6,537.0830555555556
53228783,other,16,0,31.9
53224847,other,9,0,838.5225
53225027,other,15,0,1.146388888888889
53224633,other,13,0,0.13111111111111112
53228575,other,17,0,0.6791666666666667
53224032,water,8,0,0.13333333333333333
53218544,other,12,6,103.35166666666667
53225875,other,12,0,93.72361111111111
53224289,other,10,0,69.57444444444444
53218806,other,10,6,24.807777777777776
53219000,other,20,6,35.96611111111111
53222988,other,14,6,13.796666666666667
53220358,other,20,6,68.77305555555556
53220258,other,10,6,94.62444444444445
53222386,other,1,0,0.24861111111111112
53224713,other,16,0,18.267777777777777
53221109,other,5,6,171.05333333333334
53221066,other,21,5,5.821944444444444
53226260,other,12,0,95.53805555555556
53218454,other,18,6,115.38083333333333
53230660,other,13,0,308.4427777777778
53224150,other,6,0,0.2275
53224011,other,13,0,1850.2872222222222
53232094,other,15,0,476.1675
53223936,roads,0,6,24.841944444444444
53230993,other,14,0,0.24194444444444443
53223189,other,18,6,7101.456944444444
53218744,other,0,6,116.78694444444444
53222807,other,15,6,66.48
53218233,other,21,5,6.3125
53219159,other,18,6,163.25
53218777,other,16,6,124.20277777777778
53224059,water,13,0,0.6666666666666666
53219556,other,1,6,0.13277777777777777
53229915,other,4,0,0.26722222222222225
53221670,other,14,6,47.38361111111111
53223827,other,7,0,4.9061111111111115
53225304,other,15,0,0.5111111111111111
53222111,other,1,6,0.23166666666666666
53230831,other,19,0,0.9683333333333334
53218932,other,22,6,3.0694444444444446
53219756,other,10,6,166.96583333333334
53232778,other,17,0,7.089166666666666
53232240,other,17,0,18.566111111111113
53222157,other,12,6,0.6775
53219266,other,14,6,295.43416666666667
53218640,other,17,6,98.90611111111112
53221860,other,5,6,0.0011111111111111111
53221242,other,21,6,38.07527777777778
53224350,other,14,0,380.66833333333335
53219431,other,7,6,0.47833333333333333
53227332,other,9,0,892.3961111111112
53221942,other,10,6,2.566666666666667
53225355,other,15,0,1.145
53228034,other,8,0,0.885
53222547,other,13,6,149.99944444444444
53219289,other,12,6,953.6041666666666
53220876,other,15,6,2.6891666666666665
53225329,other,21,0,118.68111111111111
53222739,other,14,6,147.2602777777778
53225585,other,1,1,3.4391666666666665
53219351,other,1,0,1.635
53225124,other,7,0,46.4125
53221644,other,10,6,17.7125
53224707,other,12,0,31.71
53218749,other,5,6,20528.051666666666
53219747,other,17,6,2029.2616666666668
53218301,other,2,6,0.4275
53225748,other,10,0,0.5341666666666667
53222591,other,16,6,183.7925
53219867,other,16,6,162.5311111111111
53218225,other,9,6,2.0419444444444443
53221948,water,18,6,1.6
53222802,other,14,6,24.476111111111113
53218962,other,9,6,102.3788888888889
53219574,other,20,6,0.27194444444444443
53219974,other,20,6,141.49166666666667
53220151,other,10,6,83.7125
53219219,infrastructure,13,6,10.531666666666666
53225685,other,13,0,1.1375
53218503,other,18,6,44.44972222222222
53224617,other,15,0,93.12694444444445
53227381,other,11,0,529.3408333333333
53232294,other,8,0,390.03833333333336
53234475,other,12,0,59.766666666666666
53224661,other,5,0,34.04694444444444
53220598,other,20,6,13.133333333333333
53225217,streetlights,9,0,0.0
53230223,other,16,0,127.8
53221019,other,1,0,0.42027777777777775
53221148,other,11,6,97.86472222222223
53219374,other,8,6,1.7002777777777778
53219489,other,22,6,3.48
53226110,other,10,0,58.30888888888889
53227965,other,7,0,0.06722222222222222
53226659,other,9,0,0.9402777777777778
53225203,other,21,0,45.323055555555555
53223419,other,15,0,2528.3769444444442
53231822,other,21,0,132.01222222222222
53218837,other,5,6,172.02388888888888
53223152,other,21,5,1.2416666666666667
53220848,other,17,6,23942.977222222224
53222543,other,18,6,97.53222222222222
53231988,other,17,0,209.24722222222223
53223149,other,22,6,0.7033333333333334
53234615,other,17,0,94.31388888888888
53221944,other,17,6,392.31194444444446
53221557,other,14,6,113.67416666666666
53230476,other,8,0,2.35
53219996,other,17,6,39.57138888888889
53219916,other,6,6,59.83694444444444
53224634,other,19,0,118.46583333333334
53221934,other,14,6,545.6058333333333
53218773,other,11,6,25.12611111111111
53224365,other,16,0,2584.8075
53221823,other,15,6,2.0972222222222223
53225988,other,19,0,71.09583333333333
53224234,other,11,0,0.08166666666666667
53224132,other,21,0,0.2247222222222222
53218553,other,10,6,103.10944444444445
53221091,other,12,6,1053.7516666666668
53223411,infrastructure,11,0,5412.576388888889
53220653,other,18,6,29.266666666666666
53223091,other,9,6,365.02777777777777
53218532,other,12,6,103.65611111111112
53220212,other,11,6,68.24805555555555
53222198,other,20,6,187.65
53224331,infrastructure,11,0,14196.501666666667
53220280,other,18,6,139.075
53224892,other,14,0,237.13555555555556
53226726,other,10,0,21.0
53224058,infrastructure,16,0,214.91472222222222
53222285,other,13,6,2.0922222222222224
53220650,other,19,6,28.316666666666666
53219950,other,4,6,195.1327777777778
53223828,other,16,0,1.0055555555555555
53220952,other,23,5,1.6883333333333332
53219695,other,13,6,0.3061111111111111
53221801,other,18,6,0.38416666666666666
53220049,other,16,6,166.00083333333333
53222173,other,12,6,2.955277777777778
53223885,other,11,0,20498.58722222222
53218366,other,21,6,0.06472222222222222
53219809,other,12,6,186.86638888888888
53220019,other,14,6,144.49777777777777
53222976,other,0,0,0.6025
53220431,water,18,6,3.3666666666666667
53218335,other,22,6,0.18583333333333332
53226039,other,15,0,146.80694444444444
53229431,other,18,0,121.82416666666667
53225352,other,14,0,1.15
53221191,other,10,6,5.172777777777778
53222137,other,20,6,2.226111111111111
53225720,other,9,0,71.19388888888889
53218370,other,0,6,0.6447222222222222
53218878,other,8,6,19.638333333333332
53226335,other,20,0,87.50472222222223
53228112,other,12,0,98.80694444444444
53225981,other,9,0,152.49388888888888
53225318,other,11,0,23.0925
53233042,other,11,0,9.6925
53220529,other,16,6,479.48583333333335
53219578,other,22,6,1.1597222222222223
53218843,other,17,6,185.46333333333334
53225902,other,10,0,1009.4863888888889
53226180,other,4,0,194.64555555555555
53222091,streetlights,23,6,14.8
53220784,other,21,6,0.6208333333333333
53227827,other,15,0,2.1108333333333333
53218683,other,13,6,36.528888888888886
53221281,other,10,6,73.51944444444445
53226023,other,1,0,85.51944444444445
53222854,other,19,6,25.154444444444444
53226753,other,10,0,94.84305555555555
53224554,other,20,0,67.1675
53230463,other,8,0,118.15722222222222
53233732,other,10,0,63.79694444444444
53218276,other,1,6,1.1044444444444443
53221279,other,3,6,4.215833333333333
53219152,other,17,6,213.7613888888889
53231317,water,13,0,4.166666666666667
53218547,other,18,6,50.445277777777775
53234117,other,8,0,915.3872222222222
53222665,other,1,6,161.21833333333333
53221819,other,21,5,0.4072222222222222
53223991,other,21,5,20542.11388888889
53231652,other,15,0,33.0
53224722,other,10,0,22.513333333333332
53224298,streetlights,7,0,945.6
53232101,other,4,0,137.36388888888888
53227753,other,13,0,434.49194444444447
53231528,other,11,0,1867.2177777777779
53221168,other,2,6,135.98055555555555
53225761,other,10,0,6.586111111111111
53218662,other,13,6,50.21472222222222
53229221,other,12,0,75.74194444444444
53223835,other,9,0,0.39666666666666667
53223591,other,18,0,0.8511111111111112
53219749,other,2,6,133.945
53221867,other,18,6,0.38472222222222224
53224719,other,9,0,415.2655555555556
53222795,other,20,6,16.023055555555555
53233554,other,20,0,81.96027777777778
53230411,other,0,0,34.06444444444445
53226209,other,16,0,762.6794444444445
53220080,other,12,6,1.1919444444444445
53221820,other,0,6,1.2213888888888889
53226340,other,21,0,0.21666666666666667
53221432,other,18,6,39.91
53221550,other,17,6,111.67166666666667
53220033,other,13,6,24.24111111111111
53220034,other,13,6,23.89
53225284,other,9,0,2.8230555555555554
53220954,other,23,5,2.1766666666666667
53218885,other,13,6,46.07111111111111
53221853,other,0,6,0.0016666666666666668
53222352,other,18,5,10.885
53225858,other,18,0,373.0419444444444
53219430,other,20,6,0.4577777777777778
53218868,other,10,6,129.5052777777778
54082473,other,0,3,1.1733333333333333
53225052,other,8,0,125.72333333333333
53222140,other,22,5,0.18138888888888888
53221731,other,3,6,5.103055555555556
53218436,other,14,6,69.45472222222222
53218754,other,21,6,47.181666666666665
53219153,other,16,6,188.1927777777778
53232229,other,20,0,0.8122222222222222
53223633,other,20,0,0.35444444444444445
53218926,other,14,6,4.440555555555555
53223766,other,22,0,168.08638888888888
53224974,other,10,0,1.4444444444444444
53223068,other,6,6,0.0
53220916,other,23,6,0.6683333333333333
53230882,other,10,0,290.92305555555555
53220922,other,17,6,0.7394444444444445
53223247,other,19,6,0.08888888888888889
53227389,other,13,0,196.02305555555554
53223239,other,15,6,2.964722222222222
53227572,other,5,0,106.50611111111111
53233437,water,11,0,145.1236111111111
53219148,other,20,6,68.52833333333334
53231603,other,12,0,189.47916666666666
53225071,other,13,0,1.4258333333333333
53223222,other,8,6,1.2180555555555554
53225104,other,10,0,0.4047222222222222
53224468,roads,14,6,46.26722222222222
53218263,other,20,5,8.082777777777778
53231430,other,14,0,0.6041666666666666
53231408,other,20,0,0.78
53220884,other,17,6,0.31666666666666665
53220842,other,1,0,1.1847222222222222
53218567,other,11,6,97.62527777777778
53224545,other,17,0,121.04194444444444
53225063,other,9,0,112.43388888888889
53224133,other,16,0,0.8844444444444445
53221929,other,7,6,7.896388888888889
53233067,other,16,0,31.916666666666668
53219928,other,13,6,21.8575
53222119,other,18,5,11.343333333333334
53222183,other,1,6,0.8641666666666666
53222000,other,19,6,17.45
53223176,other,8,6,0.15666666666666668
53221737,other,15,6,1.0138888888888888
53224538,other,11,0,51.26083333333333
53222973,other,12,6,115.29527777777778
53219991,other,1,6,129.54888888888888
53222306,other,19,5,9.518888888888888
53220140,other,17,6,118.2925
53223367,other,14,6,57.766666666666666
53226050,other,1,0,13.188055555555556
53219980,other,1,6,59.867777777777775
53219386,other,15,6,8.948333333333334
53226277,other,14,0,533.5863888888889
53231850,other,9,0,47.46277777777778
53224763,other,22,0,13.185833333333333
53221447,other,18,6,192.8711111111111
53228534,other,15,0,5.522222222222222
53231867,other,9,0,53.65694444444444
53219137,other,9,6,0.19583333333333333
53231556,other,17,0,174.23333333333332
53222409,other,21,5,7.361666666666666
53219411,other,23,6,2.243611111111111
53219330,other,17,6,0.5897222222222223
53218516,other,11,6,77.96833333333333
53225631,other,6,0,161.98305555555555
53220839,other,11,6,0.1322222222222222
53218443,other,13,6,122.63194444444444
53222446,other,4,6,0.6527777777777778
53233562,other,18,0,89.1475
53220307,other,13,6,1.0125
53223700,other,8,0,103.24472222222222
53225141,other,15,0,2.6463888888888887
53232394,other,13,0,0.9702777777777778
53223169,other,21,5,1.258888888888889
53221583,other,16,6,117.7625
53219440,other,20,5,7.748611111111111
53224252,other,19,0,1.4627777777777777
53219513,other,23,6,1.0005555555555556
53221188,other,14,6,98.39277777777778
53231835,other,21,0,90.0338888888889
53222193,other,23,6,2.7108333333333334
53233679,other,18,0,110.79388888888889
53220705,other,2,6,0.03194444444444444
53221164,other,10,6,151.45222222222222
53232555,streetlights,9,0,-24.016666666666666
53222522,other,8,6,128.1725
53219737,other,2,6,1.073888888888889
53220265,other,17,6,19.95111111111111
53224353,other,9,0,38.56666666666667
53219849,other,5,6,164.03083333333333
59389872,other,7,4,0.7783333333333333
53224438,other,7,0,6218.333055555556
53226263,other,17,0,662.7641666666667
53234696,other,20,0,137.51055555555556
53222281,other,19,5,9.874166666666667
53221156,other,11,6,97.61333333333333
53229485,other,6,0,129.50916666666666
53218502,other,9,6,125.1175
53225893,other,12,0,83.05
53219054,other,22,6,0.7722222222222223
53224177,other,9,0,1.235
53228513,other,16,0,1.0675
53222405,other,0,0,0.6672222222222223
53219701,other,1,6,0.43194444444444446
53225747,other,22,0,0.45055555555555554
53233279,other,18,0,71.61694444444444
53223893,other,1,0,4.9
53218894,other,17,6,117.61722222222222
53220133,other,22,6,17.59638888888889
53221873,other,14,6,0.7788888888888889
53221139,other,9,6,76.51583333333333
53218771,other,15,6,74.49777777777778
53218298,other,18,5,11.729722222222222
53220781,other,20,6,4.237222222222222
53225762,streetlights,5,0,1.3333333333333333
53225404,other,5,0,1.6380555555555556
53225039,other,4,0,0.49
53218587,other,13,6,149.0288888888889
53231656,other,12,0,83.3
53222565,other,9,6,125.60444444444444
53220735,other,20,6,0.5338888888888889
53224912,other,15,0,163.09722222222223
53219221,other,0,0,71.21666666666667
53227755,other,12,0,965.6691666666667
53221437,other,16,6,49.01416666666667
53222420,other,21,6,0.3088888888888889
53221952,other,7,6,0.0
53221194,other,10,6,29.554444444444446
53233832,other,8,0,269.16583333333335
53225888,other,12,0,59.88333333333333
53220988,other,20,5,7.5675
53224061,roads,14,0,336.34027777777777
53220448,other,11,6,95.815
53224486,other,17,0,6232.6975
53231445,other,13,0,0.6863888888888889
53229369,other,8,0,126.40777777777778
53222237,other,22,6,0.3013888888888889
53220298,other,19,6,136.80138888888888
53218815,other,10,6,102.39194444444445
53223079,other,10,6,0.9366666666666666
53223610,other,11,0,162.03805555555556
53221874,other,12,6,2.002222222222222
53220496,other,20,6,107.65027777777777
53221888,other,22,6,0.049444444444444444
53225212,other,6,0,0.35583333333333333
53223812,other,22,0,1.6613888888888888
53218984,other,13,6,84.8013888888889
53222660,other,8,6,152.78555555555556
53221474,other,12,6,187.8372222222222
53226195,other,8,0,11.030277777777778
53219791,other,12,6,173.7875
53223052,other,0,0,183.90555555555557
53219157,other,12,6,24.116666666666667
53229036,other,19,0,45.80916666666667
53226256,other,10,0,45.596944444444446
53221107,other,20,6,116.52055555555556
53222227,other,15,6,2.3361111111111112
53226205,other,20,0,178.92027777777778
53231860,other,15,0,99.58416666666666
53220226,other,7,6,123.41916666666667
53219767,other,19,6,88.91638888888889
53224257,other,2,0,0.5661111111111111
53230182,other,11,0,60.61666666666667
53219656,other,8,6,0.6444444444444445
53224174,other,11,0,0.7825
53219547,other,10,6,1.4030555555555555
53220459,other,9,6,0.3322222222222222
53218522,other,8,6,127.26194444444444
53221198,other,21,6,114.32222222222222
53225544,infrastructure,12,0,218.14166666666668
53221219,other,17,6,97.75083333333333
53219205,other,8,6,252.54694444444445
53234701,other,15,0,74.63944444444445
53234435,other,16,0,103.15
53227313,other,7,0,267.9902777777778
53222151,other,10,6,181.17027777777778
53221568,other,16,6,112.55583333333334
53220846,other,22,6,3.3525
53231864,other,13,0,148.36027777777778
53221256,other,8,6,108.62361111111112
53222143,other,19,5,9.336388888888889
53219721,other,19,5,9.707222222222223
53226358,water,13,0,221.9763888888889
54082838,other,13,2,27.990555555555556
53223667,other,8,0,112.905
53222065,other,1,6,0.8825
53218215,other,20,5,9.073888888888888
53224771,other,6,0,105.16333333333333
53222544,other,12,6,6.163888888888889
53224746,other,15,0,2511.603611111111
53221368,other,16,6,100.57944444444445
53219142,other,11,6,22.50611111111111
53224564,other,15,0,28.830277777777777
53224492,other,2,0,14.777222222222223
53220176,other,8,6,144.13944444444445
53226186,other,9,0,52.26611111111111
53225725,other,11,0,0.4225
53219927,other,0,6,87.43861111111111
53221236,other,19,6,162.39888888888888
53222634,other,12,6,19.794166666666666
54111877,other,17,6,95.24305555555556
53227550,other,9,0,167.38666666666666
53222615,other,19,6,13.785833333333333
53219753,other,12,6,96.49111111111111
53220688,other,0,0,20515.068055555555
53221418,other,11,6,122.48583333333333
53224826,infrastructure,15,0,3440.225
53218793,other,7,6,128.34722222222223
53219339,other,4,6,0.9705555555555555
53226096,other,14,0,49.985277777777775
53232244,other,16,0,284.8822222222222
53223526,other,19,0,0.37555555555555553
53222036,other,17,6,1.8097222222222222
53222751,other,15,6,162.1161111111111
53224658,other,14,0,70.22888888888889
53219477,other,21,6,0.9058333333333334
53221648,other,13,6,30.085833333333333
53223450,other,12,0,72.5875
53224495,other,15,0,3.8030555555555554
53227286,other,12,0,59.75
53220836,infrastructure,18,6,1037.3025
53223783,other,20,0,1.7877777777777777
53221312,other,7,6,169.84416666666667
53222541,other,11,6,174.6613888888889
53226086,other,20,0,36.68083333333333
53224994,other,11,0,76.29861111111111
53221627,other,15,6,573.4425
53220168,other,15,6,112.73777777777778
53226408,infrastructure,18,0,1157.2905555555556
53222247,other,23,6,2.7419444444444445
53222452,other,8,6,61.08694444444444
53222577,other,19,6,13.651388888888889
53218762,other,13,6,99.16638888888889
45602675,other,23,2,17.2
53220150,other,15,6,16.766944444444444
53218196,other,12,6,0.8738888888888889
53221575,other,12,6,170.2425
53220318,other,19,6,2.5275
53227146,other,5,0,0.18
53223673,other,17,0,208.73694444444445
53219337,other,18,6,1.7283333333333333
53224330,other,6,0,65.31666666666666
53220359,other,15,6,42.03472222222222
53222558,other,9,6,173.31472222222223
53218374,other,23,5,0.7519444444444444
53224896,water,9,0,579.3480555555556
53227044,other,21,0,1.7541666666666667
53225265,other,15,0,211.73944444444444
53218586,other,11,6,102.22583333333333
53234690,other,15,0,44.60388888888889
53232367,other,16,0,2.5180555555555557
53221375,other,13,6,105.27027777777778
53223709,other,18,0,230.37833333333333
53222314,other,19,5,9.36888888888889
53225755,other,13,0,0.6636111111111112
53228456,other,23,0,1.3025
53222513,other,13,6,122.24111111111111
53223024,other,17,6,108.9113888888889
53220215,other,22,6,33.97944444444445
53225789,other,13,0,2.8875
53220373,other,8,6,76.44527777777778
53225144,other,5,0,0.18944444444444444
53220385,other,13,6,0.8433333333333334
53224436,other,18,0,50.31027777777778
53230914,other,11,0,93.375
53219382,other,6,6,0.17194444444444446
53221982,water,14,6,785.7388888888889
53228815,other,12,0,241.03
53223136,other,9,6,2.5636111111111113
53220454,other,6,6,0.0016666666666666668
53227464,other,13,0,147.82638888888889
53225910,other,12,0,308.5513888888889
53223180,other,16,6,595.31
53220219,other,16,6,140.1236111111111
53220057,other,11,6,91.98222222222222
53225598,other,23,0,20499.0325
53221931,drainage,8,6,1.9833333333333334
53221005,other,23,6,1.5538888888888889
53221114,other,14,6,77.30916666666667
53220555,other,5,6,92.23944444444444
53220090,other,10,6,46.98166666666667
53234054,drainage,8,0,0.8333333333333334
53219983,other,18,6,166.45305555555555
53221698,other,2,6,0.3363888888888889
53223218,other,22,5,3.734722222222222
54094745,other,17,3,10.833333333333334
53226258,other,10,0,768.6641666666667
51115556,other,16,0,17155.933333333334
53233737,other,22,0,166.22583333333333
53222885,other,17,6,25.6125
45608200,other,19,3,172.93333333333334
53221598,other,8,6,149.44
53218351,other,22,5,0.05138888888888889
53218686,other,17,6,20.386944444444445
53224308,streetlights,9,0,0.0
53222835,other,11,6,69.65083333333334
53233074,other,12,0,646.8844444444444
53219745,other,9,6,485.0683333333333
53221520,other,7,6,191.61527777777778
53219786,other,12,6,5.299722222222222
53225668,other,12,0,1.363888888888889
53229053,other,6,0,14.158888888888889
53220205,other,13,6,131.85666666666665
53222100,other,18,6,2.3088888888888888
53228400,other,23,0,0.6747222222222222
53224706,other,12,0,79.87555555555555
53228305,roads,15,6,19.024166666666666
53229212,other,10,0,837.3433333333334
53223684,other,19,0,1.0363888888888888
53223047,other,19,6,1.2369444444444444
53222218,other,20,6,20525.681944444445
53225718,other,7,0,1.5363888888888888
53220248,other,11,6,55.40111111111111
53219317,water,10,6,7085.221666666666
53224148,other,18,0,0.019166666666666665
53223422,other,13,0,0.9366666666666666
53222586,other,18,6,118.40722222222222
53223058,other,9,6,363.2133333333333
