complaint_id,title,description,category_id,department_id,submitted_at,created_hour,created_day_of_week,created_month,is_weekend,is_working_hours,response_sla_hours,predicted_severity,prob_low,prob_medium,prob_high,prob_critical,master_issue_count_at_submission,support_count_at_submission,hotspot_score_at_submission,density_score_at_submission,is_hotspot_area,latitude,longitude,word_count,urgency_kw_count,actual_response_hours,sla_breached
COMP-SLA-11744,Roads Complaint - COMP-SLA-11744,Road surface cracked and unpaved causing risk for two-wheelers,roads,DEPT_ROADS,2025-04-11T21:55:00,21,4,4,0,0,6.0,HIGH,0.1,0.1,0.7,0.1,1,4,31.83,0.3183,0,13.130567,80.12515,9,0,13.42,1
COMP-SLA-12197,Infrastructure Complaint - COMP-SLA-12197,Minor paint peeling on government office gate,infrastructure,DEPT_WORKS,2025-05-11T15:56:00,15,6,5,1,0,36.0,LOW,0.7,0.1,0.1,0.1,1,1,13.54,0.1354,0,12.955371,80.237654,7,0,19.79,0
COMP-SLA-11729,Other Complaint - COMP-SLA-11729,Unauthorized hawker encroachment blocking shop entrance,other,DEPT_GENERAL,2025-06-02T04:22:00,4,0,6,0,0,12.0,MEDIUM,0.1,0.7,0.1,0.1,2,12,70.86,0.7086,1,12.938539,80.3603,6,1,29.23,1
COMP-SLA-13338,Infrastructure Complaint - COMP-SLA-13338,Broken railing on canal overbridge,infrastructure,DEPT_WORKS,2025-05-30T06:16:00,6,4,5,0,0,24.0,MEDIUM,0.1,0.7,0.1,0.1,1,4,54.49,0.5449,0,12.941513,80.335541,5,0,34.72,1
COMP-SLA-10299,Streetlights Complaint - COMP-SLA-10299,Flickering streetlight fixture on main road,streetlights,DEPT_ELECTRICITY,2025-06-15T01:50:00,1,6,6,1,0,2.0,HIGH,0.1,0.1,0.7,0.1,1,1,47.01,0.4701,0,13.202074,80.407101,6,0,7.78,1
COMP-SLA-11838,Water Complaint - COMP-SLA-11838,No water supply for last 48 hours in entire neighborhood block,water,DEPT_WATER,2025-04-21T21:08:00,21,0,4,0,0,4.0,MEDIUM,0.1,0.7,0.1,0.1,1,5,48.98,0.4898,0,12.940592,80.260881,11,0,13.6,1
COMP-SLA-14017,Infrastructure Complaint - COMP-SLA-14017,Minor paint peeling on government office gate,infrastructure,DEPT_WORKS,2025-01-17T05:20:00,5,4,1,0,0,24.0,MEDIUM,0.1,0.7,0.1,0.1,3,3,70.14,0.7014,1,13.102115,80.307134,7,0,51.15,1
COMP-SLA-10352,Drainage Complaint - COMP-SLA-10352,Clogged storm drain causing severe waterlogging during rain,drainage,DEPT_DRAINAGE,2025-04-19T02:43:00,2,5,4,1,0,3.0,HIGH,0.1,0.1,0.7,0.1,1,5,59.59,0.5959,0,13.063318,80.419881,8,0,10.66,1
COMP-SLA-13316,Streetlights Complaint - COMP-SLA-13316,Entire street light network down making dark alley unsafe at night,streetlights,DEPT_ELECTRICITY,2025-06-14T16:46:00,16,5,6,1,0,1.0,CRITICAL,0.1,0.1,0.1,0.7,5,5,81.01,0.8101,1,12.955749,80.316397,11,0,19.27,1
COMP-SLA-12459,Drainage Complaint - COMP-SLA-12459,Open manhole cover on main sidewalk presents fatal hazard,drainage,DEPT_DRAINAGE,2025-02-25T06:04:00,6,1,2,0,0,3.0,HIGH,0.1,0.1,0.7,0.1,1,4,66.49,0.6649,1,13.05695,80.338493,9,2,13.22,1
COMP-SLA-11030,Roads Complaint - COMP-SLA-11030,Massive pothole causing severe traffic delay near main intersection,roads,DEPT_ROADS,2025-01-25T14:20:00,14,5,1,1,0,3.0,CRITICAL,0.1,0.1,0.1,0.7,1,5,6.48,0.0648,0,12.983615,80.209382,9,0,11.34,1
COMP-SLA-12320,Garbage Complaint - COMP-SLA-12320,Uncollected garbage pile attracting stray animals near hospital gate,garbage,DEPT_SANITATION,2025-05-07T20:24:00,20,2,5,0,0,3.0,CRITICAL,0.1,0.1,0.1,0.7,1,2,19.85,0.1985,0,13.181554,80.180182,9,1,12.69,1
COMP-SLA-11478,Roads Complaint - COMP-SLA-11478,Deep crater formed after rains near public school gate,roads,DEPT_ROADS,2025-06-08T15:35:00,15,6,6,1,0,6.0,HIGH,0.1,0.1,0.7,0.1,1,3,30.4,0.304,0,12.976536,80.202527,9,2,16.08,1
COMP-SLA-13774,Roads Complaint - COMP-SLA-13774,Minor tar peeling on residential side street,roads,DEPT_ROADS,2025-04-05T07:09:00,7,5,4,1,0,18.0,LOW,0.7,0.1,0.1,0.1,2,2,73.68,0.7368,1,13.144392,80.175189,7,0,25.95,1
COMP-SLA-12903,Streetlights Complaint - COMP-SLA-12903,Flickering streetlight fixture on main road,streetlights,DEPT_ELECTRICITY,2025-06-30T06:10:00,6,0,6,0,0,4.0,MEDIUM,0.1,0.7,0.1,0.1,2,6,61.31,0.6131,1,12.97643,80.134688,6,0,15.28,1
COMP-SLA-12293,Water Complaint - COMP-SLA-12293,Low water pressure in residential high-rise complex,water,DEPT_WATER,2025-01-29T14:10:00,14,2,1,0,1,4.0,MEDIUM,0.1,0.7,0.1,0.1,1,2,41.16,0.4116,0,13.10166,80.355456,7,0,0.65,0
COMP-SLA-13572,Drainage Complaint - COMP-SLA-13572,Clogged storm drain causing severe waterlogging during rain,drainage,DEPT_DRAINAGE,2025-03-09T10:20:00,10,6,3,1,0,3.0,HIGH,0.1,0.1,0.7,0.1,1,6,86.77,0.8677,1,13.107936,80.326646,8,0,19.35,1
COMP-SLA-10498,Roads Complaint - COMP-SLA-10498,Deep crater formed after rains near public school gate,roads,DEPT_ROADS,2025-06-16T23:34:00,23,0,6,0,0,6.0,HIGH,0.1,0.1,0.7,0.1,1,2,81.08,0.8108,1,13.175343,80.244571,9,2,13.06,1
COMP-SLA-11996,Roads Complaint - COMP-SLA-11996,Deep crater formed after rains near public school gate,roads,DEPT_ROADS,2025-03-29T05:48:00,5,5,3,1,0,12.0,MEDIUM,0.1,0.7,0.1,0.1,1,5,74.72,0.7472,1,13.05243,80.163479,9,2,20.61,1
COMP-SLA-10735,Other Complaint - COMP-SLA-10735,Stray dog menace near elementary school playground,other,DEPT_GENERAL,2025-02-23T05:58:00,5,6,2,1,0,3.0,CRITICAL,0.1,0.1,0.1,0.7,5,20,77.16,0.7716,1,13.064354,80.215855,7,1,17.79,1
COMP-SLA-13253,Streetlights Complaint - COMP-SLA-13253,Live high-voltage electric wire hanging dangerously low near school,streetlights,DEPT_ELECTRICITY,2025-05-21T08:43:00,8,2,5,0,1,1.0,CRITICAL,0.1,0.1,0.1,0.7,1,3,17.12,0.1712,0,13.075032,80.359021,9,2,0.65,0
COMP-SLA-11048,Streetlights Complaint - COMP-SLA-11048,Sparking electrical transformer near residential area,streetlights,DEPT_ELECTRICITY,2025-05-22T19:10:00,19,3,5,0,0,4.0,MEDIUM,0.1,0.7,0.1,0.1,5,30,80.28,0.8028,1,13.095529,80.235169,6,1,15.63,1
COMP-SLA-11033,Water Complaint - COMP-SLA-11033,No water supply for last 48 hours in entire neighborhood block,water,DEPT_WATER,2025-04-06T02:43:00,2,6,4,1,0,2.0,HIGH,0.1,0.1,0.7,0.1,5,5,83.35,0.8335,1,13.056658,80.255728,11,0,20.4,1
COMP-SLA-12654,Roads Complaint - COMP-SLA-12654,Road cave-in reported on highway access lane,roads,DEPT_ROADS,2025-03-29T18:04:00,18,5,3,1,0,6.0,HIGH,0.1,0.1,0.7,0.1,1,5,19.98,0.1998,0,13.197415,80.222948,7,0,5.62,0
COMP-SLA-12461,Water Complaint - COMP-SLA-12461,No water supply for last 48 hours in entire neighborhood block,water,DEPT_WATER,2025-06-09T16:50:00,16,0,6,0,1,4.0,MEDIUM,0.1,0.7,0.1,0.1,1,1,8.06,0.0806,0,13.023971,80.309752,11,0,14.25,1
COMP-SLA-13726,Drainage Complaint - COMP-SLA-13726,Foul stench and black water coming from open drainage pipe,drainage,DEPT_DRAINAGE,2025-04-13T16:08:00,16,6,4,1,0,6.0,MEDIUM,0.1,0.7,0.1,0.1,1,1,5.7,0.057,0,13.148651,80.30816,10,0,17.78,1
COMP-SLA-12184,Other Complaint - COMP-SLA-12184,Unsanitary public toilet conditions in central market,other,DEPT_GENERAL,2025-06-09T03:22:00,3,0,6,0,0,6.0,HIGH,0.1,0.1,0.7,0.1,1,2,82.97,0.8297,1,12.9906,80.368471,7,0,15.35,1
COMP-SLA-11089,Water Complaint - COMP-SLA-11089,Contaminated muddy water coming from municipal tap supply,water,DEPT_WATER,2025-01-28T23:07:00,23,1,1,0,0,1.0,CRITICAL,0.1,0.1,0.1,0.7,1,1,17.77,0.1777,0,13.004869,80.388929,8,0,12.07,1
COMP-SLA-10600,Streetlights Complaint - COMP-SLA-10600,Entire street light network down making dark alley unsafe at night,streetlights,DEPT_ELECTRICITY,2025-06-21T04:08:00,4,5,6,1,0,1.0,CRITICAL,0.1,0.1,0.1,0.7,1,4,13.68,0.1368,0,12.936181,80.315217,11,0,10.61,1
COMP-SLA-12260,Infrastructure Complaint - COMP-SLA-12260,Collapsed public park boundary wall blocking walkway,infrastructure,DEPT_WORKS,2025-06-28T23:56:00,23,5,6,1,0,6.0,CRITICAL,0.1,0.1,0.1,0.7,1,1,5.22,0.0522,0,13.215697,80.147533,7,2,14.78,1
COMP-SLA-10297,Garbage Complaint - COMP-SLA-10297,Foul smell from uncleared waste bin near apartment entrance,garbage,DEPT_SANITATION,2025-04-20T10:50:00,10,6,4,1,0,6.0,HIGH,0.1,0.1,0.7,0.1,1,5,8.0,0.08,0,12.974649,80.20379,9,0,16.18,1
COMP-SLA-12592,Drainage Complaint - COMP-SLA-12592,Overflowing sewage line flooding residential street and homes,drainage,DEPT_DRAINAGE,2025-03-24T15:06:00,15,0,3,0,1,3.0,HIGH,0.1,0.1,0.7,0.1,1,2,75.12,0.7512,1,13.189264,80.385828,8,2,10.68,1
COMP-SLA-12777,Streetlights Complaint - COMP-SLA-12777,Flickering streetlight fixture on main road,streetlights,DEPT_ELECTRICITY,2025-05-24T15:35:00,15,5,5,1,0,4.0,MEDIUM,0.1,0.7,0.1,0.1,1,6,70.75,0.7075,1,13.116575,80.386816,6,0,9.92,1
COMP-SLA-10315,Other Complaint - COMP-SLA-10315,Noise pollution from unauthorized loudspeaker after midnight,other,DEPT_GENERAL,2025-02-22T16:15:00,16,5,2,1,0,12.0,MEDIUM,0.1,0.7,0.1,0.1,1,6,92.39,0.9239,1,13.058645,80.409056,7,0,24.25,1
COMP-SLA-10839,Infrastructure Complaint - COMP-SLA-10839,Minor paint peeling on government office gate,infrastructure,DEPT_WORKS,2025-04-27T12:29:00,12,6,4,1,0,36.0,LOW,0.7,0.1,0.1,0.1,1,3,58.83,0.5883,0,13.171249,80.384681,7,0,32.41,0
COMP-SLA-12064,Infrastructure Complaint - COMP-SLA-12064,Pedestrian footbridge concrete pillar showing structural cracks,infrastructure,DEPT_WORKS,2025-02-11T17:39:00,17,1,2,0,1,12.0,HIGH,0.1,0.1,0.7,0.1,1,4,32.14,0.3214,0,13.215996,80.247337,7,0,5.16,0
COMP-SLA-10795,Water Complaint - COMP-SLA-10795,Main pipeline burst wasting thousands of liters of clean water,water,DEPT_WATER,2025-05-14T10:48:00,10,2,5,0,1,1.0,CRITICAL,0.1,0.1,0.1,0.7,3,15,84.58,0.8458,1,13.123406,80.127727,10,1,3.56,1
COMP-SLA-11019,Water Complaint - COMP-SLA-11019,Low water pressure in residential high-rise complex,water,DEPT_WATER,2025-05-27T16:19:00,16,1,5,0,1,2.0,HIGH,0.1,0.1,0.7,0.1,1,1,14.9,0.149,0,13.145506,80.247801,7,0,3.46,1
COMP-SLA-12329,Streetlights Complaint - COMP-SLA-12329,Sparking electrical transformer near residential area,streetlights,DEPT_ELECTRICITY,2025-01-14T18:23:00,18,1,1,0,1,2.0,HIGH,0.1,0.1,0.7,0.1,1,3,45.34,0.4534,0,13.061793,80.176233,6,1,1.42,0
COMP-SLA-10752,Garbage Complaint - COMP-SLA-10752,Overflowing community dump bin spilling onto main road,garbage,DEPT_SANITATION,2025-05-06T04:35:00,4,1,5,0,0,3.0,CRITICAL,0.1,0.1,0.1,0.7,1,2,75.83,0.7583,1,13.18861,80.317926,8,1,14.77,1
COMP-SLA-14105,Garbage Complaint - COMP-SLA-14105,Minor littering near bus shelter,garbage,DEPT_SANITATION,2025-06-26T06:51:00,6,3,6,0,0,12.0,MEDIUM,0.1,0.7,0.1,0.1,1,4,83.32,0.8332,1,13.056014,80.310021,5,0,18.47,1
COMP-SLA-12541,Other Complaint - COMP-SLA-12541,Unsanitary public toilet conditions in central market,other,DEPT_GENERAL,2025-03-05T15:48:00,15,2,3,0,1,3.0,CRITICAL,0.1,0.1,0.1,0.7,1,3,53.92,0.5392,0,12.971172,80.186156,7,0,2.26,0
COMP-SLA-10812,Other Complaint - COMP-SLA-10812,Noise pollution from unauthorized loudspeaker after midnight,other,DEPT_GENERAL,2025-03-04T22:53:00,22,1,3,0,0,12.0,MEDIUM,0.1,0.7,0.1,0.1,3,9,76.66,0.7666,1,13.198997,80.253969,7,0,25.62,1
COMP-SLA-10097,Infrastructure Complaint - COMP-SLA-10097,Pedestrian footbridge concrete pillar showing structural cracks,infrastructure,DEPT_WORKS,2025-03-09T10:39:00,10,6,3,1,0,6.0,CRITICAL,0.1,0.1,0.1,0.7,8,48,80.92,0.8092,1,13.140511,80.315651,7,0,22.25,1
COMP-SLA-11452,Garbage Complaint - COMP-SLA-11452,Illegal dumping of commercial debris in public park,garbage,DEPT_SANITATION,2025-03-27T11:51:00,11,3,3,0,1,6.0,HIGH,0.1,0.1,0.7,0.1,1,6,40.33,0.4033,0,13.086475,80.418796,8,0,4.04,0
COMP-SLA-10176,Roads Complaint - COMP-SLA-10176,Deep crater formed after rains near public school gate,roads,DEPT_ROADS,2025-02-10T22:45:00,22,0,2,0,0,6.0,HIGH,0.1,0.1,0.7,0.1,3,6,75.4,0.754,1,13.210897,80.31201,9,2,9.22,1
COMP-SLA-12340,Drainage Complaint - COMP-SLA-12340,Open manhole cover on main sidewalk presents fatal hazard,drainage,DEPT_DRAINAGE,2025-02-14T09:44:00,9,4,2,0,1,6.0,MEDIUM,0.1,0.7,0.1,0.1,1,2,27.27,0.2727,0,12.987526,80.385361,9,2,2.28,0
COMP-SLA-12460,Garbage Complaint - COMP-SLA-12460,Foul smell from uncleared waste bin near apartment entrance,garbage,DEPT_SANITATION,2025-04-24T00:13:00,0,3,4,0,0,12.0,MEDIUM,0.1,0.7,0.1,0.1,1,1,35.95,0.3595,0,13.100254,80.136408,9,0,11.67,0
COMP-SLA-11158,Garbage Complaint - COMP-SLA-11158,Uncollected garbage pile attracting stray animals near hospital gate,garbage,DEPT_SANITATION,2025-05-22T12:46:00,12,3,5,0,1,6.0,HIGH,0.1,0.1,0.7,0.1,3,12,94.13,0.9413,1,13.212442,80.206926,9,1,13.48,1
COMP-SLA-10762,Infrastructure Complaint - COMP-SLA-10762,Broken railing on canal overbridge,infrastructure,DEPT_WORKS,2025-06-25T19:08:00,19,2,6,0,0,12.0,HIGH,0.1,0.1,0.7,0.1,1,2,34.91,0.3491,0,13.040413,80.149533,5,0,12.03,1
COMP-SLA-11784,Infrastructure Complaint - COMP-SLA-11784,Collapsed public park boundary wall blocking walkway,infrastructure,DEPT_WORKS,2025-05-03T14:20:00,14,5,5,1,0,6.0,CRITICAL,0.1,0.1,0.1,0.7,1,3,53.39,0.5339,0,13.010802,80.412689,7,2,13.1,1
COMP-SLA-12578,Drainage Complaint - COMP-SLA-12578,Foul stench and black water coming from open drainage pipe,drainage,DEPT_DRAINAGE,2025-04-12T05:20:00,5,5,4,1,0,3.0,HIGH,0.1,0.1,0.7,0.1,8,48,71.12,0.7112,1,13.125433,80.372199,10,0,16.83,1
COMP-SLA-11042,Infrastructure Complaint - COMP-SLA-11042,Broken railing on canal overbridge,infrastructure,DEPT_WORKS,2025-05-24T19:12:00,19,5,5,1,0,24.0,MEDIUM,0.1,0.7,0.1,0.1,1,3,58.57,0.5857,0,12.956043,80.321089,5,0,36.92,1
COMP-SLA-13760,Roads Complaint - COMP-SLA-13760,Minor tar peeling on residential side street,roads,DEPT_ROADS,2025-05-07T20:22:00,20,2,5,0,0,12.0,MEDIUM,0.1,0.7,0.1,0.1,1,6,30.83,0.3083,0,13.087402,80.355111,7,0,24.34,1
COMP-SLA-11534,Roads Complaint - COMP-SLA-11534,Massive pothole causing severe traffic delay near main intersection,roads,DEPT_ROADS,2025-04-10T17:40:00,17,3,4,0,1,6.0,HIGH,0.1,0.1,0.7,0.1,1,6,6.74,0.0674,0,13.120809,80.378308,9,0,1.34,0
COMP-SLA-10145,Streetlights Complaint - COMP-SLA-10145,Sparking electrical transformer near residential area,streetlights,DEPT_ELECTRICITY,2025-04-15T10:43:00,10,1,4,0,1,2.0,HIGH,0.1,0.1,0.7,0.1,1,3,61.49,0.6149,1,13.112066,80.357468,6,1,3.04,1
COMP-SLA-10110,Streetlights Complaint - COMP-SLA-10110,Sparking electrical transformer near residential area,streetlights,DEPT_ELECTRICITY,2025-05-30T12:52:00,12,4,5,0,1,2.0,HIGH,0.1,0.1,0.7,0.1,2,2,64.11,0.6411,1,13.124265,80.232142,6,1,5.83,1
COMP-SLA-11510,Streetlights Complaint - COMP-SLA-11510,Entire street light network down making dark alley unsafe at night,streetlights,DEPT_ELECTRICITY,2025-05-19T20:53:00,20,0,5,0,0,1.0,CRITICAL,0.1,0.1,0.1,0.7,1,2,54.5,0.545,0,13.156138,80.376029,11,0,13.26,1
COMP-SLA-10866,Streetlights Complaint - COMP-SLA-10866,Single street lamp bulb burnt out on quiet street,streetlights,DEPT_ELECTRICITY,2025-04-06T04:36:00,4,6,4,1,0,6.0,LOW,0.7,0.1,0.1,0.1,2,12,70.09,0.7009,1,13.194825,80.212372,9,0,19.83,1
COMP-SLA-14048,Drainage Complaint - COMP-SLA-14048,Clogged storm drain causing severe waterlogging during rain,drainage,DEPT_DRAINAGE,2025-02-19T04:49:00,4,2,2,0,0,3.0,HIGH,0.1,0.1,0.7,0.1,1,2,49.83,0.4983,0,13.154443,80.230706,8,0,14.25,1
COMP-SLA-13787,Other Complaint - COMP-SLA-13787,Noise pollution from unauthorized loudspeaker after midnight,other,DEPT_GENERAL,2025-04-27T15:04:00,15,6,4,1,0,6.0,HIGH,0.1,0.1,0.7,0.1,1,6,25.26,0.2526,0,13.041714,80.368988,7,0,17.12,1
COMP-SLA-11422,Roads Complaint - COMP-SLA-11422,Road surface cracked and unpaved causing risk for two-wheelers,roads,DEPT_ROADS,2025-05-13T01:30:00,1,1,5,0,0,6.0,HIGH,0.1,0.1,0.7,0.1,1,4,3.61,0.0361,0,13.076346,80.154122,9,0,8.82,1
COMP-SLA-12495,Garbage Complaint - COMP-SLA-12495,Foul smell from uncleared waste bin near apartment entrance,garbage,DEPT_SANITATION,2025-06-25T16:46:00,16,2,6,0,1,6.0,HIGH,0.1,0.1,0.7,0.1,1,6,49.59,0.4959,0,12.98039,80.121808,9,0,3.01,0
COMP-SLA-10595,Other Complaint - COMP-SLA-10595,General inquiry regarding municipal service timing,other,DEPT_GENERAL,2025-02-07T21:09:00,21,4,2,0,0,18.0,LOW,0.7,0.1,0.1,0.1,1,4,58.48,0.5848,0,13.068592,80.208151,6,0,34.57,1
COMP-SLA-10694,Roads Complaint - COMP-SLA-10694,Deep crater formed after rains near public school gate,roads,DEPT_ROADS,2025-01-25T03:58:00,3,5,1,1,0,12.0,MEDIUM,0.1,0.7,0.1,0.1,1,6,19.0,0.19,0,13.113238,80.296981,9,2,9.85,0
COMP-SLA-11955,Drainage Complaint - COMP-SLA-11955,Open manhole cover on main sidewalk presents fatal hazard,drainage,DEPT_DRAINAGE,2025-02-10T10:20:00,10,0,2,0,1,3.0,HIGH,0.1,0.1,0.7,0.1,1,1,33.05,0.3305,0,12.935115,80.168904,9,2,13.45,1
COMP-SLA-11946,Other Complaint - COMP-SLA-11946,Unauthorized hawker encroachment blocking shop entrance,other,DEPT_GENERAL,2025-04-24T22:12:00,22,3,4,0,0,12.0,MEDIUM,0.1,0.7,0.1,0.1,1,3,52.32,0.5232,0,13.186057,80.259809,6,1,17.2,1
COMP-SLA-10791,Other Complaint - COMP-SLA-10791,Unsanitary public toilet conditions in central market,other,DEPT_GENERAL,2025-05-28T01:40:00,1,2,5,0,0,6.0,HIGH,0.1,0.1,0.7,0.1,1,4,83.2,0.832,1,13.226714,80.360421,7,0,14.8,1
COMP-SLA-11968,Roads Complaint - COMP-SLA-11968,Minor tar peeling on residential side street,roads,DEPT_ROADS,2025-05-26T23:29:00,23,0,5,0,0,12.0,MEDIUM,0.1,0.7,0.1,0.1,1,4,66.88,0.6688,1,13.13978,80.261834,7,0,15.61,1
COMP-SLA-13101,Other Complaint - COMP-SLA-13101,General inquiry regarding municipal service timing,other,DEPT_GENERAL,2025-01-27T18:51:00,18,0,1,0,1,18.0,LOW,0.7,0.1,0.1,0.1,1,4,29.96,0.2996,0,13.172578,80.158258,6,0,1.22,0
COMP-SLA-13671,Garbage Complaint - COMP-SLA-13671,Overflowing community dump bin spilling onto main road,garbage,DEPT_SANITATION,2025-05-21T20:27:00,20,2,5,0,0,3.0,CRITICAL,0.1,0.1,0.1,0.7,1,3,93.46,0.9346,1,13.087492,80.264131,8,1,13.63,1
COMP-SLA-14126,Garbage Complaint - COMP-SLA-14126,Foul smell from uncleared waste bin near apartment entrance,garbage,DEPT_SANITATION,2025-03-27T21:22:00,21,3,3,0,0,12.0,MEDIUM,0.1,0.7,0.1,0.1,3,12,76.03,0.7603,1,12.951573,80.146918,9,0,24.6,1
COMP-SLA-12579,Garbage Complaint - COMP-SLA-12579,Foul smell from uncleared waste bin near apartment entrance,garbage,DEPT_SANITATION,2025-02-18T19:06:00,19,1,2,0,0,12.0,MEDIUM,0.1,0.7,0.1,0.1,1,5,55.58,0.5558,0,13.070703,80.345115,9,0,14.03,1
COMP-SLA-10085,Roads Complaint - COMP-SLA-10085,Road cave-in reported on highway access lane,roads,DEPT_ROADS,2025-01-24T15:22:00,15,4,1,0,1,6.0,HIGH,0.1,0.1,0.7,0.1,1,2,9.94,0.0994,0,13.055204,80.217017,7,0,1.56,0
COMP-SLA-11062,Streetlights Complaint - COMP-SLA-11062,Flickering streetlight fixture on main road,streetlights,DEPT_ELECTRICITY,2025-05-05T20:04:00,20,0,5,0,0,4.0,MEDIUM,0.1,0.7,0.1,0.1,5,20,84.52,0.8452,1,12.995789,80.246672,6,0,27.8,1
COMP-SLA-13747,Drainage Complaint - COMP-SLA-13747,Open manhole cover on main sidewalk presents fatal hazard,drainage,DEPT_DRAINAGE,2025-05-04T08:11:00,8,6,5,1,0,3.0,HIGH,0.1,0.1,0.7,0.1,1,2,66.43,0.6643,1,12.994583,80.183759,9,2,22.46,1
COMP-SLA-10433,Infrastructure Complaint - COMP-SLA-10433,Collapsed public park boundary wall blocking walkway,infrastructure,DEPT_WORKS,2025-05-21T14:41:00,14,2,5,0,1,12.0,HIGH,0.1,0.1,0.7,0.1,1,1,6.4,0.064,0,13.097599,80.207896,7,2,8.09,0
COMP-SLA-12631,Infrastructure Complaint - COMP-SLA-12631,Collapsed public park boundary wall blocking walkway,infrastructure,DEPT_WORKS,2025-06-22T19:18:00,19,6,6,1,0,6.0,CRITICAL,0.1,0.1,0.1,0.7,1,6,80.59,0.8059,1,13.040351,80.399975,7,2,20.45,1
COMP-SLA-11599,Garbage Complaint - COMP-SLA-11599,Illegal dumping of commercial debris in public park,garbage,DEPT_SANITATION,2025-03-17T20:45:00,20,0,3,0,0,6.0,HIGH,0.1,0.1,0.7,0.1,8,24,88.4,0.884,1,13.177091,80.246091,8,0,17.15,1
COMP-SLA-11211,Other Complaint - COMP-SLA-11211,Unauthorized hawker encroachment blocking shop entrance,other,DEPT_GENERAL,2025-05-08T23:25:00,23,3,5,0,0,12.0,MEDIUM,0.1,0.7,0.1,0.1,2,4,67.88,0.6788,1,13.218137,80.34951,6,1,16.59,1
COMP-SLA-12096,Garbage Complaint - COMP-SLA-12096,Illegal dumping of commercial debris in public park,garbage,DEPT_SANITATION,2025-04-10T20:25:00,20,3,4,0,0,6.0,HIGH,0.1,0.1,0.7,0.1,8,48,71.15,0.7115,1,13.017231,80.381765,8,0,17.93,1
COMP-SLA-10180,Streetlights Complaint - COMP-SLA-10180,Entire street light network down making dark alley unsafe at night,streetlights,DEPT_ELECTRICITY,2025-04-21T16:58:00,16,0,4,0,1,2.0,HIGH,0.1,0.1,0.7,0.1,1,3,49.22,0.4922,0,13.193163,80.370117,11,0,0.21,0
COMP-SLA-12728,Streetlights Complaint - COMP-SLA-12728,Flickering streetlight fixture on main road,streetlights,DEPT_ELECTRICITY,2025-06-04T15:24:00,15,2,6,0,1,2.0,HIGH,0.1,0.1,0.7,0.1,1,5,17.86,0.1786,0,13.021616,80.285413,6,0,0.36,0
COMP-SLA-10185,Garbage Complaint - COMP-SLA-10185,Foul smell from uncleared waste bin near apartment entrance,garbage,DEPT_SANITATION,2025-06-26T01:10:00,1,3,6,0,0,12.0,MEDIUM,0.1,0.7,0.1,0.1,1,5,19.38,0.1938,0,13.064582,80.265975,9,0,7.94,0
COMP-SLA-10221,Water Complaint - COMP-SLA-10221,Low water pressure in residential high-rise complex,water,DEPT_WATER,2025-06-29T02:34:00,2,6,6,1,0,2.0,HIGH,0.1,0.1,0.7,0.1,1,4,6.56,0.0656,0,13.230937,80.401075,7,0,5.82,1
COMP-SLA-13046,Roads Complaint - COMP-SLA-13046,Massive pothole causing severe traffic delay near main intersection,roads,DEPT_ROADS,2025-05-06T10:26:00,10,1,5,0,1,3.0,CRITICAL,0.1,0.1,0.1,0.7,5,5,83.49,0.8349,1,13.104173,80.357088,9,0,9.19,1
COMP-SLA-11814,Roads Complaint - COMP-SLA-11814,Road cave-in reported on highway access lane,roads,DEPT_ROADS,2025-05-23T15:17:00,15,4,5,0,1,12.0,MEDIUM,0.1,0.7,0.1,0.1,1,6,5.84,0.0584,0,12.950793,80.30042,7,0,0.2,0
COMP-SLA-10681,Drainage Complaint - COMP-SLA-10681,Slow drainage runoff on commercial market road,drainage,DEPT_DRAINAGE,2025-02-21T05:53:00,5,4,2,0,0,9.0,LOW,0.7,0.1,0.1,0.1,1,3,4.01,0.0401,0,13.047231,80.28686,7,0,23.05,1
COMP-SLA-12440,Water Complaint - COMP-SLA-12440,Contaminated muddy water coming from municipal tap supply,water,DEPT_WATER,2025-04-14T00:08:00,0,0,4,0,0,1.0,CRITICAL,0.1,0.1,0.1,0.7,1,5,5.97,0.0597,0,12.991722,80.360633,8,0,7.77,1
COMP-SLA-12213,Roads Complaint - COMP-SLA-12213,Road cave-in reported on highway access lane,roads,DEPT_ROADS,2025-03-03T18:07:00,18,0,3,0,1,6.0,HIGH,0.1,0.1,0.7,0.1,1,5,49.5,0.495,0,13.116356,80.121708,7,0,0.2,0
COMP-SLA-10158,Water Complaint - COMP-SLA-10158,Low water pressure in residential high-rise complex,water,DEPT_WATER,2025-06-07T00:57:00,0,5,6,1,0,2.0,HIGH,0.1,0.1,0.7,0.1,3,18,79.32,0.7932,1,12.956468,80.197477,7,0,16.64,1
COMP-SLA-10189,Other Complaint - COMP-SLA-10189,Unsanitary public toilet conditions in central market,other,DEPT_GENERAL,2025-05-10T14:15:00,14,5,5,1,0,3.0,CRITICAL,0.1,0.1,0.1,0.7,1,4,4.8,0.048,0,12.997243,80.226569,7,0,11.56,1
COMP-SLA-14192,Infrastructure Complaint - COMP-SLA-14192,Pedestrian footbridge concrete pillar showing structural cracks,infrastructure,DEPT_WORKS,2025-06-23T02:24:00,2,0,6,0,0,6.0,CRITICAL,0.1,0.1,0.1,0.7,1,6,43.92,0.4392,0,13.010393,80.2543,7,0,22.31,1
COMP-SLA-10843,Garbage Complaint - COMP-SLA-10843,Overflowing community dump bin spilling onto main road,garbage,DEPT_SANITATION,2025-03-21T19:21:00,19,4,3,0,0,3.0,CRITICAL,0.1,0.1,0.1,0.7,1,6,49.18,0.4918,0,13.020019,80.411781,8,1,11.19,1
COMP-SLA-12097,Water Complaint - COMP-SLA-12097,No water supply for last 48 hours in entire neighborhood block,water,DEPT_WATER,2025-01-29T19:09:00,19,2,1,0,0,4.0,MEDIUM,0.1,0.7,0.1,0.1,1,1,13.76,0.1376,0,13.147158,80.251536,11,0,8.35,1
COMP-SLA-13974,Streetlights Complaint - COMP-SLA-13974,Live high-voltage electric wire hanging dangerously low near school,streetlights,DEPT_ELECTRICITY,2025-02-22T12:36:00,12,5,2,1,0,1.0,CRITICAL,0.1,0.1,0.1,0.7,1,3,17.14,0.1714,0,13.195216,80.417469,9,2,13.0,1
COMP-SLA-14097,Drainage Complaint - COMP-SLA-14097,Slow drainage runoff on commercial market road,drainage,DEPT_DRAINAGE,2025-02-12T15:48:00,15,2,2,0,1,9.0,LOW,0.7,0.1,0.1,0.1,1,3,50.73,0.5073,0,13.101364,80.313101,7,0,0.2,0
COMP-SLA-11692,Streetlights Complaint - COMP-SLA-11692,Entire street light network down making dark alley unsafe at night,streetlights,DEPT_ELECTRICITY,2025-01-24T03:45:00,3,4,1,0,0,2.0,HIGH,0.1,0.1,0.7,0.1,8,8,68.52,0.6852,1,13.112657,80.278563,11,0,17.85,1
COMP-SLA-13270,Roads Complaint - COMP-SLA-13270,Minor tar peeling on residential side street,roads,DEPT_ROADS,2025-06-27T17:18:00,17,4,6,0,1,18.0,LOW,0.7,0.1,0.1,0.1,1,2,14.64,0.1464,0,13.067402,80.131501,7,0,14.7,0
COMP-SLA-14029,Water Complaint - COMP-SLA-14029,Main pipeline burst wasting thousands of liters of clean water,water,DEPT_WATER,2025-03-22T07:28:00,7,5,3,1,0,1.0,CRITICAL,0.1,0.1,0.1,0.7,1,3,42.12,0.4212,0,13.03962,80.174009,10,1,14.66,1
COMP-SLA-10275,Drainage Complaint - COMP-SLA-10275,Open manhole cover on main sidewalk presents fatal hazard,drainage,DEPT_DRAINAGE,2025-06-02T04:36:00,4,0,6,0,0,3.0,HIGH,0.1,0.1,0.7,0.1,5,30,60.37,0.6037,1,13.047813,80.176426,9,2,19.52,1
COMP-SLA-11164,Drainage Complaint - COMP-SLA-11164,Open manhole cover on main sidewalk presents fatal hazard,drainage,DEPT_DRAINAGE,2025-02-28T20:11:00,20,4,2,0,0,6.0,MEDIUM,0.1,0.7,0.1,0.1,1,1,4.71,0.0471,0,12.976771,80.306085,9,2,16.26,1
COMP-SLA-13806,Streetlights Complaint - COMP-SLA-13806,Flickering streetlight fixture on main road,streetlights,DEPT_ELECTRICITY,2025-04-22T15:36:00,15,1,4,0,1,4.0,MEDIUM,0.1,0.7,0.1,0.1,1,1,93.73,0.9373,1,13.150766,80.302561,6,0,12.58,1
COMP-SLA-10565,Streetlights Complaint - COMP-SLA-10565,Single street lamp bulb burnt out on quiet street,streetlights,DEPT_ELECTRICITY,2025-04-27T23:37:00,23,6,4,1,0,6.0,LOW,0.7,0.1,0.1,0.1,1,3,73.01,0.7301,1,13.040757,80.131452,9,0,21.71,1
COMP-SLA-12637,Streetlights Complaint - COMP-SLA-12637,Sparking electrical transformer near residential area,streetlights,DEPT_ELECTRICITY,2025-02-17T04:02:00,4,0,2,0,0,4.0,MEDIUM,0.1,0.7,0.1,0.1,1,5,4.63,0.0463,0,13.058096,80.322127,6,1,15.87,1
COMP-SLA-11611,Roads Complaint - COMP-SLA-11611,Road cave-in reported on highway access lane,roads,DEPT_ROADS,2025-01-02T16:14:00,16,3,1,0,1,6.0,HIGH,0.1,0.1,0.7,0.1,1,4,42.68,0.4268,0,12.944863,80.406303,7,0,8.91,1
COMP-SLA-12334,Garbage Complaint - COMP-SLA-12334,Overflowing community dump bin spilling onto main road,garbage,DEPT_SANITATION,2025-02-14T06:17:00,6,4,2,0,0,3.0,CRITICAL,0.1,0.1,0.1,0.7,1,2,40.43,0.4043,0,13.059798,80.254108,8,1,15.01,1
COMP-SLA-12379,Infrastructure Complaint - COMP-SLA-12379,Damaged bus shelter roof leaning precariously,infrastructure,DEPT_WORKS,2025-03-10T06:20:00,6,0,3,0,0,12.0,HIGH,0.1,0.1,0.7,0.1,5,15,61.84,0.6184,1,13.173621,80.235146,6,0,21.72,1
COMP-SLA-11792,Other Complaint - COMP-SLA-11792,Unsanitary public toilet conditions in central market,other,DEPT_GENERAL,2025-04-25T19:52:00,19,4,4,0,0,6.0,HIGH,0.1,0.1,0.7,0.1,1,5,0.26,0.0026,0,13.187083,80.29538,7,0,11.36,1
COMP-SLA-10556,Garbage Complaint - COMP-SLA-10556,Minor littering near bus shelter,garbage,DEPT_SANITATION,2025-04-11T13:20:00,13,4,4,0,1,18.0,LOW,0.7,0.1,0.1,0.1,1,6,56.08,0.5608,0,13.067966,80.174364,5,0,6.51,0
COMP-SLA-11163,Roads Complaint - COMP-SLA-11163,Massive pothole causing severe traffic delay near main intersection,roads,DEPT_ROADS,2025-03-12T19:35:00,19,2,3,0,0,6.0,HIGH,0.1,0.1,0.7,0.1,1,3,17.08,0.1708,0,13.026908,80.139913,9,0,8.31,1
COMP-SLA-13954,Infrastructure Complaint - COMP-SLA-13954,Broken railing on canal overbridge,infrastructure,DEPT_WORKS,2025-03-30T05:42:00,5,6,3,1,0,24.0,MEDIUM,0.1,0.7,0.1,0.1,1,5,75.77,0.7577,1,12.942773,80.189367,5,0,17.37,0
COMP-SLA-12506,Other Complaint - COMP-SLA-12506,Unauthorized hawker encroachment blocking shop entrance,other,DEPT_GENERAL,2025-04-29T16:04:00,16,1,4,0,1,12.0,MEDIUM,0.1,0.7,0.1,0.1,1,1,46.94,0.4694,0,13.038523,80.140141,6,1,0.97,0
COMP-SLA-10167,Infrastructure Complaint - COMP-SLA-10167,Damaged bus shelter roof leaning precariously,infrastructure,DEPT_WORKS,2025-04-13T23:28:00,23,6,4,1,0,12.0,HIGH,0.1,0.1,0.7,0.1,2,12,92.5,0.925,1,13.201091,80.236693,6,0,19.77,1
COMP-SLA-10212,Drainage Complaint - COMP-SLA-10212,Open manhole cover on main sidewalk presents fatal hazard,drainage,DEPT_DRAINAGE,2025-05-12T10:05:00,10,0,5,0,1,3.0,HIGH,0.1,0.1,0.7,0.1,2,6,93.26,0.9326,1,13.05295,80.149316,9,2,10.09,1
COMP-SLA-12352,Other Complaint - COMP-SLA-12352,General inquiry regarding municipal service timing,other,DEPT_GENERAL,2025-03-27T01:44:00,1,3,3,0,0,12.0,MEDIUM,0.1,0.7,0.1,0.1,1,1,53.4,0.534,0,13.069027,80.373077,6,0,27.44,1
COMP-SLA-13574,Water Complaint - COMP-SLA-13574,Contaminated muddy water coming from municipal tap supply,water,DEPT_WATER,2025-06-13T23:30:00,23,4,6,0,0,1.0,CRITICAL,0.1,0.1,0.1,0.7,1,5,24.27,0.2427,0,13.128198,80.199041,8,0,9.83,1
COMP-SLA-12190,Infrastructure Complaint - COMP-SLA-12190,Damaged bus shelter roof leaning precariously,infrastructure,DEPT_WORKS,2025-05-07T09:50:00,9,2,5,0,1,24.0,MEDIUM,0.1,0.7,0.1,0.1,1,6,25.18,0.2518,0,12.975946,80.207584,6,0,18.37,0
COMP-SLA-14068,Roads Complaint - COMP-SLA-14068,Minor tar peeling on residential side street,roads,DEPT_ROADS,2025-01-31T05:26:00,5,4,1,0,0,18.0,LOW,0.7,0.1,0.1,0.1,8,24,91.66,0.9166,1,13.114883,80.170573,7,0,67.14,1
COMP-SLA-13824,Drainage Complaint - COMP-SLA-13824,Overflowing sewage line flooding residential street and homes,drainage,DEPT_DRAINAGE,2025-02-16T02:50:00,2,6,2,1,0,1.5,CRITICAL,0.1,0.1,0.1,0.7,1,1,63.97,0.6397,1,13.154519,80.247127,8,2,18.99,1
COMP-SLA-13972,Garbage Complaint - COMP-SLA-13972,Minor littering near bus shelter,garbage,DEPT_SANITATION,2025-05-29T15:35:00,15,3,5,0,1,12.0,MEDIUM,0.1,0.7,0.1,0.1,3,18,71.6,0.716,1,13.023952,80.26522,5,0,12.24,1
COMP-SLA-11379,Other Complaint - COMP-SLA-11379,Noise pollution from unauthorized loudspeaker after midnight,other,DEPT_GENERAL,2025-06-28T20:16:00,20,5,6,1,0,6.0,HIGH,0.1,0.1,0.7,0.1,1,5,53.06,0.5306,0,13.163283,80.168878,7,0,12.35,1
COMP-SLA-13687,Streetlights Complaint - COMP-SLA-13687,Flickering streetlight fixture on main road,streetlights,DEPT_ELECTRICITY,2025-05-21T11:45:00,11,2,5,0,1,2.0,HIGH,0.1,0.1,0.7,0.1,1,1,4.23,0.0423,0,12.960504,80.13193,6,0,3.71,1
COMP-SLA-12212,Other Complaint - COMP-SLA-12212,Unsanitary public toilet conditions in central market,other,DEPT_GENERAL,2025-02-25T00:03:00,0,1,2,0,0,6.0,HIGH,0.1,0.1,0.7,0.1,1,3,35.81,0.3581,0,12.938886,80.285263,7,0,18.3,1
COMP-SLA-10372,Roads Complaint - COMP-SLA-10372,Minor tar peeling on residential side street,roads,DEPT_ROADS,2025-03-17T03:30:00,3,0,3,0,0,18.0,LOW,0.7,0.1,0.1,0.1,8,16,76.79,0.7679,1,12.971083,80.198296,7,0,24.72,1
COMP-SLA-12583,Other Complaint - COMP-SLA-12583,General inquiry regarding municipal service timing,other,DEPT_GENERAL,2025-01-30T12:49:00,12,3,1,0,1,18.0,LOW,0.7,0.1,0.1,0.1,1,5,25.85,0.2585,0,13.148225,80.291006,6,0,8.81,0
COMP-SLA-13168,Water Complaint - COMP-SLA-13168,Main pipeline burst wasting thousands of liters of clean water,water,DEPT_WATER,2025-04-15T09:09:00,9,1,4,0,1,1.0,CRITICAL,0.1,0.1,0.1,0.7,3,3,65.86,0.6586,1,13.106732,80.244562,10,1,5.6,1
COMP-SLA-10071,Roads Complaint - COMP-SLA-10071,Minor tar peeling on residential side street,roads,DEPT_ROADS,2025-04-19T23:35:00,23,5,4,1,0,12.0,MEDIUM,0.1,0.7,0.1,0.1,1,3,25.74,0.2574,0,13.031937,80.331556,7,0,18.73,1
COMP-SLA-10890,Roads Complaint - COMP-SLA-10890,Minor tar peeling on residential side street,roads,DEPT_ROADS,2025-03-06T03:38:00,3,3,3,0,0,18.0,LOW,0.7,0.1,0.1,0.1,1,6,36.91,0.3691,0,13.030006,80.309962,7,0,8.84,0
COMP-SLA-12400,Infrastructure Complaint - COMP-SLA-12400,Broken railing on canal overbridge,infrastructure,DEPT_WORKS,2025-06-09T08:35:00,8,0,6,0,1,24.0,MEDIUM,0.1,0.7,0.1,0.1,3,15,86.96,0.8696,1,13.204423,80.240904,5,0,24.55,1
COMP-SLA-11438,Garbage Complaint - COMP-SLA-11438,Overflowing community dump bin spilling onto main road,garbage,DEPT_SANITATION,2025-05-26T21:11:00,21,0,5,0,0,3.0,CRITICAL,0.1,0.1,0.1,0.7,1,2,53.52,0.5352,0,13.014696,80.344492,8,1,12.97,1
COMP-SLA-10034,Infrastructure Complaint - COMP-SLA-10034,Damaged bus shelter roof leaning precariously,infrastructure,DEPT_WORKS,2025-03-06T01:05:00,1,3,3,0,0,12.0,HIGH,0.1,0.1,0.7,0.1,1,3,4.19,0.0419,0,13.122985,80.369504,6,0,36.69,1
COMP-SLA-10009,Drainage Complaint - COMP-SLA-10009,Foul stench and black water coming from open drainage pipe,drainage,DEPT_DRAINAGE,2025-06-17T15:25:00,15,1,6,0,1,6.0,MEDIUM,0.1,0.7,0.1,0.1,1,2,13.57,0.1357,0,13.198105,80.313556,10,0,3.86,0
COMP-SLA-10506,Drainage Complaint - COMP-SLA-10506,Clogged storm drain causing severe waterlogging during rain,drainage,DEPT_DRAINAGE,2025-05-30T03:25:00,3,4,5,0,0,1.5,CRITICAL,0.1,0.1,0.1,0.7,1,6,3.99,0.0399,0,13.169443,80.123379,8,0,8.94,1
COMP-SLA-12772,Other Complaint - COMP-SLA-12772,Unauthorized hawker encroachment blocking shop entrance,other,DEPT_GENERAL,2025-04-10T10:51:00,10,3,4,0,1,12.0,MEDIUM,0.1,0.7,0.1,0.1,3,3,81.44,0.8144,1,12.951969,80.256274,6,1,9.75,0
COMP-SLA-10150,Garbage Complaint - COMP-SLA-10150,Minor littering near bus shelter,garbage,DEPT_SANITATION,2025-06-19T10:56:00,10,3,6,0,1,18.0,LOW,0.7,0.1,0.1,0.1,1,2,35.79,0.3579,0,13.162592,80.160015,5,0,4.12,0
COMP-SLA-12165,Drainage Complaint - COMP-SLA-12165,Slow drainage runoff on commercial market road,drainage,DEPT_DRAINAGE,2025-01-03T07:54:00,7,4,1,0,0,9.0,LOW,0.7,0.1,0.1,0.1,1,2,93.55,0.9355,1,13.092491,80.376549,7,0,18.37,1
COMP-SLA-13540,Streetlights Complaint - COMP-SLA-13540,Sparking electrical transformer near residential area,streetlights,DEPT_ELECTRICITY,2025-05-11T18:08:00,18,6,5,1,0,4.0,MEDIUM,0.1,0.7,0.1,0.1,1,2,67.63,0.6763,1,13.129022,80.207132,6,1,15.52,1
COMP-SLA-10491,Roads Complaint - COMP-SLA-10491,Deep crater formed after rains near public school gate,roads,DEPT_ROADS,2025-06-10T04:08:00,4,1,6,0,0,6.0,HIGH,0.1,0.1,0.7,0.1,1,3,3.34,0.0334,0,13.090723,80.171882,9,2,15.16,1
COMP-SLA-12887,Garbage Complaint - COMP-SLA-12887,Uncollected garbage pile attracting stray animals near hospital gate,garbage,DEPT_SANITATION,2025-05-22T12:21:00,12,3,5,0,1,6.0,HIGH,0.1,0.1,0.7,0.1,8,8,84.27,0.8427,1,13.041002,80.276349,9,1,9.61,1
COMP-SLA-10439,Streetlights Complaint - COMP-SLA-10439,Live high-voltage electric wire hanging dangerously low near school,streetlights,DEPT_ELECTRICITY,2025-01-05T16:40:00,16,6,1,1,0,2.0,HIGH,0.1,0.1,0.7,0.1,1,5,38.49,0.3849,0,12.942058,80.295267,9,2,7.84,1
COMP-SLA-10539,Other Complaint - COMP-SLA-10539,Unsanitary public toilet conditions in central market,other,DEPT_GENERAL,2025-06-17T00:04:00,0,1,6,0,0,3.0,CRITICAL,0.1,0.1,0.1,0.7,5,15,80.95,0.8095,1,13.049294,80.202093,7,0,20.48,1
COMP-SLA-10271,Streetlights Complaint - COMP-SLA-10271,Entire street light network down making dark alley unsafe at night,streetlights,DEPT_ELECTRICITY,2025-06-01T13:24:00,13,6,6,1,0,1.0,CRITICAL,0.1,0.1,0.1,0.7,1,6,26.44,0.2644,0,12.934035,80.185139,11,0,13.25,1
COMP-SLA-12003,Roads Complaint - COMP-SLA-12003,Deep crater formed after rains near public school gate,roads,DEPT_ROADS,2025-02-15T13:56:00,13,5,2,1,0,6.0,HIGH,0.1,0.1,0.7,0.1,1,6,24.68,0.2468,0,13.204453,80.359953,9,2,20.45,1
COMP-SLA-12535,Roads Complaint - COMP-SLA-12535,Road cave-in reported on highway access lane,roads,DEPT_ROADS,2025-04-26T14:07:00,14,5,4,1,0,6.0,HIGH,0.1,0.1,0.7,0.1,1,4,39.47,0.3947,0,13.112635,80.233966,7,0,19.15,1
COMP-SLA-11045,Drainage Complaint - COMP-SLA-11045,Clogged storm drain causing severe waterlogging during rain,drainage,DEPT_DRAINAGE,2025-06-28T17:49:00,17,5,6,1,0,1.5,CRITICAL,0.1,0.1,0.1,0.7,1,2,33.07,0.3307,0,12.98253,80.233967,8,0,16.0,1
COMP-SLA-13387,Infrastructure Complaint - COMP-SLA-13387,Minor paint peeling on government office gate,infrastructure,DEPT_WORKS,2025-06-13T21:49:00,21,4,6,0,0,24.0,MEDIUM,0.1,0.7,0.1,0.1,1,3,21.2,0.212,0,12.943747,80.31457,7,0,13.63,0
COMP-SLA-12998,Drainage Complaint - COMP-SLA-12998,Open manhole cover on main sidewalk presents fatal hazard,drainage,DEPT_DRAINAGE,2025-03-27T15:57:00,15,3,3,0,1,3.0,HIGH,0.1,0.1,0.7,0.1,1,1,32.33,0.3233,0,13.226707,80.419063,9,2,0.78,0
COMP-SLA-10151,Water Complaint - COMP-SLA-10151,Contaminated muddy water coming from municipal tap supply,water,DEPT_WATER,2025-04-23T01:26:00,1,2,4,0,0,2.0,HIGH,0.1,0.1,0.7,0.1,3,9,92.11,0.9211,1,13.04199,80.336576,8,0,21.57,1
COMP-SLA-10206,Garbage Complaint - COMP-SLA-10206,Overflowing community dump bin spilling onto main road,garbage,DEPT_SANITATION,2025-01-26T13:21:00,13,6,1,1,0,6.0,HIGH,0.1,0.1,0.7,0.1,1,5,73.22,0.7322,1,13.147907,80.150863,8,1,16.77,1
COMP-SLA-11511,Infrastructure Complaint - COMP-SLA-11511,Broken railing on canal overbridge,infrastructure,DEPT_WORKS,2025-04-18T03:32:00,3,4,4,0,0,24.0,MEDIUM,0.1,0.7,0.1,0.1,1,3,54.67,0.5467,0,13.095899,80.276571,5,0,41.51,1
COMP-SLA-10458,Garbage Complaint - COMP-SLA-10458,Uncollected garbage pile attracting stray animals near hospital gate,garbage,DEPT_SANITATION,2025-05-14T00:24:00,0,2,5,0,0,6.0,HIGH,0.1,0.1,0.7,0.1,1,3,30.01,0.3001,0,13.129064,80.32703,9,1,7.72,1
COMP-SLA-11591,Drainage Complaint - COMP-SLA-11591,Open manhole cover on main sidewalk presents fatal hazard,drainage,DEPT_DRAINAGE,2025-02-09T13:30:00,13,6,2,1,0,3.0,HIGH,0.1,0.1,0.7,0.1,1,3,35.19,0.3519,0,13.226208,80.220836,9,2,8.83,1
COMP-SLA-14093,Streetlights Complaint - COMP-SLA-14093,Entire street light network down making dark alley unsafe at night,streetlights,DEPT_ELECTRICITY,2025-05-02T22:58:00,22,4,5,0,0,2.0,HIGH,0.1,0.1,0.7,0.1,5,25,65.05,0.6505,1,12.981164,80.151922,11,0,15.47,1
COMP-SLA-12687,Infrastructure Complaint - COMP-SLA-12687,Minor paint peeling on government office gate,infrastructure,DEPT_WORKS,2025-01-18T21:21:00,21,5,1,1,0,36.0,LOW,0.7,0.1,0.1,0.1,1,5,40.41,0.4041,0,13.094528,80.201005,7,0,12.2,0
COMP-SLA-14120,Water Complaint - COMP-SLA-14120,Minor leak near public water standpost,water,DEPT_WATER,2025-01-19T14:35:00,14,6,1,1,0,4.0,MEDIUM,0.1,0.7,0.1,0.1,1,5,84.5,0.845,1,13.132359,80.230408,6,0,11.83,1
COMP-SLA-11043,Other Complaint - COMP-SLA-11043,Noise pollution from unauthorized loudspeaker after midnight,other,DEPT_GENERAL,2025-02-08T14:59:00,14,5,2,1,0,12.0,MEDIUM,0.1,0.7,0.1,0.1,1,6,10.79,0.1079,0,12.976946,80.37999,7,0,11.29,0
COMP-SLA-12070,Streetlights Complaint - COMP-SLA-12070,Single street lamp bulb burnt out on quiet street,streetlights,DEPT_ELECTRICITY,2025-01-24T14:45:00,14,4,1,0,1,6.0,LOW,0.7,0.1,0.1,0.1,1,1,75.72,0.7572,1,12.981613,80.169722,9,0,8.97,1
COMP-SLA-11973,Infrastructure Complaint - COMP-SLA-11973,Collapsed public park boundary wall blocking walkway,infrastructure,DEPT_WORKS,2025-01-17T13:23:00,13,4,1,0,1,12.0,HIGH,0.1,0.1,0.7,0.1,5,10,66.6,0.666,1,13.105882,80.333862,7,2,13.03,1
COMP-SLA-12045,Roads Complaint - COMP-SLA-12045,Minor tar peeling on residential side street,roads,DEPT_ROADS,2025-06-06T12:22:00,12,4,6,0,1,12.0,MEDIUM,0.1,0.7,0.1,0.1,1,3,41.29,0.4129,0,13.209481,80.244884,7,0,16.52,1
COMP-SLA-11186,Garbage Complaint - COMP-SLA-11186,Overflowing community dump bin spilling onto main road,garbage,DEPT_SANITATION,2025-02-06T03:13:00,3,3,2,0,0,3.0,CRITICAL,0.1,0.1,0.1,0.7,1,5,16.04,0.1604,0,13.098349,80.273309,8,1,18.84,1
COMP-SLA-12737,Other Complaint - COMP-SLA-12737,Stray dog menace near elementary school playground,other,DEPT_GENERAL,2025-02-04T08:50:00,8,1,2,0,1,6.0,HIGH,0.1,0.1,0.7,0.1,1,3,67.51,0.6751,1,12.984528,80.236168,7,1,26.15,1
COMP-SLA-11114,Roads Complaint - COMP-SLA-11114,Deep crater formed after rains near public school gate,roads,DEPT_ROADS,2025-04-01T13:29:00,13,1,4,0,1,6.0,HIGH,0.1,0.1,0.7,0.1,1,5,2.63,0.0263,0,13.058852,80.243778,9,2,3.23,0
COMP-SLA-13433,Garbage Complaint - COMP-SLA-13433,Minor littering near bus shelter,garbage,DEPT_SANITATION,2025-03-09T08:36:00,8,6,3,1,0,12.0,MEDIUM,0.1,0.7,0.1,0.1,1,5,38.37,0.3837,0,13.195284,80.129651,5,0,22.68,1
COMP-SLA-11458,Drainage Complaint - COMP-SLA-11458,Slow drainage runoff on commercial market road,drainage,DEPT_DRAINAGE,2025-05-02T06:45:00,6,4,5,0,0,9.0,LOW,0.7,0.1,0.1,0.1,1,3,17.68,0.1768,0,13.229079,80.302337,7,0,18.43,1
COMP-SLA-10916,Infrastructure Complaint - COMP-SLA-10916,Damaged bus shelter roof leaning precariously,infrastructure,DEPT_WORKS,2025-06-24T10:20:00,10,1,6,0,1,12.0,HIGH,0.1,0.1,0.7,0.1,2,10,63.18,0.6318,1,13.177754,80.402997,6,0,7.16,0
COMP-SLA-13166,Drainage Complaint - COMP-SLA-13166,Foul stench and black water coming from open drainage pipe,drainage,DEPT_DRAINAGE,2025-03-05T06:54:00,6,2,3,0,0,6.0,MEDIUM,0.1,0.7,0.1,0.1,1,1,86.44,0.8644,1,12.93313,80.232845,10,0,15.35,1
COMP-SLA-11780,Drainage Complaint - COMP-SLA-11780,Foul stench and black water coming from open drainage pipe,drainage,DEPT_DRAINAGE,2025-01-18T16:13:00,16,5,1,1,0,6.0,MEDIUM,0.1,0.7,0.1,0.1,1,1,51.62,0.5162,0,13.174315,80.172562,10,0,19.09,1
COMP-SLA-10692,Infrastructure Complaint - COMP-SLA-10692,Collapsed public park boundary wall blocking walkway,infrastructure,DEPT_WORKS,2025-03-20T04:13:00,4,3,3,0,0,12.0,HIGH,0.1,0.1,0.7,0.1,8,8,65.63,0.6563,1,12.971765,80.144281,7,2,20.11,1
COMP-SLA-10495,Streetlights Complaint - COMP-SLA-10495,Sparking electrical transformer near residential area,streetlights,DEPT_ELECTRICITY,2025-05-01T17:00:00,17,3,5,0,1,2.0,HIGH,0.1,0.1,0.7,0.1,1,1,71.77,0.7177,1,13.139031,80.268279,6,1,7.47,1
COMP-SLA-13886,Roads Complaint - COMP-SLA-13886,Deep crater formed after rains near public school gate,roads,DEPT_ROADS,2025-05-08T22:25:00,22,3,5,0,0,6.0,HIGH,0.1,0.1,0.7,0.1,1,3,6.77,0.0677,0,13.072117,80.245528,9,2,16.73,1
COMP-SLA-13601,Garbage Complaint - COMP-SLA-13601,Uncollected garbage pile attracting stray animals near hospital gate,garbage,DEPT_SANITATION,2025-01-03T23:17:00,23,4,1,0,0,3.0,CRITICAL,0.1,0.1,0.1,0.7,1,6,17.47,0.1747,0,13.064951,80.154096,9,1,11.32,1
COMP-SLA-10950,Streetlights Complaint - COMP-SLA-10950,Entire street light network down making dark alley unsafe at night,streetlights,DEPT_ELECTRICITY,2025-01-19T20:46:00,20,6,1,1,0,2.0,HIGH,0.1,0.1,0.7,0.1,5,15,61.33,0.6133,1,13.01352,80.310636,11,0,19.84,1
COMP-SLA-10765,Drainage Complaint - COMP-SLA-10765,Overflowing sewage line flooding residential street and homes,drainage,DEPT_DRAINAGE,2025-04-30T13:05:00,13,2,4,0,1,1.5,CRITICAL,0.1,0.1,0.1,0.7,1,2,14.12,0.1412,0,13.204862,80.263983,8,2,0.2,0
COMP-SLA-10409,Garbage Complaint - COMP-SLA-10409,Minor littering near bus shelter,garbage,DEPT_SANITATION,2025-05-22T20:13:00,20,3,5,0,0,12.0,MEDIUM,0.1,0.7,0.1,0.1,1,3,27.61,0.2761,0,12.992967,80.30795,5,0,33.02,1
COMP-SLA-12229,Garbage Complaint - COMP-SLA-12229,Overflowing community dump bin spilling onto main road,garbage,DEPT_SANITATION,2025-01-23T00:05:00,0,3,1,0,0,3.0,CRITICAL,0.1,0.1,0.1,0.7,1,2,16.7,0.167,0,13.149722,80.344391,8,1,10.42,1
COMP-SLA-13022,Streetlights Complaint - COMP-SLA-13022,Flickering streetlight fixture on main road,streetlights,DEPT_ELECTRICITY,2025-01-05T10:05:00,10,6,1,1,0,4.0,MEDIUM,0.1,0.7,0.1,0.1,1,3,46.33,0.4633,0,13.143175,80.174339,6,0,12.44,1
COMP-SLA-13741,Garbage Complaint - COMP-SLA-13741,Uncollected garbage pile attracting stray animals near hospital gate,garbage,DEPT_SANITATION,2025-04-25T23:12:00,23,4,4,0,0,6.0,HIGH,0.1,0.1,0.7,0.1,5,30,83.04,0.8304,1,13.150394,80.268603,9,1,32.05,1
COMP-SLA-11222,Water Complaint - COMP-SLA-11222,Main pipeline burst wasting thousands of liters of clean water,water,DEPT_WATER,2025-06-29T06:12:00,6,6,6,1,0,1.0,CRITICAL,0.1,0.1,0.1,0.7,1,1,31.45,0.3145,0,13.140914,80.282019,10,1,10.36,1
COMP-SLA-13805,Water Complaint - COMP-SLA-13805,Low water pressure in residential high-rise complex,water,DEPT_WATER,2025-02-05T13:33:00,13,2,2,0,1,2.0,HIGH,0.1,0.1,0.7,0.1,1,5,46.1,0.461,0,13.190702,80.371653,7,0,0.42,0
COMP-SLA-10018,Water Complaint - COMP-SLA-10018,No water supply for last 48 hours in entire neighborhood block,water,DEPT_WATER,2025-05-13T14:07:00,14,1,5,0,1,2.0,HIGH,0.1,0.1,0.7,0.1,1,5,2.0,0.02,0,13.007072,80.139908,11,0,1.04,0
COMP-SLA-13758,Infrastructure Complaint - COMP-SLA-13758,Broken railing on canal overbridge,infrastructure,DEPT_WORKS,2025-04-25T19:01:00,19,4,4,0,0,12.0,HIGH,0.1,0.1,0.7,0.1,3,15,77.81,0.7781,1,12.99201,80.179684,5,0,19.67,1
COMP-SLA-12113,Infrastructure Complaint - COMP-SLA-12113,Collapsed public park boundary wall blocking walkway,infrastructure,DEPT_WORKS,2025-03-31T21:31:00,21,0,3,0,0,6.0,CRITICAL,0.1,0.1,0.1,0.7,8,48,94.11,0.9411,1,12.986159,80.323367,7,2,13.18,1
COMP-SLA-11188,Streetlights Complaint - COMP-SLA-11188,Flickering streetlight fixture on main road,streetlights,DEPT_ELECTRICITY,2025-05-14T04:53:00,4,2,5,0,0,2.0,HIGH,0.1,0.1,0.7,0.1,8,8,68.04,0.6804,1,13.068855,80.396099,6,0,15.19,1
COMP-SLA-12625,Other Complaint - COMP-SLA-12625,Unauthorized hawker encroachment blocking shop entrance,other,DEPT_GENERAL,2025-06-13T19:54:00,19,4,6,0,0,12.0,MEDIUM,0.1,0.7,0.1,0.1,1,4,43.68,0.4368,0,13.052031,80.201506,6,1,16.58,1
COMP-SLA-11378,Infrastructure Complaint - COMP-SLA-11378,Pedestrian footbridge concrete pillar showing structural cracks,infrastructure,DEPT_WORKS,2025-03-06T11:52:00,11,3,3,0,1,6.0,CRITICAL,0.1,0.1,0.1,0.7,1,4,91.73,0.9173,1,13.137604,80.226414,7,0,9.74,1
COMP-SLA-11352,Roads Complaint - COMP-SLA-11352,Minor tar peeling on residential side street,roads,DEPT_ROADS,2025-03-05T07:16:00,7,2,3,0,0,18.0,LOW,0.7,0.1,0.1,0.1,1,4,31.22,0.3122,0,12.988088,80.318511,7,0,21.57,1
COMP-SLA-13727,Garbage Complaint - COMP-SLA-13727,Minor littering near bus shelter,garbage,DEPT_SANITATION,2025-01-09T05:51:00,5,3,1,0,0,12.0,MEDIUM,0.1,0.7,0.1,0.1,1,5,52.74,0.5274,0,12.990151,80.179156,5,0,6.84,0
COMP-SLA-12099,Infrastructure Complaint - COMP-SLA-12099,Broken railing on canal overbridge,infrastructure,DEPT_WORKS,2025-01-24T15:55:00,15,4,1,0,1,24.0,MEDIUM,0.1,0.7,0.1,0.1,3,15,72.23,0.7223,1,13.117199,80.166727,5,0,32.43,1
COMP-SLA-10603,Roads Complaint - COMP-SLA-10603,Road surface cracked and unpaved causing risk for two-wheelers,roads,DEPT_ROADS,2025-04-16T17:36:00,17,2,4,0,1,3.0,CRITICAL,0.1,0.1,0.1,0.7,1,6,53.97,0.5397,0,13.042791,80.41417,9,0,0.41,0
COMP-SLA-14190,Water Complaint - COMP-SLA-14190,No water supply for last 48 hours in entire neighborhood block,water,DEPT_WATER,2025-02-27T18:55:00,18,3,2,0,1,2.0,HIGH,0.1,0.1,0.7,0.1,1,5,6.05,0.0605,0,13.161316,80.295621,11,0,1.69,0
COMP-SLA-13135,Infrastructure Complaint - COMP-SLA-13135,Minor paint peeling on government office gate,infrastructure,DEPT_WORKS,2025-05-03T04:12:00,4,5,5,1,0,24.0,MEDIUM,0.1,0.7,0.1,0.1,1,6,5.83,0.0583,0,13.134856,80.186115,7,0,10.38,0
COMP-SLA-11413,Infrastructure Complaint - COMP-SLA-11413,Damaged bus shelter roof leaning precariously,infrastructure,DEPT_WORKS,2025-05-17T00:03:00,0,5,5,1,0,24.0,MEDIUM,0.1,0.7,0.1,0.1,1,5,33.42,0.3342,0,13.22273,80.23617,6,0,9.81,0
COMP-SLA-13785,Streetlights Complaint - COMP-SLA-13785,Entire street light network down making dark alley unsafe at night,streetlights,DEPT_ELECTRICITY,2025-02-22T22:14:00,22,5,2,1,0,2.0,HIGH,0.1,0.1,0.7,0.1,8,16,76.1,0.761,1,13.105573,80.296269,11,0,13.96,1
COMP-SLA-10070,Other Complaint - COMP-SLA-10070,Unauthorized hawker encroachment blocking shop entrance,other,DEPT_GENERAL,2025-01-05T02:18:00,2,6,1,1,0,6.0,HIGH,0.1,0.1,0.7,0.1,1,5,29.09,0.2909,0,12.999179,80.328236,6,1,25.89,1
COMP-SLA-13777,Water Complaint - COMP-SLA-13777,Minor leak near public water standpost,water,DEPT_WATER,2025-06-07T21:38:00,21,5,6,1,0,4.0,MEDIUM,0.1,0.7,0.1,0.1,2,2,68.41,0.6841,1,13.23209,80.253843,6,0,22.99,1
COMP-SLA-11000,Infrastructure Complaint - COMP-SLA-11000,Broken railing on canal overbridge,infrastructure,DEPT_WORKS,2025-04-27T20:25:00,20,6,4,1,0,24.0,MEDIUM,0.1,0.7,0.1,0.1,8,8,69.04,0.6904,1,12.96277,80.278734,5,0,25.31,1
COMP-SLA-12790,Water Complaint - COMP-SLA-12790,Low water pressure in residential high-rise complex,water,DEPT_WATER,2025-05-08T02:15:00,2,3,5,0,0,2.0,HIGH,0.1,0.1,0.7,0.1,5,30,77.03,0.7703,1,13.064457,80.341008,7,0,22.44,1
COMP-SLA-11322,Infrastructure Complaint - COMP-SLA-11322,Collapsed public park boundary wall blocking walkway,infrastructure,DEPT_WORKS,2025-03-12T03:04:00,3,2,3,0,0,6.0,CRITICAL,0.1,0.1,0.1,0.7,1,6,45.57,0.4557,0,13.005641,80.218345,7,2,10.66,1
COMP-SLA-10683,Water Complaint - COMP-SLA-10683,Low water pressure in residential high-rise complex,water,DEPT_WATER,2025-06-17T21:57:00,21,1,6,0,0,4.0,MEDIUM,0.1,0.7,0.1,0.1,5,10,86.15,0.8615,1,13.019007,80.174512,7,0,14.37,1
COMP-SLA-13850,Other Complaint - COMP-SLA-13850,Noise pollution from unauthorized loudspeaker after midnight,other,DEPT_GENERAL,2025-02-15T06:49:00,6,5,2,1,0,6.0,HIGH,0.1,0.1,0.7,0.1,2,8,60.61,0.6061,1,13.134292,80.192989,7,0,10.55,1
COMP-SLA-13058,Infrastructure Complaint - COMP-SLA-13058,Collapsed public park boundary wall blocking walkway,infrastructure,DEPT_WORKS,2025-04-19T09:06:00,9,5,4,1,0,12.0,HIGH,0.1,0.1,0.7,0.1,1,1,72.02,0.7202,1,13.18624,80.166458,7,2,16.24,1
COMP-SLA-12203,Streetlights Complaint - COMP-SLA-12203,Live high-voltage electric wire hanging dangerously low near school,streetlights,DEPT_ELECTRICITY,2025-02-03T15:26:00,15,0,2,0,1,2.0,HIGH,0.1,0.1,0.7,0.1,5,25,77.74,0.7774,1,12.956371,80.260386,9,2,7.8,1
COMP-SLA-13464,Infrastructure Complaint - COMP-SLA-13464,Damaged bus shelter roof leaning precariously,infrastructure,DEPT_WORKS,2025-02-28T07:56:00,7,4,2,0,0,24.0,MEDIUM,0.1,0.7,0.1,0.1,1,5,42.84,0.4284,0,13.015688,80.294889,6,0,23.69,0
COMP-SLA-12857,Roads Complaint - COMP-SLA-12857,Massive pothole causing severe traffic delay near main intersection,roads,DEPT_ROADS,2025-06-14T16:55:00,16,5,6,1,0,3.0,CRITICAL,0.1,0.1,0.1,0.7,2,8,85.85,0.8585,1,13.043362,80.392665,9,0,12.28,1
COMP-SLA-10908,Streetlights Complaint - COMP-SLA-10908,Entire street light network down making dark alley unsafe at night,streetlights,DEPT_ELECTRICITY,2025-03-06T22:19:00,22,3,3,0,0,1.0,CRITICAL,0.1,0.1,0.1,0.7,3,9,84.23,0.8423,1,13.082894,80.28066,11,0,18.15,1
COMP-SLA-13099,Streetlights Complaint - COMP-SLA-13099,Entire street light network down making dark alley unsafe at night,streetlights,DEPT_ELECTRICITY,2025-06-23T12:40:00,12,0,6,0,1,1.0,CRITICAL,0.1,0.1,0.1,0.7,1,1,25.04,0.2504,0,13.108848,80.157235,11,0,0.2,0
COMP-SLA-11053,Garbage Complaint - COMP-SLA-11053,Uncollected garbage pile attracting stray animals near hospital gate,garbage,DEPT_SANITATION,2025-01-09T00:01:00,0,3,1,0,0,3.0,CRITICAL,0.1,0.1,0.1,0.7,8,48,77.59,0.7759,1,12.978713,80.233022,9,1,24.72,1
COMP-SLA-13555,Infrastructure Complaint - COMP-SLA-13555,Minor paint peeling on government office gate,infrastructure,DEPT_WORKS,2025-05-30T07:14:00,7,4,5,0,0,24.0,MEDIUM,0.1,0.7,0.1,0.1,1,5,4.39,0.0439,0,13.049991,80.235815,7,0,13.43,0
COMP-SLA-13761,Drainage Complaint - COMP-SLA-13761,Overflowing sewage line flooding residential street and homes,drainage,DEPT_DRAINAGE,2025-05-28T03:19:00,3,2,5,0,0,1.5,CRITICAL,0.1,0.1,0.1,0.7,2,4,78.74,0.7874,1,13.033277,80.209703,8,2,17.49,1
COMP-SLA-12650,Water Complaint - COMP-SLA-12650,Main pipeline burst wasting thousands of liters of clean water,water,DEPT_WATER,2025-03-15T04:38:00,4,5,3,1,0,2.0,HIGH,0.1,0.1,0.7,0.1,1,6,2.75,0.0275,0,13.026171,80.127172,10,1,7.31,1
COMP-SLA-13289,Infrastructure Complaint - COMP-SLA-13289,Minor paint peeling on government office gate,infrastructure,DEPT_WORKS,2025-03-24T17:49:00,17,0,3,0,1,36.0,LOW,0.7,0.1,0.1,0.1,1,3,64.0,0.64,1,13.232163,80.132157,7,0,65.39,1
COMP-SLA-11256,Garbage Complaint - COMP-SLA-11256,Illegal dumping of commercial debris in public park,garbage,DEPT_SANITATION,2025-01-21T05:15:00,5,1,1,0,0,6.0,HIGH,0.1,0.1,0.7,0.1,1,6,68.79,0.6879,1,13.190029,80.251665,8,0,18.57,1
COMP-SLA-12006,Water Complaint - COMP-SLA-12006,Low water pressure in residential high-rise complex,water,DEPT_WATER,2025-02-19T14:00:00,14,2,2,0,1,4.0,MEDIUM,0.1,0.7,0.1,0.1,1,6,61.34,0.6134,1,12.966143,80.394008,7,0,10.19,1
COMP-SLA-12128,Other Complaint - COMP-SLA-12128,General inquiry regarding municipal service timing,other,DEPT_GENERAL,2025-04-23T17:42:00,17,2,4,0,1,18.0,LOW,0.7,0.1,0.1,0.1,1,5,41.04,0.4104,0,13.186101,80.417858,6,0,2.29,0
COMP-SLA-14140,Garbage Complaint - COMP-SLA-14140,Overflowing community dump bin spilling onto main road,garbage,DEPT_SANITATION,2025-04-28T08:39:00,8,0,4,0,1,6.0,HIGH,0.1,0.1,0.7,0.1,3,18,79.72,0.7972,1,13.085474,80.2887,8,1,9.76,1
COMP-SLA-13376,Drainage Complaint - COMP-SLA-13376,Foul stench and black water coming from open drainage pipe,drainage,DEPT_DRAINAGE,2025-01-27T01:14:00,1,0,1,0,0,6.0,MEDIUM,0.1,0.7,0.1,0.1,5,30,78.33,0.7833,1,13.175674,80.335938,10,0,22.96,1
COMP-SLA-10747,Streetlights Complaint - COMP-SLA-10747,Flickering streetlight fixture on main road,streetlights,DEPT_ELECTRICITY,2025-04-09T22:27:00,22,2,4,0,0,4.0,MEDIUM,0.1,0.7,0.1,0.1,1,1,9.05,0.0905,0,13.153531,80.197568,6,0,5.88,1
COMP-SLA-10197,Roads Complaint - COMP-SLA-10197,Road cave-in reported on highway access lane,roads,DEPT_ROADS,2025-06-17T18:36:00,18,1,6,0,1,6.0,HIGH,0.1,0.1,0.7,0.1,1,5,45.64,0.4564,0,13.000963,80.136107,7,0,5.44,0
COMP-SLA-12624,Infrastructure Complaint - COMP-SLA-12624,Minor paint peeling on government office gate,infrastructure,DEPT_WORKS,2025-02-05T11:14:00,11,2,2,0,1,36.0,LOW,0.7,0.1,0.1,0.1,1,6,18.47,0.1847,0,13.123205,80.274308,7,0,60.66,1
COMP-SLA-10721,Other Complaint - COMP-SLA-10721,General inquiry regarding municipal service timing,other,DEPT_GENERAL,2025-05-28T15:13:00,15,2,5,0,1,18.0,LOW,0.7,0.1,0.1,0.1,1,6,89.12,0.8912,1,13.130942,80.367872,6,0,40.3,1
COMP-SLA-12357,Streetlights Complaint - COMP-SLA-12357,Single street lamp bulb burnt out on quiet street,streetlights,DEPT_ELECTRICITY,2025-04-10T15:48:00,15,3,4,0,1,6.0,LOW,0.7,0.1,0.1,0.1,1,2,28.94,0.2894,0,12.994274,80.245113,9,0,9.78,1
COMP-SLA-12940,Other Complaint - COMP-SLA-12940,Unsanitary public toilet conditions in central market,other,DEPT_GENERAL,2025-03-29T02:42:00,2,5,3,1,0,3.0,CRITICAL,0.1,0.1,0.1,0.7,1,1,54.1,0.541,0,13.167083,80.289473,7,0,10.16,1
COMP-SLA-12766,Roads Complaint - COMP-SLA-12766,Minor tar peeling on residential side street,roads,DEPT_ROADS,2025-03-20T16:22:00,16,3,3,0,1,18.0,LOW,0.7,0.1,0.1,0.1,1,2,27.72,0.2772,0,13.187763,80.147835,7,0,39.92,1
COMP-SLA-10015,Roads Complaint - COMP-SLA-10015,Minor tar peeling on residential side street,roads,DEPT_ROADS,2025-06-03T10:31:00,10,1,6,0,1,18.0,LOW,0.7,0.1,0.1,0.1,8,24,83.48,0.8348,1,12.938543,80.39943,7,0,7.93,0
COMP-SLA-10677,Streetlights Complaint - COMP-SLA-10677,Live high-voltage electric wire hanging dangerously low near school,streetlights,DEPT_ELECTRICITY,2025-04-12T04:45:00,4,5,4,1,0,1.0,CRITICAL,0.1,0.1,0.1,0.7,1,3,35.42,0.3542,0,13.188841,80.231589,9,2,7.53,1
COMP-SLA-14200,Other Complaint - COMP-SLA-14200,Noise pollution from unauthorized loudspeaker after midnight,other,DEPT_GENERAL,2025-06-01T11:50:00,11,6,6,1,0,12.0,MEDIUM,0.1,0.7,0.1,0.1,1,3,41.39,0.4139,0,13.056803,80.146192,7,0,15.42,1
COMP-SLA-12092,Infrastructure Complaint - COMP-SLA-12092,Collapsed public park boundary wall blocking walkway,infrastructure,DEPT_WORKS,2025-01-17T20:05:00,20,4,1,0,0,12.0,HIGH,0.1,0.1,0.7,0.1,1,1,90.23,0.9023,1,12.985734,80.166252,7,2,39.53,1
COMP-SLA-11477,Other Complaint - COMP-SLA-11477,Stray dog menace near elementary school playground,other,DEPT_GENERAL,2025-02-06T11:54:00,11,3,2,0,1,3.0,CRITICAL,0.1,0.1,0.1,0.7,1,1,21.22,0.2122,0,13.166028,80.262824,7,1,3.46,1
COMP-SLA-12987,Streetlights Complaint - COMP-SLA-12987,Entire street light network down making dark alley unsafe at night,streetlights,DEPT_ELECTRICITY,2025-02-20T11:34:00,11,3,2,0,1,2.0,HIGH,0.1,0.1,0.7,0.1,1,6,28.31,0.2831,0,13.001937,80.271746,11,0,0.2,0
COMP-SLA-10977,Water Complaint - COMP-SLA-10977,Contaminated muddy water coming from municipal tap supply,water,DEPT_WATER,2025-03-05T08:49:00,8,2,3,0,1,2.0,HIGH,0.1,0.1,0.7,0.1,5,20,66.59,0.6659,1,12.967206,80.199759,8,0,8.28,1
COMP-SLA-12760,Drainage Complaint - COMP-SLA-12760,Clogged storm drain causing severe waterlogging during rain,drainage,DEPT_DRAINAGE,2025-04-24T08:24:00,8,3,4,0,1,3.0,HIGH,0.1,0.1,0.7,0.1,5,15,80.36,0.8036,1,12.961341,80.373732,8,0,9.62,1
COMP-SLA-10808,Garbage Complaint - COMP-SLA-10808,Minor littering near bus shelter,garbage,DEPT_SANITATION,2025-04-26T21:28:00,21,5,4,1,0,12.0,MEDIUM,0.1,0.7,0.1,0.1,1,5,8.48,0.0848,0,12.977395,80.339059,5,0,32.47,1
COMP-SLA-11840,Infrastructure Complaint - COMP-SLA-11840,Pedestrian footbridge concrete pillar showing structural cracks,infrastructure,DEPT_WORKS,2025-03-02T11:43:00,11,6,3,1,0,12.0,HIGH,0.1,0.1,0.7,0.1,1,5,48.73,0.4873,0,13.143245,80.305263,7,0,14.99,1
COMP-SLA-14012,Roads Complaint - COMP-SLA-14012,Massive pothole causing severe traffic delay near main intersection,roads,DEPT_ROADS,2025-04-26T06:33:00,6,5,4,1,0,6.0,HIGH,0.1,0.1,0.7,0.1,1,6,37.29,0.3729,0,13.08464,80.216768,9,0,8.41,1
COMP-SLA-13742,Water Complaint - COMP-SLA-13742,Main pipeline burst wasting thousands of liters of clean water,water,DEPT_WATER,2025-02-03T04:59:00,4,0,2,0,0,2.0,HIGH,0.1,0.1,0.7,0.1,1,5,15.33,0.1533,0,13.137533,80.39137,10,1,16.03,1
COMP-SLA-12365,Infrastructure Complaint - COMP-SLA-12365,Collapsed public park boundary wall blocking walkway,infrastructure,DEPT_WORKS,2025-06-22T07:20:00,7,6,6,1,0,12.0,HIGH,0.1,0.1,0.7,0.1,1,1,57.14,0.5714,0,13.023446,80.41757,7,2,12.36,1
COMP-SLA-11733,Water Complaint - COMP-SLA-11733,Main pipeline burst wasting thousands of liters of clean water,water,DEPT_WATER,2025-06-04T05:00:00,5,2,6,0,0,2.0,HIGH,0.1,0.1,0.7,0.1,1,5,40.08,0.4008,0,13.046649,80.186361,10,1,14.84,1
COMP-SLA-11804,Streetlights Complaint - COMP-SLA-11804,Live high-voltage electric wire hanging dangerously low near school,streetlights,DEPT_ELECTRICITY,2025-01-29T12:25:00,12,2,1,0,1,2.0,HIGH,0.1,0.1,0.7,0.1,1,5,3.98,0.0398,0,12.964052,80.394686,9,2,0.49,0
COMP-SLA-11394,Roads Complaint - COMP-SLA-11394,Minor tar peeling on residential side street,roads,DEPT_ROADS,2025-03-30T15:55:00,15,6,3,1,0,18.0,LOW,0.7,0.1,0.1,0.1,1,6,33.67,0.3367,0,13.144593,80.139833,7,0,16.0,0
COMP-SLA-13716,Infrastructure Complaint - COMP-SLA-13716,Collapsed public park boundary wall blocking walkway,infrastructure,DEPT_WORKS,2025-01-24T16:27:00,16,4,1,0,1,12.0,HIGH,0.1,0.1,0.7,0.1,1,1,12.91,0.1291,0,13.163041,80.207224,7,2,3.14,0
COMP-SLA-12642,Garbage Complaint - COMP-SLA-12642,Foul smell from uncleared waste bin near apartment entrance,garbage,DEPT_SANITATION,2025-04-30T17:49:00,17,2,4,0,1,6.0,HIGH,0.1,0.1,0.7,0.1,1,6,27.51,0.2751,0,12.955341,80.220149,9,0,0.47,0
COMP-SLA-11430,Drainage Complaint - COMP-SLA-11430,Slow drainage runoff on commercial market road,drainage,DEPT_DRAINAGE,2025-04-26T23:15:00,23,5,4,1,0,6.0,MEDIUM,0.1,0.7,0.1,0.1,1,6,32.79,0.3279,0,13.137564,80.304483,7,0,17.05,1
COMP-SLA-14081,Other Complaint - COMP-SLA-14081,Stray dog menace near elementary school playground,other,DEPT_GENERAL,2025-04-02T04:50:00,4,2,4,0,0,6.0,HIGH,0.1,0.1,0.7,0.1,1,1,59.39,0.5939,0,13.092744,80.403935,7,1,12.01,1
COMP-SLA-12801,Roads Complaint - COMP-SLA-12801,Massive pothole causing severe traffic delay near main intersection,roads,DEPT_ROADS,2025-01-13T12:47:00,12,0,1,0,1,3.0,CRITICAL,0.1,0.1,0.1,0.7,1,5,8.95,0.0895,0,13.213692,80.164246,9,0,3.3,1
COMP-SLA-13505,Streetlights Complaint - COMP-SLA-13505,Flickering streetlight fixture on main road,streetlights,DEPT_ELECTRICITY,2025-05-15T01:44:00,1,3,5,0,0,2.0,HIGH,0.1,0.1,0.7,0.1,1,2,2.77,0.0277,0,13.208341,80.364127,6,0,11.77,1
COMP-SLA-10331,Drainage Complaint - COMP-SLA-10331,Open manhole cover on main sidewalk presents fatal hazard,drainage,DEPT_DRAINAGE,2025-02-14T05:15:00,5,4,2,0,0,3.0,HIGH,0.1,0.1,0.7,0.1,3,3,66.27,0.6627,1,13.110456,80.362563,9,2,16.07,1
COMP-SLA-10502,Streetlights Complaint - COMP-SLA-10502,Live high-voltage electric wire hanging dangerously low near school,streetlights,DEPT_ELECTRICITY,2025-04-11T02:34:00,2,4,4,0,0,1.0,CRITICAL,0.1,0.1,0.1,0.7,8,32,79.95,0.7995,1,13.073744,80.178358,9,2,19.62,1
COMP-SLA-10309,Roads Complaint - COMP-SLA-10309,Massive pothole causing severe traffic delay near main intersection,roads,DEPT_ROADS,2025-01-12T15:23:00,15,6,1,1,0,6.0,HIGH,0.1,0.1,0.7,0.1,8,8,88.46,0.8846,1,13.047594,80.165725,9,0,27.63,1
COMP-SLA-10651,Other Complaint - COMP-SLA-10651,Stray dog menace near elementary school playground,other,DEPT_GENERAL,2025-04-29T08:00:00,8,1,4,0,1,3.0,CRITICAL,0.1,0.1,0.1,0.7,1,3,23.43,0.2343,0,13.151705,80.341554,7,1,0.2,0
COMP-SLA-13638,Streetlights Complaint - COMP-SLA-13638,Single street lamp bulb burnt out on quiet street,streetlights,DEPT_ELECTRICITY,2025-03-08T19:12:00,19,5,3,1,0,4.0,MEDIUM,0.1,0.7,0.1,0.1,1,1,14.27,0.1427,0,13.037342,80.373148,9,0,5.18,1
COMP-SLA-11954,Roads Complaint - COMP-SLA-11954,Road surface cracked and unpaved causing risk for two-wheelers,roads,DEPT_ROADS,2025-06-19T06:36:00,6,3,6,0,0,6.0,HIGH,0.1,0.1,0.7,0.1,1,2,66.39,0.6639,1,13.187183,80.212727,9,0,14.15,1
COMP-SLA-11339,Drainage Complaint - COMP-SLA-11339,Open manhole cover on main sidewalk presents fatal hazard,drainage,DEPT_DRAINAGE,2025-02-22T12:37:00,12,5,2,1,0,6.0,MEDIUM,0.1,0.7,0.1,0.1,1,5,16.63,0.1663,0,13.17705,80.148556,9,2,11.56,1
COMP-SLA-10319,Water Complaint - COMP-SLA-10319,Main pipeline burst wasting thousands of liters of clean water,water,DEPT_WATER,2025-04-26T14:20:00,14,5,4,1,0,2.0,HIGH,0.1,0.1,0.7,0.1,1,4,91.64,0.9164,1,13.054654,80.281477,10,1,10.91,1
COMP-SLA-13210,Water Complaint - COMP-SLA-13210,Contaminated muddy water coming from municipal tap supply,water,DEPT_WATER,2025-05-25T00:11:00,0,6,5,1,0,1.0,CRITICAL,0.1,0.1,0.1,0.7,1,4,5.9,0.059,0,13.216784,80.175828,8,0,8.41,1
COMP-SLA-10239,Roads Complaint - COMP-SLA-10239,Deep crater formed after rains near public school gate,roads,DEPT_ROADS,2025-06-14T23:31:00,23,5,6,1,0,6.0,HIGH,0.1,0.1,0.7,0.1,1,2,33.46,0.3346,0,13.070949,80.340532,9,2,15.56,1
COMP-SLA-13698,Drainage Complaint - COMP-SLA-13698,Foul stench and black water coming from open drainage pipe,drainage,DEPT_DRAINAGE,2025-05-09T13:59:00,13,4,5,0,1,3.0,HIGH,0.1,0.1,0.7,0.1,8,32,61.29,0.6129,1,13.085642,80.369411,10,0,11.18,1
COMP-SLA-12024,Roads Complaint - COMP-SLA-12024,Road surface cracked and unpaved causing risk for two-wheelers,roads,DEPT_ROADS,2025-02-01T20:35:00,20,5,2,1,0,3.0,CRITICAL,0.1,0.1,0.1,0.7,1,4,62.7,0.627,1,13.029888,80.124766,9,0,11.82,1
COMP-SLA-13419,Garbage Complaint - COMP-SLA-13419,Minor littering near bus shelter,garbage,DEPT_SANITATION,2025-06-14T09:39:00,9,5,6,1,0,18.0,LOW,0.7,0.1,0.1,0.1,1,2,19.38,0.1938,0,13.217076,80.299934,5,0,14.84,0
COMP-SLA-11236,Water Complaint - COMP-SLA-11236,Minor leak near public water standpost,water,DEPT_WATER,2025-01-10T11:01:00,11,4,1,0,1,6.0,LOW,0.7,0.1,0.1,0.1,1,2,67.04,0.6704,1,13.116576,80.334693,6,0,4.43,0
COMP-SLA-12023,Other Complaint - COMP-SLA-12023,Unsanitary public toilet conditions in central market,other,DEPT_GENERAL,2025-03-11T12:43:00,12,1,3,0,1,6.0,HIGH,0.1,0.1,0.7,0.1,1,4,78.63,0.7863,1,13.170595,80.203434,7,0,17.61,1
COMP-SLA-11513,Roads Complaint - COMP-SLA-11513,Road cave-in reported on highway access lane,roads,DEPT_ROADS,2025-05-28T11:47:00,11,2,5,0,1,12.0,MEDIUM,0.1,0.7,0.1,0.1,1,6,10.11,0.1011,0,13.0551,80.34617,7,0,26.15,1
COMP-SLA-11076,Streetlights Complaint - COMP-SLA-11076,Sparking electrical transformer near residential area,streetlights,DEPT_ELECTRICITY,2025-06-14T18:00:00,18,5,6,1,0,4.0,MEDIUM,0.1,0.7,0.1,0.1,2,2,79.96,0.7996,1,13.206193,80.20601,6,1,22.03,1
COMP-SLA-12659,Infrastructure Complaint - COMP-SLA-12659,Damaged bus shelter roof leaning precariously,infrastructure,DEPT_WORKS,2025-01-31T00:19:00,0,4,1,0,0,12.0,HIGH,0.1,0.1,0.7,0.1,1,4,0.55,0.0055,0,13.054739,80.162127,6,0,11.79,0
COMP-SLA-12497,Streetlights Complaint - COMP-SLA-12497,Entire street light network down making dark alley unsafe at night,streetlights,DEPT_ELECTRICITY,2025-04-20T00:47:00,0,6,4,1,0,2.0,HIGH,0.1,0.1,0.7,0.1,1,5,35.79,0.3579,0,13.125548,80.337471,11,0,12.77,1
COMP-SLA-13816,Roads Complaint - COMP-SLA-13816,Deep crater formed after rains near public school gate,roads,DEPT_ROADS,2025-02-03T15:30:00,15,0,2,0,1,12.0,MEDIUM,0.1,0.7,0.1,0.1,1,3,41.44,0.4144,0,13.12158,80.186884,9,2,7.24,0
COMP-SLA-11072,Roads Complaint - COMP-SLA-11072,Massive pothole causing severe traffic delay near main intersection,roads,DEPT_ROADS,2025-03-23T22:00:00,22,6,3,1,0,6.0,HIGH,0.1,0.1,0.7,0.1,1,3,53.91,0.5391,0,13.147741,80.184832,9,0,14.1,1
COMP-SLA-13910,Water Complaint - COMP-SLA-13910,Main pipeline burst wasting thousands of liters of clean water,water,DEPT_WATER,2025-04-18T23:47:00,23,4,4,0,0,1.0,CRITICAL,0.1,0.1,0.1,0.7,1,5,2.52,0.0252,0,13.109801,80.15497,10,1,10.54,1
COMP-SLA-10133,Other Complaint - COMP-SLA-10133,Stray dog menace near elementary school playground,other,DEPT_GENERAL,2025-06-03T01:00:00,1,1,6,0,0,3.0,CRITICAL,0.1,0.1,0.1,0.7,8,24,72.9,0.729,1,12.994027,80.404297,7,1,12.87,1
COMP-SLA-12464,Other Complaint - COMP-SLA-12464,Unauthorized hawker encroachment blocking shop entrance,other,DEPT_GENERAL,2025-05-11T21:22:00,21,6,5,1,0,12.0,MEDIUM,0.1,0.7,0.1,0.1,8,24,89.66,0.8966,1,13.122988,80.358858,6,1,29.04,1
COMP-SLA-12160,Water Complaint - COMP-SLA-12160,Minor leak near public water standpost,water,DEPT_WATER,2025-01-21T18:15:00,18,1,1,0,1,6.0,LOW,0.7,0.1,0.1,0.1,1,3,79.26,0.7926,1,13.115626,80.416452,6,0,13.47,1
COMP-SLA-13385,Water Complaint - COMP-SLA-13385,Contaminated muddy water coming from municipal tap supply,water,DEPT_WATER,2025-01-21T22:23:00,22,1,1,0,0,2.0,HIGH,0.1,0.1,0.7,0.1,1,3,56.42,0.5642,0,12.939557,80.170194,8,0,11.62,1
COMP-SLA-13330,Streetlights Complaint - COMP-SLA-13330,Live high-voltage electric wire hanging dangerously low near school,streetlights,DEPT_ELECTRICITY,2025-04-23T05:34:00,5,2,4,0,0,1.0,CRITICAL,0.1,0.1,0.1,0.7,1,4,20.35,0.2035,0,12.966522,80.214182,9,2,13.69,1
COMP-SLA-10904,Roads Complaint - COMP-SLA-10904,Minor tar peeling on residential side street,roads,DEPT_ROADS,2025-04-15T01:58:00,1,1,4,0,0,18.0,LOW,0.7,0.1,0.1,0.1,1,4,15.42,0.1542,0,12.970043,80.400339,7,0,24.59,1
COMP-SLA-10830,Water Complaint - COMP-SLA-10830,Minor leak near public water standpost,water,DEPT_WATER,2025-01-17T18:08:00,18,4,1,0,1,6.0,LOW,0.7,0.1,0.1,0.1,8,16,88.69,0.8869,1,13.156492,80.158929,6,0,13.73,1
COMP-SLA-11109,Garbage Complaint - COMP-SLA-11109,Illegal dumping of commercial debris in public park,garbage,DEPT_SANITATION,2025-01-23T22:17:00,22,3,1,0,0,12.0,MEDIUM,0.1,0.7,0.1,0.1,1,1,41.04,0.4104,0,12.975493,80.340616,8,0,16.91,1
COMP-SLA-10719,Streetlights Complaint - COMP-SLA-10719,Live high-voltage electric wire hanging dangerously low near school,streetlights,DEPT_ELECTRICITY,2025-04-20T06:22:00,6,6,4,1,0,1.0,CRITICAL,0.1,0.1,0.1,0.7,1,3,28.68,0.2868,0,13.171396,80.316161,9,2,8.42,1
COMP-SLA-12546,Streetlights Complaint - COMP-SLA-12546,Entire street light network down making dark alley unsafe at night,streetlights,DEPT_ELECTRICITY,2025-01-17T08:59:00,8,4,1,0,1,2.0,HIGH,0.1,0.1,0.7,0.1,1,3,70.2,0.702,1,13.041059,80.234091,11,0,7.06,1
COMP-SLA-11221,Garbage Complaint - COMP-SLA-11221,Overflowing community dump bin spilling onto main road,garbage,DEPT_SANITATION,2025-05-15T22:53:00,22,3,5,0,0,6.0,HIGH,0.1,0.1,0.7,0.1,1,4,17.03,0.1703,0,13.074861,80.216006,8,1,17.33,1
COMP-SLA-12789,Garbage Complaint - COMP-SLA-12789,Illegal dumping of commercial debris in public park,garbage,DEPT_SANITATION,2025-04-18T19:30:00,19,4,4,0,0,6.0,HIGH,0.1,0.1,0.7,0.1,1,1,32.15,0.3215,0,12.97523,80.239328,8,0,22.7,1
COMP-SLA-10756,Other Complaint - COMP-SLA-10756,General inquiry regarding municipal service timing,other,DEPT_GENERAL,2025-04-17T02:15:00,2,3,4,0,0,18.0,LOW,0.7,0.1,0.1,0.1,1,3,84.3,0.843,1,13.163176,80.323773,6,0,36.8,1
COMP-SLA-10970,Water Complaint - COMP-SLA-10970,Low water pressure in residential high-rise complex,water,DEPT_WATER,2025-05-05T00:09:00,0,0,5,0,0,4.0,MEDIUM,0.1,0.7,0.1,0.1,1,3,44.72,0.4472,0,13.163534,80.19574,7,0,8.8,1
COMP-SLA-12335,Water Complaint - COMP-SLA-12335,Main pipeline burst wasting thousands of liters of clean water,water,DEPT_WATER,2025-02-20T13:07:00,13,3,2,0,1,2.0,HIGH,0.1,0.1,0.7,0.1,1,3,58.64,0.5864,0,12.936429,80.401757,10,1,0.2,0
COMP-SLA-12286,Water Complaint - COMP-SLA-12286,Contaminated muddy water coming from municipal tap supply,water,DEPT_WATER,2025-01-27T03:48:00,3,0,1,0,0,1.0,CRITICAL,0.1,0.1,0.1,0.7,1,4,35.24,0.3524,0,12.955203,80.260137,8,0,8.49,1
COMP-SLA-11346,Drainage Complaint - COMP-SLA-11346,Foul stench and black water coming from open drainage pipe,drainage,DEPT_DRAINAGE,2025-02-11T00:31:00,0,1,2,0,0,6.0,MEDIUM,0.1,0.7,0.1,0.1,1,3,35.45,0.3545,0,12.993923,80.241796,10,0,12.55,1
COMP-SLA-13648,Roads Complaint - COMP-SLA-13648,Massive pothole causing severe traffic delay near main intersection,roads,DEPT_ROADS,2025-01-01T05:10:00,5,2,1,0,0,6.0,HIGH,0.1,0.1,0.7,0.1,1,1,32.11,0.3211,0,13.02002,80.152708,9,0,10.19,1
COMP-SLA-11374,Drainage Complaint - COMP-SLA-11374,Slow drainage runoff on commercial market road,drainage,DEPT_DRAINAGE,2025-06-05T16:55:00,16,3,6,0,1,6.0,MEDIUM,0.1,0.7,0.1,0.1,1,5,57.16,0.5716,0,13.210273,80.235476,7,0,2.85,0
COMP-SLA-13071,Streetlights Complaint - COMP-SLA-13071,Flickering streetlight fixture on main road,streetlights,DEPT_ELECTRICITY,2025-05-18T19:13:00,19,6,5,1,0,4.0,MEDIUM,0.1,0.7,0.1,0.1,5,5,85.1,0.851,1,12.944179,80.360475,6,0,17.84,1
COMP-SLA-10367,Garbage Complaint - COMP-SLA-10367,Minor littering near bus shelter,garbage,DEPT_SANITATION,2025-05-30T03:00:00,3,4,5,0,0,12.0,MEDIUM,0.1,0.7,0.1,0.1,1,5,80.11,0.8011,1,13.086154,80.319407,5,0,43.42,1
COMP-SLA-11445,Garbage Complaint - COMP-SLA-11445,Illegal dumping of commercial debris in public park,garbage,DEPT_SANITATION,2025-05-30T18:11:00,18,4,5,0,1,6.0,HIGH,0.1,0.1,0.7,0.1,1,6,46.72,0.4672,0,13.0669,80.126657,8,0,8.51,1
COMP-SLA-13860,Garbage Complaint - COMP-SLA-13860,Uncollected garbage pile attracting stray animals near hospital gate,garbage,DEPT_SANITATION,2025-05-04T05:02:00,5,6,5,1,0,3.0,CRITICAL,0.1,0.1,0.1,0.7,1,1,33.03,0.3303,0,13.182823,80.17558,9,1,16.74,1
COMP-SLA-12630,Streetlights Complaint - COMP-SLA-12630,Single street lamp bulb burnt out on quiet street,streetlights,DEPT_ELECTRICITY,2025-01-04T05:17:00,5,5,1,1,0,4.0,MEDIUM,0.1,0.7,0.1,0.1,1,2,22.72,0.2272,0,12.982063,80.256354,9,0,7.59,1
COMP-SLA-10135,Drainage Complaint - COMP-SLA-10135,Overflowing sewage line flooding residential street and homes,drainage,DEPT_DRAINAGE,2025-01-05T14:58:00,14,6,1,1,0,1.5,CRITICAL,0.1,0.1,0.1,0.7,1,4,40.78,0.4078,0,12.956059,80.214618,8,2,14.1,1
COMP-SLA-11405,Streetlights Complaint - COMP-SLA-11405,Single street lamp bulb burnt out on quiet street,streetlights,DEPT_ELECTRICITY,2025-04-23T22:54:00,22,2,4,0,0,6.0,LOW,0.7,0.1,0.1,0.1,1,4,14.14,0.1414,0,13.196602,80.173948,9,0,8.88,1
COMP-SLA-12958,Water Complaint - COMP-SLA-12958,Main pipeline burst wasting thousands of liters of clean water,water,DEPT_WATER,2025-05-20T13:44:00,13,1,5,0,1,1.0,CRITICAL,0.1,0.1,0.1,0.7,1,6,29.7,0.297,0,13.111915,80.403948,10,1,1.38,1
COMP-SLA-11753,Garbage Complaint - COMP-SLA-11753,Minor littering near bus shelter,garbage,DEPT_SANITATION,2025-02-09T04:20:00,4,6,2,1,0,12.0,MEDIUM,0.1,0.7,0.1,0.1,1,6,94.45,0.9445,1,13.087535,80.179546,5,0,15.51,1
COMP-SLA-12802,Drainage Complaint - COMP-SLA-12802,Open manhole cover on main sidewalk presents fatal hazard,drainage,DEPT_DRAINAGE,2025-02-02T16:10:00,16,6,2,1,0,6.0,MEDIUM,0.1,0.7,0.1,0.1,1,1,18.3,0.183,0,13.01693,80.157923,9,2,19.38,1
COMP-SLA-10585,Water Complaint - COMP-SLA-10585,Main pipeline burst wasting thousands of liters of clean water,water,DEPT_WATER,2025-04-09T01:05:00,1,2,4,0,0,2.0,HIGH,0.1,0.1,0.7,0.1,1,5,56.63,0.5663,0,13.06064,80.174395,10,1,11.7,1
COMP-SLA-11789,Water Complaint - COMP-SLA-11789,Minor leak near public water standpost,water,DEPT_WATER,2025-03-02T05:20:00,5,6,3,1,0,6.0,LOW,0.7,0.1,0.1,0.1,1,5,23.23,0.2323,0,13.128696,80.331441,6,0,12.85,1
COMP-SLA-11018,Garbage Complaint - COMP-SLA-11018,Uncollected garbage pile attracting stray animals near hospital gate,garbage,DEPT_SANITATION,2025-01-29T04:03:00,4,2,1,0,0,3.0,CRITICAL,0.1,0.1,0.1,0.7,3,6,71.36,0.7136,1,13.197047,80.130336,9,1,12.87,1
COMP-SLA-13436,Infrastructure Complaint - COMP-SLA-13436,Pedestrian footbridge concrete pillar showing structural cracks,infrastructure,DEPT_WORKS,2025-06-08T11:29:00,11,6,6,1,0,6.0,CRITICAL,0.1,0.1,0.1,0.7,1,4,42.09,0.4209,0,13.211674,80.419744,7,0,7.86,1
COMP-SLA-10033,Streetlights Complaint - COMP-SLA-10033,Entire street light network down making dark alley unsafe at night,streetlights,DEPT_ELECTRICITY,2025-01-30T03:47:00,3,3,1,0,0,1.0,CRITICAL,0.1,0.1,0.1,0.7,1,6,57.46,0.5746,0,13.098667,80.202404,11,0,7.48,1
COMP-SLA-12380,Other Complaint - COMP-SLA-12380,Unauthorized hawker encroachment blocking shop entrance,other,DEPT_GENERAL,2025-01-21T05:00:00,5,1,1,0,0,12.0,MEDIUM,0.1,0.7,0.1,0.1,5,10,62.88,0.6288,1,13.153435,80.209271,6,1,28.88,1
COMP-SLA-13356,Garbage Complaint - COMP-SLA-13356,Minor littering near bus shelter,garbage,DEPT_SANITATION,2025-02-17T07:31:00,7,0,2,0,0,12.0,MEDIUM,0.1,0.7,0.1,0.1,3,18,92.2,0.922,1,13.232697,80.321432,5,0,19.43,1
COMP-SLA-11776,Streetlights Complaint - COMP-SLA-11776,Live high-voltage electric wire hanging dangerously low near school,streetlights,DEPT_ELECTRICITY,2025-03-29T15:02:00,15,5,3,1,0,1.0,CRITICAL,0.1,0.1,0.1,0.7,1,6,40.44,0.4044,0,13.089236,80.310725,9,2,6.09,1
COMP-SLA-13047,Drainage Complaint - COMP-SLA-13047,Slow drainage runoff on commercial market road,drainage,DEPT_DRAINAGE,2025-02-25T10:39:00,10,1,2,0,1,9.0,LOW,0.7,0.1,0.1,0.1,1,3,42.6,0.426,0,13.090946,80.341789,7,0,3.46,0
COMP-SLA-12677,Garbage Complaint - COMP-SLA-12677,Minor littering near bus shelter,garbage,DEPT_SANITATION,2025-01-20T21:13:00,21,0,1,0,0,12.0,MEDIUM,0.1,0.7,0.1,0.1,1,3,60.26,0.6026,1,13.182791,80.17798,5,0,16.31,1
COMP-SLA-13631,Streetlights Complaint - COMP-SLA-13631,Flickering streetlight fixture on main road,streetlights,DEPT_ELECTRICITY,2025-06-14T20:03:00,20,5,6,1,0,2.0,HIGH,0.1,0.1,0.7,0.1,2,12,65.81,0.6581,1,13.02758,80.410331,6,0,17.84,1
COMP-SLA-12294,Streetlights Complaint - COMP-SLA-12294,Single street lamp bulb burnt out on quiet street,streetlights,DEPT_ELECTRICITY,2025-05-19T07:36:00,7,0,5,0,0,6.0,LOW,0.7,0.1,0.1,0.1,1,1,88.31,0.8831,1,12.942453,80.24001,9,0,12.71,1
COMP-SLA-12699,Water Complaint - COMP-SLA-12699,Minor leak near public water standpost,water,DEPT_WATER,2025-02-08T05:59:00,5,5,2,1,0,4.0,MEDIUM,0.1,0.7,0.1,0.1,1,6,13.15,0.1315,0,13.179936,80.205165,6,0,11.96,1
COMP-SLA-11867,Streetlights Complaint - COMP-SLA-11867,Single street lamp bulb burnt out on quiet street,streetlights,DEPT_ELECTRICITY,2025-01-15T21:49:00,21,2,1,0,0,6.0,LOW,0.7,0.1,0.1,0.1,2,12,66.21,0.6621,1,13.076027,80.229095,9,0,7.31,1
COMP-SLA-13833,Water Complaint - COMP-SLA-13833,No water supply for last 48 hours in entire neighborhood block,water,DEPT_WATER,2025-04-01T20:50:00,20,1,4,0,0,2.0,HIGH,0.1,0.1,0.7,0.1,3,9,81.29,0.8129,1,13.224341,80.321746,11,0,22.44,1
COMP-SLA-11367,Drainage Complaint - COMP-SLA-11367,Open manhole cover on main sidewalk presents fatal hazard,drainage,DEPT_DRAINAGE,2025-05-30T21:09:00,21,4,5,0,0,6.0,MEDIUM,0.1,0.7,0.1,0.1,1,3,26.17,0.2617,0,12.994449,80.163423,9,2,9.39,1
COMP-SLA-11581,Infrastructure Complaint - COMP-SLA-11581,Pedestrian footbridge concrete pillar showing structural cracks,infrastructure,DEPT_WORKS,2025-02-09T12:21:00,12,6,2,1,0,12.0,HIGH,0.1,0.1,0.7,0.1,1,2,68.64,0.6864,1,13.130885,80.252658,7,0,15.13,1
COMP-SLA-11663,Water Complaint - COMP-SLA-11663,Main pipeline burst wasting thousands of liters of clean water,water,DEPT_WATER,2025-04-17T03:27:00,3,3,4,0,0,2.0,HIGH,0.1,0.1,0.7,0.1,1,5,25.28,0.2528,0,13.001477,80.36448,10,1,14.66,1
COMP-SLA-10889,Other Complaint - COMP-SLA-10889,General inquiry regarding municipal service timing,other,DEPT_GENERAL,2025-01-12T02:56:00,2,6,1,1,0,12.0,MEDIUM,0.1,0.7,0.1,0.1,1,1,56.89,0.5689,0,12.998268,80.21116,6,0,12.01,1
COMP-SLA-11673,Other Complaint - COMP-SLA-11673,General inquiry regarding municipal service timing,other,DEPT_GENERAL,2025-01-22T22:12:00,22,2,1,0,0,18.0,LOW,0.7,0.1,0.1,0.1,1,5,41.7,0.417,0,13.076934,80.362312,6,0,36.0,1
COMP-SLA-12341,Garbage Complaint - COMP-SLA-12341,Foul smell from uncleared waste bin near apartment entrance,garbage,DEPT_SANITATION,2025-03-10T08:04:00,8,0,3,0,1,6.0,HIGH,0.1,0.1,0.7,0.1,1,4,25.52,0.2552,0,13.163275,80.171165,9,0,5.84,0
COMP-SLA-12231,Streetlights Complaint - COMP-SLA-12231,Sparking electrical transformer near residential area,streetlights,DEPT_ELECTRICITY,2025-03-08T09:24:00,9,5,3,1,0,4.0,MEDIUM,0.1,0.7,0.1,0.1,1,2,29.02,0.2902,0,13.150322,80.411894,6,1,16.74,1
COMP-SLA-12105,Streetlights Complaint - COMP-SLA-12105,Single street lamp bulb burnt out on quiet street,streetlights,DEPT_ELECTRICITY,2025-02-11T14:48:00,14,1,2,0,1,4.0,MEDIUM,0.1,0.7,0.1,0.1,1,5,21.58,0.2158,0,13.063544,80.19392,9,0,4.41,1
COMP-SLA-12742,Streetlights Complaint - COMP-SLA-12742,Single street lamp bulb burnt out on quiet street,streetlights,DEPT_ELECTRICITY,2025-04-01T16:12:00,16,1,4,0,1,4.0,MEDIUM,0.1,0.7,0.1,0.1,1,3,48.13,0.4813,0,13.132577,80.382474,9,0,0.72,0
COMP-SLA-10230,Infrastructure Complaint - COMP-SLA-10230,Collapsed public park boundary wall blocking walkway,infrastructure,DEPT_WORKS,2025-04-07T05:48:00,5,0,4,0,0,6.0,CRITICAL,0.1,0.1,0.1,0.7,1,6,21.41,0.2141,0,13.094078,80.19299,7,2,9.63,1
COMP-SLA-11469,Infrastructure Complaint - COMP-SLA-11469,Damaged bus shelter roof leaning precariously,infrastructure,DEPT_WORKS,2025-02-18T15:38:00,15,1,2,0,1,24.0,MEDIUM,0.1,0.7,0.1,0.1,1,4,90.0,0.9,1,13.149819,80.250557,6,0,42.19,1
COMP-SLA-12997,Roads Complaint - COMP-SLA-12997,Road surface cracked and unpaved causing risk for two-wheelers,roads,DEPT_ROADS,2025-06-13T15:48:00,15,4,6,0,1,6.0,HIGH,0.1,0.1,0.7,0.1,1,5,16.82,0.1682,0,13.0036,80.188994,9,0,0.72,0
COMP-SLA-10171,Garbage Complaint - COMP-SLA-10171,Uncollected garbage pile attracting stray animals near hospital gate,garbage,DEPT_SANITATION,2025-06-05T21:50:00,21,3,6,0,0,6.0,HIGH,0.1,0.1,0.7,0.1,1,6,22.42,0.2242,0,13.064152,80.158569,9,1,12.42,1
COMP-SLA-13454,Garbage Complaint - COMP-SLA-13454,Illegal dumping of commercial debris in public park,garbage,DEPT_SANITATION,2025-02-02T13:13:00,13,6,2,1,0,6.0,HIGH,0.1,0.1,0.7,0.1,1,5,49.65,0.4965,0,13.162873,80.210852,8,0,7.4,1
COMP-SLA-12488,Garbage Complaint - COMP-SLA-12488,Minor littering near bus shelter,garbage,DEPT_SANITATION,2025-02-04T08:21:00,8,1,2,0,1,12.0,MEDIUM,0.1,0.7,0.1,0.1,1,3,10.4,0.104,0,13.22971,80.287272,5,0,16.73,1
COMP-SLA-14102,Other Complaint - COMP-SLA-14102,Unsanitary public toilet conditions in central market,other,DEPT_GENERAL,2025-03-03T03:03:00,3,0,3,0,0,6.0,HIGH,0.1,0.1,0.7,0.1,2,10,73.67,0.7367,1,13.150675,80.214405,7,0,16.7,1
COMP-SLA-13094,Other Complaint - COMP-SLA-13094,General inquiry regarding municipal service timing,other,DEPT_GENERAL,2025-03-28T02:26:00,2,4,3,0,0,18.0,LOW,0.7,0.1,0.1,0.1,1,1,51.52,0.5152,0,13.053464,80.133733,6,0,35.57,1
COMP-SLA-12030,Other Complaint - COMP-SLA-12030,Unauthorized hawker encroachment blocking shop entrance,other,DEPT_GENERAL,2025-02-04T23:42:00,23,1,2,0,0,12.0,MEDIUM,0.1,0.7,0.1,0.1,3,6,89.38,0.8938,1,12.959642,80.212944,6,1,25.02,1
COMP-SLA-10512,Roads Complaint - COMP-SLA-10512,Minor tar peeling on residential side street,roads,DEPT_ROADS,2025-02-17T00:39:00,0,0,2,0,0,12.0,MEDIUM,0.1,0.7,0.1,0.1,1,6,22.68,0.2268,0,13.189749,80.353505,7,0,9.18,0
COMP-SLA-13367,Other Complaint - COMP-SLA-13367,Unauthorized hawker encroachment blocking shop entrance,other,DEPT_GENERAL,2025-06-23T08:05:00,8,0,6,0,1,6.0,HIGH,0.1,0.1,0.7,0.1,1,4,47.7,0.477,0,13.164724,80.273649,6,1,1.65,0
COMP-SLA-10577,Garbage Complaint - COMP-SLA-10577,Illegal dumping of commercial debris in public park,garbage,DEPT_SANITATION,2025-03-19T06:33:00,6,2,3,0,0,6.0,HIGH,0.1,0.1,0.7,0.1,8,16,74.57,0.7457,1,13.023395,80.154369,8,0,19.56,1
COMP-SLA-12926,Other Complaint - COMP-SLA-12926,Unauthorized hawker encroachment blocking shop entrance,other,DEPT_GENERAL,2025-03-23T02:49:00,2,6,3,1,0,6.0,HIGH,0.1,0.1,0.7,0.1,1,1,29.51,0.2951,0,13.040157,80.313098,6,1,19.87,1
COMP-SLA-10786,Drainage Complaint - COMP-SLA-10786,Slow drainage runoff on commercial market road,drainage,DEPT_DRAINAGE,2025-01-26T04:41:00,4,6,1,1,0,6.0,MEDIUM,0.1,0.7,0.1,0.1,1,2,11.68,0.1168,0,13.041821,80.366448,7,0,18.43,1
COMP-SLA-11097,Streetlights Complaint - COMP-SLA-11097,Live high-voltage electric wire hanging dangerously low near school,streetlights,DEPT_ELECTRICITY,2025-04-20T10:01:00,10,6,4,1,0,1.0,CRITICAL,0.1,0.1,0.1,0.7,1,6,7.31,0.0731,0,12.985955,80.19985,9,2,11.78,1
COMP-SLA-13389,Roads Complaint - COMP-SLA-13389,Deep crater formed after rains near public school gate,roads,DEPT_ROADS,2025-01-01T07:33:00,7,2,1,0,0,12.0,MEDIUM,0.1,0.7,0.1,0.1,2,4,81.37,0.8137,1,13.033185,80.213826,9,2,9.81,0
COMP-SLA-13794,Other Complaint - COMP-SLA-13794,Unsanitary public toilet conditions in central market,other,DEPT_GENERAL,2025-06-27T01:26:00,1,4,6,0,0,3.0,CRITICAL,0.1,0.1,0.1,0.7,2,12,78.55,0.7855,1,13.199823,80.17175,7,0,14.3,1
COMP-SLA-11516,Water Complaint - COMP-SLA-11516,Main pipeline burst wasting thousands of liters of clean water,water,DEPT_WATER,2025-01-08T09:07:00,9,2,1,0,1,2.0,HIGH,0.1,0.1,0.7,0.1,1,3,64.65,0.6465,1,12.994826,80.368997,10,1,4.73,1
COMP-SLA-10046,Water Complaint - COMP-SLA-10046,Minor leak near public water standpost,water,DEPT_WATER,2025-04-14T17:53:00,17,0,4,0,1,4.0,MEDIUM,0.1,0.7,0.1,0.1,1,5,40.84,0.4084,0,12.932822,80.206774,6,0,3.04,0
COMP-SLA-10507,Garbage Complaint - COMP-SLA-10507,Minor littering near bus shelter,garbage,DEPT_SANITATION,2025-04-06T02:15:00,2,6,4,1,0,18.0,LOW,0.7,0.1,0.1,0.1,1,6,58.77,0.5877,0,12.98001,80.14812,5,0,35.07,1
COMP-SLA-12179,Drainage Complaint - COMP-SLA-12179,Open manhole cover on main sidewalk presents fatal hazard,drainage,DEPT_DRAINAGE,2025-06-27T21:55:00,21,4,6,0,0,3.0,HIGH,0.1,0.1,0.7,0.1,3,6,87.39,0.8739,1,13.114744,80.410257,9,2,13.44,1
COMP-SLA-11208,Water Complaint - COMP-SLA-11208,Minor leak near public water standpost,water,DEPT_WATER,2025-01-25T23:37:00,23,5,1,1,0,6.0,LOW,0.7,0.1,0.1,0.1,1,3,57.54,0.5754,0,13.170486,80.178985,6,0,14.33,1
COMP-SLA-10044,Drainage Complaint - COMP-SLA-10044,Open manhole cover on main sidewalk presents fatal hazard,drainage,DEPT_DRAINAGE,2025-06-20T10:39:00,10,4,6,0,1,6.0,MEDIUM,0.1,0.7,0.1,0.1,1,5,68.38,0.6838,1,13.026875,80.375105,9,2,13.94,1
COMP-SLA-13518,Water Complaint - COMP-SLA-13518,Contaminated muddy water coming from municipal tap supply,water,DEPT_WATER,2025-04-16T16:28:00,16,2,4,0,1,1.0,CRITICAL,0.1,0.1,0.1,0.7,1,1,47.98,0.4798,0,12.935394,80.3957,8,0,0.34,0
COMP-SLA-11323,Other Complaint - COMP-SLA-11323,Unsanitary public toilet conditions in central market,other,DEPT_GENERAL,2025-06-26T22:31:00,22,3,6,0,0,3.0,CRITICAL,0.1,0.1,0.1,0.7,1,1,55.68,0.5568,0,13.007654,80.416779,7,0,9.33,1
COMP-SLA-12986,Water Complaint - COMP-SLA-12986,Contaminated muddy water coming from municipal tap supply,water,DEPT_WATER,2025-04-19T18:47:00,18,5,4,1,0,2.0,HIGH,0.1,0.1,0.7,0.1,2,6,67.24,0.6724,1,13.211467,80.128225,8,0,21.79,1
COMP-SLA-12770,Streetlights Complaint - COMP-SLA-12770,Live high-voltage electric wire hanging dangerously low near school,streetlights,DEPT_ELECTRICITY,2025-06-15T09:15:00,9,6,6,1,0,2.0,HIGH,0.1,0.1,0.7,0.1,1,1,21.38,0.2138,0,13.063464,80.305211,9,2,14.46,1
COMP-SLA-12290,Roads Complaint - COMP-SLA-12290,Minor tar peeling on residential side street,roads,DEPT_ROADS,2025-01-25T08:11:00,8,5,1,1,0,18.0,LOW,0.7,0.1,0.1,0.1,1,4,78.74,0.7874,1,13.136282,80.201291,7,0,19.42,1
COMP-SLA-14013,Drainage Complaint - COMP-SLA-14013,Foul stench and black water coming from open drainage pipe,drainage,DEPT_DRAINAGE,2025-03-14T07:54:00,7,4,3,0,0,3.0,HIGH,0.1,0.1,0.7,0.1,5,5,77.93,0.7793,1,13.053265,80.292437,10,0,17.55,1
COMP-SLA-10552,Infrastructure Complaint - COMP-SLA-10552,Broken railing on canal overbridge,infrastructure,DEPT_WORKS,2025-04-28T07:27:00,7,0,4,0,0,12.0,HIGH,0.1,0.1,0.7,0.1,2,12,69.86,0.6986,1,13.05416,80.133248,5,0,28.86,1
COMP-SLA-12837,Drainage Complaint - COMP-SLA-12837,Slow drainage runoff on commercial market road,drainage,DEPT_DRAINAGE,2025-03-11T13:12:00,13,1,3,0,1,9.0,LOW,0.7,0.1,0.1,0.1,1,5,49.15,0.4915,0,12.993172,80.210672,7,0,31.49,1
COMP-SLA-11234,Drainage Complaint - COMP-SLA-11234,Foul stench and black water coming from open drainage pipe,drainage,DEPT_DRAINAGE,2025-06-05T08:02:00,8,3,6,0,1,6.0,MEDIUM,0.1,0.7,0.1,0.1,1,6,37.84,0.3784,0,13.126865,80.313202,10,0,0.2,0
COMP-SLA-10252,Other Complaint - COMP-SLA-10252,Unsanitary public toilet conditions in central market,other,DEPT_GENERAL,2025-03-05T22:04:00,22,2,3,0,0,3.0,CRITICAL,0.1,0.1,0.1,0.7,5,10,67.61,0.6761,1,12.957311,80.166966,7,0,17.74,1
COMP-SLA-13810,Drainage Complaint - COMP-SLA-13810,Open manhole cover on main sidewalk presents fatal hazard,drainage,DEPT_DRAINAGE,2025-06-11T07:38:00,7,2,6,0,0,6.0,MEDIUM,0.1,0.7,0.1,0.1,1,2,3.46,0.0346,0,12.996341,80.324134,9,2,7.11,1
COMP-SLA-13745,Other Complaint - COMP-SLA-13745,Stray dog menace near elementary school playground,other,DEPT_GENERAL,2025-02-01T00:22:00,0,5,2,1,0,6.0,HIGH,0.1,0.1,0.7,0.1,1,5,82.6,0.826,1,12.934665,80.161457,7,1,14.19,1
COMP-SLA-10844,Water Complaint - COMP-SLA-10844,Main pipeline burst wasting thousands of liters of clean water,water,DEPT_WATER,2025-05-10T17:54:00,17,5,5,1,0,2.0,HIGH,0.1,0.1,0.7,0.1,5,10,92.77,0.9277,1,12.949082,80.223845,10,1,24.12,1
COMP-SLA-13898,Infrastructure Complaint - COMP-SLA-13898,Broken railing on canal overbridge,infrastructure,DEPT_WORKS,2025-03-07T22:21:00,22,4,3,0,0,24.0,MEDIUM,0.1,0.7,0.1,0.1,1,2,20.12,0.2012,0,12.985816,80.3828,5,0,42.06,1
COMP-SLA-10911,Roads Complaint - COMP-SLA-10911,Road cave-in reported on highway access lane,roads,DEPT_ROADS,2025-02-15T11:11:00,11,5,2,1,0,12.0,MEDIUM,0.1,0.7,0.1,0.1,1,1,17.29,0.1729,0,13.143914,80.180106,7,0,16.0,1
COMP-SLA-13346,Other Complaint - COMP-SLA-13346,Unauthorized hawker encroachment blocking shop entrance,other,DEPT_GENERAL,2025-06-25T21:54:00,21,2,6,0,0,12.0,MEDIUM,0.1,0.7,0.1,0.1,1,5,1.21,0.0121,0,12.946555,80.147849,6,1,24.25,1
COMP-SLA-10326,Water Complaint - COMP-SLA-10326,Low water pressure in residential high-rise complex,water,DEPT_WATER,2025-01-09T19:39:00,19,3,1,0,0,4.0,MEDIUM,0.1,0.7,0.1,0.1,1,5,47.39,0.4739,0,13.117793,80.314884,7,0,12.54,1
COMP-SLA-12881,Water Complaint - COMP-SLA-12881,Contaminated muddy water coming from municipal tap supply,water,DEPT_WATER,2025-04-27T09:55:00,9,6,4,1,0,1.0,CRITICAL,0.1,0.1,0.1,0.7,1,5,17.86,0.1786,0,13.023434,80.159161,8,0,6.91,1
COMP-SLA-12527,Other Complaint - COMP-SLA-12527,General inquiry regarding municipal service timing,other,DEPT_GENERAL,2025-06-10T23:16:00,23,1,6,0,0,12.0,MEDIUM,0.1,0.7,0.1,0.1,1,4,75.72,0.7572,1,13.093963,80.295623,6,0,18.89,1
COMP-SLA-10464,Drainage Complaint - COMP-SLA-10464,Foul stench and black water coming from open drainage pipe,drainage,DEPT_DRAINAGE,2025-02-14T20:31:00,20,4,2,0,0,6.0,MEDIUM,0.1,0.7,0.1,0.1,8,40,62.4,0.624,1,13.064392,80.181212,10,0,16.14,1
COMP-SLA-12087,Roads Complaint - COMP-SLA-12087,Deep crater formed after rains near public school gate,roads,DEPT_ROADS,2025-01-05T13:05:00,13,6,1,1,0,12.0,MEDIUM,0.1,0.7,0.1,0.1,1,5,7.95,0.0795,0,13.198447,80.225487,9,2,6.27,0
COMP-SLA-12132,Water Complaint - COMP-SLA-12132,Main pipeline burst wasting thousands of liters of clean water,water,DEPT_WATER,2025-02-06T04:07:00,4,3,2,0,0,1.0,CRITICAL,0.1,0.1,0.1,0.7,1,4,56.75,0.5675,0,13.029782,80.223958,10,1,5.38,1
COMP-SLA-11175,Infrastructure Complaint - COMP-SLA-11175,Broken railing on canal overbridge,infrastructure,DEPT_WORKS,2025-05-26T04:59:00,4,0,5,0,0,24.0,MEDIUM,0.1,0.7,0.1,0.1,1,5,38.72,0.3872,0,13.093985,80.353634,5,0,27.55,1
COMP-SLA-10745,Garbage Complaint - COMP-SLA-10745,Minor littering near bus shelter,garbage,DEPT_SANITATION,2025-03-14T23:43:00,23,4,3,0,0,18.0,LOW,0.7,0.1,0.1,0.1,1,3,75.28,0.7528,1,12.989509,80.174811,5,0,20.5,1
COMP-SLA-13545,Garbage Complaint - COMP-SLA-13545,Foul smell from uncleared waste bin near apartment entrance,garbage,DEPT_SANITATION,2025-03-14T10:57:00,10,4,3,0,1,12.0,MEDIUM,0.1,0.7,0.1,0.1,1,3,52.0,0.52,0,13.041956,80.415682,9,0,16.8,1
COMP-SLA-11843,Drainage Complaint - COMP-SLA-11843,Open manhole cover on main sidewalk presents fatal hazard,drainage,DEPT_DRAINAGE,2025-05-14T16:47:00,16,2,5,0,1,3.0,HIGH,0.1,0.1,0.7,0.1,1,5,41.83,0.4183,0,13.210831,80.292026,9,2,1.22,0
COMP-SLA-11039,Garbage Complaint - COMP-SLA-11039,Overflowing community dump bin spilling onto main road,garbage,DEPT_SANITATION,2025-02-24T00:48:00,0,0,2,0,0,6.0,HIGH,0.1,0.1,0.7,0.1,1,2,60.39,0.6039,1,13.137801,80.201654,8,1,9.41,1
COMP-SLA-12415,Other Complaint - COMP-SLA-12415,Unsanitary public toilet conditions in central market,other,DEPT_GENERAL,2025-05-31T12:25:00,12,5,5,1,0,6.0,HIGH,0.1,0.1,0.7,0.1,1,2,70.15,0.7015,1,13.163384,80.350854,7,0,19.59,1
COMP-SLA-13012,Drainage Complaint - COMP-SLA-13012,Clogged storm drain causing severe waterlogging during rain,drainage,DEPT_DRAINAGE,2025-04-23T17:56:00,17,2,4,0,1,1.5,CRITICAL,0.1,0.1,0.1,0.7,1,1,56.88,0.5688,0,13.050236,80.354258,8,0,0.36,0
COMP-SLA-11748,Streetlights Complaint - COMP-SLA-11748,Single street lamp bulb burnt out on quiet street,streetlights,DEPT_ELECTRICITY,2025-06-03T22:44:00,22,1,6,0,0,4.0,MEDIUM,0.1,0.7,0.1,0.1,1,5,61.6,0.616,1,13.007931,80.41142,9,0,14.63,1
COMP-SLA-10310,Drainage Complaint - COMP-SLA-10310,Open manhole cover on main sidewalk presents fatal hazard,drainage,DEPT_DRAINAGE,2025-03-24T07:26:00,7,0,3,0,0,6.0,MEDIUM,0.1,0.7,0.1,0.1,3,9,78.47,0.7847,1,13.207456,80.216681,9,2,12.56,1
COMP-SLA-12836,Roads Complaint - COMP-SLA-12836,Road surface cracked and unpaved causing risk for two-wheelers,roads,DEPT_ROADS,2025-02-02T08:41:00,8,6,2,1,0,3.0,CRITICAL,0.1,0.1,0.1,0.7,1,4,0.21,0.0021,0,13.121978,80.165339,9,0,16.03,1
COMP-SLA-11778,Other Complaint - COMP-SLA-11778,Unauthorized hawker encroachment blocking shop entrance,other,DEPT_GENERAL,2025-05-08T22:59:00,22,3,5,0,0,12.0,MEDIUM,0.1,0.7,0.1,0.1,2,12,60.55,0.6055,1,12.999326,80.255401,6,1,24.19,1
COMP-SLA-13300,Garbage Complaint - COMP-SLA-13300,Minor littering near bus shelter,garbage,DEPT_SANITATION,2025-04-22T07:18:00,7,1,4,0,0,18.0,LOW,0.7,0.1,0.1,0.1,1,3,2.09,0.0209,0,13.125896,80.35899,5,0,25.42,1
COMP-SLA-12054,Garbage Complaint - COMP-SLA-12054,Minor littering near bus shelter,garbage,DEPT_SANITATION,2025-01-08T04:57:00,4,2,1,0,0,18.0,LOW,0.7,0.1,0.1,0.1,1,1,12.95,0.1295,0,13.153889,80.227431,5,0,42.75,1
COMP-SLA-13703,Other Complaint - COMP-SLA-13703,Stray dog menace near elementary school playground,other,DEPT_GENERAL,2025-04-18T14:00:00,14,4,4,0,1,3.0,CRITICAL,0.1,0.1,0.1,0.7,1,6,44.48,0.4448,0,12.974782,80.137063,7,1,0.8,0
COMP-SLA-12241,Roads Complaint - COMP-SLA-12241,Road cave-in reported on highway access lane,roads,DEPT_ROADS,2025-03-14T20:52:00,20,4,3,0,0,6.0,HIGH,0.1,0.1,0.7,0.1,3,12,63.71,0.6371,1,12.959082,80.157817,7,0,23.67,1
COMP-SLA-13103,Drainage Complaint - COMP-SLA-13103,Overflowing sewage line flooding residential street and homes,drainage,DEPT_DRAINAGE,2025-01-24T06:48:00,6,4,1,0,0,1.5,CRITICAL,0.1,0.1,0.1,0.7,8,40,89.67,0.8967,1,12.953628,80.151793,8,2,21.59,1
COMP-SLA-10804,Infrastructure Complaint - COMP-SLA-10804,Pedestrian footbridge concrete pillar showing structural cracks,infrastructure,DEPT_WORKS,2025-05-27T09:02:00,9,1,5,0,1,6.0,CRITICAL,0.1,0.1,0.1,0.7,1,3,28.97,0.2897,0,13.089533,80.156023,7,0,3.92,0
COMP-SLA-10496,Infrastructure Complaint - COMP-SLA-10496,Damaged bus shelter roof leaning precariously,infrastructure,DEPT_WORKS,2025-01-02T17:23:00,17,3,1,0,1,24.0,MEDIUM,0.1,0.7,0.1,0.1,1,2,41.53,0.4153,0,12.989271,80.385349,6,0,7.32,0
COMP-SLA-12611,Other Complaint - COMP-SLA-12611,Unsanitary public toilet conditions in central market,other,DEPT_GENERAL,2025-04-06T03:45:00,3,6,4,1,0,6.0,HIGH,0.1,0.1,0.7,0.1,8,24,63.37,0.6337,1,12.967338,80.194582,7,0,26.2,1
COMP-SLA-10472,Garbage Complaint - COMP-SLA-10472,Illegal dumping of commercial debris in public park,garbage,DEPT_SANITATION,2025-05-22T05:30:00,5,3,5,0,0,12.0,MEDIUM,0.1,0.7,0.1,0.1,1,2,54.5,0.545,0,13.026862,80.18627,8,0,42.89,1
COMP-SLA-12016,Other Complaint - COMP-SLA-12016,General inquiry regarding municipal service timing,other,DEPT_GENERAL,2025-02-21T12:02:00,12,4,2,0,1,18.0,LOW,0.7,0.1,0.1,0.1,1,1,14.82,0.1482,0,12.962301,80.268118,6,0,6.67,0
COMP-SLA-13843,Other Complaint - COMP-SLA-13843,Noise pollution from unauthorized loudspeaker after midnight,other,DEPT_GENERAL,2025-02-04T17:16:00,17,1,2,0,1,6.0,HIGH,0.1,0.1,0.7,0.1,5,25,64.3,0.643,1,12.940373,80.362278,7,0,11.36,1
COMP-SLA-12729,Infrastructure Complaint - COMP-SLA-12729,Damaged bus shelter roof leaning precariously,infrastructure,DEPT_WORKS,2025-03-23T00:59:00,0,6,3,1,0,24.0,MEDIUM,0.1,0.7,0.1,0.1,1,4,88.83,0.8883,1,12.954432,80.333875,6,0,17.53,0
COMP-SLA-11972,Streetlights Complaint - COMP-SLA-11972,Entire street light network down making dark alley unsafe at night,streetlights,DEPT_ELECTRICITY,2025-06-19T04:03:00,4,3,6,0,0,2.0,HIGH,0.1,0.1,0.7,0.1,1,3,46.29,0.4629,0,13.008289,80.203927,11,0,13.04,1
COMP-SLA-13872,Roads Complaint - COMP-SLA-13872,Road surface cracked and unpaved causing risk for two-wheelers,roads,DEPT_ROADS,2025-02-15T10:06:00,10,5,2,1,0,6.0,HIGH,0.1,0.1,0.7,0.1,8,16,83.09,0.8309,1,13.032628,80.27286,9,0,13.63,1
COMP-SLA-10706,Infrastructure Complaint - COMP-SLA-10706,Pedestrian footbridge concrete pillar showing structural cracks,infrastructure,DEPT_WORKS,2025-05-08T21:01:00,21,3,5,0,0,12.0,HIGH,0.1,0.1,0.7,0.1,1,3,64.52,0.6452,1,13.224322,80.23549,7,0,51.45,1
COMP-SLA-11282,Roads Complaint - COMP-SLA-11282,Road cave-in reported on highway access lane,roads,DEPT_ROADS,2025-01-08T04:39:00,4,2,1,0,0,6.0,HIGH,0.1,0.1,0.7,0.1,1,4,53.66,0.5366,0,13.108181,80.30798,7,0,19.05,1
COMP-SLA-12673,Infrastructure Complaint - COMP-SLA-12673,Pedestrian footbridge concrete pillar showing structural cracks,infrastructure,DEPT_WORKS,2025-02-18T04:16:00,4,1,2,0,0,12.0,HIGH,0.1,0.1,0.7,0.1,1,5,8.89,0.0889,0,13.119189,80.349779,7,0,23.8,1
COMP-SLA-11850,Drainage Complaint - COMP-SLA-11850,Open manhole cover on main sidewalk presents fatal hazard,drainage,DEPT_DRAINAGE,2025-01-28T14:37:00,14,1,1,0,1,3.0,HIGH,0.1,0.1,0.7,0.1,2,4,63.65,0.6365,1,13.172059,80.362143,9,2,5.94,1
COMP-SLA-10880,Streetlights Complaint - COMP-SLA-10880,Entire street light network down making dark alley unsafe at night,streetlights,DEPT_ELECTRICITY,2025-01-10T00:16:00,0,4,1,0,0,1.0,CRITICAL,0.1,0.1,0.1,0.7,1,6,31.08,0.3108,0,12.967105,80.395841,11,0,8.82,1
COMP-SLA-11160,Streetlights Complaint - COMP-SLA-11160,Sparking electrical transformer near residential area,streetlights,DEPT_ELECTRICITY,2025-01-22T07:49:00,7,2,1,0,0,2.0,HIGH,0.1,0.1,0.7,0.1,1,5,37.49,0.3749,0,13.095541,80.22196,6,1,6.78,1
COMP-SLA-12020,Water Complaint - COMP-SLA-12020,Minor leak near public water standpost,water,DEPT_WATER,2025-03-06T04:22:00,4,3,3,0,0,4.0,MEDIUM,0.1,0.7,0.1,0.1,1,6,70.35,0.7035,1,13.100764,80.321806,6,0,23.15,1
COMP-SLA-12571,Drainage Complaint - COMP-SLA-12571,Open manhole cover on main sidewalk presents fatal hazard,drainage,DEPT_DRAINAGE,2025-02-20T23:40:00,23,3,2,0,0,3.0,HIGH,0.1,0.1,0.7,0.1,1,6,25.79,0.2579,0,13.096816,80.188082,9,2,7.96,1
COMP-SLA-13455,Water Complaint - COMP-SLA-13455,Low water pressure in residential high-rise complex,water,DEPT_WATER,2025-03-22T09:18:00,9,5,3,1,0,4.0,MEDIUM,0.1,0.7,0.1,0.1,1,3,30.58,0.3058,0,13.157056,80.159178,7,0,13.13,1
COMP-SLA-13772,Infrastructure Complaint - COMP-SLA-13772,Broken railing on canal overbridge,infrastructure,DEPT_WORKS,2025-03-29T15:07:00,15,5,3,1,0,24.0,MEDIUM,0.1,0.7,0.1,0.1,1,2,45.96,0.4596,0,12.974995,80.237518,5,0,52.98,1
COMP-SLA-12580,Water Complaint - COMP-SLA-12580,No water supply for last 48 hours in entire neighborhood block,water,DEPT_WATER,2025-02-25T12:52:00,12,1,2,0,1,4.0,MEDIUM,0.1,0.7,0.1,0.1,5,5,63.17,0.6317,1,13.104497,80.272388,11,0,8.67,1
COMP-SLA-11259,Infrastructure Complaint - COMP-SLA-11259,Broken railing on canal overbridge,infrastructure,DEPT_WORKS,2025-05-17T02:22:00,2,5,5,1,0,12.0,HIGH,0.1,0.1,0.7,0.1,1,2,55.71,0.5571,0,13.079193,80.342829,5,0,13.41,1
COMP-SLA-12588,Streetlights Complaint - COMP-SLA-12588,Entire street light network down making dark alley unsafe at night,streetlights,DEPT_ELECTRICITY,2025-02-08T16:35:00,16,5,2,1,0,2.0,HIGH,0.1,0.1,0.7,0.1,1,1,39.61,0.3961,0,13.181938,80.245869,11,0,9.65,1
COMP-SLA-10094,Garbage Complaint - COMP-SLA-10094,Illegal dumping of commercial debris in public park,garbage,DEPT_SANITATION,2025-06-28T07:36:00,7,5,6,1,0,12.0,MEDIUM,0.1,0.7,0.1,0.1,1,3,39.02,0.3902,0,13.047591,80.377504,8,0,18.37,1
COMP-SLA-13869,Streetlights Complaint - COMP-SLA-13869,Live high-voltage electric wire hanging dangerously low near school,streetlights,DEPT_ELECTRICITY,2025-04-22T14:36:00,14,1,4,0,1,2.0,HIGH,0.1,0.1,0.7,0.1,1,6,50.27,0.5027,0,13.036597,80.20774,9,2,1.5,0
COMP-SLA-12621,Garbage Complaint - COMP-SLA-12621,Uncollected garbage pile attracting stray animals near hospital gate,garbage,DEPT_SANITATION,2025-04-02T04:33:00,4,2,4,0,0,3.0,CRITICAL,0.1,0.1,0.1,0.7,1,1,1.4,0.014,0,13.115021,80.283667,9,1,14.55,1
COMP-SLA-12556,Roads Complaint - COMP-SLA-12556,Road surface cracked and unpaved causing risk for two-wheelers,roads,DEPT_ROADS,2025-03-15T23:06:00,23,5,3,1,0,6.0,HIGH,0.1,0.1,0.7,0.1,1,4,2.59,0.0259,0,12.961451,80.357178,9,0,21.84,1
COMP-SLA-13218,Streetlights Complaint - COMP-SLA-13218,Single street lamp bulb burnt out on quiet street,streetlights,DEPT_ELECTRICITY,2025-01-21T05:26:00,5,1,1,0,0,6.0,LOW,0.7,0.1,0.1,0.1,1,4,85.65,0.8565,1,13.225512,80.286722,9,0,15.24,1
COMP-SLA-10024,Garbage Complaint - COMP-SLA-10024,Overflowing community dump bin spilling onto main road,garbage,DEPT_SANITATION,2025-04-15T15:30:00,15,1,4,0,1,6.0,HIGH,0.1,0.1,0.7,0.1,1,4,5.57,0.0557,0,12.996824,80.241012,8,1,1.92,0
COMP-SLA-13784,Water Complaint - COMP-SLA-13784,Minor leak near public water standpost,water,DEPT_WATER,2025-02-14T13:13:00,13,4,2,0,1,4.0,MEDIUM,0.1,0.7,0.1,0.1,1,6,16.34,0.1634,0,13.145341,80.326515,6,0,4.91,1
COMP-SLA-12217,Streetlights Complaint - COMP-SLA-12217,Live high-voltage electric wire hanging dangerously low near school,streetlights,DEPT_ELECTRICITY,2025-05-03T08:24:00,8,5,5,1,0,1.0,CRITICAL,0.1,0.1,0.1,0.7,8,40,87.53,0.8753,1,13.006183,80.135899,9,2,18.49,1
COMP-SLA-12469,Streetlights Complaint - COMP-SLA-12469,Entire street light network down making dark alley unsafe at night,streetlights,DEPT_ELECTRICITY,2025-04-08T03:08:00,3,1,4,0,0,1.0,CRITICAL,0.1,0.1,0.1,0.7,1,5,55.64,0.5564,0,12.962953,80.33628,11,0,12.51,1
COMP-SLA-11393,Other Complaint - COMP-SLA-11393,General inquiry regarding municipal service timing,other,DEPT_GENERAL,2025-05-08T18:27:00,18,3,5,0,1,12.0,MEDIUM,0.1,0.7,0.1,0.1,1,4,2.1,0.021,0,12.952097,80.419437,6,0,1.56,0
COMP-SLA-11468,Streetlights Complaint - COMP-SLA-11468,Flickering streetlight fixture on main road,streetlights,DEPT_ELECTRICITY,2025-03-11T10:12:00,10,1,3,0,1,4.0,MEDIUM,0.1,0.7,0.1,0.1,1,5,28.83,0.2883,0,12.939204,80.23837,6,0,1.46,0
COMP-SLA-13950,Drainage Complaint - COMP-SLA-13950,Overflowing sewage line flooding residential street and homes,drainage,DEPT_DRAINAGE,2025-04-07T08:01:00,8,0,4,0,1,3.0,HIGH,0.1,0.1,0.7,0.1,1,4,40.15,0.4015,0,13.062349,80.360784,8,2,0.56,0
COMP-SLA-10175,Other Complaint - COMP-SLA-10175,Stray dog menace near elementary school playground,other,DEPT_GENERAL,2025-04-26T05:57:00,5,5,4,1,0,6.0,HIGH,0.1,0.1,0.7,0.1,8,24,77.0,0.77,1,13.146711,80.419879,7,1,24.49,1
COMP-SLA-10394,Drainage Complaint - COMP-SLA-10394,Foul stench and black water coming from open drainage pipe,drainage,DEPT_DRAINAGE,2025-06-25T23:57:00,23,2,6,0,0,6.0,MEDIUM,0.1,0.7,0.1,0.1,1,4,10.73,0.1073,0,12.971897,80.396819,10,0,14.7,1
COMP-SLA-13722,Streetlights Complaint - COMP-SLA-13722,Entire street light network down making dark alley unsafe at night,streetlights,DEPT_ELECTRICITY,2025-01-20T21:19:00,21,0,1,0,0,2.0,HIGH,0.1,0.1,0.7,0.1,1,4,40.26,0.4026,0,13.012134,80.314719,11,0,13.06,1
COMP-SLA-13714,Water Complaint - COMP-SLA-13714,Main pipeline burst wasting thousands of liters of clean water,water,DEPT_WATER,2025-06-13T01:16:00,1,4,6,0,0,2.0,HIGH,0.1,0.1,0.7,0.1,8,32,93.35,0.9335,1,13.172128,80.188974,10,1,19.32,1
COMP-SLA-10316,Roads Complaint - COMP-SLA-10316,Road surface cracked and unpaved causing risk for two-wheelers,roads,DEPT_ROADS,2025-06-29T11:29:00,11,6,6,1,0,3.0,CRITICAL,0.1,0.1,0.1,0.7,1,2,9.08,0.0908,0,13.225066,80.146171,9,0,12.87,1
COMP-SLA-13329,Water Complaint - COMP-SLA-13329,Main pipeline burst wasting thousands of liters of clean water,water,DEPT_WATER,2025-03-08T11:32:00,11,5,3,1,0,2.0,HIGH,0.1,0.1,0.7,0.1,1,3,10.54,0.1054,0,13.023273,80.274561,10,1,6.74,1
COMP-SLA-11449,Other Complaint - COMP-SLA-11449,Stray dog menace near elementary school playground,other,DEPT_GENERAL,2025-06-16T07:44:00,7,0,6,0,0,6.0,HIGH,0.1,0.1,0.7,0.1,1,1,41.13,0.4113,0,13.024691,80.255379,7,1,18.88,1
COMP-SLA-10218,Roads Complaint - COMP-SLA-10218,Road surface cracked and unpaved causing risk for two-wheelers,roads,DEPT_ROADS,2025-02-12T10:54:00,10,2,2,0,1,6.0,HIGH,0.1,0.1,0.7,0.1,1,5,19.51,0.1951,0,13.088802,80.155572,9,0,5.76,0
COMP-SLA-13079,Infrastructure Complaint - COMP-SLA-13079,Damaged bus shelter roof leaning precariously,infrastructure,DEPT_WORKS,2025-05-04T08:36:00,8,6,5,1,0,12.0,HIGH,0.1,0.1,0.7,0.1,1,6,50.05,0.5005,0,12.943296,80.251134,6,0,9.59,0
COMP-SLA-13174,Garbage Complaint - COMP-SLA-13174,Overflowing community dump bin spilling onto main road,garbage,DEPT_SANITATION,2025-04-25T22:34:00,22,4,4,0,0,3.0,CRITICAL,0.1,0.1,0.1,0.7,1,1,3.84,0.0384,0,13.098349,80.17385,8,1,14.2,1
COMP-SLA-13855,Streetlights Complaint - COMP-SLA-13855,Entire street light network down making dark alley unsafe at night,streetlights,DEPT_ELECTRICITY,2025-05-01T13:37:00,13,3,5,0,1,1.0,CRITICAL,0.1,0.1,0.1,0.7,1,4,79.09,0.7909,1,12.953135,80.161266,11,0,8.55,1
COMP-SLA-11035,Infrastructure Complaint - COMP-SLA-11035,Damaged bus shelter roof leaning precariously,infrastructure,DEPT_WORKS,2025-04-30T20:34:00,20,2,4,0,0,12.0,HIGH,0.1,0.1,0.7,0.1,1,6,8.15,0.0815,0,13.202738,80.260156,6,0,5.76,0
COMP-SLA-14094,Infrastructure Complaint - COMP-SLA-14094,Broken railing on canal overbridge,infrastructure,DEPT_WORKS,2025-04-10T10:32:00,10,3,4,0,1,24.0,MEDIUM,0.1,0.7,0.1,0.1,1,1,23.49,0.2349,0,13.071478,80.19018,5,0,44.4,1
COMP-SLA-11423,Drainage Complaint - COMP-SLA-11423,Overflowing sewage line flooding residential street and homes,drainage,DEPT_DRAINAGE,2025-04-22T19:23:00,19,1,4,0,0,3.0,HIGH,0.1,0.1,0.7,0.1,1,1,56.72,0.5672,0,13.064133,80.163528,8,2,10.72,1
COMP-SLA-13127,Streetlights Complaint - COMP-SLA-13127,Entire street light network down making dark alley unsafe at night,streetlights,DEPT_ELECTRICITY,2025-02-01T12:08:00,12,5,2,1,0,2.0,HIGH,0.1,0.1,0.7,0.1,3,15,77.09,0.7709,1,13.0344,80.23866,11,0,14.71,1
COMP-SLA-11875,Infrastructure Complaint - COMP-SLA-11875,Broken railing on canal overbridge,infrastructure,DEPT_WORKS,2025-06-29T09:03:00,9,6,6,1,0,12.0,HIGH,0.1,0.1,0.7,0.1,1,3,57.35,0.5735,0,12.96522,80.310487,5,0,17.38,1
COMP-SLA-12183,Infrastructure Complaint - COMP-SLA-12183,Broken railing on canal overbridge,infrastructure,DEPT_WORKS,2025-05-12T07:46:00,7,0,5,0,0,12.0,HIGH,0.1,0.1,0.7,0.1,2,2,72.29,0.7229,1,13.002911,80.242111,5,0,15.14,1
COMP-SLA-11363,Streetlights Complaint - COMP-SLA-11363,Single street lamp bulb burnt out on quiet street,streetlights,DEPT_ELECTRICITY,2025-02-08T17:39:00,17,5,2,1,0,6.0,LOW,0.7,0.1,0.1,0.1,1,4,4.65,0.0465,0,13.059905,80.181359,9,0,11.06,1
COMP-SLA-13214,Roads Complaint - COMP-SLA-13214,Massive pothole causing severe traffic delay near main intersection,roads,DEPT_ROADS,2025-05-28T12:50:00,12,2,5,0,1,6.0,HIGH,0.1,0.1,0.7,0.1,1,3,0.23,0.0023,0,13.127339,80.164712,9,0,4.97,0
COMP-SLA-11229,Water Complaint - COMP-SLA-11229,Low water pressure in residential high-rise complex,water,DEPT_WATER,2025-04-09T22:30:00,22,2,4,0,0,2.0,HIGH,0.1,0.1,0.7,0.1,1,1,30.11,0.3011,0,13.039197,80.372295,7,0,18.62,1
COMP-SLA-13991,Roads Complaint - COMP-SLA-13991,Deep crater formed after rains near public school gate,roads,DEPT_ROADS,2025-03-05T01:23:00,1,2,3,0,0,12.0,MEDIUM,0.1,0.7,0.1,0.1,1,1,5.85,0.0585,0,13.053543,80.257132,9,2,5.99,0
COMP-SLA-10100,Drainage Complaint - COMP-SLA-10100,Slow drainage runoff on commercial market road,drainage,DEPT_DRAINAGE,2025-05-25T21:50:00,21,6,5,1,0,6.0,MEDIUM,0.1,0.7,0.1,0.1,1,4,57.9,0.579,0,12.986717,80.173221,7,0,10.68,1
COMP-SLA-12794,Roads Complaint - COMP-SLA-12794,Road cave-in reported on highway access lane,roads,DEPT_ROADS,2025-05-07T13:13:00,13,2,5,0,1,12.0,MEDIUM,0.1,0.7,0.1,0.1,1,1,90.39,0.9039,1,13.150956,80.120955,7,0,9.36,0
COMP-SLA-13965,Garbage Complaint - COMP-SLA-13965,Overflowing community dump bin spilling onto main road,garbage,DEPT_SANITATION,2025-02-02T17:48:00,17,6,2,1,0,6.0,HIGH,0.1,0.1,0.7,0.1,1,1,47.7,0.477,0,13.052584,80.32688,8,1,13.64,1
COMP-SLA-10411,Streetlights Complaint - COMP-SLA-10411,Flickering streetlight fixture on main road,streetlights,DEPT_ELECTRICITY,2025-04-19T00:33:00,0,5,4,1,0,2.0,HIGH,0.1,0.1,0.7,0.1,1,1,5.04,0.0504,0,12.964641,80.234961,6,0,6.54,1
COMP-SLA-11341,Water Complaint - COMP-SLA-11341,Minor leak near public water standpost,water,DEPT_WATER,2025-05-03T08:32:00,8,5,5,1,0,4.0,MEDIUM,0.1,0.7,0.1,0.1,1,4,0.69,0.0069,0,12.966298,80.257786,6,0,8.84,1
COMP-SLA-11004,Garbage Complaint - COMP-SLA-11004,Uncollected garbage pile attracting stray animals near hospital gate,garbage,DEPT_SANITATION,2025-01-27T16:56:00,16,0,1,0,1,3.0,CRITICAL,0.1,0.1,0.1,0.7,1,2,86.66,0.8666,1,13.183645,80.163251,9,1,7.33,1
COMP-SLA-11667,Roads Complaint - COMP-SLA-11667,Minor tar peeling on residential side street,roads,DEPT_ROADS,2025-05-24T15:25:00,15,5,5,1,0,18.0,LOW,0.7,0.1,0.1,0.1,1,1,70.07,0.7007,1,13.2055,80.294899,7,0,17.36,0
COMP-SLA-10569,Drainage Complaint - COMP-SLA-10569,Open manhole cover on main sidewalk presents fatal hazard,drainage,DEPT_DRAINAGE,2025-02-16T19:14:00,19,6,2,1,0,3.0,HIGH,0.1,0.1,0.7,0.1,1,1,0.15,0.0015,0,13.145276,80.414477,9,2,13.57,1
COMP-SLA-10121,Drainage Complaint - COMP-SLA-10121,Open manhole cover on main sidewalk presents fatal hazard,drainage,DEPT_DRAINAGE,2025-06-25T03:31:00,3,2,6,0,0,3.0,HIGH,0.1,0.1,0.7,0.1,1,5,85.43,0.8543,1,13.14642,80.253769,9,2,11.7,1
COMP-SLA-11345,Roads Complaint - COMP-SLA-11345,Deep crater formed after rains near public school gate,roads,DEPT_ROADS,2025-06-08T13:52:00,13,6,6,1,0,6.0,HIGH,0.1,0.1,0.7,0.1,1,6,88.95,0.8895,1,12.979945,80.172426,9,2,23.81,1
COMP-SLA-10813,Roads Complaint - COMP-SLA-10813,Massive pothole causing severe traffic delay near main intersection,roads,DEPT_ROADS,2025-04-22T05:26:00,5,1,4,0,0,3.0,CRITICAL,0.1,0.1,0.1,0.7,1,1,36.29,0.3629,0,12.939917,80.279071,9,0,5.43,1
COMP-SLA-10157,Garbage Complaint - COMP-SLA-10157,Overflowing community dump bin spilling onto main road,garbage,DEPT_SANITATION,2025-01-10T09:58:00,9,4,1,0,1,6.0,HIGH,0.1,0.1,0.7,0.1,1,6,13.19,0.1319,0,13.181628,80.329522,8,1,4.68,0
COMP-SLA-12437,Roads Complaint - COMP-SLA-12437,Deep crater formed after rains near public school gate,roads,DEPT_ROADS,2025-03-14T09:48:00,9,4,3,0,1,12.0,MEDIUM,0.1,0.7,0.1,0.1,1,2,14.91,0.1491,0,13.031751,80.414805,9,2,4.09,0
COMP-SLA-13809,Roads Complaint - COMP-SLA-13809,Road cave-in reported on highway access lane,roads,DEPT_ROADS,2025-03-20T23:17:00,23,3,3,0,0,12.0,MEDIUM,0.1,0.7,0.1,0.1,1,4,3.39,0.0339,0,13.057822,80.175562,7,0,7.8,0
COMP-SLA-12296,Other Complaint - COMP-SLA-12296,Unauthorized hawker encroachment blocking shop entrance,other,DEPT_GENERAL,2025-05-19T02:10:00,2,0,5,0,0,12.0,MEDIUM,0.1,0.7,0.1,0.1,1,3,36.82,0.3682,0,13.201142,80.156062,6,1,10.59,0
COMP-SLA-11538,Streetlights Complaint - COMP-SLA-11538,Single street lamp bulb burnt out on quiet street,streetlights,DEPT_ELECTRICITY,2025-06-15T20:10:00,20,6,6,1,0,4.0,MEDIUM,0.1,0.7,0.1,0.1,1,1,47.23,0.4723,0,13.005102,80.277078,9,0,11.53,1
COMP-SLA-13519,Streetlights Complaint - COMP-SLA-13519,Flickering streetlight fixture on main road,streetlights,DEPT_ELECTRICITY,2025-01-12T20:51:00,20,6,1,1,0,4.0,MEDIUM,0.1,0.7,0.1,0.1,1,1,34.52,0.3452,0,13.158851,80.374207,6,0,12.39,1
COMP-SLA-13881,Garbage Complaint - COMP-SLA-13881,Overflowing community dump bin spilling onto main road,garbage,DEPT_SANITATION,2025-05-17T00:04:00,0,5,5,1,0,3.0,CRITICAL,0.1,0.1,0.1,0.7,1,2,34.57,0.3457,0,13.198438,80.299661,8,1,8.49,1
COMP-SLA-14185,Infrastructure Complaint - COMP-SLA-14185,Pedestrian footbridge concrete pillar showing structural cracks,infrastructure,DEPT_WORKS,2025-02-09T11:48:00,11,6,2,1,0,12.0,HIGH,0.1,0.1,0.7,0.1,3,9,80.52,0.8052,1,12.991868,80.399771,7,0,19.65,1
COMP-SLA-10306,Streetlights Complaint - COMP-SLA-10306,Entire street light network down making dark alley unsafe at night,streetlights,DEPT_ELECTRICITY,2025-02-02T23:49:00,23,6,2,1,0,1.0,CRITICAL,0.1,0.1,0.1,0.7,1,1,11.22,0.1122,0,13.194738,80.340581,11,0,9.96,1
COMP-SLA-11619,Drainage Complaint - COMP-SLA-11619,Foul stench and black water coming from open drainage pipe,drainage,DEPT_DRAINAGE,2025-06-08T02:04:00,2,6,6,1,0,6.0,MEDIUM,0.1,0.7,0.1,0.1,1,6,49.6,0.496,0,12.981388,80.22333,10,0,12.78,1
COMP-SLA-10732,Water Complaint - COMP-SLA-10732,No water supply for last 48 hours in entire neighborhood block,water,DEPT_WATER,2025-04-03T15:45:00,15,3,4,0,1,4.0,MEDIUM,0.1,0.7,0.1,0.1,3,3,61.31,0.6131,1,13.043022,80.213151,11,0,11.77,1
COMP-SLA-11412,Streetlights Complaint - COMP-SLA-11412,Sparking electrical transformer near residential area,streetlights,DEPT_ELECTRICITY,2025-05-16T01:12:00,1,4,5,0,0,4.0,MEDIUM,0.1,0.7,0.1,0.1,1,5,55.81,0.5581,0,13.216734,80.212836,6,1,9.76,1
COMP-SLA-11299,Water Complaint - COMP-SLA-11299,Contaminated muddy water coming from municipal tap supply,water,DEPT_WATER,2025-05-25T11:45:00,11,6,5,1,0,1.0,CRITICAL,0.1,0.1,0.1,0.7,1,6,15.04,0.1504,0,13.020065,80.404138,8,0,7.76,1
COMP-SLA-10643,Infrastructure Complaint - COMP-SLA-10643,Broken railing on canal overbridge,infrastructure,DEPT_WORKS,2025-02-15T05:42:00,5,5,2,1,0,12.0,HIGH,0.1,0.1,0.7,0.1,1,2,34.6,0.346,0,13.209502,80.136908,5,0,10.34,0
COMP-SLA-10096,Streetlights Complaint - COMP-SLA-10096,Live high-voltage electric wire hanging dangerously low near school,streetlights,DEPT_ELECTRICITY,2025-01-26T16:58:00,16,6,1,1,0,1.0,CRITICAL,0.1,0.1,0.1,0.7,1,6,38.95,0.3895,0,13.069778,80.337433,9,2,14.18,1
COMP-SLA-12339,Roads Complaint - COMP-SLA-12339,Road cave-in reported on highway access lane,roads,DEPT_ROADS,2025-05-02T10:54:00,10,4,5,0,1,12.0,MEDIUM,0.1,0.7,0.1,0.1,1,1,41.93,0.4193,0,13.034754,80.274179,7,0,1.08,0
COMP-SLA-12993,Water Complaint - COMP-SLA-12993,No water supply for last 48 hours in entire neighborhood block,water,DEPT_WATER,2025-02-03T08:58:00,8,0,2,0,1,4.0,MEDIUM,0.1,0.7,0.1,0.1,1,4,31.35,0.3135,0,13.212558,80.235296,11,0,2.25,0
COMP-SLA-13951,Garbage Complaint - COMP-SLA-13951,Foul smell from uncleared waste bin near apartment entrance,garbage,DEPT_SANITATION,2025-01-28T10:40:00,10,1,1,0,1,6.0,HIGH,0.1,0.1,0.7,0.1,1,5,28.21,0.2821,0,13.232422,80.344605,9,0,0.2,0
COMP-SLA-10241,Garbage Complaint - COMP-SLA-10241,Uncollected garbage pile attracting stray animals near hospital gate,garbage,DEPT_SANITATION,2025-02-05T20:14:00,20,2,2,0,0,3.0,CRITICAL,0.1,0.1,0.1,0.7,1,4,20.78,0.2078,0,12.95309,80.166009,9,1,13.66,1
COMP-SLA-14125,Drainage Complaint - COMP-SLA-14125,Open manhole cover on main sidewalk presents fatal hazard,drainage,DEPT_DRAINAGE,2025-03-23T17:25:00,17,6,3,1,0,6.0,MEDIUM,0.1,0.7,0.1,0.1,1,4,23.42,0.2342,0,13.111711,80.382977,9,2,10.85,1
COMP-SLA-13873,Drainage Complaint - COMP-SLA-13873,Clogged storm drain causing severe waterlogging during rain,drainage,DEPT_DRAINAGE,2025-06-07T18:19:00,18,5,6,1,0,3.0,HIGH,0.1,0.1,0.7,0.1,1,2,88.45,0.8845,1,12.957801,80.326431,8,0,12.9,1
COMP-SLA-12228,Drainage Complaint - COMP-SLA-12228,Slow drainage runoff on commercial market road,drainage,DEPT_DRAINAGE,2025-02-26T01:16:00,1,2,2,0,0,9.0,LOW,0.7,0.1,0.1,0.1,1,5,8.1,0.081,0,13.060641,80.127759,7,0,12.17,1
COMP-SLA-11845,Water Complaint - COMP-SLA-11845,Low water pressure in residential high-rise complex,water,DEPT_WATER,2025-05-02T21:05:00,21,4,5,0,0,2.0,HIGH,0.1,0.1,0.7,0.1,1,5,17.95,0.1795,0,13.181343,80.174649,7,0,8.86,1
COMP-SLA-13204,Streetlights Complaint - COMP-SLA-13204,Live high-voltage electric wire hanging dangerously low near school,streetlights,DEPT_ELECTRICITY,2025-03-25T00:28:00,0,1,3,0,0,1.0,CRITICAL,0.1,0.1,0.1,0.7,1,2,14.61,0.1461,0,13.153183,80.15171,9,2,14.43,1
COMP-SLA-11294,Infrastructure Complaint - COMP-SLA-11294,Broken railing on canal overbridge,infrastructure,DEPT_WORKS,2025-05-18T03:45:00,3,6,5,1,0,12.0,HIGH,0.1,0.1,0.7,0.1,1,1,50.75,0.5075,0,13.165679,80.314827,5,0,18.21,1
COMP-SLA-11002,Roads Complaint - COMP-SLA-11002,Massive pothole causing severe traffic delay near main intersection,roads,DEPT_ROADS,2025-05-19T23:52:00,23,0,5,0,0,6.0,HIGH,0.1,0.1,0.7,0.1,1,4,19.22,0.1922,0,13.034217,80.332937,9,0,14.88,1
COMP-SLA-13472,Other Complaint - COMP-SLA-13472,Unauthorized hawker encroachment blocking shop entrance,other,DEPT_GENERAL,2025-01-01T21:28:00,21,2,1,0,0,12.0,MEDIUM,0.1,0.7,0.1,0.1,1,5,15.4,0.154,0,13.045988,80.335815,6,1,25.21,1
COMP-SLA-11085,Other Complaint - COMP-SLA-11085,Stray dog menace near elementary school playground,other,DEPT_GENERAL,2025-06-27T02:04:00,2,4,6,0,0,6.0,HIGH,0.1,0.1,0.7,0.1,1,2,1.25,0.0125,0,13.22423,80.13878,7,1,20.84,1
COMP-SLA-13371,Water Complaint - COMP-SLA-13371,Main pipeline burst wasting thousands of liters of clean water,water,DEPT_WATER,2025-03-08T01:46:00,1,5,3,1,0,1.0,CRITICAL,0.1,0.1,0.1,0.7,1,3,41.1,0.411,0,13.047029,80.221203,10,1,5.64,1
COMP-SLA-12917,Streetlights Complaint - COMP-SLA-12917,Flickering streetlight fixture on main road,streetlights,DEPT_ELECTRICITY,2025-05-23T08:55:00,8,4,5,0,1,4.0,MEDIUM,0.1,0.7,0.1,0.1,3,18,77.4,0.774,1,13.08586,80.27582,6,0,10.41,1
COMP-SLA-10462,Other Complaint - COMP-SLA-10462,Noise pollution from unauthorized loudspeaker after midnight,other,DEPT_GENERAL,2025-02-11T12:40:00,12,1,2,0,1,12.0,MEDIUM,0.1,0.7,0.1,0.1,1,5,13.81,0.1381,0,12.934287,80.148027,7,0,8.8,0
COMP-SLA-10415,Drainage Complaint - COMP-SLA-10415,Overflowing sewage line flooding residential street and homes,drainage,DEPT_DRAINAGE,2025-03-06T06:39:00,6,3,3,0,0,3.0,HIGH,0.1,0.1,0.7,0.1,1,2,42.09,0.4209,0,13.193355,80.378833,8,2,15.21,1
COMP-SLA-13116,Roads Complaint - COMP-SLA-13116,Massive pothole causing severe traffic delay near main intersection,roads,DEPT_ROADS,2025-05-05T07:41:00,7,0,5,0,0,3.0,CRITICAL,0.1,0.1,0.1,0.7,1,2,29.44,0.2944,0,13.076841,80.292937,9,0,16.5,1
COMP-SLA-11787,Drainage Complaint - COMP-SLA-11787,Open manhole cover on main sidewalk presents fatal hazard,drainage,DEPT_DRAINAGE,2025-05-25T20:37:00,20,6,5,1,0,6.0,MEDIUM,0.1,0.7,0.1,0.1,1,2,87.98,0.8798,1,13.222686,80.407707,9,2,15.44,1
COMP-SLA-10466,Water Complaint - COMP-SLA-10466,No water supply for last 48 hours in entire neighborhood block,water,DEPT_WATER,2025-04-01T21:25:00,21,1,4,0,0,2.0,HIGH,0.1,0.1,0.7,0.1,1,6,1.46,0.0146,0,13.054335,80.180793,11,0,5.34,1
COMP-SLA-14008,Water Complaint - COMP-SLA-14008,Minor leak near public water standpost,water,DEPT_WATER,2025-03-03T22:42:00,22,0,3,0,0,4.0,MEDIUM,0.1,0.7,0.1,0.1,2,10,91.97,0.9197,1,12.947723,80.226836,6,0,13.81,1
COMP-SLA-13187,Drainage Complaint - COMP-SLA-13187,Slow drainage runoff on commercial market road,drainage,DEPT_DRAINAGE,2025-06-15T00:30:00,0,6,6,1,0,9.0,LOW,0.7,0.1,0.1,0.1,1,5,58.47,0.5847,0,13.003864,80.296916,7,0,15.28,1
COMP-SLA-11989,Roads Complaint - COMP-SLA-11989,Road cave-in reported on highway access lane,roads,DEPT_ROADS,2025-02-26T06:35:00,6,2,2,0,0,6.0,HIGH,0.1,0.1,0.7,0.1,1,3,12.73,0.1273,0,13.034351,80.192527,7,0,15.88,1
COMP-SLA-12761,Garbage Complaint - COMP-SLA-12761,Foul smell from uncleared waste bin near apartment entrance,garbage,DEPT_SANITATION,2025-04-19T08:56:00,8,5,4,1,0,12.0,MEDIUM,0.1,0.7,0.1,0.1,1,3,2.73,0.0273,0,12.963151,80.346677,9,0,10.6,0
COMP-SLA-10799,Roads Complaint - COMP-SLA-10799,Road cave-in reported on highway access lane,roads,DEPT_ROADS,2025-01-27T10:33:00,10,0,1,0,1,12.0,MEDIUM,0.1,0.7,0.1,0.1,1,1,34.32,0.3432,0,13.107411,80.367553,7,0,10.02,0
COMP-SLA-11075,Water Complaint - COMP-SLA-11075,Main pipeline burst wasting thousands of liters of clean water,water,DEPT_WATER,2025-04-18T03:07:00,3,4,4,0,0,1.0,CRITICAL,0.1,0.1,0.1,0.7,1,2,56.16,0.5616,0,13.068536,80.301129,10,1,12.84,1
COMP-SLA-10760,Water Complaint - COMP-SLA-10760,Minor leak near public water standpost,water,DEPT_WATER,2025-01-24T12:16:00,12,4,1,0,1,4.0,MEDIUM,0.1,0.7,0.1,0.1,1,1,82.22,0.8222,1,12.986103,80.410215,6,0,11.47,1
COMP-SLA-13034,Garbage Complaint - COMP-SLA-13034,Overflowing community dump bin spilling onto main road,garbage,DEPT_SANITATION,2025-01-22T09:38:00,9,2,1,0,1,3.0,CRITICAL,0.1,0.1,0.1,0.7,1,4,74.82,0.7482,1,12.982162,80.126519,8,1,4.04,1
COMP-SLA-12634,Drainage Complaint - COMP-SLA-12634,Overflowing sewage line flooding residential street and homes,drainage,DEPT_DRAINAGE,2025-04-29T17:59:00,17,1,4,0,1,1.5,CRITICAL,0.1,0.1,0.1,0.7,1,2,34.12,0.3412,0,13.16343,80.392252,8,2,0.2,0
COMP-SLA-12255,Roads Complaint - COMP-SLA-12255,Massive pothole causing severe traffic delay near main intersection,roads,DEPT_ROADS,2025-05-05T10:53:00,10,0,5,0,1,6.0,HIGH,0.1,0.1,0.7,0.1,1,1,39.83,0.3983,0,13.000706,80.254923,9,0,8.87,1
COMP-SLA-11074,Garbage Complaint - COMP-SLA-11074,Minor littering near bus shelter,garbage,DEPT_SANITATION,2025-05-27T20:26:00,20,1,5,0,0,18.0,LOW,0.7,0.1,0.1,0.1,1,2,77.27,0.7727,1,13.13734,80.251262,5,0,9.69,0
COMP-SLA-11139,Streetlights Complaint - COMP-SLA-11139,Flickering streetlight fixture on main road,streetlights,DEPT_ELECTRICITY,2025-01-18T05:18:00,5,5,1,1,0,2.0,HIGH,0.1,0.1,0.7,0.1,3,15,81.05,0.8105,1,12.955133,80.293307,6,0,13.75,1
COMP-SLA-12390,Garbage Complaint - COMP-SLA-12390,Overflowing community dump bin spilling onto main road,garbage,DEPT_SANITATION,2025-04-07T19:37:00,19,0,4,0,0,3.0,CRITICAL,0.1,0.1,0.1,0.7,1,5,62.44,0.6244,1,13.205304,80.405095,8,1,21.22,1
COMP-SLA-10178,Garbage Complaint - COMP-SLA-10178,Illegal dumping of commercial debris in public park,garbage,DEPT_SANITATION,2025-05-03T16:26:00,16,5,5,1,0,6.0,HIGH,0.1,0.1,0.7,0.1,1,3,7.01,0.0701,0,13.163449,80.367702,8,0,12.48,1
COMP-SLA-13307,Garbage Complaint - COMP-SLA-13307,Illegal dumping of commercial debris in public park,garbage,DEPT_SANITATION,2025-02-11T19:33:00,19,1,2,0,0,12.0,MEDIUM,0.1,0.7,0.1,0.1,1,5,51.78,0.5178,0,13.217936,80.135922,8,0,15.03,1
COMP-SLA-10597,Drainage Complaint - COMP-SLA-10597,Slow drainage runoff on commercial market road,drainage,DEPT_DRAINAGE,2025-02-02T09:03:00,9,6,2,1,0,6.0,MEDIUM,0.1,0.7,0.1,0.1,1,6,5.05,0.0505,0,13.043467,80.285366,7,0,14.23,1
COMP-SLA-13595,Water Complaint - COMP-SLA-13595,Contaminated muddy water coming from municipal tap supply,water,DEPT_WATER,2025-01-28T22:33:00,22,1,1,0,0,2.0,HIGH,0.1,0.1,0.7,0.1,1,6,16.78,0.1678,0,13.000861,80.165072,8,0,7.59,1
COMP-SLA-13517,Garbage Complaint - COMP-SLA-13517,Foul smell from uncleared waste bin near apartment entrance,garbage,DEPT_SANITATION,2025-04-04T19:41:00,19,4,4,0,0,6.0,HIGH,0.1,0.1,0.7,0.1,1,6,91.2,0.912,1,13.109175,80.410318,9,0,14.98,1
COMP-SLA-10052,Garbage Complaint - COMP-SLA-10052,Minor littering near bus shelter,garbage,DEPT_SANITATION,2025-05-21T14:57:00,14,2,5,0,1,12.0,MEDIUM,0.1,0.7,0.1,0.1,1,2,42.76,0.4276,0,12.980447,80.379148,5,0,12.53,1
COMP-SLA-12795,Drainage Complaint - COMP-SLA-12795,Open manhole cover on main sidewalk presents fatal hazard,drainage,DEPT_DRAINAGE,2025-06-25T09:11:00,9,2,6,0,1,6.0,MEDIUM,0.1,0.7,0.1,0.1,1,5,17.63,0.1763,0,13.120563,80.15138,9,2,2.41,0
COMP-SLA-13083,Garbage Complaint - COMP-SLA-13083,Foul smell from uncleared waste bin near apartment entrance,garbage,DEPT_SANITATION,2025-05-04T07:01:00,7,6,5,1,0,6.0,HIGH,0.1,0.1,0.7,0.1,1,5,47.04,0.4704,0,13.135802,80.150526,9,0,9.76,1
COMP-SLA-12424,Drainage Complaint - COMP-SLA-12424,Open manhole cover on main sidewalk presents fatal hazard,drainage,DEPT_DRAINAGE,2025-05-02T15:17:00,15,4,5,0,1,6.0,MEDIUM,0.1,0.7,0.1,0.1,1,6,45.62,0.4562,0,13.041708,80.204255,9,2,2.58,0
COMP-SLA-12125,Water Complaint - COMP-SLA-12125,Low water pressure in residential high-rise complex,water,DEPT_WATER,2025-01-28T17:22:00,17,1,1,0,1,2.0,HIGH,0.1,0.1,0.7,0.1,1,4,1.38,0.0138,0,13.057498,80.380348,7,0,5.8,1
COMP-SLA-10074,Water Complaint - COMP-SLA-10074,Main pipeline burst wasting thousands of liters of clean water,water,DEPT_WATER,2025-05-22T09:44:00,9,3,5,0,1,2.0,HIGH,0.1,0.1,0.7,0.1,1,1,71.52,0.7152,1,13.215927,80.312061,10,1,7.81,1
COMP-SLA-12501,Drainage Complaint - COMP-SLA-12501,Foul stench and black water coming from open drainage pipe,drainage,DEPT_DRAINAGE,2025-04-17T19:35:00,19,3,4,0,0,3.0,HIGH,0.1,0.1,0.7,0.1,1,2,39.94,0.3994,0,13.110816,80.127721,10,0,10.05,1
COMP-SLA-13278,Drainage Complaint - COMP-SLA-13278,Overflowing sewage line flooding residential street and homes,drainage,DEPT_DRAINAGE,2025-04-29T07:47:00,7,1,4,0,0,3.0,HIGH,0.1,0.1,0.7,0.1,1,3,16.17,0.1617,0,13.123509,80.368174,8,2,13.55,1
COMP-SLA-12303,Other Complaint - COMP-SLA-12303,Noise pollution from unauthorized loudspeaker after midnight,other,DEPT_GENERAL,2025-03-05T06:11:00,6,2,3,0,0,12.0,MEDIUM,0.1,0.7,0.1,0.1,1,1,33.96,0.3396,0,12.934668,80.171032,7,0,11.58,0
COMP-SLA-12177,Other Complaint - COMP-SLA-12177,Stray dog menace near elementary school playground,other,DEPT_GENERAL,2025-04-18T06:27:00,6,4,4,0,0,3.0,CRITICAL,0.1,0.1,0.1,0.7,1,6,82.87,0.8287,1,12.972996,80.377865,7,1,10.9,1
COMP-SLA-10599,Water Complaint - COMP-SLA-10599,Low water pressure in residential high-rise complex,water,DEPT_WATER,2025-05-20T06:42:00,6,1,5,0,0,2.0,HIGH,0.1,0.1,0.7,0.1,1,3,52.77,0.5277,0,12.984723,80.162421,7,0,12.7,1
COMP-SLA-12551,Garbage Complaint - COMP-SLA-12551,Foul smell from uncleared waste bin near apartment entrance,garbage,DEPT_SANITATION,2025-05-17T13:10:00,13,5,5,1,0,6.0,HIGH,0.1,0.1,0.7,0.1,1,5,1.4,0.014,0,13.122092,80.404287,9,0,6.58,1
COMP-SLA-14164,Infrastructure Complaint - COMP-SLA-14164,Broken railing on canal overbridge,infrastructure,DEPT_WORKS,2025-05-16T07:37:00,7,4,5,0,0,24.0,MEDIUM,0.1,0.7,0.1,0.1,1,5,50.75,0.5075,0,13.180831,80.334151,5,0,20.35,0
COMP-SLA-12808,Roads Complaint - COMP-SLA-12808,Road surface cracked and unpaved causing risk for two-wheelers,roads,DEPT_ROADS,2025-01-27T13:38:00,13,0,1,0,1,3.0,CRITICAL,0.1,0.1,0.1,0.7,1,5,46.36,0.4636,0,13.024226,80.243856,9,0,0.37,0
COMP-SLA-10053,Water Complaint - COMP-SLA-10053,No water supply for last 48 hours in entire neighborhood block,water,DEPT_WATER,2025-06-10T07:17:00,7,1,6,0,0,2.0,HIGH,0.1,0.1,0.7,0.1,1,3,22.28,0.2228,0,13.064662,80.334763,11,0,11.12,1
COMP-SLA-10403,Water Complaint - COMP-SLA-10403,No water supply for last 48 hours in entire neighborhood block,water,DEPT_WATER,2025-06-29T03:02:00,3,6,6,1,0,2.0,HIGH,0.1,0.1,0.7,0.1,5,30,78.07,0.7807,1,13.201763,80.268427,11,0,14.39,1
COMP-SLA-10437,Garbage Complaint - COMP-SLA-10437,Illegal dumping of commercial debris in public park,garbage,DEPT_SANITATION,2025-02-04T21:46:00,21,1,2,0,0,6.0,HIGH,0.1,0.1,0.7,0.1,1,3,42.31,0.4231,0,13.032169,80.264686,8,0,9.19,1
COMP-SLA-12518,Streetlights Complaint - COMP-SLA-12518,Live high-voltage electric wire hanging dangerously low near school,streetlights,DEPT_ELECTRICITY,2025-04-05T16:34:00,16,5,4,1,0,1.0,CRITICAL,0.1,0.1,0.1,0.7,1,3,29.58,0.2958,0,12.995471,80.412258,9,2,13.33,1
COMP-SLA-11834,Other Complaint - COMP-SLA-11834,Stray dog menace near elementary school playground,other,DEPT_GENERAL,2025-06-01T14:43:00,14,6,6,1,0,3.0,CRITICAL,0.1,0.1,0.1,0.7,1,6,57.28,0.5728,0,12.968783,80.245073,7,1,9.82,1
COMP-SLA-11427,Infrastructure Complaint - COMP-SLA-11427,Minor paint peeling on government office gate,infrastructure,DEPT_WORKS,2025-01-15T03:43:00,3,2,1,0,0,24.0,MEDIUM,0.1,0.7,0.1,0.1,1,6,1.66,0.0166,0,12.952239,80.276114,7,0,5.78,0
COMP-SLA-10027,Infrastructure Complaint - COMP-SLA-10027,Broken railing on canal overbridge,infrastructure,DEPT_WORKS,2025-01-15T16:05:00,16,2,1,0,1,24.0,MEDIUM,0.1,0.7,0.1,0.1,1,2,6.46,0.0646,0,13.188103,80.141256,5,0,3.74,0
COMP-SLA-10215,Streetlights Complaint - COMP-SLA-10215,Sparking electrical transformer near residential area,streetlights,DEPT_ELECTRICITY,2025-06-13T09:23:00,9,4,6,0,1,4.0,MEDIUM,0.1,0.7,0.1,0.1,1,2,12.69,0.1269,0,13.117088,80.186439,6,1,3.49,0
COMP-SLA-12448,Streetlights Complaint - COMP-SLA-12448,Live high-voltage electric wire hanging dangerously low near school,streetlights,DEPT_ELECTRICITY,2025-03-04T00:51:00,0,1,3,0,0,1.0,CRITICAL,0.1,0.1,0.1,0.7,1,5,15.57,0.1557,0,13.125417,80.289799,9,2,7.75,1
COMP-SLA-12224,Streetlights Complaint - COMP-SLA-12224,Live high-voltage electric wire hanging dangerously low near school,streetlights,DEPT_ELECTRICITY,2025-05-09T02:31:00,2,4,5,0,0,1.0,CRITICAL,0.1,0.1,0.1,0.7,1,2,12.91,0.1291,0,13.011324,80.218129,9,2,12.09,1
COMP-SLA-10545,Infrastructure Complaint - COMP-SLA-10545,Collapsed public park boundary wall blocking walkway,infrastructure,DEPT_WORKS,2025-02-05T09:44:00,9,2,2,0,1,12.0,HIGH,0.1,0.1,0.7,0.1,1,2,12.85,0.1285,0,13.144241,80.277842,7,2,8.09,0
COMP-SLA-14171,Infrastructure Complaint - COMP-SLA-14171,Broken railing on canal overbridge,infrastructure,DEPT_WORKS,2025-05-07T15:36:00,15,2,5,0,1,24.0,MEDIUM,0.1,0.7,0.1,0.1,1,5,18.69,0.1869,0,13.059456,80.241009,5,0,3.27,0
COMP-SLA-13917,Water Complaint - COMP-SLA-13917,Low water pressure in residential high-rise complex,water,DEPT_WATER,2025-02-11T01:59:00,1,1,2,0,0,2.0,HIGH,0.1,0.1,0.7,0.1,1,3,8.05,0.0805,0,12.951196,80.140935,7,0,7.19,1
COMP-SLA-10801,Garbage Complaint - COMP-SLA-10801,Minor littering near bus shelter,garbage,DEPT_SANITATION,2025-05-31T17:33:00,17,5,5,1,0,12.0,MEDIUM,0.1,0.7,0.1,0.1,1,6,55.51,0.5551,0,13.166347,80.382304,5,0,18.55,1
COMP-SLA-12708,Infrastructure Complaint - COMP-SLA-12708,Broken railing on canal overbridge,infrastructure,DEPT_WORKS,2025-06-18T13:27:00,13,2,6,0,1,24.0,MEDIUM,0.1,0.7,0.1,0.1,1,4,13.49,0.1349,0,13.04216,80.354304,5,0,5.19,0
COMP-SLA-12416,Roads Complaint - COMP-SLA-12416,Minor tar peeling on residential side street,roads,DEPT_ROADS,2025-06-25T08:40:00,8,2,6,0,1,12.0,MEDIUM,0.1,0.7,0.1,0.1,3,15,62.71,0.6271,1,13.224331,80.343823,7,0,30.0,1
COMP-SLA-10806,Roads Complaint - COMP-SLA-10806,Road surface cracked and unpaved causing risk for two-wheelers,roads,DEPT_ROADS,2025-05-06T00:07:00,0,1,5,0,0,6.0,HIGH,0.1,0.1,0.7,0.1,1,4,4.24,0.0424,0,13.096961,80.140969,9,0,15.33,1
COMP-SLA-10322,Other Complaint - COMP-SLA-10322,General inquiry regarding municipal service timing,other,DEPT_GENERAL,2025-01-25T14:06:00,14,5,1,1,0,18.0,LOW,0.7,0.1,0.1,0.1,1,2,1.14,0.0114,0,13.173869,80.162638,6,0,21.11,1
COMP-SLA-11105,Infrastructure Complaint - COMP-SLA-11105,Damaged bus shelter roof leaning precariously,infrastructure,DEPT_WORKS,2025-02-18T01:37:00,1,1,2,0,0,12.0,HIGH,0.1,0.1,0.7,0.1,1,4,58.17,0.5817,0,13.088723,80.223682,6,0,56.31,1
COMP-SLA-13736,Streetlights Complaint - COMP-SLA-13736,Entire street light network down making dark alley unsafe at night,streetlights,DEPT_ELECTRICITY,2025-06-11T23:16:00,23,2,6,0,0,2.0,HIGH,0.1,0.1,0.7,0.1,1,2,13.62,0.1362,0,13.07332,80.252808,11,0,8.5,1
COMP-SLA-12403,Drainage Complaint - COMP-SLA-12403,Foul stench and black water coming from open drainage pipe,drainage,DEPT_DRAINAGE,2025-03-21T07:50:00,7,4,3,0,0,6.0,MEDIUM,0.1,0.7,0.1,0.1,1,2,11.45,0.1145,0,13.214513,80.267926,10,0,9.39,1
COMP-SLA-13920,Other Complaint - COMP-SLA-13920,Noise pollution from unauthorized loudspeaker after midnight,other,DEPT_GENERAL,2025-03-24T21:30:00,21,0,3,0,0,6.0,HIGH,0.1,0.1,0.7,0.1,2,12,71.58,0.7158,1,13.141959,80.184702,7,0,23.55,1
COMP-SLA-12381,Roads Complaint - COMP-SLA-12381,Road cave-in reported on highway access lane,roads,DEPT_ROADS,2025-05-30T02:59:00,2,4,5,0,0,12.0,MEDIUM,0.1,0.7,0.1,0.1,1,1,34.6,0.346,0,12.979563,80.187549,7,0,20.34,1
COMP-SLA-11187,Water Complaint - COMP-SLA-11187,Minor leak near public water standpost,water,DEPT_WATER,2025-01-02T15:53:00,15,3,1,0,1,6.0,LOW,0.7,0.1,0.1,0.1,1,5,26.77,0.2677,0,13.179419,80.231562,6,0,4.89,0
COMP-SLA-10528,Garbage Complaint - COMP-SLA-10528,Minor littering near bus shelter,garbage,DEPT_SANITATION,2025-06-12T20:24:00,20,3,6,0,0,18.0,LOW,0.7,0.1,0.1,0.1,1,5,30.34,0.3034,0,12.948938,80.278015,5,0,9.52,0
COMP-SLA-14033,Roads Complaint - COMP-SLA-14033,Deep crater formed after rains near public school gate,roads,DEPT_ROADS,2025-06-19T13:48:00,13,3,6,0,1,12.0,MEDIUM,0.1,0.7,0.1,0.1,1,5,0.88,0.0088,0,13.192398,80.417671,9,2,0.71,0
COMP-SLA-13998,Roads Complaint - COMP-SLA-13998,Road cave-in reported on highway access lane,roads,DEPT_ROADS,2025-01-20T23:56:00,23,0,1,0,0,6.0,HIGH,0.1,0.1,0.7,0.1,1,6,80.2,0.802,1,13.004014,80.2834,7,0,16.17,1
COMP-SLA-12805,Streetlights Complaint - COMP-SLA-12805,Sparking electrical transformer near residential area,streetlights,DEPT_ELECTRICITY,2025-02-04T03:31:00,3,1,2,0,0,4.0,MEDIUM,0.1,0.7,0.1,0.1,8,24,81.1,0.811,1,12.969972,80.204448,6,1,24.03,1
COMP-SLA-10045,Garbage Complaint - COMP-SLA-10045,Foul smell from uncleared waste bin near apartment entrance,garbage,DEPT_SANITATION,2025-04-14T22:18:00,22,0,4,0,0,6.0,HIGH,0.1,0.1,0.7,0.1,2,12,63.17,0.6317,1,13.099024,80.178252,9,0,15.78,1
COMP-SLA-13078,Streetlights Complaint - COMP-SLA-13078,Sparking electrical transformer near residential area,streetlights,DEPT_ELECTRICITY,2025-06-14T08:22:00,8,5,6,1,0,4.0,MEDIUM,0.1,0.7,0.1,0.1,1,4,19.42,0.1942,0,13.225783,80.302969,6,1,13.23,1
COMP-SLA-12122,Roads Complaint - COMP-SLA-12122,Massive pothole causing severe traffic delay near main intersection,roads,DEPT_ROADS,2025-04-13T04:29:00,4,6,4,1,0,6.0,HIGH,0.1,0.1,0.7,0.1,1,1,52.52,0.5252,0,12.944425,80.240764,9,0,7.14,1
COMP-SLA-10355,Streetlights Complaint - COMP-SLA-10355,Live high-voltage electric wire hanging dangerously low near school,streetlights,DEPT_ELECTRICITY,2025-05-18T11:56:00,11,6,5,1,0,1.0,CRITICAL,0.1,0.1,0.1,0.7,1,5,46.13,0.4613,0,13.055967,80.235613,9,2,8.78,1
COMP-SLA-12768,Garbage Complaint - COMP-SLA-12768,Overflowing community dump bin spilling onto main road,garbage,DEPT_SANITATION,2025-01-28T07:16:00,7,1,1,0,0,6.0,HIGH,0.1,0.1,0.7,0.1,1,4,35.25,0.3525,0,12.972454,80.229244,8,1,9.83,1
COMP-SLA-13408,Infrastructure Complaint - COMP-SLA-13408,Broken railing on canal overbridge,infrastructure,DEPT_WORKS,2025-03-02T16:28:00,16,6,3,1,0,24.0,MEDIUM,0.1,0.7,0.1,0.1,1,3,4.28,0.0428,0,12.951749,80.277034,5,0,114.22,1
COMP-SLA-11289,Roads Complaint - COMP-SLA-11289,Road cave-in reported on highway access lane,roads,DEPT_ROADS,2025-03-25T19:15:00,19,1,3,0,0,12.0,MEDIUM,0.1,0.7,0.1,0.1,1,1,65.01,0.6501,1,12.982638,80.308349,7,0,19.01,1
COMP-SLA-13267,Streetlights Complaint - COMP-SLA-13267,Entire street light network down making dark alley unsafe at night,streetlights,DEPT_ELECTRICITY,2025-04-21T10:45:00,10,0,4,0,1,1.0,CRITICAL,0.1,0.1,0.1,0.7,1,6,88.36,0.8836,1,13.182714,80.144671,11,0,7.58,1
COMP-SLA-11703,Drainage Complaint - COMP-SLA-11703,Overflowing sewage line flooding residential street and homes,drainage,DEPT_DRAINAGE,2025-02-02T13:49:00,13,6,2,1,0,3.0,HIGH,0.1,0.1,0.7,0.1,8,8,89.67,0.8967,1,13.186661,80.402354,8,2,15.77,1
COMP-SLA-13611,Infrastructure Complaint - COMP-SLA-13611,Pedestrian footbridge concrete pillar showing structural cracks,infrastructure,DEPT_WORKS,2025-01-07T19:56:00,19,1,1,0,0,12.0,HIGH,0.1,0.1,0.7,0.1,3,18,79.65,0.7965,1,13.214487,80.186784,7,0,15.46,1
COMP-SLA-10535,Garbage Complaint - COMP-SLA-10535,Overflowing community dump bin spilling onto main road,garbage,DEPT_SANITATION,2025-06-25T11:09:00,11,2,6,0,1,6.0,HIGH,0.1,0.1,0.7,0.1,1,1,10.68,0.1068,0,13.16002,80.376529,8,1,6.15,1
COMP-SLA-12038,Roads Complaint - COMP-SLA-12038,Massive pothole causing severe traffic delay near main intersection,roads,DEPT_ROADS,2025-04-18T17:29:00,17,4,4,0,1,6.0,HIGH,0.1,0.1,0.7,0.1,2,8,63.21,0.6321,1,13.051393,80.213456,9,0,5.09,0
COMP-SLA-13600,Drainage Complaint - COMP-SLA-13600,Slow drainage runoff on commercial market road,drainage,DEPT_DRAINAGE,2025-01-31T12:49:00,12,4,1,0,1,6.0,MEDIUM,0.1,0.7,0.1,0.1,1,6,88.26,0.8826,1,13.229956,80.190686,7,0,10.43,1
COMP-SLA-11314,Streetlights Complaint - COMP-SLA-11314,Single street lamp bulb burnt out on quiet street,streetlights,DEPT_ELECTRICITY,2025-06-10T14:07:00,14,1,6,0,1,4.0,MEDIUM,0.1,0.7,0.1,0.1,1,3,46.32,0.4632,0,13.225869,80.404409,9,0,4.76,1
COMP-SLA-10257,Streetlights Complaint - COMP-SLA-10257,Flickering streetlight fixture on main road,streetlights,DEPT_ELECTRICITY,2025-05-04T02:23:00,2,6,5,1,0,2.0,HIGH,0.1,0.1,0.7,0.1,1,5,59.38,0.5938,0,13.00821,80.194677,6,0,14.02,1
COMP-SLA-12155,Infrastructure Complaint - COMP-SLA-12155,Damaged bus shelter roof leaning precariously,infrastructure,DEPT_WORKS,2025-03-26T20:45:00,20,2,3,0,0,12.0,HIGH,0.1,0.1,0.7,0.1,1,5,12.01,0.1201,0,13.104004,80.34697,6,0,12.31,1
COMP-SLA-12259,Streetlights Complaint - COMP-SLA-12259,Single street lamp bulb burnt out on quiet street,streetlights,DEPT_ELECTRICITY,2025-04-27T08:25:00,8,6,4,1,0,4.0,MEDIUM,0.1,0.7,0.1,0.1,5,30,76.08,0.7608,1,13.132615,80.126677,9,0,17.01,1
COMP-SLA-11730,Roads Complaint - COMP-SLA-11730,Road cave-in reported on highway access lane,roads,DEPT_ROADS,2025-02-11T18:44:00,18,1,2,0,1,12.0,MEDIUM,0.1,0.7,0.1,0.1,1,4,73.89,0.7389,1,13.212446,80.140738,7,0,15.64,1
COMP-SLA-11594,Streetlights Complaint - COMP-SLA-11594,Live high-voltage electric wire hanging dangerously low near school,streetlights,DEPT_ELECTRICITY,2025-01-14T00:30:00,0,1,1,0,0,2.0,HIGH,0.1,0.1,0.7,0.1,1,6,93.45,0.9345,1,12.985972,80.160745,9,2,17.97,1
COMP-SLA-12005,Garbage Complaint - COMP-SLA-12005,Illegal dumping of commercial debris in public park,garbage,DEPT_SANITATION,2025-02-26T14:29:00,14,2,2,0,1,12.0,MEDIUM,0.1,0.7,0.1,0.1,1,3,38.03,0.3803,0,13.06859,80.293891,8,0,2.67,0
COMP-SLA-13876,Streetlights Complaint - COMP-SLA-13876,Flickering streetlight fixture on main road,streetlights,DEPT_ELECTRICITY,2025-03-01T15:32:00,15,5,3,1,0,4.0,MEDIUM,0.1,0.7,0.1,0.1,1,6,46.75,0.4675,0,13.007851,80.256325,6,0,5.59,1
COMP-SLA-14173,Roads Complaint - COMP-SLA-14173,Road surface cracked and unpaved causing risk for two-wheelers,roads,DEPT_ROADS,2025-01-06T01:35:00,1,0,1,0,0,6.0,HIGH,0.1,0.1,0.7,0.1,1,6,74.95,0.7495,1,13.14813,80.157698,9,0,14.05,1
COMP-SLA-10691,Streetlights Complaint - COMP-SLA-10691,Sparking electrical transformer near residential area,streetlights,DEPT_ELECTRICITY,2025-04-24T19:33:00,19,3,4,0,0,4.0,MEDIUM,0.1,0.7,0.1,0.1,1,6,67.44,0.6744,1,13.161777,80.223314,6,1,16.57,1
COMP-SLA-14083,Drainage Complaint - COMP-SLA-14083,Open manhole cover on main sidewalk presents fatal hazard,drainage,DEPT_DRAINAGE,2025-05-24T09:35:00,9,5,5,1,0,3.0,HIGH,0.1,0.1,0.7,0.1,2,4,70.35,0.7035,1,13.213296,80.185809,9,2,15.2,1
COMP-SLA-10292,Streetlights Complaint - COMP-SLA-10292,Entire street light network down making dark alley unsafe at night,streetlights,DEPT_ELECTRICITY,2025-06-17T02:45:00,2,1,6,0,0,1.0,CRITICAL,0.1,0.1,0.1,0.7,1,5,7.4,0.074,0,12.961255,80.184726,11,0,6.29,1
COMP-SLA-13912,Infrastructure Complaint - COMP-SLA-13912,Pedestrian footbridge concrete pillar showing structural cracks,infrastructure,DEPT_WORKS,2025-03-28T00:27:00,0,4,3,0,0,6.0,CRITICAL,0.1,0.1,0.1,0.7,1,3,41.59,0.4159,0,12.955958,80.352523,7,0,11.15,1
COMP-SLA-13560,Water Complaint - COMP-SLA-13560,Low water pressure in residential high-rise complex,water,DEPT_WATER,2025-06-17T02:35:00,2,1,6,0,0,4.0,MEDIUM,0.1,0.7,0.1,0.1,1,4,28.23,0.2823,0,13.092389,80.184077,7,0,10.92,1
COMP-SLA-11243,Water Complaint - COMP-SLA-11243,Main pipeline burst wasting thousands of liters of clean water,water,DEPT_WATER,2025-06-13T11:29:00,11,4,6,0,1,2.0,HIGH,0.1,0.1,0.7,0.1,1,6,23.44,0.2344,0,12.957082,80.337983,10,1,2.06,1
COMP-SLA-11504,Infrastructure Complaint - COMP-SLA-11504,Damaged bus shelter roof leaning precariously,infrastructure,DEPT_WORKS,2025-02-21T08:01:00,8,4,2,0,1,12.0,HIGH,0.1,0.1,0.7,0.1,1,6,17.87,0.1787,0,13.134073,80.409657,6,0,3.51,0
COMP-SLA-10872,Water Complaint - COMP-SLA-10872,Minor leak near public water standpost,water,DEPT_WATER,2025-05-03T23:04:00,23,5,5,1,0,4.0,MEDIUM,0.1,0.7,0.1,0.1,1,2,19.62,0.1962,0,13.049398,80.391776,6,0,7.98,1
COMP-SLA-10264,Streetlights Complaint - COMP-SLA-10264,Flickering streetlight fixture on main road,streetlights,DEPT_ELECTRICITY,2025-05-20T01:50:00,1,1,5,0,0,2.0,HIGH,0.1,0.1,0.7,0.1,3,18,77.17,0.7717,1,13.223228,80.33119,6,0,16.82,1
COMP-SLA-11819,Infrastructure Complaint - COMP-SLA-11819,Collapsed public park boundary wall blocking walkway,infrastructure,DEPT_WORKS,2025-05-03T03:08:00,3,5,5,1,0,6.0,CRITICAL,0.1,0.1,0.1,0.7,1,1,41.25,0.4125,0,13.183731,80.19603,7,2,8.56,1
COMP-SLA-12530,Garbage Complaint - COMP-SLA-12530,Uncollected garbage pile attracting stray animals near hospital gate,garbage,DEPT_SANITATION,2025-02-12T02:32:00,2,2,2,0,0,6.0,HIGH,0.1,0.1,0.7,0.1,1,6,52.42,0.5242,0,13.132021,80.242047,9,1,38.08,1
COMP-SLA-10606,Water Complaint - COMP-SLA-10606,Minor leak near public water standpost,water,DEPT_WATER,2025-03-29T17:49:00,17,5,3,1,0,6.0,LOW,0.7,0.1,0.1,0.1,3,18,86.08,0.8608,1,12.935935,80.25691,6,0,14.03,1
COMP-SLA-12124,Garbage Complaint - COMP-SLA-12124,Minor littering near bus shelter,garbage,DEPT_SANITATION,2025-06-20T01:21:00,1,4,6,0,0,18.0,LOW,0.7,0.1,0.1,0.1,1,2,51.38,0.5138,0,13.07744,80.320727,5,0,17.0,0
COMP-SLA-10057,Roads Complaint - COMP-SLA-10057,Minor tar peeling on residential side street,roads,DEPT_ROADS,2025-05-05T07:17:00,7,0,5,0,0,18.0,LOW,0.7,0.1,0.1,0.1,1,6,31.93,0.3193,0,13.063451,80.129407,7,0,13.15,0
COMP-SLA-11028,Infrastructure Complaint - COMP-SLA-11028,Minor paint peeling on government office gate,infrastructure,DEPT_WORKS,2025-04-25T04:21:00,4,4,4,0,0,24.0,MEDIUM,0.1,0.7,0.1,0.1,1,6,89.31,0.8931,1,13.019952,80.307741,7,0,47.34,1
COMP-SLA-11316,Other Complaint - COMP-SLA-11316,General inquiry regarding municipal service timing,other,DEPT_GENERAL,2025-02-19T03:48:00,3,2,2,0,0,18.0,LOW,0.7,0.1,0.1,0.1,1,5,29.01,0.2901,0,13.002241,80.21286,6,0,21.72,1
COMP-SLA-12874,Water Complaint - COMP-SLA-12874,Low water pressure in residential high-rise complex,water,DEPT_WATER,2025-04-13T13:04:00,13,6,4,1,0,2.0,HIGH,0.1,0.1,0.7,0.1,1,1,42.62,0.4262,0,13.026288,80.212624,7,0,9.87,1
COMP-SLA-13317,Infrastructure Complaint - COMP-SLA-13317,Pedestrian footbridge concrete pillar showing structural cracks,infrastructure,DEPT_WORKS,2025-05-27T19:24:00,19,1,5,0,0,12.0,HIGH,0.1,0.1,0.7,0.1,1,4,40.33,0.4033,0,13.190614,80.182432,7,0,9.78,0
COMP-SLA-10810,Streetlights Complaint - COMP-SLA-10810,Single street lamp bulb burnt out on quiet street,streetlights,DEPT_ELECTRICITY,2025-05-24T20:07:00,20,5,5,1,0,4.0,MEDIUM,0.1,0.7,0.1,0.1,3,15,90.74,0.9074,1,13.125874,80.146246,9,0,19.66,1
COMP-SLA-12108,Roads Complaint - COMP-SLA-12108,Massive pothole causing severe traffic delay near main intersection,roads,DEPT_ROADS,2025-02-09T21:32:00,21,6,2,1,0,6.0,HIGH,0.1,0.1,0.7,0.1,1,5,21.43,0.2143,0,13.170031,80.181038,9,0,15.46,1
COMP-SLA-11026,Water Complaint - COMP-SLA-11026,Minor leak near public water standpost,water,DEPT_WATER,2025-01-07T18:50:00,18,1,1,0,1,6.0,LOW,0.7,0.1,0.1,0.1,1,2,80.94,0.8094,1,13.047334,80.296607,6,0,5.61,0
COMP-SLA-11414,Other Complaint - COMP-SLA-11414,Unauthorized hawker encroachment blocking shop entrance,other,DEPT_GENERAL,2025-05-11T11:43:00,11,6,5,1,0,12.0,MEDIUM,0.1,0.7,0.1,0.1,1,2,9.37,0.0937,0,13.142455,80.393899,6,1,13.42,1
COMP-SLA-12360,Roads Complaint - COMP-SLA-12360,Massive pothole causing severe traffic delay near main intersection,roads,DEPT_ROADS,2025-06-24T23:28:00,23,1,6,0,0,3.0,CRITICAL,0.1,0.1,0.1,0.7,1,1,17.75,0.1775,0,12.941622,80.237926,9,0,11.95,1
COMP-SLA-11974,Other Complaint - COMP-SLA-11974,Stray dog menace near elementary school playground,other,DEPT_GENERAL,2025-06-12T06:03:00,6,3,6,0,0,6.0,HIGH,0.1,0.1,0.7,0.1,1,2,14.18,0.1418,0,13.015799,80.335018,7,1,8.37,1
COMP-SLA-11806,Other Complaint - COMP-SLA-11806,Stray dog menace near elementary school playground,other,DEPT_GENERAL,2025-03-17T18:12:00,18,0,3,0,1,6.0,HIGH,0.1,0.1,0.7,0.1,1,6,50.93,0.5093,0,13.062135,80.221894,7,1,6.26,1
COMP-SLA-11813,Other Complaint - COMP-SLA-11813,Noise pollution from unauthorized loudspeaker after midnight,other,DEPT_GENERAL,2025-02-09T00:09:00,0,6,2,1,0,12.0,MEDIUM,0.1,0.7,0.1,0.1,1,3,40.13,0.4013,0,13.22973,80.399756,7,0,12.73,1
COMP-SLA-12494,Drainage Complaint - COMP-SLA-12494,Open manhole cover on main sidewalk presents fatal hazard,drainage,DEPT_DRAINAGE,2025-03-15T17:27:00,17,5,3,1,0,3.0,HIGH,0.1,0.1,0.7,0.1,1,6,90.79,0.9079,1,13.070783,80.303599,9,2,13.19,1
COMP-SLA-11766,Drainage Complaint - COMP-SLA-11766,Clogged storm drain causing severe waterlogging during rain,drainage,DEPT_DRAINAGE,2025-04-04T19:56:00,19,4,4,0,0,3.0,HIGH,0.1,0.1,0.7,0.1,3,3,69.14,0.6914,1,12.99704,80.246545,8,0,11.76,1
COMP-SLA-10013,Infrastructure Complaint - COMP-SLA-10013,Damaged bus shelter roof leaning precariously,infrastructure,DEPT_WORKS,2025-03-17T13:10:00,13,0,3,0,1,24.0,MEDIUM,0.1,0.7,0.1,0.1,1,5,83.21,0.8321,1,13.068817,80.406845,6,0,36.58,1
COMP-SLA-11205,Roads Complaint - COMP-SLA-11205,Massive pothole causing severe traffic delay near main intersection,roads,DEPT_ROADS,2025-05-15T03:32:00,3,3,5,0,0,6.0,HIGH,0.1,0.1,0.7,0.1,1,3,14.91,0.1491,0,13.052081,80.26617,9,0,7.06,1
COMP-SLA-10323,Roads Complaint - COMP-SLA-10323,Road cave-in reported on highway access lane,roads,DEPT_ROADS,2025-06-25T20:41:00,20,2,6,0,0,6.0,HIGH,0.1,0.1,0.7,0.1,1,1,87.16,0.8716,1,12.957912,80.296536,7,0,21.69,1
COMP-SLA-11752,Drainage Complaint - COMP-SLA-11752,Open manhole cover on main sidewalk presents fatal hazard,drainage,DEPT_DRAINAGE,2025-06-06T17:31:00,17,4,6,0,1,3.0,HIGH,0.1,0.1,0.7,0.1,1,4,59.25,0.5925,0,13.048042,80.165675,9,2,0.51,0
COMP-SLA-10619,Garbage Complaint - COMP-SLA-10619,Uncollected garbage pile attracting stray animals near hospital gate,garbage,DEPT_SANITATION,2025-06-04T04:24:00,4,2,6,0,0,6.0,HIGH,0.1,0.1,0.7,0.1,1,2,53.78,0.5378,0,13.129618,80.390669,9,1,19.85,1
COMP-SLA-13196,Water Complaint - COMP-SLA-13196,Minor leak near public water standpost,water,DEPT_WATER,2025-04-10T18:10:00,18,3,4,0,1,6.0,LOW,0.7,0.1,0.1,0.1,1,3,67.6,0.676,1,12.977284,80.179911,6,0,5.04,0
COMP-SLA-11870,Roads Complaint - COMP-SLA-11870,Deep crater formed after rains near public school gate,roads,DEPT_ROADS,2025-04-08T15:00:00,15,1,4,0,1,12.0,MEDIUM,0.1,0.7,0.1,0.1,1,2,61.88,0.6188,1,12.947446,80.298935,9,2,14.67,1
COMP-SLA-11537,Water Complaint - COMP-SLA-11537,No water supply for last 48 hours in entire neighborhood block,water,DEPT_WATER,2025-04-26T19:53:00,19,5,4,1,0,2.0,HIGH,0.1,0.1,0.7,0.1,1,5,12.1,0.121,0,13.192781,80.345283,11,0,13.77,1
COMP-SLA-13342,Garbage Complaint - COMP-SLA-13342,Foul smell from uncleared waste bin near apartment entrance,garbage,DEPT_SANITATION,2025-03-17T04:53:00,4,0,3,0,0,6.0,HIGH,0.1,0.1,0.7,0.1,8,48,66.19,0.6619,1,12.958063,80.343264,9,0,21.48,1
COMP-SLA-13197,Streetlights Complaint - COMP-SLA-13197,Entire street light network down making dark alley unsafe at night,streetlights,DEPT_ELECTRICITY,2025-05-29T18:38:00,18,3,5,0,1,1.0,CRITICAL,0.1,0.1,0.1,0.7,1,1,31.64,0.3164,0,13.03472,80.406881,11,0,1.98,1
COMP-SLA-12477,Infrastructure Complaint - COMP-SLA-12477,Collapsed public park boundary wall blocking walkway,infrastructure,DEPT_WORKS,2025-01-01T19:54:00,19,2,1,0,0,12.0,HIGH,0.1,0.1,0.7,0.1,1,1,37.52,0.3752,0,13.208199,80.16695,7,2,5.68,0
COMP-SLA-10671,Infrastructure Complaint - COMP-SLA-10671,Damaged bus shelter roof leaning precariously,infrastructure,DEPT_WORKS,2025-04-06T14:34:00,14,6,4,1,0,24.0,MEDIUM,0.1,0.7,0.1,0.1,1,1,11.54,0.1154,0,13.22534,80.280793,6,0,11.24,0
COMP-SLA-11021,Infrastructure Complaint - COMP-SLA-11021,Minor paint peeling on government office gate,infrastructure,DEPT_WORKS,2025-06-27T14:30:00,14,4,6,0,1,36.0,LOW,0.7,0.1,0.1,0.1,1,1,78.59,0.7859,1,13.026657,80.313267,7,0,36.94,1
COMP-SLA-13610,Streetlights Complaint - COMP-SLA-13610,Flickering streetlight fixture on main road,streetlights,DEPT_ELECTRICITY,2025-02-02T20:42:00,20,6,2,1,0,4.0,MEDIUM,0.1,0.7,0.1,0.1,1,5,91.15,0.9115,1,13.047607,80.342585,6,0,25.34,1
COMP-SLA-13225,Streetlights Complaint - COMP-SLA-13225,Flickering streetlight fixture on main road,streetlights,DEPT_ELECTRICITY,2025-01-31T14:01:00,14,4,1,0,1,2.0,HIGH,0.1,0.1,0.7,0.1,1,6,46.81,0.4681,0,12.933093,80.179463,6,0,0.25,0
COMP-SLA-10656,Streetlights Complaint - COMP-SLA-10656,Flickering streetlight fixture on main road,streetlights,DEPT_ELECTRICITY,2025-04-05T20:29:00,20,5,4,1,0,4.0,MEDIUM,0.1,0.7,0.1,0.1,1,4,59.59,0.5959,0,13.143871,80.121109,6,0,13.32,1
COMP-SLA-11331,Roads Complaint - COMP-SLA-11331,Minor tar peeling on residential side street,roads,DEPT_ROADS,2025-05-27T14:39:00,14,1,5,0,1,18.0,LOW,0.7,0.1,0.1,0.1,1,6,6.94,0.0694,0,13.127752,80.177966,7,0,10.21,0
COMP-SLA-13838,Drainage Complaint - COMP-SLA-13838,Slow drainage runoff on commercial market road,drainage,DEPT_DRAINAGE,2025-02-17T04:20:00,4,0,2,0,0,9.0,LOW,0.7,0.1,0.1,0.1,1,5,33.55,0.3355,0,12.960474,80.20037,7,0,11.13,1
COMP-SLA-12476,Streetlights Complaint - COMP-SLA-12476,Flickering streetlight fixture on main road,streetlights,DEPT_ELECTRICITY,2025-04-11T00:48:00,0,4,4,0,0,2.0,HIGH,0.1,0.1,0.7,0.1,3,9,65.24,0.6524,1,13.136534,80.275294,6,0,19.31,1
COMP-SLA-10417,Water Complaint - COMP-SLA-10417,Minor leak near public water standpost,water,DEPT_WATER,2025-04-07T01:27:00,1,0,4,0,0,6.0,LOW,0.7,0.1,0.1,0.1,1,3,15.29,0.1529,0,13.016434,80.199972,6,0,5.51,0
COMP-SLA-11408,Roads Complaint - COMP-SLA-11408,Minor tar peeling on residential side street,roads,DEPT_ROADS,2025-03-28T07:23:00,7,4,3,0,0,18.0,LOW,0.7,0.1,0.1,0.1,1,4,46.62,0.4662,0,12.975114,80.408816,7,0,25.06,1
COMP-SLA-13568,Streetlights Complaint - COMP-SLA-13568,Flickering streetlight fixture on main road,streetlights,DEPT_ELECTRICITY,2025-05-31T12:24:00,12,5,5,1,0,2.0,HIGH,0.1,0.1,0.7,0.1,1,1,49.34,0.4934,0,13.05819,80.4195,6,0,12.15,1
COMP-SLA-10228,Water Complaint - COMP-SLA-10228,No water supply for last 48 hours in entire neighborhood block,water,DEPT_WATER,2025-03-19T04:42:00,4,2,3,0,0,4.0,MEDIUM,0.1,0.7,0.1,0.1,1,5,26.14,0.2614,0,13.089075,80.244768,11,0,14.88,1
COMP-SLA-13788,Roads Complaint - COMP-SLA-13788,Road cave-in reported on highway access lane,roads,DEPT_ROADS,2025-01-02T09:20:00,9,3,1,0,1,6.0,HIGH,0.1,0.1,0.7,0.1,1,1,21.91,0.2191,0,13.058007,80.297429,7,0,2.62,0
COMP-SLA-12662,Drainage Complaint - COMP-SLA-12662,Overflowing sewage line flooding residential street and homes,drainage,DEPT_DRAINAGE,2025-05-30T06:16:00,6,4,5,0,0,1.5,CRITICAL,0.1,0.1,0.1,0.7,1,2,13.16,0.1316,0,13.138144,80.201487,8,2,11.98,1
COMP-SLA-13383,Drainage Complaint - COMP-SLA-13383,Open manhole cover on main sidewalk presents fatal hazard,drainage,DEPT_DRAINAGE,2025-06-15T19:27:00,19,6,6,1,0,6.0,MEDIUM,0.1,0.7,0.1,0.1,1,6,19.4,0.194,0,13.089418,80.229498,9,2,13.75,1
COMP-SLA-10870,Drainage Complaint - COMP-SLA-10870,Overflowing sewage line flooding residential street and homes,drainage,DEPT_DRAINAGE,2025-01-07T05:12:00,5,1,1,0,0,1.5,CRITICAL,0.1,0.1,0.1,0.7,1,2,26.96,0.2696,0,12.953547,80.409598,8,2,9.98,1
COMP-SLA-11279,Streetlights Complaint - COMP-SLA-11279,Single street lamp bulb burnt out on quiet street,streetlights,DEPT_ELECTRICITY,2025-05-19T12:30:00,12,0,5,0,1,4.0,MEDIUM,0.1,0.7,0.1,0.1,1,3,32.36,0.3236,0,13.211662,80.12447,9,0,0.43,0
COMP-SLA-13216,Garbage Complaint - COMP-SLA-13216,Foul smell from uncleared waste bin near apartment entrance,garbage,DEPT_SANITATION,2025-03-13T05:29:00,5,3,3,0,0,6.0,HIGH,0.1,0.1,0.7,0.1,1,3,58.94,0.5894,0,13.166521,80.215367,9,0,9.44,1
COMP-SLA-12758,Other Complaint - COMP-SLA-12758,Stray dog menace near elementary school playground,other,DEPT_GENERAL,2025-01-25T02:30:00,2,5,1,1,0,3.0,CRITICAL,0.1,0.1,0.1,0.7,1,3,32.68,0.3268,0,13.132369,80.397648,7,1,11.76,1
COMP-SLA-13781,Roads Complaint - COMP-SLA-13781,Road cave-in reported on highway access lane,roads,DEPT_ROADS,2025-02-17T02:58:00,2,0,2,0,0,6.0,HIGH,0.1,0.1,0.7,0.1,1,3,46.53,0.4653,0,13.040036,80.264103,7,0,14.47,1
COMP-SLA-10184,Drainage Complaint - COMP-SLA-10184,Slow drainage runoff on commercial market road,drainage,DEPT_DRAINAGE,2025-05-08T20:34:00,20,3,5,0,0,9.0,LOW,0.7,0.1,0.1,0.1,1,6,45.88,0.4588,0,13.019601,80.407695,7,0,21.28,1
COMP-SLA-12612,Roads Complaint - COMP-SLA-12612,Road surface cracked and unpaved causing risk for two-wheelers,roads,DEPT_ROADS,2025-06-14T16:37:00,16,5,6,1,0,6.0,HIGH,0.1,0.1,0.7,0.1,2,6,75.2,0.752,1,12.972076,80.368393,9,0,11.39,1
COMP-SLA-11217,Infrastructure Complaint - COMP-SLA-11217,Pedestrian footbridge concrete pillar showing structural cracks,infrastructure,DEPT_WORKS,2025-02-02T00:10:00,0,6,2,1,0,6.0,CRITICAL,0.1,0.1,0.1,0.7,1,1,18.75,0.1875,0,13.088682,80.157143,7,0,4.75,0
COMP-SLA-10487,Water Complaint - COMP-SLA-10487,Main pipeline burst wasting thousands of liters of clean water,water,DEPT_WATER,2025-02-11T10:14:00,10,1,2,0,1,2.0,HIGH,0.1,0.1,0.7,0.1,3,18,67.49,0.6749,1,13.026745,80.316604,10,1,4.44,1
COMP-SLA-11223,Streetlights Complaint - COMP-SLA-11223,Single street lamp bulb burnt out on quiet street,streetlights,DEPT_ELECTRICITY,2025-01-18T11:40:00,11,5,1,1,0,6.0,LOW,0.7,0.1,0.1,0.1,1,2,59.74,0.5974,0,13.100447,80.188509,9,0,9.12,1
COMP-SLA-11653,Roads Complaint - COMP-SLA-11653,Road surface cracked and unpaved causing risk for two-wheelers,roads,DEPT_ROADS,2025-01-12T06:29:00,6,6,1,1,0,3.0,CRITICAL,0.1,0.1,0.1,0.7,1,6,6.9,0.069,0,13.056408,80.419487,9,0,14.54,1
COMP-SLA-10140,Other Complaint - COMP-SLA-10140,General inquiry regarding municipal service timing,other,DEPT_GENERAL,2025-06-24T18:41:00,18,1,6,0,1,12.0,MEDIUM,0.1,0.7,0.1,0.1,5,15,82.1,0.821,1,13.123289,80.308057,6,0,34.15,1
COMP-SLA-10734,Infrastructure Complaint - COMP-SLA-10734,Pedestrian footbridge concrete pillar showing structural cracks,infrastructure,DEPT_WORKS,2025-04-24T12:00:00,12,3,4,0,1,12.0,HIGH,0.1,0.1,0.7,0.1,1,3,92.91,0.9291,1,13.205637,80.238593,7,0,8.76,0
COMP-SLA-10267,Roads Complaint - COMP-SLA-10267,Minor tar peeling on residential side street,roads,DEPT_ROADS,2025-03-30T00:30:00,0,6,3,1,0,18.0,LOW,0.7,0.1,0.1,0.1,1,6,91.36,0.9136,1,12.964065,80.245493,7,0,24.33,1
COMP-SLA-12345,Other Complaint - COMP-SLA-12345,General inquiry regarding municipal service timing,other,DEPT_GENERAL,2025-06-10T10:30:00,10,1,6,0,1,12.0,MEDIUM,0.1,0.7,0.1,0.1,1,6,8.68,0.0868,0,13.155276,80.201075,6,0,23.88,1
COMP-SLA-13471,Infrastructure Complaint - COMP-SLA-13471,Broken railing on canal overbridge,infrastructure,DEPT_WORKS,2025-05-08T08:00:00,8,3,5,0,1,12.0,HIGH,0.1,0.1,0.7,0.1,1,3,36.57,0.3657,0,13.070413,80.187054,5,0,0.2,0
COMP-SLA-10064,Roads Complaint - COMP-SLA-10064,Road surface cracked and unpaved causing risk for two-wheelers,roads,DEPT_ROADS,2025-06-01T22:53:00,22,6,6,1,0,6.0,HIGH,0.1,0.1,0.7,0.1,8,48,73.39,0.7339,1,13.120873,80.15127,9,0,19.52,1
COMP-SLA-12484,Infrastructure Complaint - COMP-SLA-12484,Broken railing on canal overbridge,infrastructure,DEPT_WORKS,2025-05-12T07:53:00,7,0,5,0,0,24.0,MEDIUM,0.1,0.7,0.1,0.1,1,1,3.98,0.0398,0,13.028183,80.261686,5,0,11.23,0
COMP-SLA-14055,Drainage Complaint - COMP-SLA-14055,Overflowing sewage line flooding residential street and homes,drainage,DEPT_DRAINAGE,2025-04-16T07:49:00,7,2,4,0,0,1.5,CRITICAL,0.1,0.1,0.1,0.7,1,5,71.42,0.7142,1,13.045304,80.174377,8,2,15.35,1
COMP-SLA-11897,Other Complaint - COMP-SLA-11897,Unauthorized hawker encroachment blocking shop entrance,other,DEPT_GENERAL,2025-03-06T12:14:00,12,3,3,0,1,12.0,MEDIUM,0.1,0.7,0.1,0.1,3,15,69.25,0.6925,1,12.943629,80.147563,6,1,14.53,1
COMP-SLA-13964,Drainage Complaint - COMP-SLA-13964,Overflowing sewage line flooding residential street and homes,drainage,DEPT_DRAINAGE,2025-03-10T11:30:00,11,0,3,0,1,1.5,CRITICAL,0.1,0.1,0.1,0.7,1,6,32.8,0.328,0,13.029784,80.173946,8,2,0.92,0
COMP-SLA-11095,Garbage Complaint - COMP-SLA-11095,Overflowing community dump bin spilling onto main road,garbage,DEPT_SANITATION,2025-02-22T11:40:00,11,5,2,1,0,6.0,HIGH,0.1,0.1,0.7,0.1,1,2,69.72,0.6972,1,13.019098,80.299594,8,1,16.34,1
COMP-SLA-13550,Roads Complaint - COMP-SLA-13550,Road surface cracked and unpaved causing risk for two-wheelers,roads,DEPT_ROADS,2025-01-27T15:58:00,15,0,1,0,1,3.0,CRITICAL,0.1,0.1,0.1,0.7,1,3,5.31,0.0531,0,13.211367,80.366437,9,0,1.74,0
COMP-SLA-11506,Roads Complaint - COMP-SLA-11506,Road surface cracked and unpaved causing risk for two-wheelers,roads,DEPT_ROADS,2025-03-15T11:05:00,11,5,3,1,0,6.0,HIGH,0.1,0.1,0.7,0.1,1,2,44.89,0.4489,0,13.112115,80.257577,9,0,9.87,1
COMP-SLA-13914,Roads Complaint - COMP-SLA-13914,Massive pothole causing severe traffic delay near main intersection,roads,DEPT_ROADS,2025-01-14T05:58:00,5,1,1,0,0,3.0,CRITICAL,0.1,0.1,0.1,0.7,3,15,88.19,0.8819,1,13.227553,80.170217,9,0,24.18,1
COMP-SLA-13908,Drainage Complaint - COMP-SLA-13908,Clogged storm drain causing severe waterlogging during rain,drainage,DEPT_DRAINAGE,2025-04-14T09:57:00,9,0,4,0,1,1.5,CRITICAL,0.1,0.1,0.1,0.7,1,6,50.83,0.5083,0,13.217743,80.343536,8,0,0.39,0
COMP-SLA-12338,Other Complaint - COMP-SLA-12338,Unsanitary public toilet conditions in central market,other,DEPT_GENERAL,2025-06-27T06:50:00,6,4,6,0,0,3.0,CRITICAL,0.1,0.1,0.1,0.7,1,1,59.25,0.5925,0,13.008002,80.208395,7,0,13.16,1
COMP-SLA-13817,Drainage Complaint - COMP-SLA-13817,Foul stench and black water coming from open drainage pipe,drainage,DEPT_DRAINAGE,2025-04-12T02:28:00,2,5,4,1,0,3.0,HIGH,0.1,0.1,0.7,0.1,1,3,89.97,0.8997,1,12.970882,80.22779,10,0,15.59,1
COMP-SLA-12647,Roads Complaint - COMP-SLA-12647,Massive pothole causing severe traffic delay near main intersection,roads,DEPT_ROADS,2025-05-03T20:35:00,20,5,5,1,0,3.0,CRITICAL,0.1,0.1,0.1,0.7,1,4,36.71,0.3671,0,13.136626,80.25324,9,0,16.92,1
COMP-SLA-12776,Water Complaint - COMP-SLA-12776,No water supply for last 48 hours in entire neighborhood block,water,DEPT_WATER,2025-04-06T06:03:00,6,6,4,1,0,4.0,MEDIUM,0.1,0.7,0.1,0.1,1,2,0.98,0.0098,0,13.008989,80.216039,11,0,5.65,1
COMP-SLA-12280,Streetlights Complaint - COMP-SLA-12280,Live high-voltage electric wire hanging dangerously low near school,streetlights,DEPT_ELECTRICITY,2025-05-13T16:25:00,16,1,5,0,1,1.0,CRITICAL,0.1,0.1,0.1,0.7,1,3,5.47,0.0547,0,13.110097,80.190827,9,2,0.2,0
COMP-SLA-11671,Streetlights Complaint - COMP-SLA-11671,Single street lamp bulb burnt out on quiet street,streetlights,DEPT_ELECTRICITY,2025-03-24T14:10:00,14,0,3,0,1,6.0,LOW,0.7,0.1,0.1,0.1,1,1,32.08,0.3208,0,13.137102,80.418526,9,0,2.01,0
COMP-SLA-12532,Streetlights Complaint - COMP-SLA-12532,Single street lamp bulb burnt out on quiet street,streetlights,DEPT_ELECTRICITY,2025-06-27T15:51:00,15,4,6,0,1,6.0,LOW,0.7,0.1,0.1,0.1,3,18,94.64,0.9464,1,13.067625,80.128449,9,0,14.56,1
COMP-SLA-10280,Other Complaint - COMP-SLA-10280,General inquiry regarding municipal service timing,other,DEPT_GENERAL,2025-03-10T17:52:00,17,0,3,0,1,18.0,LOW,0.7,0.1,0.1,0.1,8,48,71.89,0.7189,1,13.229968,80.283313,6,0,26.54,1
COMP-SLA-12616,Streetlights Complaint - COMP-SLA-12616,Entire street light network down making dark alley unsafe at night,streetlights,DEPT_ELECTRICITY,2025-02-14T02:41:00,2,4,2,0,0,2.0,HIGH,0.1,0.1,0.7,0.1,1,1,57.97,0.5797,0,13.085682,80.28734,11,0,8.01,1
COMP-SLA-13341,Drainage Complaint - COMP-SLA-13341,Slow drainage runoff on commercial market road,drainage,DEPT_DRAINAGE,2025-02-01T09:51:00,9,5,2,1,0,6.0,MEDIUM,0.1,0.7,0.1,0.1,1,5,24.23,0.2423,0,12.987073,80.407097,7,0,20.73,1
COMP-SLA-11724,Drainage Complaint - COMP-SLA-11724,Overflowing sewage line flooding residential street and homes,drainage,DEPT_DRAINAGE,2025-04-10T16:12:00,16,3,4,0,1,3.0,HIGH,0.1,0.1,0.7,0.1,1,1,77.36,0.7736,1,12.955217,80.321195,8,2,2.51,0
COMP-SLA-10359,Drainage Complaint - COMP-SLA-10359,Slow drainage runoff on commercial market road,drainage,DEPT_DRAINAGE,2025-02-18T14:13:00,14,1,2,0,1,9.0,LOW,0.7,0.1,0.1,0.1,1,5,46.02,0.4602,0,13.20673,80.242851,7,0,17.75,1
COMP-SLA-13059,Other Complaint - COMP-SLA-13059,Stray dog menace near elementary school playground,other,DEPT_GENERAL,2025-02-10T01:15:00,1,0,2,0,0,3.0,CRITICAL,0.1,0.1,0.1,0.7,2,2,87.01,0.8701,1,13.001745,80.134147,7,1,12.35,1
COMP-SLA-10300,Infrastructure Complaint - COMP-SLA-10300,Minor paint peeling on government office gate,infrastructure,DEPT_WORKS,2025-05-16T00:23:00,0,4,5,0,0,36.0,LOW,0.7,0.1,0.1,0.1,3,12,81.78,0.8178,1,13.212877,80.160295,7,0,16.0,0
COMP-SLA-11069,Streetlights Complaint - COMP-SLA-11069,Sparking electrical transformer near residential area,streetlights,DEPT_ELECTRICITY,2025-06-05T12:27:00,12,3,6,0,1,4.0,MEDIUM,0.1,0.7,0.1,0.1,8,8,85.3,0.853,1,12.992616,80.226575,6,1,10.48,1
COMP-SLA-13353,Other Complaint - COMP-SLA-13353,General inquiry regarding municipal service timing,other,DEPT_GENERAL,2025-01-19T23:59:00,23,6,1,1,0,12.0,MEDIUM,0.1,0.7,0.1,0.1,1,4,11.48,0.1148,0,12.933309,80.339016,6,0,25.22,1
COMP-SLA-11433,Streetlights Complaint - COMP-SLA-11433,Entire street light network down making dark alley unsafe at night,streetlights,DEPT_ELECTRICITY,2025-02-02T20:22:00,20,6,2,1,0,1.0,CRITICAL,0.1,0.1,0.1,0.7,2,12,83.94,0.8394,1,12.99513,80.242438,11,0,16.71,1
COMP-SLA-11489,Streetlights Complaint - COMP-SLA-11489,Live high-voltage electric wire hanging dangerously low near school,streetlights,DEPT_ELECTRICITY,2025-02-26T07:09:00,7,2,2,0,0,2.0,HIGH,0.1,0.1,0.7,0.1,1,4,30.35,0.3035,0,13.219026,80.162002,9,2,12.25,1
COMP-SLA-13556,Other Complaint - COMP-SLA-13556,Stray dog menace near elementary school playground,other,DEPT_GENERAL,2025-06-21T21:26:00,21,5,6,1,0,6.0,HIGH,0.1,0.1,0.7,0.1,3,15,91.53,0.9153,1,12.943514,80.293426,7,1,19.45,1
COMP-SLA-11500,Drainage Complaint - COMP-SLA-11500,Clogged storm drain causing severe waterlogging during rain,drainage,DEPT_DRAINAGE,2025-04-06T02:17:00,2,6,4,1,0,1.5,CRITICAL,0.1,0.1,0.1,0.7,1,3,73.19,0.7319,1,13.057946,80.127418,8,0,12.25,1
COMP-SLA-10416,Garbage Complaint - COMP-SLA-10416,Illegal dumping of commercial debris in public park,garbage,DEPT_SANITATION,2025-02-19T09:28:00,9,2,2,0,1,12.0,MEDIUM,0.1,0.7,0.1,0.1,1,2,17.76,0.1776,0,12.985928,80.325498,8,0,5.0,0
COMP-SLA-11873,Water Complaint - COMP-SLA-11873,No water supply for last 48 hours in entire neighborhood block,water,DEPT_WATER,2025-04-24T10:34:00,10,3,4,0,1,2.0,HIGH,0.1,0.1,0.7,0.1,1,3,74.34,0.7434,1,13.200439,80.292063,11,0,8.78,1
COMP-SLA-11162,Other Complaint - COMP-SLA-11162,Unauthorized hawker encroachment blocking shop entrance,other,DEPT_GENERAL,2025-01-05T14:00:00,14,6,1,1,0,6.0,HIGH,0.1,0.1,0.7,0.1,1,5,45.62,0.4562,0,13.072632,80.410466,6,1,6.76,1
COMP-SLA-13770,Water Complaint - COMP-SLA-13770,Minor leak near public water standpost,water,DEPT_WATER,2025-04-10T11:04:00,11,3,4,0,1,6.0,LOW,0.7,0.1,0.1,0.1,1,5,35.46,0.3546,0,13.17324,80.372101,6,0,0.52,0
COMP-SLA-11179,Garbage Complaint - COMP-SLA-11179,Foul smell from uncleared waste bin near apartment entrance,garbage,DEPT_SANITATION,2025-02-02T12:44:00,12,6,2,1,0,6.0,HIGH,0.1,0.1,0.7,0.1,1,3,11.31,0.1131,0,13.099782,80.334295,9,0,15.93,1
COMP-SLA-12686,Streetlights Complaint - COMP-SLA-12686,Single street lamp bulb burnt out on quiet street,streetlights,DEPT_ELECTRICITY,2025-03-14T05:24:00,5,4,3,0,0,6.0,LOW,0.7,0.1,0.1,0.1,1,6,44.47,0.4447,0,13.052754,80.163308,9,0,8.9,1
COMP-SLA-12171,Roads Complaint - COMP-SLA-12171,Road cave-in reported on highway access lane,roads,DEPT_ROADS,2025-05-30T15:36:00,15,4,5,0,1,12.0,MEDIUM,0.1,0.7,0.1,0.1,1,4,83.34,0.8334,1,12.988481,80.224715,7,0,13.48,1
COMP-SLA-13440,Garbage Complaint - COMP-SLA-13440,Foul smell from uncleared waste bin near apartment entrance,garbage,DEPT_SANITATION,2025-01-31T12:24:00,12,4,1,0,1,12.0,MEDIUM,0.1,0.7,0.1,0.1,1,1,37.91,0.3791,0,12.973832,80.336448,9,0,22.24,1
COMP-SLA-11261,Roads Complaint - COMP-SLA-11261,Road surface cracked and unpaved causing risk for two-wheelers,roads,DEPT_ROADS,2025-05-08T06:02:00,6,3,5,0,0,6.0,HIGH,0.1,0.1,0.7,0.1,1,6,32.26,0.3226,0,12.99607,80.25132,9,0,7.11,1
COMP-SLA-13651,Water Complaint - COMP-SLA-13651,Main pipeline burst wasting thousands of liters of clean water,water,DEPT_WATER,2025-04-21T22:48:00,22,0,4,0,0,1.0,CRITICAL,0.1,0.1,0.1,0.7,1,5,41.73,0.4173,0,13.196481,80.286278,10,1,6.02,1
COMP-SLA-12391,Water Complaint - COMP-SLA-12391,Minor leak near public water standpost,water,DEPT_WATER,2025-02-25T10:48:00,10,1,2,0,1,6.0,LOW,0.7,0.1,0.1,0.1,3,15,92.39,0.9239,1,13.098554,80.263938,6,0,6.75,1
COMP-SLA-11457,Roads Complaint - COMP-SLA-11457,Road surface cracked and unpaved causing risk for two-wheelers,roads,DEPT_ROADS,2025-01-24T00:27:00,0,4,1,0,0,6.0,HIGH,0.1,0.1,0.7,0.1,1,1,4.75,0.0475,0,13.170178,80.190623,9,0,12.78,1
COMP-SLA-11503,Streetlights Complaint - COMP-SLA-11503,Live high-voltage electric wire hanging dangerously low near school,streetlights,DEPT_ELECTRICITY,2025-04-21T14:26:00,14,0,4,0,1,1.0,CRITICAL,0.1,0.1,0.1,0.7,5,5,85.25,0.8525,1,12.985207,80.124681,9,2,12.28,1
COMP-SLA-11324,Roads Complaint - COMP-SLA-11324,Deep crater formed after rains near public school gate,roads,DEPT_ROADS,2025-05-18T11:28:00,11,6,5,1,0,6.0,HIGH,0.1,0.1,0.7,0.1,1,6,12.76,0.1276,0,13.209782,80.154009,9,2,5.78,0
COMP-SLA-13128,Infrastructure Complaint - COMP-SLA-13128,Damaged bus shelter roof leaning precariously,infrastructure,DEPT_WORKS,2025-03-19T12:13:00,12,2,3,0,1,12.0,HIGH,0.1,0.1,0.7,0.1,1,1,56.62,0.5662,0,13.178583,80.281234,6,0,0.71,0
COMP-SLA-10832,Infrastructure Complaint - COMP-SLA-10832,Pedestrian footbridge concrete pillar showing structural cracks,infrastructure,DEPT_WORKS,2025-04-21T13:17:00,13,0,4,0,1,6.0,CRITICAL,0.1,0.1,0.1,0.7,1,5,47.08,0.4708,0,12.969215,80.276189,7,0,2.53,0
COMP-SLA-10059,Garbage Complaint - COMP-SLA-10059,Foul smell from uncleared waste bin near apartment entrance,garbage,DEPT_SANITATION,2025-04-29T05:03:00,5,1,4,0,0,12.0,MEDIUM,0.1,0.7,0.1,0.1,1,3,43.2,0.432,0,13.010747,80.218906,9,0,12.0,0
COMP-SLA-10077,Other Complaint - COMP-SLA-10077,General inquiry regarding municipal service timing,other,DEPT_GENERAL,2025-05-14T12:28:00,12,2,5,0,1,18.0,LOW,0.7,0.1,0.1,0.1,1,4,55.91,0.5591,0,13.205251,80.209906,6,0,18.59,1
COMP-SLA-10369,Streetlights Complaint - COMP-SLA-10369,Sparking electrical transformer near residential area,streetlights,DEPT_ELECTRICITY,2025-02-08T16:48:00,16,5,2,1,0,4.0,MEDIUM,0.1,0.7,0.1,0.1,8,40,81.44,0.8144,1,13.004791,80.137732,6,1,14.13,1
COMP-SLA-14179,Other Complaint - COMP-SLA-14179,Noise pollution from unauthorized loudspeaker after midnight,other,DEPT_GENERAL,2025-03-02T10:14:00,10,6,3,1,0,12.0,MEDIUM,0.1,0.7,0.1,0.1,5,20,64.17,0.6417,1,13.216064,80.259689,7,0,20.19,1
COMP-SLA-12029,Infrastructure Complaint - COMP-SLA-12029,Pedestrian footbridge concrete pillar showing structural cracks,infrastructure,DEPT_WORKS,2025-01-05T08:10:00,8,6,1,1,0,12.0,HIGH,0.1,0.1,0.7,0.1,1,5,1.42,0.0142,0,13.063079,80.168189,7,0,15.16,1
COMP-SLA-13381,Other Complaint - COMP-SLA-13381,Unauthorized hawker encroachment blocking shop entrance,other,DEPT_GENERAL,2025-04-05T22:22:00,22,5,4,1,0,6.0,HIGH,0.1,0.1,0.7,0.1,1,3,65.66,0.6566,1,13.024849,80.339072,6,1,17.0,1
COMP-SLA-13776,Garbage Complaint - COMP-SLA-13776,Illegal dumping of commercial debris in public park,garbage,DEPT_SANITATION,2025-03-04T20:25:00,20,1,3,0,0,12.0,MEDIUM,0.1,0.7,0.1,0.1,1,3,55.89,0.5589,0,13.034213,80.177414,8,0,30.86,1
COMP-SLA-12348,Garbage Complaint - COMP-SLA-12348,Minor littering near bus shelter,garbage,DEPT_SANITATION,2025-03-12T06:29:00,6,2,3,0,0,12.0,MEDIUM,0.1,0.7,0.1,0.1,1,4,7.82,0.0782,0,12.948069,80.339022,5,0,16.21,1
COMP-SLA-12511,Streetlights Complaint - COMP-SLA-12511,Live high-voltage electric wire hanging dangerously low near school,streetlights,DEPT_ELECTRICITY,2025-01-07T20:52:00,20,1,1,0,0,2.0,HIGH,0.1,0.1,0.7,0.1,1,5,36.86,0.3686,0,13.079236,80.395323,9,2,4.46,1
COMP-SLA-11587,Streetlights Complaint - COMP-SLA-11587,Entire street light network down making dark alley unsafe at night,streetlights,DEPT_ELECTRICITY,2025-01-06T13:30:00,13,0,1,0,1,2.0,HIGH,0.1,0.1,0.7,0.1,1,6,28.55,0.2855,0,13.014357,80.402682,11,0,1.66,0
COMP-SLA-12587,Water Complaint - COMP-SLA-12587,Main pipeline burst wasting thousands of liters of clean water,water,DEPT_WATER,2025-04-13T00:18:00,0,6,4,1,0,2.0,HIGH,0.1,0.1,0.7,0.1,1,1,62.98,0.6298,1,13.106203,80.333813,10,1,8.45,1
COMP-SLA-11492,Roads Complaint - COMP-SLA-11492,Road surface cracked and unpaved causing risk for two-wheelers,roads,DEPT_ROADS,2025-02-24T04:34:00,4,0,2,0,0,3.0,CRITICAL,0.1,0.1,0.1,0.7,1,3,59.17,0.5917,0,12.934905,80.309004,9,0,10.54,1
COMP-SLA-13903,Water Complaint - COMP-SLA-13903,Minor leak near public water standpost,water,DEPT_WATER,2025-02-01T13:17:00,13,5,2,1,0,6.0,LOW,0.7,0.1,0.1,0.1,1,3,16.5,0.165,0,13.158429,80.313204,6,0,20.96,1
COMP-SLA-12317,Other Complaint - COMP-SLA-12317,Unsanitary public toilet conditions in central market,other,DEPT_GENERAL,2025-03-02T21:53:00,21,6,3,1,0,3.0,CRITICAL,0.1,0.1,0.1,0.7,1,5,46.09,0.4609,0,12.947511,80.376106,7,0,9.28,1
COMP-SLA-12589,Infrastructure Complaint - COMP-SLA-12589,Minor paint peeling on government office gate,infrastructure,DEPT_WORKS,2025-01-19T19:38:00,19,6,1,1,0,36.0,LOW,0.7,0.1,0.1,0.1,1,2,11.59,0.1159,0,12.944567,80.208293,7,0,13.56,0
COMP-SLA-10125,Infrastructure Complaint - COMP-SLA-10125,Broken railing on canal overbridge,infrastructure,DEPT_WORKS,2025-04-06T04:35:00,4,6,4,1,0,24.0,MEDIUM,0.1,0.7,0.1,0.1,1,6,53.36,0.5336,0,12.950694,80.407687,5,0,9.57,0
COMP-SLA-13115,Other Complaint - COMP-SLA-13115,Unsanitary public toilet conditions in central market,other,DEPT_GENERAL,2025-04-14T03:01:00,3,0,4,0,0,6.0,HIGH,0.1,0.1,0.7,0.1,1,4,43.32,0.4332,0,13.229168,80.397106,7,0,4.97,0
COMP-SLA-10803,Streetlights Complaint - COMP-SLA-10803,Single street lamp bulb burnt out on quiet street,streetlights,DEPT_ELECTRICITY,2025-06-27T06:29:00,6,4,6,0,0,6.0,LOW,0.7,0.1,0.1,0.1,1,1,89.69,0.8969,1,13.074707,80.344649,9,0,18.07,1
COMP-SLA-11484,Other Complaint - COMP-SLA-11484,Unauthorized hawker encroachment blocking shop entrance,other,DEPT_GENERAL,2025-06-10T13:41:00,13,1,6,0,1,12.0,MEDIUM,0.1,0.7,0.1,0.1,1,1,58.24,0.5824,0,13.029865,80.1741,6,1,0.2,0
COMP-SLA-12442,Infrastructure Complaint - COMP-SLA-12442,Broken railing on canal overbridge,infrastructure,DEPT_WORKS,2025-03-30T16:28:00,16,6,3,1,0,24.0,MEDIUM,0.1,0.7,0.1,0.1,1,3,17.03,0.1703,0,13.104324,80.232726,5,0,17.86,0
COMP-SLA-14134,Water Complaint - COMP-SLA-14134,Main pipeline burst wasting thousands of liters of clean water,water,DEPT_WATER,2025-05-12T17:51:00,17,0,5,0,1,1.0,CRITICAL,0.1,0.1,0.1,0.7,1,6,31.32,0.3132,0,13.110531,80.382487,10,1,0.7,0
COMP-SLA-10430,Garbage Complaint - COMP-SLA-10430,Minor littering near bus shelter,garbage,DEPT_SANITATION,2025-06-12T04:19:00,4,3,6,0,0,12.0,MEDIUM,0.1,0.7,0.1,0.1,5,30,75.53,0.7553,1,13.135887,80.394951,5,0,19.69,1
COMP-SLA-13960,Streetlights Complaint - COMP-SLA-13960,Single street lamp bulb burnt out on quiet street,streetlights,DEPT_ELECTRICITY,2025-01-12T03:57:00,3,6,1,1,0,4.0,MEDIUM,0.1,0.7,0.1,0.1,5,25,89.19,0.8919,1,13.138157,80.233425,9,0,17.23,1
COMP-SLA-10666,Roads Complaint - COMP-SLA-10666,Massive pothole causing severe traffic delay near main intersection,roads,DEPT_ROADS,2025-05-14T20:21:00,20,2,5,0,0,6.0,HIGH,0.1,0.1,0.7,0.1,1,4,61.37,0.6137,1,13.056208,80.223538,9,0,16.81,1
COMP-SLA-10933,Drainage Complaint - COMP-SLA-10933,Clogged storm drain causing severe waterlogging during rain,drainage,DEPT_DRAINAGE,2025-04-11T09:52:00,9,4,4,0,1,1.5,CRITICAL,0.1,0.1,0.1,0.7,3,12,94.15,0.9415,1,13.130475,80.375255,8,0,8.39,1
COMP-SLA-12032,Drainage Complaint - COMP-SLA-12032,Open manhole cover on main sidewalk presents fatal hazard,drainage,DEPT_DRAINAGE,2025-01-19T05:27:00,5,6,1,1,0,6.0,MEDIUM,0.1,0.7,0.1,0.1,1,5,7.59,0.0759,0,13.079865,80.265862,9,2,17.35,1
COMP-SLA-12322,Streetlights Complaint - COMP-SLA-12322,Sparking electrical transformer near residential area,streetlights,DEPT_ELECTRICITY,2025-03-12T01:56:00,1,2,3,0,0,2.0,HIGH,0.1,0.1,0.7,0.1,1,6,74.63,0.7463,1,13.08863,80.311662,6,1,14.18,1
COMP-SLA-10443,Drainage Complaint - COMP-SLA-10443,Open manhole cover on main sidewalk presents fatal hazard,drainage,DEPT_DRAINAGE,2025-01-11T07:48:00,7,5,1,1,0,3.0,HIGH,0.1,0.1,0.7,0.1,1,1,35.1,0.351,0,13.078993,80.139558,9,2,11.67,1
COMP-SLA-11432,Water Complaint - COMP-SLA-11432,Contaminated muddy water coming from municipal tap supply,water,DEPT_WATER,2025-01-06T13:51:00,13,0,1,0,1,1.0,CRITICAL,0.1,0.1,0.1,0.7,1,5,38.99,0.3899,0,13.022657,80.133466,8,0,0.51,0
COMP-SLA-11147,Infrastructure Complaint - COMP-SLA-11147,Damaged bus shelter roof leaning precariously,infrastructure,DEPT_WORKS,2025-02-19T10:27:00,10,2,2,0,1,12.0,HIGH,0.1,0.1,0.7,0.1,1,1,8.74,0.0874,0,13.208121,80.192151,6,0,13.41,1
COMP-SLA-10434,Other Complaint - COMP-SLA-10434,Stray dog menace near elementary school playground,other,DEPT_GENERAL,2025-03-26T11:08:00,11,2,3,0,1,3.0,CRITICAL,0.1,0.1,0.1,0.7,1,1,27.09,0.2709,0,13.134089,80.19106,7,1,0.22,0
COMP-SLA-11613,Garbage Complaint - COMP-SLA-11613,Illegal dumping of commercial debris in public park,garbage,DEPT_SANITATION,2025-05-08T18:13:00,18,3,5,0,1,12.0,MEDIUM,0.1,0.7,0.1,0.1,8,16,74.07,0.7407,1,13.092927,80.286408,8,0,16.51,1
COMP-SLA-10388,Garbage Complaint - COMP-SLA-10388,Uncollected garbage pile attracting stray animals near hospital gate,garbage,DEPT_SANITATION,2025-05-27T21:31:00,21,1,5,0,0,6.0,HIGH,0.1,0.1,0.7,0.1,1,6,48.61,0.4861,0,12.977443,80.147725,9,1,12.06,1
COMP-SLA-10031,Garbage Complaint - COMP-SLA-10031,Minor littering near bus shelter,garbage,DEPT_SANITATION,2025-02-03T11:56:00,11,0,2,0,1,12.0,MEDIUM,0.1,0.7,0.1,0.1,1,4,27.07,0.2707,0,12.953337,80.193985,5,0,7.86,0
COMP-SLA-13710,Other Complaint - COMP-SLA-13710,Noise pollution from unauthorized loudspeaker after midnight,other,DEPT_GENERAL,2025-02-08T13:08:00,13,5,2,1,0,6.0,HIGH,0.1,0.1,0.7,0.1,2,2,89.99,0.8999,1,13.163577,80.210886,7,0,30.22,1
COMP-SLA-10204,Roads Complaint - COMP-SLA-10204,Road surface cracked and unpaved causing risk for two-wheelers,roads,DEPT_ROADS,2025-01-11T09:45:00,9,5,1,1,0,3.0,CRITICAL,0.1,0.1,0.1,0.7,5,20,62.32,0.6232,1,12.956409,80.397903,9,0,20.0,1
COMP-SLA-13715,Streetlights Complaint - COMP-SLA-13715,Single street lamp bulb burnt out on quiet street,streetlights,DEPT_ELECTRICITY,2025-03-08T12:53:00,12,5,3,1,0,6.0,LOW,0.7,0.1,0.1,0.1,1,5,2.12,0.0212,0,13.104783,80.205789,9,0,24.6,1
COMP-SLA-11498,Other Complaint - COMP-SLA-11498,Unauthorized hawker encroachment blocking shop entrance,other,DEPT_GENERAL,2025-06-20T07:04:00,7,4,6,0,0,6.0,HIGH,0.1,0.1,0.7,0.1,3,3,81.0,0.81,1,13.117611,80.386024,6,1,22.87,1
COMP-SLA-12562,Other Complaint - COMP-SLA-12562,Unauthorized hawker encroachment blocking shop entrance,other,DEPT_GENERAL,2025-03-27T04:13:00,4,3,3,0,0,6.0,HIGH,0.1,0.1,0.7,0.1,1,3,28.35,0.2835,0,13.023984,80.270879,6,1,15.25,1
COMP-SLA-14122,Infrastructure Complaint - COMP-SLA-14122,Damaged bus shelter roof leaning precariously,infrastructure,DEPT_WORKS,2025-03-27T11:08:00,11,3,3,0,1,12.0,HIGH,0.1,0.1,0.7,0.1,1,1,2.87,0.0287,0,13.055329,80.215291,6,0,6.26,0
COMP-SLA-11768,Water Complaint - COMP-SLA-11768,No water supply for last 48 hours in entire neighborhood block,water,DEPT_WATER,2025-04-27T12:39:00,12,6,4,1,0,4.0,MEDIUM,0.1,0.7,0.1,0.1,3,12,66.13,0.6613,1,13.091464,80.419978,11,0,17.05,1
COMP-SLA-11722,Other Complaint - COMP-SLA-11722,Noise pollution from unauthorized loudspeaker after midnight,other,DEPT_GENERAL,2025-05-19T04:15:00,4,0,5,0,0,6.0,HIGH,0.1,0.1,0.7,0.1,1,6,80.73,0.8073,1,13.108983,80.352643,7,0,20.66,1
COMP-SLA-13796,Drainage Complaint - COMP-SLA-13796,Clogged storm drain causing severe waterlogging during rain,drainage,DEPT_DRAINAGE,2025-01-23T08:15:00,8,3,1,0,1,3.0,HIGH,0.1,0.1,0.7,0.1,3,6,66.15,0.6615,1,12.949383,80.147389,8,0,5.71,1
COMP-SLA-12214,Drainage Complaint - COMP-SLA-12214,Overflowing sewage line flooding residential street and homes,drainage,DEPT_DRAINAGE,2025-03-06T03:25:00,3,3,3,0,0,3.0,HIGH,0.1,0.1,0.7,0.1,8,8,90.72,0.9072,1,13.172196,80.127643,8,2,24.79,1
COMP-SLA-12882,Streetlights Complaint - COMP-SLA-12882,Live high-voltage electric wire hanging dangerously low near school,streetlights,DEPT_ELECTRICITY,2025-06-22T05:58:00,5,6,6,1,0,2.0,HIGH,0.1,0.1,0.7,0.1,1,2,45.68,0.4568,0,13.149302,80.355627,9,2,15.09,1
COMP-SLA-10479,Garbage Complaint - COMP-SLA-10479,Illegal dumping of commercial debris in public park,garbage,DEPT_SANITATION,2025-02-17T15:27:00,15,0,2,0,1,6.0,HIGH,0.1,0.1,0.7,0.1,1,4,35.37,0.3537,0,12.99586,80.330914,8,0,14.63,1
COMP-SLA-10427,Other Complaint - COMP-SLA-10427,Unauthorized hawker encroachment blocking shop entrance,other,DEPT_GENERAL,2025-04-26T20:25:00,20,5,4,1,0,6.0,HIGH,0.1,0.1,0.7,0.1,3,3,63.96,0.6396,1,13.062608,80.125767,6,1,18.57,1
COMP-SLA-12980,Streetlights Complaint - COMP-SLA-12980,Sparking electrical transformer near residential area,streetlights,DEPT_ELECTRICITY,2025-03-07T19:27:00,19,4,3,0,0,2.0,HIGH,0.1,0.1,0.7,0.1,1,4,58.22,0.5822,0,13.07288,80.153456,6,1,9.29,1
COMP-SLA-10444,Garbage Complaint - COMP-SLA-10444,Minor littering near bus shelter,garbage,DEPT_SANITATION,2025-04-10T15:58:00,15,3,4,0,1,12.0,MEDIUM,0.1,0.7,0.1,0.1,1,1,93.16,0.9316,1,13.069093,80.134631,5,0,10.11,0
COMP-SLA-12548,Other Complaint - COMP-SLA-12548,General inquiry regarding municipal service timing,other,DEPT_GENERAL,2025-02-24T02:08:00,2,0,2,0,0,12.0,MEDIUM,0.1,0.7,0.1,0.1,1,3,1.33,0.0133,0,13.195155,80.123123,6,0,11.25,0
COMP-SLA-12423,Roads Complaint - COMP-SLA-12423,Massive pothole causing severe traffic delay near main intersection,roads,DEPT_ROADS,2025-06-02T20:25:00,20,0,6,0,0,6.0,HIGH,0.1,0.1,0.7,0.1,5,10,75.88,0.7588,1,12.942405,80.418958,9,0,18.68,1
COMP-SLA-11565,Water Complaint - COMP-SLA-11565,Minor leak near public water standpost,water,DEPT_WATER,2025-03-15T17:30:00,17,5,3,1,0,6.0,LOW,0.7,0.1,0.1,0.1,1,2,22.44,0.2244,0,13.215305,80.389177,6,0,17.29,1
COMP-SLA-12593,Garbage Complaint - COMP-SLA-12593,Uncollected garbage pile attracting stray animals near hospital gate,garbage,DEPT_SANITATION,2025-01-05T04:19:00,4,6,1,1,0,3.0,CRITICAL,0.1,0.1,0.1,0.7,1,5,0.41,0.0041,0,13.204564,80.321402,9,1,11.25,1
COMP-SLA-10193,Water Complaint - COMP-SLA-10193,No water supply for last 48 hours in entire neighborhood block,water,DEPT_WATER,2025-02-20T19:32:00,19,3,2,0,0,4.0,MEDIUM,0.1,0.7,0.1,0.1,1,6,3.7,0.037,0,13.053116,80.132776,11,0,13.79,1
COMP-SLA-10568,Roads Complaint - COMP-SLA-10568,Minor tar peeling on residential side street,roads,DEPT_ROADS,2025-04-20T19:54:00,19,6,4,1,0,12.0,MEDIUM,0.1,0.7,0.1,0.1,1,2,94.53,0.9453,1,13.027647,80.278317,7,0,19.95,1
COMP-SLA-12938,Streetlights Complaint - COMP-SLA-12938,Flickering streetlight fixture on main road,streetlights,DEPT_ELECTRICITY,2025-03-23T17:08:00,17,6,3,1,0,2.0,HIGH,0.1,0.1,0.7,0.1,1,3,17.33,0.1733,0,12.959502,80.168314,6,0,7.4,1
COMP-SLA-11124,Water Complaint - COMP-SLA-11124,Main pipeline burst wasting thousands of liters of clean water,water,DEPT_WATER,2025-04-05T21:17:00,21,5,4,1,0,1.0,CRITICAL,0.1,0.1,0.1,0.7,1,4,10.2,0.102,0,13.050057,80.329996,10,1,13.3,1
COMP-SLA-10007,Other Complaint - COMP-SLA-10007,Stray dog menace near elementary school playground,other,DEPT_GENERAL,2025-04-29T12:17:00,12,1,4,0,1,6.0,HIGH,0.1,0.1,0.7,0.1,1,6,52.91,0.5291,0,13.229557,80.3127,7,1,0.25,0
COMP-SLA-13406,Water Complaint - COMP-SLA-13406,Minor leak near public water standpost,water,DEPT_WATER,2025-03-13T12:51:00,12,3,3,0,1,4.0,MEDIUM,0.1,0.7,0.1,0.1,1,2,25.2,0.252,0,13.115178,80.312634,6,0,4.6,1
COMP-SLA-10440,Infrastructure Complaint - COMP-SLA-10440,Pedestrian footbridge concrete pillar showing structural cracks,infrastructure,DEPT_WORKS,2025-05-20T17:30:00,17,1,5,0,1,6.0,CRITICAL,0.1,0.1,0.1,0.7,1,5,37.29,0.3729,0,13.128872,80.16529,7,0,0.36,0
COMP-SLA-10290,Garbage Complaint - COMP-SLA-10290,Foul smell from uncleared waste bin near apartment entrance,garbage,DEPT_SANITATION,2025-02-01T05:28:00,5,5,2,1,0,12.0,MEDIUM,0.1,0.7,0.1,0.1,1,6,40.64,0.4064,0,13.069655,80.418251,9,0,20.6,1
COMP-SLA-11181,Streetlights Complaint - COMP-SLA-11181,Entire street light network down making dark alley unsafe at night,streetlights,DEPT_ELECTRICITY,2025-05-31T16:05:00,16,5,5,1,0,2.0,HIGH,0.1,0.1,0.7,0.1,1,6,56.34,0.5634,0,12.978377,80.123035,11,0,15.11,1
COMP-SLA-13215,Drainage Complaint - COMP-SLA-13215,Clogged storm drain causing severe waterlogging during rain,drainage,DEPT_DRAINAGE,2025-05-03T02:10:00,2,5,5,1,0,3.0,HIGH,0.1,0.1,0.7,0.1,3,6,82.26,0.8226,1,12.984701,80.246071,8,0,18.46,1
COMP-SLA-11056,Infrastructure Complaint - COMP-SLA-11056,Collapsed public park boundary wall blocking walkway,infrastructure,DEPT_WORKS,2025-02-02T16:07:00,16,6,2,1,0,12.0,HIGH,0.1,0.1,0.7,0.1,5,15,80.09,0.8009,1,13.122132,80.355984,7,2,21.25,1
COMP-SLA-11593,Water Complaint - COMP-SLA-11593,Minor leak near public water standpost,water,DEPT_WATER,2025-06-01T12:54:00,12,6,6,1,0,4.0,MEDIUM,0.1,0.7,0.1,0.1,1,2,75.64,0.7564,1,12.957564,80.145328,6,0,14.74,1
COMP-SLA-11269,Drainage Complaint - COMP-SLA-11269,Overflowing sewage line flooding residential street and homes,drainage,DEPT_DRAINAGE,2025-02-15T09:22:00,9,5,2,1,0,1.5,CRITICAL,0.1,0.1,0.1,0.7,1,1,28.28,0.2828,0,13.057818,80.254731,8,2,10.92,1
COMP-SLA-13699,Garbage Complaint - COMP-SLA-13699,Uncollected garbage pile attracting stray animals near hospital gate,garbage,DEPT_SANITATION,2025-05-08T18:42:00,18,3,5,0,1,6.0,HIGH,0.1,0.1,0.7,0.1,1,6,64.35,0.6435,1,13.053522,80.21421,9,1,17.17,1
COMP-SLA-12195,Water Complaint - COMP-SLA-12195,No water supply for last 48 hours in entire neighborhood block,water,DEPT_WATER,2025-01-16T03:31:00,3,3,1,0,0,4.0,MEDIUM,0.1,0.7,0.1,0.1,1,1,75.8,0.758,1,13.005719,80.220762,11,0,15.61,1
COMP-SLA-11539,Infrastructure Complaint - COMP-SLA-11539,Pedestrian footbridge concrete pillar showing structural cracks,infrastructure,DEPT_WORKS,2025-01-17T17:05:00,17,4,1,0,1,6.0,CRITICAL,0.1,0.1,0.1,0.7,1,3,73.43,0.7343,1,13.144042,80.353814,7,0,4.51,0
COMP-SLA-12607,Garbage Complaint - COMP-SLA-12607,Foul smell from uncleared waste bin near apartment entrance,garbage,DEPT_SANITATION,2025-05-19T19:03:00,19,0,5,0,0,6.0,HIGH,0.1,0.1,0.7,0.1,1,4,76.4,0.764,1,13.134395,80.417183,9,0,8.4,1
COMP-SLA-12863,Other Complaint - COMP-SLA-12863,Noise pollution from unauthorized loudspeaker after midnight,other,DEPT_GENERAL,2025-05-11T19:57:00,19,6,5,1,0,12.0,MEDIUM,0.1,0.7,0.1,0.1,1,4,57.52,0.5752,0,13.205547,80.395149,7,0,31.89,1
COMP-SLA-10811,Infrastructure Complaint - COMP-SLA-10811,Minor paint peeling on government office gate,infrastructure,DEPT_WORKS,2025-05-02T16:57:00,16,4,5,0,1,36.0,LOW,0.7,0.1,0.1,0.1,1,1,50.53,0.5053,0,12.938299,80.318176,7,0,105.57,1
COMP-SLA-12666,Infrastructure Complaint - COMP-SLA-12666,Collapsed public park boundary wall blocking walkway,infrastructure,DEPT_WORKS,2025-02-19T14:41:00,14,2,2,0,1,12.0,HIGH,0.1,0.1,0.7,0.1,1,5,5.33,0.0533,0,13.152041,80.167518,7,2,2.94,0
COMP-SLA-11715,Other Complaint - COMP-SLA-11715,Unauthorized hawker encroachment blocking shop entrance,other,DEPT_GENERAL,2025-05-25T17:03:00,17,6,5,1,0,6.0,HIGH,0.1,0.1,0.7,0.1,2,4,94.05,0.9405,1,13.055046,80.330603,6,1,10.94,1
COMP-SLA-10195,Infrastructure Complaint - COMP-SLA-10195,Minor paint peeling on government office gate,infrastructure,DEPT_WORKS,2025-06-01T10:32:00,10,6,6,1,0,24.0,MEDIUM,0.1,0.7,0.1,0.1,1,4,67.33,0.6733,1,13.181187,80.280402,7,0,23.32,0
COMP-SLA-10451,Garbage Complaint - COMP-SLA-10451,Illegal dumping of commercial debris in public park,garbage,DEPT_SANITATION,2025-02-25T14:38:00,14,1,2,0,1,12.0,MEDIUM,0.1,0.7,0.1,0.1,1,4,16.2,0.162,0,13.230533,80.380891,8,0,12.61,1
COMP-SLA-12936,Garbage Complaint - COMP-SLA-12936,Overflowing community dump bin spilling onto main road,garbage,DEPT_SANITATION,2025-04-15T14:47:00,14,1,4,0,1,3.0,CRITICAL,0.1,0.1,0.1,0.7,1,6,76.29,0.7629,1,13.120661,80.32554,8,1,2.64,0
COMP-SLA-11296,Roads Complaint - COMP-SLA-11296,Deep crater formed after rains near public school gate,roads,DEPT_ROADS,2025-02-13T11:26:00,11,3,2,0,1,12.0,MEDIUM,0.1,0.7,0.1,0.1,1,4,23.09,0.2309,0,13.129661,80.163285,9,2,1.88,0
COMP-SLA-10030,Drainage Complaint - COMP-SLA-10030,Foul stench and black water coming from open drainage pipe,drainage,DEPT_DRAINAGE,2025-01-03T14:39:00,14,4,1,0,1,6.0,MEDIUM,0.1,0.7,0.1,0.1,1,2,6.96,0.0696,0,13.232236,80.419529,10,0,0.2,0
COMP-SLA-13521,Other Complaint - COMP-SLA-13521,Stray dog menace near elementary school playground,other,DEPT_GENERAL,2025-02-28T08:33:00,8,4,2,0,1,6.0,HIGH,0.1,0.1,0.7,0.1,1,3,20.24,0.2024,0,13.185128,80.226081,7,1,1.09,0
COMP-SLA-11771,Other Complaint - COMP-SLA-11771,Noise pollution from unauthorized loudspeaker after midnight,other,DEPT_GENERAL,2025-04-26T17:28:00,17,5,4,1,0,6.0,HIGH,0.1,0.1,0.7,0.1,1,6,13.13,0.1313,0,13.016561,80.379478,7,0,9.96,1
COMP-SLA-13002,Infrastructure Complaint - COMP-SLA-13002,Minor paint peeling on government office gate,infrastructure,DEPT_WORKS,2025-04-11T09:56:00,9,4,4,0,1,24.0,MEDIUM,0.1,0.7,0.1,0.1,2,6,70.6,0.706,1,13.067572,80.207679,7,0,31.53,1
COMP-SLA-12835,Other Complaint - COMP-SLA-12835,Unsanitary public toilet conditions in central market,other,DEPT_GENERAL,2025-06-10T17:50:00,17,1,6,0,1,6.0,HIGH,0.1,0.1,0.7,0.1,1,5,1.54,0.0154,0,13.159048,80.303349,7,0,2.13,0
COMP-SLA-13693,Water Complaint - COMP-SLA-13693,Low water pressure in residential high-rise complex,water,DEPT_WATER,2025-02-04T01:46:00,1,1,2,0,0,2.0,HIGH,0.1,0.1,0.7,0.1,1,6,13.94,0.1394,0,13.074407,80.413431,7,0,7.37,1
COMP-SLA-10898,Drainage Complaint - COMP-SLA-10898,Clogged storm drain causing severe waterlogging during rain,drainage,DEPT_DRAINAGE,2025-05-10T02:27:00,2,5,5,1,0,3.0,HIGH,0.1,0.1,0.7,0.1,1,4,68.56,0.6856,1,13.150197,80.214139,8,0,14.02,1
COMP-SLA-13025,Roads Complaint - COMP-SLA-13025,Massive pothole causing severe traffic delay near main intersection,roads,DEPT_ROADS,2025-03-10T12:26:00,12,0,3,0,1,6.0,HIGH,0.1,0.1,0.7,0.1,1,1,61.77,0.6177,1,12.972182,80.26064,9,0,4.38,0
COMP-SLA-13199,Other Complaint - COMP-SLA-13199,Noise pollution from unauthorized loudspeaker after midnight,other,DEPT_GENERAL,2025-01-31T09:39:00,9,4,1,0,1,6.0,HIGH,0.1,0.1,0.7,0.1,1,2,65.55,0.6555,1,13.067847,80.199445,7,0,8.27,1
COMP-SLA-10961,Drainage Complaint - COMP-SLA-10961,Clogged storm drain causing severe waterlogging during rain,drainage,DEPT_DRAINAGE,2025-02-12T18:03:00,18,2,2,0,1,3.0,HIGH,0.1,0.1,0.7,0.1,8,8,88.31,0.8831,1,12.958076,80.206455,8,0,10.65,1
COMP-SLA-13942,Roads Complaint - COMP-SLA-13942,Road surface cracked and unpaved causing risk for two-wheelers,roads,DEPT_ROADS,2025-05-10T11:18:00,11,5,5,1,0,6.0,HIGH,0.1,0.1,0.7,0.1,1,4,28.63,0.2863,0,13.017111,80.279442,9,0,20.11,1
COMP-SLA-13995,Streetlights Complaint - COMP-SLA-13995,Flickering streetlight fixture on main road,streetlights,DEPT_ELECTRICITY,2025-03-30T04:32:00,4,6,3,1,0,2.0,HIGH,0.1,0.1,0.7,0.1,1,4,12.72,0.1272,0,13.203368,80.170657,6,0,6.03,1
COMP-SLA-11589,Other Complaint - COMP-SLA-11589,Stray dog menace near elementary school playground,other,DEPT_GENERAL,2025-04-29T04:59:00,4,1,4,0,0,6.0,HIGH,0.1,0.1,0.7,0.1,1,6,34.48,0.3448,0,12.962279,80.283363,7,1,10.35,1
COMP-SLA-14079,Streetlights Complaint - COMP-SLA-14079,Sparking electrical transformer near residential area,streetlights,DEPT_ELECTRICITY,2025-04-14T12:00:00,12,0,4,0,1,2.0,HIGH,0.1,0.1,0.7,0.1,1,1,35.95,0.3595,0,13.065445,80.186437,6,1,2.05,1
COMP-SLA-14110,Roads Complaint - COMP-SLA-14110,Road cave-in reported on highway access lane,roads,DEPT_ROADS,2025-04-01T04:30:00,4,1,4,0,0,6.0,HIGH,0.1,0.1,0.7,0.1,1,2,10.5,0.105,0,13.165623,80.120879,7,0,16.43,1
COMP-SLA-10223,Infrastructure Complaint - COMP-SLA-10223,Broken railing on canal overbridge,infrastructure,DEPT_WORKS,2025-06-24T21:55:00,21,1,6,0,0,24.0,MEDIUM,0.1,0.7,0.1,0.1,1,2,33.04,0.3304,0,13.09449,80.31676,5,0,15.58,0
COMP-SLA-12226,Other Complaint - COMP-SLA-12226,Stray dog menace near elementary school playground,other,DEPT_GENERAL,2025-05-24T04:35:00,4,5,5,1,0,6.0,HIGH,0.1,0.1,0.7,0.1,1,4,11.04,0.1104,0,13.143066,80.152855,7,1,16.04,1
COMP-SLA-10894,Streetlights Complaint - COMP-SLA-10894,Entire street light network down making dark alley unsafe at night,streetlights,DEPT_ELECTRICITY,2025-03-02T23:38:00,23,6,3,1,0,2.0,HIGH,0.1,0.1,0.7,0.1,1,3,83.35,0.8335,1,13.229265,80.253818,11,0,14.61,1
COMP-SLA-10574,Other Complaint - COMP-SLA-10574,Unsanitary public toilet conditions in central market,other,DEPT_GENERAL,2025-05-25T23:43:00,23,6,5,1,0,3.0,CRITICAL,0.1,0.1,0.1,0.7,1,6,19.78,0.1978,0,13.027351,80.281466,7,0,9.36,1
COMP-SLA-13504,Water Complaint - COMP-SLA-13504,Minor leak near public water standpost,water,DEPT_WATER,2025-04-14T18:12:00,18,0,4,0,1,4.0,MEDIUM,0.1,0.7,0.1,0.1,1,5,23.53,0.2353,0,12.988659,80.302849,6,0,0.2,0
COMP-SLA-13658,Water Complaint - COMP-SLA-13658,Contaminated muddy water coming from municipal tap supply,water,DEPT_WATER,2025-03-05T21:24:00,21,2,3,0,0,2.0,HIGH,0.1,0.1,0.7,0.1,1,4,90.2,0.902,1,13.069819,80.321107,8,0,11.76,1
COMP-SLA-13509,Drainage Complaint - COMP-SLA-13509,Foul stench and black water coming from open drainage pipe,drainage,DEPT_DRAINAGE,2025-04-21T23:02:00,23,0,4,0,0,3.0,HIGH,0.1,0.1,0.7,0.1,2,4,90.41,0.9041,1,13.006992,80.375929,10,0,21.59,1
COMP-SLA-13691,Drainage Complaint - COMP-SLA-13691,Foul stench and black water coming from open drainage pipe,drainage,DEPT_DRAINAGE,2025-02-22T09:19:00,9,5,2,1,0,6.0,MEDIUM,0.1,0.7,0.1,0.1,1,1,34.32,0.3432,0,12.971613,80.133716,10,0,19.41,1
COMP-SLA-11953,Other Complaint - COMP-SLA-11953,Unsanitary public toilet conditions in central market,other,DEPT_GENERAL,2025-05-20T12:45:00,12,1,5,0,1,6.0,HIGH,0.1,0.1,0.7,0.1,1,4,73.94,0.7394,1,13.06447,80.19953,7,0,8.84,1
COMP-SLA-11065,Roads Complaint - COMP-SLA-11065,Deep crater formed after rains near public school gate,roads,DEPT_ROADS,2025-02-25T00:20:00,0,1,2,0,0,12.0,MEDIUM,0.1,0.7,0.1,0.1,1,3,65.7,0.657,1,12.97427,80.145733,9,2,14.53,1
COMP-SLA-10081,Water Complaint - COMP-SLA-10081,Minor leak near public water standpost,water,DEPT_WATER,2025-06-15T04:58:00,4,6,6,1,0,6.0,LOW,0.7,0.1,0.1,0.1,1,3,5.67,0.0567,0,13.01239,80.163371,6,0,18.3,1
COMP-SLA-10258,Infrastructure Complaint - COMP-SLA-10258,Broken railing on canal overbridge,infrastructure,DEPT_WORKS,2025-02-04T09:00:00,9,1,2,0,1,24.0,MEDIUM,0.1,0.7,0.1,0.1,1,3,58.92,0.5892,0,13.217347,80.220365,5,0,20.01,0
COMP-SLA-10296,Drainage Complaint - COMP-SLA-10296,Clogged storm drain causing severe waterlogging during rain,drainage,DEPT_DRAINAGE,2025-06-07T21:28:00,21,5,6,1,0,1.5,CRITICAL,0.1,0.1,0.1,0.7,1,1,9.54,0.0954,0,13.190689,80.146706,8,0,10.67,1
COMP-SLA-13293,Garbage Complaint - COMP-SLA-13293,Overflowing community dump bin spilling onto main road,garbage,DEPT_SANITATION,2025-02-04T18:45:00,18,1,2,0,1,3.0,CRITICAL,0.1,0.1,0.1,0.7,1,3,28.53,0.2853,0,13.122162,80.253633,8,1,1.04,0
COMP-SLA-12769,Water Complaint - COMP-SLA-12769,Minor leak near public water standpost,water,DEPT_WATER,2025-01-29T22:21:00,22,2,1,0,0,6.0,LOW,0.7,0.1,0.1,0.1,1,3,27.1,0.271,0,13.020541,80.127985,6,0,8.86,1
COMP-SLA-13639,Infrastructure Complaint - COMP-SLA-13639,Minor paint peeling on government office gate,infrastructure,DEPT_WORKS,2025-05-10T17:56:00,17,5,5,1,0,36.0,LOW,0.7,0.1,0.1,0.1,3,18,84.9,0.849,1,13.124812,80.245398,7,0,21.58,0
COMP-SLA-12019,Garbage Complaint - COMP-SLA-12019,Overflowing community dump bin spilling onto main road,garbage,DEPT_SANITATION,2025-06-26T04:09:00,4,3,6,0,0,6.0,HIGH,0.1,0.1,0.7,0.1,1,6,48.29,0.4829,0,13.218385,80.396593,8,1,5.15,0
COMP-SLA-12978,Garbage Complaint - COMP-SLA-12978,Overflowing community dump bin spilling onto main road,garbage,DEPT_SANITATION,2025-05-08T04:02:00,4,3,5,0,0,6.0,HIGH,0.1,0.1,0.7,0.1,1,5,49.03,0.4903,0,13.017282,80.277766,8,1,4.54,0
COMP-SLA-11540,Other Complaint - COMP-SLA-11540,Noise pollution from unauthorized loudspeaker after midnight,other,DEPT_GENERAL,2025-06-16T10:19:00,10,0,6,0,1,6.0,HIGH,0.1,0.1,0.7,0.1,8,32,87.34,0.8734,1,13.183597,80.302289,7,0,10.74,1
COMP-SLA-13232,Streetlights Complaint - COMP-SLA-13232,Flickering streetlight fixture on main road,streetlights,DEPT_ELECTRICITY,2025-01-15T09:14:00,9,2,1,0,1,2.0,HIGH,0.1,0.1,0.7,0.1,1,6,55.0,0.55,0,13.000181,80.413213,6,0,1.31,0
COMP-SLA-14146,Drainage Complaint - COMP-SLA-14146,Slow drainage runoff on commercial market road,drainage,DEPT_DRAINAGE,2025-04-09T08:06:00,8,2,4,0,1,6.0,MEDIUM,0.1,0.7,0.1,0.1,5,25,84.8,0.848,1,13.207756,80.244666,7,0,12.95,1
COMP-SLA-10818,Infrastructure Complaint - COMP-SLA-10818,Pedestrian footbridge concrete pillar showing structural cracks,infrastructure,DEPT_WORKS,2025-05-22T18:43:00,18,3,5,0,1,6.0,CRITICAL,0.1,0.1,0.1,0.7,1,3,61.9,0.619,1,12.963153,80.349593,7,0,7.55,1
COMP-SLA-13506,Infrastructure Complaint - COMP-SLA-13506,Pedestrian footbridge concrete pillar showing structural cracks,infrastructure,DEPT_WORKS,2025-01-23T11:00:00,11,3,1,0,1,6.0,CRITICAL,0.1,0.1,0.1,0.7,1,6,16.78,0.1678,0,13.149213,80.236597,7,0,4.09,0
COMP-SLA-10938,Other Complaint - COMP-SLA-10938,Stray dog menace near elementary school playground,other,DEPT_GENERAL,2025-01-25T11:30:00,11,5,1,1,0,6.0,HIGH,0.1,0.1,0.7,0.1,5,15,93.13,0.9313,1,12.98659,80.136442,7,1,31.58,1
COMP-SLA-10863,Drainage Complaint - COMP-SLA-10863,Overflowing sewage line flooding residential street and homes,drainage,DEPT_DRAINAGE,2025-03-14T11:50:00,11,4,3,0,1,1.5,CRITICAL,0.1,0.1,0.1,0.7,8,48,78.08,0.7808,1,13.231753,80.404445,8,2,6.47,1
COMP-SLA-10377,Infrastructure Complaint - COMP-SLA-10377,Collapsed public park boundary wall blocking walkway,infrastructure,DEPT_WORKS,2025-06-12T01:00:00,1,3,6,0,0,6.0,CRITICAL,0.1,0.1,0.1,0.7,3,6,73.49,0.7349,1,13.068316,80.183515,7,2,23.3,1
COMP-SLA-10713,Infrastructure Complaint - COMP-SLA-10713,Damaged bus shelter roof leaning precariously,infrastructure,DEPT_WORKS,2025-04-16T11:03:00,11,2,4,0,1,12.0,HIGH,0.1,0.1,0.7,0.1,3,3,61.57,0.6157,1,13.131072,80.194984,6,0,12.82,1
COMP-SLA-13092,Streetlights Complaint - COMP-SLA-13092,Live high-voltage electric wire hanging dangerously low near school,streetlights,DEPT_ELECTRICITY,2025-02-27T09:02:00,9,3,2,0,1,2.0,HIGH,0.1,0.1,0.7,0.1,1,1,42.9,0.429,0,13.044384,80.343767,9,2,4.42,1
COMP-SLA-13241,Other Complaint - COMP-SLA-13241,General inquiry regarding municipal service timing,other,DEPT_GENERAL,2025-04-24T13:50:00,13,3,4,0,1,18.0,LOW,0.7,0.1,0.1,0.1,5,25,73.29,0.7329,1,13.158178,80.343168,6,0,14.59,0
COMP-SLA-13104,Garbage Complaint - COMP-SLA-13104,Illegal dumping of commercial debris in public park,garbage,DEPT_SANITATION,2025-06-28T22:14:00,22,5,6,1,0,12.0,MEDIUM,0.1,0.7,0.1,0.1,1,5,42.27,0.4227,0,12.979672,80.311554,8,0,15.47,1
COMP-SLA-11761,Water Complaint - COMP-SLA-11761,Main pipeline burst wasting thousands of liters of clean water,water,DEPT_WATER,2025-05-10T03:35:00,3,5,5,1,0,2.0,HIGH,0.1,0.1,0.7,0.1,1,6,2.44,0.0244,0,13.145885,80.231469,10,1,9.74,1
COMP-SLA-10450,Drainage Complaint - COMP-SLA-10450,Overflowing sewage line flooding residential street and homes,drainage,DEPT_DRAINAGE,2025-01-15T05:16:00,5,2,1,0,0,3.0,HIGH,0.1,0.1,0.7,0.1,1,5,38.52,0.3852,0,13.209434,80.275692,8,2,10.56,1
COMP-SLA-11392,Infrastructure Complaint - COMP-SLA-11392,Minor paint peeling on government office gate,infrastructure,DEPT_WORKS,2025-03-31T22:44:00,22,0,3,0,0,36.0,LOW,0.7,0.1,0.1,0.1,2,6,93.58,0.9358,1,13.12619,80.286922,7,0,13.99,0
COMP-SLA-11612,Drainage Complaint - COMP-SLA-11612,Overflowing sewage line flooding residential street and homes,drainage,DEPT_DRAINAGE,2025-01-13T02:51:00,2,0,1,0,0,1.5,CRITICAL,0.1,0.1,0.1,0.7,2,2,85.45,0.8545,1,13.173685,80.281277,8,2,17.84,1
COMP-SLA-13260,Streetlights Complaint - COMP-SLA-13260,Entire street light network down making dark alley unsafe at night,streetlights,DEPT_ELECTRICITY,2025-06-21T11:26:00,11,5,6,1,0,1.0,CRITICAL,0.1,0.1,0.1,0.7,2,10,93.21,0.9321,1,12.968349,80.386826,11,0,16.43,1
COMP-SLA-12623,Streetlights Complaint - COMP-SLA-12623,Live high-voltage electric wire hanging dangerously low near school,streetlights,DEPT_ELECTRICITY,2025-03-23T04:28:00,4,6,3,1,0,1.0,CRITICAL,0.1,0.1,0.1,0.7,1,5,39.73,0.3973,0,13.057012,80.398633,9,2,5.09,1
COMP-SLA-14103,Roads Complaint - COMP-SLA-14103,Minor tar peeling on residential side street,roads,DEPT_ROADS,2025-02-15T23:35:00,23,5,2,1,0,18.0,LOW,0.7,0.1,0.1,0.1,1,2,71.17,0.7117,1,13.083691,80.390213,7,0,21.78,1
COMP-SLA-10655,Water Complaint - COMP-SLA-10655,No water supply for last 48 hours in entire neighborhood block,water,DEPT_WATER,2025-06-30T14:54:00,14,0,6,0,1,4.0,MEDIUM,0.1,0.7,0.1,0.1,2,4,92.76,0.9276,1,13.103814,80.295798,11,0,8.83,1
COMP-SLA-12223,Water Complaint - COMP-SLA-12223,Minor leak near public water standpost,water,DEPT_WATER,2025-02-05T20:14:00,20,2,2,0,0,6.0,LOW,0.7,0.1,0.1,0.1,1,2,72.87,0.7287,1,13.086702,80.299639,6,0,18.38,1
COMP-SLA-13889,Water Complaint - COMP-SLA-13889,No water supply for last 48 hours in entire neighborhood block,water,DEPT_WATER,2025-03-20T14:32:00,14,3,3,0,1,4.0,MEDIUM,0.1,0.7,0.1,0.1,1,2,62.43,0.6243,1,13.194893,80.252828,11,0,9.15,1
COMP-SLA-12856,Other Complaint - COMP-SLA-12856,Unsanitary public toilet conditions in central market,other,DEPT_GENERAL,2025-01-21T04:28:00,4,1,1,0,0,6.0,HIGH,0.1,0.1,0.7,0.1,1,5,31.68,0.3168,0,13.097481,80.233912,7,0,13.45,1
COMP-SLA-10737,Drainage Complaint - COMP-SLA-10737,Foul stench and black water coming from open drainage pipe,drainage,DEPT_DRAINAGE,2025-04-01T13:38:00,13,1,4,0,1,6.0,MEDIUM,0.1,0.7,0.1,0.1,1,6,31.04,0.3104,0,13.151469,80.285018,10,0,2.09,0
COMP-SLA-12619,Roads Complaint - COMP-SLA-12619,Minor tar peeling on residential side street,roads,DEPT_ROADS,2025-03-23T10:35:00,10,6,3,1,0,18.0,LOW,0.7,0.1,0.1,0.1,1,3,46.83,0.4683,0,13.029649,80.224044,7,0,33.23,1
COMP-SLA-12475,Water Complaint - COMP-SLA-12475,Main pipeline burst wasting thousands of liters of clean water,water,DEPT_WATER,2025-06-28T02:46:00,2,5,6,1,0,1.0,CRITICAL,0.1,0.1,0.1,0.7,1,3,54.68,0.5468,0,12.992679,80.337701,10,1,8.54,1
COMP-SLA-10412,Infrastructure Complaint - COMP-SLA-10412,Collapsed public park boundary wall blocking walkway,infrastructure,DEPT_WORKS,2025-06-24T08:09:00,8,1,6,0,1,6.0,CRITICAL,0.1,0.1,0.1,0.7,1,5,28.04,0.2804,0,13.184515,80.327878,7,2,12.59,1
COMP-SLA-13467,Drainage Complaint - COMP-SLA-13467,Slow drainage runoff on commercial market road,drainage,DEPT_DRAINAGE,2025-05-02T16:25:00,16,4,5,0,1,9.0,LOW,0.7,0.1,0.1,0.1,1,1,88.39,0.8839,1,12.948806,80.333866,7,0,8.02,0
COMP-SLA-10858,Water Complaint - COMP-SLA-10858,Main pipeline burst wasting thousands of liters of clean water,water,DEPT_WATER,2025-01-22T09:28:00,9,2,1,0,1,2.0,HIGH,0.1,0.1,0.7,0.1,1,5,3.91,0.0391,0,13.088346,80.189753,10,1,0.89,0
COMP-SLA-13378,Water Complaint - COMP-SLA-13378,Contaminated muddy water coming from municipal tap supply,water,DEPT_WATER,2025-03-01T06:43:00,6,5,3,1,0,2.0,HIGH,0.1,0.1,0.7,0.1,3,6,84.29,0.8429,1,12.969837,80.308723,8,0,13.83,1
COMP-SLA-11371,Infrastructure Complaint - COMP-SLA-11371,Collapsed public park boundary wall blocking walkway,infrastructure,DEPT_WORKS,2025-06-29T13:26:00,13,6,6,1,0,6.0,CRITICAL,0.1,0.1,0.1,0.7,8,48,73.14,0.7314,1,12.949696,80.152257,7,2,37.24,1
COMP-SLA-11675,Drainage Complaint - COMP-SLA-11675,Clogged storm drain causing severe waterlogging during rain,drainage,DEPT_DRAINAGE,2025-03-15T15:33:00,15,5,3,1,0,1.5,CRITICAL,0.1,0.1,0.1,0.7,1,3,16.69,0.1669,0,13.205776,80.143681,8,0,10.65,1
COMP-SLA-13048,Garbage Complaint - COMP-SLA-13048,Overflowing community dump bin spilling onto main road,garbage,DEPT_SANITATION,2025-05-28T17:40:00,17,2,5,0,1,6.0,HIGH,0.1,0.1,0.7,0.1,8,24,72.36,0.7236,1,13.005407,80.358881,8,1,11.22,1
COMP-SLA-11025,Garbage Complaint - COMP-SLA-11025,Foul smell from uncleared waste bin near apartment entrance,garbage,DEPT_SANITATION,2025-03-22T12:46:00,12,5,3,1,0,12.0,MEDIUM,0.1,0.7,0.1,0.1,1,4,64.1,0.641,1,13.039451,80.159555,9,0,42.24,1
COMP-SLA-11321,Streetlights Complaint - COMP-SLA-11321,Sparking electrical transformer near residential area,streetlights,DEPT_ELECTRICITY,2025-04-06T00:20:00,0,6,4,1,0,2.0,HIGH,0.1,0.1,0.7,0.1,1,6,53.02,0.5302,0,13.06095,80.235422,6,1,6.39,1
COMP-SLA-10658,Other Complaint - COMP-SLA-10658,Unsanitary public toilet conditions in central market,other,DEPT_GENERAL,2025-01-15T16:58:00,16,2,1,0,1,3.0,CRITICAL,0.1,0.1,0.1,0.7,1,3,10.54,0.1054,0,13.135096,80.387093,7,0,0.95,0
COMP-SLA-11965,Streetlights Complaint - COMP-SLA-11965,Single street lamp bulb burnt out on quiet street,streetlights,DEPT_ELECTRICITY,2025-02-16T06:27:00,6,6,2,1,0,6.0,LOW,0.7,0.1,0.1,0.1,3,18,61.47,0.6147,1,13.142827,80.171175,9,0,16.57,1
COMP-SLA-13695,Infrastructure Complaint - COMP-SLA-13695,Minor paint peeling on government office gate,infrastructure,DEPT_WORKS,2025-05-22T14:31:00,14,3,5,0,1,24.0,MEDIUM,0.1,0.7,0.1,0.1,8,8,87.19,0.8719,1,13.059756,80.341365,7,0,13.34,0
COMP-SLA-11879,Garbage Complaint - COMP-SLA-11879,Uncollected garbage pile attracting stray animals near hospital gate,garbage,DEPT_SANITATION,2025-05-18T00:06:00,0,6,5,1,0,6.0,HIGH,0.1,0.1,0.7,0.1,1,6,37.63,0.3763,0,13.075076,80.275581,9,1,10.43,1
COMP-SLA-12482,Water Complaint - COMP-SLA-12482,No water supply for last 48 hours in entire neighborhood block,water,DEPT_WATER,2025-03-25T03:09:00,3,1,3,0,0,2.0,HIGH,0.1,0.1,0.7,0.1,1,1,28.74,0.2874,0,12.985238,80.197706,11,0,14.63,1
COMP-SLA-13053,Roads Complaint - COMP-SLA-13053,Massive pothole causing severe traffic delay near main intersection,roads,DEPT_ROADS,2025-02-15T20:15:00,20,5,2,1,0,3.0,CRITICAL,0.1,0.1,0.1,0.7,1,6,56.88,0.5688,0,12.970182,80.306473,9,0,11.71,1
COMP-SLA-10965,Infrastructure Complaint - COMP-SLA-10965,Collapsed public park boundary wall blocking walkway,infrastructure,DEPT_WORKS,2025-04-04T04:32:00,4,4,4,0,0,12.0,HIGH,0.1,0.1,0.7,0.1,1,2,47.07,0.4707,0,13.038687,80.135972,7,2,10.59,0
COMP-SLA-12025,Drainage Complaint - COMP-SLA-12025,Slow drainage runoff on commercial market road,drainage,DEPT_DRAINAGE,2025-06-19T12:14:00,12,3,6,0,1,6.0,MEDIUM,0.1,0.7,0.1,0.1,2,2,62.4,0.624,1,13.103973,80.336729,7,0,6.16,1
COMP-SLA-10153,Infrastructure Complaint - COMP-SLA-10153,Broken railing on canal overbridge,infrastructure,DEPT_WORKS,2025-02-11T06:51:00,6,1,2,0,0,12.0,HIGH,0.1,0.1,0.7,0.1,1,4,4.96,0.0496,0,13.114099,80.382601,5,0,14.06,1
COMP-SLA-11949,Garbage Complaint - COMP-SLA-11949,Uncollected garbage pile attracting stray animals near hospital gate,garbage,DEPT_SANITATION,2025-04-20T01:32:00,1,6,4,1,0,6.0,HIGH,0.1,0.1,0.7,0.1,1,1,27.0,0.27,0,13.116172,80.412391,9,1,11.1,1
COMP-SLA-12752,Roads Complaint - COMP-SLA-12752,Road surface cracked and unpaved causing risk for two-wheelers,roads,DEPT_ROADS,2025-03-21T06:21:00,6,4,3,0,0,6.0,HIGH,0.1,0.1,0.7,0.1,3,9,86.34,0.8634,1,13.000793,80.140119,9,0,22.55,1
COMP-SLA-12149,Other Complaint - COMP-SLA-12149,Unsanitary public toilet conditions in central market,other,DEPT_GENERAL,2025-04-24T23:24:00,23,3,4,0,0,3.0,CRITICAL,0.1,0.1,0.1,0.7,1,1,37.76,0.3776,0,13.212755,80.298447,7,0,15.3,1
COMP-SLA-10103,Streetlights Complaint - COMP-SLA-10103,Sparking electrical transformer near residential area,streetlights,DEPT_ELECTRICITY,2025-03-19T06:24:00,6,2,3,0,0,2.0,HIGH,0.1,0.1,0.7,0.1,1,3,36.23,0.3623,0,13.188701,80.152696,6,1,10.28,1
COMP-SLA-12418,Garbage Complaint - COMP-SLA-12418,Minor littering near bus shelter,garbage,DEPT_SANITATION,2025-02-22T23:15:00,23,5,2,1,0,18.0,LOW,0.7,0.1,0.1,0.1,1,2,19.01,0.1901,0,13.035464,80.245957,5,0,10.55,0
COMP-SLA-13828,Infrastructure Complaint - COMP-SLA-13828,Collapsed public park boundary wall blocking walkway,infrastructure,DEPT_WORKS,2025-05-11T01:54:00,1,6,5,1,0,6.0,CRITICAL,0.1,0.1,0.1,0.7,3,9,87.41,0.8741,1,13.12086,80.391438,7,2,16.09,1
COMP-SLA-10240,Drainage Complaint - COMP-SLA-10240,Open manhole cover on main sidewalk presents fatal hazard,drainage,DEPT_DRAINAGE,2025-05-19T20:03:00,20,0,5,0,0,6.0,MEDIUM,0.1,0.7,0.1,0.1,1,6,7.06,0.0706,0,13.089883,80.372421,9,2,5.3,0
COMP-SLA-13634,Roads Complaint - COMP-SLA-13634,Road cave-in reported on highway access lane,roads,DEPT_ROADS,2025-01-13T19:17:00,19,0,1,0,0,12.0,MEDIUM,0.1,0.7,0.1,0.1,1,5,17.87,0.1787,0,13.087371,80.340622,7,0,14.65,1
COMP-SLA-11544,Water Complaint - COMP-SLA-11544,No water supply for last 48 hours in entire neighborhood block,water,DEPT_WATER,2025-06-21T21:12:00,21,5,6,1,0,2.0,HIGH,0.1,0.1,0.7,0.1,1,6,13.23,0.1323,0,13.163194,80.387865,11,0,7.37,1
COMP-SLA-10109,Water Complaint - COMP-SLA-10109,Contaminated muddy water coming from municipal tap supply,water,DEPT_WATER,2025-05-23T11:05:00,11,4,5,0,1,1.0,CRITICAL,0.1,0.1,0.1,0.7,1,4,50.97,0.5097,0,13.169905,80.124876,8,0,0.2,0
COMP-SLA-11874,Streetlights Complaint - COMP-SLA-11874,Entire street light network down making dark alley unsafe at night,streetlights,DEPT_ELECTRICITY,2025-04-19T04:15:00,4,5,4,1,0,2.0,HIGH,0.1,0.1,0.7,0.1,2,4,75.9,0.759,1,13.189811,80.231559,11,0,18.22,1
COMP-SLA-13501,Roads Complaint - COMP-SLA-13501,Massive pothole causing severe traffic delay near main intersection,roads,DEPT_ROADS,2025-03-06T00:49:00,0,3,3,0,0,6.0,HIGH,0.1,0.1,0.7,0.1,1,6,16.12,0.1612,0,13.042063,80.253505,9,0,5.47,0
COMP-SLA-12227,Roads Complaint - COMP-SLA-12227,Road surface cracked and unpaved causing risk for two-wheelers,roads,DEPT_ROADS,2025-03-30T18:01:00,18,6,3,1,0,3.0,CRITICAL,0.1,0.1,0.1,0.7,1,1,37.77,0.3777,0,13.018759,80.380583,9,0,5.36,1
COMP-SLA-13999,Drainage Complaint - COMP-SLA-13999,Overflowing sewage line flooding residential street and homes,drainage,DEPT_DRAINAGE,2025-06-28T11:38:00,11,5,6,1,0,3.0,HIGH,0.1,0.1,0.7,0.1,1,2,42.14,0.4214,0,13.036704,80.240784,8,2,7.0,1
COMP-SLA-11271,Water Complaint - COMP-SLA-11271,Low water pressure in residential high-rise complex,water,DEPT_WATER,2025-03-12T11:29:00,11,2,3,0,1,2.0,HIGH,0.1,0.1,0.7,0.1,8,48,78.43,0.7843,1,13.139398,80.19393,7,0,11.86,1
COMP-SLA-13438,Roads Complaint - COMP-SLA-13438,Massive pothole causing severe traffic delay near main intersection,roads,DEPT_ROADS,2025-03-15T15:08:00,15,5,3,1,0,3.0,CRITICAL,0.1,0.1,0.1,0.7,1,3,11.73,0.1173,0,13.090031,80.309704,9,0,12.63,1
COMP-SLA-11455,Infrastructure Complaint - COMP-SLA-11455,Pedestrian footbridge concrete pillar showing structural cracks,infrastructure,DEPT_WORKS,2025-05-27T07:49:00,7,1,5,0,0,12.0,HIGH,0.1,0.1,0.7,0.1,5,15,68.7,0.687,1,12.958916,80.143323,7,0,20.29,1
COMP-SLA-12463,Infrastructure Complaint - COMP-SLA-12463,Collapsed public park boundary wall blocking walkway,infrastructure,DEPT_WORKS,2025-04-27T13:08:00,13,6,4,1,0,6.0,CRITICAL,0.1,0.1,0.1,0.7,2,4,79.98,0.7998,1,13.044075,80.398501,7,2,10.48,1
COMP-SLA-13140,Water Complaint - COMP-SLA-13140,Low water pressure in residential high-rise complex,water,DEPT_WATER,2025-03-12T00:53:00,0,2,3,0,0,2.0,HIGH,0.1,0.1,0.7,0.1,1,1,54.85,0.5485,0,13.005845,80.188298,7,0,11.23,1
COMP-SLA-11437,Drainage Complaint - COMP-SLA-11437,Foul stench and black water coming from open drainage pipe,drainage,DEPT_DRAINAGE,2025-06-18T12:59:00,12,2,6,0,1,6.0,MEDIUM,0.1,0.7,0.1,0.1,1,6,42.08,0.4208,0,13.08795,80.174795,10,0,1.55,0
COMP-SLA-10333,Water Complaint - COMP-SLA-10333,Main pipeline burst wasting thousands of liters of clean water,water,DEPT_WATER,2025-01-15T07:38:00,7,2,1,0,0,2.0,HIGH,0.1,0.1,0.7,0.1,1,5,0.06,0.0006,0,12.998343,80.278635,10,1,6.03,1
COMP-SLA-13361,Roads Complaint - COMP-SLA-13361,Minor tar peeling on residential side street,roads,DEPT_ROADS,2025-04-28T02:26:00,2,0,4,0,0,12.0,MEDIUM,0.1,0.7,0.1,0.1,1,1,63.52,0.6352,1,13.024932,80.348094,7,0,27.06,1
COMP-SLA-12168,Streetlights Complaint - COMP-SLA-12168,Single street lamp bulb burnt out on quiet street,streetlights,DEPT_ELECTRICITY,2025-02-22T12:48:00,12,5,2,1,0,4.0,MEDIUM,0.1,0.7,0.1,0.1,1,6,7.49,0.0749,0,13.053317,80.395204,9,0,7.86,1
COMP-SLA-11357,Infrastructure Complaint - COMP-SLA-11357,Damaged bus shelter roof leaning precariously,infrastructure,DEPT_WORKS,2025-03-07T10:51:00,10,4,3,0,1,24.0,MEDIUM,0.1,0.7,0.1,0.1,1,1,43.35,0.4335,0,13.194291,80.352302,6,0,38.8,1
COMP-SLA-10882,Other Complaint - COMP-SLA-10882,Stray dog menace near elementary school playground,other,DEPT_GENERAL,2025-01-05T19:06:00,19,6,1,1,0,6.0,HIGH,0.1,0.1,0.7,0.1,1,1,70.44,0.7044,1,12.985871,80.157945,7,1,17.46,1
COMP-SLA-11614,Water Complaint - COMP-SLA-11614,No water supply for last 48 hours in entire neighborhood block,water,DEPT_WATER,2025-05-20T20:12:00,20,1,5,0,0,4.0,MEDIUM,0.1,0.7,0.1,0.1,1,2,31.23,0.3123,0,12.936963,80.24955,11,0,14.56,1
COMP-SLA-13620,Roads Complaint - COMP-SLA-13620,Minor tar peeling on residential side street,roads,DEPT_ROADS,2025-05-22T04:46:00,4,3,5,0,0,18.0,LOW,0.7,0.1,0.1,0.1,1,4,24.9,0.249,0,12.966602,80.338782,7,0,15.86,0
COMP-SLA-13642,Drainage Complaint - COMP-SLA-13642,Open manhole cover on main sidewalk presents fatal hazard,drainage,DEPT_DRAINAGE,2025-06-25T05:24:00,5,2,6,0,0,3.0,HIGH,0.1,0.1,0.7,0.1,1,3,31.76,0.3176,0,12.988913,80.370351,9,2,11.86,1
COMP-SLA-11351,Other Complaint - COMP-SLA-11351,Stray dog menace near elementary school playground,other,DEPT_GENERAL,2025-02-26T16:08:00,16,2,2,0,1,6.0,HIGH,0.1,0.1,0.7,0.1,5,5,62.62,0.6262,1,13.174334,80.163479,7,1,16.91,1
COMP-SLA-11214,Garbage Complaint - COMP-SLA-11214,Minor littering near bus shelter,garbage,DEPT_SANITATION,2025-01-16T15:16:00,15,3,1,0,1,18.0,LOW,0.7,0.1,0.1,0.1,1,3,79.26,0.7926,1,13.056258,80.342853,5,0,26.09,1
COMP-SLA-12479,Roads Complaint - COMP-SLA-12479,Deep crater formed after rains near public school gate,roads,DEPT_ROADS,2025-06-25T16:26:00,16,2,6,0,1,6.0,HIGH,0.1,0.1,0.7,0.1,3,12,63.22,0.6322,1,13.218025,80.219863,9,2,4.49,0
COMP-SLA-12533,Infrastructure Complaint - COMP-SLA-12533,Minor paint peeling on government office gate,infrastructure,DEPT_WORKS,2025-03-15T21:40:00,21,5,3,1,0,24.0,MEDIUM,0.1,0.7,0.1,0.1,1,2,73.21,0.7321,1,13.231776,80.412028,7,0,21.23,0
COMP-SLA-12169,Infrastructure Complaint - COMP-SLA-12169,Minor paint peeling on government office gate,infrastructure,DEPT_WORKS,2025-05-26T07:13:00,7,0,5,0,0,24.0,MEDIUM,0.1,0.7,0.1,0.1,1,1,5.73,0.0573,0,13.038669,80.360244,7,0,29.21,1
COMP-SLA-11232,Other Complaint - COMP-SLA-11232,Noise pollution from unauthorized loudspeaker after midnight,other,DEPT_GENERAL,2025-02-24T19:35:00,19,0,2,0,0,6.0,HIGH,0.1,0.1,0.7,0.1,1,3,18.14,0.1814,0,13.195588,80.396882,7,0,6.89,1
COMP-SLA-12207,Drainage Complaint - COMP-SLA-12207,Overflowing sewage line flooding residential street and homes,drainage,DEPT_DRAINAGE,2025-05-09T16:17:00,16,4,5,0,1,3.0,HIGH,0.1,0.1,0.7,0.1,1,2,48.56,0.4856,0,13.026288,80.198345,8,2,0.69,0
COMP-SLA-10817,Streetlights Complaint - COMP-SLA-10817,Flickering streetlight fixture on main road,streetlights,DEPT_ELECTRICITY,2025-03-10T01:20:00,1,0,3,0,0,4.0,MEDIUM,0.1,0.7,0.1,0.1,1,4,46.0,0.46,0,13.072147,80.242823,6,0,12.84,1
COMP-SLA-12253,Infrastructure Complaint - COMP-SLA-12253,Broken railing on canal overbridge,infrastructure,DEPT_WORKS,2025-04-30T19:48:00,19,2,4,0,0,24.0,MEDIUM,0.1,0.7,0.1,0.1,1,4,10.64,0.1064,0,12.949571,80.188709,5,0,23.64,0
COMP-SLA-13592,Roads Complaint - COMP-SLA-13592,Massive pothole causing severe traffic delay near main intersection,roads,DEPT_ROADS,2025-02-15T02:44:00,2,5,2,1,0,6.0,HIGH,0.1,0.1,0.7,0.1,1,6,43.1,0.431,0,13.089465,80.375518,9,0,10.8,1
COMP-SLA-10777,Other Complaint - COMP-SLA-10777,General inquiry regarding municipal service timing,other,DEPT_GENERAL,2025-03-01T22:03:00,22,5,3,1,0,12.0,MEDIUM,0.1,0.7,0.1,0.1,1,1,30.01,0.3001,0,13.091193,80.247301,6,0,8.87,0
COMP-SLA-13143,Other Complaint - COMP-SLA-13143,Stray dog menace near elementary school playground,other,DEPT_GENERAL,2025-02-17T19:26:00,19,0,2,0,0,3.0,CRITICAL,0.1,0.1,0.1,0.7,1,2,64.96,0.6496,1,13.161183,80.198141,7,1,20.34,1
COMP-SLA-12472,Roads Complaint - COMP-SLA-12472,Minor tar peeling on residential side street,roads,DEPT_ROADS,2025-05-08T09:11:00,9,3,5,0,1,12.0,MEDIUM,0.1,0.7,0.1,0.1,1,4,15.35,0.1535,0,13.180713,80.399443,7,0,27.93,1
COMP-SLA-12222,Garbage Complaint - COMP-SLA-12222,Overflowing community dump bin spilling onto main road,garbage,DEPT_SANITATION,2025-01-25T01:35:00,1,5,1,1,0,6.0,HIGH,0.1,0.1,0.7,0.1,8,16,68.5,0.685,1,12.974084,80.38507,8,1,20.93,1
COMP-SLA-12471,Other Complaint - COMP-SLA-12471,Stray dog menace near elementary school playground,other,DEPT_GENERAL,2025-04-22T23:44:00,23,1,4,0,0,3.0,CRITICAL,0.1,0.1,0.1,0.7,1,2,13.06,0.1306,0,13.229013,80.383403,7,1,12.71,1
COMP-SLA-11290,Drainage Complaint - COMP-SLA-11290,Open manhole cover on main sidewalk presents fatal hazard,drainage,DEPT_DRAINAGE,2025-02-11T14:23:00,14,1,2,0,1,6.0,MEDIUM,0.1,0.7,0.1,0.1,1,6,44.86,0.4486,0,13.149618,80.192495,9,2,0.34,0
COMP-SLA-12487,Drainage Complaint - COMP-SLA-12487,Overflowing sewage line flooding residential street and homes,drainage,DEPT_DRAINAGE,2025-01-18T06:17:00,6,5,1,1,0,1.5,CRITICAL,0.1,0.1,0.1,0.7,5,5,73.17,0.7317,1,13.133092,80.124335,8,2,20.72,1
COMP-SLA-11310,Roads Complaint - COMP-SLA-11310,Massive pothole causing severe traffic delay near main intersection,roads,DEPT_ROADS,2025-06-12T02:12:00,2,3,6,0,0,3.0,CRITICAL,0.1,0.1,0.1,0.7,1,1,45.22,0.4522,0,13.07619,80.253269,9,0,12.97,1
COMP-SLA-12663,Garbage Complaint - COMP-SLA-12663,Illegal dumping of commercial debris in public park,garbage,DEPT_SANITATION,2025-06-18T11:57:00,11,2,6,0,1,6.0,HIGH,0.1,0.1,0.7,0.1,1,4,18.61,0.1861,0,12.934011,80.164903,8,0,1.02,0
COMP-SLA-11809,Garbage Complaint - COMP-SLA-11809,Overflowing community dump bin spilling onto main road,garbage,DEPT_SANITATION,2025-06-02T09:24:00,9,0,6,0,1,6.0,HIGH,0.1,0.1,0.7,0.1,1,6,56.18,0.5618,0,12.971342,80.372697,8,1,0.8,0
COMP-SLA-14182,Garbage Complaint - COMP-SLA-14182,Minor littering near bus shelter,garbage,DEPT_SANITATION,2025-04-16T02:42:00,2,2,4,0,0,18.0,LOW,0.7,0.1,0.1,0.1,1,3,45.73,0.4573,0,13.230085,80.299599,5,0,28.03,1
COMP-SLA-14156,Streetlights Complaint - COMP-SLA-14156,Sparking electrical transformer near residential area,streetlights,DEPT_ELECTRICITY,2025-06-14T09:44:00,9,5,6,1,0,4.0,MEDIUM,0.1,0.7,0.1,0.1,1,2,70.58,0.7058,1,13.006713,80.142667,6,1,14.14,1
COMP-SLA-10865,Water Complaint - COMP-SLA-10865,Low water pressure in residential high-rise complex,water,DEPT_WATER,2025-01-22T10:54:00,10,2,1,0,1,2.0,HIGH,0.1,0.1,0.7,0.1,1,4,66.3,0.663,1,12.989054,80.351739,7,0,5.42,1
COMP-SLA-12565,Garbage Complaint - COMP-SLA-12565,Illegal dumping of commercial debris in public park,garbage,DEPT_SANITATION,2025-02-15T19:30:00,19,5,2,1,0,6.0,HIGH,0.1,0.1,0.7,0.1,1,3,79.31,0.7931,1,13.181813,80.227563,8,0,21.03,1
COMP-SLA-10555,Drainage Complaint - COMP-SLA-10555,Overflowing sewage line flooding residential street and homes,drainage,DEPT_DRAINAGE,2025-04-29T20:28:00,20,1,4,0,0,3.0,HIGH,0.1,0.1,0.7,0.1,1,5,17.08,0.1708,0,12.959832,80.270897,8,2,17.77,1
COMP-SLA-12089,Garbage Complaint - COMP-SLA-12089,Minor littering near bus shelter,garbage,DEPT_SANITATION,2025-03-01T13:15:00,13,5,3,1,0,12.0,MEDIUM,0.1,0.7,0.1,0.1,1,4,14.65,0.1465,0,13.071682,80.33676,5,0,20.23,1
COMP-SLA-11107,Roads Complaint - COMP-SLA-11107,Deep crater formed after rains near public school gate,roads,DEPT_ROADS,2025-03-19T15:18:00,15,2,3,0,1,12.0,MEDIUM,0.1,0.7,0.1,0.1,1,2,43.12,0.4312,0,12.952085,80.209118,9,2,4.24,0
COMP-SLA-13345,Infrastructure Complaint - COMP-SLA-13345,Damaged bus shelter roof leaning precariously,infrastructure,DEPT_WORKS,2025-04-15T22:13:00,22,1,4,0,0,24.0,MEDIUM,0.1,0.7,0.1,0.1,1,6,40.14,0.4014,0,13.097941,80.367694,6,0,19.93,0
COMP-SLA-11428,Other Complaint - COMP-SLA-11428,Noise pollution from unauthorized loudspeaker after midnight,other,DEPT_GENERAL,2025-01-10T04:57:00,4,4,1,0,0,6.0,HIGH,0.1,0.1,0.7,0.1,1,5,36.22,0.3622,0,12.963838,80.190799,7,0,17.32,1
COMP-SLA-13535,Other Complaint - COMP-SLA-13535,Noise pollution from unauthorized loudspeaker after midnight,other,DEPT_GENERAL,2025-05-15T03:23:00,3,3,5,0,0,12.0,MEDIUM,0.1,0.7,0.1,0.1,1,6,46.17,0.4617,0,13.190106,80.281435,7,0,8.1,0
COMP-SLA-13033,Drainage Complaint - COMP-SLA-13033,Slow drainage runoff on commercial market road,drainage,DEPT_DRAINAGE,2025-05-10T05:37:00,5,5,5,1,0,6.0,MEDIUM,0.1,0.7,0.1,0.1,5,15,91.64,0.9164,1,13.205547,80.223801,7,0,27.16,1
COMP-SLA-13709,Infrastructure Complaint - COMP-SLA-13709,Pedestrian footbridge concrete pillar showing structural cracks,infrastructure,DEPT_WORKS,2025-01-25T00:44:00,0,5,1,1,0,6.0,CRITICAL,0.1,0.1,0.1,0.7,1,1,38.84,0.3884,0,13.228371,80.286286,7,0,10.61,1
COMP-SLA-12952,Streetlights Complaint - COMP-SLA-12952,Flickering streetlight fixture on main road,streetlights,DEPT_ELECTRICITY,2025-05-09T03:41:00,3,4,5,0,0,2.0,HIGH,0.1,0.1,0.7,0.1,3,9,74.8,0.748,1,13.055335,80.133993,6,0,14.66,1
COMP-SLA-13842,Infrastructure Complaint - COMP-SLA-13842,Damaged bus shelter roof leaning precariously,infrastructure,DEPT_WORKS,2025-06-05T04:10:00,4,3,6,0,0,24.0,MEDIUM,0.1,0.7,0.1,0.1,1,6,8.26,0.0826,0,13.114907,80.231484,6,0,11.23,0
COMP-SLA-13633,Other Complaint - COMP-SLA-13633,Noise pollution from unauthorized loudspeaker after midnight,other,DEPT_GENERAL,2025-05-09T22:04:00,22,4,5,0,0,12.0,MEDIUM,0.1,0.7,0.1,0.1,1,5,33.41,0.3341,0,12.953313,80.219828,7,0,10.56,0
COMP-SLA-11812,Infrastructure Complaint - COMP-SLA-11812,Minor paint peeling on government office gate,infrastructure,DEPT_WORKS,2025-05-19T11:24:00,11,0,5,0,1,24.0,MEDIUM,0.1,0.7,0.1,0.1,1,1,20.14,0.2014,0,13.024784,80.397906,7,0,24.28,1
COMP-SLA-11737,Roads Complaint - COMP-SLA-11737,Road surface cracked and unpaved causing risk for two-wheelers,roads,DEPT_ROADS,2025-02-22T21:16:00,21,5,2,1,0,3.0,CRITICAL,0.1,0.1,0.1,0.7,1,2,50.75,0.5075,0,13.1823,80.240208,9,0,14.31,1
COMP-SLA-14181,Drainage Complaint - COMP-SLA-14181,Slow drainage runoff on commercial market road,drainage,DEPT_DRAINAGE,2025-06-03T02:16:00,2,1,6,0,0,6.0,MEDIUM,0.1,0.7,0.1,0.1,1,6,7.13,0.0713,0,12.933003,80.394438,7,0,12.44,1
COMP-SLA-11057,Other Complaint - COMP-SLA-11057,Unsanitary public toilet conditions in central market,other,DEPT_GENERAL,2025-01-07T13:00:00,13,1,1,0,1,6.0,HIGH,0.1,0.1,0.7,0.1,1,6,2.64,0.0264,0,13.121368,80.298686,7,0,6.12,1
COMP-SLA-10979,Infrastructure Complaint - COMP-SLA-10979,Damaged bus shelter roof leaning precariously,infrastructure,DEPT_WORKS,2025-02-07T13:01:00,13,4,2,0,1,24.0,MEDIUM,0.1,0.7,0.1,0.1,1,4,4.84,0.0484,0,13.11764,80.147981,6,0,11.52,0
COMP-SLA-10867,Infrastructure Complaint - COMP-SLA-10867,Broken railing on canal overbridge,infrastructure,DEPT_WORKS,2025-06-25T12:48:00,12,2,6,0,1,12.0,HIGH,0.1,0.1,0.7,0.1,1,1,30.98,0.3098,0,13.166293,80.281981,5,0,1.42,0
COMP-SLA-10753,Water Complaint - COMP-SLA-10753,Main pipeline burst wasting thousands of liters of clean water,water,DEPT_WATER,2025-03-08T05:45:00,5,5,3,1,0,1.0,CRITICAL,0.1,0.1,0.1,0.7,2,2,85.04,0.8504,1,13.07284,80.155507,10,1,17.04,1
COMP-SLA-11916,Streetlights Complaint - COMP-SLA-11916,Single street lamp bulb burnt out on quiet street,streetlights,DEPT_ELECTRICITY,2025-04-08T00:19:00,0,1,4,0,0,6.0,LOW,0.7,0.1,0.1,0.1,1,5,0.56,0.0056,0,13.226033,80.286689,9,0,13.06,1
COMP-SLA-13231,Water Complaint - COMP-SLA-13231,Low water pressure in residential high-rise complex,water,DEPT_WATER,2025-01-27T11:10:00,11,0,1,0,1,2.0,HIGH,0.1,0.1,0.7,0.1,1,1,9.83,0.0983,0,12.944523,80.260902,7,0,1.03,0
COMP-SLA-13050,Streetlights Complaint - COMP-SLA-13050,Entire street light network down making dark alley unsafe at night,streetlights,DEPT_ELECTRICITY,2025-04-30T23:49:00,23,2,4,0,0,1.0,CRITICAL,0.1,0.1,0.1,0.7,1,2,4.06,0.0406,0,13.003583,80.218034,11,0,5.65,1
COMP-SLA-14054,Roads Complaint - COMP-SLA-14054,Road cave-in reported on highway access lane,roads,DEPT_ROADS,2025-03-07T20:45:00,20,4,3,0,0,12.0,MEDIUM,0.1,0.7,0.1,0.1,1,1,3.28,0.0328,0,12.999471,80.419868,7,0,11.43,0
COMP-SLA-13379,Streetlights Complaint - COMP-SLA-13379,Live high-voltage electric wire hanging dangerously low near school,streetlights,DEPT_ELECTRICITY,2025-04-03T20:31:00,20,3,4,0,0,2.0,HIGH,0.1,0.1,0.7,0.1,1,4,1.2,0.012,0,13.199956,80.308481,9,2,6.32,1
COMP-SLA-14131,Roads Complaint - COMP-SLA-14131,Massive pothole causing severe traffic delay near main intersection,roads,DEPT_ROADS,2025-03-11T16:44:00,16,1,3,0,1,6.0,HIGH,0.1,0.1,0.7,0.1,1,5,42.06,0.4206,0,12.965142,80.295558,9,0,1.33,0
COMP-SLA-11603,Other Complaint - COMP-SLA-11603,Noise pollution from unauthorized loudspeaker after midnight,other,DEPT_GENERAL,2025-02-17T15:29:00,15,0,2,0,1,6.0,HIGH,0.1,0.1,0.7,0.1,1,4,67.37,0.6737,1,13.130199,80.239947,7,0,3.88,0
COMP-SLA-11908,Water Complaint - COMP-SLA-11908,Main pipeline burst wasting thousands of liters of clean water,water,DEPT_WATER,2025-04-21T21:24:00,21,0,4,0,0,1.0,CRITICAL,0.1,0.1,0.1,0.7,1,6,1.24,0.0124,0,13.059325,80.148308,10,1,8.25,1
COMP-SLA-11153,Streetlights Complaint - COMP-SLA-11153,Entire street light network down making dark alley unsafe at night,streetlights,DEPT_ELECTRICITY,2025-04-06T23:52:00,23,6,4,1,0,2.0,HIGH,0.1,0.1,0.7,0.1,1,4,22.33,0.2233,0,13.169082,80.13146,11,0,12.17,1
COMP-SLA-10730,Drainage Complaint - COMP-SLA-10730,Clogged storm drain causing severe waterlogging during rain,drainage,DEPT_DRAINAGE,2025-02-25T04:06:00,4,1,2,0,0,1.5,CRITICAL,0.1,0.1,0.1,0.7,1,3,41.75,0.4175,0,12.985246,80.411677,8,0,12.82,1
COMP-SLA-11129,Drainage Complaint - COMP-SLA-11129,Clogged storm drain causing severe waterlogging during rain,drainage,DEPT_DRAINAGE,2025-02-03T22:20:00,22,0,2,0,0,1.5,CRITICAL,0.1,0.1,0.1,0.7,1,4,55.53,0.5553,0,13.109356,80.294917,8,0,5.17,1
COMP-SLA-11488,Water Complaint - COMP-SLA-11488,Main pipeline burst wasting thousands of liters of clean water,water,DEPT_WATER,2025-02-28T07:03:00,7,4,2,0,0,1.0,CRITICAL,0.1,0.1,0.1,0.7,1,6,4.99,0.0499,0,13.126128,80.288005,10,1,7.09,1
COMP-SLA-11238,Infrastructure Complaint - COMP-SLA-11238,Pedestrian footbridge concrete pillar showing structural cracks,infrastructure,DEPT_WORKS,2025-06-22T10:57:00,10,6,6,1,0,6.0,CRITICAL,0.1,0.1,0.1,0.7,1,3,55.75,0.5575,0,13.145493,80.392417,7,0,11.86,1
COMP-SLA-10913,Garbage Complaint - COMP-SLA-10913,Minor littering near bus shelter,garbage,DEPT_SANITATION,2025-06-12T05:05:00,5,3,6,0,0,18.0,LOW,0.7,0.1,0.1,0.1,1,3,26.29,0.2629,0,13.020638,80.234019,5,0,16.63,0
COMP-SLA-10722,Roads Complaint - COMP-SLA-10722,Minor tar peeling on residential side street,roads,DEPT_ROADS,2025-05-25T23:40:00,23,6,5,1,0,12.0,MEDIUM,0.1,0.7,0.1,0.1,1,2,43.94,0.4394,0,12.950664,80.180894,7,0,7.18,0
COMP-SLA-12079,Other Complaint - COMP-SLA-12079,General inquiry regarding municipal service timing,other,DEPT_GENERAL,2025-06-27T11:11:00,11,4,6,0,1,12.0,MEDIUM,0.1,0.7,0.1,0.1,1,4,85.25,0.8525,1,13.112153,80.341266,6,0,37.88,1
COMP-SLA-11201,Water Complaint - COMP-SLA-11201,Contaminated muddy water coming from municipal tap supply,water,DEPT_WATER,2025-06-10T03:39:00,3,1,6,0,0,2.0,HIGH,0.1,0.1,0.7,0.1,1,6,51.28,0.5128,0,13.115925,80.159465,8,0,6.2,1
COMP-SLA-11796,Water Complaint - COMP-SLA-11796,Main pipeline burst wasting thousands of liters of clean water,water,DEPT_WATER,2025-03-09T17:31:00,17,6,3,1,0,2.0,HIGH,0.1,0.1,0.7,0.1,3,15,84.06,0.8406,1,13.114674,80.402618,10,1,14.6,1
COMP-SLA-11573,Streetlights Complaint - COMP-SLA-11573,Sparking electrical transformer near residential area,streetlights,DEPT_ELECTRICITY,2025-01-07T10:31:00,10,1,1,0,1,2.0,HIGH,0.1,0.1,0.7,0.1,1,6,41.38,0.4138,0,12.992311,80.125512,6,1,1.87,0
COMP-SLA-12118,Water Complaint - COMP-SLA-12118,Minor leak near public water standpost,water,DEPT_WATER,2025-03-20T21:43:00,21,3,3,0,0,4.0,MEDIUM,0.1,0.7,0.1,0.1,8,40,65.13,0.6513,1,13.082109,80.288445,6,0,17.99,1
COMP-SLA-12831,Garbage Complaint - COMP-SLA-12831,Overflowing community dump bin spilling onto main road,garbage,DEPT_SANITATION,2025-03-25T02:43:00,2,1,3,0,0,3.0,CRITICAL,0.1,0.1,0.1,0.7,1,4,86.38,0.8638,1,13.122731,80.137441,8,1,19.98,1
COMP-SLA-12373,Other Complaint - COMP-SLA-12373,General inquiry regarding municipal service timing,other,DEPT_GENERAL,2025-05-13T20:57:00,20,1,5,0,0,18.0,LOW,0.7,0.1,0.1,0.1,1,4,43.15,0.4315,0,13.192551,80.378401,6,0,20.36,1
COMP-SLA-10347,Water Complaint - COMP-SLA-10347,Low water pressure in residential high-rise complex,water,DEPT_WATER,2025-01-24T20:34:00,20,4,1,0,0,2.0,HIGH,0.1,0.1,0.7,0.1,1,2,36.24,0.3624,0,13.048958,80.232006,7,0,9.87,1
COMP-SLA-13402,Other Complaint - COMP-SLA-13402,Noise pollution from unauthorized loudspeaker after midnight,other,DEPT_GENERAL,2025-05-09T18:01:00,18,4,5,0,1,12.0,MEDIUM,0.1,0.7,0.1,0.1,1,1,32.75,0.3275,0,13.130454,80.237397,7,0,0.84,0
COMP-SLA-12828,Other Complaint - COMP-SLA-12828,Stray dog menace near elementary school playground,other,DEPT_GENERAL,2025-01-02T22:38:00,22,3,1,0,0,3.0,CRITICAL,0.1,0.1,0.1,0.7,1,1,66.65,0.6665,1,13.024995,80.244106,7,1,15.98,1
COMP-SLA-11264,Water Complaint - COMP-SLA-11264,Low water pressure in residential high-rise complex,water,DEPT_WATER,2025-05-05T20:42:00,20,0,5,0,0,4.0,MEDIUM,0.1,0.7,0.1,0.1,1,3,28.78,0.2878,0,13.053211,80.352108,7,0,13.12,1
COMP-SLA-13766,Other Complaint - COMP-SLA-13766,Unauthorized hawker encroachment blocking shop entrance,other,DEPT_GENERAL,2025-05-17T10:28:00,10,5,5,1,0,6.0,HIGH,0.1,0.1,0.7,0.1,1,4,71.39,0.7139,1,13.01392,80.143313,6,1,19.58,1
COMP-SLA-10579,Streetlights Complaint - COMP-SLA-10579,Entire street light network down making dark alley unsafe at night,streetlights,DEPT_ELECTRICITY,2025-05-13T21:08:00,21,1,5,0,0,2.0,HIGH,0.1,0.1,0.7,0.1,1,5,36.82,0.3682,0,12.994256,80.131666,11,0,6.11,1
COMP-SLA-13549,Other Complaint - COMP-SLA-13549,Stray dog menace near elementary school playground,other,DEPT_GENERAL,2025-05-06T04:43:00,4,1,5,0,0,6.0,HIGH,0.1,0.1,0.7,0.1,1,3,76.5,0.765,1,13.077503,80.228834,7,1,21.16,1
COMP-SLA-12963,Drainage Complaint - COMP-SLA-12963,Foul stench and black water coming from open drainage pipe,drainage,DEPT_DRAINAGE,2025-05-07T20:19:00,20,2,5,0,0,6.0,MEDIUM,0.1,0.7,0.1,0.1,1,6,38.49,0.3849,0,13.225374,80.188713,10,0,14.95,1
COMP-SLA-13089,Drainage Complaint - COMP-SLA-13089,Open manhole cover on main sidewalk presents fatal hazard,drainage,DEPT_DRAINAGE,2025-01-28T14:36:00,14,1,1,0,1,3.0,HIGH,0.1,0.1,0.7,0.1,1,3,29.84,0.2984,0,13.102618,80.313845,9,2,1.84,0
COMP-SLA-11923,Streetlights Complaint - COMP-SLA-11923,Single street lamp bulb burnt out on quiet street,streetlights,DEPT_ELECTRICITY,2025-01-13T02:40:00,2,0,1,0,0,6.0,LOW,0.7,0.1,0.1,0.1,2,6,85.36,0.8536,1,13.05249,80.398302,9,0,22.32,1
COMP-SLA-11841,Other Complaint - COMP-SLA-11841,General inquiry regarding municipal service timing,other,DEPT_GENERAL,2025-02-07T03:05:00,3,4,2,0,0,12.0,MEDIUM,0.1,0.7,0.1,0.1,3,15,69.44,0.6944,1,13.225503,80.409456,6,0,21.96,1
COMP-SLA-11660,Roads Complaint - COMP-SLA-11660,Massive pothole causing severe traffic delay near main intersection,roads,DEPT_ROADS,2025-02-20T06:12:00,6,3,2,0,0,6.0,HIGH,0.1,0.1,0.7,0.1,1,5,62.86,0.6286,1,12.972488,80.258957,9,0,10.54,1
COMP-SLA-13163,Infrastructure Complaint - COMP-SLA-13163,Minor paint peeling on government office gate,infrastructure,DEPT_WORKS,2025-01-01T22:57:00,22,2,1,0,0,36.0,LOW,0.7,0.1,0.1,0.1,1,6,13.52,0.1352,0,12.98982,80.202215,7,0,15.77,0
COMP-SLA-12727,Water Complaint - COMP-SLA-12727,Minor leak near public water standpost,water,DEPT_WATER,2025-03-23T18:34:00,18,6,3,1,0,6.0,LOW,0.7,0.1,0.1,0.1,1,4,59.14,0.5914,0,12.964552,80.217738,6,0,8.93,1
COMP-SLA-10179,Water Complaint - COMP-SLA-10179,Low water pressure in residential high-rise complex,water,DEPT_WATER,2025-06-24T16:22:00,16,1,6,0,1,2.0,HIGH,0.1,0.1,0.7,0.1,1,5,52.37,0.5237,0,12.9712,80.369416,7,0,3.86,1
COMP-SLA-10669,Water Complaint - COMP-SLA-10669,Contaminated muddy water coming from municipal tap supply,water,DEPT_WATER,2025-02-16T05:53:00,5,6,2,1,0,1.0,CRITICAL,0.1,0.1,0.1,0.7,1,2,75.47,0.7547,1,13.145133,80.392113,8,0,13.28,1
COMP-SLA-13449,Streetlights Complaint - COMP-SLA-13449,Entire street light network down making dark alley unsafe at night,streetlights,DEPT_ELECTRICITY,2025-03-12T22:41:00,22,2,3,0,0,2.0,HIGH,0.1,0.1,0.7,0.1,1,5,2.94,0.0294,0,13.172335,80.205011,11,0,14.52,1
COMP-SLA-10788,Water Complaint - COMP-SLA-10788,Low water pressure in residential high-rise complex,water,DEPT_WATER,2025-06-11T21:15:00,21,2,6,0,0,2.0,HIGH,0.1,0.1,0.7,0.1,1,2,40.06,0.4006,0,12.978183,80.346752,7,0,6.1,1
COMP-SLA-11058,Roads Complaint - COMP-SLA-11058,Minor tar peeling on residential side street,roads,DEPT_ROADS,2025-05-27T12:01:00,12,1,5,0,1,18.0,LOW,0.7,0.1,0.1,0.1,1,6,43.1,0.431,0,13.155402,80.159864,7,0,6.48,0
COMP-SLA-10819,Other Complaint - COMP-SLA-10819,Unauthorized hawker encroachment blocking shop entrance,other,DEPT_GENERAL,2025-06-12T16:13:00,16,3,6,0,1,12.0,MEDIUM,0.1,0.7,0.1,0.1,1,2,51.34,0.5134,0,13.167564,80.16341,6,1,0.47,0
COMP-SLA-13478,Infrastructure Complaint - COMP-SLA-13478,Collapsed public park boundary wall blocking walkway,infrastructure,DEPT_WORKS,2025-02-16T03:01:00,3,6,2,1,0,6.0,CRITICAL,0.1,0.1,0.1,0.7,1,6,44.43,0.4443,0,13.194575,80.345508,7,2,8.11,1
COMP-SLA-11895,Streetlights Complaint - COMP-SLA-11895,Flickering streetlight fixture on main road,streetlights,DEPT_ELECTRICITY,2025-05-18T23:24:00,23,6,5,1,0,2.0,HIGH,0.1,0.1,0.7,0.1,1,5,40.43,0.4043,0,13.173872,80.29107,6,0,10.41,1
COMP-SLA-14078,Water Complaint - COMP-SLA-14078,Minor leak near public water standpost,water,DEPT_WATER,2025-05-16T12:21:00,12,4,5,0,1,4.0,MEDIUM,0.1,0.7,0.1,0.1,1,3,19.77,0.1977,0,13.134963,80.266729,6,0,0.9,0
COMP-SLA-10605,Garbage Complaint - COMP-SLA-10605,Foul smell from uncleared waste bin near apartment entrance,garbage,DEPT_SANITATION,2025-05-14T19:05:00,19,2,5,0,0,12.0,MEDIUM,0.1,0.7,0.1,0.1,5,5,63.06,0.6306,1,13.006269,80.309899,9,0,20.47,1
COMP-SLA-11023,Roads Complaint - COMP-SLA-11023,Massive pothole causing severe traffic delay near main intersection,roads,DEPT_ROADS,2025-06-02T00:48:00,0,0,6,0,0,6.0,HIGH,0.1,0.1,0.7,0.1,1,1,19.16,0.1916,0,13.205606,80.177023,9,0,17.25,1
COMP-SLA-10026,Streetlights Complaint - COMP-SLA-10026,Sparking electrical transformer near residential area,streetlights,DEPT_ELECTRICITY,2025-01-15T18:47:00,18,2,1,0,1,4.0,MEDIUM,0.1,0.7,0.1,0.1,1,5,5.43,0.0543,0,13.095359,80.345093,6,1,4.31,1
COMP-SLA-13854,Water Complaint - COMP-SLA-13854,Main pipeline burst wasting thousands of liters of clean water,water,DEPT_WATER,2025-06-28T20:15:00,20,5,6,1,0,2.0,HIGH,0.1,0.1,0.7,0.1,1,1,51.72,0.5172,0,13.193348,80.284039,10,1,11.85,1
COMP-SLA-11007,Infrastructure Complaint - COMP-SLA-11007,Collapsed public park boundary wall blocking walkway,infrastructure,DEPT_WORKS,2025-05-16T10:38:00,10,4,5,0,1,6.0,CRITICAL,0.1,0.1,0.1,0.7,5,15,84.85,0.8485,1,12.98711,80.248273,7,2,12.85,1
COMP-SLA-12414,Infrastructure Complaint - COMP-SLA-12414,Minor paint peeling on government office gate,infrastructure,DEPT_WORKS,2025-01-05T07:38:00,7,6,1,1,0,24.0,MEDIUM,0.1,0.7,0.1,0.1,1,1,14.21,0.1421,0,13.209636,80.334253,7,0,12.51,0
COMP-SLA-11165,Garbage Complaint - COMP-SLA-11165,Overflowing community dump bin spilling onto main road,garbage,DEPT_SANITATION,2025-05-29T10:02:00,10,3,5,0,1,3.0,CRITICAL,0.1,0.1,0.1,0.7,1,3,90.41,0.9041,1,13.098722,80.189086,8,1,2.46,0
COMP-SLA-10174,Infrastructure Complaint - COMP-SLA-10174,Broken railing on canal overbridge,infrastructure,DEPT_WORKS,2025-03-09T08:45:00,8,6,3,1,0,24.0,MEDIUM,0.1,0.7,0.1,0.1,1,4,27.13,0.2713,0,13.066582,80.41961,5,0,10.32,0
COMP-SLA-11111,Streetlights Complaint - COMP-SLA-11111,Sparking electrical transformer near residential area,streetlights,DEPT_ELECTRICITY,2025-02-14T18:27:00,18,4,2,0,1,2.0,HIGH,0.1,0.1,0.7,0.1,1,6,54.93,0.5493,0,13.136377,80.217444,6,1,2.37,1
COMP-SLA-13304,Other Complaint - COMP-SLA-13304,Stray dog menace near elementary school playground,other,DEPT_GENERAL,2025-06-03T21:39:00,21,1,6,0,0,6.0,HIGH,0.1,0.1,0.7,0.1,1,5,43.86,0.4386,0,13.062422,80.17347,7,1,9.79,1
COMP-SLA-10332,Garbage Complaint - COMP-SLA-10332,Minor littering near bus shelter,garbage,DEPT_SANITATION,2025-05-25T06:53:00,6,6,5,1,0,18.0,LOW,0.7,0.1,0.1,0.1,1,3,46.76,0.4676,0,13.229102,80.385188,5,0,23.62,1
COMP-SLA-11190,Other Complaint - COMP-SLA-11190,General inquiry regarding municipal service timing,other,DEPT_GENERAL,2025-03-12T14:40:00,14,2,3,0,1,12.0,MEDIUM,0.1,0.7,0.1,0.1,1,6,7.04,0.0704,0,13.153357,80.322324,6,0,10.35,0
COMP-SLA-10431,Water Complaint - COMP-SLA-10431,Minor leak near public water standpost,water,DEPT_WATER,2025-02-01T01:00:00,1,5,2,1,0,6.0,LOW,0.7,0.1,0.1,0.1,1,1,52.01,0.5201,0,13.104516,80.238925,6,0,7.7,1
COMP-SLA-10343,Other Complaint - COMP-SLA-10343,Unsanitary public toilet conditions in central market,other,DEPT_GENERAL,2025-06-02T19:57:00,19,0,6,0,0,3.0,CRITICAL,0.1,0.1,0.1,0.7,1,5,89.53,0.8953,1,13.077521,80.129998,7,0,16.24,1
COMP-SLA-13856,Infrastructure Complaint - COMP-SLA-13856,Minor paint peeling on government office gate,infrastructure,DEPT_WORKS,2025-06-11T19:35:00,19,2,6,0,0,36.0,LOW,0.7,0.1,0.1,0.1,1,2,63.98,0.6398,1,13.174816,80.148018,7,0,17.48,0
COMP-SLA-13434,Water Complaint - COMP-SLA-13434,No water supply for last 48 hours in entire neighborhood block,water,DEPT_WATER,2025-04-16T04:44:00,4,2,4,0,0,4.0,MEDIUM,0.1,0.7,0.1,0.1,1,5,37.85,0.3785,0,13.216099,80.199383,11,0,11.21,1
COMP-SLA-11645,Other Complaint - COMP-SLA-11645,Noise pollution from unauthorized loudspeaker after midnight,other,DEPT_GENERAL,2025-05-03T07:28:00,7,5,5,1,0,12.0,MEDIUM,0.1,0.7,0.1,0.1,1,4,22.27,0.2227,0,13.204142,80.125844,7,0,8.63,0
COMP-SLA-10480,Water Complaint - COMP-SLA-10480,No water supply for last 48 hours in entire neighborhood block,water,DEPT_WATER,2025-02-16T18:08:00,18,6,2,1,0,2.0,HIGH,0.1,0.1,0.7,0.1,5,15,77.35,0.7735,1,13.226482,80.326504,11,0,22.83,1
COMP-SLA-10728,Other Complaint - COMP-SLA-10728,Stray dog menace near elementary school playground,other,DEPT_GENERAL,2025-01-29T18:47:00,18,2,1,0,1,6.0,HIGH,0.1,0.1,0.7,0.1,3,15,63.1,0.631,1,13.082775,80.156893,7,1,10.17,1
COMP-SLA-11740,Water Complaint - COMP-SLA-11740,Contaminated muddy water coming from municipal tap supply,water,DEPT_WATER,2025-01-30T16:11:00,16,3,1,0,1,2.0,HIGH,0.1,0.1,0.7,0.1,1,3,38.8,0.388,0,13.095754,80.419475,8,0,0.75,0
COMP-SLA-10991,Water Complaint - COMP-SLA-10991,Low water pressure in residential high-rise complex,water,DEPT_WATER,2025-06-05T08:13:00,8,3,6,0,1,2.0,HIGH,0.1,0.1,0.7,0.1,1,6,20.69,0.2069,0,12.98792,80.168701,7,0,2.25,1
COMP-SLA-12060,Drainage Complaint - COMP-SLA-12060,Foul stench and black water coming from open drainage pipe,drainage,DEPT_DRAINAGE,2025-06-19T14:45:00,14,3,6,0,1,6.0,MEDIUM,0.1,0.7,0.1,0.1,8,48,65.85,0.6585,1,13.106534,80.27203,10,0,11.97,1
COMP-SLA-12577,Roads Complaint - COMP-SLA-12577,Massive pothole causing severe traffic delay near main intersection,roads,DEPT_ROADS,2025-04-09T23:17:00,23,2,4,0,0,6.0,HIGH,0.1,0.1,0.7,0.1,1,4,93.03,0.9303,1,13.104852,80.156047,9,0,33.61,1
COMP-SLA-13044,Infrastructure Complaint - COMP-SLA-13044,Collapsed public park boundary wall blocking walkway,infrastructure,DEPT_WORKS,2025-06-02T02:45:00,2,0,6,0,0,12.0,HIGH,0.1,0.1,0.7,0.1,1,1,59.81,0.5981,0,13.21994,80.397586,7,2,17.47,1
COMP-SLA-12458,Roads Complaint - COMP-SLA-12458,Road surface cracked and unpaved causing risk for two-wheelers,roads,DEPT_ROADS,2025-02-17T13:40:00,13,0,2,0,1,6.0,HIGH,0.1,0.1,0.7,0.1,1,4,12.19,0.1219,0,13.150112,80.165864,9,0,4.13,0
COMP-SLA-11150,Drainage Complaint - COMP-SLA-11150,Overflowing sewage line flooding residential street and homes,drainage,DEPT_DRAINAGE,2025-01-20T08:34:00,8,0,1,0,1,3.0,HIGH,0.1,0.1,0.7,0.1,8,16,77.28,0.7728,1,12.994458,80.332277,8,2,11.11,1
COMP-SLA-14047,Roads Complaint - COMP-SLA-14047,Minor tar peeling on residential side street,roads,DEPT_ROADS,2025-04-03T14:06:00,14,3,4,0,1,12.0,MEDIUM,0.1,0.7,0.1,0.1,1,4,55.5,0.555,0,13.06069,80.358662,7,0,3.37,0
COMP-SLA-11533,Other Complaint - COMP-SLA-11533,Stray dog menace near elementary school playground,other,DEPT_GENERAL,2025-03-04T15:51:00,15,1,3,0,1,3.0,CRITICAL,0.1,0.1,0.1,0.7,1,2,45.44,0.4544,0,12.996768,80.319911,7,1,2.64,0
COMP-SLA-12385,Streetlights Complaint - COMP-SLA-12385,Single street lamp bulb burnt out on quiet street,streetlights,DEPT_ELECTRICITY,2025-01-31T11:55:00,11,4,1,0,1,6.0,LOW,0.7,0.1,0.1,0.1,1,5,47.35,0.4735,0,13.147755,80.256231,9,0,1.61,0
COMP-SLA-13283,Other Complaint - COMP-SLA-13283,Noise pollution from unauthorized loudspeaker after midnight,other,DEPT_GENERAL,2025-05-12T21:59:00,21,0,5,0,0,6.0,HIGH,0.1,0.1,0.7,0.1,1,6,40.97,0.4097,0,13.202033,80.344538,7,0,14.39,1
COMP-SLA-13477,Streetlights Complaint - COMP-SLA-13477,Sparking electrical transformer near residential area,streetlights,DEPT_ELECTRICITY,2025-01-29T16:42:00,16,2,1,0,1,4.0,MEDIUM,0.1,0.7,0.1,0.1,1,1,41.13,0.4113,0,13.025486,80.378764,6,1,9.08,1
COMP-SLA-10325,Garbage Complaint - COMP-SLA-10325,Foul smell from uncleared waste bin near apartment entrance,garbage,DEPT_SANITATION,2025-05-08T00:24:00,0,3,5,0,0,6.0,HIGH,0.1,0.1,0.7,0.1,1,2,20.4,0.204,0,13.137664,80.172542,9,0,19.76,1
COMP-SLA-12816,Drainage Complaint - COMP-SLA-12816,Foul stench and black water coming from open drainage pipe,drainage,DEPT_DRAINAGE,2025-04-23T08:04:00,8,2,4,0,1,6.0,MEDIUM,0.1,0.7,0.1,0.1,1,5,17.5,0.175,0,13.182788,80.330869,10,0,6.2,1
COMP-SLA-14062,Drainage Complaint - COMP-SLA-14062,Slow drainage runoff on commercial market road,drainage,DEPT_DRAINAGE,2025-03-30T08:47:00,8,6,3,1,0,9.0,LOW,0.7,0.1,0.1,0.1,1,1,43.79,0.4379,0,13.008973,80.371338,7,0,11.91,1
COMP-SLA-10469,Other Complaint - COMP-SLA-10469,General inquiry regarding municipal service timing,other,DEPT_GENERAL,2025-05-18T18:16:00,18,6,5,1,0,12.0,MEDIUM,0.1,0.7,0.1,0.1,1,2,53.5,0.535,0,13.140958,80.410517,6,0,13.7,1
COMP-SLA-10562,Drainage Complaint - COMP-SLA-10562,Slow drainage runoff on commercial market road,drainage,DEPT_DRAINAGE,2025-04-27T13:28:00,13,6,4,1,0,6.0,MEDIUM,0.1,0.7,0.1,0.1,1,5,23.25,0.2325,0,12.956521,80.300731,7,0,7.79,1
COMP-SLA-12104,Water Complaint - COMP-SLA-12104,Minor leak near public water standpost,water,DEPT_WATER,2025-04-17T19:10:00,19,3,4,0,0,6.0,LOW,0.7,0.1,0.1,0.1,1,1,58.09,0.5809,0,13.130695,80.290067,6,0,13.51,1
COMP-SLA-12178,Roads Complaint - COMP-SLA-12178,Massive pothole causing severe traffic delay near main intersection,roads,DEPT_ROADS,2025-06-01T10:50:00,10,6,6,1,0,6.0,HIGH,0.1,0.1,0.7,0.1,1,1,39.12,0.3912,0,12.996124,80.127182,9,0,12.51,1
COMP-SLA-11176,Other Complaint - COMP-SLA-11176,General inquiry regarding municipal service timing,other,DEPT_GENERAL,2025-03-15T10:20:00,10,5,3,1,0,12.0,MEDIUM,0.1,0.7,0.1,0.1,1,2,47.98,0.4798,0,12.968089,80.243251,6,0,16.28,1
COMP-SLA-12248,Roads Complaint - COMP-SLA-12248,Minor tar peeling on residential side street,roads,DEPT_ROADS,2025-01-21T02:51:00,2,1,1,0,0,18.0,LOW,0.7,0.1,0.1,0.1,1,4,19.94,0.1994,0,13.015507,80.402208,7,0,34.56,1
COMP-SLA-11174,Streetlights Complaint - COMP-SLA-11174,Entire street light network down making dark alley unsafe at night,streetlights,DEPT_ELECTRICITY,2025-04-15T11:05:00,11,1,4,0,1,1.0,CRITICAL,0.1,0.1,0.1,0.7,5,20,86.89,0.8689,1,13.038295,80.272393,11,0,8.64,1
COMP-SLA-11131,Water Complaint - COMP-SLA-11131,Contaminated muddy water coming from municipal tap supply,water,DEPT_WATER,2025-02-14T23:57:00,23,4,2,0,0,2.0,HIGH,0.1,0.1,0.7,0.1,1,5,87.63,0.8763,1,13.047925,80.412696,8,0,10.53,1
COMP-SLA-11695,Roads Complaint - COMP-SLA-11695,Minor tar peeling on residential side street,roads,DEPT_ROADS,2025-05-22T23:55:00,23,3,5,0,0,12.0,MEDIUM,0.1,0.7,0.1,0.1,1,1,86.59,0.8659,1,13.090042,80.123215,7,0,20.0,1
COMP-SLA-11189,Infrastructure Complaint - COMP-SLA-11189,Collapsed public park boundary wall blocking walkway,infrastructure,DEPT_WORKS,2025-06-21T03:22:00,3,5,6,1,0,6.0,CRITICAL,0.1,0.1,0.1,0.7,1,1,21.13,0.2113,0,13.173792,80.343983,7,2,8.77,1
COMP-SLA-10062,Infrastructure Complaint - COMP-SLA-10062,Pedestrian footbridge concrete pillar showing structural cracks,infrastructure,DEPT_WORKS,2025-04-30T22:16:00,22,2,4,0,0,12.0,HIGH,0.1,0.1,0.7,0.1,1,6,57.69,0.5769,0,13.162769,80.171037,7,0,13.84,1
COMP-SLA-13882,Water Complaint - COMP-SLA-13882,Low water pressure in residential high-rise complex,water,DEPT_WATER,2025-01-17T02:43:00,2,4,1,0,0,2.0,HIGH,0.1,0.1,0.7,0.1,1,4,25.95,0.2595,0,13.073419,80.334677,7,0,13.86,1
COMP-SLA-12847,Streetlights Complaint - COMP-SLA-12847,Sparking electrical transformer near residential area,streetlights,DEPT_ELECTRICITY,2025-01-22T02:01:00,2,2,1,0,0,2.0,HIGH,0.1,0.1,0.7,0.1,1,6,49.74,0.4974,0,13.221712,80.185168,6,1,15.49,1
COMP-SLA-12257,Garbage Complaint - COMP-SLA-12257,Minor littering near bus shelter,garbage,DEPT_SANITATION,2025-01-04T05:41:00,5,5,1,1,0,18.0,LOW,0.7,0.1,0.1,0.1,1,2,18.44,0.1844,0,13.009768,80.381138,5,0,15.31,0
COMP-SLA-10255,Garbage Complaint - COMP-SLA-10255,Uncollected garbage pile attracting stray animals near hospital gate,garbage,DEPT_SANITATION,2025-04-16T12:49:00,12,2,4,0,1,3.0,CRITICAL,0.1,0.1,0.1,0.7,1,5,85.99,0.8599,1,12.95811,80.391041,9,1,5.52,1
COMP-SLA-12954,Other Complaint - COMP-SLA-12954,Unsanitary public toilet conditions in central market,other,DEPT_GENERAL,2025-04-13T18:28:00,18,6,4,1,0,3.0,CRITICAL,0.1,0.1,0.1,0.7,2,12,69.31,0.6931,1,13.12278,80.149505,7,0,17.52,1
COMP-SLA-11883,Other Complaint - COMP-SLA-11883,General inquiry regarding municipal service timing,other,DEPT_GENERAL,2025-05-17T01:29:00,1,5,5,1,0,12.0,MEDIUM,0.1,0.7,0.1,0.1,1,3,60.38,0.6038,1,13.098932,80.412811,6,0,25.02,1
COMP-SLA-13294,Water Complaint - COMP-SLA-13294,No water supply for last 48 hours in entire neighborhood block,water,DEPT_WATER,2025-05-24T07:39:00,7,5,5,1,0,4.0,MEDIUM,0.1,0.7,0.1,0.1,1,6,29.73,0.2973,0,13.036192,80.168836,11,0,14.72,1
COMP-SLA-12773,Roads Complaint - COMP-SLA-12773,Road surface cracked and unpaved causing risk for two-wheelers,roads,DEPT_ROADS,2025-01-14T23:32:00,23,1,1,0,0,6.0,HIGH,0.1,0.1,0.7,0.1,1,1,14.78,0.1478,0,13.079452,80.366729,9,0,16.85,1
COMP-SLA-10622,Infrastructure Complaint - COMP-SLA-10622,Damaged bus shelter roof leaning precariously,infrastructure,DEPT_WORKS,2025-04-23T02:31:00,2,2,4,0,0,24.0,MEDIUM,0.1,0.7,0.1,0.1,1,6,37.3,0.373,0,13.226527,80.180901,6,0,12.87,0
COMP-SLA-13496,Garbage Complaint - COMP-SLA-13496,Minor littering near bus shelter,garbage,DEPT_SANITATION,2025-01-17T01:59:00,1,4,1,0,0,12.0,MEDIUM,0.1,0.7,0.1,0.1,1,2,57.47,0.5747,0,13.159556,80.223607,5,0,15.41,1
COMP-SLA-13017,Other Complaint - COMP-SLA-13017,Unauthorized hawker encroachment blocking shop entrance,other,DEPT_GENERAL,2025-01-08T21:11:00,21,2,1,0,0,6.0,HIGH,0.1,0.1,0.7,0.1,1,1,90.34,0.9034,1,12.945313,80.337332,6,1,14.48,1
COMP-SLA-14112,Garbage Complaint - COMP-SLA-14112,Overflowing community dump bin spilling onto main road,garbage,DEPT_SANITATION,2025-02-10T18:46:00,18,0,2,0,1,3.0,CRITICAL,0.1,0.1,0.1,0.7,1,5,27.94,0.2794,0,13.114947,80.127754,8,1,1.46,0
COMP-SLA-12841,Infrastructure Complaint - COMP-SLA-12841,Minor paint peeling on government office gate,infrastructure,DEPT_WORKS,2025-06-05T08:56:00,8,3,6,0,1,24.0,MEDIUM,0.1,0.7,0.1,0.1,1,2,60.0,0.6,1,13.228351,80.264581,7,0,13.79,0
COMP-SLA-12314,Water Complaint - COMP-SLA-12314,Contaminated muddy water coming from municipal tap supply,water,DEPT_WATER,2025-06-08T13:07:00,13,6,6,1,0,2.0,HIGH,0.1,0.1,0.7,0.1,1,5,2.51,0.0251,0,13.067271,80.350636,8,0,11.63,1
COMP-SLA-10068,Streetlights Complaint - COMP-SLA-10068,Flickering streetlight fixture on main road,streetlights,DEPT_ELECTRICITY,2025-03-28T00:31:00,0,4,3,0,0,2.0,HIGH,0.1,0.1,0.7,0.1,1,3,20.15,0.2015,0,13.187986,80.175252,6,0,9.67,1
COMP-SLA-11903,Infrastructure Complaint - COMP-SLA-11903,Minor paint peeling on government office gate,infrastructure,DEPT_WORKS,2025-04-09T03:00:00,3,2,4,0,0,24.0,MEDIUM,0.1,0.7,0.1,0.1,1,4,17.99,0.1799,0,13.097022,80.366049,7,0,36.01,1
COMP-SLA-11689,Drainage Complaint - COMP-SLA-11689,Slow drainage runoff on commercial market road,drainage,DEPT_DRAINAGE,2025-03-12T10:46:00,10,2,3,0,1,9.0,LOW,0.7,0.1,0.1,0.1,1,6,79.02,0.7902,1,13.224443,80.260405,7,0,12.0,1
COMP-SLA-10222,Streetlights Complaint - COMP-SLA-10222,Flickering streetlight fixture on main road,streetlights,DEPT_ELECTRICITY,2025-02-04T20:46:00,20,1,2,0,0,4.0,MEDIUM,0.1,0.7,0.1,0.1,2,8,94.32,0.9432,1,13.126464,80.246809,6,0,22.49,1
COMP-SLA-13028,Water Complaint - COMP-SLA-13028,Contaminated muddy water coming from municipal tap supply,water,DEPT_WATER,2025-04-12T17:45:00,17,5,4,1,0,2.0,HIGH,0.1,0.1,0.7,0.1,8,24,75.58,0.7558,1,13.125979,80.248573,8,0,18.27,1
COMP-SLA-13322,Water Complaint - COMP-SLA-13322,Minor leak near public water standpost,water,DEPT_WATER,2025-06-09T20:10:00,20,0,6,0,0,6.0,LOW,0.7,0.1,0.1,0.1,8,40,69.56,0.6956,1,13.005722,80.221216,6,0,16.47,1
COMP-SLA-11193,Garbage Complaint - COMP-SLA-11193,Foul smell from uncleared waste bin near apartment entrance,garbage,DEPT_SANITATION,2025-02-03T06:40:00,6,0,2,0,0,6.0,HIGH,0.1,0.1,0.7,0.1,5,10,81.43,0.8143,1,13.195459,80.40595,9,0,11.45,1
COMP-SLA-12604,Other Complaint - COMP-SLA-12604,Unsanitary public toilet conditions in central market,other,DEPT_GENERAL,2025-02-09T12:25:00,12,6,2,1,0,3.0,CRITICAL,0.1,0.1,0.1,0.7,1,1,38.48,0.3848,0,12.972681,80.316723,7,0,7.39,1
COMP-SLA-13731,Other Complaint - COMP-SLA-13731,Noise pollution from unauthorized loudspeaker after midnight,other,DEPT_GENERAL,2025-03-09T18:15:00,18,6,3,1,0,6.0,HIGH,0.1,0.1,0.7,0.1,1,4,76.64,0.7664,1,12.942877,80.248841,7,0,10.18,1
COMP-SLA-11475,Streetlights Complaint - COMP-SLA-11475,Entire street light network down making dark alley unsafe at night,streetlights,DEPT_ELECTRICITY,2025-03-05T15:36:00,15,2,3,0,1,2.0,HIGH,0.1,0.1,0.7,0.1,1,1,48.54,0.4854,0,13.073626,80.126519,11,0,0.55,0
COMP-SLA-13064,Streetlights Complaint - COMP-SLA-13064,Sparking electrical transformer near residential area,streetlights,DEPT_ELECTRICITY,2025-01-18T19:45:00,19,5,1,1,0,2.0,HIGH,0.1,0.1,0.7,0.1,8,24,65.74,0.6574,1,13.195046,80.153723,6,1,21.22,1
COMP-SLA-10089,Streetlights Complaint - COMP-SLA-10089,Sparking electrical transformer near residential area,streetlights,DEPT_ELECTRICITY,2025-06-28T15:07:00,15,5,6,1,0,2.0,HIGH,0.1,0.1,0.7,0.1,5,10,75.93,0.7593,1,12.941361,80.309707,6,1,14.88,1
COMP-SLA-11676,Garbage Complaint - COMP-SLA-11676,Uncollected garbage pile attracting stray animals near hospital gate,garbage,DEPT_SANITATION,2025-04-08T15:02:00,15,1,4,0,1,3.0,CRITICAL,0.1,0.1,0.1,0.7,1,1,4.19,0.0419,0,13.084843,80.260894,9,1,0.76,0
COMP-SLA-12499,Other Complaint - COMP-SLA-12499,Unauthorized hawker encroachment blocking shop entrance,other,DEPT_GENERAL,2025-02-16T18:13:00,18,6,2,1,0,6.0,HIGH,0.1,0.1,0.7,0.1,1,1,64.73,0.6473,1,13.129861,80.313372,6,1,35.58,1
COMP-SLA-13961,Infrastructure Complaint - COMP-SLA-13961,Damaged bus shelter roof leaning precariously,infrastructure,DEPT_WORKS,2025-02-02T16:44:00,16,6,2,1,0,24.0,MEDIUM,0.1,0.7,0.1,0.1,1,1,29.41,0.2941,0,12.941058,80.359937,6,0,22.95,0
COMP-SLA-13932,Streetlights Complaint - COMP-SLA-13932,Live high-voltage electric wire hanging dangerously low near school,streetlights,DEPT_ELECTRICITY,2025-06-18T15:51:00,15,2,6,0,1,2.0,HIGH,0.1,0.1,0.7,0.1,1,4,14.99,0.1499,0,13.030086,80.171669,9,2,0.28,0
COMP-SLA-11118,Streetlights Complaint - COMP-SLA-11118,Live high-voltage electric wire hanging dangerously low near school,streetlights,DEPT_ELECTRICITY,2025-05-30T21:32:00,21,4,5,0,0,2.0,HIGH,0.1,0.1,0.7,0.1,1,2,19.48,0.1948,0,13.154509,80.136606,9,2,12.56,1
COMP-SLA-11832,Streetlights Complaint - COMP-SLA-11832,Sparking electrical transformer near residential area,streetlights,DEPT_ELECTRICITY,2025-06-20T22:04:00,22,4,6,0,0,4.0,MEDIUM,0.1,0.7,0.1,0.1,1,5,24.27,0.2427,0,13.0277,80.172336,6,1,11.6,1
COMP-SLA-13949,Roads Complaint - COMP-SLA-13949,Massive pothole causing severe traffic delay near main intersection,roads,DEPT_ROADS,2025-04-04T21:47:00,21,4,4,0,0,6.0,HIGH,0.1,0.1,0.7,0.1,1,3,62.21,0.6221,1,13.227719,80.214098,9,0,14.39,1
COMP-SLA-12555,Other Complaint - COMP-SLA-12555,Stray dog menace near elementary school playground,other,DEPT_GENERAL,2025-03-27T20:44:00,20,3,3,0,0,3.0,CRITICAL,0.1,0.1,0.1,0.7,1,3,1.79,0.0179,0,13.215414,80.393686,7,1,13.31,1
COMP-SLA-13586,Drainage Complaint - COMP-SLA-13586,Clogged storm drain causing severe waterlogging during rain,drainage,DEPT_DRAINAGE,2025-04-13T17:37:00,17,6,4,1,0,3.0,HIGH,0.1,0.1,0.7,0.1,8,32,88.91,0.8891,1,13.069432,80.222446,8,0,15.88,1
COMP-SLA-12378,Streetlights Complaint - COMP-SLA-12378,Live high-voltage electric wire hanging dangerously low near school,streetlights,DEPT_ELECTRICITY,2025-06-09T03:29:00,3,0,6,0,0,2.0,HIGH,0.1,0.1,0.7,0.1,1,4,16.65,0.1665,0,12.949746,80.347923,9,2,8.12,1
COMP-SLA-13892,Other Complaint - COMP-SLA-13892,Noise pollution from unauthorized loudspeaker after midnight,other,DEPT_GENERAL,2025-06-25T20:01:00,20,2,6,0,0,6.0,HIGH,0.1,0.1,0.7,0.1,1,5,2.85,0.0285,0,12.981723,80.391042,7,0,9.61,1
COMP-SLA-12308,Streetlights Complaint - COMP-SLA-12308,Sparking electrical transformer near residential area,streetlights,DEPT_ELECTRICITY,2025-01-24T05:56:00,5,4,1,0,0,2.0,HIGH,0.1,0.1,0.7,0.1,1,5,31.67,0.3167,0,13.106636,80.253999,6,1,9.27,1
COMP-SLA-13211,Streetlights Complaint - COMP-SLA-13211,Sparking electrical transformer near residential area,streetlights,DEPT_ELECTRICITY,2025-04-13T03:29:00,3,6,4,1,0,4.0,MEDIUM,0.1,0.7,0.1,0.1,2,2,61.11,0.6111,1,13.164678,80.131838,6,1,16.07,1
COMP-SLA-13921,Roads Complaint - COMP-SLA-13921,Minor tar peeling on residential side street,roads,DEPT_ROADS,2025-01-08T10:20:00,10,2,1,0,1,18.0,LOW,0.7,0.1,0.1,0.1,3,18,62.71,0.6271,1,13.082374,80.293134,7,0,42.16,1
COMP-SLA-13712,Drainage Complaint - COMP-SLA-13712,Clogged storm drain causing severe waterlogging during rain,drainage,DEPT_DRAINAGE,2025-04-29T01:44:00,1,1,4,0,0,1.5,CRITICAL,0.1,0.1,0.1,0.7,1,4,74.65,0.7465,1,13.01828,80.208827,8,0,11.61,1
COMP-SLA-13980,Water Complaint - COMP-SLA-13980,Main pipeline burst wasting thousands of liters of clean water,water,DEPT_WATER,2025-02-10T15:13:00,15,0,2,0,1,2.0,HIGH,0.1,0.1,0.7,0.1,1,5,29.31,0.2931,0,12.93824,80.346419,10,1,0.78,0
COMP-SLA-13922,Drainage Complaint - COMP-SLA-13922,Clogged storm drain causing severe waterlogging during rain,drainage,DEPT_DRAINAGE,2025-04-24T13:01:00,13,3,4,0,1,1.5,CRITICAL,0.1,0.1,0.1,0.7,1,3,9.47,0.0947,0,13.073414,80.336667,8,0,0.54,0
COMP-SLA-11847,Infrastructure Complaint - COMP-SLA-11847,Minor paint peeling on government office gate,infrastructure,DEPT_WORKS,2025-04-29T23:48:00,23,1,4,0,0,36.0,LOW,0.7,0.1,0.1,0.1,8,32,63.68,0.6368,1,13.050331,80.403681,7,0,17.38,0
COMP-SLA-10284,Water Complaint - COMP-SLA-10284,No water supply for last 48 hours in entire neighborhood block,water,DEPT_WATER,2025-05-27T08:54:00,8,1,5,0,1,2.0,HIGH,0.1,0.1,0.7,0.1,1,4,77.44,0.7744,1,13.087024,80.390747,11,0,7.65,1
COMP-SLA-11746,Garbage Complaint - COMP-SLA-11746,Foul smell from uncleared waste bin near apartment entrance,garbage,DEPT_SANITATION,2025-05-23T18:34:00,18,4,5,0,1,12.0,MEDIUM,0.1,0.7,0.1,0.1,1,5,40.85,0.4085,0,13.164471,80.201255,9,0,5.51,0
COMP-SLA-12822,Roads Complaint - COMP-SLA-12822,Road surface cracked and unpaved causing risk for two-wheelers,roads,DEPT_ROADS,2025-04-28T15:40:00,15,0,4,0,1,6.0,HIGH,0.1,0.1,0.7,0.1,8,8,61.83,0.6183,1,13.16562,80.177155,9,0,8.63,1
COMP-SLA-11698,Water Complaint - COMP-SLA-11698,No water supply for last 48 hours in entire neighborhood block,water,DEPT_WATER,2025-01-15T02:19:00,2,2,1,0,0,4.0,MEDIUM,0.1,0.7,0.1,0.1,5,25,82.73,0.8273,1,13.113807,80.363254,11,0,14.41,1
COMP-SLA-12975,Other Complaint - COMP-SLA-12975,General inquiry regarding municipal service timing,other,DEPT_GENERAL,2025-04-10T00:12:00,0,3,4,0,0,18.0,LOW,0.7,0.1,0.1,0.1,1,4,73.88,0.7388,1,12.933186,80.265205,6,0,21.47,1
COMP-SLA-13958,Garbage Complaint - COMP-SLA-13958,Minor littering near bus shelter,garbage,DEPT_SANITATION,2025-01-08T08:04:00,8,2,1,0,1,18.0,LOW,0.7,0.1,0.1,0.1,8,48,82.94,0.8294,1,13.22326,80.171663,5,0,15.0,0
COMP-SLA-12712,Garbage Complaint - COMP-SLA-12712,Uncollected garbage pile attracting stray animals near hospital gate,garbage,DEPT_SANITATION,2025-03-02T10:57:00,10,6,3,1,0,6.0,HIGH,0.1,0.1,0.7,0.1,1,5,20.62,0.2062,0,13.058943,80.317336,9,1,14.19,1
COMP-SLA-14064,Water Complaint - COMP-SLA-14064,Low water pressure in residential high-rise complex,water,DEPT_WATER,2025-04-24T03:16:00,3,3,4,0,0,2.0,HIGH,0.1,0.1,0.7,0.1,1,2,21.13,0.2113,0,13.094966,80.190895,7,0,12.17,1
COMP-SLA-13625,Infrastructure Complaint - COMP-SLA-13625,Damaged bus shelter roof leaning precariously,infrastructure,DEPT_WORKS,2025-06-23T01:13:00,1,0,6,0,0,24.0,MEDIUM,0.1,0.7,0.1,0.1,1,5,52.74,0.5274,0,13.120834,80.194295,6,0,10.99,0
COMP-SLA-10424,Water Complaint - COMP-SLA-10424,Main pipeline burst wasting thousands of liters of clean water,water,DEPT_WATER,2025-05-18T17:00:00,17,6,5,1,0,2.0,HIGH,0.1,0.1,0.7,0.1,1,2,59.8,0.598,0,13.12078,80.183934,10,1,13.6,1
COMP-SLA-13234,Other Complaint - COMP-SLA-13234,Unsanitary public toilet conditions in central market,other,DEPT_GENERAL,2025-01-09T18:59:00,18,3,1,0,1,6.0,HIGH,0.1,0.1,0.7,0.1,1,1,4.84,0.0484,0,12.932851,80.323586,7,0,0.25,0
COMP-SLA-14137,Other Complaint - COMP-SLA-14137,Unauthorized hawker encroachment blocking shop entrance,other,DEPT_GENERAL,2025-06-12T05:06:00,5,3,6,0,0,12.0,MEDIUM,0.1,0.7,0.1,0.1,1,6,9.24,0.0924,0,13.166068,80.420595,6,1,19.11,1
COMP-SLA-12989,Other Complaint - COMP-SLA-12989,Unauthorized hawker encroachment blocking shop entrance,other,DEPT_GENERAL,2025-03-28T08:24:00,8,4,3,0,1,6.0,HIGH,0.1,0.1,0.7,0.1,1,1,67.07,0.6707,1,13.104873,80.352146,6,1,12.58,1
COMP-SLA-10840,Other Complaint - COMP-SLA-10840,Unsanitary public toilet conditions in central market,other,DEPT_GENERAL,2025-05-13T10:37:00,10,1,5,0,1,3.0,CRITICAL,0.1,0.1,0.1,0.7,1,1,56.54,0.5654,0,12.990444,80.151507,7,0,2.1,0
COMP-SLA-10501,Water Complaint - COMP-SLA-10501,No water supply for last 48 hours in entire neighborhood block,water,DEPT_WATER,2025-03-21T15:23:00,15,4,3,0,1,2.0,HIGH,0.1,0.1,0.7,0.1,1,2,31.37,0.3137,0,13.071805,80.358127,11,0,1.68,0
COMP-SLA-11300,Streetlights Complaint - COMP-SLA-11300,Flickering streetlight fixture on main road,streetlights,DEPT_ELECTRICITY,2025-02-09T23:51:00,23,6,2,1,0,2.0,HIGH,0.1,0.1,0.7,0.1,1,4,27.77,0.2777,0,13.141225,80.164658,6,0,8.29,1
COMP-SLA-11262,Drainage Complaint - COMP-SLA-11262,Clogged storm drain causing severe waterlogging during rain,drainage,DEPT_DRAINAGE,2025-03-21T12:43:00,12,4,3,0,1,1.5,CRITICAL,0.1,0.1,0.1,0.7,2,4,91.06,0.9106,1,13.179083,80.131148,8,0,4.66,1
COMP-SLA-10550,Water Complaint - COMP-SLA-10550,Contaminated muddy water coming from municipal tap supply,water,DEPT_WATER,2025-05-06T15:08:00,15,1,5,0,1,1.0,CRITICAL,0.1,0.1,0.1,0.7,1,1,38.82,0.3882,0,12.981836,80.188582,8,0,1.04,1
COMP-SLA-10558,Streetlights Complaint - COMP-SLA-10558,Flickering streetlight fixture on main road,streetlights,DEPT_ELECTRICITY,2025-01-22T16:45:00,16,2,1,0,1,2.0,HIGH,0.1,0.1,0.7,0.1,1,2,48.61,0.4861,0,13.047926,80.35802,6,0,0.2,0
COMP-SLA-12858,Drainage Complaint - COMP-SLA-12858,Open manhole cover on main sidewalk presents fatal hazard,drainage,DEPT_DRAINAGE,2025-02-25T12:20:00,12,1,2,0,1,6.0,MEDIUM,0.1,0.7,0.1,0.1,1,4,18.46,0.1846,0,13.057186,80.136182,9,2,0.2,0
COMP-SLA-12068,Garbage Complaint - COMP-SLA-12068,Foul smell from uncleared waste bin near apartment entrance,garbage,DEPT_SANITATION,2025-03-22T07:57:00,7,5,3,1,0,6.0,HIGH,0.1,0.1,0.7,0.1,1,1,60.97,0.6097,1,13.157218,80.172768,9,0,13.46,1
COMP-SLA-10219,Drainage Complaint - COMP-SLA-10219,Open manhole cover on main sidewalk presents fatal hazard,drainage,DEPT_DRAINAGE,2025-05-11T14:51:00,14,6,5,1,0,6.0,MEDIUM,0.1,0.7,0.1,0.1,1,5,39.47,0.3947,0,12.949391,80.160283,9,2,8.98,1
COMP-SLA-11117,Water Complaint - COMP-SLA-11117,Main pipeline burst wasting thousands of liters of clean water,water,DEPT_WATER,2025-06-16T03:21:00,3,0,6,0,0,1.0,CRITICAL,0.1,0.1,0.1,0.7,1,6,53.72,0.5372,0,13.111002,80.367282,10,1,7.38,1
COMP-SLA-10210,Other Complaint - COMP-SLA-10210,General inquiry regarding municipal service timing,other,DEPT_GENERAL,2025-02-04T16:29:00,16,1,2,0,1,12.0,MEDIUM,0.1,0.7,0.1,0.1,1,6,31.41,0.3141,0,13.014551,80.363344,6,0,1.47,0
COMP-SLA-12431,Drainage Complaint - COMP-SLA-12431,Slow drainage runoff on commercial market road,drainage,DEPT_DRAINAGE,2025-01-03T06:37:00,6,4,1,0,0,9.0,LOW,0.7,0.1,0.1,0.1,1,6,15.67,0.1567,0,12.945841,80.15618,7,0,12.19,1
COMP-SLA-12370,Water Complaint - COMP-SLA-12370,Minor leak near public water standpost,water,DEPT_WATER,2025-01-27T12:41:00,12,0,1,0,1,6.0,LOW,0.7,0.1,0.1,0.1,1,6,55.19,0.5519,0,13.187974,80.385445,6,0,5.49,0
COMP-SLA-13663,Drainage Complaint - COMP-SLA-13663,Foul stench and black water coming from open drainage pipe,drainage,DEPT_DRAINAGE,2025-03-06T05:15:00,5,3,3,0,0,6.0,MEDIUM,0.1,0.7,0.1,0.1,1,4,3.74,0.0374,0,13.093769,80.253003,10,0,8.96,1
COMP-SLA-11821,Roads Complaint - COMP-SLA-11821,Deep crater formed after rains near public school gate,roads,DEPT_ROADS,2025-05-06T05:27:00,5,1,5,0,0,12.0,MEDIUM,0.1,0.7,0.1,0.1,1,6,49.1,0.491,0,13.087584,80.284012,9,2,12.64,1
COMP-SLA-10949,Water Complaint - COMP-SLA-10949,Minor leak near public water standpost,water,DEPT_WATER,2025-03-08T12:41:00,12,5,3,1,0,4.0,MEDIUM,0.1,0.7,0.1,0.1,1,3,7.91,0.0791,0,13.203798,80.240718,6,0,16.56,1
COMP-SLA-13701,Streetlights Complaint - COMP-SLA-13701,Sparking electrical transformer near residential area,streetlights,DEPT_ELECTRICITY,2025-06-19T12:46:00,12,3,6,0,1,4.0,MEDIUM,0.1,0.7,0.1,0.1,1,3,26.5,0.265,0,12.974763,80.229209,6,1,2.65,0
COMP-SLA-10533,Roads Complaint - COMP-SLA-10533,Deep crater formed after rains near public school gate,roads,DEPT_ROADS,2025-01-29T21:26:00,21,2,1,0,0,12.0,MEDIUM,0.1,0.7,0.1,0.1,1,5,30.47,0.3047,0,13.059762,80.225192,9,2,58.39,1
COMP-SLA-12845,Garbage Complaint - COMP-SLA-12845,Minor littering near bus shelter,garbage,DEPT_SANITATION,2025-04-21T14:37:00,14,0,4,0,1,12.0,MEDIUM,0.1,0.7,0.1,0.1,1,4,43.41,0.4341,0,13.094368,80.294517,5,0,7.23,0
COMP-SLA-11552,Streetlights Complaint - COMP-SLA-11552,Single street lamp bulb burnt out on quiet street,streetlights,DEPT_ELECTRICITY,2025-05-22T11:53:00,11,3,5,0,1,4.0,MEDIUM,0.1,0.7,0.1,0.1,1,2,55.49,0.5549,0,13.003609,80.127586,9,0,2.58,0
COMP-SLA-12131,Garbage Complaint - COMP-SLA-12131,Foul smell from uncleared waste bin near apartment entrance,garbage,DEPT_SANITATION,2025-06-20T10:27:00,10,4,6,0,1,6.0,HIGH,0.1,0.1,0.7,0.1,1,2,77.76,0.7776,1,13.100288,80.399438,9,0,4.55,0
COMP-SLA-12531,Water Complaint - COMP-SLA-12531,No water supply for last 48 hours in entire neighborhood block,water,DEPT_WATER,2025-02-28T09:53:00,9,4,2,0,1,4.0,MEDIUM,0.1,0.7,0.1,0.1,1,6,66.41,0.6641,1,13.014737,80.264554,11,0,8.71,1
COMP-SLA-13883,Streetlights Complaint - COMP-SLA-13883,Live high-voltage electric wire hanging dangerously low near school,streetlights,DEPT_ELECTRICITY,2025-01-13T21:25:00,21,0,1,0,0,1.0,CRITICAL,0.1,0.1,0.1,0.7,2,10,77.14,0.7714,1,13.014155,80.226193,9,2,15.64,1
COMP-SLA-14016,Streetlights Complaint - COMP-SLA-14016,Single street lamp bulb burnt out on quiet street,streetlights,DEPT_ELECTRICITY,2025-02-20T11:38:00,11,3,2,0,1,6.0,LOW,0.7,0.1,0.1,0.1,1,2,54.89,0.5489,0,13.022769,80.345097,9,0,1.26,0
COMP-SLA-13409,Other Complaint - COMP-SLA-13409,Unauthorized hawker encroachment blocking shop entrance,other,DEPT_GENERAL,2025-04-08T13:00:00,13,1,4,0,1,6.0,HIGH,0.1,0.1,0.7,0.1,1,4,5.57,0.0557,0,13.204113,80.296922,6,1,1.16,0
COMP-SLA-10001,Roads Complaint - COMP-SLA-10001,Massive pothole causing severe traffic delay near main intersection,roads,DEPT_ROADS,2025-03-12T07:14:00,7,2,3,0,0,6.0,HIGH,0.1,0.1,0.7,0.1,3,3,70.36,0.7036,1,12.974561,80.151449,9,0,14.07,1
COMP-SLA-13206,Other Complaint - COMP-SLA-13206,Stray dog menace near elementary school playground,other,DEPT_GENERAL,2025-03-07T11:23:00,11,4,3,0,1,6.0,HIGH,0.1,0.1,0.7,0.1,1,1,55.16,0.5516,0,13.029853,80.402573,7,1,7.64,1
COMP-SLA-14186,Other Complaint - COMP-SLA-14186,Noise pollution from unauthorized loudspeaker after midnight,other,DEPT_GENERAL,2025-04-08T15:13:00,15,1,4,0,1,6.0,HIGH,0.1,0.1,0.7,0.1,8,8,92.11,0.9211,1,13.028753,80.123856,7,0,14.32,1
COMP-SLA-12496,Water Complaint - COMP-SLA-12496,Contaminated muddy water coming from municipal tap supply,water,DEPT_WATER,2025-06-14T16:55:00,16,5,6,1,0,1.0,CRITICAL,0.1,0.1,0.1,0.7,1,5,89.07,0.8907,1,13.05163,80.274991,8,0,12.15,1
COMP-SLA-13271,Drainage Complaint - COMP-SLA-13271,Overflowing sewage line flooding residential street and homes,drainage,DEPT_DRAINAGE,2025-06-22T05:52:00,5,6,6,1,0,3.0,HIGH,0.1,0.1,0.7,0.1,1,6,85.94,0.8594,1,13.117768,80.287346,8,2,15.17,1
COMP-SLA-11830,Garbage Complaint - COMP-SLA-11830,Illegal dumping of commercial debris in public park,garbage,DEPT_SANITATION,2025-01-18T03:03:00,3,5,1,1,0,12.0,MEDIUM,0.1,0.7,0.1,0.1,1,3,44.4,0.444,0,13.066779,80.266396,8,0,7.28,0
COMP-SLA-10248,Garbage Complaint - COMP-SLA-10248,Illegal dumping of commercial debris in public park,garbage,DEPT_SANITATION,2025-02-15T10:01:00,10,5,2,1,0,12.0,MEDIUM,0.1,0.7,0.1,0.1,5,20,71.46,0.7146,1,13.221141,80.296811,8,0,48.91,1
COMP-SLA-13861,Water Complaint - COMP-SLA-13861,Contaminated muddy water coming from municipal tap supply,water,DEPT_WATER,2025-06-19T14:31:00,14,3,6,0,1,2.0,HIGH,0.1,0.1,0.7,0.1,1,6,54.65,0.5465,0,13.123381,80.240356,8,0,2.36,1
COMP-SLA-11899,Drainage Complaint - COMP-SLA-11899,Clogged storm drain causing severe waterlogging during rain,drainage,DEPT_DRAINAGE,2025-05-26T03:09:00,3,0,5,0,0,3.0,HIGH,0.1,0.1,0.7,0.1,2,2,62.66,0.6266,1,13.225436,80.416299,8,0,15.74,1
COMP-SLA-12586,Garbage Complaint - COMP-SLA-12586,Uncollected garbage pile attracting stray animals near hospital gate,garbage,DEPT_SANITATION,2025-04-22T15:38:00,15,1,4,0,1,6.0,HIGH,0.1,0.1,0.7,0.1,1,5,23.85,0.2385,0,12.997653,80.142874,9,1,4.12,0
COMP-SLA-12851,Drainage Complaint - COMP-SLA-12851,Foul stench and black water coming from open drainage pipe,drainage,DEPT_DRAINAGE,2025-01-05T20:21:00,20,6,1,1,0,3.0,HIGH,0.1,0.1,0.7,0.1,8,16,67.2,0.672,1,13.167162,80.243259,10,0,16.5,1
COMP-SLA-13072,Infrastructure Complaint - COMP-SLA-13072,Broken railing on canal overbridge,infrastructure,DEPT_WORKS,2025-05-18T23:22:00,23,6,5,1,0,12.0,HIGH,0.1,0.1,0.7,0.1,1,4,33.56,0.3356,0,12.959278,80.36589,5,0,21.22,1
COMP-SLA-11779,Roads Complaint - COMP-SLA-11779,Road surface cracked and unpaved causing risk for two-wheelers,roads,DEPT_ROADS,2025-02-03T11:54:00,11,0,2,0,1,6.0,HIGH,0.1,0.1,0.7,0.1,1,3,15.93,0.1593,0,13.087294,80.342325,9,0,1.23,0
COMP-SLA-13790,Garbage Complaint - COMP-SLA-13790,Foul smell from uncleared waste bin near apartment entrance,garbage,DEPT_SANITATION,2025-05-02T23:27:00,23,4,5,0,0,6.0,HIGH,0.1,0.1,0.7,0.1,1,4,45.66,0.4566,0,13.04816,80.379098,9,0,21.02,1
COMP-SLA-12182,Streetlights Complaint - COMP-SLA-12182,Flickering streetlight fixture on main road,streetlights,DEPT_ELECTRICITY,2025-01-09T06:19:00,6,3,1,0,0,2.0,HIGH,0.1,0.1,0.7,0.1,1,5,72.2,0.722,1,13.216833,80.297894,6,0,14.56,1
COMP-SLA-12167,Water Complaint - COMP-SLA-12167,No water supply for last 48 hours in entire neighborhood block,water,DEPT_WATER,2025-02-04T09:13:00,9,1,2,0,1,4.0,MEDIUM,0.1,0.7,0.1,0.1,1,3,6.62,0.0662,0,13.14709,80.182675,11,0,2.82,0
COMP-SLA-13207,Roads Complaint - COMP-SLA-13207,Road surface cracked and unpaved causing risk for two-wheelers,roads,DEPT_ROADS,2025-02-24T22:21:00,22,0,2,0,0,3.0,CRITICAL,0.1,0.1,0.1,0.7,1,5,46.29,0.4629,0,13.061311,80.270617,9,0,14.17,1
COMP-SLA-13543,Roads Complaint - COMP-SLA-13543,Road cave-in reported on highway access lane,roads,DEPT_ROADS,2025-03-11T11:36:00,11,1,3,0,1,6.0,HIGH,0.1,0.1,0.7,0.1,1,2,83.54,0.8354,1,13.194864,80.231681,7,0,3.97,0
COMP-SLA-12689,Roads Complaint - COMP-SLA-12689,Road cave-in reported on highway access lane,roads,DEPT_ROADS,2025-06-01T17:51:00,17,6,6,1,0,6.0,HIGH,0.1,0.1,0.7,0.1,1,3,6.62,0.0662,0,13.126905,80.197214,7,0,14.96,1
COMP-SLA-10279,Infrastructure Complaint - COMP-SLA-10279,Minor paint peeling on government office gate,infrastructure,DEPT_WORKS,2025-02-13T14:36:00,14,3,2,0,1,24.0,MEDIUM,0.1,0.7,0.1,0.1,1,1,52.22,0.5222,0,13.155455,80.350476,7,0,20.34,0
COMP-SLA-10953,Roads Complaint - COMP-SLA-10953,Deep crater formed after rains near public school gate,roads,DEPT_ROADS,2025-02-27T08:00:00,8,3,2,0,1,12.0,MEDIUM,0.1,0.7,0.1,0.1,1,1,21.11,0.2111,0,12.962084,80.414546,9,2,1.62,0
COMP-SLA-12393,Infrastructure Complaint - COMP-SLA-12393,Collapsed public park boundary wall blocking walkway,infrastructure,DEPT_WORKS,2025-05-14T08:57:00,8,2,5,0,1,12.0,HIGH,0.1,0.1,0.7,0.1,1,5,31.1,0.311,0,13.115103,80.194806,7,2,4.73,0
COMP-SLA-13432,Drainage Complaint - COMP-SLA-13432,Overflowing sewage line flooding residential street and homes,drainage,DEPT_DRAINAGE,2025-01-27T08:02:00,8,0,1,0,1,1.5,CRITICAL,0.1,0.1,0.1,0.7,1,4,22.43,0.2243,0,13.174033,80.286243,8,2,4.91,1
COMP-SLA-11115,Drainage Complaint - COMP-SLA-11115,Overflowing sewage line flooding residential street and homes,drainage,DEPT_DRAINAGE,2025-01-23T04:39:00,4,3,1,0,0,1.5,CRITICAL,0.1,0.1,0.1,0.7,1,3,55.13,0.5513,0,13.204755,80.35669,8,2,6.22,1
COMP-SLA-11177,Roads Complaint - COMP-SLA-11177,Road surface cracked and unpaved causing risk for two-wheelers,roads,DEPT_ROADS,2025-04-27T00:10:00,0,6,4,1,0,6.0,HIGH,0.1,0.1,0.7,0.1,1,4,52.68,0.5268,0,12.968937,80.199713,9,0,17.78,1
COMP-SLA-14088,Other Complaint - COMP-SLA-14088,Noise pollution from unauthorized loudspeaker after midnight,other,DEPT_GENERAL,2025-03-19T14:21:00,14,2,3,0,1,6.0,HIGH,0.1,0.1,0.7,0.1,5,20,63.84,0.6384,1,13.0144,80.267533,7,0,12.2,1
COMP-SLA-12093,Other Complaint - COMP-SLA-12093,Unsanitary public toilet conditions in central market,other,DEPT_GENERAL,2025-05-18T04:55:00,4,6,5,1,0,3.0,CRITICAL,0.1,0.1,0.1,0.7,1,4,47.45,0.4745,0,13.063332,80.245847,7,0,7.46,1
COMP-SLA-13825,Garbage Complaint - COMP-SLA-13825,Illegal dumping of commercial debris in public park,garbage,DEPT_SANITATION,2025-01-12T00:45:00,0,6,1,1,0,12.0,MEDIUM,0.1,0.7,0.1,0.1,1,2,37.42,0.3742,0,13.015532,80.196129,8,0,9.89,0
COMP-SLA-13845,Drainage Complaint - COMP-SLA-13845,Overflowing sewage line flooding residential street and homes,drainage,DEPT_DRAINAGE,2025-04-23T16:09:00,16,2,4,0,1,3.0,HIGH,0.1,0.1,0.7,0.1,2,10,93.15,0.9315,1,13.025911,80.240472,8,2,4.22,1
COMP-SLA-10156,Drainage Complaint - COMP-SLA-10156,Foul stench and black water coming from open drainage pipe,drainage,DEPT_DRAINAGE,2025-04-09T02:23:00,2,2,4,0,0,6.0,MEDIUM,0.1,0.7,0.1,0.1,1,6,9.41,0.0941,0,13.000062,80.216305,10,0,11.66,1
COMP-SLA-10986,Infrastructure Complaint - COMP-SLA-10986,Collapsed public park boundary wall blocking walkway,infrastructure,DEPT_WORKS,2025-06-30T14:59:00,14,0,6,0,1,12.0,HIGH,0.1,0.1,0.7,0.1,1,3,58.81,0.5881,0,12.962291,80.403245,7,2,5.75,0
COMP-SLA-11171,Drainage Complaint - COMP-SLA-11171,Overflowing sewage line flooding residential street and homes,drainage,DEPT_DRAINAGE,2025-02-27T18:32:00,18,3,2,0,1,3.0,HIGH,0.1,0.1,0.7,0.1,3,18,69.73,0.6973,1,13.232044,80.309797,8,2,4.74,1
COMP-SLA-13160,Garbage Complaint - COMP-SLA-13160,Illegal dumping of commercial debris in public park,garbage,DEPT_SANITATION,2025-03-26T02:43:00,2,2,3,0,0,6.0,HIGH,0.1,0.1,0.7,0.1,1,1,34.53,0.3453,0,13.145512,80.126196,8,0,5.78,0
COMP-SLA-13674,Infrastructure Complaint - COMP-SLA-13674,Pedestrian footbridge concrete pillar showing structural cracks,infrastructure,DEPT_WORKS,2025-05-03T11:00:00,11,5,5,1,0,6.0,CRITICAL,0.1,0.1,0.1,0.7,1,5,73.56,0.7356,1,13.149664,80.286174,7,0,12.79,1
COMP-SLA-11293,Streetlights Complaint - COMP-SLA-11293,Entire street light network down making dark alley unsafe at night,streetlights,DEPT_ELECTRICITY,2025-04-29T23:04:00,23,1,4,0,0,2.0,HIGH,0.1,0.1,0.7,0.1,8,40,64.3,0.643,1,12.934765,80.130397,11,0,23.58,1
COMP-SLA-12015,Infrastructure Complaint - COMP-SLA-12015,Pedestrian footbridge concrete pillar showing structural cracks,infrastructure,DEPT_WORKS,2025-05-22T14:02:00,14,3,5,0,1,12.0,HIGH,0.1,0.1,0.7,0.1,1,1,47.29,0.4729,0,13.086135,80.237427,7,0,6.39,0
COMP-SLA-12985,Garbage Complaint - COMP-SLA-12985,Overflowing community dump bin spilling onto main road,garbage,DEPT_SANITATION,2025-06-03T07:40:00,7,1,6,0,0,6.0,HIGH,0.1,0.1,0.7,0.1,1,2,74.19,0.7419,1,13.203098,80.339288,8,1,13.36,1
COMP-SLA-13567,Water Complaint - COMP-SLA-13567,Contaminated muddy water coming from municipal tap supply,water,DEPT_WATER,2025-06-07T08:00:00,8,5,6,1,0,2.0,HIGH,0.1,0.1,0.7,0.1,3,3,75.26,0.7526,1,13.215165,80.308682,8,0,21.3,1
COMP-SLA-12722,Infrastructure Complaint - COMP-SLA-12722,Pedestrian footbridge concrete pillar showing structural cracks,infrastructure,DEPT_WORKS,2025-05-05T13:30:00,13,0,5,0,1,6.0,CRITICAL,0.1,0.1,0.1,0.7,1,4,47.05,0.4705,0,13.139724,80.150188,7,0,6.42,1
COMP-SLA-13548,Infrastructure Complaint - COMP-SLA-13548,Pedestrian footbridge concrete pillar showing structural cracks,infrastructure,DEPT_WORKS,2025-04-26T13:28:00,13,5,4,1,0,12.0,HIGH,0.1,0.1,0.7,0.1,1,3,1.98,0.0198,0,13.011752,80.340971,7,0,10.81,0
COMP-SLA-10701,Roads Complaint - COMP-SLA-10701,Road cave-in reported on highway access lane,roads,DEPT_ROADS,2025-02-15T00:43:00,0,5,2,1,0,6.0,HIGH,0.1,0.1,0.7,0.1,1,6,41.62,0.4162,0,13.080195,80.152252,7,0,13.96,1
COMP-SLA-12620,Drainage Complaint - COMP-SLA-12620,Foul stench and black water coming from open drainage pipe,drainage,DEPT_DRAINAGE,2025-05-20T08:11:00,8,1,5,0,1,6.0,MEDIUM,0.1,0.7,0.1,0.1,3,12,79.24,0.7924,1,13.105474,80.341671,10,0,6.98,1
COMP-SLA-10645,Roads Complaint - COMP-SLA-10645,Massive pothole causing severe traffic delay near main intersection,roads,DEPT_ROADS,2025-03-02T23:28:00,23,6,3,1,0,6.0,HIGH,0.1,0.1,0.7,0.1,1,6,18.88,0.1888,0,13.110512,80.218492,9,0,13.52,1
COMP-SLA-12136,Roads Complaint - COMP-SLA-12136,Massive pothole causing severe traffic delay near main intersection,roads,DEPT_ROADS,2025-03-15T10:46:00,10,5,3,1,0,6.0,HIGH,0.1,0.1,0.7,0.1,8,40,66.64,0.6664,1,13.037009,80.151188,9,0,22.87,1
COMP-SLA-10930,Infrastructure Complaint - COMP-SLA-10930,Collapsed public park boundary wall blocking walkway,infrastructure,DEPT_WORKS,2025-06-24T14:09:00,14,1,6,0,1,6.0,CRITICAL,0.1,0.1,0.1,0.7,8,48,63.21,0.6321,1,13.11314,80.164461,7,2,5.74,0
COMP-SLA-11273,Infrastructure Complaint - COMP-SLA-11273,Pedestrian footbridge concrete pillar showing structural cracks,infrastructure,DEPT_WORKS,2025-06-13T23:19:00,23,4,6,0,0,6.0,CRITICAL,0.1,0.1,0.1,0.7,1,6,90.28,0.9028,1,13.059459,80.127415,7,0,24.18,1
COMP-SLA-11911,Other Complaint - COMP-SLA-11911,General inquiry regarding municipal service timing,other,DEPT_GENERAL,2025-04-21T13:35:00,13,0,4,0,1,18.0,LOW,0.7,0.1,0.1,0.1,1,6,35.9,0.359,0,12.993391,80.286888,6,0,4.6,0
COMP-SLA-13529,Roads Complaint - COMP-SLA-13529,Minor tar peeling on residential side street,roads,DEPT_ROADS,2025-04-01T08:51:00,8,1,4,0,1,18.0,LOW,0.7,0.1,0.1,0.1,1,4,17.1,0.171,0,13.171155,80.138736,7,0,43.28,1
COMP-SLA-10247,Drainage Complaint - COMP-SLA-10247,Slow drainage runoff on commercial market road,drainage,DEPT_DRAINAGE,2025-02-28T06:57:00,6,4,2,0,0,9.0,LOW,0.7,0.1,0.1,0.1,1,1,45.17,0.4517,0,13.193135,80.386966,7,0,16.76,1
COMP-SLA-13888,Garbage Complaint - COMP-SLA-13888,Uncollected garbage pile attracting stray animals near hospital gate,garbage,DEPT_SANITATION,2025-04-30T01:08:00,1,2,4,0,0,3.0,CRITICAL,0.1,0.1,0.1,0.7,1,3,52.74,0.5274,0,13.197993,80.320344,9,1,13.16,1
COMP-SLA-10924,Other Complaint - COMP-SLA-10924,Unsanitary public toilet conditions in central market,other,DEPT_GENERAL,2025-03-25T12:49:00,12,1,3,0,1,6.0,HIGH,0.1,0.1,0.7,0.1,5,5,63.26,0.6326,1,13.016807,80.336452,7,0,17.44,1
COMP-SLA-13729,Streetlights Complaint - COMP-SLA-13729,Flickering streetlight fixture on main road,streetlights,DEPT_ELECTRICITY,2025-01-12T15:45:00,15,6,1,1,0,2.0,HIGH,0.1,0.1,0.7,0.1,5,20,65.18,0.6518,1,13.132396,80.147109,6,0,20.65,1
COMP-SLA-13009,Infrastructure Complaint - COMP-SLA-13009,Pedestrian footbridge concrete pillar showing structural cracks,infrastructure,DEPT_WORKS,2025-05-19T20:58:00,20,0,5,0,0,6.0,CRITICAL,0.1,0.1,0.1,0.7,1,6,22.02,0.2202,0,12.983078,80.181215,7,0,18.12,1
COMP-SLA-11823,Garbage Complaint - COMP-SLA-11823,Foul smell from uncleared waste bin near apartment entrance,garbage,DEPT_SANITATION,2025-02-20T16:02:00,16,3,2,0,1,12.0,MEDIUM,0.1,0.7,0.1,0.1,1,6,5.12,0.0512,0,13.055276,80.1512,9,0,8.02,0
COMP-SLA-11362,Water Complaint - COMP-SLA-11362,Minor leak near public water standpost,water,DEPT_WATER,2025-05-19T07:44:00,7,0,5,0,0,4.0,MEDIUM,0.1,0.7,0.1,0.1,1,1,35.57,0.3557,0,13.216849,80.279961,6,0,11.47,1
COMP-SLA-12529,Drainage Complaint - COMP-SLA-12529,Overflowing sewage line flooding residential street and homes,drainage,DEPT_DRAINAGE,2025-03-10T23:59:00,23,0,3,0,0,1.5,CRITICAL,0.1,0.1,0.1,0.7,1,4,40.35,0.4035,0,13.209705,80.303628,8,2,4.04,1
COMP-SLA-12640,Roads Complaint - COMP-SLA-12640,Deep crater formed after rains near public school gate,roads,DEPT_ROADS,2025-01-17T16:47:00,16,4,1,0,1,6.0,HIGH,0.1,0.1,0.7,0.1,1,6,29.36,0.2936,0,13.04324,80.411648,9,2,5.09,0
COMP-SLA-12119,Streetlights Complaint - COMP-SLA-12119,Entire street light network down making dark alley unsafe at night,streetlights,DEPT_ELECTRICITY,2025-01-29T13:29:00,13,2,1,0,1,1.0,CRITICAL,0.1,0.1,0.1,0.7,1,6,49.3,0.493,0,13.00546,80.372369,11,0,0.2,0
COMP-SLA-14053,Other Complaint - COMP-SLA-14053,Unauthorized hawker encroachment blocking shop entrance,other,DEPT_GENERAL,2025-06-05T01:32:00,1,3,6,0,0,6.0,HIGH,0.1,0.1,0.7,0.1,2,6,84.2,0.842,1,13.180311,80.205895,6,1,22.78,1
COMP-SLA-10544,Streetlights Complaint - COMP-SLA-10544,Single street lamp bulb burnt out on quiet street,streetlights,DEPT_ELECTRICITY,2025-04-17T07:36:00,7,3,4,0,0,6.0,LOW,0.7,0.1,0.1,0.1,1,4,86.42,0.8642,1,12.978525,80.411861,9,0,17.34,1
COMP-SLA-13133,Water Complaint - COMP-SLA-13133,Minor leak near public water standpost,water,DEPT_WATER,2025-03-06T23:39:00,23,3,3,0,0,4.0,MEDIUM,0.1,0.7,0.1,0.1,8,16,90.02,0.9002,1,13.12074,80.14527,6,0,20.83,1
COMP-SLA-13668,Other Complaint - COMP-SLA-13668,Stray dog menace near elementary school playground,other,DEPT_GENERAL,2025-03-12T05:27:00,5,2,3,0,0,3.0,CRITICAL,0.1,0.1,0.1,0.7,1,6,41.5,0.415,0,13.036607,80.386309,7,1,14.26,1
COMP-SLA-13382,Roads Complaint - COMP-SLA-13382,Road surface cracked and unpaved causing risk for two-wheelers,roads,DEPT_ROADS,2025-06-08T21:10:00,21,6,6,1,0,3.0,CRITICAL,0.1,0.1,0.1,0.7,1,2,19.59,0.1959,0,13.063223,80.129735,9,0,11.48,1
COMP-SLA-10260,Roads Complaint - COMP-SLA-10260,Deep crater formed after rains near public school gate,roads,DEPT_ROADS,2025-06-27T20:31:00,20,4,6,0,0,6.0,HIGH,0.1,0.1,0.7,0.1,1,3,30.96,0.3096,0,13.223029,80.355292,9,2,12.59,1
COMP-SLA-13403,Roads Complaint - COMP-SLA-13403,Minor tar peeling on residential side street,roads,DEPT_ROADS,2025-04-24T17:51:00,17,3,4,0,1,18.0,LOW,0.7,0.1,0.1,0.1,1,5,42.04,0.4204,0,13.200879,80.342745,7,0,85.75,1
COMP-SLA-12751,Other Complaint - COMP-SLA-12751,Unsanitary public toilet conditions in central market,other,DEPT_GENERAL,2025-01-10T21:08:00,21,4,1,0,0,3.0,CRITICAL,0.1,0.1,0.1,0.7,1,3,28.49,0.2849,0,13.139438,80.311508,7,0,5.26,1
COMP-SLA-10928,Water Complaint - COMP-SLA-10928,No water supply for last 48 hours in entire neighborhood block,water,DEPT_WATER,2025-06-01T17:12:00,17,6,6,1,0,4.0,MEDIUM,0.1,0.7,0.1,0.1,1,3,30.37,0.3037,0,13.186836,80.414655,11,0,14.16,1
COMP-SLA-10613,Water Complaint - COMP-SLA-10613,No water supply for last 48 hours in entire neighborhood block,water,DEPT_WATER,2025-05-17T07:24:00,7,5,5,1,0,2.0,HIGH,0.1,0.1,0.7,0.1,1,5,24.95,0.2495,0,13.137753,80.237721,11,0,14.09,1
COMP-SLA-11024,Drainage Complaint - COMP-SLA-11024,Overflowing sewage line flooding residential street and homes,drainage,DEPT_DRAINAGE,2025-05-25T15:02:00,15,6,5,1,0,3.0,HIGH,0.1,0.1,0.7,0.1,1,3,29.32,0.2932,0,12.947115,80.148663,8,2,18.96,1
COMP-SLA-14061,Roads Complaint - COMP-SLA-14061,Road surface cracked and unpaved causing risk for two-wheelers,roads,DEPT_ROADS,2025-01-20T13:22:00,13,0,1,0,1,6.0,HIGH,0.1,0.1,0.7,0.1,1,2,64.91,0.6491,1,12.949493,80.17401,9,0,8.11,1
COMP-SLA-10220,Garbage Complaint - COMP-SLA-10220,Foul smell from uncleared waste bin near apartment entrance,garbage,DEPT_SANITATION,2025-01-06T12:16:00,12,0,1,0,1,6.0,HIGH,0.1,0.1,0.7,0.1,1,1,54.94,0.5494,0,13.177636,80.344441,9,0,7.95,1
COMP-SLA-14187,Roads Complaint - COMP-SLA-14187,Road surface cracked and unpaved causing risk for two-wheelers,roads,DEPT_ROADS,2025-06-17T19:19:00,19,1,6,0,0,6.0,HIGH,0.1,0.1,0.7,0.1,1,6,25.46,0.2546,0,13.176208,80.373041,9,0,8.73,1
COMP-SLA-10486,Garbage Complaint - COMP-SLA-10486,Foul smell from uncleared waste bin near apartment entrance,garbage,DEPT_SANITATION,2025-04-29T20:09:00,20,1,4,0,0,6.0,HIGH,0.1,0.1,0.7,0.1,2,12,88.21,0.8821,1,13.193177,80.312874,9,0,24.27,1
COMP-SLA-12508,Drainage Complaint - COMP-SLA-12508,Foul stench and black water coming from open drainage pipe,drainage,DEPT_DRAINAGE,2025-04-16T06:33:00,6,2,4,0,0,3.0,HIGH,0.1,0.1,0.7,0.1,1,4,1.6,0.016,0,12.939556,80.167366,10,0,9.2,1
COMP-SLA-11462,Infrastructure Complaint - COMP-SLA-11462,Damaged bus shelter roof leaning precariously,infrastructure,DEPT_WORKS,2025-02-11T02:03:00,2,1,2,0,0,12.0,HIGH,0.1,0.1,0.7,0.1,3,12,69.63,0.6963,1,12.951535,80.223967,6,0,20.23,1
COMP-SLA-10259,Other Complaint - COMP-SLA-10259,Unauthorized hawker encroachment blocking shop entrance,other,DEPT_GENERAL,2025-04-21T20:38:00,20,0,4,0,0,6.0,HIGH,0.1,0.1,0.7,0.1,1,4,89.99,0.8999,1,12.973537,80.2169,6,1,18.47,1
COMP-SLA-13124,Drainage Complaint - COMP-SLA-13124,Foul stench and black water coming from open drainage pipe,drainage,DEPT_DRAINAGE,2025-03-26T21:15:00,21,2,3,0,0,3.0,HIGH,0.1,0.1,0.7,0.1,1,4,45.52,0.4552,0,13.183378,80.16673,10,0,10.82,1
COMP-SLA-10387,Drainage Complaint - COMP-SLA-10387,Clogged storm drain causing severe waterlogging during rain,drainage,DEPT_DRAINAGE,2025-06-30T13:18:00,13,0,6,0,1,1.5,CRITICAL,0.1,0.1,0.1,0.7,5,20,86.48,0.8648,1,12.980812,80.285142,8,0,5.34,1
COMP-SLA-10848,Roads Complaint - COMP-SLA-10848,Massive pothole causing severe traffic delay near main intersection,roads,DEPT_ROADS,2025-03-16T14:12:00,14,6,3,1,0,6.0,HIGH,0.1,0.1,0.7,0.1,1,1,34.19,0.3419,0,13.1221,80.394513,9,0,30.22,1
COMP-SLA-12782,Garbage Complaint - COMP-SLA-12782,Minor littering near bus shelter,garbage,DEPT_SANITATION,2025-02-10T04:00:00,4,0,2,0,0,12.0,MEDIUM,0.1,0.7,0.1,0.1,1,3,51.96,0.5196,0,12.962262,80.281325,5,0,27.55,1
COMP-SLA-12173,Garbage Complaint - COMP-SLA-12173,Overflowing community dump bin spilling onto main road,garbage,DEPT_SANITATION,2025-06-16T12:26:00,12,0,6,0,1,3.0,CRITICAL,0.1,0.1,0.1,0.7,1,5,28.02,0.2802,0,12.934106,80.394934,8,1,0.4,0
COMP-SLA-13098,Water Complaint - COMP-SLA-13098,Contaminated muddy water coming from municipal tap supply,water,DEPT_WATER,2025-01-20T09:23:00,9,0,1,0,1,1.0,CRITICAL,0.1,0.1,0.1,0.7,8,8,79.57,0.7957,1,12.945166,80.403607,8,0,8.68,1
COMP-SLA-14174,Drainage Complaint - COMP-SLA-14174,Open manhole cover on main sidewalk presents fatal hazard,drainage,DEPT_DRAINAGE,2025-06-02T01:25:00,1,0,6,0,0,3.0,HIGH,0.1,0.1,0.7,0.1,1,5,46.4,0.464,0,12.987361,80.146442,9,2,9.0,1
COMP-SLA-11651,Infrastructure Complaint - COMP-SLA-11651,Broken railing on canal overbridge,infrastructure,DEPT_WORKS,2025-06-09T06:56:00,6,0,6,0,0,12.0,HIGH,0.1,0.1,0.7,0.1,1,4,31.93,0.3193,0,13.006165,80.134441,5,0,11.9,0
COMP-SLA-13076,Garbage Complaint - COMP-SLA-13076,Illegal dumping of commercial debris in public park,garbage,DEPT_SANITATION,2025-04-30T16:14:00,16,2,4,0,1,12.0,MEDIUM,0.1,0.7,0.1,0.1,1,5,2.73,0.0273,0,13.150846,80.334276,8,0,16.89,1
COMP-SLA-11951,Streetlights Complaint - COMP-SLA-11951,Entire street light network down making dark alley unsafe at night,streetlights,DEPT_ELECTRICITY,2025-06-25T18:21:00,18,2,6,0,1,1.0,CRITICAL,0.1,0.1,0.1,0.7,1,1,6.71,0.0671,0,12.976652,80.229104,11,0,0.2,0
COMP-SLA-13132,Garbage Complaint - COMP-SLA-13132,Uncollected garbage pile attracting stray animals near hospital gate,garbage,DEPT_SANITATION,2025-01-22T10:27:00,10,2,1,0,1,6.0,HIGH,0.1,0.1,0.7,0.1,1,2,55.61,0.5561,0,12.95484,80.141824,9,1,7.27,1
COMP-SLA-12759,Roads Complaint - COMP-SLA-12759,Road surface cracked and unpaved causing risk for two-wheelers,roads,DEPT_ROADS,2025-06-28T01:59:00,1,5,6,1,0,3.0,CRITICAL,0.1,0.1,0.1,0.7,1,1,17.72,0.1772,0,13.162161,80.161414,9,0,10.74,1
COMP-SLA-12898,Other Complaint - COMP-SLA-12898,Unsanitary public toilet conditions in central market,other,DEPT_GENERAL,2025-04-18T03:58:00,3,4,4,0,0,6.0,HIGH,0.1,0.1,0.7,0.1,5,25,60.87,0.6087,1,13.141132,80.235434,7,0,12.7,1
COMP-SLA-11096,Water Complaint - COMP-SLA-11096,Low water pressure in residential high-rise complex,water,DEPT_WATER,2025-06-26T07:10:00,7,3,6,0,0,2.0,HIGH,0.1,0.1,0.7,0.1,1,4,17.8,0.178,0,13.027234,80.141536,7,0,5.69,1
COMP-SLA-13862,Streetlights Complaint - COMP-SLA-13862,Live high-voltage electric wire hanging dangerously low near school,streetlights,DEPT_ELECTRICITY,2025-06-28T00:44:00,0,5,6,1,0,2.0,HIGH,0.1,0.1,0.7,0.1,5,5,94.78,0.9478,1,12.96426,80.29525,9,2,21.47,1
COMP-SLA-12382,Drainage Complaint - COMP-SLA-12382,Foul stench and black water coming from open drainage pipe,drainage,DEPT_DRAINAGE,2025-04-14T22:03:00,22,0,4,0,0,3.0,HIGH,0.1,0.1,0.7,0.1,1,2,72.3,0.723,1,13.007678,80.233717,10,0,21.04,1
COMP-SLA-13487,Roads Complaint - COMP-SLA-13487,Massive pothole causing severe traffic delay near main intersection,roads,DEPT_ROADS,2025-03-20T16:00:00,16,3,3,0,1,3.0,CRITICAL,0.1,0.1,0.1,0.7,1,3,18.89,0.1889,0,13.025045,80.175729,9,0,0.92,0
COMP-SLA-10508,Water Complaint - COMP-SLA-10508,No water supply for last 48 hours in entire neighborhood block,water,DEPT_WATER,2025-06-29T17:50:00,17,6,6,1,0,4.0,MEDIUM,0.1,0.7,0.1,0.1,1,5,30.09,0.3009,0,12.964917,80.267053,11,0,16.73,1
COMP-SLA-10008,Roads Complaint - COMP-SLA-10008,Deep crater formed after rains near public school gate,roads,DEPT_ROADS,2025-02-28T01:51:00,1,4,2,0,0,12.0,MEDIUM,0.1,0.7,0.1,0.1,1,5,20.04,0.2004,0,13.027336,80.201022,9,2,29.66,1
COMP-SLA-13301,Water Complaint - COMP-SLA-13301,Main pipeline burst wasting thousands of liters of clean water,water,DEPT_WATER,2025-04-03T22:53:00,22,3,4,0,0,2.0,HIGH,0.1,0.1,0.7,0.1,1,5,54.31,0.5431,0,13.13071,80.226775,10,1,10.48,1
COMP-SLA-13907,Roads Complaint - COMP-SLA-13907,Massive pothole causing severe traffic delay near main intersection,roads,DEPT_ROADS,2025-04-30T17:10:00,17,2,4,0,1,3.0,CRITICAL,0.1,0.1,0.1,0.7,1,6,94.78,0.9478,1,13.010723,80.342745,9,0,6.53,1
COMP-SLA-13719,Drainage Complaint - COMP-SLA-13719,Open manhole cover on main sidewalk presents fatal hazard,drainage,DEPT_DRAINAGE,2025-03-17T00:52:00,0,0,3,0,0,3.0,HIGH,0.1,0.1,0.7,0.1,1,4,31.41,0.3141,0,13.170884,80.355313,9,2,6.61,1
COMP-SLA-12371,Streetlights Complaint - COMP-SLA-12371,Entire street light network down making dark alley unsafe at night,streetlights,DEPT_ELECTRICITY,2025-03-26T00:12:00,0,2,3,0,0,2.0,HIGH,0.1,0.1,0.7,0.1,1,1,10.87,0.1087,0,13.214545,80.353113,11,0,14.85,1
COMP-SLA-13373,Infrastructure Complaint - COMP-SLA-13373,Collapsed public park boundary wall blocking walkway,infrastructure,DEPT_WORKS,2025-06-12T18:37:00,18,3,6,0,1,6.0,CRITICAL,0.1,0.1,0.1,0.7,8,16,75.86,0.7586,1,13.227733,80.139255,7,2,10.38,1
COMP-SLA-10379,Roads Complaint - COMP-SLA-10379,Road surface cracked and unpaved causing risk for two-wheelers,roads,DEPT_ROADS,2025-01-04T10:48:00,10,5,1,1,0,3.0,CRITICAL,0.1,0.1,0.1,0.7,5,30,64.29,0.6429,1,13.182669,80.177873,9,0,18.56,1
COMP-SLA-13005,Drainage Complaint - COMP-SLA-13005,Overflowing sewage line flooding residential street and homes,drainage,DEPT_DRAINAGE,2025-04-08T23:37:00,23,1,4,0,0,1.5,CRITICAL,0.1,0.1,0.1,0.7,5,30,82.22,0.8222,1,13.151374,80.175299,8,2,19.0,1
COMP-SLA-10679,Other Complaint - COMP-SLA-10679,Unauthorized hawker encroachment blocking shop entrance,other,DEPT_GENERAL,2025-02-05T18:38:00,18,2,2,0,1,6.0,HIGH,0.1,0.1,0.7,0.1,1,5,45.09,0.4509,0,12.958523,80.183035,6,1,14.65,1
COMP-SLA-13739,Roads Complaint - COMP-SLA-13739,Road cave-in reported on highway access lane,roads,DEPT_ROADS,2025-02-09T21:59:00,21,6,2,1,0,6.0,HIGH,0.1,0.1,0.7,0.1,3,9,80.86,0.8086,1,13.005539,80.147942,7,0,21.94,1
COMP-SLA-13418,Drainage Complaint - COMP-SLA-13418,Slow drainage runoff on commercial market road,drainage,DEPT_DRAINAGE,2025-05-28T13:34:00,13,2,5,0,1,9.0,LOW,0.7,0.1,0.1,0.1,2,2,75.52,0.7552,1,13.064107,80.2712,7,0,11.59,1
COMP-SLA-11012,Water Complaint - COMP-SLA-11012,Minor leak near public water standpost,water,DEPT_WATER,2025-04-09T02:37:00,2,2,4,0,0,6.0,LOW,0.7,0.1,0.1,0.1,8,48,73.78,0.7378,1,13.147176,80.278784,6,0,29.63,1
COMP-SLA-11601,Streetlights Complaint - COMP-SLA-11601,Sparking electrical transformer near residential area,streetlights,DEPT_ELECTRICITY,2025-05-29T07:45:00,7,3,5,0,0,2.0,HIGH,0.1,0.1,0.7,0.1,5,30,88.34,0.8834,1,13.077179,80.243664,6,1,20.1,1
COMP-SLA-14040,Roads Complaint - COMP-SLA-14040,Minor tar peeling on residential side street,roads,DEPT_ROADS,2025-05-29T14:47:00,14,3,5,0,1,12.0,MEDIUM,0.1,0.7,0.1,0.1,1,6,76.52,0.7652,1,13.007981,80.24609,7,0,12.06,1
COMP-SLA-10066,Garbage Complaint - COMP-SLA-10066,Uncollected garbage pile attracting stray animals near hospital gate,garbage,DEPT_SANITATION,2025-04-03T20:57:00,20,3,4,0,0,3.0,CRITICAL,0.1,0.1,0.1,0.7,1,6,41.37,0.4137,0,13.181312,80.332893,9,1,10.86,1
COMP-SLA-11721,Infrastructure Complaint - COMP-SLA-11721,Collapsed public park boundary wall blocking walkway,infrastructure,DEPT_WORKS,2025-05-16T10:36:00,10,4,5,0,1,12.0,HIGH,0.1,0.1,0.7,0.1,1,2,11.42,0.1142,0,13.033756,80.397848,7,2,1.29,0
COMP-SLA-13366,Infrastructure Complaint - COMP-SLA-13366,Collapsed public park boundary wall blocking walkway,infrastructure,DEPT_WORKS,2025-03-30T01:54:00,1,6,3,1,0,6.0,CRITICAL,0.1,0.1,0.1,0.7,8,24,82.03,0.8203,1,13.075132,80.206619,7,2,19.56,1
COMP-SLA-13665,Water Complaint - COMP-SLA-13665,Low water pressure in residential high-rise complex,water,DEPT_WATER,2025-05-01T09:03:00,9,3,5,0,1,2.0,HIGH,0.1,0.1,0.7,0.1,2,8,85.09,0.8509,1,13.224102,80.33094,7,0,8.3,1
COMP-SLA-12283,Roads Complaint - COMP-SLA-12283,Deep crater formed after rains near public school gate,roads,DEPT_ROADS,2025-04-26T01:47:00,1,5,4,1,0,6.0,HIGH,0.1,0.1,0.7,0.1,1,6,44.02,0.4402,0,13.074807,80.299314,9,2,10.08,1
COMP-SLA-10680,Roads Complaint - COMP-SLA-10680,Deep crater formed after rains near public school gate,roads,DEPT_ROADS,2025-06-01T12:05:00,12,6,6,1,0,12.0,MEDIUM,0.1,0.7,0.1,0.1,1,2,25.97,0.2597,0,12.934686,80.312342,9,2,26.41,1
COMP-SLA-12100,Other Complaint - COMP-SLA-12100,General inquiry regarding municipal service timing,other,DEPT_GENERAL,2025-05-28T22:33:00,22,2,5,0,0,12.0,MEDIUM,0.1,0.7,0.1,0.1,1,6,66.34,0.6634,1,12.961661,80.168965,6,0,16.07,1
COMP-SLA-10782,Streetlights Complaint - COMP-SLA-10782,Entire street light network down making dark alley unsafe at night,streetlights,DEPT_ELECTRICITY,2025-01-05T11:56:00,11,6,1,1,0,2.0,HIGH,0.1,0.1,0.7,0.1,1,5,16.6,0.166,0,13.010942,80.323778,11,0,5.42,1
COMP-SLA-13966,Water Complaint - COMP-SLA-13966,Main pipeline burst wasting thousands of liters of clean water,water,DEPT_WATER,2025-04-11T16:59:00,16,4,4,0,1,1.0,CRITICAL,0.1,0.1,0.1,0.7,1,6,70.56,0.7056,1,13.085127,80.224958,10,1,5.03,1
COMP-SLA-13919,Infrastructure Complaint - COMP-SLA-13919,Minor paint peeling on government office gate,infrastructure,DEPT_WORKS,2025-02-13T16:45:00,16,3,2,0,1,24.0,MEDIUM,0.1,0.7,0.1,0.1,1,5,56.9,0.569,0,13.210682,80.217317,7,0,18.68,0
COMP-SLA-11624,Other Complaint - COMP-SLA-11624,Unsanitary public toilet conditions in central market,other,DEPT_GENERAL,2025-06-01T04:30:00,4,6,6,1,0,6.0,HIGH,0.1,0.1,0.7,0.1,1,1,68.96,0.6896,1,13.081004,80.419541,7,0,25.72,1
COMP-SLA-13085,Streetlights Complaint - COMP-SLA-13085,Live high-voltage electric wire hanging dangerously low near school,streetlights,DEPT_ELECTRICITY,2025-04-06T09:21:00,9,6,4,1,0,2.0,HIGH,0.1,0.1,0.7,0.1,1,5,94.69,0.9469,1,13.029075,80.318155,9,2,20.66,1
COMP-SLA-13239,Streetlights Complaint - COMP-SLA-13239,Single street lamp bulb burnt out on quiet street,streetlights,DEPT_ELECTRICITY,2025-06-21T20:10:00,20,5,6,1,0,4.0,MEDIUM,0.1,0.7,0.1,0.1,1,3,27.0,0.27,0,12.949547,80.145714,9,0,14.47,1
COMP-SLA-12576,Other Complaint - COMP-SLA-12576,Unauthorized hawker encroachment blocking shop entrance,other,DEPT_GENERAL,2025-01-02T03:17:00,3,3,1,0,0,12.0,MEDIUM,0.1,0.7,0.1,0.1,1,5,45.79,0.4579,0,13.093592,80.247784,6,1,21.63,1
COMP-SLA-12324,Other Complaint - COMP-SLA-12324,General inquiry regarding municipal service timing,other,DEPT_GENERAL,2025-04-12T15:08:00,15,5,4,1,0,12.0,MEDIUM,0.1,0.7,0.1,0.1,1,2,34.43,0.3443,0,13.130239,80.354376,6,0,15.73,1
COMP-SLA-10884,Drainage Complaint - COMP-SLA-10884,Slow drainage runoff on commercial market road,drainage,DEPT_DRAINAGE,2025-04-10T22:19:00,22,3,4,0,0,9.0,LOW,0.7,0.1,0.1,0.1,1,4,4.62,0.0462,0,13.065896,80.300162,7,0,12.36,1
COMP-SLA-11092,Other Complaint - COMP-SLA-11092,Unauthorized hawker encroachment blocking shop entrance,other,DEPT_GENERAL,2025-03-17T06:25:00,6,0,3,0,0,12.0,MEDIUM,0.1,0.7,0.1,0.1,1,5,57.71,0.5771,0,12.985694,80.203478,6,1,17.15,1
COMP-SLA-10383,Streetlights Complaint - COMP-SLA-10383,Sparking electrical transformer near residential area,streetlights,DEPT_ELECTRICITY,2025-04-07T20:16:00,20,0,4,0,0,4.0,MEDIUM,0.1,0.7,0.1,0.1,1,1,56.42,0.5642,0,13.164075,80.30764,6,1,13.4,1
COMP-SLA-11396,Garbage Complaint - COMP-SLA-11396,Minor littering near bus shelter,garbage,DEPT_SANITATION,2025-03-26T07:36:00,7,2,3,0,0,12.0,MEDIUM,0.1,0.7,0.1,0.1,1,5,38.68,0.3868,0,13.172225,80.273086,5,0,28.63,1
COMP-SLA-13603,Streetlights Complaint - COMP-SLA-13603,Single street lamp bulb burnt out on quiet street,streetlights,DEPT_ELECTRICITY,2025-04-08T16:06:00,16,1,4,0,1,4.0,MEDIUM,0.1,0.7,0.1,0.1,1,3,35.62,0.3562,0,13.068904,80.302239,9,0,0.57,0
COMP-SLA-11564,Garbage Complaint - COMP-SLA-11564,Overflowing community dump bin spilling onto main road,garbage,DEPT_SANITATION,2025-04-15T09:10:00,9,1,4,0,1,6.0,HIGH,0.1,0.1,0.7,0.1,1,1,8.77,0.0877,0,13.088852,80.190245,8,1,1.35,0
COMP-SLA-12635,Garbage Complaint - COMP-SLA-12635,Minor littering near bus shelter,garbage,DEPT_SANITATION,2025-04-14T12:38:00,12,0,4,0,1,18.0,LOW,0.7,0.1,0.1,0.1,2,4,79.25,0.7925,1,12.995675,80.378231,5,0,23.65,1
COMP-SLA-10032,Water Complaint - COMP-SLA-10032,Minor leak near public water standpost,water,DEPT_WATER,2025-06-06T20:33:00,20,4,6,0,0,4.0,MEDIUM,0.1,0.7,0.1,0.1,1,6,28.44,0.2844,0,12.935047,80.365831,6,0,5.56,1
COMP-SLA-12359,Other Complaint - COMP-SLA-12359,Stray dog menace near elementary school playground,other,DEPT_GENERAL,2025-06-27T14:03:00,14,4,6,0,1,6.0,HIGH,0.1,0.1,0.7,0.1,1,6,40.15,0.4015,0,13.011409,80.377634,7,1,3.21,0
COMP-SLA-11785,Other Complaint - COMP-SLA-11785,Unauthorized hawker encroachment blocking shop entrance,other,DEPT_GENERAL,2025-05-27T01:20:00,1,1,5,0,0,12.0,MEDIUM,0.1,0.7,0.1,0.1,8,48,77.58,0.7758,1,12.975434,80.14777,6,1,28.39,1
COMP-SLA-13106,Streetlights Complaint - COMP-SLA-13106,Sparking electrical transformer near residential area,streetlights,DEPT_ELECTRICITY,2025-05-15T06:04:00,6,3,5,0,0,2.0,HIGH,0.1,0.1,0.7,0.1,1,4,76.89,0.7689,1,12.939234,80.15207,6,1,12.36,1
COMP-SLA-10611,Drainage Complaint - COMP-SLA-10611,Clogged storm drain causing severe waterlogging during rain,drainage,DEPT_DRAINAGE,2025-03-29T02:09:00,2,5,3,1,0,3.0,HIGH,0.1,0.1,0.7,0.1,8,32,79.57,0.7957,1,13.111363,80.367217,8,0,17.98,1
COMP-SLA-10571,Water Complaint - COMP-SLA-10571,No water supply for last 48 hours in entire neighborhood block,water,DEPT_WATER,2025-03-20T09:32:00,9,3,3,0,1,4.0,MEDIUM,0.1,0.7,0.1,0.1,1,3,10.81,0.1081,0,13.097698,80.35081,11,0,2.02,0
COMP-SLA-10344,Roads Complaint - COMP-SLA-10344,Massive pothole causing severe traffic delay near main intersection,roads,DEPT_ROADS,2025-02-22T06:26:00,6,5,2,1,0,3.0,CRITICAL,0.1,0.1,0.1,0.7,1,6,69.35,0.6935,1,13.141859,80.337311,9,0,11.44,1
COMP-SLA-14148,Water Complaint - COMP-SLA-14148,Minor leak near public water standpost,water,DEPT_WATER,2025-05-28T07:19:00,7,2,5,0,0,6.0,LOW,0.7,0.1,0.1,0.1,1,3,20.83,0.2083,0,13.198054,80.131541,6,0,12.49,1
COMP-SLA-13015,Streetlights Complaint - COMP-SLA-13015,Single street lamp bulb burnt out on quiet street,streetlights,DEPT_ELECTRICITY,2025-03-07T05:23:00,5,4,3,0,0,6.0,LOW,0.7,0.1,0.1,0.1,1,1,13.6,0.136,0,13.037719,80.214005,9,0,11.32,1
COMP-SLA-13988,Streetlights Complaint - COMP-SLA-13988,Flickering streetlight fixture on main road,streetlights,DEPT_ELECTRICITY,2025-02-14T21:42:00,21,4,2,0,0,4.0,MEDIUM,0.1,0.7,0.1,0.1,1,2,2.93,0.0293,0,13.113065,80.417067,6,0,10.58,1
COMP-SLA-13284,Roads Complaint - COMP-SLA-13284,Road surface cracked and unpaved causing risk for two-wheelers,roads,DEPT_ROADS,2025-06-09T02:44:00,2,0,6,0,0,6.0,HIGH,0.1,0.1,0.7,0.1,1,5,31.38,0.3138,0,12.98161,80.284009,9,0,17.65,1
COMP-SLA-12046,Drainage Complaint - COMP-SLA-12046,Foul stench and black water coming from open drainage pipe,drainage,DEPT_DRAINAGE,2025-03-16T23:14:00,23,6,3,1,0,3.0,HIGH,0.1,0.1,0.7,0.1,1,3,6.93,0.0693,0,13.024917,80.197919,10,0,12.81,1
COMP-SLA-14124,Roads Complaint - COMP-SLA-14124,Deep crater formed after rains near public school gate,roads,DEPT_ROADS,2025-01-24T04:49:00,4,4,1,0,0,6.0,HIGH,0.1,0.1,0.7,0.1,1,6,55.73,0.5573,0,12.989986,80.399216,9,2,19.14,1
COMP-SLA-13669,Roads Complaint - COMP-SLA-13669,Minor tar peeling on residential side street,roads,DEPT_ROADS,2025-06-01T05:31:00,5,6,6,1,0,18.0,LOW,0.7,0.1,0.1,0.1,8,48,68.77,0.6877,1,13.232127,80.251021,7,0,19.21,1
COMP-SLA-11425,Water Complaint - COMP-SLA-11425,No water supply for last 48 hours in entire neighborhood block,water,DEPT_WATER,2025-02-21T20:03:00,20,4,2,0,0,2.0,HIGH,0.1,0.1,0.7,0.1,1,1,27.72,0.2772,0,13.050094,80.166629,11,0,12.29,1
COMP-SLA-12233,Other Complaint - COMP-SLA-12233,Unsanitary public toilet conditions in central market,other,DEPT_GENERAL,2025-05-08T23:47:00,23,3,5,0,0,3.0,CRITICAL,0.1,0.1,0.1,0.7,1,4,91.58,0.9158,1,13.172265,80.415611,7,0,20.91,1
COMP-SLA-11136,Drainage Complaint - COMP-SLA-11136,Clogged storm drain causing severe waterlogging during rain,drainage,DEPT_DRAINAGE,2025-05-09T11:22:00,11,4,5,0,1,1.5,CRITICAL,0.1,0.1,0.1,0.7,1,1,13.1,0.131,0,13.118244,80.288309,8,0,0.2,0
COMP-SLA-12310,Other Complaint - COMP-SLA-12310,General inquiry regarding municipal service timing,other,DEPT_GENERAL,2025-03-13T05:04:00,5,3,3,0,0,12.0,MEDIUM,0.1,0.7,0.1,0.1,1,3,56.55,0.5655,0,13.204624,80.235879,6,0,13.97,1
COMP-SLA-13977,Roads Complaint - COMP-SLA-13977,Road cave-in reported on highway access lane,roads,DEPT_ROADS,2025-04-30T21:41:00,21,2,4,0,0,12.0,MEDIUM,0.1,0.7,0.1,0.1,1,4,63.4,0.634,1,12.937794,80.27795,7,0,14.72,1
COMP-SLA-10842,Drainage Complaint - COMP-SLA-10842,Clogged storm drain causing severe waterlogging during rain,drainage,DEPT_DRAINAGE,2025-01-12T01:08:00,1,6,1,1,0,3.0,HIGH,0.1,0.1,0.7,0.1,8,24,91.18,0.9118,1,13.0262,80.251454,8,0,20.81,1
COMP-SLA-12719,Garbage Complaint - COMP-SLA-12719,Overflowing community dump bin spilling onto main road,garbage,DEPT_SANITATION,2025-01-23T01:22:00,1,3,1,0,0,6.0,HIGH,0.1,0.1,0.7,0.1,5,10,64.06,0.6406,1,13.136964,80.404763,8,1,20.64,1
COMP-SLA-11335,Streetlights Complaint - COMP-SLA-11335,Entire street light network down making dark alley unsafe at night,streetlights,DEPT_ELECTRICITY,2025-05-28T04:12:00,4,2,5,0,0,1.0,CRITICAL,0.1,0.1,0.1,0.7,1,1,17.25,0.1725,0,13.164598,80.182543,11,0,11.91,1
COMP-SLA-10966,Other Complaint - COMP-SLA-10966,Unsanitary public toilet conditions in central market,other,DEPT_GENERAL,2025-06-23T07:53:00,7,0,6,0,0,3.0,CRITICAL,0.1,0.1,0.1,0.7,1,3,11.2,0.112,0,13.094436,80.350624,7,0,9.75,1
COMP-SLA-10529,Water Complaint - COMP-SLA-10529,Minor leak near public water standpost,water,DEPT_WATER,2025-02-09T01:43:00,1,6,2,1,0,6.0,LOW,0.7,0.1,0.1,0.1,1,5,42.33,0.4233,0,13.152174,80.238565,6,0,10.0,1
COMP-SLA-10177,Drainage Complaint - COMP-SLA-10177,Clogged storm drain causing severe waterlogging during rain,drainage,DEPT_DRAINAGE,2025-05-07T00:23:00,0,2,5,0,0,3.0,HIGH,0.1,0.1,0.7,0.1,3,6,76.35,0.7635,1,13.098906,80.231373,8,0,15.1,1
COMP-SLA-10423,Garbage Complaint - COMP-SLA-10423,Minor littering near bus shelter,garbage,DEPT_SANITATION,2025-05-12T16:28:00,16,0,5,0,1,12.0,MEDIUM,0.1,0.7,0.1,0.1,1,5,61.9,0.619,1,13.078741,80.20963,5,0,3.3,0
COMP-SLA-11865,Garbage Complaint - COMP-SLA-11865,Overflowing community dump bin spilling onto main road,garbage,DEPT_SANITATION,2025-06-28T19:35:00,19,5,6,1,0,3.0,CRITICAL,0.1,0.1,0.1,0.7,1,3,36.21,0.3621,0,13.064804,80.399793,8,1,19.66,1
COMP-SLA-13510,Garbage Complaint - COMP-SLA-13510,Foul smell from uncleared waste bin near apartment entrance,garbage,DEPT_SANITATION,2025-01-29T10:38:00,10,2,1,0,1,6.0,HIGH,0.1,0.1,0.7,0.1,3,9,90.72,0.9072,1,12.976691,80.136806,9,0,7.18,1
COMP-SLA-12196,Streetlights Complaint - COMP-SLA-12196,Flickering streetlight fixture on main road,streetlights,DEPT_ELECTRICITY,2025-02-18T01:41:00,1,1,2,0,0,4.0,MEDIUM,0.1,0.7,0.1,0.1,1,5,10.37,0.1037,0,13.068141,80.168774,6,0,13.79,1
COMP-SLA-10573,Infrastructure Complaint - COMP-SLA-10573,Broken railing on canal overbridge,infrastructure,DEPT_WORKS,2025-06-10T14:57:00,14,1,6,0,1,24.0,MEDIUM,0.1,0.7,0.1,0.1,1,4,43.93,0.4393,0,13.192267,80.389479,5,0,8.49,0
COMP-SLA-13533,Streetlights Complaint - COMP-SLA-13533,Sparking electrical transformer near residential area,streetlights,DEPT_ELECTRICITY,2025-05-16T09:45:00,9,4,5,0,1,2.0,HIGH,0.1,0.1,0.7,0.1,1,4,34.1,0.341,0,13.067186,80.395266,6,1,0.55,0
COMP-SLA-10289,Drainage Complaint - COMP-SLA-10289,Foul stench and black water coming from open drainage pipe,drainage,DEPT_DRAINAGE,2025-05-25T15:50:00,15,6,5,1,0,6.0,MEDIUM,0.1,0.7,0.1,0.1,1,1,4.6,0.046,0,13.035822,80.325466,10,0,11.68,1
COMP-SLA-11407,Other Complaint - COMP-SLA-11407,Unauthorized hawker encroachment blocking shop entrance,other,DEPT_GENERAL,2025-06-04T04:39:00,4,2,6,0,0,12.0,MEDIUM,0.1,0.7,0.1,0.1,3,12,88.22,0.8822,1,13.2087,80.402045,6,1,35.12,1
COMP-SLA-11418,Water Complaint - COMP-SLA-11418,No water supply for last 48 hours in entire neighborhood block,water,DEPT_WATER,2025-06-26T00:26:00,0,3,6,0,0,2.0,HIGH,0.1,0.1,0.7,0.1,1,4,80.05,0.8005,1,13.179766,80.23384,11,0,8.78,1
COMP-SLA-13013,Garbage Complaint - COMP-SLA-13013,Overflowing community dump bin spilling onto main road,garbage,DEPT_SANITATION,2025-03-04T15:45:00,15,1,3,0,1,3.0,CRITICAL,0.1,0.1,0.1,0.7,1,3,36.34,0.3634,0,13.183093,80.130602,8,1,0.77,0
COMP-SLA-11860,Streetlights Complaint - COMP-SLA-11860,Sparking electrical transformer near residential area,streetlights,DEPT_ELECTRICITY,2025-05-07T04:16:00,4,2,5,0,0,2.0,HIGH,0.1,0.1,0.7,0.1,1,1,30.2,0.302,0,12.970071,80.149908,6,1,14.56,1
COMP-SLA-13947,Infrastructure Complaint - COMP-SLA-13947,Damaged bus shelter roof leaning precariously,infrastructure,DEPT_WORKS,2025-04-02T23:46:00,23,2,4,0,0,24.0,MEDIUM,0.1,0.7,0.1,0.1,1,5,13.27,0.1327,0,12.966012,80.391223,6,0,24.25,1
COMP-SLA-12289,Other Complaint - COMP-SLA-12289,Unsanitary public toilet conditions in central market,other,DEPT_GENERAL,2025-05-29T00:13:00,0,3,5,0,0,3.0,CRITICAL,0.1,0.1,0.1,0.7,1,2,17.78,0.1778,0,13.108054,80.362641,7,0,12.85,1
COMP-SLA-11627,Garbage Complaint - COMP-SLA-11627,Foul smell from uncleared waste bin near apartment entrance,garbage,DEPT_SANITATION,2025-03-18T13:01:00,13,1,3,0,1,6.0,HIGH,0.1,0.1,0.7,0.1,1,1,17.55,0.1755,0,12.940544,80.206247,9,0,0.94,0
COMP-SLA-13649,Drainage Complaint - COMP-SLA-13649,Overflowing sewage line flooding residential street and homes,drainage,DEPT_DRAINAGE,2025-04-22T08:42:00,8,1,4,0,1,1.5,CRITICAL,0.1,0.1,0.1,0.7,1,3,90.66,0.9066,1,13.1817,80.279334,8,2,3.69,1
COMP-SLA-11337,Other Complaint - COMP-SLA-11337,Stray dog menace near elementary school playground,other,DEPT_GENERAL,2025-02-11T13:17:00,13,1,2,0,1,3.0,CRITICAL,0.1,0.1,0.1,0.7,1,2,73.37,0.7337,1,13.002594,80.396663,7,1,7.73,1
COMP-SLA-12026,Garbage Complaint - COMP-SLA-12026,Illegal dumping of commercial debris in public park,garbage,DEPT_SANITATION,2025-01-12T11:20:00,11,6,1,1,0,6.0,HIGH,0.1,0.1,0.7,0.1,1,6,16.56,0.1656,0,13.008128,80.142516,8,0,11.86,1
COMP-SLA-13247,Infrastructure Complaint - COMP-SLA-13247,Minor paint peeling on government office gate,infrastructure,DEPT_WORKS,2025-04-16T21:27:00,21,2,4,0,0,24.0,MEDIUM,0.1,0.7,0.1,0.1,5,15,63.49,0.6349,1,13.20182,80.303606,7,0,29.83,1
COMP-SLA-10384,Infrastructure Complaint - COMP-SLA-10384,Pedestrian footbridge concrete pillar showing structural cracks,infrastructure,DEPT_WORKS,2025-06-26T03:26:00,3,3,6,0,0,12.0,HIGH,0.1,0.1,0.7,0.1,1,6,24.01,0.2401,0,13.065994,80.157779,7,0,23.17,1
COMP-SLA-13352,Infrastructure Complaint - COMP-SLA-13352,Minor paint peeling on government office gate,infrastructure,DEPT_WORKS,2025-01-17T16:55:00,16,4,1,0,1,36.0,LOW,0.7,0.1,0.1,0.1,1,5,3.56,0.0356,0,13.229072,80.261323,7,0,13.94,0
COMP-SLA-10371,Other Complaint - COMP-SLA-10371,General inquiry regarding municipal service timing,other,DEPT_GENERAL,2025-03-29T23:45:00,23,5,3,1,0,18.0,LOW,0.7,0.1,0.1,0.1,5,15,74.57,0.7457,1,12.999409,80.281091,6,0,21.85,1
COMP-SLA-12481,Garbage Complaint - COMP-SLA-12481,Foul smell from uncleared waste bin near apartment entrance,garbage,DEPT_SANITATION,2025-05-14T13:51:00,13,2,5,0,1,6.0,HIGH,0.1,0.1,0.7,0.1,1,1,64.91,0.6491,1,13.091986,80.160538,9,0,5.84,0
COMP-SLA-11993,Streetlights Complaint - COMP-SLA-11993,Flickering streetlight fixture on main road,streetlights,DEPT_ELECTRICITY,2025-06-12T10:12:00,10,3,6,0,1,2.0,HIGH,0.1,0.1,0.7,0.1,1,4,35.22,0.3522,0,13.040848,80.192679,6,0,1.32,0
COMP-SLA-13925,Streetlights Complaint - COMP-SLA-13925,Flickering streetlight fixture on main road,streetlights,DEPT_ELECTRICITY,2025-04-19T22:00:00,22,5,4,1,0,2.0,HIGH,0.1,0.1,0.7,0.1,1,6,33.94,0.3394,0,13.189078,80.246443,6,0,15.17,1
COMP-SLA-11106,Other Complaint - COMP-SLA-11106,General inquiry regarding municipal service timing,other,DEPT_GENERAL,2025-03-15T03:00:00,3,5,3,1,0,12.0,MEDIUM,0.1,0.7,0.1,0.1,1,2,44.3,0.443,0,13.082378,80.326358,6,0,10.84,0
COMP-SLA-11616,Infrastructure Complaint - COMP-SLA-11616,Collapsed public park boundary wall blocking walkway,infrastructure,DEPT_WORKS,2025-01-25T09:19:00,9,5,1,1,0,6.0,CRITICAL,0.1,0.1,0.1,0.7,1,2,60.71,0.6071,1,13.232066,80.328167,7,2,24.5,1
COMP-SLA-11557,Garbage Complaint - COMP-SLA-11557,Foul smell from uncleared waste bin near apartment entrance,garbage,DEPT_SANITATION,2025-05-15T10:20:00,10,3,5,0,1,6.0,HIGH,0.1,0.1,0.7,0.1,1,4,36.85,0.3685,0,12.938915,80.272968,9,0,3.97,0
COMP-SLA-12792,Infrastructure Complaint - COMP-SLA-12792,Pedestrian footbridge concrete pillar showing structural cracks,infrastructure,DEPT_WORKS,2025-04-04T15:13:00,15,4,4,0,1,6.0,CRITICAL,0.1,0.1,0.1,0.7,3,12,80.38,0.8038,1,13.07033,80.179379,7,0,23.16,1
COMP-SLA-10142,Drainage Complaint - COMP-SLA-10142,Overflowing sewage line flooding residential street and homes,drainage,DEPT_DRAINAGE,2025-03-15T02:41:00,2,5,3,1,0,1.5,CRITICAL,0.1,0.1,0.1,0.7,1,5,58.43,0.5843,0,13.191975,80.377288,8,2,8.15,1
COMP-SLA-13636,Garbage Complaint - COMP-SLA-13636,Minor littering near bus shelter,garbage,DEPT_SANITATION,2025-04-28T00:51:00,0,0,4,0,0,12.0,MEDIUM,0.1,0.7,0.1,0.1,1,5,1.57,0.0157,0,13.088956,80.215327,5,0,17.18,1
COMP-SLA-10492,Drainage Complaint - COMP-SLA-10492,Foul stench and black water coming from open drainage pipe,drainage,DEPT_DRAINAGE,2025-04-30T17:59:00,17,2,4,0,1,3.0,HIGH,0.1,0.1,0.7,0.1,5,25,92.11,0.9211,1,13.014424,80.254153,10,0,8.49,1
COMP-SLA-10199,Garbage Complaint - COMP-SLA-10199,Foul smell from uncleared waste bin near apartment entrance,garbage,DEPT_SANITATION,2025-04-16T22:13:00,22,2,4,0,0,12.0,MEDIUM,0.1,0.7,0.1,0.1,8,48,87.45,0.8745,1,13.055813,80.353192,9,0,38.9,1
COMP-SLA-14001,Water Complaint - COMP-SLA-14001,Low water pressure in residential high-rise complex,water,DEPT_WATER,2025-04-17T12:06:00,12,3,4,0,1,4.0,MEDIUM,0.1,0.7,0.1,0.1,1,1,21.83,0.2183,0,13.101276,80.218854,7,0,2.38,0
COMP-SLA-11172,Garbage Complaint - COMP-SLA-11172,Minor littering near bus shelter,garbage,DEPT_SANITATION,2025-06-05T15:42:00,15,3,6,0,1,18.0,LOW,0.7,0.1,0.1,0.1,1,5,25.57,0.2557,0,13.090034,80.253005,5,0,50.06,1
COMP-SLA-11227,Drainage Complaint - COMP-SLA-11227,Clogged storm drain causing severe waterlogging during rain,drainage,DEPT_DRAINAGE,2025-01-24T19:09:00,19,4,1,0,0,3.0,HIGH,0.1,0.1,0.7,0.1,1,1,0.02,0.0002,0,12.9757,80.263339,8,0,14.02,1
COMP-SLA-13131,Drainage Complaint - COMP-SLA-13131,Overflowing sewage line flooding residential street and homes,drainage,DEPT_DRAINAGE,2025-01-07T19:59:00,19,1,1,0,0,1.5,CRITICAL,0.1,0.1,0.1,0.7,1,6,0.67,0.0067,0,12.98479,80.416174,8,2,6.52,1
COMP-SLA-14027,Drainage Complaint - COMP-SLA-14027,Clogged storm drain causing severe waterlogging during rain,drainage,DEPT_DRAINAGE,2025-06-02T15:42:00,15,0,6,0,1,1.5,CRITICAL,0.1,0.1,0.1,0.7,1,4,32.45,0.3245,0,13.211345,80.234102,8,0,0.53,0
COMP-SLA-13165,Roads Complaint - COMP-SLA-13165,Minor tar peeling on residential side street,roads,DEPT_ROADS,2025-04-17T22:25:00,22,3,4,0,0,18.0,LOW,0.7,0.1,0.1,0.1,2,10,85.49,0.8549,1,12.999034,80.247308,7,0,13.93,0
COMP-SLA-11704,Garbage Complaint - COMP-SLA-11704,Minor littering near bus shelter,garbage,DEPT_SANITATION,2025-01-07T12:09:00,12,1,1,0,1,18.0,LOW,0.7,0.1,0.1,0.1,1,1,89.33,0.8933,1,13.138172,80.142504,5,0,16.61,0
COMP-SLA-10196,Other Complaint - COMP-SLA-10196,Unsanitary public toilet conditions in central market,other,DEPT_GENERAL,2025-05-30T09:50:00,9,4,5,0,1,3.0,CRITICAL,0.1,0.1,0.1,0.7,1,5,59.78,0.5978,0,13.20233,80.38233,7,0,0.9,0
COMP-SLA-10875,Other Complaint - COMP-SLA-10875,Unsanitary public toilet conditions in central market,other,DEPT_GENERAL,2025-03-15T20:56:00,20,5,3,1,0,6.0,HIGH,0.1,0.1,0.7,0.1,8,24,80.05,0.8005,1,13.208369,80.224735,7,0,19.36,1
COMP-SLA-13024,Other Complaint - COMP-SLA-13024,Noise pollution from unauthorized loudspeaker after midnight,other,DEPT_GENERAL,2025-04-04T08:04:00,8,4,4,0,1,6.0,HIGH,0.1,0.1,0.7,0.1,1,6,58.85,0.5885,0,13.052205,80.279648,7,0,1.7,0
COMP-SLA-13561,Streetlights Complaint - COMP-SLA-13561,Flickering streetlight fixture on main road,streetlights,DEPT_ELECTRICITY,2025-04-21T12:15:00,12,0,4,0,1,2.0,HIGH,0.1,0.1,0.7,0.1,1,6,80.12,0.8012,1,13.157019,80.202591,6,0,2.56,1
COMP-SLA-12844,Drainage Complaint - COMP-SLA-12844,Slow drainage runoff on commercial market road,drainage,DEPT_DRAINAGE,2025-02-24T08:18:00,8,0,2,0,1,6.0,MEDIUM,0.1,0.7,0.1,0.1,1,4,38.19,0.3819,0,13.154572,80.303856,7,0,12.66,1
COMP-SLA-10841,Roads Complaint - COMP-SLA-10841,Minor tar peeling on residential side street,roads,DEPT_ROADS,2025-05-27T04:40:00,4,1,5,0,0,18.0,LOW,0.7,0.1,0.1,0.1,1,5,45.73,0.4573,0,13.085369,80.227317,7,0,8.61,0
COMP-SLA-10582,Roads Complaint - COMP-SLA-10582,Minor tar peeling on residential side street,roads,DEPT_ROADS,2025-04-23T21:07:00,21,2,4,0,0,12.0,MEDIUM,0.1,0.7,0.1,0.1,1,5,10.87,0.1087,0,13.014496,80.167949,7,0,42.47,1
COMP-SLA-13797,Garbage Complaint - COMP-SLA-13797,Uncollected garbage pile attracting stray animals near hospital gate,garbage,DEPT_SANITATION,2025-01-28T03:51:00,3,1,1,0,0,6.0,HIGH,0.1,0.1,0.7,0.1,1,3,2.04,0.0204,0,13.193357,80.199554,9,1,9.71,1
COMP-SLA-12930,Water Complaint - COMP-SLA-12930,Low water pressure in residential high-rise complex,water,DEPT_WATER,2025-04-16T17:03:00,17,2,4,0,1,2.0,HIGH,0.1,0.1,0.7,0.1,1,6,24.13,0.2413,0,13.103018,80.27667,7,0,0.7,0
COMP-SLA-10906,Garbage Complaint - COMP-SLA-10906,Uncollected garbage pile attracting stray animals near hospital gate,garbage,DEPT_SANITATION,2025-03-08T19:29:00,19,5,3,1,0,6.0,HIGH,0.1,0.1,0.7,0.1,1,5,23.5,0.235,0,13.21598,80.16491,9,1,22.89,1
COMP-SLA-10632,Drainage Complaint - COMP-SLA-10632,Open manhole cover on main sidewalk presents fatal hazard,drainage,DEPT_DRAINAGE,2025-05-29T07:59:00,7,3,5,0,0,6.0,MEDIUM,0.1,0.7,0.1,0.1,1,1,46.44,0.4644,0,12.95431,80.341338,9,2,18.19,1
COMP-SLA-12186,Drainage Complaint - COMP-SLA-12186,Slow drainage runoff on commercial market road,drainage,DEPT_DRAINAGE,2025-06-17T11:28:00,11,1,6,0,1,9.0,LOW,0.7,0.1,0.1,0.1,1,1,72.01,0.7201,1,13.071248,80.122897,7,0,19.89,1
COMP-SLA-12554,Infrastructure Complaint - COMP-SLA-12554,Pedestrian footbridge concrete pillar showing structural cracks,infrastructure,DEPT_WORKS,2025-03-09T05:45:00,5,6,3,1,0,6.0,CRITICAL,0.1,0.1,0.1,0.7,1,2,3.16,0.0316,0,13.155614,80.124371,7,0,18.34,1
COMP-SLA-10163,Drainage Complaint - COMP-SLA-10163,Foul stench and black water coming from open drainage pipe,drainage,DEPT_DRAINAGE,2025-03-30T07:46:00,7,6,3,1,0,6.0,MEDIUM,0.1,0.7,0.1,0.1,1,3,55.28,0.5528,0,13.129831,80.151799,10,0,9.55,1
COMP-SLA-12305,Drainage Complaint - COMP-SLA-12305,Overflowing sewage line flooding residential street and homes,drainage,DEPT_DRAINAGE,2025-04-14T18:32:00,18,0,4,0,1,3.0,HIGH,0.1,0.1,0.7,0.1,1,2,27.06,0.2706,0,13.176648,80.363261,8,2,5.64,1
COMP-SLA-13130,Roads Complaint - COMP-SLA-13130,Road surface cracked and unpaved causing risk for two-wheelers,roads,DEPT_ROADS,2025-06-28T03:46:00,3,5,6,1,0,3.0,CRITICAL,0.1,0.1,0.1,0.7,3,6,90.61,0.9061,1,13.095002,80.239236,9,0,14.21,1
COMP-SLA-11499,Roads Complaint - COMP-SLA-11499,Massive pothole causing severe traffic delay near main intersection,roads,DEPT_ROADS,2025-04-24T12:46:00,12,3,4,0,1,3.0,CRITICAL,0.1,0.1,0.1,0.7,1,2,5.09,0.0509,0,13.103133,80.168546,9,0,1.0,0
COMP-SLA-13488,Drainage Complaint - COMP-SLA-13488,Open manhole cover on main sidewalk presents fatal hazard,drainage,DEPT_DRAINAGE,2025-01-20T08:37:00,8,0,1,0,1,6.0,MEDIUM,0.1,0.7,0.1,0.1,3,12,82.08,0.8208,1,13.113813,80.146809,9,2,2.81,0
COMP-SLA-13786,Infrastructure Complaint - COMP-SLA-13786,Broken railing on canal overbridge,infrastructure,DEPT_WORKS,2025-02-24T04:42:00,4,0,2,0,0,24.0,MEDIUM,0.1,0.7,0.1,0.1,1,5,25.94,0.2594,0,13.141512,80.20754,5,0,8.44,0
COMP-SLA-10926,Drainage Complaint - COMP-SLA-10926,Open manhole cover on main sidewalk presents fatal hazard,drainage,DEPT_DRAINAGE,2025-03-01T07:16:00,7,5,3,1,0,3.0,HIGH,0.1,0.1,0.7,0.1,1,6,8.47,0.0847,0,12.967407,80.147004,9,2,9.97,1
COMP-SLA-13011,Roads Complaint - COMP-SLA-13011,Massive pothole causing severe traffic delay near main intersection,roads,DEPT_ROADS,2025-05-25T08:45:00,8,6,5,1,0,3.0,CRITICAL,0.1,0.1,0.1,0.7,1,3,37.89,0.3789,0,13.00067,80.395839,9,0,12.22,1
COMP-SLA-10548,Drainage Complaint - COMP-SLA-10548,Clogged storm drain causing severe waterlogging during rain,drainage,DEPT_DRAINAGE,2025-01-07T19:39:00,19,1,1,0,0,3.0,HIGH,0.1,0.1,0.7,0.1,1,2,21.94,0.2194,0,13.012759,80.290813,8,0,8.65,1
COMP-SLA-11863,Roads Complaint - COMP-SLA-11863,Massive pothole causing severe traffic delay near main intersection,roads,DEPT_ROADS,2025-04-29T17:09:00,17,1,4,0,1,3.0,CRITICAL,0.1,0.1,0.1,0.7,1,5,25.73,0.2573,0,12.961769,80.144586,9,0,0.41,0
COMP-SLA-12098,Streetlights Complaint - COMP-SLA-12098,Live high-voltage electric wire hanging dangerously low near school,streetlights,DEPT_ELECTRICITY,2025-06-26T02:02:00,2,3,6,0,0,1.0,CRITICAL,0.1,0.1,0.1,0.7,1,1,50.53,0.5053,0,13.017997,80.30422,9,2,7.52,1
COMP-SLA-11648,Garbage Complaint - COMP-SLA-11648,Overflowing community dump bin spilling onto main road,garbage,DEPT_SANITATION,2025-06-10T15:33:00,15,1,6,0,1,6.0,HIGH,0.1,0.1,0.7,0.1,1,6,31.1,0.311,0,12.933711,80.408286,8,1,7.35,1
COMP-SLA-12900,Drainage Complaint - COMP-SLA-12900,Slow drainage runoff on commercial market road,drainage,DEPT_DRAINAGE,2025-02-08T21:05:00,21,5,2,1,0,9.0,LOW,0.7,0.1,0.1,0.1,2,4,88.15,0.8815,1,13.122546,80.270466,7,0,15.03,1
COMP-SLA-12269,Roads Complaint - COMP-SLA-12269,Deep crater formed after rains near public school gate,roads,DEPT_ROADS,2025-04-07T20:02:00,20,0,4,0,0,12.0,MEDIUM,0.1,0.7,0.1,0.1,1,2,43.88,0.4388,0,13.161428,80.364329,9,2,13.62,1
COMP-SLA-10612,Garbage Complaint - COMP-SLA-10612,Overflowing community dump bin spilling onto main road,garbage,DEPT_SANITATION,2025-05-28T23:53:00,23,2,5,0,0,6.0,HIGH,0.1,0.1,0.7,0.1,1,1,71.77,0.7177,1,13.036223,80.313378,8,1,16.82,1
COMP-SLA-13077,Water Complaint - COMP-SLA-13077,Contaminated muddy water coming from municipal tap supply,water,DEPT_WATER,2025-04-13T19:28:00,19,6,4,1,0,2.0,HIGH,0.1,0.1,0.7,0.1,1,6,56.85,0.5685,0,13.21839,80.276829,8,0,17.99,1
COMP-SLA-13956,Roads Complaint - COMP-SLA-13956,Minor tar peeling on residential side street,roads,DEPT_ROADS,2025-06-04T11:05:00,11,2,6,0,1,12.0,MEDIUM,0.1,0.7,0.1,0.1,1,1,59.37,0.5937,0,13.047928,80.338269,7,0,17.04,1
COMP-SLA-12723,Other Complaint - COMP-SLA-12723,Stray dog menace near elementary school playground,other,DEPT_GENERAL,2025-04-15T07:27:00,7,1,4,0,0,6.0,HIGH,0.1,0.1,0.7,0.1,1,1,63.34,0.6334,1,13.096124,80.392516,7,1,22.03,1
COMP-SLA-12112,Streetlights Complaint - COMP-SLA-12112,Flickering streetlight fixture on main road,streetlights,DEPT_ELECTRICITY,2025-04-28T16:44:00,16,0,4,0,1,4.0,MEDIUM,0.1,0.7,0.1,0.1,1,5,39.8,0.398,0,12.965901,80.411681,6,0,0.63,0
COMP-SLA-10743,Roads Complaint - COMP-SLA-10743,Road surface cracked and unpaved causing risk for two-wheelers,roads,DEPT_ROADS,2025-01-04T22:33:00,22,5,1,1,0,6.0,HIGH,0.1,0.1,0.7,0.1,1,6,43.1,0.431,0,13.063248,80.396697,9,0,14.72,1
COMP-SLA-10638,Roads Complaint - COMP-SLA-10638,Minor tar peeling on residential side street,roads,DEPT_ROADS,2025-02-10T00:56:00,0,0,2,0,0,12.0,MEDIUM,0.1,0.7,0.1,0.1,1,1,17.04,0.1704,0,13.07879,80.122605,7,0,13.4,1
COMP-SLA-12319,Drainage Complaint - COMP-SLA-12319,Foul stench and black water coming from open drainage pipe,drainage,DEPT_DRAINAGE,2025-06-29T17:50:00,17,6,6,1,0,3.0,HIGH,0.1,0.1,0.7,0.1,1,3,88.13,0.8813,1,12.965538,80.1748,10,0,17.77,1
COMP-SLA-13808,Other Complaint - COMP-SLA-13808,Unauthorized hawker encroachment blocking shop entrance,other,DEPT_GENERAL,2025-01-26T04:07:00,4,6,1,1,0,12.0,MEDIUM,0.1,0.7,0.1,0.1,3,3,60.51,0.6051,1,13.165454,80.361195,6,1,21.32,1
COMP-SLA-12988,Infrastructure Complaint - COMP-SLA-12988,Minor paint peeling on government office gate,infrastructure,DEPT_WORKS,2025-01-02T13:23:00,13,3,1,0,1,36.0,LOW,0.7,0.1,0.1,0.1,1,1,31.0,0.31,0,13.06729,80.386317,7,0,17.71,0
COMP-SLA-12111,Water Complaint - COMP-SLA-12111,Minor leak near public water standpost,water,DEPT_WATER,2025-06-17T08:15:00,8,1,6,0,1,6.0,LOW,0.7,0.1,0.1,0.1,1,4,44.37,0.4437,0,13.163797,80.307051,6,0,0.64,0
COMP-SLA-11098,Infrastructure Complaint - COMP-SLA-11098,Pedestrian footbridge concrete pillar showing structural cracks,infrastructure,DEPT_WORKS,2025-05-02T18:00:00,18,4,5,0,1,6.0,CRITICAL,0.1,0.1,0.1,0.7,1,1,10.39,0.1039,0,13.079192,80.194953,7,0,0.87,0
COMP-SLA-12250,Garbage Complaint - COMP-SLA-12250,Uncollected garbage pile attracting stray animals near hospital gate,garbage,DEPT_SANITATION,2025-02-09T11:43:00,11,6,2,1,0,3.0,CRITICAL,0.1,0.1,0.1,0.7,5,25,94.11,0.9411,1,13.147287,80.414031,9,1,14.47,1
COMP-SLA-10049,Other Complaint - COMP-SLA-10049,Unauthorized hawker encroachment blocking shop entrance,other,DEPT_GENERAL,2025-04-27T13:56:00,13,6,4,1,0,12.0,MEDIUM,0.1,0.7,0.1,0.1,2,8,66.15,0.6615,1,13.12163,80.179031,6,1,19.02,1
COMP-SLA-11583,Roads Complaint - COMP-SLA-11583,Road cave-in reported on highway access lane,roads,DEPT_ROADS,2025-04-20T17:36:00,17,6,4,1,0,12.0,MEDIUM,0.1,0.7,0.1,0.1,1,1,0.05,0.0005,0,13.009244,80.395521,7,0,13.22,1
COMP-SLA-10922,Streetlights Complaint - COMP-SLA-10922,Entire street light network down making dark alley unsafe at night,streetlights,DEPT_ELECTRICITY,2025-01-23T09:53:00,9,3,1,0,1,1.0,CRITICAL,0.1,0.1,0.1,0.7,1,4,83.1,0.831,1,13.134619,80.285324,11,0,8.2,1
COMP-SLA-13852,Drainage Complaint - COMP-SLA-13852,Slow drainage runoff on commercial market road,drainage,DEPT_DRAINAGE,2025-06-07T05:17:00,5,5,6,1,0,6.0,MEDIUM,0.1,0.7,0.1,0.1,1,2,93.57,0.9357,1,13.224259,80.301921,7,0,18.1,1
COMP-SLA-10757,Roads Complaint - COMP-SLA-10757,Road cave-in reported on highway access lane,roads,DEPT_ROADS,2025-06-01T03:53:00,3,6,6,1,0,6.0,HIGH,0.1,0.1,0.7,0.1,1,6,43.72,0.4372,0,13.029762,80.129362,7,0,14.66,1
COMP-SLA-11554,Other Complaint - COMP-SLA-11554,Noise pollution from unauthorized loudspeaker after midnight,other,DEPT_GENERAL,2025-02-01T03:15:00,3,5,2,1,0,6.0,HIGH,0.1,0.1,0.7,0.1,1,2,43.65,0.4365,0,13.186315,80.186992,7,0,21.97,1
COMP-SLA-13779,Infrastructure Complaint - COMP-SLA-13779,Collapsed public park boundary wall blocking walkway,infrastructure,DEPT_WORKS,2025-01-09T01:50:00,1,3,1,0,0,6.0,CRITICAL,0.1,0.1,0.1,0.7,5,20,69.31,0.6931,1,13.016034,80.298076,7,2,27.9,1
COMP-SLA-12995,Infrastructure Complaint - COMP-SLA-12995,Minor paint peeling on government office gate,infrastructure,DEPT_WORKS,2025-04-14T14:29:00,14,0,4,0,1,24.0,MEDIUM,0.1,0.7,0.1,0.1,1,4,5.76,0.0576,0,13.192401,80.251375,7,0,2.37,0
COMP-SLA-13750,Streetlights Complaint - COMP-SLA-13750,Entire street light network down making dark alley unsafe at night,streetlights,DEPT_ELECTRICITY,2025-06-28T16:24:00,16,5,6,1,0,1.0,CRITICAL,0.1,0.1,0.1,0.7,8,24,74.79,0.7479,1,13.219624,80.291475,11,0,15.1,1
COMP-SLA-11980,Infrastructure Complaint - COMP-SLA-11980,Minor paint peeling on government office gate,infrastructure,DEPT_WORKS,2025-01-31T00:16:00,0,4,1,0,0,36.0,LOW,0.7,0.1,0.1,0.1,1,3,51.42,0.5142,0,13.007082,80.410308,7,0,51.16,1
COMP-SLA-12537,Garbage Complaint - COMP-SLA-12537,Overflowing community dump bin spilling onto main road,garbage,DEPT_SANITATION,2025-03-10T19:37:00,19,0,3,0,0,6.0,HIGH,0.1,0.1,0.7,0.1,5,20,93.91,0.9391,1,13.095965,80.142411,8,1,29.27,1
COMP-SLA-12453,Garbage Complaint - COMP-SLA-12453,Overflowing community dump bin spilling onto main road,garbage,DEPT_SANITATION,2025-01-06T18:06:00,18,0,1,0,1,6.0,HIGH,0.1,0.1,0.7,0.1,1,5,6.2,0.062,0,13.008109,80.418173,8,1,3.43,0
COMP-SLA-10837,Water Complaint - COMP-SLA-10837,Main pipeline burst wasting thousands of liters of clean water,water,DEPT_WATER,2025-03-22T22:04:00,22,5,3,1,0,1.0,CRITICAL,0.1,0.1,0.1,0.7,1,3,76.23,0.7623,1,13.167494,80.139301,10,1,16.42,1
COMP-SLA-11739,Garbage Complaint - COMP-SLA-11739,Illegal dumping of commercial debris in public park,garbage,DEPT_SANITATION,2025-02-13T18:34:00,18,3,2,0,1,6.0,HIGH,0.1,0.1,0.7,0.1,5,25,74.52,0.7452,1,13.034741,80.369624,8,0,10.58,1
COMP-SLA-12632,Other Complaint - COMP-SLA-12632,General inquiry regarding municipal service timing,other,DEPT_GENERAL,2025-02-27T01:17:00,1,3,2,0,0,12.0,MEDIUM,0.1,0.7,0.1,0.1,1,4,57.48,0.5748,0,12.938777,80.369142,6,0,16.06,1
COMP-SLA-13811,Garbage Complaint - COMP-SLA-13811,Overflowing community dump bin spilling onto main road,garbage,DEPT_SANITATION,2025-02-02T10:15:00,10,6,2,1,0,3.0,CRITICAL,0.1,0.1,0.1,0.7,1,2,26.27,0.2627,0,13.134779,80.148103,8,1,7.01,1
COMP-SLA-11502,Water Complaint - COMP-SLA-11502,Low water pressure in residential high-rise complex,water,DEPT_WATER,2025-03-11T00:44:00,0,1,3,0,0,2.0,HIGH,0.1,0.1,0.7,0.1,1,1,65.72,0.6572,1,13.101669,80.139685,7,0,13.15,1
COMP-SLA-13008,Streetlights Complaint - COMP-SLA-13008,Live high-voltage electric wire hanging dangerously low near school,streetlights,DEPT_ELECTRICITY,2025-03-03T11:07:00,11,0,3,0,1,1.0,CRITICAL,0.1,0.1,0.1,0.7,1,6,16.38,0.1638,0,12.971705,80.299822,9,2,0.2,0
COMP-SLA-11559,Streetlights Complaint - COMP-SLA-11559,Flickering streetlight fixture on main road,streetlights,DEPT_ELECTRICITY,2025-03-05T22:18:00,22,2,3,0,0,2.0,HIGH,0.1,0.1,0.7,0.1,1,6,83.38,0.8338,1,13.202236,80.234533,6,0,19.38,1
COMP-SLA-11071,Other Complaint - COMP-SLA-11071,Noise pollution from unauthorized loudspeaker after midnight,other,DEPT_GENERAL,2025-02-17T11:15:00,11,0,2,0,1,6.0,HIGH,0.1,0.1,0.7,0.1,1,3,35.34,0.3534,0,12.954492,80.317786,7,0,1.48,0
COMP-SLA-13976,Other Complaint - COMP-SLA-13976,Unsanitary public toilet conditions in central market,other,DEPT_GENERAL,2025-05-05T12:13:00,12,0,5,0,1,6.0,HIGH,0.1,0.1,0.7,0.1,1,5,8.6,0.086,0,13.224608,80.346644,7,0,9.85,1
COMP-SLA-11685,Streetlights Complaint - COMP-SLA-11685,Entire street light network down making dark alley unsafe at night,streetlights,DEPT_ELECTRICITY,2025-03-21T08:05:00,8,4,3,0,1,2.0,HIGH,0.1,0.1,0.7,0.1,1,6,37.07,0.3707,0,13.07129,80.132934,11,0,0.2,0
COMP-SLA-12158,Drainage Complaint - COMP-SLA-12158,Foul stench and black water coming from open drainage pipe,drainage,DEPT_DRAINAGE,2025-03-09T10:51:00,10,6,3,1,0,3.0,HIGH,0.1,0.1,0.7,0.1,2,8,87.97,0.8797,1,12.962364,80.200463,10,0,15.46,1
COMP-SLA-12830,Drainage Complaint - COMP-SLA-12830,Foul stench and black water coming from open drainage pipe,drainage,DEPT_DRAINAGE,2025-06-08T17:39:00,17,6,6,1,0,6.0,MEDIUM,0.1,0.7,0.1,0.1,1,3,44.41,0.4441,0,13.144704,80.389876,10,0,7.23,1
COMP-SLA-13895,Garbage Complaint - COMP-SLA-13895,Illegal dumping of commercial debris in public park,garbage,DEPT_SANITATION,2025-03-03T19:04:00,19,0,3,0,0,12.0,MEDIUM,0.1,0.7,0.1,0.1,2,4,62.84,0.6284,1,13.098622,80.286557,8,0,25.87,1
COMP-SLA-12785,Infrastructure Complaint - COMP-SLA-12785,Pedestrian footbridge concrete pillar showing structural cracks,infrastructure,DEPT_WORKS,2025-05-11T18:45:00,18,6,5,1,0,6.0,CRITICAL,0.1,0.1,0.1,0.7,1,1,45.8,0.458,0,13.024577,80.266528,7,0,12.5,1
COMP-SLA-13266,Water Complaint - COMP-SLA-13266,Low water pressure in residential high-rise complex,water,DEPT_WATER,2025-01-20T10:44:00,10,0,1,0,1,2.0,HIGH,0.1,0.1,0.7,0.1,1,5,81.87,0.8187,1,13.197301,80.224715,7,0,4.51,1
COMP-SLA-12544,Garbage Complaint - COMP-SLA-12544,Illegal dumping of commercial debris in public park,garbage,DEPT_SANITATION,2025-01-17T23:46:00,23,4,1,0,0,6.0,HIGH,0.1,0.1,0.7,0.1,1,3,74.27,0.7427,1,13.226331,80.370223,8,0,20.78,1
COMP-SLA-11861,Infrastructure Complaint - COMP-SLA-11861,Damaged bus shelter roof leaning precariously,infrastructure,DEPT_WORKS,2025-01-08T18:26:00,18,2,1,0,1,12.0,HIGH,0.1,0.1,0.7,0.1,2,12,71.78,0.7178,1,13.053319,80.139654,6,0,14.98,1
COMP-SLA-11546,Infrastructure Complaint - COMP-SLA-11546,Damaged bus shelter roof leaning precariously,infrastructure,DEPT_WORKS,2025-06-15T15:23:00,15,6,6,1,0,24.0,MEDIUM,0.1,0.7,0.1,0.1,1,5,25.72,0.2572,0,13.00639,80.266003,6,0,19.69,0
COMP-SLA-13337,Streetlights Complaint - COMP-SLA-13337,Live high-voltage electric wire hanging dangerously low near school,streetlights,DEPT_ELECTRICITY,2025-02-23T12:51:00,12,6,2,1,0,1.0,CRITICAL,0.1,0.1,0.1,0.7,8,8,62.52,0.6252,1,13.091813,80.281224,9,2,22.76,1
COMP-SLA-12409,Roads Complaint - COMP-SLA-12409,Massive pothole causing severe traffic delay near main intersection,roads,DEPT_ROADS,2025-05-01T20:02:00,20,3,5,0,0,6.0,HIGH,0.1,0.1,0.7,0.1,1,1,81.07,0.8107,1,13.225937,80.327118,9,0,30.86,1
COMP-SLA-12447,Water Complaint - COMP-SLA-12447,Main pipeline burst wasting thousands of liters of clean water,water,DEPT_WATER,2025-06-25T14:03:00,14,2,6,0,1,1.0,CRITICAL,0.1,0.1,0.1,0.7,5,20,94.41,0.9441,1,13.164299,80.411871,10,1,11.5,1
COMP-SLA-12821,Other Complaint - COMP-SLA-12821,Noise pollution from unauthorized loudspeaker after midnight,other,DEPT_GENERAL,2025-05-29T17:29:00,17,3,5,0,1,6.0,HIGH,0.1,0.1,0.7,0.1,3,18,69.29,0.6929,1,12.973383,80.20397,7,0,16.61,1
COMP-SLA-13538,Garbage Complaint - COMP-SLA-13538,Illegal dumping of commercial debris in public park,garbage,DEPT_SANITATION,2025-03-04T01:59:00,1,1,3,0,0,12.0,MEDIUM,0.1,0.7,0.1,0.1,8,40,69.15,0.6915,1,13.086691,80.293256,8,0,18.76,1
COMP-SLA-11815,Drainage Complaint - COMP-SLA-11815,Overflowing sewage line flooding residential street and homes,drainage,DEPT_DRAINAGE,2025-04-20T18:01:00,18,6,4,1,0,1.5,CRITICAL,0.1,0.1,0.1,0.7,3,18,81.7,0.817,1,13.056402,80.159696,8,2,16.18,1
COMP-SLA-11833,Infrastructure Complaint - COMP-SLA-11833,Minor paint peeling on government office gate,infrastructure,DEPT_WORKS,2025-06-15T19:52:00,19,6,6,1,0,24.0,MEDIUM,0.1,0.7,0.1,0.1,3,12,74.42,0.7442,1,13.081772,80.394473,7,0,30.95,1
COMP-SLA-13358,Streetlights Complaint - COMP-SLA-13358,Entire street light network down making dark alley unsafe at night,streetlights,DEPT_ELECTRICITY,2025-01-25T05:05:00,5,5,1,1,0,1.0,CRITICAL,0.1,0.1,0.1,0.7,1,1,52.72,0.5272,0,13.157989,80.338822,11,0,9.84,1
COMP-SLA-13858,Roads Complaint - COMP-SLA-13858,Deep crater formed after rains near public school gate,roads,DEPT_ROADS,2025-02-25T02:59:00,2,1,2,0,0,12.0,MEDIUM,0.1,0.7,0.1,0.1,1,6,37.52,0.3752,0,12.991154,80.364807,9,2,12.89,1
COMP-SLA-13392,Water Complaint - COMP-SLA-13392,No water supply for last 48 hours in entire neighborhood block,water,DEPT_WATER,2025-01-20T15:03:00,15,0,1,0,1,4.0,MEDIUM,0.1,0.7,0.1,0.1,1,6,5.09,0.0509,0,13.086764,80.18586,11,0,6.39,1
COMP-SLA-13655,Roads Complaint - COMP-SLA-13655,Road cave-in reported on highway access lane,roads,DEPT_ROADS,2025-05-29T03:18:00,3,3,5,0,0,12.0,MEDIUM,0.1,0.7,0.1,0.1,1,1,14.61,0.1461,0,13.189116,80.244356,7,0,12.55,1
COMP-SLA-11451,Drainage Complaint - COMP-SLA-11451,Slow drainage runoff on commercial market road,drainage,DEPT_DRAINAGE,2025-03-19T12:12:00,12,2,3,0,1,9.0,LOW,0.7,0.1,0.1,0.1,1,6,3.42,0.0342,0,13.20406,80.234705,7,0,4.33,0
COMP-SLA-10868,Other Complaint - COMP-SLA-10868,General inquiry regarding municipal service timing,other,DEPT_GENERAL,2025-02-05T04:21:00,4,2,2,0,0,18.0,LOW,0.7,0.1,0.1,0.1,3,12,86.81,0.8681,1,13.103157,80.360444,6,0,19.56,1
COMP-SLA-10927,Garbage Complaint - COMP-SLA-10927,Overflowing community dump bin spilling onto main road,garbage,DEPT_SANITATION,2025-05-27T11:08:00,11,1,5,0,1,6.0,HIGH,0.1,0.1,0.7,0.1,1,1,54.81,0.5481,0,13.188699,80.406921,8,1,1.31,0
COMP-SLA-11741,Streetlights Complaint - COMP-SLA-11741,Entire street light network down making dark alley unsafe at night,streetlights,DEPT_ELECTRICITY,2025-01-06T15:50:00,15,0,1,0,1,1.0,CRITICAL,0.1,0.1,0.1,0.7,2,12,60.48,0.6048,1,13.143546,80.28408,11,0,8.79,1
COMP-SLA-10998,Water Complaint - COMP-SLA-10998,No water supply for last 48 hours in entire neighborhood block,water,DEPT_WATER,2025-05-03T02:31:00,2,5,5,1,0,4.0,MEDIUM,0.1,0.7,0.1,0.1,1,5,81.92,0.8192,1,12.987154,80.176208,11,0,15.69,1
COMP-SLA-11338,Roads Complaint - COMP-SLA-11338,Road cave-in reported on highway access lane,roads,DEPT_ROADS,2025-04-07T00:28:00,0,0,4,0,0,12.0,MEDIUM,0.1,0.7,0.1,0.1,1,1,19.82,0.1982,0,13.19296,80.376956,7,0,18.05,1
COMP-SLA-13265,Garbage Complaint - COMP-SLA-13265,Minor littering near bus shelter,garbage,DEPT_SANITATION,2025-05-06T17:54:00,17,1,5,0,1,18.0,LOW,0.7,0.1,0.1,0.1,1,1,51.26,0.5126,0,12.988502,80.391924,5,0,19.83,1
COMP-SLA-11100,Roads Complaint - COMP-SLA-11100,Deep crater formed after rains near public school gate,roads,DEPT_ROADS,2025-05-06T23:22:00,23,1,5,0,0,6.0,HIGH,0.1,0.1,0.7,0.1,1,3,46.22,0.4622,0,13.229638,80.197902,9,2,10.4,1
COMP-SLA-11133,Infrastructure Complaint - COMP-SLA-11133,Collapsed public park boundary wall blocking walkway,infrastructure,DEPT_WORKS,2025-02-20T08:31:00,8,3,2,0,1,12.0,HIGH,0.1,0.1,0.7,0.1,1,2,19.11,0.1911,0,13.063954,80.206527,7,2,0.71,0
COMP-SLA-11567,Infrastructure Complaint - COMP-SLA-11567,Collapsed public park boundary wall blocking walkway,infrastructure,DEPT_WORKS,2025-01-03T10:54:00,10,4,1,0,1,12.0,HIGH,0.1,0.1,0.7,0.1,3,15,77.26,0.7726,1,12.984238,80.202401,7,2,16.62,1
COMP-SLA-11794,Drainage Complaint - COMP-SLA-11794,Open manhole cover on main sidewalk presents fatal hazard,drainage,DEPT_DRAINAGE,2025-02-05T18:35:00,18,2,2,0,1,3.0,HIGH,0.1,0.1,0.7,0.1,1,1,12.41,0.1241,0,13.216441,80.276383,9,2,2.39,0
COMP-SLA-10211,Roads Complaint - COMP-SLA-10211,Road cave-in reported on highway access lane,roads,DEPT_ROADS,2025-02-17T00:47:00,0,0,2,0,0,6.0,HIGH,0.1,0.1,0.7,0.1,1,2,64.07,0.6407,1,13.033834,80.209207,7,0,19.28,1
COMP-SLA-13042,Water Complaint - COMP-SLA-13042,No water supply for last 48 hours in entire neighborhood block,water,DEPT_WATER,2025-02-28T15:26:00,15,4,2,0,1,2.0,HIGH,0.1,0.1,0.7,0.1,1,6,38.52,0.3852,0,12.970933,80.384394,11,0,4.94,1
COMP-SLA-12982,Other Complaint - COMP-SLA-12982,Unauthorized hawker encroachment blocking shop entrance,other,DEPT_GENERAL,2025-02-28T09:08:00,9,4,2,0,1,12.0,MEDIUM,0.1,0.7,0.1,0.1,1,5,10.88,0.1088,0,13.033588,80.319301,6,1,2.25,0
COMP-SLA-10060,Water Complaint - COMP-SLA-10060,Low water pressure in residential high-rise complex,water,DEPT_WATER,2025-04-18T08:53:00,8,4,4,0,1,2.0,HIGH,0.1,0.1,0.7,0.1,1,3,51.24,0.5124,0,12.957272,80.126515,7,0,0.55,0
COMP-SLA-11212,Roads Complaint - COMP-SLA-11212,Road surface cracked and unpaved causing risk for two-wheelers,roads,DEPT_ROADS,2025-04-05T15:36:00,15,5,4,1,0,3.0,CRITICAL,0.1,0.1,0.1,0.7,1,6,13.66,0.1366,0,12.965385,80.213883,9,0,15.02,1
COMP-SLA-12685,Water Complaint - COMP-SLA-12685,Low water pressure in residential high-rise complex,water,DEPT_WATER,2025-05-20T11:15:00,11,1,5,0,1,4.0,MEDIUM,0.1,0.7,0.1,0.1,1,6,23.51,0.2351,0,13.042124,80.192525,7,0,1.15,0
COMP-SLA-11622,Streetlights Complaint - COMP-SLA-11622,Flickering streetlight fixture on main road,streetlights,DEPT_ELECTRICITY,2025-04-10T10:41:00,10,3,4,0,1,2.0,HIGH,0.1,0.1,0.7,0.1,1,2,3.46,0.0346,0,13.043361,80.390691,6,0,0.2,0
COMP-SLA-14142,Streetlights Complaint - COMP-SLA-14142,Sparking electrical transformer near residential area,streetlights,DEPT_ELECTRICITY,2025-04-05T13:43:00,13,5,4,1,0,2.0,HIGH,0.1,0.1,0.7,0.1,8,32,82.81,0.8281,1,13.038885,80.33533,6,1,17.5,1
COMP-SLA-11399,Infrastructure Complaint - COMP-SLA-11399,Pedestrian footbridge concrete pillar showing structural cracks,infrastructure,DEPT_WORKS,2025-01-23T03:25:00,3,3,1,0,0,6.0,CRITICAL,0.1,0.1,0.1,0.7,1,4,36.81,0.3681,0,13.104901,80.405409,7,0,11.85,1
COMP-SLA-10766,Garbage Complaint - COMP-SLA-10766,Illegal dumping of commercial debris in public park,garbage,DEPT_SANITATION,2025-05-14T13:18:00,13,2,5,0,1,12.0,MEDIUM,0.1,0.7,0.1,0.1,3,3,87.14,0.8714,1,13.103261,80.285998,8,0,12.15,1
COMP-SLA-12553,Streetlights Complaint - COMP-SLA-12553,Flickering streetlight fixture on main road,streetlights,DEPT_ELECTRICITY,2025-04-15T20:35:00,20,1,4,0,0,4.0,MEDIUM,0.1,0.7,0.1,0.1,8,40,82.05,0.8205,1,13.128209,80.12139,6,0,22.89,1
COMP-SLA-11420,Infrastructure Complaint - COMP-SLA-11420,Collapsed public park boundary wall blocking walkway,infrastructure,DEPT_WORKS,2025-02-12T23:16:00,23,2,2,0,0,6.0,CRITICAL,0.1,0.1,0.1,0.7,1,5,66.03,0.6603,1,13.219295,80.335207,7,2,25.41,1
COMP-SLA-11079,Roads Complaint - COMP-SLA-11079,Road cave-in reported on highway access lane,roads,DEPT_ROADS,2025-06-14T03:53:00,3,5,6,1,0,6.0,HIGH,0.1,0.1,0.7,0.1,1,1,2.78,0.0278,0,13.044872,80.306093,7,0,13.29,1
COMP-SLA-11403,Garbage Complaint - COMP-SLA-11403,Minor littering near bus shelter,garbage,DEPT_SANITATION,2025-01-02T10:24:00,10,3,1,0,1,18.0,LOW,0.7,0.1,0.1,0.1,1,3,53.97,0.5397,0,13.024579,80.360711,5,0,0.47,0
COMP-SLA-12652,Infrastructure Complaint - COMP-SLA-12652,Pedestrian footbridge concrete pillar showing structural cracks,infrastructure,DEPT_WORKS,2025-02-06T08:27:00,8,3,2,0,1,12.0,HIGH,0.1,0.1,0.7,0.1,1,4,47.71,0.4771,0,13.036074,80.318312,7,0,3.86,0
COMP-SLA-12814,Other Complaint - COMP-SLA-12814,Noise pollution from unauthorized loudspeaker after midnight,other,DEPT_GENERAL,2025-05-09T07:21:00,7,4,5,0,0,6.0,HIGH,0.1,0.1,0.7,0.1,1,6,77.93,0.7793,1,13.141153,80.391842,7,0,16.24,1
COMP-SLA-11727,Streetlights Complaint - COMP-SLA-11727,Flickering streetlight fixture on main road,streetlights,DEPT_ELECTRICITY,2025-01-13T23:23:00,23,0,1,0,0,4.0,MEDIUM,0.1,0.7,0.1,0.1,1,4,1.6,0.016,0,12.998853,80.20464,6,0,10.4,1
COMP-SLA-12234,Roads Complaint - COMP-SLA-12234,Deep crater formed after rains near public school gate,roads,DEPT_ROADS,2025-01-22T15:26:00,15,2,1,0,1,6.0,HIGH,0.1,0.1,0.7,0.1,1,1,30.2,0.302,0,13.093127,80.169655,9,2,8.03,1
COMP-SLA-10583,Drainage Complaint - COMP-SLA-10583,Overflowing sewage line flooding residential street and homes,drainage,DEPT_DRAINAGE,2025-05-19T11:35:00,11,0,5,0,1,3.0,HIGH,0.1,0.1,0.7,0.1,1,5,66.91,0.6691,1,13.028245,80.163167,8,2,4.89,1
COMP-SLA-13179,Roads Complaint - COMP-SLA-13179,Road cave-in reported on highway access lane,roads,DEPT_ROADS,2025-02-06T14:55:00,14,3,2,0,1,6.0,HIGH,0.1,0.1,0.7,0.1,1,4,64.87,0.6487,1,13.007734,80.350816,7,0,9.07,1
COMP-SLA-11508,Garbage Complaint - COMP-SLA-11508,Illegal dumping of commercial debris in public park,garbage,DEPT_SANITATION,2025-06-22T15:43:00,15,6,6,1,0,12.0,MEDIUM,0.1,0.7,0.1,0.1,1,5,41.01,0.4101,0,13.095381,80.228799,8,0,12.94,1
COMP-SLA-12429,Other Complaint - COMP-SLA-12429,Unauthorized hawker encroachment blocking shop entrance,other,DEPT_GENERAL,2025-01-13T10:59:00,10,0,1,0,1,6.0,HIGH,0.1,0.1,0.7,0.1,1,4,3.95,0.0395,0,13.17648,80.238711,6,1,1.58,0
COMP-SLA-10941,Garbage Complaint - COMP-SLA-10941,Uncollected garbage pile attracting stray animals near hospital gate,garbage,DEPT_SANITATION,2025-06-14T21:58:00,21,5,6,1,0,3.0,CRITICAL,0.1,0.1,0.1,0.7,1,5,54.43,0.5443,0,13.085625,80.127608,9,1,9.47,1
COMP-SLA-11081,Garbage Complaint - COMP-SLA-11081,Minor littering near bus shelter,garbage,DEPT_SANITATION,2025-06-26T01:16:00,1,3,6,0,0,18.0,LOW,0.7,0.1,0.1,0.1,1,3,4.56,0.0456,0,13.197696,80.133623,5,0,24.2,1
COMP-SLA-10188,Infrastructure Complaint - COMP-SLA-10188,Collapsed public park boundary wall blocking walkway,infrastructure,DEPT_WORKS,2025-05-28T23:20:00,23,2,5,0,0,6.0,CRITICAL,0.1,0.1,0.1,0.7,2,8,94.62,0.9462,1,12.98965,80.168503,7,2,21.18,1
COMP-SLA-10942,Water Complaint - COMP-SLA-10942,Main pipeline burst wasting thousands of liters of clean water,water,DEPT_WATER,2025-04-09T15:41:00,15,2,4,0,1,2.0,HIGH,0.1,0.1,0.7,0.1,1,3,11.9,0.119,0,13.143521,80.210209,10,1,1.13,0
COMP-SLA-12502,Garbage Complaint - COMP-SLA-12502,Foul smell from uncleared waste bin near apartment entrance,garbage,DEPT_SANITATION,2025-02-26T20:30:00,20,2,2,0,0,12.0,MEDIUM,0.1,0.7,0.1,0.1,1,2,89.85,0.8985,1,12.968414,80.308102,9,0,28.35,1
COMP-SLA-12943,Garbage Complaint - COMP-SLA-12943,Overflowing community dump bin spilling onto main road,garbage,DEPT_SANITATION,2025-06-19T18:30:00,18,3,6,0,1,3.0,CRITICAL,0.1,0.1,0.1,0.7,1,3,33.3,0.333,0,13.014334,80.254182,8,1,0.74,0
COMP-SLA-11654,Drainage Complaint - COMP-SLA-11654,Slow drainage runoff on commercial market road,drainage,DEPT_DRAINAGE,2025-02-04T07:47:00,7,1,2,0,0,6.0,MEDIUM,0.1,0.7,0.1,0.1,1,1,3.48,0.0348,0,12.99706,80.231963,7,0,15.06,1
COMP-SLA-14106,Water Complaint - COMP-SLA-14106,Low water pressure in residential high-rise complex,water,DEPT_WATER,2025-06-20T15:58:00,15,4,6,0,1,4.0,MEDIUM,0.1,0.7,0.1,0.1,1,5,66.58,0.6658,1,12.952778,80.138651,7,0,9.52,1
COMP-SLA-11750,Other Complaint - COMP-SLA-11750,Unauthorized hawker encroachment blocking shop entrance,other,DEPT_GENERAL,2025-04-02T05:15:00,5,2,4,0,0,12.0,MEDIUM,0.1,0.7,0.1,0.1,1,2,37.1,0.371,0,13.201259,80.241196,6,1,10.63,0
COMP-SLA-11984,Garbage Complaint - COMP-SLA-11984,Illegal dumping of commercial debris in public park,garbage,DEPT_SANITATION,2025-03-18T20:02:00,20,1,3,0,0,6.0,HIGH,0.1,0.1,0.7,0.1,5,15,93.07,0.9307,1,13.064993,80.250146,8,0,17.85,1
COMP-SLA-10227,Garbage Complaint - COMP-SLA-10227,Minor littering near bus shelter,garbage,DEPT_SANITATION,2025-01-15T04:32:00,4,2,1,0,0,18.0,LOW,0.7,0.1,0.1,0.1,3,9,87.06,0.8706,1,13.230745,80.190948,5,0,61.93,1
COMP-SLA-11887,Water Complaint - COMP-SLA-11887,Main pipeline burst wasting thousands of liters of clean water,water,DEPT_WATER,2025-04-23T12:48:00,12,2,4,0,1,1.0,CRITICAL,0.1,0.1,0.1,0.7,5,30,61.28,0.6128,1,12.994584,80.320049,10,1,4.68,1
COMP-SLA-10536,Water Complaint - COMP-SLA-10536,Contaminated muddy water coming from municipal tap supply,water,DEPT_WATER,2025-03-15T00:21:00,0,5,3,1,0,2.0,HIGH,0.1,0.1,0.7,0.1,1,1,42.76,0.4276,0,13.140839,80.154083,8,0,11.37,1
COMP-SLA-13023,Infrastructure Complaint - COMP-SLA-13023,Collapsed public park boundary wall blocking walkway,infrastructure,DEPT_WORKS,2025-02-07T21:10:00,21,4,2,0,0,12.0,HIGH,0.1,0.1,0.7,0.1,1,6,0.34,0.0034,0,13.151887,80.317525,7,2,22.59,1
COMP-SLA-13480,Roads Complaint - COMP-SLA-13480,Road cave-in reported on highway access lane,roads,DEPT_ROADS,2025-05-29T11:59:00,11,3,5,0,1,6.0,HIGH,0.1,0.1,0.7,0.1,1,6,52.49,0.5249,0,13.041129,80.41616,7,0,2.16,0
COMP-SLA-14175,Garbage Complaint - COMP-SLA-14175,Illegal dumping of commercial debris in public park,garbage,DEPT_SANITATION,2025-05-25T22:25:00,22,6,5,1,0,12.0,MEDIUM,0.1,0.7,0.1,0.1,8,8,74.53,0.7453,1,13.066291,80.31044,8,0,33.91,1
COMP-SLA-10698,Streetlights Complaint - COMP-SLA-10698,Sparking electrical transformer near residential area,streetlights,DEPT_ELECTRICITY,2025-04-19T06:32:00,6,5,4,1,0,2.0,HIGH,0.1,0.1,0.7,0.1,1,4,93.54,0.9354,1,13.000966,80.154554,6,1,9.14,1
COMP-SLA-11790,Streetlights Complaint - COMP-SLA-11790,Single street lamp bulb burnt out on quiet street,streetlights,DEPT_ELECTRICITY,2025-03-23T17:19:00,17,6,3,1,0,6.0,LOW,0.7,0.1,0.1,0.1,2,12,68.85,0.6885,1,13.012733,80.157347,9,0,19.46,1
COMP-SLA-11558,Water Complaint - COMP-SLA-11558,Minor leak near public water standpost,water,DEPT_WATER,2025-04-06T04:45:00,4,6,4,1,0,6.0,LOW,0.7,0.1,0.1,0.1,1,4,64.91,0.6491,1,12.955907,80.371782,6,0,12.18,1
COMP-SLA-11906,Drainage Complaint - COMP-SLA-11906,Foul stench and black water coming from open drainage pipe,drainage,DEPT_DRAINAGE,2025-01-09T00:12:00,0,3,1,0,0,6.0,MEDIUM,0.1,0.7,0.1,0.1,1,4,43.42,0.4342,0,13.152701,80.419076,10,0,14.11,1
COMP-SLA-12067,Drainage Complaint - COMP-SLA-12067,Overflowing sewage line flooding residential street and homes,drainage,DEPT_DRAINAGE,2025-06-21T13:50:00,13,5,6,1,0,3.0,HIGH,0.1,0.1,0.7,0.1,1,4,1.02,0.0102,0,13.069588,80.400544,8,2,5.89,1
COMP-SLA-13918,Streetlights Complaint - COMP-SLA-13918,Flickering streetlight fixture on main road,streetlights,DEPT_ELECTRICITY,2025-06-14T15:14:00,15,5,6,1,0,4.0,MEDIUM,0.1,0.7,0.1,0.1,3,12,67.03,0.6703,1,13.185357,80.171574,6,0,13.74,1
COMP-SLA-14021,Garbage Complaint - COMP-SLA-14021,Overflowing community dump bin spilling onto main road,garbage,DEPT_SANITATION,2025-05-16T03:32:00,3,4,5,0,0,6.0,HIGH,0.1,0.1,0.7,0.1,3,18,65.61,0.6561,1,12.991666,80.192345,8,1,14.01,1
COMP-SLA-14065,Streetlights Complaint - COMP-SLA-14065,Flickering streetlight fixture on main road,streetlights,DEPT_ELECTRICITY,2025-03-07T14:36:00,14,4,3,0,1,4.0,MEDIUM,0.1,0.7,0.1,0.1,1,2,69.88,0.6988,1,13.160807,80.22775,6,0,11.0,1
COMP-SLA-11038,Drainage Complaint - COMP-SLA-11038,Foul stench and black water coming from open drainage pipe,drainage,DEPT_DRAINAGE,2025-06-03T12:03:00,12,1,6,0,1,6.0,MEDIUM,0.1,0.7,0.1,0.1,1,4,40.86,0.4086,0,13.213638,80.229148,10,0,5.42,0
COMP-SLA-10209,Infrastructure Complaint - COMP-SLA-10209,Damaged bus shelter roof leaning precariously,infrastructure,DEPT_WORKS,2025-01-03T09:36:00,9,4,1,0,1,24.0,MEDIUM,0.1,0.7,0.1,0.1,1,4,31.83,0.3183,0,13.113535,80.399236,6,0,0.2,0
COMP-SLA-11731,Drainage Complaint - COMP-SLA-11731,Slow drainage runoff on commercial market road,drainage,DEPT_DRAINAGE,2025-01-18T06:12:00,6,5,1,1,0,6.0,MEDIUM,0.1,0.7,0.1,0.1,1,3,89.04,0.8904,1,12.9935,80.190334,7,0,15.71,1
COMP-SLA-10566,Infrastructure Complaint - COMP-SLA-10566,Broken railing on canal overbridge,infrastructure,DEPT_WORKS,2025-03-16T15:08:00,15,6,3,1,0,24.0,MEDIUM,0.1,0.7,0.1,0.1,1,4,31.27,0.3127,0,12.969307,80.378522,5,0,24.22,1
COMP-SLA-10314,Infrastructure Complaint - COMP-SLA-10314,Pedestrian footbridge concrete pillar showing structural cracks,infrastructure,DEPT_WORKS,2025-01-07T07:34:00,7,1,1,0,0,6.0,CRITICAL,0.1,0.1,0.1,0.7,1,1,83.33,0.8333,1,13.036627,80.372572,7,0,29.65,1
COMP-SLA-10602,Other Complaint - COMP-SLA-10602,Unauthorized hawker encroachment blocking shop entrance,other,DEPT_GENERAL,2025-04-09T11:14:00,11,2,4,0,1,6.0,HIGH,0.1,0.1,0.7,0.1,1,6,54.9,0.549,0,12.988437,80.302072,6,1,1.37,0
COMP-SLA-10234,Garbage Complaint - COMP-SLA-10234,Illegal dumping of commercial debris in public park,garbage,DEPT_SANITATION,2025-02-24T06:47:00,6,0,2,0,0,12.0,MEDIUM,0.1,0.7,0.1,0.1,1,2,45.5,0.455,0,12.967895,80.420572,8,0,16.65,1
COMP-SLA-12991,Drainage Complaint - COMP-SLA-12991,Slow drainage runoff on commercial market road,drainage,DEPT_DRAINAGE,2025-05-25T18:00:00,18,6,5,1,0,6.0,MEDIUM,0.1,0.7,0.1,0.1,3,12,72.04,0.7204,1,13.21222,80.222362,7,0,13.4,1
COMP-SLA-10932,Roads Complaint - COMP-SLA-10932,Massive pothole causing severe traffic delay near main intersection,roads,DEPT_ROADS,2025-02-09T22:13:00,22,6,2,1,0,3.0,CRITICAL,0.1,0.1,0.1,0.7,1,6,21.38,0.2138,0,13.187121,80.40103,9,0,8.31,1
COMP-SLA-13486,Other Complaint - COMP-SLA-13486,Unauthorized hawker encroachment blocking shop entrance,other,DEPT_GENERAL,2025-01-30T11:55:00,11,3,1,0,1,6.0,HIGH,0.1,0.1,0.7,0.1,1,5,7.79,0.0779,0,12.940971,80.148893,6,1,3.77,0
COMP-SLA-13500,Other Complaint - COMP-SLA-13500,Unsanitary public toilet conditions in central market,other,DEPT_GENERAL,2025-04-01T20:51:00,20,1,4,0,0,3.0,CRITICAL,0.1,0.1,0.1,0.7,1,3,42.12,0.4212,0,13.154183,80.203223,7,0,15.44,1
COMP-SLA-14080,Infrastructure Complaint - COMP-SLA-14080,Damaged bus shelter roof leaning precariously,infrastructure,DEPT_WORKS,2025-03-09T03:09:00,3,6,3,1,0,12.0,HIGH,0.1,0.1,0.7,0.1,1,4,0.15,0.0015,0,12.934704,80.152387,6,0,11.32,0
COMP-SLA-10112,Other Complaint - COMP-SLA-10112,Unsanitary public toilet conditions in central market,other,DEPT_GENERAL,2025-05-07T03:06:00,3,2,5,0,0,3.0,CRITICAL,0.1,0.1,0.1,0.7,1,3,36.92,0.3692,0,13.00314,80.281964,7,0,11.07,1
COMP-SLA-12543,Drainage Complaint - COMP-SLA-12543,Foul stench and black water coming from open drainage pipe,drainage,DEPT_DRAINAGE,2025-01-07T06:59:00,6,1,1,0,0,6.0,MEDIUM,0.1,0.7,0.1,0.1,1,1,77.36,0.7736,1,13.190194,80.358544,10,0,28.04,1
COMP-SLA-11090,Streetlights Complaint - COMP-SLA-11090,Single street lamp bulb burnt out on quiet street,streetlights,DEPT_ELECTRICITY,2025-04-01T08:07:00,8,1,4,0,1,4.0,MEDIUM,0.1,0.7,0.1,0.1,1,2,40.99,0.4099,0,13.210778,80.14592,9,0,0.74,0
COMP-SLA-14031,Infrastructure Complaint - COMP-SLA-14031,Minor paint peeling on government office gate,infrastructure,DEPT_WORKS,2025-01-27T03:52:00,3,0,1,0,0,24.0,MEDIUM,0.1,0.7,0.1,0.1,1,2,45.25,0.4525,0,12.966365,80.341444,7,0,30.56,1
COMP-SLA-10231,Other Complaint - COMP-SLA-10231,Unauthorized hawker encroachment blocking shop entrance,other,DEPT_GENERAL,2025-05-24T13:26:00,13,5,5,1,0,12.0,MEDIUM,0.1,0.7,0.1,0.1,1,2,23.07,0.2307,0,13.099886,80.160928,6,1,20.61,1
COMP-SLA-11481,Water Complaint - COMP-SLA-11481,Low water pressure in residential high-rise complex,water,DEPT_WATER,2025-04-05T14:49:00,14,5,4,1,0,4.0,MEDIUM,0.1,0.7,0.1,0.1,1,5,59.46,0.5946,0,13.205642,80.164984,7,0,10.34,1
COMP-SLA-12764,Infrastructure Complaint - COMP-SLA-12764,Pedestrian footbridge concrete pillar showing structural cracks,infrastructure,DEPT_WORKS,2025-03-27T01:45:00,1,3,3,0,0,6.0,CRITICAL,0.1,0.1,0.1,0.7,1,2,56.07,0.5607,0,13.031679,80.305364,7,0,15.67,1
COMP-SLA-13597,Infrastructure Complaint - COMP-SLA-13597,Pedestrian footbridge concrete pillar showing structural cracks,infrastructure,DEPT_WORKS,2025-03-20T17:32:00,17,3,3,0,1,6.0,CRITICAL,0.1,0.1,0.1,0.7,1,2,4.74,0.0474,0,12.942533,80.215519,7,0,1.1,0
COMP-SLA-10473,Water Complaint - COMP-SLA-10473,Contaminated muddy water coming from municipal tap supply,water,DEPT_WATER,2025-02-21T07:47:00,7,4,2,0,0,1.0,CRITICAL,0.1,0.1,0.1,0.7,1,2,21.77,0.2177,0,13.005317,80.200322,8,0,12.39,1
COMP-SLA-14018,Other Complaint - COMP-SLA-14018,Stray dog menace near elementary school playground,other,DEPT_GENERAL,2025-05-23T17:45:00,17,4,5,0,1,6.0,HIGH,0.1,0.1,0.7,0.1,1,4,44.48,0.4448,0,13.066997,80.246321,7,1,9.49,1
COMP-SLA-13453,Drainage Complaint - COMP-SLA-13453,Open manhole cover on main sidewalk presents fatal hazard,drainage,DEPT_DRAINAGE,2025-04-29T16:49:00,16,1,4,0,1,3.0,HIGH,0.1,0.1,0.7,0.1,5,15,77.02,0.7702,1,13.117666,80.36236,9,2,9.44,1
COMP-SLA-13618,Infrastructure Complaint - COMP-SLA-13618,Collapsed public park boundary wall blocking walkway,infrastructure,DEPT_WORKS,2025-03-14T23:33:00,23,4,3,0,0,6.0,CRITICAL,0.1,0.1,0.1,0.7,1,1,33.41,0.3341,0,13.167431,80.303643,7,2,16.79,1
COMP-SLA-12172,Drainage Complaint - COMP-SLA-12172,Open manhole cover on main sidewalk presents fatal hazard,drainage,DEPT_DRAINAGE,2025-06-18T04:53:00,4,2,6,0,0,6.0,MEDIUM,0.1,0.7,0.1,0.1,1,4,46.19,0.4619,0,13.085117,80.192695,9,2,4.58,0
COMP-SLA-11781,Garbage Complaint - COMP-SLA-11781,Overflowing community dump bin spilling onto main road,garbage,DEPT_SANITATION,2025-02-02T06:38:00,6,6,2,1,0,6.0,HIGH,0.1,0.1,0.7,0.1,1,3,0.67,0.0067,0,12.975664,80.37305,8,1,10.41,1
COMP-SLA-11551,Water Complaint - COMP-SLA-11551,Main pipeline burst wasting thousands of liters of clean water,water,DEPT_WATER,2025-01-29T10:39:00,10,2,1,0,1,2.0,HIGH,0.1,0.1,0.7,0.1,1,2,22.86,0.2286,0,13.148572,80.205956,10,1,4.23,1
COMP-SLA-13117,Drainage Complaint - COMP-SLA-13117,Overflowing sewage line flooding residential street and homes,drainage,DEPT_DRAINAGE,2025-05-16T03:07:00,3,4,5,0,0,1.5,CRITICAL,0.1,0.1,0.1,0.7,1,6,10.13,0.1013,0,13.212173,80.142865,8,2,13.0,1
COMP-SLA-13525,Water Complaint - COMP-SLA-13525,Minor leak near public water standpost,water,DEPT_WATER,2025-01-07T06:11:00,6,1,1,0,0,6.0,LOW,0.7,0.1,0.1,0.1,1,3,59.5,0.595,0,13.224215,80.130802,6,0,9.13,1
COMP-SLA-10362,Streetlights Complaint - COMP-SLA-10362,Sparking electrical transformer near residential area,streetlights,DEPT_ELECTRICITY,2025-04-29T16:25:00,16,1,4,0,1,2.0,HIGH,0.1,0.1,0.7,0.1,1,3,2.9,0.029,0,13.123323,80.157862,6,1,1.44,0
COMP-SLA-10136,Garbage Complaint - COMP-SLA-10136,Foul smell from uncleared waste bin near apartment entrance,garbage,DEPT_SANITATION,2025-01-30T12:01:00,12,3,1,0,1,6.0,HIGH,0.1,0.1,0.7,0.1,2,12,90.02,0.9002,1,13.22256,80.172262,9,0,9.16,1
COMP-SLA-11135,Roads Complaint - COMP-SLA-11135,Massive pothole causing severe traffic delay near main intersection,roads,DEPT_ROADS,2025-04-15T18:34:00,18,1,4,0,1,3.0,CRITICAL,0.1,0.1,0.1,0.7,5,30,64.82,0.6482,1,13.192047,80.222913,9,0,9.34,1
COMP-SLA-13679,Water Complaint - COMP-SLA-13679,Main pipeline burst wasting thousands of liters of clean water,water,DEPT_WATER,2025-06-02T13:31:00,13,0,6,0,1,2.0,HIGH,0.1,0.1,0.7,0.1,1,4,21.89,0.2189,0,13.025287,80.152876,10,1,2.26,1
COMP-SLA-11152,Water Complaint - COMP-SLA-11152,Low water pressure in residential high-rise complex,water,DEPT_WATER,2025-03-13T02:13:00,2,3,3,0,0,2.0,HIGH,0.1,0.1,0.7,0.1,1,3,49.49,0.4949,0,13.206315,80.373128,7,0,13.96,1
COMP-SLA-12744,Other Complaint - COMP-SLA-12744,Unauthorized hawker encroachment blocking shop entrance,other,DEPT_GENERAL,2025-04-22T12:53:00,12,1,4,0,1,12.0,MEDIUM,0.1,0.7,0.1,0.1,1,6,14.65,0.1465,0,13.022614,80.214657,6,1,1.27,0
COMP-SLA-12261,Other Complaint - COMP-SLA-12261,Noise pollution from unauthorized loudspeaker after midnight,other,DEPT_GENERAL,2025-04-10T02:00:00,2,3,4,0,0,12.0,MEDIUM,0.1,0.7,0.1,0.1,1,1,18.77,0.1877,0,13.076803,80.123594,7,0,26.28,1
COMP-SLA-12667,Other Complaint - COMP-SLA-12667,Noise pollution from unauthorized loudspeaker after midnight,other,DEPT_GENERAL,2025-01-17T22:59:00,22,4,1,0,0,6.0,HIGH,0.1,0.1,0.7,0.1,1,4,69.34,0.6934,1,13.051112,80.24076,7,0,12.37,1
COMP-SLA-11054,Water Complaint - COMP-SLA-11054,Low water pressure in residential high-rise complex,water,DEPT_WATER,2025-05-23T12:12:00,12,4,5,0,1,4.0,MEDIUM,0.1,0.7,0.1,0.1,1,5,4.9,0.049,0,13.11758,80.238695,7,0,4.49,1
COMP-SLA-13593,Drainage Complaint - COMP-SLA-13593,Clogged storm drain causing severe waterlogging during rain,drainage,DEPT_DRAINAGE,2025-04-04T06:36:00,6,4,4,0,0,3.0,HIGH,0.1,0.1,0.7,0.1,1,6,87.31,0.8731,1,13.173739,80.348772,8,0,18.05,1
COMP-SLA-10023,Drainage Complaint - COMP-SLA-10023,Overflowing sewage line flooding residential street and homes,drainage,DEPT_DRAINAGE,2025-05-21T03:03:00,3,2,5,0,0,1.5,CRITICAL,0.1,0.1,0.1,0.7,1,1,1.4,0.014,0,13.128343,80.282876,8,2,13.63,1
COMP-SLA-13397,Drainage Complaint - COMP-SLA-13397,Clogged storm drain causing severe waterlogging during rain,drainage,DEPT_DRAINAGE,2025-03-21T09:59:00,9,4,3,0,1,1.5,CRITICAL,0.1,0.1,0.1,0.7,1,5,52.97,0.5297,0,13.159336,80.352765,8,0,1.83,1
COMP-SLA-13090,Garbage Complaint - COMP-SLA-13090,Foul smell from uncleared waste bin near apartment entrance,garbage,DEPT_SANITATION,2025-02-09T16:39:00,16,6,2,1,0,6.0,HIGH,0.1,0.1,0.7,0.1,1,5,9.48,0.0948,0,13.081659,80.179095,9,0,13.21,1
COMP-SLA-12454,Water Complaint - COMP-SLA-12454,Contaminated muddy water coming from municipal tap supply,water,DEPT_WATER,2025-02-14T16:17:00,16,4,2,0,1,2.0,HIGH,0.1,0.1,0.7,0.1,1,6,28.21,0.2821,0,13.020701,80.184425,8,0,0.6,0
COMP-SLA-10696,Garbage Complaint - COMP-SLA-10696,Uncollected garbage pile attracting stray animals near hospital gate,garbage,DEPT_SANITATION,2025-05-29T00:33:00,0,3,5,0,0,6.0,HIGH,0.1,0.1,0.7,0.1,1,5,26.78,0.2678,0,12.997799,80.178164,9,1,8.0,1
COMP-SLA-13162,Streetlights Complaint - COMP-SLA-13162,Entire street light network down making dark alley unsafe at night,streetlights,DEPT_ELECTRICITY,2025-01-04T06:26:00,6,5,1,1,0,2.0,HIGH,0.1,0.1,0.7,0.1,1,3,12.26,0.1226,0,12.935921,80.256239,11,0,4.41,1
COMP-SLA-10421,Roads Complaint - COMP-SLA-10421,Road surface cracked and unpaved causing risk for two-wheelers,roads,DEPT_ROADS,2025-05-24T20:00:00,20,5,5,1,0,3.0,CRITICAL,0.1,0.1,0.1,0.7,1,6,22.83,0.2283,0,12.967117,80.224502,9,0,13.43,1
COMP-SLA-12427,Streetlights Complaint - COMP-SLA-12427,Entire street light network down making dark alley unsafe at night,streetlights,DEPT_ELECTRICITY,2025-03-25T22:48:00,22,1,3,0,0,2.0,HIGH,0.1,0.1,0.7,0.1,1,1,34.51,0.3451,0,13.105565,80.397555,11,0,5.55,1
COMP-SLA-10461,Infrastructure Complaint - COMP-SLA-10461,Collapsed public park boundary wall blocking walkway,infrastructure,DEPT_WORKS,2025-02-28T14:50:00,14,4,2,0,1,12.0,HIGH,0.1,0.1,0.7,0.1,1,4,20.37,0.2037,0,13.142493,80.169239,7,2,1.05,0
COMP-SLA-11068,Water Complaint - COMP-SLA-11068,Minor leak near public water standpost,water,DEPT_WATER,2025-02-12T06:46:00,6,2,2,0,0,4.0,MEDIUM,0.1,0.7,0.1,0.1,1,6,40.26,0.4026,0,13.07905,80.385557,6,0,7.04,1
COMP-SLA-10088,Water Complaint - COMP-SLA-10088,Contaminated muddy water coming from municipal tap supply,water,DEPT_WATER,2025-06-09T15:40:00,15,0,6,0,1,1.0,CRITICAL,0.1,0.1,0.1,0.7,1,2,25.37,0.2537,0,13.065312,80.136184,8,0,0.71,0
COMP-SLA-11801,Drainage Complaint - COMP-SLA-11801,Foul stench and black water coming from open drainage pipe,drainage,DEPT_DRAINAGE,2025-01-15T19:52:00,19,2,1,0,0,6.0,MEDIUM,0.1,0.7,0.1,0.1,1,4,39.48,0.3948,0,12.9916,80.122174,10,0,17.99,1
COMP-SLA-10283,Garbage Complaint - COMP-SLA-10283,Overflowing community dump bin spilling onto main road,garbage,DEPT_SANITATION,2025-02-22T01:36:00,1,5,2,1,0,6.0,HIGH,0.1,0.1,0.7,0.1,1,3,51.18,0.5118,0,13.037945,80.205026,8,1,15.77,1
COMP-SLA-12356,Water Complaint - COMP-SLA-12356,Main pipeline burst wasting thousands of liters of clean water,water,DEPT_WATER,2025-05-12T14:32:00,14,0,5,0,1,2.0,HIGH,0.1,0.1,0.7,0.1,1,3,20.71,0.2071,0,13.126813,80.249972,10,1,0.2,0
COMP-SLA-13969,Other Complaint - COMP-SLA-13969,Noise pollution from unauthorized loudspeaker after midnight,other,DEPT_GENERAL,2025-06-28T13:07:00,13,5,6,1,0,12.0,MEDIUM,0.1,0.7,0.1,0.1,1,3,19.67,0.1967,0,13.191786,80.142225,7,0,15.61,1
COMP-SLA-11643,Streetlights Complaint - COMP-SLA-11643,Flickering streetlight fixture on main road,streetlights,DEPT_ELECTRICITY,2025-03-15T04:18:00,4,5,3,1,0,4.0,MEDIUM,0.1,0.7,0.1,0.1,1,5,1.31,0.0131,0,13.016498,80.248546,6,0,6.71,1
COMP-SLA-10541,Drainage Complaint - COMP-SLA-10541,Slow drainage runoff on commercial market road,drainage,DEPT_DRAINAGE,2025-05-24T22:01:00,22,5,5,1,0,6.0,MEDIUM,0.1,0.7,0.1,0.1,1,4,28.97,0.2897,0,12.944626,80.397381,7,0,20.87,1
COMP-SLA-13490,Water Complaint - COMP-SLA-13490,Low water pressure in residential high-rise complex,water,DEPT_WATER,2025-05-16T21:59:00,21,4,5,0,0,4.0,MEDIUM,0.1,0.7,0.1,0.1,2,8,89.17,0.8917,1,12.940728,80.256957,7,0,16.53,1
COMP-SLA-10860,Infrastructure Complaint - COMP-SLA-10860,Collapsed public park boundary wall blocking walkway,infrastructure,DEPT_WORKS,2025-03-01T08:41:00,8,5,3,1,0,6.0,CRITICAL,0.1,0.1,0.1,0.7,1,5,27.98,0.2798,0,12.955467,80.391143,7,2,9.41,1
COMP-SLA-10534,Drainage Complaint - COMP-SLA-10534,Foul stench and black water coming from open drainage pipe,drainage,DEPT_DRAINAGE,2025-03-31T19:52:00,19,0,3,0,0,6.0,MEDIUM,0.1,0.7,0.1,0.1,1,1,13.85,0.1385,0,13.229748,80.253363,10,0,16.65,1
COMP-SLA-13759,Other Complaint - COMP-SLA-13759,Unsanitary public toilet conditions in central market,other,DEPT_GENERAL,2025-01-18T14:21:00,14,5,1,1,0,3.0,CRITICAL,0.1,0.1,0.1,0.7,1,2,69.75,0.6975,1,12.936236,80.407123,7,0,16.79,1
COMP-SLA-13516,Drainage Complaint - COMP-SLA-13516,Clogged storm drain causing severe waterlogging during rain,drainage,DEPT_DRAINAGE,2025-03-03T23:25:00,23,0,3,0,0,3.0,HIGH,0.1,0.1,0.7,0.1,1,2,54.15,0.5415,0,13.209432,80.379509,8,0,11.71,1
COMP-SLA-11868,Infrastructure Complaint - COMP-SLA-11868,Broken railing on canal overbridge,infrastructure,DEPT_WORKS,2025-04-19T21:46:00,21,5,4,1,0,24.0,MEDIUM,0.1,0.7,0.1,0.1,1,5,51.09,0.5109,0,12.95126,80.370457,5,0,15.1,0
COMP-SLA-12956,Drainage Complaint - COMP-SLA-12956,Foul stench and black water coming from open drainage pipe,drainage,DEPT_DRAINAGE,2025-01-10T03:29:00,3,4,1,0,0,3.0,HIGH,0.1,0.1,0.7,0.1,1,1,36.89,0.3689,0,12.940319,80.303245,10,0,7.27,1
COMP-SLA-13615,Garbage Complaint - COMP-SLA-13615,Uncollected garbage pile attracting stray animals near hospital gate,garbage,DEPT_SANITATION,2025-05-25T10:27:00,10,6,5,1,0,6.0,HIGH,0.1,0.1,0.7,0.1,1,4,56.99,0.5699,0,13.126944,80.352572,9,1,8.98,1
COMP-SLA-13430,Other Complaint - COMP-SLA-13430,Stray dog menace near elementary school playground,other,DEPT_GENERAL,2025-01-02T16:07:00,16,3,1,0,1,3.0,CRITICAL,0.1,0.1,0.1,0.7,1,6,9.81,0.0981,0,13.054184,80.202926,7,1,1.86,0
COMP-SLA-13989,Infrastructure Complaint - COMP-SLA-13989,Collapsed public park boundary wall blocking walkway,infrastructure,DEPT_WORKS,2025-06-12T22:12:00,22,3,6,0,0,6.0,CRITICAL,0.1,0.1,0.1,0.7,1,6,19.08,0.1908,0,13.132588,80.152997,7,2,8.24,1
COMP-SLA-12284,Drainage Complaint - COMP-SLA-12284,Foul stench and black water coming from open drainage pipe,drainage,DEPT_DRAINAGE,2025-04-22T02:37:00,2,1,4,0,0,6.0,MEDIUM,0.1,0.7,0.1,0.1,3,9,78.96,0.7896,1,13.144039,80.128986,10,0,8.75,1
COMP-SLA-14168,Garbage Complaint - COMP-SLA-14168,Foul smell from uncleared waste bin near apartment entrance,garbage,DEPT_SANITATION,2025-04-16T23:28:00,23,2,4,0,0,6.0,HIGH,0.1,0.1,0.7,0.1,3,15,75.35,0.7535,1,13.126153,80.278302,9,0,14.19,1
COMP-SLA-12421,Infrastructure Complaint - COMP-SLA-12421,Minor paint peeling on government office gate,infrastructure,DEPT_WORKS,2025-02-26T02:05:00,2,2,2,0,0,24.0,MEDIUM,0.1,0.7,0.1,0.1,1,4,13.8,0.138,0,12.992608,80.377548,7,0,10.72,0
COMP-SLA-13534,Infrastructure Complaint - COMP-SLA-13534,Minor paint peeling on government office gate,infrastructure,DEPT_WORKS,2025-02-22T18:51:00,18,5,2,1,0,24.0,MEDIUM,0.1,0.7,0.1,0.1,1,6,25.74,0.2574,0,13.090331,80.345241,7,0,13.27,0
COMP-SLA-11924,Infrastructure Complaint - COMP-SLA-11924,Collapsed public park boundary wall blocking walkway,infrastructure,DEPT_WORKS,2025-03-13T15:11:00,15,3,3,0,1,12.0,HIGH,0.1,0.1,0.7,0.1,1,6,58.05,0.5805,0,13.08363,80.396563,7,2,3.69,0
COMP-SLA-13596,Streetlights Complaint - COMP-SLA-13596,Single street lamp bulb burnt out on quiet street,streetlights,DEPT_ELECTRICITY,2025-06-10T21:21:00,21,1,6,0,0,4.0,MEDIUM,0.1,0.7,0.1,0.1,1,1,13.56,0.1356,0,13.154465,80.292761,9,0,9.94,1
COMP-SLA-14147,Garbage Complaint - COMP-SLA-14147,Illegal dumping of commercial debris in public park,garbage,DEPT_SANITATION,2025-03-06T10:34:00,10,3,3,0,1,6.0,HIGH,0.1,0.1,0.7,0.1,1,3,1.27,0.0127,0,13.051758,80.271896,8,0,0.46,0
COMP-SLA-11421,Other Complaint - COMP-SLA-11421,Noise pollution from unauthorized loudspeaker after midnight,other,DEPT_GENERAL,2025-01-31T12:52:00,12,4,1,0,1,12.0,MEDIUM,0.1,0.7,0.1,0.1,1,4,8.22,0.0822,0,13.19838,80.181338,7,0,3.19,0
COMP-SLA-11523,Water Complaint - COMP-SLA-11523,Low water pressure in residential high-rise complex,water,DEPT_WATER,2025-06-28T18:24:00,18,5,6,1,0,2.0,HIGH,0.1,0.1,0.7,0.1,1,5,68.81,0.6881,1,13.173092,80.281399,7,0,10.88,1
COMP-SLA-10943,Streetlights Complaint - COMP-SLA-10943,Live high-voltage electric wire hanging dangerously low near school,streetlights,DEPT_ELECTRICITY,2025-04-14T22:01:00,22,0,4,0,0,2.0,HIGH,0.1,0.1,0.7,0.1,3,12,74.43,0.7443,1,13.050839,80.365939,9,2,13.14,1
COMP-SLA-14166,Roads Complaint - COMP-SLA-14166,Minor tar peeling on residential side street,roads,DEPT_ROADS,2025-04-25T15:03:00,15,4,4,0,1,12.0,MEDIUM,0.1,0.7,0.1,0.1,8,16,90.46,0.9046,1,13.196838,80.293568,7,0,11.94,0
COMP-SLA-10780,Garbage Complaint - COMP-SLA-10780,Illegal dumping of commercial debris in public park,garbage,DEPT_SANITATION,2025-04-17T21:41:00,21,3,4,0,0,6.0,HIGH,0.1,0.1,0.7,0.1,8,16,75.98,0.7598,1,13.153075,80.359492,8,0,22.21,1
COMP-SLA-11633,Drainage Complaint - COMP-SLA-11633,Slow drainage runoff on commercial market road,drainage,DEPT_DRAINAGE,2025-06-11T00:30:00,0,2,6,0,0,9.0,LOW,0.7,0.1,0.1,0.1,1,6,16.09,0.1609,0,12.998225,80.333148,7,0,15.99,1
COMP-SLA-13451,Other Complaint - COMP-SLA-13451,Noise pollution from unauthorized loudspeaker after midnight,other,DEPT_GENERAL,2025-02-08T03:59:00,3,5,2,1,0,12.0,MEDIUM,0.1,0.7,0.1,0.1,1,1,13.99,0.1399,0,12.967127,80.399868,7,0,11.27,0
COMP-SLA-12430,Roads Complaint - COMP-SLA-12430,Road surface cracked and unpaved causing risk for two-wheelers,roads,DEPT_ROADS,2025-01-03T11:02:00,11,4,1,0,1,3.0,CRITICAL,0.1,0.1,0.1,0.7,5,30,60.9,0.609,1,12.97148,80.279971,9,0,13.53,1
COMP-SLA-10122,Garbage Complaint - COMP-SLA-10122,Minor littering near bus shelter,garbage,DEPT_SANITATION,2025-04-08T19:33:00,19,1,4,0,0,12.0,MEDIUM,0.1,0.7,0.1,0.1,1,6,40.87,0.4087,0,13.021169,80.272365,5,0,24.16,1
COMP-SLA-10888,Infrastructure Complaint - COMP-SLA-10888,Pedestrian footbridge concrete pillar showing structural cracks,infrastructure,DEPT_WORKS,2025-06-17T10:00:00,10,1,6,0,1,6.0,CRITICAL,0.1,0.1,0.1,0.7,1,3,6.27,0.0627,0,13.049456,80.258333,7,0,1.14,0
COMP-SLA-13853,Garbage Complaint - COMP-SLA-13853,Minor littering near bus shelter,garbage,DEPT_SANITATION,2025-01-22T16:27:00,16,2,1,0,1,12.0,MEDIUM,0.1,0.7,0.1,0.1,1,6,76.0,0.76,1,13.119175,80.217903,5,0,11.77,0
COMP-SLA-10686,Other Complaint - COMP-SLA-10686,Noise pollution from unauthorized loudspeaker after midnight,other,DEPT_GENERAL,2025-06-12T11:03:00,11,3,6,0,1,6.0,HIGH,0.1,0.1,0.7,0.1,3,6,88.95,0.8895,1,13.019657,80.279584,7,0,10.02,1
COMP-SLA-11570,Drainage Complaint - COMP-SLA-11570,Open manhole cover on main sidewalk presents fatal hazard,drainage,DEPT_DRAINAGE,2025-05-21T17:46:00,17,2,5,0,1,3.0,HIGH,0.1,0.1,0.7,0.1,3,9,91.4,0.914,1,13.05387,80.278215,9,2,7.98,1
COMP-SLA-11514,Drainage Complaint - COMP-SLA-11514,Open manhole cover on main sidewalk presents fatal hazard,drainage,DEPT_DRAINAGE,2025-06-27T06:45:00,6,4,6,0,0,6.0,MEDIUM,0.1,0.7,0.1,0.1,1,1,47.93,0.4793,0,12.932879,80.358778,9,2,9.03,1
COMP-SLA-11878,Drainage Complaint - COMP-SLA-11878,Clogged storm drain causing severe waterlogging during rain,drainage,DEPT_DRAINAGE,2025-01-26T02:23:00,2,6,1,1,0,1.5,CRITICAL,0.1,0.1,0.1,0.7,1,5,77.45,0.7745,1,13.205916,80.376236,8,0,18.55,1
COMP-SLA-10414,Roads Complaint - COMP-SLA-10414,Deep crater formed after rains near public school gate,roads,DEPT_ROADS,2025-04-08T12:26:00,12,1,4,0,1,12.0,MEDIUM,0.1,0.7,0.1,0.1,1,5,29.7,0.297,0,13.219711,80.413447,9,2,7.16,0
COMP-SLA-10790,Infrastructure Complaint - COMP-SLA-10790,Minor paint peeling on government office gate,infrastructure,DEPT_WORKS,2025-01-22T10:20:00,10,2,1,0,1,36.0,LOW,0.7,0.1,0.1,0.1,1,4,41.24,0.4124,0,13.053195,80.352412,7,0,74.16,1
COMP-SLA-12368,Drainage Complaint - COMP-SLA-12368,Foul stench and black water coming from open drainage pipe,drainage,DEPT_DRAINAGE,2025-01-14T22:09:00,22,1,1,0,0,6.0,MEDIUM,0.1,0.7,0.1,0.1,1,4,78.09,0.7809,1,13.167543,80.328821,10,0,17.35,1
COMP-SLA-13049,Water Complaint - COMP-SLA-13049,Low water pressure in residential high-rise complex,water,DEPT_WATER,2025-01-22T11:15:00,11,2,1,0,1,2.0,HIGH,0.1,0.1,0.7,0.1,1,4,16.04,0.1604,0,13.191613,80.126664,7,0,0.71,0
COMP-SLA-13893,Roads Complaint - COMP-SLA-13893,Minor tar peeling on residential side street,roads,DEPT_ROADS,2025-06-20T13:12:00,13,4,6,0,1,12.0,MEDIUM,0.1,0.7,0.1,0.1,1,4,29.29,0.2929,0,13.14686,80.360673,7,0,9.5,0
COMP-SLA-13313,Drainage Complaint - COMP-SLA-13313,Overflowing sewage line flooding residential street and homes,drainage,DEPT_DRAINAGE,2025-03-11T08:37:00,8,1,3,0,1,3.0,HIGH,0.1,0.1,0.7,0.1,1,3,46.84,0.4684,0,13.043064,80.129045,8,2,2.59,0
COMP-SLA-11628,Water Complaint - COMP-SLA-11628,Contaminated muddy water coming from municipal tap supply,water,DEPT_WATER,2025-04-03T03:06:00,3,3,4,0,0,2.0,HIGH,0.1,0.1,0.7,0.1,1,1,30.24,0.3024,0,13.225092,80.3511,8,0,6.9,1
COMP-SLA-11426,Streetlights Complaint - COMP-SLA-11426,Entire street light network down making dark alley unsafe at night,streetlights,DEPT_ELECTRICITY,2025-06-18T23:28:00,23,2,6,0,0,1.0,CRITICAL,0.1,0.1,0.1,0.7,3,15,80.13,0.8013,1,12.940293,80.252859,11,0,12.19,1
COMP-SLA-12315,Streetlights Complaint - COMP-SLA-12315,Single street lamp bulb burnt out on quiet street,streetlights,DEPT_ELECTRICITY,2025-03-22T04:17:00,4,5,3,1,0,4.0,MEDIUM,0.1,0.7,0.1,0.1,1,3,10.06,0.1006,0,12.951025,80.170565,9,0,24.73,1
COMP-SLA-10273,Other Complaint - COMP-SLA-10273,Noise pollution from unauthorized loudspeaker after midnight,other,DEPT_GENERAL,2025-06-06T12:37:00,12,4,6,0,1,6.0,HIGH,0.1,0.1,0.7,0.1,1,2,43.5,0.435,0,12.96697,80.226295,7,0,8.48,1
COMP-SLA-10783,Infrastructure Complaint - COMP-SLA-10783,Pedestrian footbridge concrete pillar showing structural cracks,infrastructure,DEPT_WORKS,2025-04-21T03:39:00,3,0,4,0,0,6.0,CRITICAL,0.1,0.1,0.1,0.7,1,3,46.2,0.462,0,13.000707,80.289294,7,0,13.07,1
COMP-SLA-10522,Water Complaint - COMP-SLA-10522,Minor leak near public water standpost,water,DEPT_WATER,2025-04-03T14:28:00,14,3,4,0,1,4.0,MEDIUM,0.1,0.7,0.1,0.1,1,3,3.29,0.0329,0,13.220647,80.120759,6,0,1.34,0
COMP-SLA-10523,Streetlights Complaint - COMP-SLA-10523,Single street lamp bulb burnt out on quiet street,streetlights,DEPT_ELECTRICITY,2025-05-13T04:56:00,4,1,5,0,0,6.0,LOW,0.7,0.1,0.1,0.1,1,3,21.08,0.2108,0,13.023252,80.2108,9,0,18.93,1
COMP-SLA-11961,Roads Complaint - COMP-SLA-11961,Road cave-in reported on highway access lane,roads,DEPT_ROADS,2025-05-25T17:50:00,17,6,5,1,0,6.0,HIGH,0.1,0.1,0.7,0.1,8,16,81.43,0.8143,1,13.227306,80.256044,7,0,14.34,1
COMP-SLA-13065,Infrastructure Complaint - COMP-SLA-13065,Broken railing on canal overbridge,infrastructure,DEPT_WORKS,2025-03-01T05:32:00,5,5,3,1,0,12.0,HIGH,0.1,0.1,0.7,0.1,1,2,26.38,0.2638,0,13.122241,80.160138,5,0,12.96,1
COMP-SLA-11553,Infrastructure Complaint - COMP-SLA-11553,Collapsed public park boundary wall blocking walkway,infrastructure,DEPT_WORKS,2025-02-22T17:39:00,17,5,2,1,0,6.0,CRITICAL,0.1,0.1,0.1,0.7,1,5,54.27,0.5427,0,12.937932,80.168819,7,2,20.97,1
COMP-SLA-13134,Streetlights Complaint - COMP-SLA-13134,Entire street light network down making dark alley unsafe at night,streetlights,DEPT_ELECTRICITY,2025-05-16T09:42:00,9,4,5,0,1,2.0,HIGH,0.1,0.1,0.7,0.1,1,6,59.33,0.5933,0,13.224154,80.370362,11,0,1.1,0
COMP-SLA-10351,Roads Complaint - COMP-SLA-10351,Massive pothole causing severe traffic delay near main intersection,roads,DEPT_ROADS,2025-01-31T14:11:00,14,4,1,0,1,6.0,HIGH,0.1,0.1,0.7,0.1,1,2,20.13,0.2013,0,13.217418,80.170849,9,0,2.94,0
COMP-SLA-13333,Roads Complaint - COMP-SLA-13333,Deep crater formed after rains near public school gate,roads,DEPT_ROADS,2025-02-14T23:25:00,23,4,2,0,0,6.0,HIGH,0.1,0.1,0.7,0.1,1,3,48.12,0.4812,0,13.082933,80.19474,9,2,14.03,1
COMP-SLA-14144,Other Complaint - COMP-SLA-14144,Unauthorized hawker encroachment blocking shop entrance,other,DEPT_GENERAL,2025-06-16T03:25:00,3,0,6,0,0,6.0,HIGH,0.1,0.1,0.7,0.1,1,6,36.63,0.3663,0,13.013901,80.132539,6,1,18.54,1
COMP-SLA-13359,Infrastructure Complaint - COMP-SLA-13359,Collapsed public park boundary wall blocking walkway,infrastructure,DEPT_WORKS,2025-04-14T15:36:00,15,0,4,0,1,12.0,HIGH,0.1,0.1,0.7,0.1,1,4,38.86,0.3886,0,13.224177,80.138821,7,2,14.49,1
COMP-SLA-11808,Drainage Complaint - COMP-SLA-11808,Overflowing sewage line flooding residential street and homes,drainage,DEPT_DRAINAGE,2025-01-06T17:43:00,17,0,1,0,1,1.5,CRITICAL,0.1,0.1,0.1,0.7,8,8,87.58,0.8758,1,13.051135,80.278145,8,2,7.98,1
COMP-SLA-11512,Other Complaint - COMP-SLA-11512,Stray dog menace near elementary school playground,other,DEPT_GENERAL,2025-06-25T22:50:00,22,2,6,0,0,6.0,HIGH,0.1,0.1,0.7,0.1,8,24,69.53,0.6953,1,13.03317,80.155776,7,1,22.8,1
COMP-SLA-10652,Roads Complaint - COMP-SLA-10652,Road cave-in reported on highway access lane,roads,DEPT_ROADS,2025-06-01T04:58:00,4,6,6,1,0,12.0,MEDIUM,0.1,0.7,0.1,0.1,1,4,93.12,0.9312,1,13.10481,80.122223,7,0,22.83,1
COMP-SLA-12321,Water Complaint - COMP-SLA-12321,Minor leak near public water standpost,water,DEPT_WATER,2025-04-01T03:22:00,3,1,4,0,0,4.0,MEDIUM,0.1,0.7,0.1,0.1,1,4,15.76,0.1576,0,13.194482,80.403527,6,0,17.83,1
COMP-SLA-13728,Water Complaint - COMP-SLA-13728,No water supply for last 48 hours in entire neighborhood block,water,DEPT_WATER,2025-06-27T06:42:00,6,4,6,0,0,4.0,MEDIUM,0.1,0.7,0.1,0.1,1,5,83.21,0.8321,1,13.153743,80.309274,11,0,13.47,1
COMP-SLA-13996,Infrastructure Complaint - COMP-SLA-13996,Minor paint peeling on government office gate,infrastructure,DEPT_WORKS,2025-06-18T08:45:00,8,2,6,0,1,24.0,MEDIUM,0.1,0.7,0.1,0.1,1,2,2.25,0.0225,0,13.211389,80.320623,7,0,9.8,0
COMP-SLA-13940,Infrastructure Complaint - COMP-SLA-13940,Collapsed public park boundary wall blocking walkway,infrastructure,DEPT_WORKS,2025-02-06T16:11:00,16,3,2,0,1,6.0,CRITICAL,0.1,0.1,0.1,0.7,8,16,94.68,0.9468,1,13.127912,80.39128,7,2,11.99,1
COMP-SLA-10119,Other Complaint - COMP-SLA-10119,Unauthorized hawker encroachment blocking shop entrance,other,DEPT_GENERAL,2025-01-17T15:28:00,15,4,1,0,1,12.0,MEDIUM,0.1,0.7,0.1,0.1,1,5,10.36,0.1036,0,13.166105,80.274671,6,1,18.74,1
COMP-SLA-11992,Water Complaint - COMP-SLA-11992,No water supply for last 48 hours in entire neighborhood block,water,DEPT_WATER,2025-04-30T23:24:00,23,2,4,0,0,2.0,HIGH,0.1,0.1,0.7,0.1,1,3,25.51,0.2551,0,13.207541,80.289815,11,0,12.2,1
COMP-SLA-13840,Water Complaint - COMP-SLA-13840,Low water pressure in residential high-rise complex,water,DEPT_WATER,2025-02-24T01:11:00,1,0,2,0,0,2.0,HIGH,0.1,0.1,0.7,0.1,1,2,51.79,0.5179,0,13.118348,80.262259,7,0,13.51,1
COMP-SLA-10169,Roads Complaint - COMP-SLA-10169,Deep crater formed after rains near public school gate,roads,DEPT_ROADS,2025-04-25T19:45:00,19,4,4,0,0,6.0,HIGH,0.1,0.1,0.7,0.1,1,1,33.4,0.334,0,13.060535,80.327629,9,2,11.44,1
COMP-SLA-14002,Streetlights Complaint - COMP-SLA-14002,Single street lamp bulb burnt out on quiet street,streetlights,DEPT_ELECTRICITY,2025-05-17T01:59:00,1,5,5,1,0,4.0,MEDIUM,0.1,0.7,0.1,0.1,1,2,13.29,0.1329,0,13.064202,80.120915,9,0,17.85,1
COMP-SLA-11406,Infrastructure Complaint - COMP-SLA-11406,Pedestrian footbridge concrete pillar showing structural cracks,infrastructure,DEPT_WORKS,2025-03-21T09:06:00,9,4,3,0,1,12.0,HIGH,0.1,0.1,0.7,0.1,1,1,49.26,0.4926,0,13.037416,80.174825,7,0,5.41,0
COMP-SLA-10963,Water Complaint - COMP-SLA-10963,Minor leak near public water standpost,water,DEPT_WATER,2025-01-02T22:27:00,22,3,1,0,0,6.0,LOW,0.7,0.1,0.1,0.1,1,6,23.2,0.232,0,13.143478,80.3456,6,0,11.79,1
COMP-SLA-10946,Roads Complaint - COMP-SLA-10946,Deep crater formed after rains near public school gate,roads,DEPT_ROADS,2025-04-19T21:00:00,21,5,4,1,0,12.0,MEDIUM,0.1,0.7,0.1,0.1,8,24,89.85,0.8985,1,13.007201,80.13455,9,2,18.66,1
COMP-SLA-10463,Roads Complaint - COMP-SLA-10463,Road cave-in reported on highway access lane,roads,DEPT_ROADS,2025-01-17T08:14:00,8,4,1,0,1,12.0,MEDIUM,0.1,0.7,0.1,0.1,2,10,68.83,0.6883,1,13.043951,80.303409,7,0,17.45,1
COMP-SLA-12084,Streetlights Complaint - COMP-SLA-12084,Flickering streetlight fixture on main road,streetlights,DEPT_ELECTRICITY,2025-02-12T00:55:00,0,2,2,0,0,4.0,MEDIUM,0.1,0.7,0.1,0.1,5,15,72.77,0.7277,1,13.044957,80.325635,6,0,20.28,1
COMP-SLA-10329,Other Complaint - COMP-SLA-10329,Unauthorized hawker encroachment blocking shop entrance,other,DEPT_GENERAL,2025-02-16T00:20:00,0,6,2,1,0,6.0,HIGH,0.1,0.1,0.7,0.1,1,1,77.02,0.7702,1,13.111835,80.129491,6,1,19.2,1
COMP-SLA-11941,Drainage Complaint - COMP-SLA-11941,Overflowing sewage line flooding residential street and homes,drainage,DEPT_DRAINAGE,2025-04-29T16:24:00,16,1,4,0,1,3.0,HIGH,0.1,0.1,0.7,0.1,1,3,1.81,0.0181,0,12.961126,80.416584,8,2,0.2,0
COMP-SLA-12923,Water Complaint - COMP-SLA-12923,No water supply for last 48 hours in entire neighborhood block,water,DEPT_WATER,2025-06-03T20:10:00,20,1,6,0,0,2.0,HIGH,0.1,0.1,0.7,0.1,1,5,46.41,0.4641,0,13.20983,80.330706,11,0,13.46,1
COMP-SLA-12145,Garbage Complaint - COMP-SLA-12145,Minor littering near bus shelter,garbage,DEPT_SANITATION,2025-04-20T01:32:00,1,6,4,1,0,18.0,LOW,0.7,0.1,0.1,0.1,1,5,16.63,0.1663,0,13.07503,80.281184,5,0,12.71,0
COMP-SLA-11361,Garbage Complaint - COMP-SLA-11361,Overflowing community dump bin spilling onto main road,garbage,DEPT_SANITATION,2025-02-20T23:47:00,23,3,2,0,0,6.0,HIGH,0.1,0.1,0.7,0.1,1,5,14.42,0.1442,0,13.038881,80.300981,8,1,19.48,1
COMP-SLA-12568,Infrastructure Complaint - COMP-SLA-12568,Damaged bus shelter roof leaning precariously,infrastructure,DEPT_WORKS,2025-03-15T14:49:00,14,5,3,1,0,24.0,MEDIUM,0.1,0.7,0.1,0.1,2,12,72.64,0.7264,1,13.230429,80.201938,6,0,16.12,0
COMP-SLA-10368,Water Complaint - COMP-SLA-10368,No water supply for last 48 hours in entire neighborhood block,water,DEPT_WATER,2025-05-04T02:21:00,2,6,5,1,0,4.0,MEDIUM,0.1,0.7,0.1,0.1,1,6,81.84,0.8184,1,13.229208,80.312878,11,0,25.07,1
COMP-SLA-14038,Infrastructure Complaint - COMP-SLA-14038,Collapsed public park boundary wall blocking walkway,infrastructure,DEPT_WORKS,2025-02-19T17:34:00,17,2,2,0,1,6.0,CRITICAL,0.1,0.1,0.1,0.7,1,6,76.39,0.7639,1,12.934967,80.312651,7,2,13.07,1
COMP-SLA-13258,Garbage Complaint - COMP-SLA-13258,Foul smell from uncleared waste bin near apartment entrance,garbage,DEPT_SANITATION,2025-06-28T14:21:00,14,5,6,1,0,12.0,MEDIUM,0.1,0.7,0.1,0.1,1,3,66.34,0.6634,1,13.131746,80.139901,9,0,13.2,1
COMP-SLA-11939,Other Complaint - COMP-SLA-11939,Unauthorized hawker encroachment blocking shop entrance,other,DEPT_GENERAL,2025-02-22T18:11:00,18,5,2,1,0,12.0,MEDIUM,0.1,0.7,0.1,0.1,1,3,3.23,0.0323,0,13.151456,80.12362,6,1,18.82,1
COMP-SLA-13031,Other Complaint - COMP-SLA-13031,Unsanitary public toilet conditions in central market,other,DEPT_GENERAL,2025-03-31T02:36:00,2,0,3,0,0,6.0,HIGH,0.1,0.1,0.7,0.1,1,5,53.42,0.5342,0,12.971909,80.156447,7,0,12.17,1
COMP-SLA-11376,Water Complaint - COMP-SLA-11376,Main pipeline burst wasting thousands of liters of clean water,water,DEPT_WATER,2025-06-15T14:54:00,14,6,6,1,0,1.0,CRITICAL,0.1,0.1,0.1,0.7,1,4,3.54,0.0354,0,13.070923,80.379723,10,1,13.56,1
COMP-SLA-12035,Streetlights Complaint - COMP-SLA-12035,Sparking electrical transformer near residential area,streetlights,DEPT_ELECTRICITY,2025-01-30T19:05:00,19,3,1,0,0,4.0,MEDIUM,0.1,0.7,0.1,0.1,1,1,29.33,0.2933,0,13.12169,80.235369,6,1,16.16,1
COMP-SLA-10773,Garbage Complaint - COMP-SLA-10773,Overflowing community dump bin spilling onto main road,garbage,DEPT_SANITATION,2025-06-16T04:41:00,4,0,6,0,0,3.0,CRITICAL,0.1,0.1,0.1,0.7,3,6,81.53,0.8153,1,13.005234,80.373327,8,1,11.77,1
COMP-SLA-11285,Water Complaint - COMP-SLA-11285,Low water pressure in residential high-rise complex,water,DEPT_WATER,2025-04-01T06:26:00,6,1,4,0,0,2.0,HIGH,0.1,0.1,0.7,0.1,5,5,73.2,0.732,1,13.202838,80.204364,7,0,20.85,1
COMP-SLA-13630,Water Complaint - COMP-SLA-13630,Low water pressure in residential high-rise complex,water,DEPT_WATER,2025-05-11T13:21:00,13,6,5,1,0,2.0,HIGH,0.1,0.1,0.7,0.1,1,6,23.21,0.2321,0,13.2044,80.123122,7,0,8.15,1
COMP-SLA-11515,Garbage Complaint - COMP-SLA-11515,Uncollected garbage pile attracting stray animals near hospital gate,garbage,DEPT_SANITATION,2025-03-03T12:19:00,12,0,3,0,1,3.0,CRITICAL,0.1,0.1,0.1,0.7,1,2,9.18,0.0918,0,13.18027,80.28329,9,1,0.46,0
COMP-SLA-14077,Garbage Complaint - COMP-SLA-14077,Uncollected garbage pile attracting stray animals near hospital gate,garbage,DEPT_SANITATION,2025-02-01T15:16:00,15,5,2,1,0,3.0,CRITICAL,0.1,0.1,0.1,0.7,1,3,19.04,0.1904,0,13.188933,80.123666,9,1,8.74,1
COMP-SLA-13396,Roads Complaint - COMP-SLA-13396,Massive pothole causing severe traffic delay near main intersection,roads,DEPT_ROADS,2025-03-19T17:33:00,17,2,3,0,1,6.0,HIGH,0.1,0.1,0.7,0.1,5,20,69.09,0.6909,1,13.061937,80.336699,9,0,31.04,1
COMP-SLA-10499,Drainage Complaint - COMP-SLA-10499,Slow drainage runoff on commercial market road,drainage,DEPT_DRAINAGE,2025-03-11T22:39:00,22,1,3,0,0,6.0,MEDIUM,0.1,0.7,0.1,0.1,1,5,14.45,0.1445,0,13.080299,80.216893,7,0,19.61,1
COMP-SLA-11415,Roads Complaint - COMP-SLA-11415,Deep crater formed after rains near public school gate,roads,DEPT_ROADS,2025-02-22T15:13:00,15,5,2,1,0,12.0,MEDIUM,0.1,0.7,0.1,0.1,1,4,4.3,0.043,0,13.104044,80.304605,9,2,12.42,1
COMP-SLA-11235,Garbage Complaint - COMP-SLA-11235,Illegal dumping of commercial debris in public park,garbage,DEPT_SANITATION,2025-06-10T01:36:00,1,1,6,0,0,6.0,HIGH,0.1,0.1,0.7,0.1,3,18,88.12,0.8812,1,13.179698,80.379656,8,0,16.02,1
COMP-SLA-11770,Infrastructure Complaint - COMP-SLA-11770,Broken railing on canal overbridge,infrastructure,DEPT_WORKS,2025-02-05T10:35:00,10,2,2,0,1,24.0,MEDIUM,0.1,0.7,0.1,0.1,1,1,40.67,0.4067,0,13.175429,80.363518,5,0,8.43,0
COMP-SLA-10436,Drainage Complaint - COMP-SLA-10436,Slow drainage runoff on commercial market road,drainage,DEPT_DRAINAGE,2025-03-22T13:10:00,13,5,3,1,0,6.0,MEDIUM,0.1,0.7,0.1,0.1,1,6,21.04,0.2104,0,12.93415,80.194553,7,0,15.48,1
COMP-SLA-11252,Infrastructure Complaint - COMP-SLA-11252,Minor paint peeling on government office gate,infrastructure,DEPT_WORKS,2025-04-13T15:53:00,15,6,4,1,0,24.0,MEDIUM,0.1,0.7,0.1,0.1,1,4,57.09,0.5709,0,13.005777,80.337712,7,0,21.82,0
COMP-SLA-10366,Drainage Complaint - COMP-SLA-10366,Foul stench and black water coming from open drainage pipe,drainage,DEPT_DRAINAGE,2025-04-19T12:54:00,12,5,4,1,0,3.0,HIGH,0.1,0.1,0.7,0.1,1,6,44.34,0.4434,0,13.037313,80.1963,10,0,10.23,1
COMP-SLA-13159,Drainage Complaint - COMP-SLA-13159,Clogged storm drain causing severe waterlogging during rain,drainage,DEPT_DRAINAGE,2025-06-06T22:27:00,22,4,6,0,0,1.5,CRITICAL,0.1,0.1,0.1,0.7,1,1,37.58,0.3758,0,13.16131,80.183502,8,0,7.4,1
COMP-SLA-10277,Water Complaint - COMP-SLA-10277,Low water pressure in residential high-rise complex,water,DEPT_WATER,2025-02-19T12:35:00,12,2,2,0,1,4.0,MEDIUM,0.1,0.7,0.1,0.1,2,12,65.05,0.6505,1,13.084331,80.269191,7,0,11.52,1
COMP-SLA-12853,Water Complaint - COMP-SLA-12853,Main pipeline burst wasting thousands of liters of clean water,water,DEPT_WATER,2025-01-09T04:21:00,4,3,1,0,0,1.0,CRITICAL,0.1,0.1,0.1,0.7,3,9,81.63,0.8163,1,12.949409,80.379361,10,1,20.86,1
COMP-SLA-14089,Roads Complaint - COMP-SLA-14089,Minor tar peeling on residential side street,roads,DEPT_ROADS,2025-05-28T13:29:00,13,2,5,0,1,18.0,LOW,0.7,0.1,0.1,0.1,1,4,34.64,0.3464,0,13.092903,80.301646,7,0,23.86,1
COMP-SLA-11979,Streetlights Complaint - COMP-SLA-11979,Live high-voltage electric wire hanging dangerously low near school,streetlights,DEPT_ELECTRICITY,2025-03-18T12:55:00,12,1,3,0,1,1.0,CRITICAL,0.1,0.1,0.1,0.7,1,6,15.12,0.1512,0,13.115136,80.37888,9,2,1.44,1
COMP-SLA-11507,Drainage Complaint - COMP-SLA-11507,Foul stench and black water coming from open drainage pipe,drainage,DEPT_DRAINAGE,2025-03-24T23:40:00,23,0,3,0,0,6.0,MEDIUM,0.1,0.7,0.1,0.1,1,4,38.17,0.3817,0,13.036736,80.172889,10,0,17.48,1
COMP-SLA-10408,Drainage Complaint - COMP-SLA-10408,Open manhole cover on main sidewalk presents fatal hazard,drainage,DEPT_DRAINAGE,2025-02-05T13:38:00,13,2,2,0,1,6.0,MEDIUM,0.1,0.7,0.1,0.1,1,6,28.4,0.284,0,13.142704,80.345228,9,2,0.2,0
COMP-SLA-12665,Streetlights Complaint - COMP-SLA-12665,Live high-voltage electric wire hanging dangerously low near school,streetlights,DEPT_ELECTRICITY,2025-01-07T06:14:00,6,1,1,0,0,1.0,CRITICAL,0.1,0.1,0.1,0.7,1,4,8.89,0.0889,0,13.127619,80.27961,9,2,10.21,1
COMP-SLA-12012,Garbage Complaint - COMP-SLA-12012,Minor littering near bus shelter,garbage,DEPT_SANITATION,2025-06-18T21:13:00,21,2,6,0,0,12.0,MEDIUM,0.1,0.7,0.1,0.1,1,6,14.32,0.1432,0,13.205563,80.165208,5,0,12.25,1
COMP-SLA-11718,Garbage Complaint - COMP-SLA-11718,Illegal dumping of commercial debris in public park,garbage,DEPT_SANITATION,2025-06-19T03:09:00,3,3,6,0,0,6.0,HIGH,0.1,0.1,0.7,0.1,1,1,41.24,0.4124,0,13.203375,80.29058,8,0,14.48,1
COMP-SLA-11579,Water Complaint - COMP-SLA-11579,Minor leak near public water standpost,water,DEPT_WATER,2025-06-11T16:23:00,16,2,6,0,1,6.0,LOW,0.7,0.1,0.1,0.1,2,6,75.86,0.7586,1,12.939942,80.241724,6,0,9.65,1
COMP-SLA-14172,Other Complaint - COMP-SLA-14172,Unauthorized hawker encroachment blocking shop entrance,other,DEPT_GENERAL,2025-03-16T18:39:00,18,6,3,1,0,6.0,HIGH,0.1,0.1,0.7,0.1,1,6,54.17,0.5417,0,13.196058,80.32439,6,1,27.14,1
COMP-SLA-12648,Drainage Complaint - COMP-SLA-12648,Clogged storm drain causing severe waterlogging during rain,drainage,DEPT_DRAINAGE,2025-03-04T04:09:00,4,1,3,0,0,1.5,CRITICAL,0.1,0.1,0.1,0.7,1,5,51.22,0.5122,0,12.992227,80.266588,8,0,6.28,1
COMP-SLA-10845,Streetlights Complaint - COMP-SLA-10845,Flickering streetlight fixture on main road,streetlights,DEPT_ELECTRICITY,2025-05-29T18:21:00,18,3,5,0,1,2.0,HIGH,0.1,0.1,0.7,0.1,1,4,15.42,0.1542,0,13.117531,80.246309,6,0,0.23,0
COMP-SLA-13404,Drainage Complaint - COMP-SLA-13404,Slow drainage runoff on commercial market road,drainage,DEPT_DRAINAGE,2025-04-24T08:15:00,8,3,4,0,1,9.0,LOW,0.7,0.1,0.1,0.1,1,4,57.59,0.5759,0,13.177286,80.227128,7,0,2.49,0
COMP-SLA-12367,Roads Complaint - COMP-SLA-12367,Massive pothole causing severe traffic delay near main intersection,roads,DEPT_ROADS,2025-03-08T19:33:00,19,5,3,1,0,3.0,CRITICAL,0.1,0.1,0.1,0.7,1,5,22.04,0.2204,0,12.981422,80.420502,9,0,11.7,1
COMP-SLA-10087,Garbage Complaint - COMP-SLA-10087,Illegal dumping of commercial debris in public park,garbage,DEPT_SANITATION,2025-01-30T12:55:00,12,3,1,0,1,6.0,HIGH,0.1,0.1,0.7,0.1,3,12,62.48,0.6248,1,13.087079,80.417136,8,0,9.97,1
COMP-SLA-13291,Roads Complaint - COMP-SLA-13291,Massive pothole causing severe traffic delay near main intersection,roads,DEPT_ROADS,2025-04-08T11:38:00,11,1,4,0,1,3.0,CRITICAL,0.1,0.1,0.1,0.7,1,5,43.95,0.4395,0,13.062148,80.306998,9,0,0.2,0
COMP-SLA-12211,Infrastructure Complaint - COMP-SLA-12211,Collapsed public park boundary wall blocking walkway,infrastructure,DEPT_WORKS,2025-01-03T05:04:00,5,4,1,0,0,12.0,HIGH,0.1,0.1,0.7,0.1,5,30,69.05,0.6905,1,13.232061,80.180491,7,2,23.96,1
COMP-SLA-12288,Infrastructure Complaint - COMP-SLA-12288,Damaged bus shelter roof leaning precariously,infrastructure,DEPT_WORKS,2025-03-15T08:53:00,8,5,3,1,0,24.0,MEDIUM,0.1,0.7,0.1,0.1,1,3,22.11,0.2211,0,13.098446,80.293837,6,0,12.52,0
COMP-SLA-11966,Infrastructure Complaint - COMP-SLA-11966,Minor paint peeling on government office gate,infrastructure,DEPT_WORKS,2025-05-14T18:58:00,18,2,5,0,1,36.0,LOW,0.7,0.1,0.1,0.1,1,1,34.77,0.3477,0,13.07935,80.121983,7,0,22.33,0
COMP-SLA-12230,Water Complaint - COMP-SLA-12230,Low water pressure in residential high-rise complex,water,DEPT_WATER,2025-03-31T02:08:00,2,0,3,0,0,4.0,MEDIUM,0.1,0.7,0.1,0.1,5,15,89.92,0.8992,1,12.94151,80.392035,7,0,14.27,1
COMP-SLA-11732,Garbage Complaint - COMP-SLA-11732,Illegal dumping of commercial debris in public park,garbage,DEPT_SANITATION,2025-01-28T14:34:00,14,1,1,0,1,6.0,HIGH,0.1,0.1,0.7,0.1,1,2,19.47,0.1947,0,13.21085,80.259977,8,0,4.11,0
COMP-SLA-10856,Drainage Complaint - COMP-SLA-10856,Open manhole cover on main sidewalk presents fatal hazard,drainage,DEPT_DRAINAGE,2025-03-10T18:25:00,18,0,3,0,1,3.0,HIGH,0.1,0.1,0.7,0.1,1,2,61.73,0.6173,1,13.124132,80.357887,9,2,7.81,1
COMP-SLA-11898,Roads Complaint - COMP-SLA-11898,Road cave-in reported on highway access lane,roads,DEPT_ROADS,2025-02-14T08:08:00,8,4,2,0,1,6.0,HIGH,0.1,0.1,0.7,0.1,3,12,61.63,0.6163,1,13.204068,80.370192,7,0,3.85,0
COMP-SLA-10079,Drainage Complaint - COMP-SLA-10079,Clogged storm drain causing severe waterlogging during rain,drainage,DEPT_DRAINAGE,2025-05-22T02:10:00,2,3,5,0,0,3.0,HIGH,0.1,0.1,0.7,0.1,1,3,56.41,0.5641,0,12.933503,80.255851,8,0,5.26,1
COMP-SLA-10945,Other Complaint - COMP-SLA-10945,Unsanitary public toilet conditions in central market,other,DEPT_GENERAL,2025-05-28T06:41:00,6,2,5,0,0,6.0,HIGH,0.1,0.1,0.7,0.1,1,1,80.89,0.8089,1,12.981063,80.289449,7,0,19.81,1
COMP-SLA-10200,Water Complaint - COMP-SLA-10200,Minor leak near public water standpost,water,DEPT_WATER,2025-06-19T15:33:00,15,3,6,0,1,4.0,MEDIUM,0.1,0.7,0.1,0.1,1,5,43.67,0.4367,0,13.045747,80.407706,6,0,4.24,1
COMP-SLA-12116,Drainage Complaint - COMP-SLA-12116,Foul stench and black water coming from open drainage pipe,drainage,DEPT_DRAINAGE,2025-05-29T19:01:00,19,3,5,0,0,6.0,MEDIUM,0.1,0.7,0.1,0.1,1,5,13.56,0.1356,0,13.066216,80.30892,10,0,8.81,1
COMP-SLA-11892,Drainage Complaint - COMP-SLA-11892,Clogged storm drain causing severe waterlogging during rain,drainage,DEPT_DRAINAGE,2025-03-07T08:58:00,8,4,3,0,1,1.5,CRITICAL,0.1,0.1,0.1,0.7,1,1,24.88,0.2488,0,13.133708,80.228539,8,0,0.54,0
COMP-SLA-10802,Water Complaint - COMP-SLA-10802,Low water pressure in residential high-rise complex,water,DEPT_WATER,2025-04-17T05:09:00,5,3,4,0,0,2.0,HIGH,0.1,0.1,0.7,0.1,1,6,43.48,0.4348,0,13.084436,80.266129,7,0,9.36,1
COMP-SLA-13483,Water Complaint - COMP-SLA-13483,Minor leak near public water standpost,water,DEPT_WATER,2025-05-02T15:23:00,15,4,5,0,1,4.0,MEDIUM,0.1,0.7,0.1,0.1,1,1,53.1,0.531,0,13.103087,80.228964,6,0,0.91,0
COMP-SLA-14163,Streetlights Complaint - COMP-SLA-14163,Single street lamp bulb burnt out on quiet street,streetlights,DEPT_ELECTRICITY,2025-02-17T02:06:00,2,0,2,0,0,4.0,MEDIUM,0.1,0.7,0.1,0.1,1,1,29.36,0.2936,0,13.213405,80.205292,9,0,8.5,1
COMP-SLA-12733,Garbage Complaint - COMP-SLA-12733,Foul smell from uncleared waste bin near apartment entrance,garbage,DEPT_SANITATION,2025-06-13T14:03:00,14,4,6,0,1,6.0,HIGH,0.1,0.1,0.7,0.1,3,6,73.52,0.7352,1,13.120638,80.313468,9,0,2.36,0
COMP-SLA-12331,Other Complaint - COMP-SLA-12331,Stray dog menace near elementary school playground,other,DEPT_GENERAL,2025-02-04T05:19:00,5,1,2,0,0,6.0,HIGH,0.1,0.1,0.7,0.1,1,4,90.22,0.9022,1,13.183606,80.148794,7,1,19.94,1
COMP-SLA-10232,Roads Complaint - COMP-SLA-10232,Massive pothole causing severe traffic delay near main intersection,roads,DEPT_ROADS,2025-04-05T02:34:00,2,5,4,1,0,3.0,CRITICAL,0.1,0.1,0.1,0.7,1,6,25.5,0.255,0,13.150075,80.177844,9,0,11.52,1
COMP-SLA-11642,Water Complaint - COMP-SLA-11642,Low water pressure in residential high-rise complex,water,DEPT_WATER,2025-03-06T00:27:00,0,3,3,0,0,4.0,MEDIUM,0.1,0.7,0.1,0.1,1,6,84.45,0.8445,1,13.071775,80.139121,7,0,17.49,1
COMP-SLA-11034,Streetlights Complaint - COMP-SLA-11034,Entire street light network down making dark alley unsafe at night,streetlights,DEPT_ELECTRICITY,2025-02-09T03:18:00,3,6,2,1,0,2.0,HIGH,0.1,0.1,0.7,0.1,1,4,81.11,0.8111,1,13.045447,80.29174,11,0,18.94,1
COMP-SLA-12964,Garbage Complaint - COMP-SLA-12964,Illegal dumping of commercial debris in public park,garbage,DEPT_SANITATION,2025-05-26T13:28:00,13,0,5,0,1,6.0,HIGH,0.1,0.1,0.7,0.1,1,5,90.32,0.9032,1,13.163288,80.386032,8,0,23.91,1
COMP-SLA-12405,Water Complaint - COMP-SLA-12405,Contaminated muddy water coming from municipal tap supply,water,DEPT_WATER,2025-01-19T15:22:00,15,6,1,1,0,2.0,HIGH,0.1,0.1,0.7,0.1,8,48,71.97,0.7197,1,12.951333,80.246413,8,0,13.43,1
COMP-SLA-11584,Drainage Complaint - COMP-SLA-11584,Overflowing sewage line flooding residential street and homes,drainage,DEPT_DRAINAGE,2025-05-04T02:14:00,2,6,5,1,0,1.5,CRITICAL,0.1,0.1,0.1,0.7,2,2,87.86,0.8786,1,13.073192,80.415059,8,2,10.28,1
COMP-SLA-12432,Garbage Complaint - COMP-SLA-12432,Uncollected garbage pile attracting stray animals near hospital gate,garbage,DEPT_SANITATION,2025-04-04T04:01:00,4,4,4,0,0,6.0,HIGH,0.1,0.1,0.7,0.1,8,32,65.41,0.6541,1,13.115193,80.22239,9,1,28.13,1
COMP-SLA-13188,Garbage Complaint - COMP-SLA-13188,Illegal dumping of commercial debris in public park,garbage,DEPT_SANITATION,2025-03-22T14:43:00,14,5,3,1,0,6.0,HIGH,0.1,0.1,0.7,0.1,1,3,82.61,0.8261,1,13.202897,80.318534,8,0,14.72,1
COMP-SLA-13151,Roads Complaint - COMP-SLA-13151,Road cave-in reported on highway access lane,roads,DEPT_ROADS,2025-03-30T02:36:00,2,6,3,1,0,6.0,HIGH,0.1,0.1,0.7,0.1,1,4,24.21,0.2421,0,13.221201,80.365537,7,0,10.87,1
COMP-SLA-11905,Roads Complaint - COMP-SLA-11905,Road cave-in reported on highway access lane,roads,DEPT_ROADS,2025-04-18T17:41:00,17,4,4,0,1,6.0,HIGH,0.1,0.1,0.7,0.1,1,5,38.82,0.3882,0,12.974176,80.215159,7,0,5.75,0
COMP-SLA-10393,Roads Complaint - COMP-SLA-10393,Massive pothole causing severe traffic delay near main intersection,roads,DEPT_ROADS,2025-01-27T13:58:00,13,0,1,0,1,6.0,HIGH,0.1,0.1,0.7,0.1,1,5,64.45,0.6445,1,13.109925,80.361379,9,0,6.23,1
COMP-SLA-11144,Garbage Complaint - COMP-SLA-11144,Uncollected garbage pile attracting stray animals near hospital gate,garbage,DEPT_SANITATION,2025-01-10T15:32:00,15,4,1,0,1,6.0,HIGH,0.1,0.1,0.7,0.1,1,2,45.37,0.4537,0,13.000274,80.225777,9,1,3.5,0
COMP-SLA-13848,Streetlights Complaint - COMP-SLA-13848,Entire street light network down making dark alley unsafe at night,streetlights,DEPT_ELECTRICITY,2025-04-08T18:48:00,18,1,4,0,1,1.0,CRITICAL,0.1,0.1,0.1,0.7,1,3,86.74,0.8674,1,13.187783,80.183915,11,0,5.27,1
COMP-SLA-10192,Garbage Complaint - COMP-SLA-10192,Minor littering near bus shelter,garbage,DEPT_SANITATION,2025-06-09T21:39:00,21,0,6,0,0,12.0,MEDIUM,0.1,0.7,0.1,0.1,1,3,37.42,0.3742,0,12.968343,80.413225,5,0,28.69,1
COMP-SLA-10105,Other Complaint - COMP-SLA-10105,Noise pollution from unauthorized loudspeaker after midnight,other,DEPT_GENERAL,2025-06-05T11:14:00,11,3,6,0,1,12.0,MEDIUM,0.1,0.7,0.1,0.1,5,30,64.39,0.6439,1,13.123685,80.306967,7,0,27.63,1
COMP-SLA-13362,Drainage Complaint - COMP-SLA-13362,Overflowing sewage line flooding residential street and homes,drainage,DEPT_DRAINAGE,2025-06-24T23:30:00,23,1,6,0,0,3.0,HIGH,0.1,0.1,0.7,0.1,1,1,56.4,0.564,0,12.935588,80.347804,8,2,9.14,1
COMP-SLA-14170,Streetlights Complaint - COMP-SLA-14170,Live high-voltage electric wire hanging dangerously low near school,streetlights,DEPT_ELECTRICITY,2025-04-23T05:14:00,5,2,4,0,0,1.0,CRITICAL,0.1,0.1,0.1,0.7,1,1,59.88,0.5988,0,13.218556,80.220357,9,2,10.26,1
COMP-SLA-11617,Other Complaint - COMP-SLA-11617,Unsanitary public toilet conditions in central market,other,DEPT_GENERAL,2025-01-17T08:11:00,8,4,1,0,1,6.0,HIGH,0.1,0.1,0.7,0.1,1,5,11.54,0.1154,0,12.966711,80.256087,7,0,21.59,1
COMP-SLA-12216,Water Complaint - COMP-SLA-12216,Minor leak near public water standpost,water,DEPT_WATER,2025-06-08T01:24:00,1,6,6,1,0,4.0,MEDIUM,0.1,0.7,0.1,0.1,1,5,32.0,0.32,0,12.935372,80.359247,6,0,14.91,1
COMP-SLA-11919,Roads Complaint - COMP-SLA-11919,Massive pothole causing severe traffic delay near main intersection,roads,DEPT_ROADS,2025-03-13T02:38:00,2,3,3,0,0,6.0,HIGH,0.1,0.1,0.7,0.1,1,3,13.09,0.1309,0,13.146531,80.241544,9,0,7.86,1
COMP-SLA-13591,Other Complaint - COMP-SLA-13591,Unsanitary public toilet conditions in central market,other,DEPT_GENERAL,2025-06-25T13:35:00,13,2,6,0,1,3.0,CRITICAL,0.1,0.1,0.1,0.7,1,4,0.26,0.0026,0,13.078928,80.24858,7,0,6.35,1
COMP-SLA-11747,Water Complaint - COMP-SLA-11747,Minor leak near public water standpost,water,DEPT_WATER,2025-05-20T00:10:00,0,1,5,0,0,4.0,MEDIUM,0.1,0.7,0.1,0.1,8,8,80.83,0.8083,1,12.970762,80.396276,6,0,21.64,1
COMP-SLA-12408,Other Complaint - COMP-SLA-12408,Unsanitary public toilet conditions in central market,other,DEPT_GENERAL,2025-05-17T13:55:00,13,5,5,1,0,3.0,CRITICAL,0.1,0.1,0.1,0.7,1,6,93.71,0.9371,1,12.971301,80.188348,7,0,17.37,1
COMP-SLA-11913,Drainage Complaint - COMP-SLA-11913,Slow drainage runoff on commercial market road,drainage,DEPT_DRAINAGE,2025-05-01T16:43:00,16,3,5,0,1,9.0,LOW,0.7,0.1,0.1,0.1,1,3,58.36,0.5836,0,13.130824,80.266289,7,0,35.34,1
COMP-SLA-12743,Infrastructure Complaint - COMP-SLA-12743,Minor paint peeling on government office gate,infrastructure,DEPT_WORKS,2025-06-19T11:41:00,11,3,6,0,1,36.0,LOW,0.7,0.1,0.1,0.1,1,4,15.2,0.152,0,13.09681,80.249388,7,0,5.49,0
COMP-SLA-13292,Drainage Complaint - COMP-SLA-13292,Foul stench and black water coming from open drainage pipe,drainage,DEPT_DRAINAGE,2025-05-07T10:36:00,10,2,5,0,1,3.0,HIGH,0.1,0.1,0.7,0.1,1,3,92.74,0.9274,1,13.035678,80.291713,10,0,8.35,1
COMP-SLA-11588,Infrastructure Complaint - COMP-SLA-11588,Broken railing on canal overbridge,infrastructure,DEPT_WORKS,2025-06-01T09:51:00,9,6,6,1,0,24.0,MEDIUM,0.1,0.7,0.1,0.1,1,2,14.06,0.1406,0,13.191638,80.152649,5,0,21.15,0
COMP-SLA-12603,Infrastructure Complaint - COMP-SLA-12603,Broken railing on canal overbridge,infrastructure,DEPT_WORKS,2025-04-04T11:49:00,11,4,4,0,1,24.0,MEDIUM,0.1,0.7,0.1,0.1,1,4,80.92,0.8092,1,13.08416,80.386654,5,0,29.03,1
COMP-SLA-11658,Infrastructure Complaint - COMP-SLA-11658,Minor paint peeling on government office gate,infrastructure,DEPT_WORKS,2025-05-28T08:00:00,8,2,5,0,1,36.0,LOW,0.7,0.1,0.1,0.1,1,4,33.91,0.3391,0,13.060832,80.225388,7,0,9.19,0
COMP-SLA-12633,Roads Complaint - COMP-SLA-12633,Minor tar peeling on residential side street,roads,DEPT_ROADS,2025-04-24T05:06:00,5,3,4,0,0,18.0,LOW,0.7,0.1,0.1,0.1,1,2,57.02,0.5702,0,13.078312,80.406084,7,0,4.32,0
COMP-SLA-12615,Water Complaint - COMP-SLA-12615,Contaminated muddy water coming from municipal tap supply,water,DEPT_WATER,2025-06-17T08:18:00,8,1,6,0,1,2.0,HIGH,0.1,0.1,0.7,0.1,1,6,43.14,0.4314,0,13.073559,80.243697,8,0,0.53,0
COMP-SLA-12246,Infrastructure Complaint - COMP-SLA-12246,Broken railing on canal overbridge,infrastructure,DEPT_WORKS,2025-03-21T19:47:00,19,4,3,0,0,24.0,MEDIUM,0.1,0.7,0.1,0.1,1,4,78.26,0.7826,1,13.218019,80.247865,5,0,24.09,1
COMP-SLA-10703,Garbage Complaint - COMP-SLA-10703,Overflowing community dump bin spilling onto main road,garbage,DEPT_SANITATION,2025-02-01T07:53:00,7,5,2,1,0,3.0,CRITICAL,0.1,0.1,0.1,0.7,8,40,72.66,0.7266,1,13.060111,80.270433,8,1,21.54,1
COMP-SLA-12342,Water Complaint - COMP-SLA-12342,No water supply for last 48 hours in entire neighborhood block,water,DEPT_WATER,2025-05-09T12:36:00,12,4,5,0,1,4.0,MEDIUM,0.1,0.7,0.1,0.1,1,3,94.76,0.9476,1,13.009359,80.291782,11,0,7.45,1
COMP-SLA-11925,Other Complaint - COMP-SLA-11925,Noise pollution from unauthorized loudspeaker after midnight,other,DEPT_GENERAL,2025-01-15T02:31:00,2,2,1,0,0,12.0,MEDIUM,0.1,0.7,0.1,0.1,1,2,77.6,0.776,1,13.088751,80.404296,7,0,30.47,1
COMP-SLA-13637,Water Complaint - COMP-SLA-13637,Contaminated muddy water coming from municipal tap supply,water,DEPT_WATER,2025-03-10T03:03:00,3,0,3,0,0,1.0,CRITICAL,0.1,0.1,0.1,0.7,1,4,28.48,0.2848,0,13.168455,80.140938,8,0,13.57,1
COMP-SLA-10995,Roads Complaint - COMP-SLA-10995,Minor tar peeling on residential side street,roads,DEPT_ROADS,2025-02-04T13:57:00,13,1,2,0,1,12.0,MEDIUM,0.1,0.7,0.1,0.1,1,1,5.44,0.0544,0,13.116145,80.218091,7,0,3.76,0
COMP-SLA-10465,Garbage Complaint - COMP-SLA-10465,Minor littering near bus shelter,garbage,DEPT_SANITATION,2025-06-07T05:43:00,5,5,6,1,0,18.0,LOW,0.7,0.1,0.1,0.1,1,2,0.03,0.0003,0,12.943518,80.192477,5,0,46.13,1
COMP-SLA-11755,Streetlights Complaint - COMP-SLA-11755,Sparking electrical transformer near residential area,streetlights,DEPT_ELECTRICITY,2025-04-08T23:39:00,23,1,4,0,0,2.0,HIGH,0.1,0.1,0.7,0.1,1,6,3.64,0.0364,0,13.032263,80.257691,6,1,10.46,1
COMP-SLA-11719,Water Complaint - COMP-SLA-11719,Contaminated muddy water coming from municipal tap supply,water,DEPT_WATER,2025-06-01T11:34:00,11,6,6,1,0,1.0,CRITICAL,0.1,0.1,0.1,0.7,1,5,25.27,0.2527,0,13.135666,80.250944,8,0,10.71,1
COMP-SLA-13585,Roads Complaint - COMP-SLA-13585,Road cave-in reported on highway access lane,roads,DEPT_ROADS,2025-04-04T03:14:00,3,4,4,0,0,6.0,HIGH,0.1,0.1,0.7,0.1,1,2,56.56,0.5656,0,12.944745,80.143743,7,0,15.16,1
COMP-SLA-12336,Streetlights Complaint - COMP-SLA-12336,Live high-voltage electric wire hanging dangerously low near school,streetlights,DEPT_ELECTRICITY,2025-03-18T04:12:00,4,1,3,0,0,1.0,CRITICAL,0.1,0.1,0.1,0.7,1,3,26.22,0.2622,0,13.147325,80.237427,9,2,5.5,1
COMP-SLA-11237,Streetlights Complaint - COMP-SLA-11237,Live high-voltage electric wire hanging dangerously low near school,streetlights,DEPT_ELECTRICITY,2025-04-24T20:45:00,20,3,4,0,0,2.0,HIGH,0.1,0.1,0.7,0.1,1,2,51.69,0.5169,0,12.951398,80.149943,9,2,13.35,1
COMP-SLA-12608,Water Complaint - COMP-SLA-12608,Low water pressure in residential high-rise complex,water,DEPT_WATER,2025-02-13T06:32:00,6,3,2,0,0,2.0,HIGH,0.1,0.1,0.7,0.1,5,10,82.67,0.8267,1,13.148735,80.157214,7,0,10.3,1
COMP-SLA-11967,Other Complaint - COMP-SLA-11967,Unauthorized hawker encroachment blocking shop entrance,other,DEPT_GENERAL,2025-01-29T16:27:00,16,2,1,0,1,12.0,MEDIUM,0.1,0.7,0.1,0.1,1,1,52.27,0.5227,0,12.996131,80.232129,6,1,1.71,0
COMP-SLA-10213,Garbage Complaint - COMP-SLA-10213,Uncollected garbage pile attracting stray animals near hospital gate,garbage,DEPT_SANITATION,2025-04-09T07:28:00,7,2,4,0,0,3.0,CRITICAL,0.1,0.1,0.1,0.7,1,6,28.68,0.2868,0,13.158827,80.40691,9,1,11.95,1
COMP-SLA-11037,Roads Complaint - COMP-SLA-11037,Road cave-in reported on highway access lane,roads,DEPT_ROADS,2025-03-13T14:02:00,14,3,3,0,1,12.0,MEDIUM,0.1,0.7,0.1,0.1,1,2,13.82,0.1382,0,13.096224,80.40526,7,0,3.49,0
COMP-SLA-14127,Water Complaint - COMP-SLA-14127,Minor leak near public water standpost,water,DEPT_WATER,2025-05-02T16:16:00,16,4,5,0,1,6.0,LOW,0.7,0.1,0.1,0.1,1,4,79.34,0.7934,1,13.109088,80.186064,6,0,11.6,1
COMP-SLA-10901,Streetlights Complaint - COMP-SLA-10901,Entire street light network down making dark alley unsafe at night,streetlights,DEPT_ELECTRICITY,2025-03-07T12:29:00,12,4,3,0,1,2.0,HIGH,0.1,0.1,0.7,0.1,1,4,53.4,0.534,0,13.024454,80.205668,11,0,0.33,0
COMP-SLA-11447,Streetlights Complaint - COMP-SLA-11447,Entire street light network down making dark alley unsafe at night,streetlights,DEPT_ELECTRICITY,2025-06-21T06:40:00,6,5,6,1,0,2.0,HIGH,0.1,0.1,0.7,0.1,1,3,90.13,0.9013,1,13.02891,80.334122,11,0,18.48,1
COMP-SLA-11872,Garbage Complaint - COMP-SLA-11872,Foul smell from uncleared waste bin near apartment entrance,garbage,DEPT_SANITATION,2025-04-16T01:20:00,1,2,4,0,0,6.0,HIGH,0.1,0.1,0.7,0.1,1,3,1.36,0.0136,0,13.169453,80.199339,9,0,8.16,1
COMP-SLA-12081,Drainage Complaint - COMP-SLA-12081,Overflowing sewage line flooding residential street and homes,drainage,DEPT_DRAINAGE,2025-03-16T04:09:00,4,6,3,1,0,1.5,CRITICAL,0.1,0.1,0.1,0.7,5,15,64.52,0.6452,1,12.966596,80.173544,8,2,20.22,1
COMP-SLA-11958,Streetlights Complaint - COMP-SLA-11958,Entire street light network down making dark alley unsafe at night,streetlights,DEPT_ELECTRICITY,2025-03-20T10:54:00,10,3,3,0,1,2.0,HIGH,0.1,0.1,0.7,0.1,3,3,74.81,0.7481,1,12.961275,80.12527,11,0,6.62,1
COMP-SLA-11615,Streetlights Complaint - COMP-SLA-11615,Live high-voltage electric wire hanging dangerously low near school,streetlights,DEPT_ELECTRICITY,2025-02-03T23:46:00,23,0,2,0,0,2.0,HIGH,0.1,0.1,0.7,0.1,2,4,63.82,0.6382,1,13.010158,80.317937,9,2,16.85,1
COMP-SLA-10742,Other Complaint - COMP-SLA-10742,Stray dog menace near elementary school playground,other,DEPT_GENERAL,2025-06-29T05:03:00,5,6,6,1,0,3.0,CRITICAL,0.1,0.1,0.1,0.7,1,1,24.71,0.2471,0,13.05301,80.249371,7,1,14.33,1
COMP-SLA-13798,Water Complaint - COMP-SLA-13798,Minor leak near public water standpost,water,DEPT_WATER,2025-03-29T16:31:00,16,5,3,1,0,4.0,MEDIUM,0.1,0.7,0.1,0.1,1,2,27.51,0.2751,0,13.028635,80.160729,6,0,10.0,1
COMP-SLA-13340,Roads Complaint - COMP-SLA-13340,Minor tar peeling on residential side street,roads,DEPT_ROADS,2025-02-18T23:30:00,23,1,2,0,0,12.0,MEDIUM,0.1,0.7,0.1,0.1,1,4,65.65,0.6565,1,13.176586,80.130878,7,0,26.18,1
COMP-SLA-12103,Garbage Complaint - COMP-SLA-12103,Uncollected garbage pile attracting stray animals near hospital gate,garbage,DEPT_SANITATION,2025-02-15T08:15:00,8,5,2,1,0,3.0,CRITICAL,0.1,0.1,0.1,0.7,1,1,52.23,0.5223,0,13.198589,80.390443,9,1,13.71,1
COMP-SLA-12883,Infrastructure Complaint - COMP-SLA-12883,Pedestrian footbridge concrete pillar showing structural cracks,infrastructure,DEPT_WORKS,2025-04-16T09:59:00,9,2,4,0,1,6.0,CRITICAL,0.1,0.1,0.1,0.7,1,2,28.73,0.2873,0,13.192819,80.26977,7,0,0.97,0
COMP-SLA-11207,Garbage Complaint - COMP-SLA-11207,Uncollected garbage pile attracting stray animals near hospital gate,garbage,DEPT_SANITATION,2025-01-19T16:46:00,16,6,1,1,0,6.0,HIGH,0.1,0.1,0.7,0.1,1,6,1.91,0.0191,0,13.143747,80.340492,9,1,17.13,1
COMP-SLA-10510,Infrastructure Complaint - COMP-SLA-10510,Broken railing on canal overbridge,infrastructure,DEPT_WORKS,2025-05-19T22:31:00,22,0,5,0,0,12.0,HIGH,0.1,0.1,0.7,0.1,1,6,33.03,0.3303,0,12.989633,80.176688,5,0,19.55,1
COMP-SLA-10598,Garbage Complaint - COMP-SLA-10598,Illegal dumping of commercial debris in public park,garbage,DEPT_SANITATION,2025-03-14T00:15:00,0,4,3,0,0,12.0,MEDIUM,0.1,0.7,0.1,0.1,1,6,59.4,0.594,0,13.062215,80.297749,8,0,9.42,0
COMP-SLA-12094,Roads Complaint - COMP-SLA-12094,Massive pothole causing severe traffic delay near main intersection,roads,DEPT_ROADS,2025-05-30T03:33:00,3,4,5,0,0,6.0,HIGH,0.1,0.1,0.7,0.1,1,3,5.56,0.0556,0,13.030715,80.287582,9,0,17.0,1
COMP-SLA-12585,Drainage Complaint - COMP-SLA-12585,Open manhole cover on main sidewalk presents fatal hazard,drainage,DEPT_DRAINAGE,2025-06-25T08:34:00,8,2,6,0,1,6.0,MEDIUM,0.1,0.7,0.1,0.1,3,18,78.42,0.7842,1,13.17107,80.205134,9,2,7.29,1
COMP-SLA-10982,Drainage Complaint - COMP-SLA-10982,Clogged storm drain causing severe waterlogging during rain,drainage,DEPT_DRAINAGE,2025-01-01T01:42:00,1,2,1,0,0,3.0,HIGH,0.1,0.1,0.7,0.1,1,5,44.85,0.4485,0,13.156126,80.184293,8,0,8.1,1
COMP-SLA-11728,Infrastructure Complaint - COMP-SLA-11728,Minor paint peeling on government office gate,infrastructure,DEPT_WORKS,2025-04-11T05:03:00,5,4,4,0,0,24.0,MEDIUM,0.1,0.7,0.1,0.1,1,4,13.27,0.1327,0,13.146995,80.255408,7,0,107.61,1
COMP-SLA-13804,Garbage Complaint - COMP-SLA-13804,Illegal dumping of commercial debris in public park,garbage,DEPT_SANITATION,2025-06-04T09:40:00,9,2,6,0,1,6.0,HIGH,0.1,0.1,0.7,0.1,1,2,15.97,0.1597,0,13.073858,80.331804,8,0,17.26,1
COMP-SLA-10519,Roads Complaint - COMP-SLA-10519,Minor tar peeling on residential side street,roads,DEPT_ROADS,2025-06-22T14:44:00,14,6,6,1,0,12.0,MEDIUM,0.1,0.7,0.1,0.1,1,2,15.85,0.1585,0,13.132273,80.385547,7,0,46.16,1
COMP-SLA-11745,Drainage Complaint - COMP-SLA-11745,Foul stench and black water coming from open drainage pipe,drainage,DEPT_DRAINAGE,2025-05-26T04:46:00,4,0,5,0,0,3.0,HIGH,0.1,0.1,0.7,0.1,1,5,89.02,0.8902,1,12.954559,80.316091,10,0,11.92,1
COMP-SLA-10768,Streetlights Complaint - COMP-SLA-10768,Live high-voltage electric wire hanging dangerously low near school,streetlights,DEPT_ELECTRICITY,2025-06-19T14:11:00,14,3,6,0,1,2.0,HIGH,0.1,0.1,0.7,0.1,1,4,4.3,0.043,0,13.168553,80.373573,9,2,2.93,1
COMP-SLA-14086,Streetlights Complaint - COMP-SLA-14086,Sparking electrical transformer near residential area,streetlights,DEPT_ELECTRICITY,2025-06-03T11:08:00,11,1,6,0,1,4.0,MEDIUM,0.1,0.7,0.1,0.1,1,5,37.73,0.3773,0,13.154849,80.385442,6,1,0.2,0
COMP-SLA-11652,Other Complaint - COMP-SLA-11652,General inquiry regarding municipal service timing,other,DEPT_GENERAL,2025-05-07T07:27:00,7,2,5,0,0,12.0,MEDIUM,0.1,0.7,0.1,0.1,1,5,7.25,0.0725,0,13.219951,80.125629,6,0,15.99,1
COMP-SLA-12651,Streetlights Complaint - COMP-SLA-12651,Sparking electrical transformer near residential area,streetlights,DEPT_ELECTRICITY,2025-05-26T17:36:00,17,0,5,0,1,4.0,MEDIUM,0.1,0.7,0.1,0.1,1,6,23.11,0.2311,0,13.205059,80.165251,6,1,0.66,0
COMP-SLA-13652,Streetlights Complaint - COMP-SLA-13652,Sparking electrical transformer near residential area,streetlights,DEPT_ELECTRICITY,2025-05-21T05:36:00,5,2,5,0,0,2.0,HIGH,0.1,0.1,0.7,0.1,1,5,70.08,0.7008,1,12.950563,80.219458,6,1,9.01,1
COMP-SLA-12969,Roads Complaint - COMP-SLA-12969,Minor tar peeling on residential side street,roads,DEPT_ROADS,2025-03-27T19:55:00,19,3,3,0,0,18.0,LOW,0.7,0.1,0.1,0.1,2,6,72.08,0.7208,1,13.02454,80.413724,7,0,50.96,1
COMP-SLA-10422,Drainage Complaint - COMP-SLA-10422,Slow drainage runoff on commercial market road,drainage,DEPT_DRAINAGE,2025-01-11T21:56:00,21,5,1,1,0,9.0,LOW,0.7,0.1,0.1,0.1,2,6,89.77,0.8977,1,13.028981,80.39548,7,0,22.92,1
COMP-SLA-10124,Streetlights Complaint - COMP-SLA-10124,Live high-voltage electric wire hanging dangerously low near school,streetlights,DEPT_ELECTRICITY,2025-04-20T10:42:00,10,6,4,1,0,1.0,CRITICAL,0.1,0.1,0.1,0.7,2,2,65.25,0.6525,1,13.009167,80.406778,9,2,7.51,1
COMP-SLA-13290,Other Complaint - COMP-SLA-13290,Stray dog menace near elementary school playground,other,DEPT_GENERAL,2025-03-13T06:20:00,6,3,3,0,0,3.0,CRITICAL,0.1,0.1,0.1,0.7,2,8,60.41,0.6041,1,13.05381,80.127053,7,1,12.74,1
COMP-SLA-11816,Garbage Complaint - COMP-SLA-11816,Illegal dumping of commercial debris in public park,garbage,DEPT_SANITATION,2025-02-10T21:40:00,21,0,2,0,0,6.0,HIGH,0.1,0.1,0.7,0.1,1,1,67.48,0.6748,1,13.125312,80.187251,8,0,23.68,1
COMP-SLA-11245,Infrastructure Complaint - COMP-SLA-11245,Collapsed public park boundary wall blocking walkway,infrastructure,DEPT_WORKS,2025-02-21T05:18:00,5,4,2,0,0,6.0,CRITICAL,0.1,0.1,0.1,0.7,1,3,8.78,0.0878,0,13.010506,80.252579,7,2,15.8,1
COMP-SLA-10820,Roads Complaint - COMP-SLA-10820,Road surface cracked and unpaved causing risk for two-wheelers,roads,DEPT_ROADS,2025-05-23T14:02:00,14,4,5,0,1,3.0,CRITICAL,0.1,0.1,0.1,0.7,1,6,78.79,0.7879,1,12.933,80.260096,9,0,8.69,1
COMP-SLA-11404,Water Complaint - COMP-SLA-11404,Main pipeline burst wasting thousands of liters of clean water,water,DEPT_WATER,2025-02-18T20:39:00,20,1,2,0,0,2.0,HIGH,0.1,0.1,0.7,0.1,1,6,92.7,0.927,1,13.08216,80.281264,10,1,20.59,1
COMP-SLA-11383,Water Complaint - COMP-SLA-11383,Contaminated muddy water coming from municipal tap supply,water,DEPT_WATER,2025-05-10T22:41:00,22,5,5,1,0,1.0,CRITICAL,0.1,0.1,0.1,0.7,1,4,51.13,0.5113,0,13.100846,80.347731,8,0,12.63,1
COMP-SLA-10101,Garbage Complaint - COMP-SLA-10101,Overflowing community dump bin spilling onto main road,garbage,DEPT_SANITATION,2025-05-30T04:14:00,4,4,5,0,0,3.0,CRITICAL,0.1,0.1,0.1,0.7,1,1,24.26,0.2426,0,13.071045,80.196893,8,1,13.06,1
COMP-SLA-13801,Other Complaint - COMP-SLA-13801,Unsanitary public toilet conditions in central market,other,DEPT_GENERAL,2025-03-26T11:25:00,11,2,3,0,1,6.0,HIGH,0.1,0.1,0.7,0.1,1,2,41.04,0.4104,0,13.219272,80.39486,7,0,1.48,0
COMP-SLA-11576,Roads Complaint - COMP-SLA-11576,Road cave-in reported on highway access lane,roads,DEPT_ROADS,2025-03-04T04:57:00,4,1,3,0,0,12.0,MEDIUM,0.1,0.7,0.1,0.1,1,3,35.53,0.3553,0,13.124707,80.151085,7,0,9.5,0
COMP-SLA-11639,Roads Complaint - COMP-SLA-11639,Massive pothole causing severe traffic delay near main intersection,roads,DEPT_ROADS,2025-01-29T22:00:00,22,2,1,0,0,6.0,HIGH,0.1,0.1,0.7,0.1,1,2,42.47,0.4247,0,13.056707,80.223107,9,0,31.78,1
COMP-SLA-11284,Garbage Complaint - COMP-SLA-11284,Uncollected garbage pile attracting stray animals near hospital gate,garbage,DEPT_SANITATION,2025-04-12T06:13:00,6,5,4,1,0,6.0,HIGH,0.1,0.1,0.7,0.1,1,2,16.97,0.1697,0,13.230339,80.291924,9,1,11.71,1
COMP-SLA-13984,Roads Complaint - COMP-SLA-13984,Road cave-in reported on highway access lane,roads,DEPT_ROADS,2025-06-19T02:35:00,2,3,6,0,0,12.0,MEDIUM,0.1,0.7,0.1,0.1,8,8,91.94,0.9194,1,13.033152,80.396244,7,0,20.54,1
COMP-SLA-13282,Infrastructure Complaint - COMP-SLA-13282,Broken railing on canal overbridge,infrastructure,DEPT_WORKS,2025-05-16T12:53:00,12,4,5,0,1,24.0,MEDIUM,0.1,0.7,0.1,0.1,1,1,36.11,0.3611,0,13.168731,80.382826,5,0,3.4,0
COMP-SLA-13901,Drainage Complaint - COMP-SLA-13901,Slow drainage runoff on commercial market road,drainage,DEPT_DRAINAGE,2025-03-17T18:21:00,18,0,3,0,1,6.0,MEDIUM,0.1,0.7,0.1,0.1,1,6,72.7,0.727,1,13.076115,80.207346,7,0,7.7,1
COMP-SLA-11104,Streetlights Complaint - COMP-SLA-11104,Single street lamp bulb burnt out on quiet street,streetlights,DEPT_ELECTRICITY,2025-05-15T05:16:00,5,3,5,0,0,4.0,MEDIUM,0.1,0.7,0.1,0.1,1,5,31.46,0.3146,0,13.205798,80.225354,9,0,15.53,1
COMP-SLA-11937,Streetlights Complaint - COMP-SLA-11937,Sparking electrical transformer near residential area,streetlights,DEPT_ELECTRICITY,2025-04-08T20:54:00,20,1,4,0,0,4.0,MEDIUM,0.1,0.7,0.1,0.1,1,3,51.32,0.5132,0,13.022075,80.395201,6,1,8.22,1
COMP-SLA-13173,Drainage Complaint - COMP-SLA-13173,Overflowing sewage line flooding residential street and homes,drainage,DEPT_DRAINAGE,2025-01-30T10:49:00,10,3,1,0,1,3.0,HIGH,0.1,0.1,0.7,0.1,1,4,48.12,0.4812,0,12.980447,80.218087,8,2,0.36,0
COMP-SLA-11518,Infrastructure Complaint - COMP-SLA-11518,Broken railing on canal overbridge,infrastructure,DEPT_WORKS,2025-06-12T19:37:00,19,3,6,0,0,12.0,HIGH,0.1,0.1,0.7,0.1,1,3,2.99,0.0299,0,12.945262,80.2681,5,0,26.69,1
COMP-SLA-13450,Infrastructure Complaint - COMP-SLA-13450,Broken railing on canal overbridge,infrastructure,DEPT_WORKS,2025-03-09T22:58:00,22,6,3,1,0,24.0,MEDIUM,0.1,0.7,0.1,0.1,2,8,80.07,0.8007,1,13.172808,80.17975,5,0,16.1,0
COMP-SLA-13066,Other Complaint - COMP-SLA-13066,Unauthorized hawker encroachment blocking shop entrance,other,DEPT_GENERAL,2025-04-16T04:54:00,4,2,4,0,0,12.0,MEDIUM,0.1,0.7,0.1,0.1,5,15,82.9,0.829,1,13.188322,80.322105,6,1,23.78,1
COMP-SLA-11353,Drainage Complaint - COMP-SLA-11353,Slow drainage runoff on commercial market road,drainage,DEPT_DRAINAGE,2025-02-03T10:27:00,10,0,2,0,1,6.0,MEDIUM,0.1,0.7,0.1,0.1,8,8,69.96,0.6996,1,13.045131,80.164266,7,0,13.11,1
COMP-SLA-11831,Water Complaint - COMP-SLA-11831,No water supply for last 48 hours in entire neighborhood block,water,DEPT_WATER,2025-05-20T17:04:00,17,1,5,0,1,4.0,MEDIUM,0.1,0.7,0.1,0.1,5,30,66.49,0.6649,1,13.178864,80.289576,11,0,20.42,1
COMP-SLA-13579,Drainage Complaint - COMP-SLA-13579,Overflowing sewage line flooding residential street and homes,drainage,DEPT_DRAINAGE,2025-02-18T05:53:00,5,1,2,0,0,1.5,CRITICAL,0.1,0.1,0.1,0.7,2,8,82.46,0.8246,1,12.988441,80.289496,8,2,17.5,1
COMP-SLA-13660,Infrastructure Complaint - COMP-SLA-13660,Collapsed public park boundary wall blocking walkway,infrastructure,DEPT_WORKS,2025-01-27T11:25:00,11,0,1,0,1,12.0,HIGH,0.1,0.1,0.7,0.1,1,2,16.23,0.1623,0,13.181346,80.280786,7,2,20.28,1
COMP-SLA-10983,Garbage Complaint - COMP-SLA-10983,Overflowing community dump bin spilling onto main road,garbage,DEPT_SANITATION,2025-05-06T11:21:00,11,1,5,0,1,3.0,CRITICAL,0.1,0.1,0.1,0.7,1,5,1.3,0.013,0,13.024007,80.149766,8,1,0.24,0
COMP-SLA-10457,Drainage Complaint - COMP-SLA-10457,Open manhole cover on main sidewalk presents fatal hazard,drainage,DEPT_DRAINAGE,2025-01-22T09:38:00,9,2,1,0,1,6.0,MEDIUM,0.1,0.7,0.1,0.1,1,6,17.96,0.1796,0,13.19573,80.243294,9,2,0.2,0
COMP-SLA-13384,Garbage Complaint - COMP-SLA-13384,Minor littering near bus shelter,garbage,DEPT_SANITATION,2025-06-12T18:02:00,18,3,6,0,1,18.0,LOW,0.7,0.1,0.1,0.1,2,12,86.47,0.8647,1,12.998985,80.257744,5,0,9.82,0
COMP-SLA-13201,Drainage Complaint - COMP-SLA-13201,Foul stench and black water coming from open drainage pipe,drainage,DEPT_DRAINAGE,2025-04-05T11:44:00,11,5,4,1,0,3.0,HIGH,0.1,0.1,0.7,0.1,1,1,86.76,0.8676,1,13.068145,80.417289,10,0,8.78,1
COMP-SLA-13189,Water Complaint - COMP-SLA-13189,Low water pressure in residential high-rise complex,water,DEPT_WATER,2025-05-29T05:47:00,5,3,5,0,0,2.0,HIGH,0.1,0.1,0.7,0.1,1,3,73.26,0.7326,1,13.060513,80.23638,7,0,16.8,1
COMP-SLA-13054,Drainage Complaint - COMP-SLA-13054,Overflowing sewage line flooding residential street and homes,drainage,DEPT_DRAINAGE,2025-04-24T11:51:00,11,3,4,0,1,1.5,CRITICAL,0.1,0.1,0.1,0.7,1,2,21.34,0.2134,0,13.191624,80.404527,8,2,0.36,0
COMP-SLA-10382,Water Complaint - COMP-SLA-10382,Low water pressure in residential high-rise complex,water,DEPT_WATER,2025-02-28T07:46:00,7,4,2,0,0,4.0,MEDIUM,0.1,0.7,0.1,0.1,1,5,2.08,0.0208,0,13.228164,80.184057,7,0,9.03,1
COMP-SLA-14019,Roads Complaint - COMP-SLA-14019,Massive pothole causing severe traffic delay near main intersection,roads,DEPT_ROADS,2025-02-12T23:33:00,23,2,2,0,0,3.0,CRITICAL,0.1,0.1,0.1,0.7,1,2,94.56,0.9456,1,13.105872,80.216754,9,0,19.54,1
COMP-SLA-12120,Infrastructure Complaint - COMP-SLA-12120,Damaged bus shelter roof leaning precariously,infrastructure,DEPT_WORKS,2025-04-13T23:37:00,23,6,4,1,0,24.0,MEDIUM,0.1,0.7,0.1,0.1,1,5,94.74,0.9474,1,13.09363,80.280665,6,0,48.89,1
COMP-SLA-12641,Drainage Complaint - COMP-SLA-12641,Open manhole cover on main sidewalk presents fatal hazard,drainage,DEPT_DRAINAGE,2025-02-28T00:18:00,0,4,2,0,0,6.0,MEDIUM,0.1,0.7,0.1,0.1,1,2,76.36,0.7636,1,13.170877,80.223939,9,2,15.41,1
COMP-SLA-11491,Other Complaint - COMP-SLA-11491,General inquiry regarding municipal service timing,other,DEPT_GENERAL,2025-02-23T07:37:00,7,6,2,1,0,18.0,LOW,0.7,0.1,0.1,0.1,1,3,7.66,0.0766,0,13.08014,80.225514,6,0,12.51,0
COMP-SLA-13209,Garbage Complaint - COMP-SLA-13209,Illegal dumping of commercial debris in public park,garbage,DEPT_SANITATION,2025-01-10T00:33:00,0,4,1,0,0,6.0,HIGH,0.1,0.1,0.7,0.1,1,5,23.2,0.232,0,12.986083,80.343249,8,0,10.2,1
COMP-SLA-11011,Garbage Complaint - COMP-SLA-11011,Foul smell from uncleared waste bin near apartment entrance,garbage,DEPT_SANITATION,2025-02-05T20:58:00,20,2,2,0,0,6.0,HIGH,0.1,0.1,0.7,0.1,1,5,47.22,0.4722,0,13.006472,80.246298,9,0,9.98,1
COMP-SLA-11881,Streetlights Complaint - COMP-SLA-11881,Sparking electrical transformer near residential area,streetlights,DEPT_ELECTRICITY,2025-02-04T22:26:00,22,1,2,0,0,2.0,HIGH,0.1,0.1,0.7,0.1,2,2,60.67,0.6067,1,13.170458,80.376523,6,1,9.77,1
COMP-SLA-14197,Water Complaint - COMP-SLA-14197,Low water pressure in residential high-rise complex,water,DEPT_WATER,2025-01-13T21:08:00,21,0,1,0,0,4.0,MEDIUM,0.1,0.7,0.1,0.1,1,2,66.06,0.6606,1,13.104864,80.185767,7,0,18.23,1
COMP-SLA-10663,Streetlights Complaint - COMP-SLA-10663,Sparking electrical transformer near residential area,streetlights,DEPT_ELECTRICITY,2025-02-18T14:05:00,14,1,2,0,1,4.0,MEDIUM,0.1,0.7,0.1,0.1,1,1,27.4,0.274,0,12.956751,80.390084,6,1,2.61,0
COMP-SLA-13126,Water Complaint - COMP-SLA-13126,Low water pressure in residential high-rise complex,water,DEPT_WATER,2025-04-23T01:27:00,1,2,4,0,0,2.0,HIGH,0.1,0.1,0.7,0.1,2,4,60.9,0.609,1,12.934459,80.229851,7,0,18.33,1
COMP-SLA-12867,Water Complaint - COMP-SLA-12867,Low water pressure in residential high-rise complex,water,DEPT_WATER,2025-04-01T02:19:00,2,1,4,0,0,2.0,HIGH,0.1,0.1,0.7,0.1,1,1,28.31,0.2831,0,13.111732,80.22592,7,0,8.19,1
COMP-SLA-13913,Other Complaint - COMP-SLA-13913,Unsanitary public toilet conditions in central market,other,DEPT_GENERAL,2025-02-12T10:00:00,10,2,2,0,1,6.0,HIGH,0.1,0.1,0.7,0.1,1,1,7.73,0.0773,0,12.974338,80.417981,7,0,0.2,0
COMP-SLA-12074,Drainage Complaint - COMP-SLA-12074,Overflowing sewage line flooding residential street and homes,drainage,DEPT_DRAINAGE,2025-02-09T10:38:00,10,6,2,1,0,3.0,HIGH,0.1,0.1,0.7,0.1,1,4,74.28,0.7428,1,12.944731,80.407436,8,2,17.56,1
COMP-SLA-13230,Garbage Complaint - COMP-SLA-13230,Minor littering near bus shelter,garbage,DEPT_SANITATION,2025-05-23T00:33:00,0,4,5,0,0,12.0,MEDIUM,0.1,0.7,0.1,0.1,1,1,11.26,0.1126,0,13.064698,80.399989,5,0,13.03,1
COMP-SLA-13836,Other Complaint - COMP-SLA-13836,General inquiry regarding municipal service timing,other,DEPT_GENERAL,2025-03-25T13:00:00,13,1,3,0,1,12.0,MEDIUM,0.1,0.7,0.1,0.1,1,6,87.55,0.8755,1,12.945233,80.399283,6,0,6.35,0
COMP-SLA-13983,Other Complaint - COMP-SLA-13983,General inquiry regarding municipal service timing,other,DEPT_GENERAL,2025-06-25T13:54:00,13,2,6,0,1,18.0,LOW,0.7,0.1,0.1,0.1,1,5,55.36,0.5536,0,13.179983,80.331771,6,0,3.2,0
COMP-SLA-12388,Roads Complaint - COMP-SLA-12388,Road surface cracked and unpaved causing risk for two-wheelers,roads,DEPT_ROADS,2025-01-13T08:11:00,8,0,1,0,1,6.0,HIGH,0.1,0.1,0.7,0.1,1,4,15.75,0.1575,0,13.11415,80.236785,9,0,3.86,0
COMP-SLA-12895,Water Complaint - COMP-SLA-12895,Low water pressure in residential high-rise complex,water,DEPT_WATER,2025-06-07T17:19:00,17,5,6,1,0,2.0,HIGH,0.1,0.1,0.7,0.1,1,6,43.38,0.4338,0,13.131793,80.214559,7,0,12.62,1
COMP-SLA-12765,Other Complaint - COMP-SLA-12765,Stray dog menace near elementary school playground,other,DEPT_GENERAL,2025-04-23T07:43:00,7,2,4,0,0,3.0,CRITICAL,0.1,0.1,0.1,0.7,1,3,90.47,0.9047,1,13.173849,80.404993,7,1,19.09,1
COMP-SLA-10846,Infrastructure Complaint - COMP-SLA-10846,Pedestrian footbridge concrete pillar showing structural cracks,infrastructure,DEPT_WORKS,2025-02-26T00:40:00,0,2,2,0,0,6.0,CRITICAL,0.1,0.1,0.1,0.7,1,2,59.27,0.5927,0,12.999608,80.189782,7,0,11.06,1
COMP-SLA-10543,Water Complaint - COMP-SLA-10543,Low water pressure in residential high-rise complex,water,DEPT_WATER,2025-05-23T08:14:00,8,4,5,0,1,4.0,MEDIUM,0.1,0.7,0.1,0.1,1,6,62.41,0.6241,1,12.978212,80.389853,7,0,5.02,1
COMP-SLA-11742,Infrastructure Complaint - COMP-SLA-11742,Pedestrian footbridge concrete pillar showing structural cracks,infrastructure,DEPT_WORKS,2025-05-03T22:03:00,22,5,5,1,0,6.0,CRITICAL,0.1,0.1,0.1,0.7,1,4,22.42,0.2242,0,13.053498,80.402158,7,0,14.74,1
COMP-SLA-10092,Roads Complaint - COMP-SLA-10092,Deep crater formed after rains near public school gate,roads,DEPT_ROADS,2025-03-29T16:17:00,16,5,3,1,0,6.0,HIGH,0.1,0.1,0.7,0.1,1,5,28.36,0.2836,0,13.178865,80.205552,9,2,15.05,1
COMP-SLA-12597,Other Complaint - COMP-SLA-12597,Unauthorized hawker encroachment blocking shop entrance,other,DEPT_GENERAL,2025-05-28T09:10:00,9,2,5,0,1,12.0,MEDIUM,0.1,0.7,0.1,0.1,1,1,33.09,0.3309,0,13.007551,80.166226,6,1,2.66,0
COMP-SLA-12750,Infrastructure Complaint - COMP-SLA-12750,Damaged bus shelter roof leaning precariously,infrastructure,DEPT_WORKS,2025-03-03T17:59:00,17,0,3,0,1,24.0,MEDIUM,0.1,0.7,0.1,0.1,1,3,31.83,0.3183,0,12.941273,80.247213,6,0,16.98,0
COMP-SLA-11851,Garbage Complaint - COMP-SLA-11851,Uncollected garbage pile attracting stray animals near hospital gate,garbage,DEPT_SANITATION,2025-06-29T20:18:00,20,6,6,1,0,3.0,CRITICAL,0.1,0.1,0.1,0.7,1,6,51.95,0.5195,0,13.183226,80.233594,9,1,7.36,1
COMP-SLA-11197,Other Complaint - COMP-SLA-11197,Unauthorized hawker encroachment blocking shop entrance,other,DEPT_GENERAL,2025-02-15T14:20:00,14,5,2,1,0,12.0,MEDIUM,0.1,0.7,0.1,0.1,1,2,37.82,0.3782,0,13.130884,80.224974,6,1,42.23,1
COMP-SLA-11922,Water Complaint - COMP-SLA-11922,Minor leak near public water standpost,water,DEPT_WATER,2025-01-01T18:09:00,18,2,1,0,1,6.0,LOW,0.7,0.1,0.1,0.1,1,1,47.21,0.4721,0,12.970599,80.381593,6,0,0.2,0
COMP-SLA-11103,Water Complaint - COMP-SLA-11103,Contaminated muddy water coming from municipal tap supply,water,DEPT_WATER,2025-04-03T06:47:00,6,3,4,0,0,1.0,CRITICAL,0.1,0.1,0.1,0.7,1,1,35.89,0.3589,0,12.959482,80.396894,8,0,15.16,1
COMP-SLA-13219,Infrastructure Complaint - COMP-SLA-13219,Minor paint peeling on government office gate,infrastructure,DEPT_WORKS,2025-02-05T23:56:00,23,2,2,0,0,24.0,MEDIUM,0.1,0.7,0.1,0.1,2,12,80.24,0.8024,1,13.013926,80.243206,7,0,39.41,1
COMP-SLA-13129,Other Complaint - COMP-SLA-13129,Unsanitary public toilet conditions in central market,other,DEPT_GENERAL,2025-06-19T20:41:00,20,3,6,0,0,3.0,CRITICAL,0.1,0.1,0.1,0.7,1,5,80.46,0.8046,1,13.030997,80.266499,7,0,21.03,1
COMP-SLA-14189,Garbage Complaint - COMP-SLA-14189,Overflowing community dump bin spilling onto main road,garbage,DEPT_SANITATION,2025-05-27T12:11:00,12,1,5,0,1,6.0,HIGH,0.1,0.1,0.7,0.1,1,6,31.71,0.3171,0,13.19089,80.395659,8,1,4.97,0
COMP-SLA-12091,Streetlights Complaint - COMP-SLA-12091,Sparking electrical transformer near residential area,streetlights,DEPT_ELECTRICITY,2025-02-19T06:46:00,6,2,2,0,0,4.0,MEDIUM,0.1,0.7,0.1,0.1,1,1,72.23,0.7223,1,12.964791,80.31711,6,1,16.12,1
COMP-SLA-12326,Drainage Complaint - COMP-SLA-12326,Overflowing sewage line flooding residential street and homes,drainage,DEPT_DRAINAGE,2025-05-17T05:22:00,5,5,5,1,0,3.0,HIGH,0.1,0.1,0.7,0.1,1,3,60.38,0.6038,1,13.151501,80.319806,8,2,20.3,1
COMP-SLA-12684,Garbage Complaint - COMP-SLA-12684,Overflowing community dump bin spilling onto main road,garbage,DEPT_SANITATION,2025-02-18T08:22:00,8,1,2,0,1,3.0,CRITICAL,0.1,0.1,0.1,0.7,1,3,33.04,0.3304,0,13.125787,80.140792,8,1,1.0,0
COMP-SLA-13442,Streetlights Complaint - COMP-SLA-13442,Flickering streetlight fixture on main road,streetlights,DEPT_ELECTRICITY,2025-06-16T01:07:00,1,0,6,0,0,2.0,HIGH,0.1,0.1,0.7,0.1,5,20,79.72,0.7972,1,13.05145,80.234244,6,0,18.67,1
COMP-SLA-13503,Garbage Complaint - COMP-SLA-13503,Illegal dumping of commercial debris in public park,garbage,DEPT_SANITATION,2025-05-22T01:49:00,1,3,5,0,0,6.0,HIGH,0.1,0.1,0.7,0.1,1,5,35.59,0.3559,0,13.223051,80.278193,8,0,30.9,1
COMP-SLA-11049,Infrastructure Complaint - COMP-SLA-11049,Pedestrian footbridge concrete pillar showing structural cracks,infrastructure,DEPT_WORKS,2025-01-27T02:41:00,2,0,1,0,0,12.0,HIGH,0.1,0.1,0.7,0.1,1,6,9.85,0.0985,0,12.937628,80.400449,7,0,28.66,1
COMP-SLA-13055,Garbage Complaint - COMP-SLA-13055,Illegal dumping of commercial debris in public park,garbage,DEPT_SANITATION,2025-06-25T18:25:00,18,2,6,0,1,12.0,MEDIUM,0.1,0.7,0.1,0.1,5,30,81.1,0.811,1,13.108945,80.203853,8,0,16.25,1
COMP-SLA-11963,Garbage Complaint - COMP-SLA-11963,Uncollected garbage pile attracting stray animals near hospital gate,garbage,DEPT_SANITATION,2025-04-28T11:22:00,11,0,4,0,1,6.0,HIGH,0.1,0.1,0.7,0.1,1,4,43.88,0.4388,0,13.088898,80.144021,9,1,7.69,1
COMP-SLA-10899,Garbage Complaint - COMP-SLA-10899,Illegal dumping of commercial debris in public park,garbage,DEPT_SANITATION,2025-06-12T06:17:00,6,3,6,0,0,6.0,HIGH,0.1,0.1,0.7,0.1,1,4,90.35,0.9035,1,13.191428,80.265051,8,0,12.66,1
COMP-SLA-11460,Water Complaint - COMP-SLA-11460,Minor leak near public water standpost,water,DEPT_WATER,2025-06-29T03:44:00,3,6,6,1,0,6.0,LOW,0.7,0.1,0.1,0.1,8,16,80.62,0.8062,1,13.1612,80.17716,6,0,19.32,1
COMP-SLA-13906,Other Complaint - COMP-SLA-13906,Noise pollution from unauthorized loudspeaker after midnight,other,DEPT_GENERAL,2025-05-16T07:54:00,7,4,5,0,0,12.0,MEDIUM,0.1,0.7,0.1,0.1,1,6,16.86,0.1686,0,13.016088,80.385733,7,0,18.54,1
COMP-SLA-10238,Other Complaint - COMP-SLA-10238,General inquiry regarding municipal service timing,other,DEPT_GENERAL,2025-03-17T04:12:00,4,0,3,0,0,12.0,MEDIUM,0.1,0.7,0.1,0.1,2,10,79.17,0.7917,1,13.03166,80.234652,6,0,16.86,1
COMP-SLA-11757,Other Complaint - COMP-SLA-11757,Stray dog menace near elementary school playground,other,DEPT_GENERAL,2025-06-06T09:11:00,9,4,6,0,1,3.0,CRITICAL,0.1,0.1,0.1,0.7,1,5,12.64,0.1264,0,13.12419,80.310885,7,1,6.74,1
COMP-SLA-13410,Roads Complaint - COMP-SLA-13410,Road cave-in reported on highway access lane,roads,DEPT_ROADS,2025-04-23T08:29:00,8,2,4,0,1,6.0,HIGH,0.1,0.1,0.7,0.1,1,6,11.64,0.1164,0,13.061794,80.394902,7,0,0.2,0
COMP-SLA-11134,Other Complaint - COMP-SLA-11134,Unauthorized hawker encroachment blocking shop entrance,other,DEPT_GENERAL,2025-01-23T18:01:00,18,3,1,0,1,12.0,MEDIUM,0.1,0.7,0.1,0.1,1,2,19.34,0.1934,0,13.121435,80.321297,6,1,2.09,0
COMP-SLA-13587,Garbage Complaint - COMP-SLA-13587,Overflowing community dump bin spilling onto main road,garbage,DEPT_SANITATION,2025-03-14T07:05:00,7,4,3,0,0,6.0,HIGH,0.1,0.1,0.7,0.1,1,1,23.65,0.2365,0,13.115577,80.253741,8,1,8.34,1
COMP-SLA-12941,Roads Complaint - COMP-SLA-12941,Massive pothole causing severe traffic delay near main intersection,roads,DEPT_ROADS,2025-05-04T11:23:00,11,6,5,1,0,3.0,CRITICAL,0.1,0.1,0.1,0.7,1,1,65.36,0.6536,1,12.953257,80.292476,9,0,18.21,1
COMP-SLA-10164,Garbage Complaint - COMP-SLA-10164,Illegal dumping of commercial debris in public park,garbage,DEPT_SANITATION,2025-06-14T05:53:00,5,5,6,1,0,6.0,HIGH,0.1,0.1,0.7,0.1,5,10,66.06,0.6606,1,13.166443,80.260087,8,0,21.82,1
COMP-SLA-12478,Other Complaint - COMP-SLA-12478,General inquiry regarding municipal service timing,other,DEPT_GENERAL,2025-05-27T04:26:00,4,1,5,0,0,18.0,LOW,0.7,0.1,0.1,0.1,1,4,0.7,0.007,0,12.957802,80.240933,6,0,26.92,1
COMP-SLA-13939,Streetlights Complaint - COMP-SLA-13939,Live high-voltage electric wire hanging dangerously low near school,streetlights,DEPT_ELECTRICITY,2025-03-04T06:16:00,6,1,3,0,0,1.0,CRITICAL,0.1,0.1,0.1,0.7,1,4,50.08,0.5008,0,13.198243,80.143569,9,2,9.39,1
COMP-SLA-10253,Roads Complaint - COMP-SLA-10253,Massive pothole causing severe traffic delay near main intersection,roads,DEPT_ROADS,2025-04-24T11:48:00,11,3,4,0,1,3.0,CRITICAL,0.1,0.1,0.1,0.7,1,4,17.8,0.178,0,13.01363,80.160452,9,0,4.0,1
COMP-SLA-12375,Drainage Complaint - COMP-SLA-12375,Overflowing sewage line flooding residential street and homes,drainage,DEPT_DRAINAGE,2025-04-28T04:33:00,4,0,4,0,0,3.0,HIGH,0.1,0.1,0.7,0.1,1,5,32.19,0.3219,0,13.084993,80.294536,8,2,8.19,1
COMP-SLA-12528,Roads Complaint - COMP-SLA-12528,Road cave-in reported on highway access lane,roads,DEPT_ROADS,2025-03-07T12:11:00,12,4,3,0,1,6.0,HIGH,0.1,0.1,0.7,0.1,1,5,60.06,0.6006,1,13.150847,80.224313,7,0,16.96,1
COMP-SLA-13221,Roads Complaint - COMP-SLA-13221,Road cave-in reported on highway access lane,roads,DEPT_ROADS,2025-06-27T08:30:00,8,4,6,0,1,6.0,HIGH,0.1,0.1,0.7,0.1,1,4,24.78,0.2478,0,13.081145,80.392542,7,0,3.04,0
COMP-SLA-12154,Streetlights Complaint - COMP-SLA-12154,Single street lamp bulb burnt out on quiet street,streetlights,DEPT_ELECTRICITY,2025-06-08T21:39:00,21,6,6,1,0,4.0,MEDIUM,0.1,0.7,0.1,0.1,1,5,41.61,0.4161,0,13.149959,80.295552,9,0,18.0,1
COMP-SLA-12865,Drainage Complaint - COMP-SLA-12865,Foul stench and black water coming from open drainage pipe,drainage,DEPT_DRAINAGE,2025-05-31T11:54:00,11,5,5,1,0,6.0,MEDIUM,0.1,0.7,0.1,0.1,8,8,74.79,0.7479,1,12.989777,80.345671,10,0,25.64,1
COMP-SLA-10931,Other Complaint - COMP-SLA-10931,General inquiry regarding municipal service timing,other,DEPT_GENERAL,2025-03-12T22:36:00,22,2,3,0,0,18.0,LOW,0.7,0.1,0.1,0.1,1,6,47.03,0.4703,0,13.076185,80.369306,6,0,15.56,0
COMP-SLA-12781,Drainage Complaint - COMP-SLA-12781,Open manhole cover on main sidewalk presents fatal hazard,drainage,DEPT_DRAINAGE,2025-01-19T01:55:00,1,6,1,1,0,6.0,MEDIUM,0.1,0.7,0.1,0.1,1,4,23.23,0.2323,0,13.157803,80.150739,9,2,4.82,0
COMP-SLA-12245,Streetlights Complaint - COMP-SLA-12245,Sparking electrical transformer near residential area,streetlights,DEPT_ELECTRICITY,2025-02-20T21:47:00,21,3,2,0,0,2.0,HIGH,0.1,0.1,0.7,0.1,1,1,17.72,0.1772,0,13.01639,80.361344,6,1,7.89,1
COMP-SLA-13286,Garbage Complaint - COMP-SLA-13286,Illegal dumping of commercial debris in public park,garbage,DEPT_SANITATION,2025-04-18T08:02:00,8,4,4,0,1,12.0,MEDIUM,0.1,0.7,0.1,0.1,1,3,52.74,0.5274,0,13.079157,80.127909,8,0,0.66,0
COMP-SLA-11699,Streetlights Complaint - COMP-SLA-11699,Flickering streetlight fixture on main road,streetlights,DEPT_ELECTRICITY,2025-03-29T00:37:00,0,5,3,1,0,2.0,HIGH,0.1,0.1,0.7,0.1,1,6,18.5,0.185,0,12.974488,80.41978,6,0,10.2,1
COMP-SLA-13967,Streetlights Complaint - COMP-SLA-13967,Flickering streetlight fixture on main road,streetlights,DEPT_ELECTRICITY,2025-01-21T13:26:00,13,1,1,0,1,2.0,HIGH,0.1,0.1,0.7,0.1,1,1,28.64,0.2864,0,13.100603,80.29538,6,0,0.51,0
COMP-SLA-12567,Streetlights Complaint - COMP-SLA-12567,Single street lamp bulb burnt out on quiet street,streetlights,DEPT_ELECTRICITY,2025-06-08T13:26:00,13,6,6,1,0,6.0,LOW,0.7,0.1,0.1,0.1,1,2,74.36,0.7436,1,13.022744,80.20068,9,0,14.7,1
COMP-SLA-13027,Garbage Complaint - COMP-SLA-13027,Illegal dumping of commercial debris in public park,garbage,DEPT_SANITATION,2025-05-19T06:12:00,6,0,5,0,0,6.0,HIGH,0.1,0.1,0.7,0.1,1,4,48.23,0.4823,0,12.936719,80.410979,8,0,17.56,1
COMP-SLA-14071,Water Complaint - COMP-SLA-14071,No water supply for last 48 hours in entire neighborhood block,water,DEPT_WATER,2025-01-13T21:53:00,21,0,1,0,0,2.0,HIGH,0.1,0.1,0.7,0.1,1,2,33.7,0.337,0,13.002291,80.313408,11,0,10.51,1
COMP-SLA-12407,Infrastructure Complaint - COMP-SLA-12407,Damaged bus shelter roof leaning precariously,infrastructure,DEPT_WORKS,2025-03-12T14:18:00,14,2,3,0,1,12.0,HIGH,0.1,0.1,0.7,0.1,1,4,25.74,0.2574,0,13.097685,80.120726,6,0,3.81,0
COMP-SLA-12406,Streetlights Complaint - COMP-SLA-12406,Single street lamp bulb burnt out on quiet street,streetlights,DEPT_ELECTRICITY,2025-06-01T06:33:00,6,6,6,1,0,6.0,LOW,0.7,0.1,0.1,0.1,1,3,3.83,0.0383,0,13.077984,80.18369,9,0,15.23,1
COMP-SLA-11091,Infrastructure Complaint - COMP-SLA-11091,Broken railing on canal overbridge,infrastructure,DEPT_WORKS,2025-05-11T10:03:00,10,6,5,1,0,12.0,HIGH,0.1,0.1,0.7,0.1,1,4,4.67,0.0467,0,13.065102,80.231634,5,0,35.34,1
COMP-SLA-14043,Water Complaint - COMP-SLA-14043,Contaminated muddy water coming from municipal tap supply,water,DEPT_WATER,2025-05-11T22:00:00,22,6,5,1,0,2.0,HIGH,0.1,0.1,0.7,0.1,1,3,81.25,0.8125,1,13.192812,80.349987,8,0,12.77,1
COMP-SLA-11486,Drainage Complaint - COMP-SLA-11486,Clogged storm drain causing severe waterlogging during rain,drainage,DEPT_DRAINAGE,2025-05-14T05:45:00,5,2,5,0,0,3.0,HIGH,0.1,0.1,0.7,0.1,1,1,92.37,0.9237,1,13.003204,80.347098,8,0,15.59,1
COMP-SLA-13725,Roads Complaint - COMP-SLA-13725,Road surface cracked and unpaved causing risk for two-wheelers,roads,DEPT_ROADS,2025-06-29T02:34:00,2,6,6,1,0,3.0,CRITICAL,0.1,0.1,0.1,0.7,1,4,29.89,0.2989,0,13.015264,80.368809,9,0,12.61,1
COMP-SLA-12150,Roads Complaint - COMP-SLA-12150,Road surface cracked and unpaved causing risk for two-wheelers,roads,DEPT_ROADS,2025-04-12T04:37:00,4,5,4,1,0,6.0,HIGH,0.1,0.1,0.7,0.1,1,4,35.73,0.3573,0,13.11408,80.197786,9,0,14.02,1
COMP-SLA-11182,Infrastructure Complaint - COMP-SLA-11182,Broken railing on canal overbridge,infrastructure,DEPT_WORKS,2025-04-23T05:32:00,5,2,4,0,0,12.0,HIGH,0.1,0.1,0.7,0.1,1,3,73.44,0.7344,1,13.14946,80.20449,5,0,14.74,1
COMP-SLA-11453,Water Complaint - COMP-SLA-11453,No water supply for last 48 hours in entire neighborhood block,water,DEPT_WATER,2025-03-30T23:16:00,23,6,3,1,0,4.0,MEDIUM,0.1,0.7,0.1,0.1,1,4,25.33,0.2533,0,13.098415,80.267349,11,0,18.88,1
COMP-SLA-10594,Infrastructure Complaint - COMP-SLA-10594,Pedestrian footbridge concrete pillar showing structural cracks,infrastructure,DEPT_WORKS,2025-06-25T19:49:00,19,2,6,0,0,12.0,HIGH,0.1,0.1,0.7,0.1,1,1,61.27,0.6127,1,13.17866,80.218922,7,0,12.57,1
COMP-SLA-10678,Infrastructure Complaint - COMP-SLA-10678,Damaged bus shelter roof leaning precariously,infrastructure,DEPT_WORKS,2025-05-24T02:13:00,2,5,5,1,0,12.0,HIGH,0.1,0.1,0.7,0.1,8,32,94.3,0.943,1,13.151056,80.253966,6,0,22.86,1
COMP-SLA-10042,Other Complaint - COMP-SLA-10042,Noise pollution from unauthorized loudspeaker after midnight,other,DEPT_GENERAL,2025-01-28T19:27:00,19,1,1,0,0,12.0,MEDIUM,0.1,0.7,0.1,0.1,1,5,41.46,0.4146,0,13.036406,80.356628,7,0,10.9,0
COMP-SLA-13236,Drainage Complaint - COMP-SLA-13236,Clogged storm drain causing severe waterlogging during rain,drainage,DEPT_DRAINAGE,2025-06-30T21:39:00,21,0,6,0,0,3.0,HIGH,0.1,0.1,0.7,0.1,1,5,94.03,0.9403,1,12.985388,80.145273,8,0,18.4,1
COMP-SLA-12584,Roads Complaint - COMP-SLA-12584,Massive pothole causing severe traffic delay near main intersection,roads,DEPT_ROADS,2025-02-19T07:14:00,7,2,2,0,0,6.0,HIGH,0.1,0.1,0.7,0.1,1,6,45.24,0.4524,0,13.014353,80.202269,9,0,10.7,1
COMP-SLA-12078,Infrastructure Complaint - COMP-SLA-12078,Broken railing on canal overbridge,infrastructure,DEPT_WORKS,2025-06-27T01:51:00,1,4,6,0,0,12.0,HIGH,0.1,0.1,0.7,0.1,1,1,14.35,0.1435,0,13.121484,80.188361,5,0,14.92,1
COMP-SLA-13524,Garbage Complaint - COMP-SLA-13524,Illegal dumping of commercial debris in public park,garbage,DEPT_SANITATION,2025-03-08T08:56:00,8,5,3,1,0,6.0,HIGH,0.1,0.1,0.7,0.1,1,3,54.39,0.5439,0,12.945194,80.28929,8,0,14.41,1
COMP-SLA-10244,Infrastructure Complaint - COMP-SLA-10244,Collapsed public park boundary wall blocking walkway,infrastructure,DEPT_WORKS,2025-06-08T16:16:00,16,6,6,1,0,12.0,HIGH,0.1,0.1,0.7,0.1,1,3,37.71,0.3771,0,13.177264,80.200897,7,2,17.48,1
COMP-SLA-11125,Streetlights Complaint - COMP-SLA-11125,Entire street light network down making dark alley unsafe at night,streetlights,DEPT_ELECTRICITY,2025-03-14T14:07:00,14,4,3,0,1,2.0,HIGH,0.1,0.1,0.7,0.1,1,6,28.76,0.2876,0,13.101963,80.124006,11,0,1.49,0
COMP-SLA-11340,Garbage Complaint - COMP-SLA-11340,Uncollected garbage pile attracting stray animals near hospital gate,garbage,DEPT_SANITATION,2025-02-23T03:31:00,3,6,2,1,0,6.0,HIGH,0.1,0.1,0.7,0.1,2,4,94.56,0.9456,1,13.154893,80.228217,9,1,8.78,1
COMP-SLA-13469,Water Complaint - COMP-SLA-13469,Main pipeline burst wasting thousands of liters of clean water,water,DEPT_WATER,2025-02-24T03:10:00,3,0,2,0,0,2.0,HIGH,0.1,0.1,0.7,0.1,1,3,57.2,0.572,0,12.982914,80.189434,10,1,12.11,1
COMP-SLA-13826,Water Complaint - COMP-SLA-13826,No water supply for last 48 hours in entire neighborhood block,water,DEPT_WATER,2025-02-23T05:47:00,5,6,2,1,0,2.0,HIGH,0.1,0.1,0.7,0.1,1,1,39.75,0.3975,0,13.166141,80.363209,11,0,6.65,1
COMP-SLA-12563,Roads Complaint - COMP-SLA-12563,Road cave-in reported on highway access lane,roads,DEPT_ROADS,2025-02-14T08:37:00,8,4,2,0,1,12.0,MEDIUM,0.1,0.7,0.1,0.1,1,6,25.42,0.2542,0,13.0863,80.24952,7,0,0.43,0
COMP-SLA-11443,Roads Complaint - COMP-SLA-11443,Road cave-in reported on highway access lane,roads,DEPT_ROADS,2025-05-24T17:40:00,17,5,5,1,0,12.0,MEDIUM,0.1,0.7,0.1,0.1,1,1,65.55,0.6555,1,13.07357,80.415691,7,0,22.9,1
COMP-SLA-10262,Garbage Complaint - COMP-SLA-10262,Foul smell from uncleared waste bin near apartment entrance,garbage,DEPT_SANITATION,2025-04-23T09:53:00,9,2,4,0,1,12.0,MEDIUM,0.1,0.7,0.1,0.1,2,12,75.59,0.7559,1,13.140551,80.36639,9,0,43.72,1
COMP-SLA-12520,Other Complaint - COMP-SLA-12520,Unsanitary public toilet conditions in central market,other,DEPT_GENERAL,2025-06-10T12:52:00,12,1,6,0,1,3.0,CRITICAL,0.1,0.1,0.1,0.7,1,1,7.09,0.0709,0,13.213018,80.280845,7,0,2.69,0
COMP-SLA-13224,Water Complaint - COMP-SLA-13224,Minor leak near public water standpost,water,DEPT_WATER,2025-06-03T04:32:00,4,1,6,0,0,6.0,LOW,0.7,0.1,0.1,0.1,1,6,38.1,0.381,0,13.171695,80.164688,6,0,4.79,0
COMP-SLA-12426,Water Complaint - COMP-SLA-12426,Minor leak near public water standpost,water,DEPT_WATER,2025-03-04T18:17:00,18,1,3,0,1,4.0,MEDIUM,0.1,0.7,0.1,0.1,2,4,76.37,0.7637,1,13.059067,80.358502,6,0,13.69,1
COMP-SLA-11690,Garbage Complaint - COMP-SLA-11690,Uncollected garbage pile attracting stray animals near hospital gate,garbage,DEPT_SANITATION,2025-06-25T20:03:00,20,2,6,0,0,3.0,CRITICAL,0.1,0.1,0.1,0.7,1,2,19.44,0.1944,0,13.230638,80.208113,9,1,9.13,1
COMP-SLA-13275,Infrastructure Complaint - COMP-SLA-13275,Broken railing on canal overbridge,infrastructure,DEPT_WORKS,2025-01-02T13:11:00,13,3,1,0,1,24.0,MEDIUM,0.1,0.7,0.1,0.1,1,6,21.08,0.2108,0,13.132451,80.188967,5,0,30.38,1
COMP-SLA-11726,Water Complaint - COMP-SLA-11726,No water supply for last 48 hours in entire neighborhood block,water,DEPT_WATER,2025-04-27T13:49:00,13,6,4,1,0,4.0,MEDIUM,0.1,0.7,0.1,0.1,1,5,18.61,0.1861,0,12.985857,80.309561,11,0,13.67,1
COMP-SLA-12869,Infrastructure Complaint - COMP-SLA-12869,Damaged bus shelter roof leaning precariously,infrastructure,DEPT_WORKS,2025-04-15T11:25:00,11,1,4,0,1,24.0,MEDIUM,0.1,0.7,0.1,0.1,1,3,23.01,0.2301,0,13.039821,80.272572,6,0,5.58,0
COMP-SLA-10835,Drainage Complaint - COMP-SLA-10835,Overflowing sewage line flooding residential street and homes,drainage,DEPT_DRAINAGE,2025-05-03T13:51:00,13,5,5,1,0,3.0,HIGH,0.1,0.1,0.7,0.1,8,24,88.83,0.8883,1,12.939907,80.359866,8,2,17.6,1
COMP-SLA-14092,Water Complaint - COMP-SLA-14092,Main pipeline burst wasting thousands of liters of clean water,water,DEPT_WATER,2025-01-29T22:43:00,22,2,1,0,0,1.0,CRITICAL,0.1,0.1,0.1,0.7,1,6,40.78,0.4078,0,13.081774,80.385797,10,1,7.07,1
COMP-SLA-13391,Garbage Complaint - COMP-SLA-13391,Minor littering near bus shelter,garbage,DEPT_SANITATION,2025-01-02T06:35:00,6,3,1,0,0,12.0,MEDIUM,0.1,0.7,0.1,0.1,2,6,70.69,0.7069,1,13.101565,80.216816,5,0,17.61,1
COMP-SLA-14098,Garbage Complaint - COMP-SLA-14098,Overflowing community dump bin spilling onto main road,garbage,DEPT_SANITATION,2025-05-28T21:37:00,21,2,5,0,0,3.0,CRITICAL,0.1,0.1,0.1,0.7,1,5,2.45,0.0245,0,12.951894,80.384456,8,1,7.1,1
COMP-SLA-11877,Roads Complaint - COMP-SLA-11877,Road cave-in reported on highway access lane,roads,DEPT_ROADS,2025-05-03T22:42:00,22,5,5,1,0,6.0,HIGH,0.1,0.1,0.7,0.1,3,3,72.56,0.7256,1,13.074885,80.241071,7,0,14.27,1
COMP-SLA-10341,Streetlights Complaint - COMP-SLA-10341,Single street lamp bulb burnt out on quiet street,streetlights,DEPT_ELECTRICITY,2025-01-26T15:50:00,15,6,1,1,0,4.0,MEDIUM,0.1,0.7,0.1,0.1,1,4,65.28,0.6528,1,13.191915,80.315991,9,0,13.71,1
COMP-SLA-10361,Water Complaint - COMP-SLA-10361,Main pipeline burst wasting thousands of liters of clean water,water,DEPT_WATER,2025-02-19T06:53:00,6,2,2,0,0,2.0,HIGH,0.1,0.1,0.7,0.1,1,3,4.8,0.048,0,12.949988,80.130621,10,1,11.73,1
COMP-SLA-11602,Infrastructure Complaint - COMP-SLA-11602,Collapsed public park boundary wall blocking walkway,infrastructure,DEPT_WORKS,2025-06-17T01:23:00,1,1,6,0,0,6.0,CRITICAL,0.1,0.1,0.1,0.7,1,1,6.28,0.0628,0,12.979659,80.178147,7,2,14.05,1
COMP-SLA-10749,Other Complaint - COMP-SLA-10749,Noise pollution from unauthorized loudspeaker after midnight,other,DEPT_GENERAL,2025-06-21T11:08:00,11,5,6,1,0,6.0,HIGH,0.1,0.1,0.7,0.1,1,3,55.15,0.5515,0,13.223117,80.288568,7,0,15.65,1
COMP-SLA-10114,Drainage Complaint - COMP-SLA-10114,Foul stench and black water coming from open drainage pipe,drainage,DEPT_DRAINAGE,2025-06-26T11:13:00,11,3,6,0,1,6.0,MEDIUM,0.1,0.7,0.1,0.1,1,6,81.27,0.8127,1,13.065715,80.405867,10,0,11.14,1
COMP-SLA-13807,Infrastructure Complaint - COMP-SLA-13807,Broken railing on canal overbridge,infrastructure,DEPT_WORKS,2025-06-05T01:43:00,1,3,6,0,0,24.0,MEDIUM,0.1,0.7,0.1,0.1,5,30,81.33,0.8133,1,13.168688,80.306745,5,0,30.89,1
COMP-SLA-10481,Streetlights Complaint - COMP-SLA-10481,Entire street light network down making dark alley unsafe at night,streetlights,DEPT_ELECTRICITY,2025-02-08T15:51:00,15,5,2,1,0,2.0,HIGH,0.1,0.1,0.7,0.1,1,6,12.77,0.1277,0,12.935623,80.247156,11,0,10.56,1
COMP-SLA-12115,Roads Complaint - COMP-SLA-12115,Minor tar peeling on residential side street,roads,DEPT_ROADS,2025-03-29T10:14:00,10,5,3,1,0,18.0,LOW,0.7,0.1,0.1,0.1,1,1,59.69,0.5969,0,13.113403,80.322049,7,0,25.02,1
COMP-SLA-13035,Water Complaint - COMP-SLA-13035,Main pipeline burst wasting thousands of liters of clean water,water,DEPT_WATER,2025-02-16T09:35:00,9,6,2,1,0,1.0,CRITICAL,0.1,0.1,0.1,0.7,1,2,55.37,0.5537,0,13.175911,80.368718,10,1,8.08,1
COMP-SLA-12399,Streetlights Complaint - COMP-SLA-12399,Entire street light network down making dark alley unsafe at night,streetlights,DEPT_ELECTRICITY,2025-05-13T05:14:00,5,1,5,0,0,2.0,HIGH,0.1,0.1,0.7,0.1,1,4,54.17,0.5417,0,13.03375,80.190338,11,0,15.39,1
COMP-SLA-12756,Streetlights Complaint - COMP-SLA-12756,Single street lamp bulb burnt out on quiet street,streetlights,DEPT_ELECTRICITY,2025-05-07T07:33:00,7,2,5,0,0,4.0,MEDIUM,0.1,0.7,0.1,0.1,1,3,33.26,0.3326,0,12.990432,80.335174,9,0,8.38,1
COMP-SLA-13062,Garbage Complaint - COMP-SLA-13062,Uncollected garbage pile attracting stray animals near hospital gate,garbage,DEPT_SANITATION,2025-04-06T11:54:00,11,6,4,1,0,6.0,HIGH,0.1,0.1,0.7,0.1,1,1,48.52,0.4852,0,12.95898,80.216923,9,1,13.82,1
COMP-SLA-12921,Drainage Complaint - COMP-SLA-12921,Slow drainage runoff on commercial market road,drainage,DEPT_DRAINAGE,2025-06-06T12:17:00,12,4,6,0,1,9.0,LOW,0.7,0.1,0.1,0.1,1,3,45.56,0.4556,0,13.029884,80.286199,7,0,2.48,0
COMP-SLA-10784,Other Complaint - COMP-SLA-10784,Unsanitary public toilet conditions in central market,other,DEPT_GENERAL,2025-02-08T22:55:00,22,5,2,1,0,3.0,CRITICAL,0.1,0.1,0.1,0.7,2,8,67.11,0.6711,1,13.087316,80.321546,7,0,21.05,1
COMP-SLA-13707,Water Complaint - COMP-SLA-13707,Contaminated muddy water coming from municipal tap supply,water,DEPT_WATER,2025-01-09T23:02:00,23,3,1,0,0,2.0,HIGH,0.1,0.1,0.7,0.1,1,1,63.28,0.6328,1,13.06936,80.162651,8,0,19.28,1
COMP-SLA-12156,Other Complaint - COMP-SLA-12156,General inquiry regarding municipal service timing,other,DEPT_GENERAL,2025-02-15T04:04:00,4,5,2,1,0,18.0,LOW,0.7,0.1,0.1,0.1,3,18,69.46,0.6946,1,13.065032,80.295842,6,0,23.5,1
COMP-SLA-12818,Water Complaint - COMP-SLA-12818,Main pipeline burst wasting thousands of liters of clean water,water,DEPT_WATER,2025-06-28T17:25:00,17,5,6,1,0,2.0,HIGH,0.1,0.1,0.7,0.1,1,1,34.01,0.3401,0,13.002681,80.30017,10,1,12.27,1
COMP-SLA-11767,Garbage Complaint - COMP-SLA-11767,Illegal dumping of commercial debris in public park,garbage,DEPT_SANITATION,2025-01-05T19:17:00,19,6,1,1,0,12.0,MEDIUM,0.1,0.7,0.1,0.1,8,8,82.1,0.821,1,13.218519,80.165606,8,0,26.03,1
COMP-SLA-14028,Garbage Complaint - COMP-SLA-14028,Uncollected garbage pile attracting stray animals near hospital gate,garbage,DEPT_SANITATION,2025-04-14T09:36:00,9,0,4,0,1,6.0,HIGH,0.1,0.1,0.7,0.1,1,3,24.58,0.2458,0,13.185158,80.263687,9,1,0.71,0
COMP-SLA-13577,Other Complaint - COMP-SLA-13577,Unsanitary public toilet conditions in central market,other,DEPT_GENERAL,2025-02-05T01:15:00,1,2,2,0,0,3.0,CRITICAL,0.1,0.1,0.1,0.7,1,5,8.81,0.0881,0,13.030439,80.310172,7,0,7.93,1
COMP-SLA-12692,Water Complaint - COMP-SLA-12692,Low water pressure in residential high-rise complex,water,DEPT_WATER,2025-05-23T22:54:00,22,4,5,0,0,4.0,MEDIUM,0.1,0.7,0.1,0.1,1,4,45.14,0.4514,0,12.982775,80.265834,7,0,15.73,1
COMP-SLA-12017,Roads Complaint - COMP-SLA-12017,Deep crater formed after rains near public school gate,roads,DEPT_ROADS,2025-05-23T21:35:00,21,4,5,0,0,12.0,MEDIUM,0.1,0.7,0.1,0.1,1,4,8.52,0.0852,0,13.122336,80.175566,9,2,14.25,1
COMP-SLA-13849,Infrastructure Complaint - COMP-SLA-13849,Collapsed public park boundary wall blocking walkway,infrastructure,DEPT_WORKS,2025-03-04T20:19:00,20,1,3,0,0,6.0,CRITICAL,0.1,0.1,0.1,0.7,8,48,87.57,0.8757,1,13.148052,80.385291,7,2,23.16,1
COMP-SLA-13039,Roads Complaint - COMP-SLA-13039,Deep crater formed after rains near public school gate,roads,DEPT_ROADS,2025-03-20T07:57:00,7,3,3,0,0,6.0,HIGH,0.1,0.1,0.7,0.1,1,2,4.09,0.0409,0,13.088258,80.323605,9,2,10.43,1
COMP-SLA-13900,Roads Complaint - COMP-SLA-13900,Massive pothole causing severe traffic delay near main intersection,roads,DEPT_ROADS,2025-02-22T08:55:00,8,5,2,1,0,3.0,CRITICAL,0.1,0.1,0.1,0.7,1,4,7.36,0.0736,0,13.019847,80.164889,9,0,11.31,1
COMP-SLA-13043,Streetlights Complaint - COMP-SLA-13043,Entire street light network down making dark alley unsafe at night,streetlights,DEPT_ELECTRICITY,2025-04-04T08:38:00,8,4,4,0,1,2.0,HIGH,0.1,0.1,0.7,0.1,1,5,39.2,0.392,0,12.978837,80.130616,11,0,0.2,0
COMP-SLA-13815,Other Complaint - COMP-SLA-13815,Noise pollution from unauthorized loudspeaker after midnight,other,DEPT_GENERAL,2025-01-23T00:58:00,0,3,1,0,0,12.0,MEDIUM,0.1,0.7,0.1,0.1,1,5,9.14,0.0914,0,13.118621,80.261117,7,0,8.19,0
COMP-SLA-11272,Streetlights Complaint - COMP-SLA-11272,Live high-voltage electric wire hanging dangerously low near school,streetlights,DEPT_ELECTRICITY,2025-03-25T11:02:00,11,1,3,0,1,2.0,HIGH,0.1,0.1,0.7,0.1,1,4,60.59,0.6059,1,12.976725,80.413753,9,2,7.83,1
COMP-SLA-13495,Drainage Complaint - COMP-SLA-13495,Clogged storm drain causing severe waterlogging during rain,drainage,DEPT_DRAINAGE,2025-04-16T00:52:00,0,2,4,0,0,3.0,HIGH,0.1,0.1,0.7,0.1,1,5,32.33,0.3233,0,13.222624,80.247903,8,0,11.78,1
COMP-SLA-12187,Garbage Complaint - COMP-SLA-12187,Foul smell from uncleared waste bin near apartment entrance,garbage,DEPT_SANITATION,2025-01-26T18:13:00,18,6,1,1,0,6.0,HIGH,0.1,0.1,0.7,0.1,8,40,74.17,0.7417,1,12.980568,80.232069,9,0,24.33,1
COMP-SLA-11128,Roads Complaint - COMP-SLA-11128,Road surface cracked and unpaved causing risk for two-wheelers,roads,DEPT_ROADS,2025-06-18T09:59:00,9,2,6,0,1,3.0,CRITICAL,0.1,0.1,0.1,0.7,2,8,61.29,0.6129,1,13.050879,80.395548,9,0,6.74,1
COMP-SLA-10627,Water Complaint - COMP-SLA-10627,No water supply for last 48 hours in entire neighborhood block,water,DEPT_WATER,2025-04-13T01:40:00,1,6,4,1,0,2.0,HIGH,0.1,0.1,0.7,0.1,1,3,34.71,0.3471,0,13.231805,80.314822,11,0,5.67,1
COMP-SLA-10348,Streetlights Complaint - COMP-SLA-10348,Sparking electrical transformer near residential area,streetlights,DEPT_ELECTRICITY,2025-04-30T08:14:00,8,2,4,0,1,2.0,HIGH,0.1,0.1,0.7,0.1,1,6,14.36,0.1436,0,13.183824,80.289974,6,1,0.2,0
COMP-SLA-11303,Roads Complaint - COMP-SLA-11303,Deep crater formed after rains near public school gate,roads,DEPT_ROADS,2025-05-05T20:10:00,20,0,5,0,0,6.0,HIGH,0.1,0.1,0.7,0.1,1,4,45.98,0.4598,0,13.193935,80.265316,9,2,4.37,0
COMP-SLA-13680,Streetlights Complaint - COMP-SLA-13680,Entire street light network down making dark alley unsafe at night,streetlights,DEPT_ELECTRICITY,2025-04-02T23:38:00,23,2,4,0,0,1.0,CRITICAL,0.1,0.1,0.1,0.7,1,1,69.73,0.6973,1,12.935645,80.376751,11,0,14.24,1
COMP-SLA-11566,Streetlights Complaint - COMP-SLA-11566,Live high-voltage electric wire hanging dangerously low near school,streetlights,DEPT_ELECTRICITY,2025-01-26T08:52:00,8,6,1,1,0,2.0,HIGH,0.1,0.1,0.7,0.1,3,9,74.01,0.7401,1,13.167643,80.280886,9,2,14.92,1
COMP-SLA-13684,Drainage Complaint - COMP-SLA-13684,Clogged storm drain causing severe waterlogging during rain,drainage,DEPT_DRAINAGE,2025-03-23T18:27:00,18,6,3,1,0,1.5,CRITICAL,0.1,0.1,0.1,0.7,1,1,84.66,0.8466,1,13.00595,80.377689,8,0,10.8,1
COMP-SLA-12270,Drainage Complaint - COMP-SLA-12270,Overflowing sewage line flooding residential street and homes,drainage,DEPT_DRAINAGE,2025-03-17T09:27:00,9,0,3,0,1,3.0,HIGH,0.1,0.1,0.7,0.1,1,3,35.13,0.3513,0,13.160214,80.373473,8,2,1.51,0
COMP-SLA-10980,Other Complaint - COMP-SLA-10980,General inquiry regarding municipal service timing,other,DEPT_GENERAL,2025-06-29T20:14:00,20,6,6,1,0,12.0,MEDIUM,0.1,0.7,0.1,0.1,1,4,5.83,0.0583,0,12.999233,80.248523,6,0,18.07,1
COMP-SLA-13946,Streetlights Complaint - COMP-SLA-13946,Sparking electrical transformer near residential area,streetlights,DEPT_ELECTRICITY,2025-06-08T01:13:00,1,6,6,1,0,2.0,HIGH,0.1,0.1,0.7,0.1,1,3,10.53,0.1053,0,13.007758,80.409522,6,1,12.08,1
COMP-SLA-11424,Garbage Complaint - COMP-SLA-11424,Minor littering near bus shelter,garbage,DEPT_SANITATION,2025-02-23T23:20:00,23,6,2,1,0,18.0,LOW,0.7,0.1,0.1,0.1,1,3,14.51,0.1451,0,12.945827,80.124963,5,0,15.24,0
COMP-SLA-13723,Infrastructure Complaint - COMP-SLA-13723,Collapsed public park boundary wall blocking walkway,infrastructure,DEPT_WORKS,2025-02-21T17:16:00,17,4,2,0,1,6.0,CRITICAL,0.1,0.1,0.1,0.7,1,1,40.32,0.4032,0,13.133632,80.215489,7,2,11.51,1
COMP-SLA-13694,Streetlights Complaint - COMP-SLA-13694,Entire street light network down making dark alley unsafe at night,streetlights,DEPT_ELECTRICITY,2025-04-19T22:29:00,22,5,4,1,0,1.0,CRITICAL,0.1,0.1,0.1,0.7,1,1,35.89,0.3589,0,12.971843,80.146226,11,0,11.29,1
COMP-SLA-10912,Drainage Complaint - COMP-SLA-10912,Clogged storm drain causing severe waterlogging during rain,drainage,DEPT_DRAINAGE,2025-02-21T01:47:00,1,4,2,0,0,3.0,HIGH,0.1,0.1,0.7,0.1,1,4,24.64,0.2464,0,12.987519,80.348449,8,0,9.06,1
COMP-SLA-12695,Other Complaint - COMP-SLA-12695,Noise pollution from unauthorized loudspeaker after midnight,other,DEPT_GENERAL,2025-02-19T09:43:00,9,2,2,0,1,12.0,MEDIUM,0.1,0.7,0.1,0.1,1,3,64.39,0.6439,1,13.01978,80.185682,7,0,34.24,1
COMP-SLA-10633,Garbage Complaint - COMP-SLA-10633,Minor littering near bus shelter,garbage,DEPT_SANITATION,2025-03-04T22:41:00,22,1,3,0,0,18.0,LOW,0.7,0.1,0.1,0.1,1,3,4.75,0.0475,0,12.971861,80.172375,5,0,21.24,1
COMP-SLA-12043,Infrastructure Complaint - COMP-SLA-12043,Damaged bus shelter roof leaning precariously,infrastructure,DEPT_WORKS,2025-01-13T22:23:00,22,0,1,0,0,24.0,MEDIUM,0.1,0.7,0.1,0.1,1,3,17.03,0.1703,0,13.110769,80.336405,6,0,17.55,0
COMP-SLA-10446,Streetlights Complaint - COMP-SLA-10446,Live high-voltage electric wire hanging dangerously low near school,streetlights,DEPT_ELECTRICITY,2025-04-07T07:33:00,7,0,4,0,0,1.0,CRITICAL,0.1,0.1,0.1,0.7,1,4,32.78,0.3278,0,13.054453,80.365871,9,2,14.93,1
COMP-SLA-10618,Drainage Complaint - COMP-SLA-10618,Clogged storm drain causing severe waterlogging during rain,drainage,DEPT_DRAINAGE,2025-01-07T19:05:00,19,1,1,0,0,3.0,HIGH,0.1,0.1,0.7,0.1,1,5,84.93,0.8493,1,12.949765,80.298942,8,0,17.31,1
COMP-SLA-12275,Other Complaint - COMP-SLA-12275,Stray dog menace near elementary school playground,other,DEPT_GENERAL,2025-03-27T08:49:00,8,3,3,0,1,6.0,HIGH,0.1,0.1,0.7,0.1,1,2,38.27,0.3827,0,13.158222,80.326275,7,1,12.63,1
COMP-SLA-14087,Infrastructure Complaint - COMP-SLA-14087,Minor paint peeling on government office gate,infrastructure,DEPT_WORKS,2025-02-18T05:38:00,5,1,2,0,0,24.0,MEDIUM,0.1,0.7,0.1,0.1,1,6,83.57,0.8357,1,13.174438,80.371705,7,0,17.57,0
COMP-SLA-12347,Drainage Complaint - COMP-SLA-12347,Open manhole cover on main sidewalk presents fatal hazard,drainage,DEPT_DRAINAGE,2025-03-09T21:27:00,21,6,3,1,0,6.0,MEDIUM,0.1,0.7,0.1,0.1,2,12,61.52,0.6152,1,12.947673,80.267319,9,2,13.04,1
COMP-SLA-11327,Water Complaint - COMP-SLA-11327,Low water pressure in residential high-rise complex,water,DEPT_WATER,2025-02-17T10:29:00,10,0,2,0,1,4.0,MEDIUM,0.1,0.7,0.1,0.1,1,6,18.9,0.189,0,13.001005,80.229361,7,0,0.56,0
COMP-SLA-10287,Other Complaint - COMP-SLA-10287,Noise pollution from unauthorized loudspeaker after midnight,other,DEPT_GENERAL,2025-04-27T15:20:00,15,6,4,1,0,6.0,HIGH,0.1,0.1,0.7,0.1,1,6,80.48,0.8048,1,13.107287,80.381372,7,0,22.16,1
COMP-SLA-12628,Garbage Complaint - COMP-SLA-12628,Illegal dumping of commercial debris in public park,garbage,DEPT_SANITATION,2025-03-26T10:15:00,10,2,3,0,1,12.0,MEDIUM,0.1,0.7,0.1,0.1,1,5,10.26,0.1026,0,13.215389,80.240196,8,0,9.76,0
COMP-SLA-13670,Drainage Complaint - COMP-SLA-13670,Clogged storm drain causing severe waterlogging during rain,drainage,DEPT_DRAINAGE,2025-05-23T21:06:00,21,4,5,0,0,3.0,HIGH,0.1,0.1,0.7,0.1,3,6,88.15,0.8815,1,13.174181,80.171478,8,0,20.22,1
COMP-SLA-14007,Garbage Complaint - COMP-SLA-14007,Overflowing community dump bin spilling onto main road,garbage,DEPT_SANITATION,2025-01-20T12:16:00,12,0,1,0,1,6.0,HIGH,0.1,0.1,0.7,0.1,1,3,89.9,0.899,1,13.150441,80.122391,8,1,9.81,1
COMP-SLA-11466,Garbage Complaint - COMP-SLA-11466,Foul smell from uncleared waste bin near apartment entrance,garbage,DEPT_SANITATION,2025-02-06T23:48:00,23,3,2,0,0,12.0,MEDIUM,0.1,0.7,0.1,0.1,8,24,82.97,0.8297,1,13.048369,80.40559,9,0,17.05,1
COMP-SLA-11886,Garbage Complaint - COMP-SLA-11886,Overflowing community dump bin spilling onto main road,garbage,DEPT_SANITATION,2025-04-25T09:49:00,9,4,4,0,1,6.0,HIGH,0.1,0.1,0.7,0.1,2,12,69.44,0.6944,1,13.09388,80.350305,8,1,10.24,1
COMP-SLA-12175,Streetlights Complaint - COMP-SLA-12175,Single street lamp bulb burnt out on quiet street,streetlights,DEPT_ELECTRICITY,2025-03-24T20:57:00,20,0,3,0,0,4.0,MEDIUM,0.1,0.7,0.1,0.1,1,4,77.72,0.7772,1,12.994121,80.281324,9,0,15.26,1
COMP-SLA-12285,Garbage Complaint - COMP-SLA-12285,Overflowing community dump bin spilling onto main road,garbage,DEPT_SANITATION,2025-02-03T14:46:00,14,0,2,0,1,3.0,CRITICAL,0.1,0.1,0.1,0.7,1,6,16.73,0.1673,0,12.994573,80.138591,8,1,0.32,0
COMP-SLA-10116,Water Complaint - COMP-SLA-10116,Main pipeline burst wasting thousands of liters of clean water,water,DEPT_WATER,2025-03-27T07:08:00,7,3,3,0,0,2.0,HIGH,0.1,0.1,0.7,0.1,3,6,78.83,0.7883,1,13.168793,80.182262,10,1,19.61,1
COMP-SLA-13564,Roads Complaint - COMP-SLA-13564,Road surface cracked and unpaved causing risk for two-wheelers,roads,DEPT_ROADS,2025-06-02T20:20:00,20,0,6,0,0,3.0,CRITICAL,0.1,0.1,0.1,0.7,1,4,52.22,0.5222,0,13.088185,80.32563,9,0,13.39,1
COMP-SLA-11495,Water Complaint - COMP-SLA-11495,Low water pressure in residential high-rise complex,water,DEPT_WATER,2025-02-22T06:48:00,6,5,2,1,0,4.0,MEDIUM,0.1,0.7,0.1,0.1,5,10,79.13,0.7913,1,13.103762,80.344882,7,0,24.81,1
COMP-SLA-10354,Water Complaint - COMP-SLA-10354,Minor leak near public water standpost,water,DEPT_WATER,2025-01-29T13:09:00,13,2,1,0,1,4.0,MEDIUM,0.1,0.7,0.1,0.1,1,1,72.05,0.7205,1,12.97716,80.29708,6,0,5.87,1
COMP-SLA-11938,Infrastructure Complaint - COMP-SLA-11938,Broken railing on canal overbridge,infrastructure,DEPT_WORKS,2025-03-12T22:03:00,22,2,3,0,0,12.0,HIGH,0.1,0.1,0.7,0.1,1,1,31.88,0.3188,0,13.050742,80.255396,5,0,22.29,1
COMP-SLA-11233,Roads Complaint - COMP-SLA-11233,Massive pothole causing severe traffic delay near main intersection,roads,DEPT_ROADS,2025-04-24T11:33:00,11,3,4,0,1,6.0,HIGH,0.1,0.1,0.7,0.1,1,3,31.2,0.312,0,12.991167,80.296557,9,0,1.01,0
COMP-SLA-10614,Streetlights Complaint - COMP-SLA-10614,Live high-voltage electric wire hanging dangerously low near school,streetlights,DEPT_ELECTRICITY,2025-04-25T12:43:00,12,4,4,0,1,1.0,CRITICAL,0.1,0.1,0.1,0.7,1,5,90.81,0.9081,1,13.027407,80.279776,9,2,5.88,1
COMP-SLA-12741,Water Complaint - COMP-SLA-12741,No water supply for last 48 hours in entire neighborhood block,water,DEPT_WATER,2025-03-07T10:46:00,10,4,3,0,1,4.0,MEDIUM,0.1,0.7,0.1,0.1,1,5,40.77,0.4077,0,12.952375,80.234945,11,0,1.27,0
COMP-SLA-12011,Drainage Complaint - COMP-SLA-12011,Slow drainage runoff on commercial market road,drainage,DEPT_DRAINAGE,2025-05-28T23:40:00,23,2,5,0,0,9.0,LOW,0.7,0.1,0.1,0.1,1,6,32.68,0.3268,0,13.189484,80.355928,7,0,7.95,0
COMP-SLA-13803,Drainage Complaint - COMP-SLA-13803,Open manhole cover on main sidewalk presents fatal hazard,drainage,DEPT_DRAINAGE,2025-06-27T03:38:00,3,4,6,0,0,6.0,MEDIUM,0.1,0.7,0.1,0.1,1,6,10.53,0.1053,0,13.117118,80.295646,9,2,15.49,1
COMP-SLA-14010,Infrastructure Complaint - COMP-SLA-14010,Minor paint peeling on government office gate,infrastructure,DEPT_WORKS,2025-06-25T01:36:00,1,2,6,0,0,36.0,LOW,0.7,0.1,0.1,0.1,1,1,1.34,0.0134,0,13.031034,80.136225,7,0,13.27,0
COMP-SLA-11862,Other Complaint - COMP-SLA-11862,General inquiry regarding municipal service timing,other,DEPT_GENERAL,2025-06-29T08:38:00,8,6,6,1,0,18.0,LOW,0.7,0.1,0.1,0.1,1,5,59.9,0.599,0,13.094172,80.346602,6,0,22.86,1
COMP-SLA-13401,Infrastructure Complaint - COMP-SLA-13401,Damaged bus shelter roof leaning precariously,infrastructure,DEPT_WORKS,2025-05-07T06:44:00,6,2,5,0,0,12.0,HIGH,0.1,0.1,0.7,0.1,1,5,41.85,0.4185,0,13.22082,80.190843,6,0,13.41,1
COMP-SLA-14058,Streetlights Complaint - COMP-SLA-14058,Entire street light network down making dark alley unsafe at night,streetlights,DEPT_ELECTRICITY,2025-01-02T09:26:00,9,3,1,0,1,1.0,CRITICAL,0.1,0.1,0.1,0.7,1,5,42.01,0.4201,0,13.110041,80.311843,11,0,0.2,0
COMP-SLA-10058,Drainage Complaint - COMP-SLA-10058,Clogged storm drain causing severe waterlogging during rain,drainage,DEPT_DRAINAGE,2025-02-02T19:34:00,19,6,2,1,0,1.5,CRITICAL,0.1,0.1,0.1,0.7,1,1,53.62,0.5362,0,12.94079,80.238906,8,0,5.07,1
COMP-SLA-12859,Garbage Complaint - COMP-SLA-12859,Overflowing community dump bin spilling onto main road,garbage,DEPT_SANITATION,2025-03-19T21:18:00,21,2,3,0,0,3.0,CRITICAL,0.1,0.1,0.1,0.7,1,5,38.28,0.3828,0,12.996085,80.29924,8,1,7.85,1
COMP-SLA-11836,Drainage Complaint - COMP-SLA-11836,Clogged storm drain causing severe waterlogging during rain,drainage,DEPT_DRAINAGE,2025-03-24T13:11:00,13,0,3,0,1,3.0,HIGH,0.1,0.1,0.7,0.1,1,5,48.96,0.4896,0,12.995981,80.327365,8,0,2.24,0
COMP-SLA-12346,Roads Complaint - COMP-SLA-12346,Deep crater formed after rains near public school gate,roads,DEPT_ROADS,2025-03-24T18:38:00,18,0,3,0,1,12.0,MEDIUM,0.1,0.7,0.1,0.1,1,2,55.25,0.5525,0,12.937501,80.360125,9,2,9.28,0
COMP-SLA-13696,Other Complaint - COMP-SLA-13696,Unsanitary public toilet conditions in central market,other,DEPT_GENERAL,2025-02-24T19:34:00,19,0,2,0,0,6.0,HIGH,0.1,0.1,0.7,0.1,1,4,21.2,0.212,0,12.957907,80.411988,7,0,10.56,1
COMP-SLA-14150,Infrastructure Complaint - COMP-SLA-14150,Collapsed public park boundary wall blocking walkway,infrastructure,DEPT_WORKS,2025-04-21T19:24:00,19,0,4,0,0,12.0,HIGH,0.1,0.1,0.7,0.1,1,6,16.89,0.1689,0,13.044567,80.304667,7,2,25.87,1
COMP-SLA-11736,Other Complaint - COMP-SLA-11736,Stray dog menace near elementary school playground,other,DEPT_GENERAL,2025-03-17T16:02:00,16,0,3,0,1,3.0,CRITICAL,0.1,0.1,0.1,0.7,1,1,26.16,0.2616,0,13.224624,80.149055,7,1,4.57,1
COMP-SLA-11254,Roads Complaint - COMP-SLA-11254,Deep crater formed after rains near public school gate,roads,DEPT_ROADS,2025-05-26T04:08:00,4,0,5,0,0,12.0,MEDIUM,0.1,0.7,0.1,0.1,1,1,5.11,0.0511,0,13.131722,80.357271,9,2,8.22,0
COMP-SLA-13607,Drainage Complaint - COMP-SLA-13607,Foul stench and black water coming from open drainage pipe,drainage,DEPT_DRAINAGE,2025-01-12T12:22:00,12,6,1,1,0,3.0,HIGH,0.1,0.1,0.7,0.1,1,3,28.12,0.2812,0,13.143962,80.36113,10,0,15.95,1
COMP-SLA-12703,Roads Complaint - COMP-SLA-12703,Massive pothole causing severe traffic delay near main intersection,roads,DEPT_ROADS,2025-01-18T12:45:00,12,5,1,1,0,6.0,HIGH,0.1,0.1,0.7,0.1,1,5,0.85,0.0085,0,13.181341,80.166118,9,0,4.89,0
COMP-SLA-12526,Infrastructure Complaint - COMP-SLA-12526,Damaged bus shelter roof leaning precariously,infrastructure,DEPT_WORKS,2025-06-14T05:52:00,5,5,6,1,0,12.0,HIGH,0.1,0.1,0.7,0.1,1,6,8.59,0.0859,0,13.000731,80.173215,6,0,10.47,0
COMP-SLA-13664,Garbage Complaint - COMP-SLA-13664,Uncollected garbage pile attracting stray animals near hospital gate,garbage,DEPT_SANITATION,2025-02-04T19:58:00,19,1,2,0,0,3.0,CRITICAL,0.1,0.1,0.1,0.7,5,30,60.28,0.6028,1,13.152222,80.316244,9,1,18.75,1
COMP-SLA-12298,Drainage Complaint - COMP-SLA-12298,Open manhole cover on main sidewalk presents fatal hazard,drainage,DEPT_DRAINAGE,2025-05-22T20:19:00,20,3,5,0,0,6.0,MEDIUM,0.1,0.7,0.1,0.1,1,5,46.48,0.4648,0,13.039469,80.182323,9,2,11.65,1
COMP-SLA-12457,Other Complaint - COMP-SLA-12457,Unsanitary public toilet conditions in central market,other,DEPT_GENERAL,2025-05-22T07:07:00,7,3,5,0,0,6.0,HIGH,0.1,0.1,0.7,0.1,1,3,37.37,0.3737,0,12.941536,80.335686,7,0,16.31,1
COMP-SLA-13257,Drainage Complaint - COMP-SLA-13257,Overflowing sewage line flooding residential street and homes,drainage,DEPT_DRAINAGE,2025-06-06T04:46:00,4,4,6,0,0,3.0,HIGH,0.1,0.1,0.7,0.1,2,2,93.45,0.9345,1,13.213386,80.418037,8,2,21.16,1
COMP-SLA-11666,Other Complaint - COMP-SLA-11666,General inquiry regarding municipal service timing,other,DEPT_GENERAL,2025-01-24T18:07:00,18,4,1,0,1,12.0,MEDIUM,0.1,0.7,0.1,0.1,1,6,5.11,0.0511,0,13.171681,80.158734,6,0,16.02,1
COMP-SLA-12918,Infrastructure Complaint - COMP-SLA-12918,Damaged bus shelter roof leaning precariously,infrastructure,DEPT_WORKS,2025-06-26T21:09:00,21,3,6,0,0,12.0,HIGH,0.1,0.1,0.7,0.1,5,25,73.56,0.7356,1,13.1106,80.17074,6,0,35.35,1
COMP-SLA-10561,Roads Complaint - COMP-SLA-10561,Massive pothole causing severe traffic delay near main intersection,roads,DEPT_ROADS,2025-01-04T14:31:00,14,5,1,1,0,3.0,CRITICAL,0.1,0.1,0.1,0.7,1,4,0.55,0.0055,0,13.189323,80.28375,9,0,8.94,1
COMP-SLA-13959,Water Complaint - COMP-SLA-13959,No water supply for last 48 hours in entire neighborhood block,water,DEPT_WATER,2025-03-07T15:56:00,15,4,3,0,1,2.0,HIGH,0.1,0.1,0.7,0.1,1,4,55.85,0.5585,0,12.935501,80.141438,11,0,0.2,0
COMP-SLA-10708,Roads Complaint - COMP-SLA-10708,Minor tar peeling on residential side street,roads,DEPT_ROADS,2025-01-09T13:56:00,13,3,1,0,1,18.0,LOW,0.7,0.1,0.1,0.1,1,4,29.88,0.2988,0,13.207182,80.235789,7,0,20.92,1
COMP-SLA-11927,Drainage Complaint - COMP-SLA-11927,Foul stench and black water coming from open drainage pipe,drainage,DEPT_DRAINAGE,2025-01-24T03:36:00,3,4,1,0,0,6.0,MEDIUM,0.1,0.7,0.1,0.1,1,4,16.91,0.1691,0,13.04424,80.121008,10,0,16.59,1
COMP-SLA-10425,Streetlights Complaint - COMP-SLA-10425,Flickering streetlight fixture on main road,streetlights,DEPT_ELECTRICITY,2025-02-22T17:53:00,17,5,2,1,0,4.0,MEDIUM,0.1,0.7,0.1,0.1,5,5,73.64,0.7364,1,13.143523,80.413567,6,0,17.39,1
COMP-SLA-11094,Drainage Complaint - COMP-SLA-11094,Foul stench and black water coming from open drainage pipe,drainage,DEPT_DRAINAGE,2025-06-08T22:45:00,22,6,6,1,0,6.0,MEDIUM,0.1,0.7,0.1,0.1,1,6,20.89,0.2089,0,13.054068,80.238566,10,0,9.7,1
COMP-SLA-11377,Streetlights Complaint - COMP-SLA-11377,Flickering streetlight fixture on main road,streetlights,DEPT_ELECTRICITY,2025-02-25T18:11:00,18,1,2,0,1,4.0,MEDIUM,0.1,0.7,0.1,0.1,1,4,9.39,0.0939,0,12.939943,80.404485,6,0,1.65,0
COMP-SLA-10648,Water Complaint - COMP-SLA-10648,Contaminated muddy water coming from municipal tap supply,water,DEPT_WATER,2025-02-19T20:22:00,20,2,2,0,0,1.0,CRITICAL,0.1,0.1,0.1,0.7,1,6,12.09,0.1209,0,13.225367,80.181363,8,0,10.48,1
COMP-SLA-10073,Garbage Complaint - COMP-SLA-10073,Minor littering near bus shelter,garbage,DEPT_SANITATION,2025-01-26T06:18:00,6,6,1,1,0,12.0,MEDIUM,0.1,0.7,0.1,0.1,1,5,1.34,0.0134,0,13.000945,80.174532,5,0,5.31,0
COMP-SLA-12139,Water Complaint - COMP-SLA-12139,No water supply for last 48 hours in entire neighborhood block,water,DEPT_WATER,2025-06-24T11:08:00,11,1,6,0,1,4.0,MEDIUM,0.1,0.7,0.1,0.1,1,5,38.58,0.3858,0,13.146541,80.214488,11,0,0.58,0
COMP-SLA-12243,Garbage Complaint - COMP-SLA-12243,Illegal dumping of commercial debris in public park,garbage,DEPT_SANITATION,2025-01-17T16:33:00,16,4,1,0,1,12.0,MEDIUM,0.1,0.7,0.1,0.1,1,4,51.0,0.51,0,13.015868,80.361111,8,0,7.34,0
COMP-SLA-11765,Roads Complaint - COMP-SLA-11765,Massive pothole causing severe traffic delay near main intersection,roads,DEPT_ROADS,2025-02-23T12:19:00,12,6,2,1,0,3.0,CRITICAL,0.1,0.1,0.1,0.7,1,3,10.21,0.1021,0,12.959162,80.208795,9,0,6.36,1
COMP-SLA-10744,Drainage Complaint - COMP-SLA-10744,Clogged storm drain causing severe waterlogging during rain,drainage,DEPT_DRAINAGE,2025-02-18T08:18:00,8,1,2,0,1,3.0,HIGH,0.1,0.1,0.7,0.1,1,2,40.97,0.4097,0,13.156633,80.235322,8,0,1.47,0
COMP-SLA-13272,Garbage Complaint - COMP-SLA-13272,Overflowing community dump bin spilling onto main road,garbage,DEPT_SANITATION,2025-02-23T13:24:00,13,6,2,1,0,6.0,HIGH,0.1,0.1,0.7,0.1,1,4,12.04,0.1204,0,13.089586,80.414749,8,1,13.34,1
COMP-SLA-11006,Streetlights Complaint - COMP-SLA-11006,Entire street light network down making dark alley unsafe at night,streetlights,DEPT_ELECTRICITY,2025-03-14T11:04:00,11,4,3,0,1,2.0,HIGH,0.1,0.1,0.7,0.1,1,1,87.72,0.8772,1,13.117409,80.156205,11,0,7.13,1
COMP-SLA-10621,Streetlights Complaint - COMP-SLA-10621,Sparking electrical transformer near residential area,streetlights,DEPT_ELECTRICITY,2025-02-11T02:17:00,2,1,2,0,0,2.0,HIGH,0.1,0.1,0.7,0.1,1,1,31.6,0.316,0,13.165832,80.23554,6,1,6.87,1
COMP-SLA-11930,Streetlights Complaint - COMP-SLA-11930,Live high-voltage electric wire hanging dangerously low near school,streetlights,DEPT_ELECTRICITY,2025-05-24T22:20:00,22,5,5,1,0,1.0,CRITICAL,0.1,0.1,0.1,0.7,8,40,61.36,0.6136,1,13.142438,80.188801,9,2,16.97,1
COMP-SLA-10288,Roads Complaint - COMP-SLA-10288,Deep crater formed after rains near public school gate,roads,DEPT_ROADS,2025-05-17T12:13:00,12,5,5,1,0,12.0,MEDIUM,0.1,0.7,0.1,0.1,1,3,47.0,0.47,0,13.223139,80.368154,9,2,18.85,1
COMP-SLA-10554,Roads Complaint - COMP-SLA-10554,Massive pothole causing severe traffic delay near main intersection,roads,DEPT_ROADS,2025-05-13T20:03:00,20,1,5,0,0,3.0,CRITICAL,0.1,0.1,0.1,0.7,8,24,84.02,0.8402,1,12.989655,80.252566,9,0,18.33,1
COMP-SLA-11126,Infrastructure Complaint - COMP-SLA-11126,Minor paint peeling on government office gate,infrastructure,DEPT_WORKS,2025-01-11T11:08:00,11,5,1,1,0,24.0,MEDIUM,0.1,0.7,0.1,0.1,1,2,26.31,0.2631,0,13.073072,80.33762,7,0,21.02,0
COMP-SLA-11242,Garbage Complaint - COMP-SLA-11242,Uncollected garbage pile attracting stray animals near hospital gate,garbage,DEPT_SANITATION,2025-01-24T05:46:00,5,4,1,0,0,6.0,HIGH,0.1,0.1,0.7,0.1,1,1,59.53,0.5953,0,12.958625,80.21595,9,1,17.96,1
COMP-SLA-13666,Streetlights Complaint - COMP-SLA-13666,Live high-voltage electric wire hanging dangerously low near school,streetlights,DEPT_ELECTRICITY,2025-04-25T20:21:00,20,4,4,0,0,2.0,HIGH,0.1,0.1,0.7,0.1,1,2,65.37,0.6537,1,12.986243,80.208334,9,2,19.33,1
COMP-SLA-11555,Roads Complaint - COMP-SLA-11555,Road surface cracked and unpaved causing risk for two-wheelers,roads,DEPT_ROADS,2025-01-28T00:15:00,0,1,1,0,0,3.0,CRITICAL,0.1,0.1,0.1,0.7,8,32,81.79,0.8179,1,13.134048,80.251258,9,0,16.79,1
COMP-SLA-13834,Streetlights Complaint - COMP-SLA-13834,Sparking electrical transformer near residential area,streetlights,DEPT_ELECTRICITY,2025-04-16T23:12:00,23,2,4,0,0,2.0,HIGH,0.1,0.1,0.7,0.1,1,3,47.03,0.4703,0,13.032569,80.260362,6,1,14.41,1
COMP-SLA-12443,Other Complaint - COMP-SLA-12443,Stray dog menace near elementary school playground,other,DEPT_GENERAL,2025-03-20T14:36:00,14,3,3,0,1,3.0,CRITICAL,0.1,0.1,0.1,0.7,5,30,92.02,0.9202,1,13.012304,80.333597,7,1,8.59,1
COMP-SLA-12754,Garbage Complaint - COMP-SLA-12754,Uncollected garbage pile attracting stray animals near hospital gate,garbage,DEPT_SANITATION,2025-02-06T07:42:00,7,3,2,0,0,6.0,HIGH,0.1,0.1,0.7,0.1,1,4,94.41,0.9441,1,13.038478,80.129458,9,1,16.67,1
COMP-SLA-10999,Streetlights Complaint - COMP-SLA-10999,Sparking electrical transformer near residential area,streetlights,DEPT_ELECTRICITY,2025-03-21T05:56:00,5,4,3,0,0,4.0,MEDIUM,0.1,0.7,0.1,0.1,1,1,57.74,0.5774,0,12.98602,80.238959,6,1,13.84,1
COMP-SLA-12277,Drainage Complaint - COMP-SLA-12277,Clogged storm drain causing severe waterlogging during rain,drainage,DEPT_DRAINAGE,2025-04-25T20:57:00,20,4,4,0,0,3.0,HIGH,0.1,0.1,0.7,0.1,1,1,45.43,0.4543,0,13.045874,80.182762,8,0,15.45,1
COMP-SLA-12534,Other Complaint - COMP-SLA-12534,Noise pollution from unauthorized loudspeaker after midnight,other,DEPT_GENERAL,2025-05-28T23:41:00,23,2,5,0,0,12.0,MEDIUM,0.1,0.7,0.1,0.1,1,5,17.78,0.1778,0,13.108243,80.332824,7,0,13.03,1
COMP-SLA-13717,Other Complaint - COMP-SLA-13717,Noise pollution from unauthorized loudspeaker after midnight,other,DEPT_GENERAL,2025-06-26T12:52:00,12,3,6,0,1,6.0,HIGH,0.1,0.1,0.7,0.1,1,4,11.85,0.1185,0,13.044176,80.273731,7,0,1.74,0
COMP-SLA-12219,Other Complaint - COMP-SLA-12219,General inquiry regarding municipal service timing,other,DEPT_GENERAL,2025-06-27T08:21:00,8,4,6,0,1,12.0,MEDIUM,0.1,0.7,0.1,0.1,1,2,91.47,0.9147,1,13.083075,80.348469,6,0,25.15,1
COMP-SLA-11398,Streetlights Complaint - COMP-SLA-11398,Single street lamp bulb burnt out on quiet street,streetlights,DEPT_ELECTRICITY,2025-02-11T23:12:00,23,1,2,0,0,4.0,MEDIUM,0.1,0.7,0.1,0.1,1,2,72.09,0.7209,1,13.00734,80.301158,9,0,12.67,1
COMP-SLA-11578,Garbage Complaint - COMP-SLA-11578,Illegal dumping of commercial debris in public park,garbage,DEPT_SANITATION,2025-03-21T16:10:00,16,4,3,0,1,12.0,MEDIUM,0.1,0.7,0.1,0.1,3,9,70.71,0.7071,1,12.936017,80.151091,8,0,10.99,0
COMP-SLA-12806,Infrastructure Complaint - COMP-SLA-12806,Minor paint peeling on government office gate,infrastructure,DEPT_WORKS,2025-01-03T13:04:00,13,4,1,0,1,36.0,LOW,0.7,0.1,0.1,0.1,8,48,65.05,0.6505,1,13.080455,80.310253,7,0,103.73,1
COMP-SLA-13114,Infrastructure Complaint - COMP-SLA-13114,Minor paint peeling on government office gate,infrastructure,DEPT_WORKS,2025-06-12T20:37:00,20,3,6,0,0,24.0,MEDIUM,0.1,0.7,0.1,0.1,1,5,48.33,0.4833,0,13.177593,80.297983,7,0,6.3,0
COMP-SLA-11621,Water Complaint - COMP-SLA-11621,Low water pressure in residential high-rise complex,water,DEPT_WATER,2025-02-12T06:39:00,6,2,2,0,0,4.0,MEDIUM,0.1,0.7,0.1,0.1,1,6,71.03,0.7103,1,13.123947,80.352739,7,0,13.96,1
COMP-SLA-13948,Other Complaint - COMP-SLA-13948,Noise pollution from unauthorized loudspeaker after midnight,other,DEPT_GENERAL,2025-02-22T07:52:00,7,5,2,1,0,6.0,HIGH,0.1,0.1,0.7,0.1,1,6,71.36,0.7136,1,12.947495,80.306181,7,0,16.29,1
COMP-SLA-11827,Other Complaint - COMP-SLA-11827,General inquiry regarding municipal service timing,other,DEPT_GENERAL,2025-03-27T06:42:00,6,3,3,0,0,18.0,LOW,0.7,0.1,0.1,0.1,1,2,57.66,0.5766,0,13.173796,80.353801,6,0,12.77,0
COMP-SLA-13905,Infrastructure Complaint - COMP-SLA-13905,Collapsed public park boundary wall blocking walkway,infrastructure,DEPT_WORKS,2025-04-06T20:36:00,20,6,4,1,0,6.0,CRITICAL,0.1,0.1,0.1,0.7,1,4,81.14,0.8114,1,13.176295,80.22874,7,2,17.69,1
COMP-SLA-14191,Streetlights Complaint - COMP-SLA-14191,Sparking electrical transformer near residential area,streetlights,DEPT_ELECTRICITY,2025-04-13T06:01:00,6,6,4,1,0,2.0,HIGH,0.1,0.1,0.7,0.1,1,6,37.06,0.3706,0,12.951199,80.23886,6,1,15.22,1
COMP-SLA-12513,Other Complaint - COMP-SLA-12513,General inquiry regarding municipal service timing,other,DEPT_GENERAL,2025-02-27T08:57:00,8,3,2,0,1,18.0,LOW,0.7,0.1,0.1,0.1,5,15,80.71,0.8071,1,13.144632,80.319526,6,0,15.96,0
COMP-SLA-13508,Roads Complaint - COMP-SLA-13508,Minor tar peeling on residential side street,roads,DEPT_ROADS,2025-06-11T18:27:00,18,2,6,0,1,12.0,MEDIUM,0.1,0.7,0.1,0.1,2,6,87.83,0.8783,1,12.994493,80.387956,7,0,11.14,0
COMP-SLA-10441,Other Complaint - COMP-SLA-10441,Noise pollution from unauthorized loudspeaker after midnight,other,DEPT_GENERAL,2025-04-29T16:32:00,16,1,4,0,1,12.0,MEDIUM,0.1,0.7,0.1,0.1,1,2,1.01,0.0101,0,12.959866,80.22986,7,0,0.74,0
COMP-SLA-10509,Streetlights Complaint - COMP-SLA-10509,Sparking electrical transformer near residential area,streetlights,DEPT_ELECTRICITY,2025-02-19T00:44:00,0,2,2,0,0,2.0,HIGH,0.1,0.1,0.7,0.1,1,1,23.82,0.2382,0,13.046031,80.33802,6,1,13.04,1
COMP-SLA-11101,Drainage Complaint - COMP-SLA-11101,Foul stench and black water coming from open drainage pipe,drainage,DEPT_DRAINAGE,2025-03-27T16:49:00,16,3,3,0,1,3.0,HIGH,0.1,0.1,0.7,0.1,2,2,80.15,0.8015,1,13.131881,80.380238,10,0,3.74,1
COMP-SLA-10590,Drainage Complaint - COMP-SLA-10590,Overflowing sewage line flooding residential street and homes,drainage,DEPT_DRAINAGE,2025-01-28T10:35:00,10,1,1,0,1,1.5,CRITICAL,0.1,0.1,0.1,0.7,1,4,50.61,0.5061,0,13.127535,80.358429,8,2,0.2,0
COMP-SLA-12485,Other Complaint - COMP-SLA-12485,Stray dog menace near elementary school playground,other,DEPT_GENERAL,2025-02-19T01:56:00,1,2,2,0,0,3.0,CRITICAL,0.1,0.1,0.1,0.7,1,2,25.44,0.2544,0,13.119363,80.363667,7,1,10.43,1
COMP-SLA-10650,Infrastructure Complaint - COMP-SLA-10650,Minor paint peeling on government office gate,infrastructure,DEPT_WORKS,2025-06-13T19:57:00,19,4,6,0,0,36.0,LOW,0.7,0.1,0.1,0.1,1,4,81.23,0.8123,1,12.983681,80.411741,7,0,34.89,0
COMP-SLA-11547,Other Complaint - COMP-SLA-11547,Noise pollution from unauthorized loudspeaker after midnight,other,DEPT_GENERAL,2025-03-07T19:04:00,19,4,3,0,0,12.0,MEDIUM,0.1,0.7,0.1,0.1,2,2,77.25,0.7725,1,13.008461,80.410654,7,0,25.31,1
COMP-SLA-13933,Infrastructure Complaint - COMP-SLA-13933,Minor paint peeling on government office gate,infrastructure,DEPT_WORKS,2025-06-09T08:36:00,8,0,6,0,1,36.0,LOW,0.7,0.1,0.1,0.1,1,2,40.67,0.4067,0,13.138396,80.374952,7,0,24.57,0
COMP-SLA-14157,Infrastructure Complaint - COMP-SLA-14157,Minor paint peeling on government office gate,infrastructure,DEPT_WORKS,2025-06-19T23:27:00,23,3,6,0,0,24.0,MEDIUM,0.1,0.7,0.1,0.1,2,8,60.53,0.6053,1,13.2226,80.377724,7,0,31.21,1
COMP-SLA-12515,Drainage Complaint - COMP-SLA-12515,Clogged storm drain causing severe waterlogging during rain,drainage,DEPT_DRAINAGE,2025-03-28T11:44:00,11,4,3,0,1,3.0,HIGH,0.1,0.1,0.7,0.1,1,6,42.01,0.4201,0,13.066527,80.36081,8,0,2.07,0
COMP-SLA-10419,Infrastructure Complaint - COMP-SLA-10419,Minor paint peeling on government office gate,infrastructure,DEPT_WORKS,2025-01-19T22:20:00,22,6,1,1,0,24.0,MEDIUM,0.1,0.7,0.1,0.1,1,5,49.46,0.4946,0,13.090319,80.407796,7,0,24.35,1
COMP-SLA-14099,Water Complaint - COMP-SLA-14099,No water supply for last 48 hours in entire neighborhood block,water,DEPT_WATER,2025-04-05T06:29:00,6,5,4,1,0,2.0,HIGH,0.1,0.1,0.7,0.1,1,4,75.51,0.7551,1,13.146679,80.139214,11,0,16.63,1
COMP-SLA-14176,Water Complaint - COMP-SLA-14176,No water supply for last 48 hours in entire neighborhood block,water,DEPT_WATER,2025-02-16T08:10:00,8,6,2,1,0,2.0,HIGH,0.1,0.1,0.7,0.1,5,15,63.97,0.6397,1,13.130387,80.265831,11,0,30.03,1
COMP-SLA-11456,Other Complaint - COMP-SLA-11456,Unauthorized hawker encroachment blocking shop entrance,other,DEPT_GENERAL,2025-06-20T03:39:00,3,4,6,0,0,6.0,HIGH,0.1,0.1,0.7,0.1,1,6,18.95,0.1895,0,12.969294,80.331944,6,1,24.49,1
COMP-SLA-13756,Water Complaint - COMP-SLA-13756,Low water pressure in residential high-rise complex,water,DEPT_WATER,2025-02-10T03:33:00,3,0,2,0,0,4.0,MEDIUM,0.1,0.7,0.1,0.1,1,2,26.53,0.2653,0,13.108003,80.346475,7,0,7.05,1
COMP-SLA-10661,Garbage Complaint - COMP-SLA-10661,Overflowing community dump bin spilling onto main road,garbage,DEPT_SANITATION,2025-04-01T08:32:00,8,1,4,0,1,3.0,CRITICAL,0.1,0.1,0.1,0.7,1,3,6.02,0.0602,0,13.136768,80.203844,8,1,0.92,0
COMP-SLA-10631,Roads Complaint - COMP-SLA-10631,Massive pothole causing severe traffic delay near main intersection,roads,DEPT_ROADS,2025-03-28T01:21:00,1,4,3,0,0,6.0,HIGH,0.1,0.1,0.7,0.1,1,6,11.23,0.1123,0,13.169034,80.133544,9,0,15.92,1
COMP-SLA-10673,Roads Complaint - COMP-SLA-10673,Road cave-in reported on highway access lane,roads,DEPT_ROADS,2025-05-27T21:09:00,21,1,5,0,0,6.0,HIGH,0.1,0.1,0.7,0.1,1,6,87.62,0.8762,1,13.172573,80.339263,7,0,10.35,1
COMP-SLA-11250,Water Complaint - COMP-SLA-11250,Main pipeline burst wasting thousands of liters of clean water,water,DEPT_WATER,2025-04-18T15:21:00,15,4,4,0,1,2.0,HIGH,0.1,0.1,0.7,0.1,1,3,17.78,0.1778,0,13.033702,80.391594,10,1,1.34,0
COMP-SLA-12523,Garbage Complaint - COMP-SLA-12523,Overflowing community dump bin spilling onto main road,garbage,DEPT_SANITATION,2025-04-20T09:52:00,9,6,4,1,0,3.0,CRITICAL,0.1,0.1,0.1,0.7,3,9,89.08,0.8908,1,12.939195,80.250302,8,1,16.1,1
COMP-SLA-10483,Other Complaint - COMP-SLA-10483,Unsanitary public toilet conditions in central market,other,DEPT_GENERAL,2025-03-07T15:53:00,15,4,3,0,1,6.0,HIGH,0.1,0.1,0.7,0.1,1,3,31.79,0.3179,0,13.121659,80.255656,7,0,2.55,0
COMP-SLA-11585,Garbage Complaint - COMP-SLA-11585,Illegal dumping of commercial debris in public park,garbage,DEPT_SANITATION,2025-05-01T08:36:00,8,3,5,0,1,6.0,HIGH,0.1,0.1,0.7,0.1,1,6,77.37,0.7737,1,13.100271,80.387451,8,0,24.49,1
COMP-SLA-12412,Water Complaint - COMP-SLA-12412,Minor leak near public water standpost,water,DEPT_WATER,2025-06-21T11:15:00,11,5,6,1,0,4.0,MEDIUM,0.1,0.7,0.1,0.1,1,6,37.85,0.3785,0,13.113383,80.155792,6,0,9.34,1
COMP-SLA-13690,Roads Complaint - COMP-SLA-13690,Minor tar peeling on residential side street,roads,DEPT_ROADS,2025-01-03T06:42:00,6,4,1,0,0,12.0,MEDIUM,0.1,0.7,0.1,0.1,1,3,17.83,0.1783,0,12.971208,80.12688,7,0,10.81,0
COMP-SLA-12313,Garbage Complaint - COMP-SLA-12313,Illegal dumping of commercial debris in public park,garbage,DEPT_SANITATION,2025-03-23T04:42:00,4,6,3,1,0,6.0,HIGH,0.1,0.1,0.7,0.1,1,4,37.87,0.3787,0,13.188614,80.309567,8,0,7.89,1
COMP-SLA-11463,Other Complaint - COMP-SLA-11463,Unauthorized hawker encroachment blocking shop entrance,other,DEPT_GENERAL,2025-06-22T02:20:00,2,6,6,1,0,12.0,MEDIUM,0.1,0.7,0.1,0.1,1,6,34.34,0.3434,0,13.109142,80.3956,6,1,11.0,0
COMP-SLA-12990,Roads Complaint - COMP-SLA-12990,Massive pothole causing severe traffic delay near main intersection,roads,DEPT_ROADS,2025-01-13T02:09:00,2,0,1,0,0,3.0,CRITICAL,0.1,0.1,0.1,0.7,1,3,8.24,0.0824,0,13.205965,80.194063,9,0,11.85,1
COMP-SLA-13427,Water Complaint - COMP-SLA-13427,Minor leak near public water standpost,water,DEPT_WATER,2025-05-29T23:58:00,23,3,5,0,0,4.0,MEDIUM,0.1,0.7,0.1,0.1,1,1,14.31,0.1431,0,12.973397,80.249457,6,0,14.23,1
COMP-SLA-12779,Other Complaint - COMP-SLA-12779,Stray dog menace near elementary school playground,other,DEPT_GENERAL,2025-04-15T21:44:00,21,1,4,0,0,3.0,CRITICAL,0.1,0.1,0.1,0.7,1,5,59.42,0.5942,0,13.070471,80.225096,7,1,12.35,1
COMP-SLA-14096,Roads Complaint - COMP-SLA-14096,Road surface cracked and unpaved causing risk for two-wheelers,roads,DEPT_ROADS,2025-03-25T15:44:00,15,1,3,0,1,3.0,CRITICAL,0.1,0.1,0.1,0.7,1,2,52.56,0.5256,0,12.980644,80.370275,9,0,1.31,0
COMP-SLA-10857,Garbage Complaint - COMP-SLA-10857,Foul smell from uncleared waste bin near apartment entrance,garbage,DEPT_SANITATION,2025-04-12T06:19:00,6,5,4,1,0,12.0,MEDIUM,0.1,0.7,0.1,0.1,1,3,14.93,0.1493,0,13.060207,80.233825,9,0,6.86,0
COMP-SLA-11226,Roads Complaint - COMP-SLA-11226,Road cave-in reported on highway access lane,roads,DEPT_ROADS,2025-05-28T18:38:00,18,2,5,0,1,6.0,HIGH,0.1,0.1,0.7,0.1,5,20,82.78,0.8278,1,13.015871,80.36289,7,0,8.54,1
COMP-SLA-11191,Roads Complaint - COMP-SLA-11191,Deep crater formed after rains near public school gate,roads,DEPT_ROADS,2025-04-21T03:59:00,3,0,4,0,0,12.0,MEDIUM,0.1,0.7,0.1,0.1,1,5,18.09,0.1809,0,13.144231,80.277089,9,2,11.2,0
COMP-SLA-13780,Other Complaint - COMP-SLA-13780,Unauthorized hawker encroachment blocking shop entrance,other,DEPT_GENERAL,2025-01-22T21:46:00,21,2,1,0,0,6.0,HIGH,0.1,0.1,0.7,0.1,1,5,36.25,0.3625,0,13.123779,80.37498,6,1,22.71,1
COMP-SLA-13553,Water Complaint - COMP-SLA-13553,Minor leak near public water standpost,water,DEPT_WATER,2025-01-02T09:51:00,9,3,1,0,1,4.0,MEDIUM,0.1,0.7,0.1,0.1,1,6,47.76,0.4776,0,13.155845,80.148197,6,0,2.43,0
COMP-SLA-10531,Infrastructure Complaint - COMP-SLA-10531,Pedestrian footbridge concrete pillar showing structural cracks,infrastructure,DEPT_WORKS,2025-03-09T02:25:00,2,6,3,1,0,6.0,CRITICAL,0.1,0.1,0.1,0.7,1,2,12.39,0.1239,0,13.083247,80.352848,7,0,15.85,1
COMP-SLA-13368,Roads Complaint - COMP-SLA-13368,Minor tar peeling on residential side street,roads,DEPT_ROADS,2025-05-08T15:36:00,15,3,5,0,1,12.0,MEDIUM,0.1,0.7,0.1,0.1,1,3,76.61,0.7661,1,13.037707,80.378431,7,0,6.64,0
COMP-SLA-10050,Roads Complaint - COMP-SLA-10050,Massive pothole causing severe traffic delay near main intersection,roads,DEPT_ROADS,2025-04-19T07:11:00,7,5,4,1,0,6.0,HIGH,0.1,0.1,0.7,0.1,1,5,44.13,0.4413,0,13.173933,80.329474,9,0,7.35,1
COMP-SLA-13208,Drainage Complaint - COMP-SLA-13208,Foul stench and black water coming from open drainage pipe,drainage,DEPT_DRAINAGE,2025-03-01T20:08:00,20,5,3,1,0,6.0,MEDIUM,0.1,0.7,0.1,0.1,1,6,18.21,0.1821,0,13.079148,80.378048,10,0,15.8,1
COMP-SLA-12824,Garbage Complaint - COMP-SLA-12824,Foul smell from uncleared waste bin near apartment entrance,garbage,DEPT_SANITATION,2025-06-30T09:00:00,9,0,6,0,1,12.0,MEDIUM,0.1,0.7,0.1,0.1,1,2,12.6,0.126,0,13.144604,80.174778,9,0,2.11,0
COMP-SLA-10859,Streetlights Complaint - COMP-SLA-10859,Single street lamp bulb burnt out on quiet street,streetlights,DEPT_ELECTRICITY,2025-04-20T14:29:00,14,6,4,1,0,4.0,MEDIUM,0.1,0.7,0.1,0.1,1,3,47.27,0.4727,0,13.062452,80.230954,9,0,10.15,1
COMP-SLA-13689,Other Complaint - COMP-SLA-13689,Unauthorized hawker encroachment blocking shop entrance,other,DEPT_GENERAL,2025-04-19T20:35:00,20,5,4,1,0,12.0,MEDIUM,0.1,0.7,0.1,0.1,1,2,75.29,0.7529,1,13.073875,80.254385,6,1,15.86,1
COMP-SLA-11073,Drainage Complaint - COMP-SLA-11073,Slow drainage runoff on commercial market road,drainage,DEPT_DRAINAGE,2025-04-09T09:38:00,9,2,4,0,1,9.0,LOW,0.7,0.1,0.1,0.1,1,6,53.29,0.5329,0,12.996353,80.185939,7,0,0.27,0
COMP-SLA-10720,Infrastructure Complaint - COMP-SLA-10720,Minor paint peeling on government office gate,infrastructure,DEPT_WORKS,2025-02-21T13:25:00,13,4,2,0,1,24.0,MEDIUM,0.1,0.7,0.1,0.1,3,6,63.8,0.638,1,13.008079,80.275311,7,0,29.34,1
COMP-SLA-10152,Streetlights Complaint - COMP-SLA-10152,Entire street light network down making dark alley unsafe at night,streetlights,DEPT_ELECTRICITY,2025-03-21T15:57:00,15,4,3,0,1,2.0,HIGH,0.1,0.1,0.7,0.1,2,8,89.98,0.8998,1,13.183234,80.231052,11,0,7.0,1
COMP-SLA-12343,Streetlights Complaint - COMP-SLA-12343,Single street lamp bulb burnt out on quiet street,streetlights,DEPT_ELECTRICITY,2025-02-27T12:53:00,12,3,2,0,1,4.0,MEDIUM,0.1,0.7,0.1,0.1,1,3,53.94,0.5394,0,13.16102,80.246106,9,0,0.23,0
COMP-SLA-13222,Drainage Complaint - COMP-SLA-13222,Overflowing sewage line flooding residential street and homes,drainage,DEPT_DRAINAGE,2025-04-17T10:30:00,10,3,4,0,1,1.5,CRITICAL,0.1,0.1,0.1,0.7,1,4,5.02,0.0502,0,13.073131,80.353331,8,2,0.2,0
COMP-SLA-11661,Drainage Complaint - COMP-SLA-11661,Clogged storm drain causing severe waterlogging during rain,drainage,DEPT_DRAINAGE,2025-06-10T09:53:00,9,1,6,0,1,1.5,CRITICAL,0.1,0.1,0.1,0.7,1,2,6.01,0.0601,0,13.138728,80.166879,8,0,0.96,0
COMP-SLA-11657,Streetlights Complaint - COMP-SLA-11657,Sparking electrical transformer near residential area,streetlights,DEPT_ELECTRICITY,2025-06-18T22:46:00,22,2,6,0,0,4.0,MEDIUM,0.1,0.7,0.1,0.1,1,4,77.62,0.7762,1,12.934607,80.373314,6,1,17.73,1
COMP-SLA-12355,Garbage Complaint - COMP-SLA-12355,Uncollected garbage pile attracting stray animals near hospital gate,garbage,DEPT_SANITATION,2025-02-16T23:11:00,23,6,2,1,0,6.0,HIGH,0.1,0.1,0.7,0.1,1,5,45.16,0.4516,0,13.058889,80.387056,9,1,15.83,1
COMP-SLA-12504,Streetlights Complaint - COMP-SLA-12504,Single street lamp bulb burnt out on quiet street,streetlights,DEPT_ELECTRICITY,2025-01-15T21:56:00,21,2,1,0,0,4.0,MEDIUM,0.1,0.7,0.1,0.1,3,9,93.52,0.9352,1,13.098357,80.363676,9,0,22.21,1
COMP-SLA-14042,Garbage Complaint - COMP-SLA-14042,Minor littering near bus shelter,garbage,DEPT_SANITATION,2025-02-01T19:09:00,19,5,2,1,0,18.0,LOW,0.7,0.1,0.1,0.1,1,6,26.65,0.2665,0,12.986356,80.292273,5,0,17.94,0
COMP-SLA-14178,Infrastructure Complaint - COMP-SLA-14178,Damaged bus shelter roof leaning precariously,infrastructure,DEPT_WORKS,2025-04-27T03:37:00,3,6,4,1,0,24.0,MEDIUM,0.1,0.7,0.1,0.1,1,6,6.07,0.0607,0,13.072125,80.343583,6,0,34.29,1
COMP-SLA-12349,Water Complaint - COMP-SLA-12349,No water supply for last 48 hours in entire neighborhood block,water,DEPT_WATER,2025-03-07T13:54:00,13,4,3,0,1,2.0,HIGH,0.1,0.1,0.7,0.1,1,2,36.83,0.3683,0,13.072906,80.324531,11,0,1.26,0
COMP-SLA-13195,Garbage Complaint - COMP-SLA-13195,Foul smell from uncleared waste bin near apartment entrance,garbage,DEPT_SANITATION,2025-01-25T21:40:00,21,5,1,1,0,6.0,HIGH,0.1,0.1,0.7,0.1,1,6,2.43,0.0243,0,13.190664,80.215591,9,0,5.86,0
COMP-SLA-12911,Infrastructure Complaint - COMP-SLA-12911,Pedestrian footbridge concrete pillar showing structural cracks,infrastructure,DEPT_WORKS,2025-06-15T04:56:00,4,6,6,1,0,6.0,CRITICAL,0.1,0.1,0.1,0.7,1,1,2.19,0.0219,0,13.210943,80.373704,7,0,15.02,1
COMP-SLA-13463,Streetlights Complaint - COMP-SLA-13463,Sparking electrical transformer near residential area,streetlights,DEPT_ELECTRICITY,2025-03-21T08:59:00,8,4,3,0,1,2.0,HIGH,0.1,0.1,0.7,0.1,8,32,75.59,0.7559,1,12.994123,80.141438,6,1,5.48,1
COMP-SLA-13183,Streetlights Complaint - COMP-SLA-13183,Entire street light network down making dark alley unsafe at night,streetlights,DEPT_ELECTRICITY,2025-06-25T15:17:00,15,2,6,0,1,2.0,HIGH,0.1,0.1,0.7,0.1,1,2,11.1,0.111,0,13.049825,80.152448,11,0,0.52,0
COMP-SLA-14049,Garbage Complaint - COMP-SLA-14049,Foul smell from uncleared waste bin near apartment entrance,garbage,DEPT_SANITATION,2025-04-09T09:40:00,9,2,4,0,1,6.0,HIGH,0.1,0.1,0.7,0.1,1,6,4.8,0.048,0,12.995798,80.252176,9,0,7.98,1
COMP-SLA-12953,Infrastructure Complaint - COMP-SLA-12953,Collapsed public park boundary wall blocking walkway,infrastructure,DEPT_WORKS,2025-02-12T07:13:00,7,2,2,0,0,6.0,CRITICAL,0.1,0.1,0.1,0.7,1,4,91.42,0.9142,1,13.155199,80.31726,7,2,11.39,1
COMP-SLA-11942,Garbage Complaint - COMP-SLA-11942,Illegal dumping of commercial debris in public park,garbage,DEPT_SANITATION,2025-06-24T12:03:00,12,1,6,0,1,6.0,HIGH,0.1,0.1,0.7,0.1,2,12,60.22,0.6022,1,13.138721,80.173844,8,0,7.43,1
COMP-SLA-12299,Garbage Complaint - COMP-SLA-12299,Minor littering near bus shelter,garbage,DEPT_SANITATION,2025-01-06T14:46:00,14,0,1,0,1,12.0,MEDIUM,0.1,0.7,0.1,0.1,1,1,41.31,0.4131,0,12.932871,80.378449,5,0,0.96,0
COMP-SLA-12058,Other Complaint - COMP-SLA-12058,Unsanitary public toilet conditions in central market,other,DEPT_GENERAL,2025-05-19T17:23:00,17,0,5,0,1,6.0,HIGH,0.1,0.1,0.7,0.1,1,4,84.57,0.8457,1,12.947117,80.182111,7,0,5.17,0
COMP-SLA-12928,Drainage Complaint - COMP-SLA-12928,Overflowing sewage line flooding residential street and homes,drainage,DEPT_DRAINAGE,2025-02-19T01:05:00,1,2,2,0,0,1.5,CRITICAL,0.1,0.1,0.1,0.7,1,6,45.16,0.4516,0,13.16028,80.218884,8,2,9.95,1
COMP-SLA-13067,Roads Complaint - COMP-SLA-13067,Road surface cracked and unpaved causing risk for two-wheelers,roads,DEPT_ROADS,2025-01-01T14:27:00,14,2,1,0,1,6.0,HIGH,0.1,0.1,0.7,0.1,1,1,27.47,0.2747,0,13.214564,80.214498,9,0,0.2,0
COMP-SLA-11386,Other Complaint - COMP-SLA-11386,Stray dog menace near elementary school playground,other,DEPT_GENERAL,2025-01-11T07:35:00,7,5,1,1,0,3.0,CRITICAL,0.1,0.1,0.1,0.7,1,2,2.5,0.025,0,12.979204,80.418503,7,1,13.16,1
COMP-SLA-13626,Other Complaint - COMP-SLA-13626,Noise pollution from unauthorized loudspeaker after midnight,other,DEPT_GENERAL,2025-05-16T04:32:00,4,4,5,0,0,6.0,HIGH,0.1,0.1,0.7,0.1,1,2,45.36,0.4536,0,13.172053,80.337809,7,0,7.64,1
COMP-SLA-11400,Other Complaint - COMP-SLA-11400,Unauthorized hawker encroachment blocking shop entrance,other,DEPT_GENERAL,2025-03-29T05:06:00,5,5,3,1,0,12.0,MEDIUM,0.1,0.7,0.1,0.1,1,3,40.88,0.4088,0,13.026059,80.173923,6,1,19.3,1
COMP-SLA-11196,Infrastructure Complaint - COMP-SLA-11196,Minor paint peeling on government office gate,infrastructure,DEPT_WORKS,2025-03-17T03:14:00,3,0,3,0,0,24.0,MEDIUM,0.1,0.7,0.1,0.1,1,4,71.72,0.7172,1,12.96641,80.384969,7,0,52.12,1
COMP-SLA-14066,Infrastructure Complaint - COMP-SLA-14066,Minor paint peeling on government office gate,infrastructure,DEPT_WORKS,2025-03-16T18:11:00,18,6,3,1,0,36.0,LOW,0.7,0.1,0.1,0.1,1,6,17.09,0.1709,0,12.979684,80.366907,7,0,15.74,0
COMP-SLA-12894,Garbage Complaint - COMP-SLA-12894,Overflowing community dump bin spilling onto main road,garbage,DEPT_SANITATION,2025-03-20T09:00:00,9,3,3,0,1,6.0,HIGH,0.1,0.1,0.7,0.1,1,1,63.81,0.6381,1,13.067634,80.280547,8,1,10.17,1
COMP-SLA-11799,Other Complaint - COMP-SLA-11799,General inquiry regarding municipal service timing,other,DEPT_GENERAL,2025-01-29T14:04:00,14,2,1,0,1,12.0,MEDIUM,0.1,0.7,0.1,0.1,8,48,90.64,0.9064,1,13.036766,80.382248,6,0,10.76,0
COMP-SLA-11910,Infrastructure Complaint - COMP-SLA-11910,Pedestrian footbridge concrete pillar showing structural cracks,infrastructure,DEPT_WORKS,2025-06-07T18:17:00,18,5,6,1,0,6.0,CRITICAL,0.1,0.1,0.1,0.7,1,1,49.67,0.4967,0,13.164428,80.26153,7,0,8.35,1
COMP-SLA-11476,Infrastructure Complaint - COMP-SLA-11476,Broken railing on canal overbridge,infrastructure,DEPT_WORKS,2025-06-09T10:05:00,10,0,6,0,1,24.0,MEDIUM,0.1,0.7,0.1,0.1,5,15,85.54,0.8554,1,13.091471,80.259507,5,0,23.46,0
COMP-SLA-12949,Drainage Complaint - COMP-SLA-12949,Open manhole cover on main sidewalk presents fatal hazard,drainage,DEPT_DRAINAGE,2025-04-13T08:06:00,8,6,4,1,0,3.0,HIGH,0.1,0.1,0.7,0.1,5,20,91.81,0.9181,1,12.999675,80.201809,9,2,14.73,1
COMP-SLA-13783,Garbage Complaint - COMP-SLA-13783,Illegal dumping of commercial debris in public park,garbage,DEPT_SANITATION,2025-03-12T05:31:00,5,2,3,0,0,12.0,MEDIUM,0.1,0.7,0.1,0.1,1,3,59.64,0.5964,0,13.084471,80.385414,8,0,5.18,0
COMP-SLA-12516,Garbage Complaint - COMP-SLA-12516,Uncollected garbage pile attracting stray animals near hospital gate,garbage,DEPT_SANITATION,2025-06-18T06:06:00,6,2,6,0,0,6.0,HIGH,0.1,0.1,0.7,0.1,1,3,4.06,0.0406,0,13.029571,80.222779,9,1,19.36,1
COMP-SLA-10298,Water Complaint - COMP-SLA-10298,Minor leak near public water standpost,water,DEPT_WATER,2025-06-26T00:54:00,0,3,6,0,0,4.0,MEDIUM,0.1,0.7,0.1,0.1,1,5,19.52,0.1952,0,13.186821,80.383448,6,0,9.78,1
COMP-SLA-13113,Streetlights Complaint - COMP-SLA-13113,Sparking electrical transformer near residential area,streetlights,DEPT_ELECTRICITY,2025-01-16T08:28:00,8,3,1,0,1,4.0,MEDIUM,0.1,0.7,0.1,0.1,1,3,44.07,0.4407,0,13.019878,80.277016,6,1,3.51,0
COMP-SLA-11962,Drainage Complaint - COMP-SLA-11962,Open manhole cover on main sidewalk presents fatal hazard,drainage,DEPT_DRAINAGE,2025-02-12T12:02:00,12,2,2,0,1,3.0,HIGH,0.1,0.1,0.7,0.1,1,2,39.81,0.3981,0,13.001984,80.373649,9,2,1.11,0
COMP-SLA-11265,Streetlights Complaint - COMP-SLA-11265,Live high-voltage electric wire hanging dangerously low near school,streetlights,DEPT_ELECTRICITY,2025-05-09T11:49:00,11,4,5,0,1,1.0,CRITICAL,0.1,0.1,0.1,0.7,1,3,50.83,0.5083,0,13.074764,80.221219,9,2,0.2,0
COMP-SLA-12252,Streetlights Complaint - COMP-SLA-12252,Entire street light network down making dark alley unsafe at night,streetlights,DEPT_ELECTRICITY,2025-01-06T15:59:00,15,0,1,0,1,2.0,HIGH,0.1,0.1,0.7,0.1,2,10,82.39,0.8239,1,12.98264,80.279245,11,0,9.83,1
COMP-SLA-10959,Other Complaint - COMP-SLA-10959,Stray dog menace near elementary school playground,other,DEPT_GENERAL,2025-04-01T14:32:00,14,1,4,0,1,3.0,CRITICAL,0.1,0.1,0.1,0.7,1,6,49.46,0.4946,0,13.018746,80.406485,7,1,0.38,0
COMP-SLA-11607,Water Complaint - COMP-SLA-11607,Minor leak near public water standpost,water,DEPT_WATER,2025-02-24T04:21:00,4,0,2,0,0,6.0,LOW,0.7,0.1,0.1,0.1,1,5,70.68,0.7068,1,13.136807,80.378032,6,0,13.37,1
COMP-SLA-12239,Infrastructure Complaint - COMP-SLA-12239,Collapsed public park boundary wall blocking walkway,infrastructure,DEPT_WORKS,2025-03-22T08:51:00,8,5,3,1,0,12.0,HIGH,0.1,0.1,0.7,0.1,5,20,68.98,0.6898,1,12.995542,80.136794,7,2,19.46,1
COMP-SLA-10909,Infrastructure Complaint - COMP-SLA-10909,Pedestrian footbridge concrete pillar showing structural cracks,infrastructure,DEPT_WORKS,2025-06-12T18:49:00,18,3,6,0,1,12.0,HIGH,0.1,0.1,0.7,0.1,1,2,25.56,0.2556,0,13.17196,80.364968,7,0,2.52,0
COMP-SLA-12670,Garbage Complaint - COMP-SLA-12670,Overflowing community dump bin spilling onto main road,garbage,DEPT_SANITATION,2025-04-26T21:36:00,21,5,4,1,0,3.0,CRITICAL,0.1,0.1,0.1,0.7,1,6,48.4,0.484,0,13.047008,80.404799,8,1,10.2,1
COMP-SLA-11610,Other Complaint - COMP-SLA-11610,General inquiry regarding municipal service timing,other,DEPT_GENERAL,2025-03-22T18:14:00,18,5,3,1,0,18.0,LOW,0.7,0.1,0.1,0.1,1,2,61.95,0.6195,1,13.067481,80.210785,6,0,25.95,1
COMP-SLA-12606,Drainage Complaint - COMP-SLA-12606,Open manhole cover on main sidewalk presents fatal hazard,drainage,DEPT_DRAINAGE,2025-02-16T08:02:00,8,6,2,1,0,3.0,HIGH,0.1,0.1,0.7,0.1,1,1,73.91,0.7391,1,13.168936,80.274285,9,2,11.37,1
COMP-SLA-11375,Garbage Complaint - COMP-SLA-11375,Uncollected garbage pile attracting stray animals near hospital gate,garbage,DEPT_SANITATION,2025-01-31T07:23:00,7,4,1,0,0,6.0,HIGH,0.1,0.1,0.7,0.1,1,4,57.36,0.5736,0,13.106737,80.333492,9,1,12.38,1
COMP-SLA-11287,Infrastructure Complaint - COMP-SLA-11287,Pedestrian footbridge concrete pillar showing structural cracks,infrastructure,DEPT_WORKS,2025-04-29T20:11:00,20,1,4,0,0,6.0,CRITICAL,0.1,0.1,0.1,0.7,1,4,55.11,0.5511,0,13.137706,80.150197,7,0,14.13,1
COMP-SLA-11483,Infrastructure Complaint - COMP-SLA-11483,Minor paint peeling on government office gate,infrastructure,DEPT_WORKS,2025-03-24T00:07:00,0,0,3,0,0,36.0,LOW,0.7,0.1,0.1,0.1,1,2,45.32,0.4532,0,12.948427,80.218661,7,0,26.97,0
COMP-SLA-10350,Other Complaint - COMP-SLA-10350,Unauthorized hawker encroachment blocking shop entrance,other,DEPT_GENERAL,2025-05-18T21:55:00,21,6,5,1,0,6.0,HIGH,0.1,0.1,0.7,0.1,1,3,22.39,0.2239,0,13.213608,80.292514,6,1,8.92,1
COMP-SLA-11369,Water Complaint - COMP-SLA-11369,Contaminated muddy water coming from municipal tap supply,water,DEPT_WATER,2025-03-29T08:02:00,8,5,3,1,0,2.0,HIGH,0.1,0.1,0.7,0.1,1,4,10.72,0.1072,0,13.047151,80.388035,8,0,8.54,1
COMP-SLA-12304,Roads Complaint - COMP-SLA-12304,Deep crater formed after rains near public school gate,roads,DEPT_ROADS,2025-03-30T01:07:00,1,6,3,1,0,6.0,HIGH,0.1,0.1,0.7,0.1,1,3,93.98,0.9398,1,13.118158,80.339516,9,2,19.52,1
COMP-SLA-10644,Other Complaint - COMP-SLA-10644,Noise pollution from unauthorized loudspeaker after midnight,other,DEPT_GENERAL,2025-01-12T03:47:00,3,6,1,1,0,6.0,HIGH,0.1,0.1,0.7,0.1,1,1,15.01,0.1501,0,12.948437,80.281908,7,0,10.52,1
COMP-SLA-14116,Other Complaint - COMP-SLA-14116,Unsanitary public toilet conditions in central market,other,DEPT_GENERAL,2025-06-27T03:20:00,3,4,6,0,0,3.0,CRITICAL,0.1,0.1,0.1,0.7,1,2,3.12,0.0312,0,13.145709,80.331581,7,0,8.8,1
COMP-SLA-13212,Infrastructure Complaint - COMP-SLA-13212,Damaged bus shelter roof leaning precariously,infrastructure,DEPT_WORKS,2025-02-14T01:03:00,1,4,2,0,0,24.0,MEDIUM,0.1,0.7,0.1,0.1,1,5,24.02,0.2402,0,12.994862,80.375203,6,0,23.14,0
COMP-SLA-12209,Water Complaint - COMP-SLA-12209,Low water pressure in residential high-rise complex,water,DEPT_WATER,2025-04-11T19:46:00,19,4,4,0,0,4.0,MEDIUM,0.1,0.7,0.1,0.1,1,3,74.62,0.7462,1,13.120298,80.370782,7,0,15.43,1
COMP-SLA-11682,Drainage Complaint - COMP-SLA-11682,Clogged storm drain causing severe waterlogging during rain,drainage,DEPT_DRAINAGE,2025-05-08T07:33:00,7,3,5,0,0,1.5,CRITICAL,0.1,0.1,0.1,0.7,1,6,17.83,0.1783,0,12.990857,80.336154,8,0,8.54,1
COMP-SLA-10670,Streetlights Complaint - COMP-SLA-10670,Single street lamp bulb burnt out on quiet street,streetlights,DEPT_ELECTRICITY,2025-04-23T08:23:00,8,2,4,0,1,6.0,LOW,0.7,0.1,0.1,0.1,1,3,3.3,0.033,0,12.988049,80.289446,9,0,1.41,0
COMP-SLA-13916,Garbage Complaint - COMP-SLA-13916,Minor littering near bus shelter,garbage,DEPT_SANITATION,2025-02-06T11:02:00,11,3,2,0,1,12.0,MEDIUM,0.1,0.7,0.1,0.1,3,15,72.47,0.7247,1,13.18784,80.306243,5,0,11.11,0
COMP-SLA-12300,Water Complaint - COMP-SLA-12300,Low water pressure in residential high-rise complex,water,DEPT_WATER,2025-04-04T13:54:00,13,4,4,0,1,2.0,HIGH,0.1,0.1,0.7,0.1,1,6,51.84,0.5184,0,13.194011,80.171594,7,0,0.58,0
COMP-SLA-13530,Drainage Complaint - COMP-SLA-13530,Clogged storm drain causing severe waterlogging during rain,drainage,DEPT_DRAINAGE,2025-01-07T03:09:00,3,1,1,0,0,3.0,HIGH,0.1,0.1,0.7,0.1,1,1,33.94,0.3394,0,13.192615,80.309087,8,0,10.8,1
COMP-SLA-11672,Infrastructure Complaint - COMP-SLA-11672,Pedestrian footbridge concrete pillar showing structural cracks,infrastructure,DEPT_WORKS,2025-06-20T22:01:00,22,4,6,0,0,12.0,HIGH,0.1,0.1,0.7,0.1,1,2,7.95,0.0795,0,13.191566,80.337627,7,0,29.25,1
COMP-SLA-10291,Water Complaint - COMP-SLA-10291,No water supply for last 48 hours in entire neighborhood block,water,DEPT_WATER,2025-03-12T02:41:00,2,2,3,0,0,4.0,MEDIUM,0.1,0.7,0.1,0.1,5,10,63.13,0.6313,1,13.040831,80.145426,11,0,14.26,1
COMP-SLA-11180,Water Complaint - COMP-SLA-11180,Minor leak near public water standpost,water,DEPT_WATER,2025-01-12T02:47:00,2,6,1,1,0,6.0,LOW,0.7,0.1,0.1,0.1,5,20,86.51,0.8651,1,13.208917,80.405676,6,0,23.32,1
COMP-SLA-12973,Streetlights Complaint - COMP-SLA-12973,Live high-voltage electric wire hanging dangerously low near school,streetlights,DEPT_ELECTRICITY,2025-05-08T02:16:00,2,3,5,0,0,1.0,CRITICAL,0.1,0.1,0.1,0.7,1,1,2.65,0.0265,0,13.047301,80.161074,9,2,7.69,1
COMP-SLA-13405,Garbage Complaint - COMP-SLA-13405,Minor littering near bus shelter,garbage,DEPT_SANITATION,2025-06-08T06:32:00,6,6,6,1,0,12.0,MEDIUM,0.1,0.7,0.1,0.1,1,2,30.72,0.3072,0,12.944873,80.168023,5,0,17.98,1
COMP-SLA-14109,Other Complaint - COMP-SLA-14109,Stray dog menace near elementary school playground,other,DEPT_GENERAL,2025-04-07T01:02:00,1,0,4,0,0,3.0,CRITICAL,0.1,0.1,0.1,0.7,1,6,9.46,0.0946,0,13.020755,80.180993,7,1,12.61,1
COMP-SLA-11917,Infrastructure Complaint - COMP-SLA-11917,Collapsed public park boundary wall blocking walkway,infrastructure,DEPT_WORKS,2025-04-29T11:21:00,11,1,4,0,1,12.0,HIGH,0.1,0.1,0.7,0.1,1,4,11.19,0.1119,0,13.085849,80.412155,7,2,18.26,1
COMP-SLA-11358,Other Complaint - COMP-SLA-11358,Noise pollution from unauthorized loudspeaker after midnight,other,DEPT_GENERAL,2025-01-17T11:27:00,11,4,1,0,1,6.0,HIGH,0.1,0.1,0.7,0.1,1,2,11.99,0.1199,0,13.125388,80.410126,7,0,2.3,0
COMP-SLA-11826,Infrastructure Complaint - COMP-SLA-11826,Minor paint peeling on government office gate,infrastructure,DEPT_WORKS,2025-04-25T13:45:00,13,4,4,0,1,24.0,MEDIUM,0.1,0.7,0.1,0.1,1,1,2.82,0.0282,0,13.061545,80.196828,7,0,12.7,0
COMP-SLA-10787,Garbage Complaint - COMP-SLA-10787,Foul smell from uncleared waste bin near apartment entrance,garbage,DEPT_SANITATION,2025-03-04T15:21:00,15,1,3,0,1,12.0,MEDIUM,0.1,0.7,0.1,0.1,1,6,25.27,0.2527,0,13.018727,80.172079,9,0,7.36,0
COMP-SLA-13878,Other Complaint - COMP-SLA-13878,Stray dog menace near elementary school playground,other,DEPT_GENERAL,2025-03-25T22:57:00,22,1,3,0,0,3.0,CRITICAL,0.1,0.1,0.1,0.7,1,2,15.52,0.1552,0,12.935034,80.269965,7,1,12.99,1
COMP-SLA-10141,Roads Complaint - COMP-SLA-10141,Road cave-in reported on highway access lane,roads,DEPT_ROADS,2025-03-12T18:03:00,18,2,3,0,1,6.0,HIGH,0.1,0.1,0.7,0.1,1,1,43.87,0.4387,0,13.038283,80.142957,7,0,13.78,1
COMP-SLA-10789,Streetlights Complaint - COMP-SLA-10789,Flickering streetlight fixture on main road,streetlights,DEPT_ELECTRICITY,2025-04-15T14:54:00,14,1,4,0,1,2.0,HIGH,0.1,0.1,0.7,0.1,2,4,89.66,0.8966,1,13.087547,80.32536,6,0,7.49,1
COMP-SLA-10324,Drainage Complaint - COMP-SLA-10324,Open manhole cover on main sidewalk presents fatal hazard,drainage,DEPT_DRAINAGE,2025-01-24T10:07:00,10,4,1,0,1,6.0,MEDIUM,0.1,0.7,0.1,0.1,1,5,15.96,0.1596,0,12.945509,80.258998,9,2,1.38,0
COMP-SLA-13688,Infrastructure Complaint - COMP-SLA-13688,Minor paint peeling on government office gate,infrastructure,DEPT_WORKS,2025-03-19T02:45:00,2,2,3,0,0,36.0,LOW,0.7,0.1,0.1,0.1,1,2,42.54,0.4254,0,13.008548,80.283892,7,0,21.52,0
COMP-SLA-10715,Roads Complaint - COMP-SLA-10715,Minor tar peeling on residential side street,roads,DEPT_ROADS,2025-03-10T00:44:00,0,0,3,0,0,12.0,MEDIUM,0.1,0.7,0.1,0.1,1,5,30.07,0.3007,0,13.07361,80.127371,7,0,11.51,0
COMP-SLA-13479,Other Complaint - COMP-SLA-13479,Unsanitary public toilet conditions in central market,other,DEPT_GENERAL,2025-05-24T22:46:00,22,5,5,1,0,3.0,CRITICAL,0.1,0.1,0.1,0.7,1,5,23.98,0.2398,0,13.21409,80.357485,7,0,6.36,1
COMP-SLA-13982,Infrastructure Complaint - COMP-SLA-13982,Damaged bus shelter roof leaning precariously,infrastructure,DEPT_WORKS,2025-01-21T03:35:00,3,1,1,0,0,12.0,HIGH,0.1,0.1,0.7,0.1,1,2,1.22,0.0122,0,13.087156,80.346539,6,0,26.11,1
COMP-SLA-13372,Streetlights Complaint - COMP-SLA-13372,Entire street light network down making dark alley unsafe at night,streetlights,DEPT_ELECTRICITY,2025-04-30T12:47:00,12,2,4,0,1,1.0,CRITICAL,0.1,0.1,0.1,0.7,1,5,32.55,0.3255,0,13.076291,80.157351,11,0,0.63,0
COMP-SLA-13640,Other Complaint - COMP-SLA-13640,General inquiry regarding municipal service timing,other,DEPT_GENERAL,2025-04-05T14:20:00,14,5,4,1,0,18.0,LOW,0.7,0.1,0.1,0.1,1,6,47.77,0.4777,0,12.995741,80.212706,6,0,7.71,0
COMP-SLA-12133,Streetlights Complaint - COMP-SLA-12133,Flickering streetlight fixture on main road,streetlights,DEPT_ELECTRICITY,2025-02-17T05:07:00,5,0,2,0,0,4.0,MEDIUM,0.1,0.7,0.1,0.1,1,6,20.47,0.2047,0,13.115397,80.220236,6,0,12.77,1
COMP-SLA-10407,Roads Complaint - COMP-SLA-10407,Minor tar peeling on residential side street,roads,DEPT_ROADS,2025-05-10T12:26:00,12,5,5,1,0,12.0,MEDIUM,0.1,0.7,0.1,0.1,1,4,72.43,0.7243,1,13.22655,80.395473,7,0,25.6,1
COMP-SLA-13491,Streetlights Complaint - COMP-SLA-13491,Entire street light network down making dark alley unsafe at night,streetlights,DEPT_ELECTRICITY,2025-05-30T21:25:00,21,4,5,0,0,2.0,HIGH,0.1,0.1,0.7,0.1,2,4,72.36,0.7236,1,12.968151,80.360989,11,0,11.79,1
COMP-SLA-11005,Water Complaint - COMP-SLA-11005,Contaminated muddy water coming from municipal tap supply,water,DEPT_WATER,2025-06-17T09:14:00,9,1,6,0,1,1.0,CRITICAL,0.1,0.1,0.1,0.7,5,5,65.24,0.6524,1,13.209207,80.326025,8,0,11.06,1
COMP-SLA-10891,Drainage Complaint - COMP-SLA-10891,Clogged storm drain causing severe waterlogging during rain,drainage,DEPT_DRAINAGE,2025-06-20T15:04:00,15,4,6,0,1,1.5,CRITICAL,0.1,0.1,0.1,0.7,1,4,55.58,0.5558,0,13.033232,80.30326,8,0,1.35,0
COMP-SLA-12438,Drainage Complaint - COMP-SLA-12438,Slow drainage runoff on commercial market road,drainage,DEPT_DRAINAGE,2025-02-08T03:31:00,3,5,2,1,0,6.0,MEDIUM,0.1,0.7,0.1,0.1,2,2,66.44,0.6644,1,13.117659,80.1364,7,0,14.96,1
COMP-SLA-13281,Streetlights Complaint - COMP-SLA-13281,Live high-voltage electric wire hanging dangerously low near school,streetlights,DEPT_ELECTRICITY,2025-05-03T17:34:00,17,5,5,1,0,1.0,CRITICAL,0.1,0.1,0.1,0.7,2,12,74.93,0.7493,1,13.188843,80.141445,9,2,15.98,1
COMP-SLA-13246,Streetlights Complaint - COMP-SLA-13246,Live high-voltage electric wire hanging dangerously low near school,streetlights,DEPT_ELECTRICITY,2025-01-30T02:44:00,2,3,1,0,0,2.0,HIGH,0.1,0.1,0.7,0.1,1,6,49.22,0.4922,0,13.221539,80.394013,9,2,12.88,1
COMP-SLA-12925,Infrastructure Complaint - COMP-SLA-12925,Damaged bus shelter roof leaning precariously,infrastructure,DEPT_WORKS,2025-06-16T03:50:00,3,0,6,0,0,24.0,MEDIUM,0.1,0.7,0.1,0.1,1,2,24.43,0.2443,0,13.117829,80.268606,6,0,14.47,0
COMP-SLA-10304,Garbage Complaint - COMP-SLA-10304,Overflowing community dump bin spilling onto main road,garbage,DEPT_SANITATION,2025-03-04T02:59:00,2,1,3,0,0,6.0,HIGH,0.1,0.1,0.7,0.1,1,3,57.84,0.5784,0,13.063045,80.256712,8,1,14.92,1
COMP-SLA-13520,Infrastructure Complaint - COMP-SLA-13520,Damaged bus shelter roof leaning precariously,infrastructure,DEPT_WORKS,2025-05-07T01:29:00,1,2,5,0,0,24.0,MEDIUM,0.1,0.7,0.1,0.1,1,4,64.67,0.6467,1,13.091013,80.349106,6,0,16.9,0
COMP-SLA-12657,Water Complaint - COMP-SLA-12657,No water supply for last 48 hours in entire neighborhood block,water,DEPT_WATER,2025-03-30T07:51:00,7,6,3,1,0,2.0,HIGH,0.1,0.1,0.7,0.1,5,20,79.27,0.7927,1,13.205576,80.267403,11,0,19.52,1
COMP-SLA-10665,Other Complaint - COMP-SLA-10665,Unauthorized hawker encroachment blocking shop entrance,other,DEPT_GENERAL,2025-05-02T11:26:00,11,4,5,0,1,12.0,MEDIUM,0.1,0.7,0.1,0.1,1,1,27.69,0.2769,0,13.065858,80.314105,6,1,0.9,0
COMP-SLA-11178,Drainage Complaint - COMP-SLA-11178,Clogged storm drain causing severe waterlogging during rain,drainage,DEPT_DRAINAGE,2025-04-21T00:44:00,0,0,4,0,0,3.0,HIGH,0.1,0.1,0.7,0.1,1,5,48.92,0.4892,0,12.982781,80.142604,8,0,13.42,1
COMP-SLA-11948,Drainage Complaint - COMP-SLA-11948,Foul stench and black water coming from open drainage pipe,drainage,DEPT_DRAINAGE,2025-03-19T23:00:00,23,2,3,0,0,6.0,MEDIUM,0.1,0.7,0.1,0.1,1,3,11.26,0.1126,0,12.993679,80.389879,10,0,8.15,1
COMP-SLA-13249,Roads Complaint - COMP-SLA-13249,Road surface cracked and unpaved causing risk for two-wheelers,roads,DEPT_ROADS,2025-06-27T17:00:00,17,4,6,0,1,3.0,CRITICAL,0.1,0.1,0.1,0.7,1,6,14.84,0.1484,0,13.195975,80.132665,9,0,4.29,1
COMP-SLA-14139,Drainage Complaint - COMP-SLA-14139,Clogged storm drain causing severe waterlogging during rain,drainage,DEPT_DRAINAGE,2025-02-08T22:43:00,22,5,2,1,0,3.0,HIGH,0.1,0.1,0.7,0.1,1,2,49.75,0.4975,0,13.149926,80.224715,8,0,10.26,1
COMP-SLA-10962,Garbage Complaint - COMP-SLA-10962,Minor littering near bus shelter,garbage,DEPT_SANITATION,2025-05-03T15:32:00,15,5,5,1,0,18.0,LOW,0.7,0.1,0.1,0.1,1,1,50.58,0.5058,0,13.138237,80.323732,5,0,19.7,1
COMP-SLA-12010,Roads Complaint - COMP-SLA-12010,Road surface cracked and unpaved causing risk for two-wheelers,roads,DEPT_ROADS,2025-02-20T03:12:00,3,3,2,0,0,6.0,HIGH,0.1,0.1,0.7,0.1,3,12,67.37,0.6737,1,13.046125,80.224459,9,0,14.89,1
COMP-SLA-12358,Infrastructure Complaint - COMP-SLA-12358,Minor paint peeling on government office gate,infrastructure,DEPT_WORKS,2025-04-13T00:47:00,0,6,4,1,0,24.0,MEDIUM,0.1,0.7,0.1,0.1,8,8,60.58,0.6058,1,13.18585,80.360346,7,0,22.7,0
COMP-SLA-12749,Streetlights Complaint - COMP-SLA-12749,Entire street light network down making dark alley unsafe at night,streetlights,DEPT_ELECTRICITY,2025-05-26T01:44:00,1,0,5,0,0,2.0,HIGH,0.1,0.1,0.7,0.1,1,5,70.14,0.7014,1,13.072932,80.188883,11,0,15.29,1
COMP-SLA-10305,Water Complaint - COMP-SLA-10305,Contaminated muddy water coming from municipal tap supply,water,DEPT_WATER,2025-01-04T22:08:00,22,5,1,1,0,2.0,HIGH,0.1,0.1,0.7,0.1,3,15,90.54,0.9054,1,13.14315,80.16985,8,0,19.97,1
COMP-SLA-13622,Garbage Complaint - COMP-SLA-13622,Minor littering near bus shelter,garbage,DEPT_SANITATION,2025-04-06T12:38:00,12,6,4,1,0,18.0,LOW,0.7,0.1,0.1,0.1,1,3,11.8,0.118,0,13.106307,80.261603,5,0,8.58,0
COMP-SLA-13993,Garbage Complaint - COMP-SLA-13993,Overflowing community dump bin spilling onto main road,garbage,DEPT_SANITATION,2025-05-10T16:57:00,16,5,5,1,0,6.0,HIGH,0.1,0.1,0.7,0.1,1,1,67.74,0.6774,1,12.983474,80.121893,8,1,17.43,1
COMP-SLA-10917,Other Complaint - COMP-SLA-10917,Noise pollution from unauthorized loudspeaker after midnight,other,DEPT_GENERAL,2025-01-26T00:29:00,0,6,1,1,0,6.0,HIGH,0.1,0.1,0.7,0.1,1,1,79.37,0.7937,1,13.193862,80.241243,7,0,18.7,1
COMP-SLA-12639,Other Complaint - COMP-SLA-12639,Unsanitary public toilet conditions in central market,other,DEPT_GENERAL,2025-05-29T20:21:00,20,3,5,0,0,6.0,HIGH,0.1,0.1,0.7,0.1,1,3,17.5,0.175,0,13.061786,80.233735,7,0,20.41,1
COMP-SLA-11625,Roads Complaint - COMP-SLA-11625,Deep crater formed after rains near public school gate,roads,DEPT_ROADS,2025-03-21T17:52:00,17,4,3,0,1,12.0,MEDIUM,0.1,0.7,0.1,0.1,1,3,10.12,0.1012,0,13.060392,80.132382,9,2,1.62,0
COMP-SLA-12715,Infrastructure Complaint - COMP-SLA-12715,Collapsed public park boundary wall blocking walkway,infrastructure,DEPT_WORKS,2025-06-28T08:04:00,8,5,6,1,0,6.0,CRITICAL,0.1,0.1,0.1,0.7,1,2,57.01,0.5701,0,13.033231,80.384934,7,2,10.26,1
COMP-SLA-10822,Garbage Complaint - COMP-SLA-10822,Overflowing community dump bin spilling onto main road,garbage,DEPT_SANITATION,2025-03-18T02:25:00,2,1,3,0,0,6.0,HIGH,0.1,0.1,0.7,0.1,1,4,68.88,0.6888,1,13.142229,80.369849,8,1,11.16,1
COMP-SLA-12679,Streetlights Complaint - COMP-SLA-12679,Sparking electrical transformer near residential area,streetlights,DEPT_ELECTRICITY,2025-01-29T15:53:00,15,2,1,0,1,2.0,HIGH,0.1,0.1,0.7,0.1,1,5,3.43,0.0343,0,13.177393,80.285374,6,1,0.2,0
COMP-SLA-14075,Roads Complaint - COMP-SLA-14075,Deep crater formed after rains near public school gate,roads,DEPT_ROADS,2025-03-22T03:35:00,3,5,3,1,0,12.0,MEDIUM,0.1,0.7,0.1,0.1,1,1,46.38,0.4638,0,12.970277,80.184121,9,2,14.23,1
COMP-SLA-13489,Garbage Complaint - COMP-SLA-13489,Foul smell from uncleared waste bin near apartment entrance,garbage,DEPT_SANITATION,2025-04-28T22:38:00,22,0,4,0,0,6.0,HIGH,0.1,0.1,0.7,0.1,5,25,93.17,0.9317,1,12.938264,80.372474,9,0,17.3,1
COMP-SLA-13542,Other Complaint - COMP-SLA-13542,Unsanitary public toilet conditions in central market,other,DEPT_GENERAL,2025-05-10T22:08:00,22,5,5,1,0,6.0,HIGH,0.1,0.1,0.7,0.1,1,4,73.72,0.7372,1,13.131914,80.254691,7,0,23.34,1
COMP-SLA-11001,Other Complaint - COMP-SLA-11001,Unsanitary public toilet conditions in central market,other,DEPT_GENERAL,2025-02-03T07:49:00,7,0,2,0,0,6.0,HIGH,0.1,0.1,0.7,0.1,1,1,59.6,0.596,0,12.957779,80.163491,7,0,12.78,1
COMP-SLA-10019,Streetlights Complaint - COMP-SLA-10019,Entire street light network down making dark alley unsafe at night,streetlights,DEPT_ELECTRICITY,2025-01-02T02:45:00,2,3,1,0,0,2.0,HIGH,0.1,0.1,0.7,0.1,8,24,86.01,0.8601,1,13.122031,80.189383,11,0,12.6,1
COMP-SLA-11638,Other Complaint - COMP-SLA-11638,Stray dog menace near elementary school playground,other,DEPT_GENERAL,2025-01-11T07:15:00,7,5,1,1,0,6.0,HIGH,0.1,0.1,0.7,0.1,1,2,64.99,0.6499,1,13.156164,80.340076,7,1,10.14,1
COMP-SLA-11668,Drainage Complaint - COMP-SLA-11668,Clogged storm drain causing severe waterlogging during rain,drainage,DEPT_DRAINAGE,2025-03-03T01:32:00,1,0,3,0,0,3.0,HIGH,0.1,0.1,0.7,0.1,1,5,7.05,0.0705,0,13.190191,80.283801,8,0,15.13,1
COMP-SLA-10494,Water Complaint - COMP-SLA-10494,Low water pressure in residential high-rise complex,water,DEPT_WATER,2025-04-04T13:16:00,13,4,4,0,1,2.0,HIGH,0.1,0.1,0.7,0.1,1,2,49.72,0.4972,0,12.979415,80.123867,7,0,0.29,0
COMP-SLA-13566,Garbage Complaint - COMP-SLA-13566,Minor littering near bus shelter,garbage,DEPT_SANITATION,2025-05-26T19:45:00,19,0,5,0,0,18.0,LOW,0.7,0.1,0.1,0.1,1,4,31.07,0.3107,0,13.033188,80.148255,5,0,24.3,1
COMP-SLA-12644,Streetlights Complaint - COMP-SLA-12644,Live high-voltage electric wire hanging dangerously low near school,streetlights,DEPT_ELECTRICITY,2025-06-21T14:31:00,14,5,6,1,0,2.0,HIGH,0.1,0.1,0.7,0.1,1,1,40.66,0.4066,0,13.061072,80.246916,9,2,8.89,1
COMP-SLA-10688,Drainage Complaint - COMP-SLA-10688,Slow drainage runoff on commercial market road,drainage,DEPT_DRAINAGE,2025-02-06T00:08:00,0,3,2,0,0,6.0,MEDIUM,0.1,0.7,0.1,0.1,1,3,46.07,0.4607,0,13.088151,80.232604,7,0,14.59,1
COMP-SLA-13036,Streetlights Complaint - COMP-SLA-13036,Sparking electrical transformer near residential area,streetlights,DEPT_ELECTRICITY,2025-05-13T17:15:00,17,1,5,0,1,4.0,MEDIUM,0.1,0.7,0.1,0.1,8,32,62.05,0.6205,1,13.14063,80.174045,6,1,9.21,1
COMP-SLA-11609,Infrastructure Complaint - COMP-SLA-11609,Broken railing on canal overbridge,infrastructure,DEPT_WORKS,2025-03-14T10:01:00,10,4,3,0,1,24.0,MEDIUM,0.1,0.7,0.1,0.1,2,8,75.22,0.7522,1,13.054901,80.308813,5,0,12.05,0
COMP-SLA-12888,Water Complaint - COMP-SLA-12888,Minor leak near public water standpost,water,DEPT_WATER,2025-02-25T17:13:00,17,1,2,0,1,6.0,LOW,0.7,0.1,0.1,0.1,1,5,20.93,0.2093,0,13.215439,80.14983,6,0,2.21,0
COMP-SLA-12441,Streetlights Complaint - COMP-SLA-12441,Live high-voltage electric wire hanging dangerously low near school,streetlights,DEPT_ELECTRICITY,2025-02-20T21:00:00,21,3,2,0,0,1.0,CRITICAL,0.1,0.1,0.1,0.7,1,4,68.95,0.6895,1,12.953055,80.18982,9,2,12.1,1
COMP-SLA-11010,Drainage Complaint - COMP-SLA-11010,Overflowing sewage line flooding residential street and homes,drainage,DEPT_DRAINAGE,2025-03-13T04:05:00,4,3,3,0,0,1.5,CRITICAL,0.1,0.1,0.1,0.7,1,3,72.92,0.7292,1,13.029616,80.158961,8,2,14.54,1
COMP-SLA-13677,Drainage Complaint - COMP-SLA-13677,Foul stench and black water coming from open drainage pipe,drainage,DEPT_DRAINAGE,2025-02-13T05:57:00,5,3,2,0,0,3.0,HIGH,0.1,0.1,0.7,0.1,1,2,9.58,0.0958,0,13.043936,80.220543,10,0,11.48,1
COMP-SLA-13938,Water Complaint - COMP-SLA-13938,Contaminated muddy water coming from municipal tap supply,water,DEPT_WATER,2025-02-11T19:18:00,19,1,2,0,0,1.0,CRITICAL,0.1,0.1,0.1,0.7,5,10,68.69,0.6869,1,13.057869,80.214388,8,0,9.11,1
COMP-SLA-11678,Streetlights Complaint - COMP-SLA-11678,Flickering streetlight fixture on main road,streetlights,DEPT_ELECTRICITY,2025-03-02T13:09:00,13,6,3,1,0,4.0,MEDIUM,0.1,0.7,0.1,0.1,1,6,94.11,0.9411,1,13.17201,80.274205,6,0,9.79,1
COMP-SLA-12000,Streetlights Complaint - COMP-SLA-12000,Live high-voltage electric wire hanging dangerously low near school,streetlights,DEPT_ELECTRICITY,2025-05-26T13:14:00,13,0,5,0,1,1.0,CRITICAL,0.1,0.1,0.1,0.7,1,6,9.9,0.099,0,13.130036,80.258069,9,2,0.23,0
COMP-SLA-11311,Drainage Complaint - COMP-SLA-11311,Clogged storm drain causing severe waterlogging during rain,drainage,DEPT_DRAINAGE,2025-03-18T18:00:00,18,1,3,0,1,1.5,CRITICAL,0.1,0.1,0.1,0.7,1,4,10.59,0.1059,0,13.107214,80.379042,8,0,0.2,0
COMP-SLA-11988,Other Complaint - COMP-SLA-11988,Unauthorized hawker encroachment blocking shop entrance,other,DEPT_GENERAL,2025-06-09T13:09:00,13,0,6,0,1,12.0,MEDIUM,0.1,0.7,0.1,0.1,5,5,86.21,0.8621,1,13.124541,80.338006,6,1,14.99,1
COMP-SLA-12595,Streetlights Complaint - COMP-SLA-12595,Live high-voltage electric wire hanging dangerously low near school,streetlights,DEPT_ELECTRICITY,2025-04-22T15:54:00,15,1,4,0,1,2.0,HIGH,0.1,0.1,0.7,0.1,1,4,27.98,0.2798,0,13.085723,80.267958,9,2,0.22,0
COMP-SLA-10345,Drainage Complaint - COMP-SLA-10345,Overflowing sewage line flooding residential street and homes,drainage,DEPT_DRAINAGE,2025-05-27T17:53:00,17,1,5,0,1,1.5,CRITICAL,0.1,0.1,0.1,0.7,1,1,0.36,0.0036,0,13.079984,80.137051,8,2,0.53,0
COMP-SLA-12914,Drainage Complaint - COMP-SLA-12914,Clogged storm drain causing severe waterlogging during rain,drainage,DEPT_DRAINAGE,2025-05-26T09:19:00,9,0,5,0,1,3.0,HIGH,0.1,0.1,0.7,0.1,1,4,11.59,0.1159,0,12.954725,80.334089,8,0,7.15,1
COMP-SLA-10987,Other Complaint - COMP-SLA-10987,Unauthorized hawker encroachment blocking shop entrance,other,DEPT_GENERAL,2025-05-17T23:09:00,23,5,5,1,0,12.0,MEDIUM,0.1,0.7,0.1,0.1,1,3,52.3,0.523,0,12.945843,80.178212,6,1,22.71,1
COMP-SLA-12726,Garbage Complaint - COMP-SLA-12726,Illegal dumping of commercial debris in public park,garbage,DEPT_SANITATION,2025-02-17T17:58:00,17,0,2,0,1,12.0,MEDIUM,0.1,0.7,0.1,0.1,3,3,67.84,0.6784,1,13.124947,80.323493,8,0,7.81,0
COMP-SLA-13186,Roads Complaint - COMP-SLA-13186,Minor tar peeling on residential side street,roads,DEPT_ROADS,2025-05-12T20:06:00,20,0,5,0,0,12.0,MEDIUM,0.1,0.7,0.1,0.1,3,12,73.71,0.7371,1,13.096529,80.350797,7,0,17.86,1
COMP-SLA-12185,Roads Complaint - COMP-SLA-12185,Deep crater formed after rains near public school gate,roads,DEPT_ROADS,2025-02-12T01:59:00,1,2,2,0,0,6.0,HIGH,0.1,0.1,0.7,0.1,1,2,16.19,0.1619,0,13.01129,80.317263,9,2,17.39,1
COMP-SLA-11143,Drainage Complaint - COMP-SLA-11143,Overflowing sewage line flooding residential street and homes,drainage,DEPT_DRAINAGE,2025-06-03T23:39:00,23,1,6,0,0,1.5,CRITICAL,0.1,0.1,0.1,0.7,1,2,45.48,0.4548,0,13.211509,80.386956,8,2,7.9,1
COMP-SLA-11199,Drainage Complaint - COMP-SLA-11199,Overflowing sewage line flooding residential street and homes,drainage,DEPT_DRAINAGE,2025-03-08T21:20:00,21,5,3,1,0,1.5,CRITICAL,0.1,0.1,0.1,0.7,1,3,40.39,0.4039,0,13.056069,80.363409,8,2,14.58,1
COMP-SLA-10086,Drainage Complaint - COMP-SLA-10086,Foul stench and black water coming from open drainage pipe,drainage,DEPT_DRAINAGE,2025-06-27T15:18:00,15,4,6,0,1,3.0,HIGH,0.1,0.1,0.7,0.1,1,4,72.25,0.7225,1,13.131475,80.240836,10,0,3.35,1
COMP-SLA-11519,Other Complaint - COMP-SLA-11519,Noise pollution from unauthorized loudspeaker after midnight,other,DEPT_GENERAL,2025-04-09T17:49:00,17,2,4,0,1,6.0,HIGH,0.1,0.1,0.7,0.1,1,3,58.92,0.5892,0,12.962102,80.327277,7,0,1.17,0
COMP-SLA-13380,Infrastructure Complaint - COMP-SLA-13380,Pedestrian footbridge concrete pillar showing structural cracks,infrastructure,DEPT_WORKS,2025-06-25T21:07:00,21,2,6,0,0,6.0,CRITICAL,0.1,0.1,0.1,0.7,3,3,62.58,0.6258,1,13.075956,80.24699,7,0,23.89,1
COMP-SLA-11382,Garbage Complaint - COMP-SLA-11382,Overflowing community dump bin spilling onto main road,garbage,DEPT_SANITATION,2025-05-05T11:21:00,11,0,5,0,1,3.0,CRITICAL,0.1,0.1,0.1,0.7,1,3,71.7,0.717,1,13.174469,80.389434,8,1,3.14,1
COMP-SLA-12180,Garbage Complaint - COMP-SLA-12180,Illegal dumping of commercial debris in public park,garbage,DEPT_SANITATION,2025-03-11T10:48:00,10,1,3,0,1,6.0,HIGH,0.1,0.1,0.7,0.1,8,24,67.16,0.6716,1,13.220975,80.154266,8,0,12.82,1
COMP-SLA-11015,Other Complaint - COMP-SLA-11015,Stray dog menace near elementary school playground,other,DEPT_GENERAL,2025-02-05T03:44:00,3,2,2,0,0,6.0,HIGH,0.1,0.1,0.7,0.1,1,4,2.5,0.025,0,13.143889,80.233938,7,1,12.85,1
COMP-SLA-10129,Garbage Complaint - COMP-SLA-10129,Illegal dumping of commercial debris in public park,garbage,DEPT_SANITATION,2025-02-16T04:36:00,4,6,2,1,0,12.0,MEDIUM,0.1,0.7,0.1,0.1,1,1,70.39,0.7039,1,13.129903,80.141576,8,0,14.81,1
COMP-SLA-11365,Other Complaint - COMP-SLA-11365,General inquiry regarding municipal service timing,other,DEPT_GENERAL,2025-02-23T23:39:00,23,6,2,1,0,12.0,MEDIUM,0.1,0.7,0.1,0.1,1,2,71.74,0.7174,1,13.110895,80.140744,6,0,22.87,1
COMP-SLA-12575,Infrastructure Complaint - COMP-SLA-12575,Minor paint peeling on government office gate,infrastructure,DEPT_WORKS,2025-06-27T14:05:00,14,4,6,0,1,36.0,LOW,0.7,0.1,0.1,0.1,2,4,76.61,0.7661,1,12.941468,80.127636,7,0,10.73,0
COMP-SLA-13635,Drainage Complaint - COMP-SLA-13635,Foul stench and black water coming from open drainage pipe,drainage,DEPT_DRAINAGE,2025-06-14T11:26:00,11,5,6,1,0,3.0,HIGH,0.1,0.1,0.7,0.1,1,5,18.72,0.1872,0,12.988636,80.304243,10,0,5.21,1
COMP-SLA-10892,Garbage Complaint - COMP-SLA-10892,Minor littering near bus shelter,garbage,DEPT_SANITATION,2025-05-09T18:45:00,18,4,5,0,1,18.0,LOW,0.7,0.1,0.1,0.1,1,1,58.55,0.5855,0,13.229214,80.190482,5,0,24.39,1
COMP-SLA-13029,Streetlights Complaint - COMP-SLA-13029,Entire street light network down making dark alley unsafe at night,streetlights,DEPT_ELECTRICITY,2025-05-05T02:17:00,2,0,5,0,0,1.0,CRITICAL,0.1,0.1,0.1,0.7,1,1,47.52,0.4752,0,13.155158,80.280157,11,0,10.99,1
COMP-SLA-11360,Drainage Complaint - COMP-SLA-11360,Slow drainage runoff on commercial market road,drainage,DEPT_DRAINAGE,2025-05-10T05:25:00,5,5,5,1,0,9.0,LOW,0.7,0.1,0.1,0.1,1,2,48.54,0.4854,0,13.178708,80.386387,7,0,18.05,1
COMP-SLA-10308,Other Complaint - COMP-SLA-10308,Unsanitary public toilet conditions in central market,other,DEPT_GENERAL,2025-05-26T05:23:00,5,0,5,0,0,3.0,CRITICAL,0.1,0.1,0.1,0.7,5,30,84.96,0.8496,1,12.979893,80.352699,7,0,13.43,1
COMP-SLA-14011,Other Complaint - COMP-SLA-14011,Unauthorized hawker encroachment blocking shop entrance,other,DEPT_GENERAL,2025-03-22T19:50:00,19,5,3,1,0,12.0,MEDIUM,0.1,0.7,0.1,0.1,1,1,3.88,0.0388,0,13.072754,80.340695,6,1,13.46,1
COMP-SLA-11318,Drainage Complaint - COMP-SLA-11318,Slow drainage runoff on commercial market road,drainage,DEPT_DRAINAGE,2025-03-25T16:30:00,16,1,3,0,1,9.0,LOW,0.7,0.1,0.1,0.1,1,2,74.08,0.7408,1,13.128747,80.357325,7,0,15.88,1
COMP-SLA-13169,Streetlights Complaint - COMP-SLA-13169,Sparking electrical transformer near residential area,streetlights,DEPT_ELECTRICITY,2025-01-31T11:00:00,11,4,1,0,1,4.0,MEDIUM,0.1,0.7,0.1,0.1,1,4,57.93,0.5793,0,13.028055,80.126148,6,1,4.05,1
COMP-SLA-14119,Garbage Complaint - COMP-SLA-14119,Overflowing community dump bin spilling onto main road,garbage,DEPT_SANITATION,2025-02-10T20:41:00,20,0,2,0,0,3.0,CRITICAL,0.1,0.1,0.1,0.7,1,2,92.89,0.9289,1,12.966876,80.379431,8,1,13.88,1
COMP-SLA-11209,Streetlights Complaint - COMP-SLA-11209,Flickering streetlight fixture on main road,streetlights,DEPT_ELECTRICITY,2025-03-19T08:29:00,8,2,3,0,1,4.0,MEDIUM,0.1,0.7,0.1,0.1,2,8,62.32,0.6232,1,12.9935,80.199981,6,0,4.64,1
COMP-SLA-13482,Garbage Complaint - COMP-SLA-13482,Foul smell from uncleared waste bin near apartment entrance,garbage,DEPT_SANITATION,2025-06-26T12:21:00,12,3,6,0,1,12.0,MEDIUM,0.1,0.7,0.1,0.1,1,4,37.98,0.3798,0,13.10556,80.17388,9,0,7.14,0
COMP-SLA-13365,Streetlights Complaint - COMP-SLA-13365,Single street lamp bulb burnt out on quiet street,streetlights,DEPT_ELECTRICITY,2025-06-22T22:44:00,22,6,6,1,0,6.0,LOW,0.7,0.1,0.1,0.1,1,4,51.38,0.5138,0,13.063258,80.337461,9,0,25.09,1
COMP-SLA-14069,Drainage Complaint - COMP-SLA-14069,Clogged storm drain causing severe waterlogging during rain,drainage,DEPT_DRAINAGE,2025-06-03T02:14:00,2,1,6,0,0,1.5,CRITICAL,0.1,0.1,0.1,0.7,1,6,5.15,0.0515,0,13.19892,80.209304,8,0,12.68,1
COMP-SLA-11240,Roads Complaint - COMP-SLA-11240,Road surface cracked and unpaved causing risk for two-wheelers,roads,DEPT_ROADS,2025-01-12T08:38:00,8,6,1,1,0,3.0,CRITICAL,0.1,0.1,0.1,0.7,1,6,16.43,0.1643,0,12.992305,80.27234,9,0,12.85,1
COMP-SLA-10276,Garbage Complaint - COMP-SLA-10276,Illegal dumping of commercial debris in public park,garbage,DEPT_SANITATION,2025-02-17T10:53:00,10,0,2,0,1,12.0,MEDIUM,0.1,0.7,0.1,0.1,1,1,34.11,0.3411,0,13.068,80.136783,8,0,5.85,0
COMP-SLA-10490,Other Complaint - COMP-SLA-10490,Unsanitary public toilet conditions in central market,other,DEPT_GENERAL,2025-03-09T19:09:00,19,6,3,1,0,6.0,HIGH,0.1,0.1,0.7,0.1,1,2,37.04,0.3704,0,12.957993,80.400177,7,0,15.75,1
COMP-SLA-13413,Water Complaint - COMP-SLA-13413,Main pipeline burst wasting thousands of liters of clean water,water,DEPT_WATER,2025-03-19T03:20:00,3,2,3,0,0,2.0,HIGH,0.1,0.1,0.7,0.1,1,2,20.58,0.2058,0,13.08904,80.187183,10,1,12.48,1
COMP-SLA-11230,Streetlights Complaint - COMP-SLA-11230,Entire street light network down making dark alley unsafe at night,streetlights,DEPT_ELECTRICITY,2025-06-12T08:45:00,8,3,6,0,1,2.0,HIGH,0.1,0.1,0.7,0.1,1,6,41.96,0.4196,0,12.975565,80.251873,11,0,0.74,0
COMP-SLA-13576,Infrastructure Complaint - COMP-SLA-13576,Damaged bus shelter roof leaning precariously,infrastructure,DEPT_WORKS,2025-01-11T01:18:00,1,5,1,1,0,24.0,MEDIUM,0.1,0.7,0.1,0.1,1,4,48.46,0.4846,0,12.977978,80.414906,6,0,14.3,0
COMP-SLA-12866,Garbage Complaint - COMP-SLA-12866,Foul smell from uncleared waste bin near apartment entrance,garbage,DEPT_SANITATION,2025-05-23T15:18:00,15,4,5,0,1,6.0,HIGH,0.1,0.1,0.7,0.1,1,4,2.14,0.0214,0,12.940207,80.382336,9,0,3.64,0
COMP-SLA-12251,Water Complaint - COMP-SLA-12251,Low water pressure in residential high-rise complex,water,DEPT_WATER,2025-04-04T00:40:00,0,4,4,0,0,2.0,HIGH,0.1,0.1,0.7,0.1,1,2,41.57,0.4157,0,12.968844,80.18251,7,0,7.51,1
COMP-SLA-12981,Infrastructure Complaint - COMP-SLA-12981,Collapsed public park boundary wall blocking walkway,infrastructure,DEPT_WORKS,2025-04-10T08:50:00,8,3,4,0,1,12.0,HIGH,0.1,0.1,0.7,0.1,1,6,53.63,0.5363,0,13.171981,80.130657,7,2,4.84,0
COMP-SLA-11059,Drainage Complaint - COMP-SLA-11059,Foul stench and black water coming from open drainage pipe,drainage,DEPT_DRAINAGE,2025-03-03T20:57:00,20,0,3,0,0,6.0,MEDIUM,0.1,0.7,0.1,0.1,5,20,79.84,0.7984,1,12.999227,80.178849,10,0,22.5,1
COMP-SLA-10282,Drainage Complaint - COMP-SLA-10282,Overflowing sewage line flooding residential street and homes,drainage,DEPT_DRAINAGE,2025-02-23T23:37:00,23,6,2,1,0,3.0,HIGH,0.1,0.1,0.7,0.1,1,4,57.97,0.5797,0,13.13944,80.379015,8,2,6.53,1
COMP-SLA-12536,Drainage Complaint - COMP-SLA-12536,Overflowing sewage line flooding residential street and homes,drainage,DEPT_DRAINAGE,2025-03-22T23:25:00,23,5,3,1,0,3.0,HIGH,0.1,0.1,0.7,0.1,1,2,77.07,0.7707,1,13.207281,80.204065,8,2,22.74,1
COMP-SLA-11317,Roads Complaint - COMP-SLA-11317,Deep crater formed after rains near public school gate,roads,DEPT_ROADS,2025-05-27T21:09:00,21,1,5,0,0,12.0,MEDIUM,0.1,0.7,0.1,0.1,1,2,37.64,0.3764,0,13.02983,80.178271,9,2,18.8,1
COMP-SLA-10969,Garbage Complaint - COMP-SLA-10969,Illegal dumping of commercial debris in public park,garbage,DEPT_SANITATION,2025-04-13T11:00:00,11,6,4,1,0,12.0,MEDIUM,0.1,0.7,0.1,0.1,1,5,8.05,0.0805,0,12.963101,80.268314,8,0,20.0,1
COMP-SLA-12771,Infrastructure Complaint - COMP-SLA-12771,Collapsed public park boundary wall blocking walkway,infrastructure,DEPT_WORKS,2025-05-04T03:43:00,3,6,5,1,0,6.0,CRITICAL,0.1,0.1,0.1,0.7,1,6,38.76,0.3876,0,13.125455,80.216908,7,2,10.18,1
COMP-SLA-12237,Water Complaint - COMP-SLA-12237,Low water pressure in residential high-rise complex,water,DEPT_WATER,2025-05-11T08:50:00,8,6,5,1,0,2.0,HIGH,0.1,0.1,0.7,0.1,5,10,78.84,0.7884,1,13.119764,80.262691,7,0,21.18,1
COMP-SLA-12500,Roads Complaint - COMP-SLA-12500,Massive pothole causing severe traffic delay near main intersection,roads,DEPT_ROADS,2025-05-19T16:09:00,16,0,5,0,1,3.0,CRITICAL,0.1,0.1,0.1,0.7,1,3,36.24,0.3624,0,13.02117,80.164704,9,0,1.1,0
COMP-SLA-10620,Water Complaint - COMP-SLA-10620,Contaminated muddy water coming from municipal tap supply,water,DEPT_WATER,2025-03-17T14:42:00,14,0,3,0,1,1.0,CRITICAL,0.1,0.1,0.1,0.7,1,4,87.66,0.8766,1,13.213555,80.312334,8,0,7.12,1
COMP-SLA-12291,Drainage Complaint - COMP-SLA-12291,Open manhole cover on main sidewalk presents fatal hazard,drainage,DEPT_DRAINAGE,2025-01-05T06:51:00,6,6,1,1,0,3.0,HIGH,0.1,0.1,0.7,0.1,1,1,18.43,0.1843,0,13.232038,80.240719,9,2,14.86,1
COMP-SLA-11743,Other Complaint - COMP-SLA-11743,Stray dog menace near elementary school playground,other,DEPT_GENERAL,2025-04-04T00:24:00,0,4,4,0,0,6.0,HIGH,0.1,0.1,0.7,0.1,1,2,79.86,0.7986,1,13.094886,80.146006,7,1,20.42,1
COMP-SLA-13541,Infrastructure Complaint - COMP-SLA-13541,Broken railing on canal overbridge,infrastructure,DEPT_WORKS,2025-03-30T11:38:00,11,6,3,1,0,12.0,HIGH,0.1,0.1,0.7,0.1,1,3,19.98,0.1998,0,13.142031,80.352777,5,0,11.07,0
COMP-SLA-11848,Other Complaint - COMP-SLA-11848,Noise pollution from unauthorized loudspeaker after midnight,other,DEPT_GENERAL,2025-01-31T08:57:00,8,4,1,0,1,12.0,MEDIUM,0.1,0.7,0.1,0.1,1,3,40.23,0.4023,0,13.169841,80.357735,7,0,1.85,0
COMP-SLA-11580,Streetlights Complaint - COMP-SLA-11580,Sparking electrical transformer near residential area,streetlights,DEPT_ELECTRICITY,2025-01-14T16:37:00,16,1,1,0,1,2.0,HIGH,0.1,0.1,0.7,0.1,1,5,46.31,0.4631,0,12.969689,80.252219,6,1,1.11,0
COMP-SLA-11656,Water Complaint - COMP-SLA-11656,Main pipeline burst wasting thousands of liters of clean water,water,DEPT_WATER,2025-06-03T17:47:00,17,1,6,0,1,1.0,CRITICAL,0.1,0.1,0.1,0.7,1,6,4.2,0.042,0,13.121432,80.348973,10,1,1.93,1
COMP-SLA-12021,Streetlights Complaint - COMP-SLA-12021,Entire street light network down making dark alley unsafe at night,streetlights,DEPT_ELECTRICITY,2025-04-01T12:03:00,12,1,4,0,1,2.0,HIGH,0.1,0.1,0.7,0.1,1,3,58.7,0.587,0,13.045808,80.367016,11,0,4.63,1
COMP-SLA-11957,Water Complaint - COMP-SLA-11957,Low water pressure in residential high-rise complex,water,DEPT_WATER,2025-02-17T18:03:00,18,0,2,0,1,2.0,HIGH,0.1,0.1,0.7,0.1,1,2,54.4,0.544,0,13.121021,80.319147,7,0,1.44,0
COMP-SLA-11308,Infrastructure Complaint - COMP-SLA-11308,Broken railing on canal overbridge,infrastructure,DEPT_WORKS,2025-01-11T19:17:00,19,5,1,1,0,24.0,MEDIUM,0.1,0.7,0.1,0.1,1,1,18.05,0.1805,0,13.098293,80.148108,5,0,40.25,1
COMP-SLA-12004,Drainage Complaint - COMP-SLA-12004,Open manhole cover on main sidewalk presents fatal hazard,drainage,DEPT_DRAINAGE,2025-01-29T15:12:00,15,2,1,0,1,6.0,MEDIUM,0.1,0.7,0.1,0.1,8,48,61.57,0.6157,1,13.125545,80.16978,9,2,6.47,1
COMP-SLA-10576,Drainage Complaint - COMP-SLA-10576,Open manhole cover on main sidewalk presents fatal hazard,drainage,DEPT_DRAINAGE,2025-06-02T03:55:00,3,0,6,0,0,6.0,MEDIUM,0.1,0.7,0.1,0.1,5,5,81.49,0.8149,1,13.167403,80.213184,9,2,26.29,1
COMP-SLA-11707,Infrastructure Complaint - COMP-SLA-11707,Pedestrian footbridge concrete pillar showing structural cracks,infrastructure,DEPT_WORKS,2025-03-03T09:57:00,9,0,3,0,1,12.0,HIGH,0.1,0.1,0.7,0.1,8,16,93.59,0.9359,1,13.099059,80.358843,7,0,14.61,1
COMP-SLA-13606,Roads Complaint - COMP-SLA-13606,Massive pothole causing severe traffic delay near main intersection,roads,DEPT_ROADS,2025-05-31T06:56:00,6,5,5,1,0,3.0,CRITICAL,0.1,0.1,0.1,0.7,1,5,2.65,0.0265,0,13.045438,80.313775,9,0,11.56,1
COMP-SLA-13193,Roads Complaint - COMP-SLA-13193,Road cave-in reported on highway access lane,roads,DEPT_ROADS,2025-04-17T21:51:00,21,3,4,0,0,6.0,HIGH,0.1,0.1,0.7,0.1,1,2,49.99,0.4999,0,13.098349,80.234225,7,0,26.74,1
COMP-SLA-10862,Roads Complaint - COMP-SLA-10862,Deep crater formed after rains near public school gate,roads,DEPT_ROADS,2025-06-24T08:12:00,8,1,6,0,1,6.0,HIGH,0.1,0.1,0.7,0.1,8,48,94.85,0.9485,1,13.144393,80.420099,9,2,13.62,1
COMP-SLA-11802,Garbage Complaint - COMP-SLA-11802,Minor littering near bus shelter,garbage,DEPT_SANITATION,2025-01-24T19:07:00,19,4,1,0,0,12.0,MEDIUM,0.1,0.7,0.1,0.1,1,2,14.34,0.1434,0,12.976255,80.135225,5,0,16.39,1
COMP-SLA-11629,Streetlights Complaint - COMP-SLA-11629,Entire street light network down making dark alley unsafe at night,streetlights,DEPT_ELECTRICITY,2025-03-01T01:17:00,1,5,3,1,0,2.0,HIGH,0.1,0.1,0.7,0.1,8,8,71.71,0.7171,1,13.026147,80.34889,11,0,20.86,1
COMP-SLA-11994,Infrastructure Complaint - COMP-SLA-11994,Damaged bus shelter roof leaning precariously,infrastructure,DEPT_WORKS,2025-04-09T23:38:00,23,2,4,0,0,12.0,HIGH,0.1,0.1,0.7,0.1,2,4,76.65,0.7665,1,13.165776,80.235392,6,0,17.04,1
COMP-SLA-10270,Water Complaint - COMP-SLA-10270,Minor leak near public water standpost,water,DEPT_WATER,2025-04-29T07:51:00,7,1,4,0,0,4.0,MEDIUM,0.1,0.7,0.1,0.1,2,8,60.85,0.6085,1,13.054214,80.176036,6,0,10.95,1
COMP-SLA-10630,Other Complaint - COMP-SLA-10630,Stray dog menace near elementary school playground,other,DEPT_GENERAL,2025-04-10T02:50:00,2,3,4,0,0,3.0,CRITICAL,0.1,0.1,0.1,0.7,1,4,50.72,0.5072,0,13.094866,80.213019,7,1,14.28,1
COMP-SLA-10301,Other Complaint - COMP-SLA-10301,Unauthorized hawker encroachment blocking shop entrance,other,DEPT_GENERAL,2025-01-05T18:04:00,18,6,1,1,0,12.0,MEDIUM,0.1,0.7,0.1,0.1,8,32,87.65,0.8765,1,12.936838,80.185423,6,1,18.29,1
COMP-SLA-13880,Drainage Complaint - COMP-SLA-13880,Clogged storm drain causing severe waterlogging during rain,drainage,DEPT_DRAINAGE,2025-01-03T11:06:00,11,4,1,0,1,3.0,HIGH,0.1,0.1,0.7,0.1,1,1,78.51,0.7851,1,12.959697,80.167995,8,0,5.12,1
COMP-SLA-11448,Infrastructure Complaint - COMP-SLA-11448,Pedestrian footbridge concrete pillar showing structural cracks,infrastructure,DEPT_WORKS,2025-02-13T11:54:00,11,3,2,0,1,6.0,CRITICAL,0.1,0.1,0.1,0.7,1,4,93.29,0.9329,1,13.008515,80.274727,7,0,11.56,1
COMP-SLA-11473,Garbage Complaint - COMP-SLA-11473,Uncollected garbage pile attracting stray animals near hospital gate,garbage,DEPT_SANITATION,2025-04-25T11:26:00,11,4,4,0,1,6.0,HIGH,0.1,0.1,0.7,0.1,8,24,65.39,0.6539,1,13.006533,80.404073,9,1,19.26,1
COMP-SLA-12047,Garbage Complaint - COMP-SLA-12047,Foul smell from uncleared waste bin near apartment entrance,garbage,DEPT_SANITATION,2025-06-05T07:53:00,7,3,6,0,0,12.0,MEDIUM,0.1,0.7,0.1,0.1,1,4,26.2,0.262,0,13.144406,80.378017,9,0,7.44,0
COMP-SLA-13751,Infrastructure Complaint - COMP-SLA-13751,Damaged bus shelter roof leaning precariously,infrastructure,DEPT_WORKS,2025-03-05T03:01:00,3,2,3,0,0,12.0,HIGH,0.1,0.1,0.7,0.1,1,2,53.94,0.5394,0,13.039529,80.12199,6,0,23.63,1
COMP-SLA-12668,Roads Complaint - COMP-SLA-12668,Road surface cracked and unpaved causing risk for two-wheelers,roads,DEPT_ROADS,2025-02-21T00:07:00,0,4,2,0,0,3.0,CRITICAL,0.1,0.1,0.1,0.7,1,1,75.41,0.7541,1,12.952909,80.162195,9,0,21.48,1
COMP-SLA-12114,Other Complaint - COMP-SLA-12114,Unauthorized hawker encroachment blocking shop entrance,other,DEPT_GENERAL,2025-02-13T19:55:00,19,3,2,0,0,6.0,HIGH,0.1,0.1,0.7,0.1,1,4,13.14,0.1314,0,13.038871,80.36953,6,1,15.47,1
COMP-SLA-13180,Drainage Complaint - COMP-SLA-13180,Slow drainage runoff on commercial market road,drainage,DEPT_DRAINAGE,2025-05-16T18:29:00,18,4,5,0,1,6.0,MEDIUM,0.1,0.7,0.1,0.1,1,6,71.87,0.7187,1,13.206169,80.132393,7,0,12.42,1
COMP-SLA-12716,Other Complaint - COMP-SLA-12716,Unsanitary public toilet conditions in central market,other,DEPT_GENERAL,2025-01-13T08:45:00,8,0,1,0,1,6.0,HIGH,0.1,0.1,0.7,0.1,1,2,40.35,0.4035,0,12.998888,80.253744,7,0,1.5,0
COMP-SLA-13753,Roads Complaint - COMP-SLA-13753,Road cave-in reported on highway access lane,roads,DEPT_ROADS,2025-02-28T03:08:00,3,4,2,0,0,6.0,HIGH,0.1,0.1,0.7,0.1,1,1,84.46,0.8446,1,13.11639,80.417371,7,0,18.11,1
COMP-SLA-13120,Streetlights Complaint - COMP-SLA-13120,Sparking electrical transformer near residential area,streetlights,DEPT_ELECTRICITY,2025-02-11T07:36:00,7,1,2,0,0,2.0,HIGH,0.1,0.1,0.7,0.1,8,16,64.57,0.6457,1,13.228392,80.264713,6,1,20.4,1
COMP-SLA-12009,Other Complaint - COMP-SLA-12009,Noise pollution from unauthorized loudspeaker after midnight,other,DEPT_GENERAL,2025-05-27T22:50:00,22,1,5,0,0,12.0,MEDIUM,0.1,0.7,0.1,0.1,3,18,72.49,0.7249,1,12.969725,80.396242,7,0,16.48,1
COMP-SLA-10504,Other Complaint - COMP-SLA-10504,Unauthorized hawker encroachment blocking shop entrance,other,DEPT_GENERAL,2025-03-24T05:40:00,5,0,3,0,0,6.0,HIGH,0.1,0.1,0.7,0.1,1,1,52.21,0.5221,0,13.151171,80.344117,6,1,13.59,1
COMP-SLA-12267,Infrastructure Complaint - COMP-SLA-12267,Minor paint peeling on government office gate,infrastructure,DEPT_WORKS,2025-02-01T10:30:00,10,5,2,1,0,24.0,MEDIUM,0.1,0.7,0.1,0.1,8,8,70.72,0.7072,1,13.006735,80.221788,7,0,31.66,1
COMP-SLA-12974,Infrastructure Complaint - COMP-SLA-12974,Minor paint peeling on government office gate,infrastructure,DEPT_WORKS,2025-02-20T07:20:00,7,3,2,0,0,36.0,LOW,0.7,0.1,0.1,0.1,1,2,9.26,0.0926,0,13.012789,80.1386,7,0,41.84,1
COMP-SLA-10381,Garbage Complaint - COMP-SLA-10381,Foul smell from uncleared waste bin near apartment entrance,garbage,DEPT_SANITATION,2025-04-22T21:08:00,21,1,4,0,0,6.0,HIGH,0.1,0.1,0.7,0.1,1,2,34.13,0.3413,0,13.03552,80.391115,9,0,6.18,1
COMP-SLA-13014,Water Complaint - COMP-SLA-13014,No water supply for last 48 hours in entire neighborhood block,water,DEPT_WATER,2025-03-15T17:30:00,17,5,3,1,0,2.0,HIGH,0.1,0.1,0.7,0.1,1,5,10.13,0.1013,0,13.166662,80.222893,11,0,10.93,1
COMP-SLA-11526,Other Complaint - COMP-SLA-11526,Noise pollution from unauthorized loudspeaker after midnight,other,DEPT_GENERAL,2025-02-28T22:28:00,22,4,2,0,0,6.0,HIGH,0.1,0.1,0.7,0.1,1,2,11.03,0.1103,0,13.175226,80.405112,7,0,6.64,1
COMP-SLA-13202,Garbage Complaint - COMP-SLA-13202,Illegal dumping of commercial debris in public park,garbage,DEPT_SANITATION,2025-02-19T13:19:00,13,2,2,0,1,12.0,MEDIUM,0.1,0.7,0.1,0.1,1,3,34.24,0.3424,0,13.012341,80.400704,8,0,5.88,0
COMP-SLA-10375,Water Complaint - COMP-SLA-10375,Minor leak near public water standpost,water,DEPT_WATER,2025-06-24T12:33:00,12,1,6,0,1,6.0,LOW,0.7,0.1,0.1,0.1,1,2,81.15,0.8115,1,13.022207,80.136919,6,0,4.37,0
COMP-SLA-12311,Roads Complaint - COMP-SLA-12311,Minor tar peeling on residential side street,roads,DEPT_ROADS,2025-04-25T10:39:00,10,4,4,0,1,18.0,LOW,0.7,0.1,0.1,0.1,1,4,12.58,0.1258,0,13.228495,80.150037,7,0,8.92,0
COMP-SLA-13800,Infrastructure Complaint - COMP-SLA-13800,Minor paint peeling on government office gate,infrastructure,DEPT_WORKS,2025-03-23T02:59:00,2,6,3,1,0,36.0,LOW,0.7,0.1,0.1,0.1,1,6,51.89,0.5189,0,13.06862,80.292261,7,0,30.17,0
COMP-SLA-10940,Drainage Complaint - COMP-SLA-10940,Open manhole cover on main sidewalk presents fatal hazard,drainage,DEPT_DRAINAGE,2025-04-29T20:24:00,20,1,4,0,0,6.0,MEDIUM,0.1,0.7,0.1,0.1,1,1,34.9,0.349,0,13.015265,80.316659,9,2,8.78,1
COMP-SLA-13821,Infrastructure Complaint - COMP-SLA-13821,Broken railing on canal overbridge,infrastructure,DEPT_WORKS,2025-05-01T19:54:00,19,3,5,0,0,24.0,MEDIUM,0.1,0.7,0.1,0.1,1,5,61.18,0.6118,1,13.154956,80.41243,5,0,16.8,0
COMP-SLA-12970,Drainage Complaint - COMP-SLA-12970,Foul stench and black water coming from open drainage pipe,drainage,DEPT_DRAINAGE,2025-02-16T11:43:00,11,6,2,1,0,6.0,MEDIUM,0.1,0.7,0.1,0.1,1,5,87.83,0.8783,1,13.178392,80.204749,10,0,14.49,1
COMP-SLA-12148,Infrastructure Complaint - COMP-SLA-12148,Minor paint peeling on government office gate,infrastructure,DEPT_WORKS,2025-01-26T16:36:00,16,6,1,1,0,36.0,LOW,0.7,0.1,0.1,0.1,1,3,65.13,0.6513,1,13.191743,80.227572,7,0,22.24,0
COMP-SLA-12705,Garbage Complaint - COMP-SLA-12705,Minor littering near bus shelter,garbage,DEPT_SANITATION,2025-02-26T10:18:00,10,2,2,0,1,18.0,LOW,0.7,0.1,0.1,0.1,1,1,34.02,0.3402,0,13.08498,80.334819,5,0,18.53,1
COMP-SLA-12069,Water Complaint - COMP-SLA-12069,Contaminated muddy water coming from municipal tap supply,water,DEPT_WATER,2025-05-05T05:15:00,5,0,5,0,0,1.0,CRITICAL,0.1,0.1,0.1,0.7,8,16,87.2,0.872,1,12.941413,80.201956,8,0,12.67,1
COMP-SLA-10530,Streetlights Complaint - COMP-SLA-10530,Live high-voltage electric wire hanging dangerously low near school,streetlights,DEPT_ELECTRICITY,2025-04-21T09:50:00,9,0,4,0,1,2.0,HIGH,0.1,0.1,0.7,0.1,1,5,7.84,0.0784,0,13.050997,80.160357,9,2,2.8,1
COMP-SLA-12645,Infrastructure Complaint - COMP-SLA-12645,Broken railing on canal overbridge,infrastructure,DEPT_WORKS,2025-01-18T04:01:00,4,5,1,1,0,12.0,HIGH,0.1,0.1,0.7,0.1,1,6,8.22,0.0822,0,13.167826,80.168736,5,0,10.89,0
COMP-SLA-10637,Other Complaint - COMP-SLA-10637,Unauthorized hawker encroachment blocking shop entrance,other,DEPT_GENERAL,2025-06-28T11:35:00,11,5,6,1,0,12.0,MEDIUM,0.1,0.7,0.1,0.1,1,2,55.29,0.5529,0,12.982202,80.193793,6,1,11.39,0
COMP-SLA-11270,Garbage Complaint - COMP-SLA-11270,Illegal dumping of commercial debris in public park,garbage,DEPT_SANITATION,2025-05-17T23:25:00,23,5,5,1,0,12.0,MEDIUM,0.1,0.7,0.1,0.1,1,6,8.98,0.0898,0,13.007288,80.145914,8,0,8.34,0
COMP-SLA-10186,Water Complaint - COMP-SLA-10186,No water supply for last 48 hours in entire neighborhood block,water,DEPT_WATER,2025-04-13T04:48:00,4,6,4,1,0,2.0,HIGH,0.1,0.1,0.7,0.1,1,4,30.32,0.3032,0,13.043862,80.289195,11,0,6.74,1
COMP-SLA-13515,Roads Complaint - COMP-SLA-13515,Road cave-in reported on highway access lane,roads,DEPT_ROADS,2025-03-27T13:48:00,13,3,3,0,1,6.0,HIGH,0.1,0.1,0.7,0.1,5,25,60.47,0.6047,1,13.073834,80.264966,7,0,15.6,1
COMP-SLA-12683,Drainage Complaint - COMP-SLA-12683,Clogged storm drain causing severe waterlogging during rain,drainage,DEPT_DRAINAGE,2025-01-17T15:55:00,15,4,1,0,1,1.5,CRITICAL,0.1,0.1,0.1,0.7,1,5,2.67,0.0267,0,12.945205,80.216954,8,0,0.2,0
COMP-SLA-12452,Drainage Complaint - COMP-SLA-12452,Open manhole cover on main sidewalk presents fatal hazard,drainage,DEPT_DRAINAGE,2025-06-09T22:10:00,22,0,6,0,0,6.0,MEDIUM,0.1,0.7,0.1,0.1,1,2,32.12,0.3212,0,12.99985,80.281175,9,2,18.72,1
COMP-SLA-11798,Infrastructure Complaint - COMP-SLA-11798,Minor paint peeling on government office gate,infrastructure,DEPT_WORKS,2025-01-16T01:12:00,1,3,1,0,0,24.0,MEDIUM,0.1,0.7,0.1,0.1,1,4,22.45,0.2245,0,12.937901,80.414097,7,0,11.71,0
COMP-SLA-11442,Other Complaint - COMP-SLA-11442,Noise pollution from unauthorized loudspeaker after midnight,other,DEPT_GENERAL,2025-01-26T17:10:00,17,6,1,1,0,6.0,HIGH,0.1,0.1,0.7,0.1,1,5,39.44,0.3944,0,13.202945,80.166305,7,0,13.52,1
COMP-SLA-11536,Garbage Complaint - COMP-SLA-11536,Illegal dumping of commercial debris in public park,garbage,DEPT_SANITATION,2025-03-09T13:03:00,13,6,3,1,0,12.0,MEDIUM,0.1,0.7,0.1,0.1,1,4,30.45,0.3045,0,13.158411,80.133573,8,0,5.37,0
COMP-SLA-11274,Other Complaint - COMP-SLA-11274,Unauthorized hawker encroachment blocking shop entrance,other,DEPT_GENERAL,2025-02-19T18:16:00,18,2,2,0,1,12.0,MEDIUM,0.1,0.7,0.1,0.1,1,2,51.22,0.5122,0,13.231176,80.305374,6,1,0.34,0
COMP-SLA-10608,Infrastructure Complaint - COMP-SLA-10608,Collapsed public park boundary wall blocking walkway,infrastructure,DEPT_WORKS,2025-06-18T09:51:00,9,2,6,0,1,12.0,HIGH,0.1,0.1,0.7,0.1,1,2,46.05,0.4605,0,13.153914,80.128889,7,2,3.81,0
COMP-SLA-11713,Streetlights Complaint - COMP-SLA-11713,Entire street light network down making dark alley unsafe at night,streetlights,DEPT_ELECTRICITY,2025-03-26T18:06:00,18,2,3,0,1,2.0,HIGH,0.1,0.1,0.7,0.1,3,15,84.3,0.843,1,13.021022,80.35239,11,0,8.88,1
COMP-SLA-13923,Garbage Complaint - COMP-SLA-13923,Minor littering near bus shelter,garbage,DEPT_SANITATION,2025-06-04T08:46:00,8,2,6,0,1,18.0,LOW,0.7,0.1,0.1,0.1,1,3,0.42,0.0042,0,13.134496,80.151713,5,0,19.27,1
COMP-SLA-10956,Water Complaint - COMP-SLA-10956,Contaminated muddy water coming from municipal tap supply,water,DEPT_WATER,2025-06-23T17:35:00,17,0,6,0,1,1.0,CRITICAL,0.1,0.1,0.1,0.7,1,2,45.3,0.453,0,13.111085,80.375589,8,0,0.34,0
COMP-SLA-12755,Water Complaint - COMP-SLA-12755,No water supply for last 48 hours in entire neighborhood block,water,DEPT_WATER,2025-05-22T13:53:00,13,3,5,0,1,4.0,MEDIUM,0.1,0.7,0.1,0.1,1,1,76.58,0.7658,1,13.135393,80.392533,11,0,13.14,1
COMP-SLA-13112,Water Complaint - COMP-SLA-13112,Minor leak near public water standpost,water,DEPT_WATER,2025-06-14T10:18:00,10,5,6,1,0,4.0,MEDIUM,0.1,0.7,0.1,0.1,1,4,30.6,0.306,0,13.054801,80.149086,6,0,5.15,1
COMP-SLA-13924,Water Complaint - COMP-SLA-13924,Contaminated muddy water coming from municipal tap supply,water,DEPT_WATER,2025-03-02T10:51:00,10,6,3,1,0,2.0,HIGH,0.1,0.1,0.7,0.1,1,3,12.67,0.1267,0,13.062795,80.128325,8,0,12.11,1
COMP-SLA-12072,Other Complaint - COMP-SLA-12072,Unauthorized hawker encroachment blocking shop entrance,other,DEPT_GENERAL,2025-03-08T13:06:00,13,5,3,1,0,6.0,HIGH,0.1,0.1,0.7,0.1,1,3,88.89,0.8889,1,13.11939,80.370421,6,1,11.74,1
COMP-SLA-13627,Roads Complaint - COMP-SLA-13627,Deep crater formed after rains near public school gate,roads,DEPT_ROADS,2025-04-19T22:10:00,22,5,4,1,0,12.0,MEDIUM,0.1,0.7,0.1,0.1,1,5,26.29,0.2629,0,12.948679,80.300167,9,2,13.57,1
COMP-SLA-11978,Water Complaint - COMP-SLA-11978,Contaminated muddy water coming from municipal tap supply,water,DEPT_WATER,2025-01-19T21:01:00,21,6,1,1,0,2.0,HIGH,0.1,0.1,0.7,0.1,1,6,8.52,0.0852,0,13.128228,80.417901,8,0,13.62,1
COMP-SLA-10159,Streetlights Complaint - COMP-SLA-10159,Sparking electrical transformer near residential area,streetlights,DEPT_ELECTRICITY,2025-03-19T03:03:00,3,2,3,0,0,4.0,MEDIUM,0.1,0.7,0.1,0.1,1,1,59.17,0.5917,0,13.004232,80.312386,6,1,5.87,1
COMP-SLA-11749,Infrastructure Complaint - COMP-SLA-11749,Minor paint peeling on government office gate,infrastructure,DEPT_WORKS,2025-06-15T02:18:00,2,6,6,1,0,36.0,LOW,0.7,0.1,0.1,0.1,1,1,48.22,0.4822,0,13.036734,80.30852,7,0,46.95,1
COMP-SLA-13979,Garbage Complaint - COMP-SLA-13979,Illegal dumping of commercial debris in public park,garbage,DEPT_SANITATION,2025-06-05T16:19:00,16,3,6,0,1,12.0,MEDIUM,0.1,0.7,0.1,0.1,1,1,28.31,0.2831,0,13.172816,80.12126,8,0,0.44,0
COMP-SLA-10903,Other Complaint - COMP-SLA-10903,Noise pollution from unauthorized loudspeaker after midnight,other,DEPT_GENERAL,2025-04-14T13:25:00,13,0,4,0,1,6.0,HIGH,0.1,0.1,0.7,0.1,1,6,46.51,0.4651,0,13.223848,80.232643,7,0,0.84,0
COMP-SLA-10353,Garbage Complaint - COMP-SLA-10353,Uncollected garbage pile attracting stray animals near hospital gate,garbage,DEPT_SANITATION,2025-04-10T17:25:00,17,3,4,0,1,6.0,HIGH,0.1,0.1,0.7,0.1,1,1,49.37,0.4937,0,13.098316,80.377687,9,1,4.51,0
COMP-SLA-11231,Infrastructure Complaint - COMP-SLA-11231,Damaged bus shelter roof leaning precariously,infrastructure,DEPT_WORKS,2025-05-23T13:41:00,13,4,5,0,1,24.0,MEDIUM,0.1,0.7,0.1,0.1,1,4,34.74,0.3474,0,13.037154,80.128289,6,0,37.72,1
COMP-SLA-13767,Roads Complaint - COMP-SLA-13767,Road cave-in reported on highway access lane,roads,DEPT_ROADS,2025-04-20T09:05:00,9,6,4,1,0,12.0,MEDIUM,0.1,0.7,0.1,0.1,2,10,62.05,0.6205,1,13.083901,80.308144,7,0,21.63,1
COMP-SLA-12141,Infrastructure Complaint - COMP-SLA-12141,Pedestrian footbridge concrete pillar showing structural cracks,infrastructure,DEPT_WORKS,2025-04-25T14:19:00,14,4,4,0,1,6.0,CRITICAL,0.1,0.1,0.1,0.7,1,2,34.78,0.3478,0,13.013474,80.189796,7,0,7.18,1
COMP-SLA-10445,Water Complaint - COMP-SLA-10445,Minor leak near public water standpost,water,DEPT_WATER,2025-03-09T18:34:00,18,6,3,1,0,4.0,MEDIUM,0.1,0.7,0.1,0.1,1,5,35.96,0.3596,0,13.103748,80.233698,6,0,15.22,1
COMP-SLA-14153,Drainage Complaint - COMP-SLA-14153,Foul stench and black water coming from open drainage pipe,drainage,DEPT_DRAINAGE,2025-06-12T15:53:00,15,3,6,0,1,3.0,HIGH,0.1,0.1,0.7,0.1,1,2,90.34,0.9034,1,13.101007,80.34522,10,0,9.98,1
COMP-SLA-10755,Infrastructure Complaint - COMP-SLA-10755,Collapsed public park boundary wall blocking walkway,infrastructure,DEPT_WORKS,2025-02-16T05:47:00,5,6,2,1,0,6.0,CRITICAL,0.1,0.1,0.1,0.7,3,6,84.63,0.8463,1,13.085321,80.202537,7,2,18.3,1
COMP-SLA-11738,Drainage Complaint - COMP-SLA-11738,Open manhole cover on main sidewalk presents fatal hazard,drainage,DEPT_DRAINAGE,2025-02-17T02:00:00,2,0,2,0,0,6.0,MEDIUM,0.1,0.7,0.1,0.1,8,40,83.43,0.8343,1,13.182887,80.312419,9,2,16.88,1
COMP-SLA-14183,Water Complaint - COMP-SLA-14183,Low water pressure in residential high-rise complex,water,DEPT_WATER,2025-06-04T15:53:00,15,2,6,0,1,2.0,HIGH,0.1,0.1,0.7,0.1,5,5,75.4,0.754,1,13.133252,80.26307,7,0,10.36,1
COMP-SLA-10312,Water Complaint - COMP-SLA-10312,No water supply for last 48 hours in entire neighborhood block,water,DEPT_WATER,2025-01-23T17:29:00,17,3,1,0,1,2.0,HIGH,0.1,0.1,0.7,0.1,1,3,53.56,0.5356,0,12.935091,80.180901,11,0,0.2,0
COMP-SLA-10549,Garbage Complaint - COMP-SLA-10549,Uncollected garbage pile attracting stray animals near hospital gate,garbage,DEPT_SANITATION,2025-01-21T22:49:00,22,1,1,0,0,3.0,CRITICAL,0.1,0.1,0.1,0.7,1,6,57.45,0.5745,0,13.075681,80.271397,9,1,12.04,1
COMP-SLA-12861,Streetlights Complaint - COMP-SLA-12861,Flickering streetlight fixture on main road,streetlights,DEPT_ELECTRICITY,2025-05-03T22:53:00,22,5,5,1,0,4.0,MEDIUM,0.1,0.7,0.1,0.1,8,8,83.87,0.8387,1,13.155535,80.135045,6,0,26.78,1
COMP-SLA-13226,Infrastructure Complaint - COMP-SLA-13226,Minor paint peeling on government office gate,infrastructure,DEPT_WORKS,2025-01-09T10:24:00,10,3,1,0,1,24.0,MEDIUM,0.1,0.7,0.1,0.1,1,2,48.95,0.4895,0,13.151291,80.240044,7,0,37.21,1
COMP-SLA-10307,Infrastructure Complaint - COMP-SLA-10307,Broken railing on canal overbridge,infrastructure,DEPT_WORKS,2025-05-15T02:16:00,2,3,5,0,0,12.0,HIGH,0.1,0.1,0.7,0.1,1,4,7.32,0.0732,0,13.146397,80.293696,5,0,15.21,1
COMP-SLA-10695,Drainage Complaint - COMP-SLA-10695,Overflowing sewage line flooding residential street and homes,drainage,DEPT_DRAINAGE,2025-03-13T18:22:00,18,3,3,0,1,3.0,HIGH,0.1,0.1,0.7,0.1,3,6,74.18,0.7418,1,13.038361,80.377241,8,2,5.29,1
COMP-SLA-11928,Garbage Complaint - COMP-SLA-11928,Uncollected garbage pile attracting stray animals near hospital gate,garbage,DEPT_SANITATION,2025-03-22T05:27:00,5,5,3,1,0,6.0,HIGH,0.1,0.1,0.7,0.1,1,4,70.67,0.7067,1,12.956961,80.384734,9,1,12.7,1
COMP-SLA-13318,Other Complaint - COMP-SLA-13318,Noise pollution from unauthorized loudspeaker after midnight,other,DEPT_GENERAL,2025-04-14T19:55:00,19,0,4,0,0,6.0,HIGH,0.1,0.1,0.7,0.1,1,6,65.21,0.6521,1,13.183889,80.239771,7,0,11.99,1
COMP-SLA-10750,Roads Complaint - COMP-SLA-10750,Road cave-in reported on highway access lane,roads,DEPT_ROADS,2025-04-30T04:05:00,4,2,4,0,0,6.0,HIGH,0.1,0.1,0.7,0.1,1,1,13.47,0.1347,0,13.027895,80.279827,7,0,11.24,1
COMP-SLA-13937,Garbage Complaint - COMP-SLA-13937,Illegal dumping of commercial debris in public park,garbage,DEPT_SANITATION,2025-06-27T17:21:00,17,4,6,0,1,12.0,MEDIUM,0.1,0.7,0.1,0.1,3,12,64.19,0.6419,1,12.953457,80.418657,8,0,8.79,0
COMP-SLA-11267,Other Complaint - COMP-SLA-11267,General inquiry regarding municipal service timing,other,DEPT_GENERAL,2025-02-20T16:52:00,16,3,2,0,1,12.0,MEDIUM,0.1,0.7,0.1,0.1,1,4,41.31,0.4131,0,13.117056,80.382362,6,0,4.19,0
COMP-SLA-12330,Infrastructure Complaint - COMP-SLA-12330,Pedestrian footbridge concrete pillar showing structural cracks,infrastructure,DEPT_WORKS,2025-03-01T19:04:00,19,5,3,1,0,12.0,HIGH,0.1,0.1,0.7,0.1,1,2,54.62,0.5462,0,12.947671,80.348777,7,0,8.15,0
COMP-SLA-12507,Roads Complaint - COMP-SLA-12507,Minor tar peeling on residential side street,roads,DEPT_ROADS,2025-04-05T16:38:00,16,5,4,1,0,12.0,MEDIUM,0.1,0.7,0.1,0.1,1,5,15.93,0.1593,0,13.161332,80.308856,7,0,22.26,1
COMP-SLA-12813,Infrastructure Complaint - COMP-SLA-12813,Pedestrian footbridge concrete pillar showing structural cracks,infrastructure,DEPT_WORKS,2025-06-26T19:53:00,19,3,6,0,0,6.0,CRITICAL,0.1,0.1,0.1,0.7,1,3,15.52,0.1552,0,12.949585,80.263566,7,0,16.11,1
COMP-SLA-10971,Streetlights Complaint - COMP-SLA-10971,Flickering streetlight fixture on main road,streetlights,DEPT_ELECTRICITY,2025-05-18T08:06:00,8,6,5,1,0,4.0,MEDIUM,0.1,0.7,0.1,0.1,1,2,41.74,0.4174,0,13.229511,80.317584,6,0,10.59,1
COMP-SLA-10014,Other Complaint - COMP-SLA-10014,General inquiry regarding municipal service timing,other,DEPT_GENERAL,2025-06-10T09:53:00,9,1,6,0,1,18.0,LOW,0.7,0.1,0.1,0.1,1,2,14.52,0.1452,0,13.124385,80.303391,6,0,3.01,0
COMP-SLA-10874,Infrastructure Complaint - COMP-SLA-10874,Collapsed public park boundary wall blocking walkway,infrastructure,DEPT_WORKS,2025-01-17T12:38:00,12,4,1,0,1,6.0,CRITICAL,0.1,0.1,0.1,0.7,2,8,86.48,0.8648,1,13.17497,80.278457,7,2,6.98,1
COMP-SLA-10809,Water Complaint - COMP-SLA-10809,Low water pressure in residential high-rise complex,water,DEPT_WATER,2025-03-01T12:21:00,12,5,3,1,0,2.0,HIGH,0.1,0.1,0.7,0.1,5,15,84.55,0.8455,1,13.094998,80.408124,7,0,22.32,1
COMP-SLA-10515,Water Complaint - COMP-SLA-10515,Main pipeline burst wasting thousands of liters of clean water,water,DEPT_WATER,2025-05-27T20:53:00,20,1,5,0,0,2.0,HIGH,0.1,0.1,0.7,0.1,1,5,59.28,0.5928,0,13.04928,80.267673,10,1,6.62,1
COMP-SLA-13457,Infrastructure Complaint - COMP-SLA-13457,Minor paint peeling on government office gate,infrastructure,DEPT_WORKS,2025-05-11T15:10:00,15,6,5,1,0,36.0,LOW,0.7,0.1,0.1,0.1,1,4,37.69,0.3769,0,12.934835,80.199299,7,0,25.28,0
COMP-SLA-10410,Water Complaint - COMP-SLA-10410,Contaminated muddy water coming from municipal tap supply,water,DEPT_WATER,2025-05-09T17:44:00,17,4,5,0,1,2.0,HIGH,0.1,0.1,0.7,0.1,3,12,72.27,0.7227,1,13.123763,80.333806,8,0,5.63,1
COMP-SLA-12417,Drainage Complaint - COMP-SLA-12417,Open manhole cover on main sidewalk presents fatal hazard,drainage,DEPT_DRAINAGE,2025-02-10T19:44:00,19,0,2,0,0,3.0,HIGH,0.1,0.1,0.7,0.1,1,6,36.3,0.363,0,13.034084,80.411948,9,2,9.39,1
COMP-SLA-13238,Water Complaint - COMP-SLA-13238,No water supply for last 48 hours in entire neighborhood block,water,DEPT_WATER,2025-03-21T08:53:00,8,4,3,0,1,2.0,HIGH,0.1,0.1,0.7,0.1,1,6,36.44,0.3644,0,13.160725,80.224665,11,0,4.5,1
COMP-SLA-10208,Streetlights Complaint - COMP-SLA-10208,Live high-voltage electric wire hanging dangerously low near school,streetlights,DEPT_ELECTRICITY,2025-04-17T05:59:00,5,3,4,0,0,2.0,HIGH,0.1,0.1,0.7,0.1,1,4,37.71,0.3771,0,13.20859,80.419852,9,2,7.39,1
COMP-SLA-12282,Other Complaint - COMP-SLA-12282,Unsanitary public toilet conditions in central market,other,DEPT_GENERAL,2025-06-02T14:27:00,14,0,6,0,1,3.0,CRITICAL,0.1,0.1,0.1,0.7,1,6,29.86,0.2986,0,13.218163,80.353653,7,0,0.94,0
COMP-SLA-10459,Water Complaint - COMP-SLA-10459,Low water pressure in residential high-rise complex,water,DEPT_WATER,2025-03-08T17:27:00,17,5,3,1,0,2.0,HIGH,0.1,0.1,0.7,0.1,2,4,94.22,0.9422,1,13.102101,80.304264,7,0,14.92,1
COMP-SLA-12465,Roads Complaint - COMP-SLA-12465,Road cave-in reported on highway access lane,roads,DEPT_ROADS,2025-03-22T19:31:00,19,5,3,1,0,6.0,HIGH,0.1,0.1,0.7,0.1,1,2,49.66,0.4966,0,13.126407,80.18336,7,0,17.88,1
COMP-SLA-12601,Water Complaint - COMP-SLA-12601,Low water pressure in residential high-rise complex,water,DEPT_WATER,2025-06-04T09:32:00,9,2,6,0,1,2.0,HIGH,0.1,0.1,0.7,0.1,1,1,20.99,0.2099,0,13.103764,80.405591,7,0,1.39,0
COMP-SLA-13138,Drainage Complaint - COMP-SLA-13138,Open manhole cover on main sidewalk presents fatal hazard,drainage,DEPT_DRAINAGE,2025-02-01T15:24:00,15,5,2,1,0,3.0,HIGH,0.1,0.1,0.7,0.1,1,1,92.6,0.926,1,12.951639,80.309608,9,2,12.85,1
COMP-SLA-12656,Garbage Complaint - COMP-SLA-12656,Illegal dumping of commercial debris in public park,garbage,DEPT_SANITATION,2025-04-21T14:55:00,14,0,4,0,1,12.0,MEDIUM,0.1,0.7,0.1,0.1,1,2,84.31,0.8431,1,13.170605,80.186799,8,0,9.45,0
COMP-SLA-12855,Infrastructure Complaint - COMP-SLA-12855,Minor paint peeling on government office gate,infrastructure,DEPT_WORKS,2025-05-27T07:48:00,7,1,5,0,0,24.0,MEDIUM,0.1,0.7,0.1,0.1,5,20,82.48,0.8248,1,13.157297,80.378535,7,0,14.72,0
COMP-SLA-11884,Roads Complaint - COMP-SLA-11884,Road surface cracked and unpaved causing risk for two-wheelers,roads,DEPT_ROADS,2025-06-21T17:44:00,17,5,6,1,0,6.0,HIGH,0.1,0.1,0.7,0.1,1,3,83.47,0.8347,1,13.158054,80.271739,9,0,16.54,1
COMP-SLA-11714,Infrastructure Complaint - COMP-SLA-11714,Collapsed public park boundary wall blocking walkway,infrastructure,DEPT_WORKS,2025-02-18T03:11:00,3,1,2,0,0,12.0,HIGH,0.1,0.1,0.7,0.1,1,2,21.19,0.2119,0,13.184456,80.362823,7,2,16.94,1
COMP-SLA-12799,Infrastructure Complaint - COMP-SLA-12799,Broken railing on canal overbridge,infrastructure,DEPT_WORKS,2025-04-13T23:14:00,23,6,4,1,0,24.0,MEDIUM,0.1,0.7,0.1,0.1,1,2,32.73,0.3273,0,13.139729,80.144327,5,0,78.21,1
COMP-SLA-12410,Drainage Complaint - COMP-SLA-12410,Clogged storm drain causing severe waterlogging during rain,drainage,DEPT_DRAINAGE,2025-01-21T08:22:00,8,1,1,0,1,1.5,CRITICAL,0.1,0.1,0.1,0.7,1,1,3.52,0.0352,0,13.047758,80.41218,8,0,0.64,0
COMP-SLA-10553,Other Complaint - COMP-SLA-10553,General inquiry regarding municipal service timing,other,DEPT_GENERAL,2025-05-14T03:28:00,3,2,5,0,0,18.0,LOW,0.7,0.1,0.1,0.1,1,5,83.39,0.8339,1,13.06977,80.38403,6,0,27.4,1
COMP-SLA-14004,Other Complaint - COMP-SLA-14004,Stray dog menace near elementary school playground,other,DEPT_GENERAL,2025-02-11T00:12:00,0,1,2,0,0,3.0,CRITICAL,0.1,0.1,0.1,0.7,3,6,73.56,0.7356,1,13.12676,80.187764,7,1,18.47,1
COMP-SLA-12271,Garbage Complaint - COMP-SLA-12271,Foul smell from uncleared waste bin near apartment entrance,garbage,DEPT_SANITATION,2025-04-30T04:02:00,4,2,4,0,0,6.0,HIGH,0.1,0.1,0.7,0.1,1,2,2.6,0.026,0,13.040131,80.253163,9,0,5.07,0
COMP-SLA-13931,Water Complaint - COMP-SLA-13931,No water supply for last 48 hours in entire neighborhood block,water,DEPT_WATER,2025-02-09T10:04:00,10,6,2,1,0,2.0,HIGH,0.1,0.1,0.7,0.1,5,25,89.13,0.8913,1,12.983839,80.40365,11,0,24.89,1
COMP-SLA-11926,Roads Complaint - COMP-SLA-11926,Road surface cracked and unpaved causing risk for two-wheelers,roads,DEPT_ROADS,2025-02-04T13:04:00,13,1,2,0,1,6.0,HIGH,0.1,0.1,0.7,0.1,8,24,87.8,0.878,1,13.049546,80.400888,9,0,3.71,0
COMP-SLA-10635,Streetlights Complaint - COMP-SLA-10635,Single street lamp bulb burnt out on quiet street,streetlights,DEPT_ELECTRICITY,2025-01-17T06:27:00,6,4,1,0,0,6.0,LOW,0.7,0.1,0.1,0.1,2,6,70.1,0.701,1,13.033903,80.371469,9,0,11.79,1
COMP-SLA-13970,Roads Complaint - COMP-SLA-13970,Road surface cracked and unpaved causing risk for two-wheelers,roads,DEPT_ROADS,2025-02-03T08:58:00,8,0,2,0,1,6.0,HIGH,0.1,0.1,0.7,0.1,1,4,14.12,0.1412,0,13.044135,80.143092,9,0,2.13,0
COMP-SLA-10317,Drainage Complaint - COMP-SLA-10317,Open manhole cover on main sidewalk presents fatal hazard,drainage,DEPT_DRAINAGE,2025-06-01T18:03:00,18,6,6,1,0,6.0,MEDIUM,0.1,0.7,0.1,0.1,1,3,22.49,0.2249,0,13.063195,80.409965,9,2,14.72,1
COMP-SLA-13037,Infrastructure Complaint - COMP-SLA-13037,Broken railing on canal overbridge,infrastructure,DEPT_WORKS,2025-05-03T05:56:00,5,5,5,1,0,12.0,HIGH,0.1,0.1,0.7,0.1,1,6,60.36,0.6036,1,13.158149,80.20982,5,0,24.74,1
COMP-SLA-13812,Water Complaint - COMP-SLA-13812,Low water pressure in residential high-rise complex,water,DEPT_WATER,2025-03-22T19:48:00,19,5,3,1,0,2.0,HIGH,0.1,0.1,0.7,0.1,1,1,63.89,0.6389,1,13.090816,80.205845,7,0,9.97,1
COMP-SLA-11329,Infrastructure Complaint - COMP-SLA-11329,Pedestrian footbridge concrete pillar showing structural cracks,infrastructure,DEPT_WORKS,2025-05-12T11:01:00,11,0,5,0,1,12.0,HIGH,0.1,0.1,0.7,0.1,8,24,91.18,0.9118,1,13.102414,80.419396,7,0,18.74,1
COMP-SLA-10428,Roads Complaint - COMP-SLA-10428,Minor tar peeling on residential side street,roads,DEPT_ROADS,2025-06-29T02:22:00,2,6,6,1,0,18.0,LOW,0.7,0.1,0.1,0.1,1,5,74.75,0.7475,1,13.211114,80.152541,7,0,39.01,1
COMP-SLA-12880,Garbage Complaint - COMP-SLA-12880,Illegal dumping of commercial debris in public park,garbage,DEPT_SANITATION,2025-03-04T06:35:00,6,1,3,0,0,6.0,HIGH,0.1,0.1,0.7,0.1,1,6,43.11,0.4311,0,13.109934,80.147787,8,0,9.87,1
COMP-SLA-10106,Roads Complaint - COMP-SLA-10106,Massive pothole causing severe traffic delay near main intersection,roads,DEPT_ROADS,2025-03-21T14:02:00,14,4,3,0,1,6.0,HIGH,0.1,0.1,0.7,0.1,1,3,8.56,0.0856,0,13.106572,80.340408,9,0,1.2,0
COMP-SLA-10143,Garbage Complaint - COMP-SLA-10143,Minor littering near bus shelter,garbage,DEPT_SANITATION,2025-04-26T18:41:00,18,5,4,1,0,18.0,LOW,0.7,0.1,0.1,0.1,1,1,47.63,0.4763,0,12.989172,80.302202,5,0,17.17,0
COMP-SLA-12170,Other Complaint - COMP-SLA-12170,General inquiry regarding municipal service timing,other,DEPT_GENERAL,2025-04-21T02:23:00,2,0,4,0,0,12.0,MEDIUM,0.1,0.7,0.1,0.1,1,6,63.24,0.6324,1,13.122561,80.20827,6,0,14.96,1
COMP-SLA-13746,Roads Complaint - COMP-SLA-13746,Road cave-in reported on highway access lane,roads,DEPT_ROADS,2025-06-23T20:21:00,20,0,6,0,0,6.0,HIGH,0.1,0.1,0.7,0.1,3,18,89.9,0.899,1,13.108999,80.171612,7,0,19.13,1
COMP-SLA-13400,Streetlights Complaint - COMP-SLA-13400,Live high-voltage electric wire hanging dangerously low near school,streetlights,DEPT_ELECTRICITY,2025-03-15T11:48:00,11,5,3,1,0,2.0,HIGH,0.1,0.1,0.7,0.1,1,4,25.83,0.2583,0,13.079953,80.194777,9,2,14.82,1
COMP-SLA-12242,Drainage Complaint - COMP-SLA-12242,Overflowing sewage line flooding residential street and homes,drainage,DEPT_DRAINAGE,2025-04-29T07:00:00,7,1,4,0,0,3.0,HIGH,0.1,0.1,0.7,0.1,1,3,29.14,0.2914,0,13.189852,80.24941,8,2,10.85,1
COMP-SLA-13609,Water Complaint - COMP-SLA-13609,Main pipeline burst wasting thousands of liters of clean water,water,DEPT_WATER,2025-05-18T20:20:00,20,6,5,1,0,1.0,CRITICAL,0.1,0.1,0.1,0.7,2,2,68.52,0.6852,1,13.060314,80.316466,10,1,18.56,1
COMP-SLA-12164,Roads Complaint - COMP-SLA-12164,Massive pothole causing severe traffic delay near main intersection,roads,DEPT_ROADS,2025-02-19T04:43:00,4,2,2,0,0,3.0,CRITICAL,0.1,0.1,0.1,0.7,1,5,11.55,0.1155,0,13.051069,80.344539,9,0,10.28,1
COMP-SLA-11950,Water Complaint - COMP-SLA-11950,Minor leak near public water standpost,water,DEPT_WATER,2025-02-26T20:21:00,20,2,2,0,0,6.0,LOW,0.7,0.1,0.1,0.1,1,5,16.55,0.1655,0,13.19685,80.30568,6,0,9.98,1
COMP-SLA-13839,Garbage Complaint - COMP-SLA-13839,Overflowing community dump bin spilling onto main road,garbage,DEPT_SANITATION,2025-06-14T04:14:00,4,5,6,1,0,3.0,CRITICAL,0.1,0.1,0.1,0.7,1,3,25.94,0.2594,0,13.078102,80.244664,8,1,11.14,1
COMP-SLA-12273,Streetlights Complaint - COMP-SLA-12273,Flickering streetlight fixture on main road,streetlights,DEPT_ELECTRICITY,2025-02-25T03:31:00,3,1,2,0,0,4.0,MEDIUM,0.1,0.7,0.1,0.1,1,2,50.36,0.5036,0,13.028115,80.41431,6,0,14.76,1
COMP-SLA-14020,Drainage Complaint - COMP-SLA-14020,Overflowing sewage line flooding residential street and homes,drainage,DEPT_DRAINAGE,2025-05-25T19:52:00,19,6,5,1,0,3.0,HIGH,0.1,0.1,0.7,0.1,1,3,50.71,0.5071,0,13.224832,80.285734,8,2,7.45,1
COMP-SLA-13837,Roads Complaint - COMP-SLA-13837,Deep crater formed after rains near public school gate,roads,DEPT_ROADS,2025-02-16T18:53:00,18,6,2,1,0,12.0,MEDIUM,0.1,0.7,0.1,0.1,1,2,24.35,0.2435,0,13.051248,80.202314,9,2,27.53,1
COMP-SLA-14162,Water Complaint - COMP-SLA-14162,Contaminated muddy water coming from municipal tap supply,water,DEPT_WATER,2025-04-27T08:23:00,8,6,4,1,0,1.0,CRITICAL,0.1,0.1,0.1,0.7,1,1,15.66,0.1566,0,13.06647,80.222423,8,0,10.65,1
COMP-SLA-11952,Infrastructure Complaint - COMP-SLA-11952,Broken railing on canal overbridge,infrastructure,DEPT_WORKS,2025-05-26T18:00:00,18,0,5,0,1,12.0,HIGH,0.1,0.1,0.7,0.1,1,5,40.7,0.407,0,13.125938,80.240035,5,0,2.09,0
COMP-SLA-13242,Roads Complaint - COMP-SLA-13242,Road cave-in reported on highway access lane,roads,DEPT_ROADS,2025-05-16T10:21:00,10,4,5,0,1,12.0,MEDIUM,0.1,0.7,0.1,0.1,1,5,75.59,0.7559,1,13.081621,80.147221,7,0,10.65,0
COMP-SLA-13156,Infrastructure Complaint - COMP-SLA-13156,Collapsed public park boundary wall blocking walkway,infrastructure,DEPT_WORKS,2025-01-11T15:43:00,15,5,1,1,0,12.0,HIGH,0.1,0.1,0.7,0.1,1,6,7.91,0.0791,0,13.147535,80.278129,7,2,17.22,1
COMP-SLA-12474,Garbage Complaint - COMP-SLA-12474,Minor littering near bus shelter,garbage,DEPT_SANITATION,2025-01-15T10:42:00,10,2,1,0,1,12.0,MEDIUM,0.1,0.7,0.1,0.1,1,5,6.4,0.064,0,13.096697,80.375046,5,0,10.76,0
COMP-SLA-11110,Water Complaint - COMP-SLA-11110,Main pipeline burst wasting thousands of liters of clean water,water,DEPT_WATER,2025-04-01T07:51:00,7,1,4,0,0,1.0,CRITICAL,0.1,0.1,0.1,0.7,1,1,37.92,0.3792,0,13.13625,80.236572,10,1,13.05,1
COMP-SLA-12549,Roads Complaint - COMP-SLA-12549,Road cave-in reported on highway access lane,roads,DEPT_ROADS,2025-06-16T13:27:00,13,0,6,0,1,6.0,HIGH,0.1,0.1,0.7,0.1,8,24,66.34,0.6634,1,12.961128,80.178996,7,0,8.45,1
COMP-SLA-10592,Water Complaint - COMP-SLA-10592,Minor leak near public water standpost,water,DEPT_WATER,2025-04-22T18:50:00,18,1,4,0,1,4.0,MEDIUM,0.1,0.7,0.1,0.1,1,6,16.44,0.1644,0,13.03536,80.32894,6,0,2.87,0
COMP-SLA-14006,Drainage Complaint - COMP-SLA-14006,Foul stench and black water coming from open drainage pipe,drainage,DEPT_DRAINAGE,2025-03-15T06:37:00,6,5,3,1,0,3.0,HIGH,0.1,0.1,0.7,0.1,1,4,30.18,0.3018,0,13.055112,80.264195,10,0,12.84,1
COMP-SLA-11577,Drainage Complaint - COMP-SLA-11577,Open manhole cover on main sidewalk presents fatal hazard,drainage,DEPT_DRAINAGE,2025-01-20T19:18:00,19,0,1,0,0,3.0,HIGH,0.1,0.1,0.7,0.1,1,4,45.33,0.4533,0,13.039132,80.274468,9,2,4.73,1
COMP-SLA-12797,Water Complaint - COMP-SLA-12797,No water supply for last 48 hours in entire neighborhood block,water,DEPT_WATER,2025-03-22T12:34:00,12,5,3,1,0,2.0,HIGH,0.1,0.1,0.7,0.1,1,4,48.5,0.485,0,13.225787,80.23695,11,0,13.38,1
COMP-SLA-10214,Water Complaint - COMP-SLA-10214,No water supply for last 48 hours in entire neighborhood block,water,DEPT_WATER,2025-06-27T07:03:00,7,4,6,0,0,2.0,HIGH,0.1,0.1,0.7,0.1,1,6,15.17,0.1517,0,13.133036,80.260318,11,0,9.38,1
COMP-SLA-10779,Drainage Complaint - COMP-SLA-10779,Clogged storm drain causing severe waterlogging during rain,drainage,DEPT_DRAINAGE,2025-03-30T14:14:00,14,6,3,1,0,1.5,CRITICAL,0.1,0.1,0.1,0.7,3,18,65.07,0.6507,1,13.084991,80.296998,8,0,14.69,1
COMP-SLA-13512,Streetlights Complaint - COMP-SLA-13512,Single street lamp bulb burnt out on quiet street,streetlights,DEPT_ELECTRICITY,2025-01-30T12:19:00,12,3,1,0,1,4.0,MEDIUM,0.1,0.7,0.1,0.1,2,10,83.71,0.8371,1,13.225726,80.199411,9,0,6.0,1
COMP-SLA-12664,Water Complaint - COMP-SLA-12664,Low water pressure in residential high-rise complex,water,DEPT_WATER,2025-03-15T11:31:00,11,5,3,1,0,4.0,MEDIUM,0.1,0.7,0.1,0.1,1,1,83.34,0.8334,1,13.149612,80.259792,7,0,19.56,1
COMP-SLA-12044,Other Complaint - COMP-SLA-12044,General inquiry regarding municipal service timing,other,DEPT_GENERAL,2025-04-29T13:43:00,13,1,4,0,1,18.0,LOW,0.7,0.1,0.1,0.1,8,24,93.81,0.9381,1,12.994611,80.210613,6,0,11.89,0
COMP-SLA-13559,Garbage Complaint - COMP-SLA-13559,Overflowing community dump bin spilling onto main road,garbage,DEPT_SANITATION,2025-05-27T13:15:00,13,1,5,0,1,6.0,HIGH,0.1,0.1,0.7,0.1,5,30,86.42,0.8642,1,13.082632,80.133469,8,1,10.87,1
COMP-SLA-12489,Water Complaint - COMP-SLA-12489,Low water pressure in residential high-rise complex,water,DEPT_WATER,2025-05-15T00:19:00,0,3,5,0,0,2.0,HIGH,0.1,0.1,0.7,0.1,1,4,19.44,0.1944,0,13.028032,80.133371,7,0,12.76,1
COMP-SLA-12701,Infrastructure Complaint - COMP-SLA-12701,Minor paint peeling on government office gate,infrastructure,DEPT_WORKS,2025-04-28T00:23:00,0,0,4,0,0,36.0,LOW,0.7,0.1,0.1,0.1,1,1,23.11,0.2311,0,13.140684,80.264172,7,0,30.19,0
COMP-SLA-11568,Other Complaint - COMP-SLA-11568,Unauthorized hawker encroachment blocking shop entrance,other,DEPT_GENERAL,2025-02-12T01:30:00,1,2,2,0,0,12.0,MEDIUM,0.1,0.7,0.1,0.1,8,24,81.86,0.8186,1,12.979473,80.160387,6,1,16.24,1
COMP-SLA-13269,Other Complaint - COMP-SLA-13269,General inquiry regarding municipal service timing,other,DEPT_GENERAL,2025-03-22T19:17:00,19,5,3,1,0,18.0,LOW,0.7,0.1,0.1,0.1,1,3,57.54,0.5754,0,13.049734,80.397403,6,0,18.23,1
COMP-SLA-13832,Garbage Complaint - COMP-SLA-13832,Foul smell from uncleared waste bin near apartment entrance,garbage,DEPT_SANITATION,2025-03-03T09:17:00,9,0,3,0,1,12.0,MEDIUM,0.1,0.7,0.1,0.1,1,6,20.92,0.2092,0,13.173728,80.312017,9,0,13.88,1
COMP-SLA-13613,Roads Complaint - COMP-SLA-13613,Road cave-in reported on highway access lane,roads,DEPT_ROADS,2025-05-16T00:22:00,0,4,5,0,0,12.0,MEDIUM,0.1,0.7,0.1,0.1,3,12,63.36,0.6336,1,13.21142,80.36138,7,0,17.54,1
COMP-SLA-13902,Garbage Complaint - COMP-SLA-13902,Illegal dumping of commercial debris in public park,garbage,DEPT_SANITATION,2025-06-10T09:24:00,9,1,6,0,1,12.0,MEDIUM,0.1,0.7,0.1,0.1,1,2,34.87,0.3487,0,13.003991,80.153598,8,0,4.0,0
COMP-SLA-11344,Other Complaint - COMP-SLA-11344,Unsanitary public toilet conditions in central market,other,DEPT_GENERAL,2025-05-13T04:08:00,4,1,5,0,0,6.0,HIGH,0.1,0.1,0.7,0.1,1,2,5.81,0.0581,0,13.141221,80.349386,7,0,18.12,1
COMP-SLA-12014,Streetlights Complaint - COMP-SLA-12014,Flickering streetlight fixture on main road,streetlights,DEPT_ELECTRICITY,2025-04-01T07:08:00,7,1,4,0,0,4.0,MEDIUM,0.1,0.7,0.1,0.1,1,1,48.19,0.4819,0,13.000691,80.248746,6,0,9.12,1
COMP-SLA-10274,Roads Complaint - COMP-SLA-10274,Deep crater formed after rains near public school gate,roads,DEPT_ROADS,2025-06-22T04:20:00,4,6,6,1,0,12.0,MEDIUM,0.1,0.7,0.1,0.1,1,6,17.39,0.1739,0,12.968058,80.212314,9,2,25.95,1
COMP-SLA-10072,Drainage Complaint - COMP-SLA-10072,Clogged storm drain causing severe waterlogging during rain,drainage,DEPT_DRAINAGE,2025-01-31T23:34:00,23,4,1,0,0,1.5,CRITICAL,0.1,0.1,0.1,0.7,1,6,18.2,0.182,0,13.217963,80.327749,8,0,9.07,1
COMP-SLA-11088,Garbage Complaint - COMP-SLA-11088,Foul smell from uncleared waste bin near apartment entrance,garbage,DEPT_SANITATION,2025-04-13T06:04:00,6,6,4,1,0,12.0,MEDIUM,0.1,0.7,0.1,0.1,1,5,29.18,0.2918,0,13.016052,80.169959,9,0,12.02,1
COMP-SLA-10395,Garbage Complaint - COMP-SLA-10395,Uncollected garbage pile attracting stray animals near hospital gate,garbage,DEPT_SANITATION,2025-06-17T10:00:00,10,1,6,0,1,3.0,CRITICAL,0.1,0.1,0.1,0.7,3,18,72.92,0.7292,1,13.14407,80.324079,9,1,6.27,1
COMP-SLA-10584,Garbage Complaint - COMP-SLA-10584,Uncollected garbage pile attracting stray animals near hospital gate,garbage,DEPT_SANITATION,2025-06-06T10:34:00,10,4,6,0,1,3.0,CRITICAL,0.1,0.1,0.1,0.7,1,6,44.72,0.4472,0,13.065794,80.159722,9,1,0.84,0
COMP-SLA-11368,Garbage Complaint - COMP-SLA-11368,Uncollected garbage pile attracting stray animals near hospital gate,garbage,DEPT_SANITATION,2025-05-15T03:49:00,3,3,5,0,0,3.0,CRITICAL,0.1,0.1,0.1,0.7,1,1,62.74,0.6274,1,13.121264,80.262033,9,1,20.11,1
COMP-SLA-12890,Infrastructure Complaint - COMP-SLA-12890,Damaged bus shelter roof leaning precariously,infrastructure,DEPT_WORKS,2025-02-18T08:08:00,8,1,2,0,1,12.0,HIGH,0.1,0.1,0.7,0.1,1,2,16.44,0.1644,0,13.143773,80.415309,6,0,15.18,1
COMP-SLA-12910,Streetlights Complaint - COMP-SLA-12910,Flickering streetlight fixture on main road,streetlights,DEPT_ELECTRICITY,2025-04-19T22:58:00,22,5,4,1,0,2.0,HIGH,0.1,0.1,0.7,0.1,1,2,22.58,0.2258,0,13.225694,80.307732,6,0,8.4,1
COMP-SLA-13943,Drainage Complaint - COMP-SLA-13943,Open manhole cover on main sidewalk presents fatal hazard,drainage,DEPT_DRAINAGE,2025-06-20T05:43:00,5,4,6,0,0,6.0,MEDIUM,0.1,0.7,0.1,0.1,1,2,18.93,0.1893,0,12.937468,80.302167,9,2,9.08,1
COMP-SLA-12823,Drainage Complaint - COMP-SLA-12823,Overflowing sewage line flooding residential street and homes,drainage,DEPT_DRAINAGE,2025-02-25T19:30:00,19,1,2,0,0,3.0,HIGH,0.1,0.1,0.7,0.1,1,6,2.73,0.0273,0,12.990333,80.249338,8,2,7.47,1
COMP-SLA-12510,Water Complaint - COMP-SLA-12510,Minor leak near public water standpost,water,DEPT_WATER,2025-02-09T18:41:00,18,6,2,1,0,6.0,LOW,0.7,0.1,0.1,0.1,1,6,36.76,0.3676,0,13.169433,80.277598,6,0,21.23,1
COMP-SLA-11764,Other Complaint - COMP-SLA-11764,Stray dog menace near elementary school playground,other,DEPT_GENERAL,2025-02-20T16:53:00,16,3,2,0,1,6.0,HIGH,0.1,0.1,0.7,0.1,1,1,25.57,0.2557,0,13.144106,80.295293,7,1,2.81,0
COMP-SLA-13254,Infrastructure Complaint - COMP-SLA-13254,Broken railing on canal overbridge,infrastructure,DEPT_WORKS,2025-04-28T05:31:00,5,0,4,0,0,24.0,MEDIUM,0.1,0.7,0.1,0.1,1,2,25.79,0.2579,0,13.033485,80.134926,5,0,12.31,0
COMP-SLA-11260,Other Complaint - COMP-SLA-11260,Stray dog menace near elementary school playground,other,DEPT_GENERAL,2025-04-05T11:21:00,11,5,4,1,0,6.0,HIGH,0.1,0.1,0.7,0.1,1,4,56.92,0.5692,0,13.083137,80.121177,7,1,16.81,1
COMP-SLA-12254,Other Complaint - COMP-SLA-12254,Unsanitary public toilet conditions in central market,other,DEPT_GENERAL,2025-06-07T15:53:00,15,5,6,1,0,6.0,HIGH,0.1,0.1,0.7,0.1,8,40,64.3,0.643,1,12.979089,80.388827,7,0,24.99,1
COMP-SLA-10527,Drainage Complaint - COMP-SLA-10527,Slow drainage runoff on commercial market road,drainage,DEPT_DRAINAGE,2025-01-21T01:58:00,1,1,1,0,0,6.0,MEDIUM,0.1,0.7,0.1,0.1,2,2,77.63,0.7763,1,13.16397,80.225079,7,0,18.31,1
COMP-SLA-10378,Other Complaint - COMP-SLA-10378,Unsanitary public toilet conditions in central market,other,DEPT_GENERAL,2025-06-07T13:40:00,13,5,6,1,0,6.0,HIGH,0.1,0.1,0.7,0.1,1,1,45.35,0.4535,0,13.061523,80.249408,7,0,4.48,0
COMP-SLA-11560,Infrastructure Complaint - COMP-SLA-11560,Pedestrian footbridge concrete pillar showing structural cracks,infrastructure,DEPT_WORKS,2025-01-06T12:36:00,12,0,1,0,1,6.0,CRITICAL,0.1,0.1,0.1,0.7,1,6,46.64,0.4664,0,13.036255,80.234991,7,0,9.67,1
COMP-SLA-12707,Streetlights Complaint - COMP-SLA-12707,Single street lamp bulb burnt out on quiet street,streetlights,DEPT_ELECTRICITY,2025-06-12T12:54:00,12,3,6,0,1,4.0,MEDIUM,0.1,0.7,0.1,0.1,1,2,77.17,0.7717,1,13.017789,80.370226,9,0,2.91,0
COMP-SLA-11964,Water Complaint - COMP-SLA-11964,Main pipeline burst wasting thousands of liters of clean water,water,DEPT_WATER,2025-01-01T14:07:00,14,2,1,0,1,2.0,HIGH,0.1,0.1,0.7,0.1,1,6,15.4,0.154,0,12.95995,80.223976,10,1,0.68,0
COMP-SLA-13859,Drainage Complaint - COMP-SLA-13859,Overflowing sewage line flooding residential street and homes,drainage,DEPT_DRAINAGE,2025-01-02T18:35:00,18,3,1,0,1,1.5,CRITICAL,0.1,0.1,0.1,0.7,1,2,4.32,0.0432,0,12.98593,80.171088,8,2,0.54,0
COMP-SLA-10349,Infrastructure Complaint - COMP-SLA-10349,Pedestrian footbridge concrete pillar showing structural cracks,infrastructure,DEPT_WORKS,2025-06-21T11:51:00,11,5,6,1,0,12.0,HIGH,0.1,0.1,0.7,0.1,1,5,56.02,0.5602,0,13.095135,80.411912,7,0,8.55,0
COMP-SLA-12247,Other Complaint - COMP-SLA-12247,General inquiry regarding municipal service timing,other,DEPT_GENERAL,2025-01-14T01:12:00,1,1,1,0,0,12.0,MEDIUM,0.1,0.7,0.1,0.1,1,5,19.16,0.1916,0,12.981647,80.420551,6,0,9.02,0
COMP-SLA-12971,Garbage Complaint - COMP-SLA-12971,Minor littering near bus shelter,garbage,DEPT_SANITATION,2025-01-22T06:24:00,6,2,1,0,0,12.0,MEDIUM,0.1,0.7,0.1,0.1,5,15,91.81,0.9181,1,13.20911,80.176974,5,0,17.0,1
COMP-SLA-11710,Drainage Complaint - COMP-SLA-11710,Overflowing sewage line flooding residential street and homes,drainage,DEPT_DRAINAGE,2025-03-07T18:51:00,18,4,3,0,1,1.5,CRITICAL,0.1,0.1,0.1,0.7,3,18,67.09,0.6709,1,12.98238,80.347566,8,2,5.63,1
COMP-SLA-11051,Roads Complaint - COMP-SLA-11051,Road surface cracked and unpaved causing risk for two-wheelers,roads,DEPT_ROADS,2025-04-27T17:24:00,17,6,4,1,0,6.0,HIGH,0.1,0.1,0.7,0.1,1,4,90.3,0.903,1,12.96705,80.377603,9,0,23.78,1
COMP-SLA-10591,Garbage Complaint - COMP-SLA-10591,Minor littering near bus shelter,garbage,DEPT_SANITATION,2025-03-03T19:15:00,19,0,3,0,0,12.0,MEDIUM,0.1,0.7,0.1,0.1,1,3,36.46,0.3646,0,13.097085,80.412868,5,0,7.34,0
COMP-SLA-10520,Drainage Complaint - COMP-SLA-10520,Slow drainage runoff on commercial market road,drainage,DEPT_DRAINAGE,2025-06-18T05:34:00,5,2,6,0,0,6.0,MEDIUM,0.1,0.7,0.1,0.1,1,3,33.47,0.3347,0,13.23223,80.253604,7,0,10.19,1
COMP-SLA-13485,Infrastructure Complaint - COMP-SLA-13485,Pedestrian footbridge concrete pillar showing structural cracks,infrastructure,DEPT_WORKS,2025-02-15T13:50:00,13,5,2,1,0,6.0,CRITICAL,0.1,0.1,0.1,0.7,1,5,19.05,0.1905,0,13.080117,80.159783,7,0,7.81,1
COMP-SLA-13375,Roads Complaint - COMP-SLA-13375,Deep crater formed after rains near public school gate,roads,DEPT_ROADS,2025-02-10T16:14:00,16,0,2,0,1,6.0,HIGH,0.1,0.1,0.7,0.1,8,16,79.13,0.7913,1,13.072306,80.389263,9,2,13.78,1
COMP-SLA-11084,Infrastructure Complaint - COMP-SLA-11084,Broken railing on canal overbridge,infrastructure,DEPT_WORKS,2025-03-24T23:30:00,23,0,3,0,0,12.0,HIGH,0.1,0.1,0.7,0.1,1,1,28.14,0.2814,0,13.000449,80.199844,5,0,25.28,1
COMP-SLA-12908,Garbage Complaint - COMP-SLA-12908,Uncollected garbage pile attracting stray animals near hospital gate,garbage,DEPT_SANITATION,2025-04-22T12:44:00,12,1,4,0,1,3.0,CRITICAL,0.1,0.1,0.1,0.7,1,6,85.56,0.8556,1,13.010576,80.131283,9,1,7.58,1
COMP-SLA-13926,Infrastructure Complaint - COMP-SLA-13926,Broken railing on canal overbridge,infrastructure,DEPT_WORKS,2025-05-05T10:54:00,10,0,5,0,1,24.0,MEDIUM,0.1,0.7,0.1,0.1,1,5,5.41,0.0541,0,12.957266,80.172124,5,0,0.44,0
COMP-SLA-11295,Other Complaint - COMP-SLA-11295,Unsanitary public toilet conditions in central market,other,DEPT_GENERAL,2025-04-12T23:49:00,23,5,4,1,0,3.0,CRITICAL,0.1,0.1,0.1,0.7,5,30,88.1,0.881,1,12.944672,80.240529,7,0,19.93,1
COMP-SLA-11810,Water Complaint - COMP-SLA-11810,No water supply for last 48 hours in entire neighborhood block,water,DEPT_WATER,2025-04-08T02:51:00,2,1,4,0,0,2.0,HIGH,0.1,0.1,0.7,0.1,1,6,76.51,0.7651,1,13.155334,80.317247,11,0,16.39,1
COMP-SLA-10792,Roads Complaint - COMP-SLA-10792,Minor tar peeling on residential side street,roads,DEPT_ROADS,2025-03-22T11:00:00,11,5,3,1,0,12.0,MEDIUM,0.1,0.7,0.1,0.1,1,2,57.99,0.5799,0,13.180801,80.390763,7,0,18.42,1
COMP-SLA-10793,Drainage Complaint - COMP-SLA-10793,Open manhole cover on main sidewalk presents fatal hazard,drainage,DEPT_DRAINAGE,2025-05-20T19:50:00,19,1,5,0,0,6.0,MEDIUM,0.1,0.7,0.1,0.1,1,6,32.8,0.328,0,13.118156,80.253343,9,2,11.01,1
COMP-SLA-13757,Streetlights Complaint - COMP-SLA-13757,Sparking electrical transformer near residential area,streetlights,DEPT_ELECTRICITY,2025-01-10T04:15:00,4,4,1,0,0,2.0,HIGH,0.1,0.1,0.7,0.1,8,40,77.02,0.7702,1,12.995612,80.364558,6,1,16.64,1
COMP-SLA-11981,Other Complaint - COMP-SLA-11981,Unauthorized hawker encroachment blocking shop entrance,other,DEPT_GENERAL,2025-02-11T04:36:00,4,1,2,0,0,6.0,HIGH,0.1,0.1,0.7,0.1,2,8,89.19,0.8919,1,12.957048,80.38129,6,1,7.34,1
COMP-SLA-12762,Water Complaint - COMP-SLA-12762,Minor leak near public water standpost,water,DEPT_WATER,2025-04-11T05:00:00,5,4,4,0,0,4.0,MEDIUM,0.1,0.7,0.1,0.1,1,2,40.27,0.4027,0,13.109447,80.400573,6,0,4.86,1
COMP-SLA-12402,Roads Complaint - COMP-SLA-12402,Road cave-in reported on highway access lane,roads,DEPT_ROADS,2025-01-26T16:27:00,16,6,1,1,0,6.0,HIGH,0.1,0.1,0.7,0.1,1,6,14.53,0.1453,0,13.104261,80.414151,7,0,13.47,1
COMP-SLA-11531,Streetlights Complaint - COMP-SLA-11531,Entire street light network down making dark alley unsafe at night,streetlights,DEPT_ELECTRICITY,2025-01-30T17:02:00,17,3,1,0,1,1.0,CRITICAL,0.1,0.1,0.1,0.7,1,6,12.66,0.1266,0,13.002374,80.164916,11,0,0.26,0
COMP-SLA-11411,Water Complaint - COMP-SLA-11411,Main pipeline burst wasting thousands of liters of clean water,water,DEPT_WATER,2025-01-07T15:06:00,15,1,1,0,1,1.0,CRITICAL,0.1,0.1,0.1,0.7,1,4,36.94,0.3694,0,13.029154,80.265931,10,1,0.2,0
COMP-SLA-13154,Water Complaint - COMP-SLA-13154,Minor leak near public water standpost,water,DEPT_WATER,2025-02-11T06:13:00,6,1,2,0,0,4.0,MEDIUM,0.1,0.7,0.1,0.1,1,4,4.08,0.0408,0,12.941889,80.125024,6,0,15.12,1
COMP-SLA-13425,Drainage Complaint - COMP-SLA-13425,Open manhole cover on main sidewalk presents fatal hazard,drainage,DEPT_DRAINAGE,2025-02-13T03:07:00,3,3,2,0,0,6.0,MEDIUM,0.1,0.7,0.1,0.1,3,3,61.11,0.6111,1,13.09901,80.13512,9,2,26.62,1
COMP-SLA-10084,Other Complaint - COMP-SLA-10084,Noise pollution from unauthorized loudspeaker after midnight,other,DEPT_GENERAL,2025-02-14T15:33:00,15,4,2,0,1,12.0,MEDIUM,0.1,0.7,0.1,0.1,1,5,17.24,0.1724,0,13.128153,80.395522,7,0,0.55,0
COMP-SLA-13394,Infrastructure Complaint - COMP-SLA-13394,Collapsed public park boundary wall blocking walkway,infrastructure,DEPT_WORKS,2025-04-10T21:50:00,21,3,4,0,0,6.0,CRITICAL,0.1,0.1,0.1,0.7,1,6,78.55,0.7855,1,13.071061,80.336645,7,2,15.21,1
COMP-SLA-12351,Infrastructure Complaint - COMP-SLA-12351,Minor paint peeling on government office gate,infrastructure,DEPT_WORKS,2025-01-16T04:28:00,4,3,1,0,0,36.0,LOW,0.7,0.1,0.1,0.1,1,1,54.8,0.548,0,13.075313,80.329433,7,0,29.58,0
COMP-SLA-10021,Other Complaint - COMP-SLA-10021,Unsanitary public toilet conditions in central market,other,DEPT_GENERAL,2025-04-01T13:26:00,13,1,4,0,1,3.0,CRITICAL,0.1,0.1,0.1,0.7,5,5,63.97,0.6397,1,13.072807,80.339423,7,0,8.26,1
COMP-SLA-13629,Garbage Complaint - COMP-SLA-13629,Illegal dumping of commercial debris in public park,garbage,DEPT_SANITATION,2025-02-01T14:14:00,14,5,2,1,0,6.0,HIGH,0.1,0.1,0.7,0.1,1,5,12.12,0.1212,0,13.103876,80.170261,8,0,12.82,1
COMP-SLA-11563,Drainage Complaint - COMP-SLA-11563,Slow drainage runoff on commercial market road,drainage,DEPT_DRAINAGE,2025-03-06T02:33:00,2,3,3,0,0,9.0,LOW,0.7,0.1,0.1,0.1,1,4,27.85,0.2785,0,13.212303,80.25663,7,0,16.34,1
COMP-SLA-10974,Roads Complaint - COMP-SLA-10974,Road surface cracked and unpaved causing risk for two-wheelers,roads,DEPT_ROADS,2025-04-13T16:46:00,16,6,4,1,0,3.0,CRITICAL,0.1,0.1,0.1,0.7,1,1,36.94,0.3694,0,13.209768,80.373619,9,0,14.08,1
COMP-SLA-11711,Garbage Complaint - COMP-SLA-11711,Minor littering near bus shelter,garbage,DEPT_SANITATION,2025-06-18T09:53:00,9,2,6,0,1,12.0,MEDIUM,0.1,0.7,0.1,0.1,1,6,57.03,0.5703,0,13.09851,80.302098,5,0,1.39,0
COMP-SLA-12811,Water Complaint - COMP-SLA-12811,Low water pressure in residential high-rise complex,water,DEPT_WATER,2025-04-20T15:22:00,15,6,4,1,0,4.0,MEDIUM,0.1,0.7,0.1,0.1,1,4,16.32,0.1632,0,12.989258,80.32568,7,0,7.01,1
COMP-SLA-11099,Other Complaint - COMP-SLA-11099,General inquiry regarding municipal service timing,other,DEPT_GENERAL,2025-02-28T16:32:00,16,4,2,0,1,12.0,MEDIUM,0.1,0.7,0.1,0.1,1,3,8.92,0.0892,0,12.982891,80.164675,6,0,12.7,1
COMP-SLA-13407,Streetlights Complaint - COMP-SLA-13407,Sparking electrical transformer near residential area,streetlights,DEPT_ELECTRICITY,2025-04-02T08:33:00,8,2,4,0,1,4.0,MEDIUM,0.1,0.7,0.1,0.1,1,1,94.69,0.9469,1,13.05441,80.219693,6,1,11.58,1
COMP-SLA-10887,Streetlights Complaint - COMP-SLA-10887,Entire street light network down making dark alley unsafe at night,streetlights,DEPT_ELECTRICITY,2025-05-19T12:27:00,12,0,5,0,1,2.0,HIGH,0.1,0.1,0.7,0.1,1,2,33.87,0.3387,0,12.968941,80.184834,11,0,1.48,0
COMP-SLA-14159,Roads Complaint - COMP-SLA-14159,Minor tar peeling on residential side street,roads,DEPT_ROADS,2025-05-11T08:15:00,8,6,5,1,0,18.0,LOW,0.7,0.1,0.1,0.1,1,1,16.47,0.1647,0,13.155204,80.374555,7,0,51.76,1
COMP-SLA-13336,Water Complaint - COMP-SLA-13336,Contaminated muddy water coming from municipal tap supply,water,DEPT_WATER,2025-05-08T04:14:00,4,3,5,0,0,2.0,HIGH,0.1,0.1,0.7,0.1,1,3,55.77,0.5577,0,13.223302,80.233622,8,0,12.81,1
COMP-SLA-13643,Garbage Complaint - COMP-SLA-13643,Overflowing community dump bin spilling onto main road,garbage,DEPT_SANITATION,2025-02-15T03:53:00,3,5,2,1,0,6.0,HIGH,0.1,0.1,0.7,0.1,3,18,75.34,0.7534,1,13.001854,80.333415,8,1,16.47,1
COMP-SLA-10738,Garbage Complaint - COMP-SLA-10738,Uncollected garbage pile attracting stray animals near hospital gate,garbage,DEPT_SANITATION,2025-06-14T20:11:00,20,5,6,1,0,6.0,HIGH,0.1,0.1,0.7,0.1,1,4,12.93,0.1293,0,13.121747,80.358006,9,1,13.12,1
COMP-SLA-11454,Streetlights Complaint - COMP-SLA-11454,Live high-voltage electric wire hanging dangerously low near school,streetlights,DEPT_ELECTRICITY,2025-05-11T03:01:00,3,6,5,1,0,1.0,CRITICAL,0.1,0.1,0.1,0.7,1,1,10.17,0.1017,0,13.175927,80.362568,9,2,6.36,1
COMP-SLA-12804,Water Complaint - COMP-SLA-12804,Minor leak near public water standpost,water,DEPT_WATER,2025-05-28T15:57:00,15,2,5,0,1,4.0,MEDIUM,0.1,0.7,0.1,0.1,1,1,59.31,0.5931,0,13.018158,80.30499,6,0,9.02,1
COMP-SLA-13814,Infrastructure Complaint - COMP-SLA-13814,Collapsed public park boundary wall blocking walkway,infrastructure,DEPT_WORKS,2025-05-30T20:56:00,20,4,5,0,0,12.0,HIGH,0.1,0.1,0.7,0.1,1,3,2.32,0.0232,0,13.102202,80.358065,7,2,14.69,1
COMP-SLA-12127,Infrastructure Complaint - COMP-SLA-12127,Minor paint peeling on government office gate,infrastructure,DEPT_WORKS,2025-06-15T06:01:00,6,6,6,1,0,24.0,MEDIUM,0.1,0.7,0.1,0.1,1,1,36.8,0.368,0,13.206048,80.405795,7,0,26.5,1
COMP-SLA-10907,Water Complaint - COMP-SLA-10907,Contaminated muddy water coming from municipal tap supply,water,DEPT_WATER,2025-01-30T02:41:00,2,3,1,0,0,2.0,HIGH,0.1,0.1,0.7,0.1,1,5,67.08,0.6708,1,13.146183,80.236004,8,0,22.74,1
COMP-SLA-13213,Other Complaint - COMP-SLA-13213,Unauthorized hawker encroachment blocking shop entrance,other,DEPT_GENERAL,2025-02-11T03:24:00,3,1,2,0,0,6.0,HIGH,0.1,0.1,0.7,0.1,5,10,61.66,0.6166,1,12.987396,80.142866,6,1,22.64,1
COMP-SLA-13653,Infrastructure Complaint - COMP-SLA-13653,Minor paint peeling on government office gate,infrastructure,DEPT_WORKS,2025-06-14T21:06:00,21,5,6,1,0,36.0,LOW,0.7,0.1,0.1,0.1,1,5,55.38,0.5538,0,13.127823,80.16871,7,0,51.0,1
COMP-SLA-10948,Garbage Complaint - COMP-SLA-10948,Illegal dumping of commercial debris in public park,garbage,DEPT_SANITATION,2025-02-04T19:35:00,19,1,2,0,0,12.0,MEDIUM,0.1,0.7,0.1,0.1,1,5,12.21,0.1221,0,12.997512,80.22842,8,0,27.56,1
COMP-SLA-12698,Garbage Complaint - COMP-SLA-12698,Foul smell from uncleared waste bin near apartment entrance,garbage,DEPT_SANITATION,2025-01-11T19:39:00,19,5,1,1,0,6.0,HIGH,0.1,0.1,0.7,0.1,1,3,81.2,0.812,1,13.149729,80.233988,9,0,15.46,1
COMP-SLA-13589,Streetlights Complaint - COMP-SLA-13589,Sparking electrical transformer near residential area,streetlights,DEPT_ELECTRICITY,2025-05-11T00:26:00,0,6,5,1,0,2.0,HIGH,0.1,0.1,0.7,0.1,1,3,30.96,0.3096,0,13.16155,80.195864,6,1,5.69,1
COMP-SLA-10716,Drainage Complaint - COMP-SLA-10716,Slow drainage runoff on commercial market road,drainage,DEPT_DRAINAGE,2025-05-06T03:44:00,3,1,5,0,0,9.0,LOW,0.7,0.1,0.1,0.1,1,6,47.76,0.4776,0,13.135233,80.22149,7,0,24.11,1
COMP-SLA-13927,Other Complaint - COMP-SLA-13927,Noise pollution from unauthorized loudspeaker after midnight,other,DEPT_GENERAL,2025-04-10T05:42:00,5,3,4,0,0,12.0,MEDIUM,0.1,0.7,0.1,0.1,1,5,62.26,0.6226,1,12.973733,80.21394,7,0,18.71,1
COMP-SLA-10687,Roads Complaint - COMP-SLA-10687,Road surface cracked and unpaved causing risk for two-wheelers,roads,DEPT_ROADS,2025-06-03T05:34:00,5,1,6,0,0,6.0,HIGH,0.1,0.1,0.7,0.1,8,24,80.27,0.8027,1,13.029482,80.215563,9,0,18.91,1
COMP-SLA-13743,Streetlights Complaint - COMP-SLA-13743,Flickering streetlight fixture on main road,streetlights,DEPT_ELECTRICITY,2025-05-02T12:06:00,12,4,5,0,1,4.0,MEDIUM,0.1,0.7,0.1,0.1,1,1,25.71,0.2571,0,13.071201,80.396137,6,0,3.96,0
COMP-SLA-12354,Drainage Complaint - COMP-SLA-12354,Slow drainage runoff on commercial market road,drainage,DEPT_DRAINAGE,2025-02-24T00:25:00,0,0,2,0,0,9.0,LOW,0.7,0.1,0.1,0.1,1,4,20.04,0.2004,0,13.077614,80.252709,7,0,21.75,1
COMP-SLA-12258,Water Complaint - COMP-SLA-12258,Low water pressure in residential high-rise complex,water,DEPT_WATER,2025-02-11T03:25:00,3,1,2,0,0,4.0,MEDIUM,0.1,0.7,0.1,0.1,1,6,36.52,0.3652,0,13.108224,80.357503,7,0,13.21,1
COMP-SLA-13181,Garbage Complaint - COMP-SLA-13181,Overflowing community dump bin spilling onto main road,garbage,DEPT_SANITATION,2025-01-30T06:12:00,6,3,1,0,0,6.0,HIGH,0.1,0.1,0.7,0.1,1,1,73.8,0.738,1,13.046375,80.277206,8,1,16.82,1
COMP-SLA-10022,Roads Complaint - COMP-SLA-10022,Massive pothole causing severe traffic delay near main intersection,roads,DEPT_ROADS,2025-02-19T06:34:00,6,2,2,0,0,6.0,HIGH,0.1,0.1,0.7,0.1,1,2,26.46,0.2646,0,13.067284,80.247264,9,0,13.38,1
COMP-SLA-10886,Water Complaint - COMP-SLA-10886,Main pipeline burst wasting thousands of liters of clean water,water,DEPT_WATER,2025-01-25T21:10:00,21,5,1,1,0,2.0,HIGH,0.1,0.1,0.7,0.1,1,3,48.69,0.4869,0,13.149903,80.133904,10,1,7.5,1
COMP-SLA-10918,Roads Complaint - COMP-SLA-10918,Deep crater formed after rains near public school gate,roads,DEPT_ROADS,2025-04-05T14:39:00,14,5,4,1,0,12.0,MEDIUM,0.1,0.7,0.1,0.1,1,6,48.92,0.4892,0,13.138555,80.381656,9,2,30.79,1
COMP-SLA-12660,Other Complaint - COMP-SLA-12660,General inquiry regarding municipal service timing,other,DEPT_GENERAL,2025-03-25T12:34:00,12,1,3,0,1,12.0,MEDIUM,0.1,0.7,0.1,0.1,1,6,13.58,0.1358,0,13.211343,80.378324,6,0,9.0,0
COMP-SLA-13581,Water Complaint - COMP-SLA-13581,Main pipeline burst wasting thousands of liters of clean water,water,DEPT_WATER,2025-01-11T23:51:00,23,5,1,1,0,1.0,CRITICAL,0.1,0.1,0.1,0.7,2,2,69.98,0.6998,1,13.084322,80.411863,10,1,7.75,1
COMP-SLA-12721,Streetlights Complaint - COMP-SLA-12721,Entire street light network down making dark alley unsafe at night,streetlights,DEPT_ELECTRICITY,2025-06-05T07:30:00,7,3,6,0,0,1.0,CRITICAL,0.1,0.1,0.1,0.7,1,1,33.82,0.3382,0,13.232309,80.340734,11,0,13.18,1
COMP-SLA-11266,Infrastructure Complaint - COMP-SLA-11266,Pedestrian footbridge concrete pillar showing structural cracks,infrastructure,DEPT_WORKS,2025-04-19T17:48:00,17,5,4,1,0,12.0,HIGH,0.1,0.1,0.7,0.1,1,3,14.29,0.1429,0,13.047742,80.323116,7,0,14.11,1
COMP-SLA-10484,Roads Complaint - COMP-SLA-10484,Deep crater formed after rains near public school gate,roads,DEPT_ROADS,2025-03-30T00:26:00,0,6,3,1,0,6.0,HIGH,0.1,0.1,0.7,0.1,1,5,91.5,0.915,1,12.969071,80.380911,9,2,19.8,1
COMP-SLA-13233,Infrastructure Complaint - COMP-SLA-13233,Broken railing on canal overbridge,infrastructure,DEPT_WORKS,2025-04-26T22:09:00,22,5,4,1,0,12.0,HIGH,0.1,0.1,0.7,0.1,1,1,7.91,0.0791,0,13.127135,80.208801,5,0,9.64,0
COMP-SLA-13740,Drainage Complaint - COMP-SLA-13740,Foul stench and black water coming from open drainage pipe,drainage,DEPT_DRAINAGE,2025-06-04T22:47:00,22,2,6,0,0,3.0,HIGH,0.1,0.1,0.7,0.1,1,4,33.63,0.3363,0,13.201455,80.334076,10,0,13.14,1
COMP-SLA-10278,Streetlights Complaint - COMP-SLA-10278,Flickering streetlight fixture on main road,streetlights,DEPT_ELECTRICITY,2025-01-22T18:01:00,18,2,1,0,1,4.0,MEDIUM,0.1,0.7,0.1,0.1,1,2,3.11,0.0311,0,13.171464,80.186859,6,0,2.94,0
COMP-SLA-10989,Drainage Complaint - COMP-SLA-10989,Slow drainage runoff on commercial market road,drainage,DEPT_DRAINAGE,2025-02-12T19:17:00,19,2,2,0,0,9.0,LOW,0.7,0.1,0.1,0.1,1,5,4.32,0.0432,0,13.141712,80.15938,7,0,6.39,0
COMP-SLA-12085,Infrastructure Complaint - COMP-SLA-12085,Broken railing on canal overbridge,infrastructure,DEPT_WORKS,2025-03-07T19:44:00,19,4,3,0,0,12.0,HIGH,0.1,0.1,0.7,0.1,1,2,60.29,0.6029,1,13.203832,80.239878,5,0,25.56,1
COMP-SLA-11246,Other Complaint - COMP-SLA-11246,Noise pollution from unauthorized loudspeaker after midnight,other,DEPT_GENERAL,2025-06-11T21:53:00,21,2,6,0,0,6.0,HIGH,0.1,0.1,0.7,0.1,1,2,55.6,0.556,0,12.983842,80.4056,7,0,13.51,1
COMP-SLA-12383,Garbage Complaint - COMP-SLA-12383,Foul smell from uncleared waste bin near apartment entrance,garbage,DEPT_SANITATION,2025-02-04T22:19:00,22,1,2,0,0,6.0,HIGH,0.1,0.1,0.7,0.1,2,6,66.35,0.6635,1,12.945309,80.227158,9,0,21.92,1
COMP-SLA-10572,Streetlights Complaint - COMP-SLA-10572,Sparking electrical transformer near residential area,streetlights,DEPT_ELECTRICITY,2025-05-26T19:01:00,19,0,5,0,0,2.0,HIGH,0.1,0.1,0.7,0.1,5,20,79.21,0.7921,1,13.182313,80.178905,6,1,25.67,1
COMP-SLA-11436,Roads Complaint - COMP-SLA-11436,Road surface cracked and unpaved causing risk for two-wheelers,roads,DEPT_ROADS,2025-01-28T17:41:00,17,1,1,0,1,3.0,CRITICAL,0.1,0.1,0.1,0.7,8,40,90.79,0.9079,1,13.068396,80.392103,9,0,6.33,1
COMP-SLA-10994,Other Complaint - COMP-SLA-10994,Noise pollution from unauthorized loudspeaker after midnight,other,DEPT_GENERAL,2025-06-14T07:52:00,7,5,6,1,0,12.0,MEDIUM,0.1,0.7,0.1,0.1,5,25,61.62,0.6162,1,12.995692,80.155555,7,0,29.95,1
COMP-SLA-13001,Streetlights Complaint - COMP-SLA-13001,Single street lamp bulb burnt out on quiet street,streetlights,DEPT_ELECTRICITY,2025-05-29T22:56:00,22,3,5,0,0,4.0,MEDIUM,0.1,0.7,0.1,0.1,1,1,79.04,0.7904,1,13.022369,80.263896,9,0,15.36,1
COMP-SLA-13523,Drainage Complaint - COMP-SLA-13523,Open manhole cover on main sidewalk presents fatal hazard,drainage,DEPT_DRAINAGE,2025-06-19T12:51:00,12,3,6,0,1,6.0,MEDIUM,0.1,0.7,0.1,0.1,2,8,90.08,0.9008,1,13.228508,80.194411,9,2,7.78,1
COMP-SLA-10586,Streetlights Complaint - COMP-SLA-10586,Flickering streetlight fixture on main road,streetlights,DEPT_ELECTRICITY,2025-03-21T10:52:00,10,4,3,0,1,2.0,HIGH,0.1,0.1,0.7,0.1,1,4,76.88,0.7688,1,12.992144,80.348221,6,0,5.79,1
COMP-SLA-11350,Infrastructure Complaint - COMP-SLA-11350,Damaged bus shelter roof leaning precariously,infrastructure,DEPT_WORKS,2025-03-24T21:34:00,21,0,3,0,0,24.0,MEDIUM,0.1,0.7,0.1,0.1,2,8,68.05,0.6805,1,13.042375,80.304783,6,0,19.29,0
COMP-SLA-11008,Other Complaint - COMP-SLA-11008,Unsanitary public toilet conditions in central market,other,DEPT_GENERAL,2025-05-08T21:23:00,21,3,5,0,0,3.0,CRITICAL,0.1,0.1,0.1,0.7,1,1,67.57,0.6757,1,13.212565,80.363916,7,0,24.46,1
COMP-SLA-10675,Garbage Complaint - COMP-SLA-10675,Uncollected garbage pile attracting stray animals near hospital gate,garbage,DEPT_SANITATION,2025-05-30T16:14:00,16,4,5,0,1,6.0,HIGH,0.1,0.1,0.7,0.1,1,1,18.59,0.1859,0,13.167085,80.350829,9,1,2.22,0
COMP-SLA-12413,Streetlights Complaint - COMP-SLA-12413,Flickering streetlight fixture on main road,streetlights,DEPT_ELECTRICITY,2025-01-13T09:00:00,9,0,1,0,1,4.0,MEDIUM,0.1,0.7,0.1,0.1,5,15,76.11,0.7611,1,13.10905,80.388378,6,0,8.02,1
COMP-SLA-10448,Other Complaint - COMP-SLA-10448,General inquiry regarding municipal service timing,other,DEPT_GENERAL,2025-06-19T07:26:00,7,3,6,0,0,18.0,LOW,0.7,0.1,0.1,0.1,1,4,45.74,0.4574,0,13.176052,80.336777,6,0,26.43,1
COMP-SLA-12466,Drainage Complaint - COMP-SLA-12466,Slow drainage runoff on commercial market road,drainage,DEPT_DRAINAGE,2025-05-28T17:45:00,17,2,5,0,1,6.0,MEDIUM,0.1,0.7,0.1,0.1,1,5,75.01,0.7501,1,13.016039,80.419877,7,0,8.43,1
COMP-SLA-13493,Other Complaint - COMP-SLA-13493,Unauthorized hawker encroachment blocking shop entrance,other,DEPT_GENERAL,2025-06-20T20:23:00,20,4,6,0,0,12.0,MEDIUM,0.1,0.7,0.1,0.1,1,2,58.72,0.5872,0,13.041274,80.325307,6,1,29.56,1
COMP-SLA-12065,Other Complaint - COMP-SLA-12065,Noise pollution from unauthorized loudspeaker after midnight,other,DEPT_GENERAL,2025-02-20T06:08:00,6,3,2,0,0,12.0,MEDIUM,0.1,0.7,0.1,0.1,1,2,75.35,0.7535,1,13.088794,80.166695,7,0,8.59,0
COMP-SLA-13735,Water Complaint - COMP-SLA-13735,No water supply for last 48 hours in entire neighborhood block,water,DEPT_WATER,2025-04-01T23:12:00,23,1,4,0,0,2.0,HIGH,0.1,0.1,0.7,0.1,1,5,71.79,0.7179,1,13.113616,80.133757,11,0,18.42,1
COMP-SLA-12700,Streetlights Complaint - COMP-SLA-12700,Sparking electrical transformer near residential area,streetlights,DEPT_ELECTRICITY,2025-04-28T19:12:00,19,0,4,0,0,4.0,MEDIUM,0.1,0.7,0.1,0.1,3,3,79.59,0.7959,1,13.219856,80.17539,6,1,19.22,1
COMP-SLA-11691,Water Complaint - COMP-SLA-11691,No water supply for last 48 hours in entire neighborhood block,water,DEPT_WATER,2025-05-15T08:37:00,8,3,5,0,1,4.0,MEDIUM,0.1,0.7,0.1,0.1,1,2,37.5,0.375,0,13.027222,80.333363,11,0,0.54,0
COMP-SLA-13569,Infrastructure Complaint - COMP-SLA-13569,Minor paint peeling on government office gate,infrastructure,DEPT_WORKS,2025-02-05T18:50:00,18,2,2,0,1,36.0,LOW,0.7,0.1,0.1,0.1,5,30,73.35,0.7335,1,13.169901,80.193598,7,0,43.17,1
COMP-SLA-11248,Drainage Complaint - COMP-SLA-11248,Foul stench and black water coming from open drainage pipe,drainage,DEPT_DRAINAGE,2025-05-12T06:16:00,6,0,5,0,0,6.0,MEDIUM,0.1,0.7,0.1,0.1,3,18,87.58,0.8758,1,12.998176,80.198954,10,0,15.3,1
COMP-SLA-11986,Streetlights Complaint - COMP-SLA-11986,Flickering streetlight fixture on main road,streetlights,DEPT_ELECTRICITY,2025-04-22T03:05:00,3,1,4,0,0,4.0,MEDIUM,0.1,0.7,0.1,0.1,1,4,20.56,0.2056,0,13.021355,80.164757,6,0,10.89,1
COMP-SLA-10295,Roads Complaint - COMP-SLA-10295,Road surface cracked and unpaved causing risk for two-wheelers,roads,DEPT_ROADS,2025-01-18T16:36:00,16,5,1,1,0,6.0,HIGH,0.1,0.1,0.7,0.1,1,6,41.81,0.4181,0,12.935242,80.315706,9,0,6.7,1
COMP-SLA-11548,Roads Complaint - COMP-SLA-11548,Deep crater formed after rains near public school gate,roads,DEPT_ROADS,2025-04-27T17:37:00,17,6,4,1,0,6.0,HIGH,0.1,0.1,0.7,0.1,1,3,39.95,0.3995,0,13.179047,80.274036,9,2,7.87,1
COMP-SLA-12013,Water Complaint - COMP-SLA-12013,Low water pressure in residential high-rise complex,water,DEPT_WATER,2025-06-29T19:12:00,19,6,6,1,0,4.0,MEDIUM,0.1,0.7,0.1,0.1,1,3,16.56,0.1656,0,13.200786,80.301717,7,0,14.27,1
COMP-SLA-10589,Roads Complaint - COMP-SLA-10589,Massive pothole causing severe traffic delay near main intersection,roads,DEPT_ROADS,2025-01-29T11:30:00,11,2,1,0,1,3.0,CRITICAL,0.1,0.1,0.1,0.7,3,15,72.95,0.7295,1,13.071073,80.17194,9,0,3.05,1
COMP-SLA-12404,Garbage Complaint - COMP-SLA-12404,Uncollected garbage pile attracting stray animals near hospital gate,garbage,DEPT_SANITATION,2025-05-04T21:39:00,21,6,5,1,0,6.0,HIGH,0.1,0.1,0.7,0.1,1,4,1.21,0.0121,0,13.027425,80.242111,9,1,10.47,1
COMP-SLA-12130,Drainage Complaint - COMP-SLA-12130,Foul stench and black water coming from open drainage pipe,drainage,DEPT_DRAINAGE,2025-01-13T07:17:00,7,0,1,0,0,6.0,MEDIUM,0.1,0.7,0.1,0.1,1,5,92.05,0.9205,1,13.20838,80.211605,10,0,14.56,1
COMP-SLA-13308,Water Complaint - COMP-SLA-13308,Minor leak near public water standpost,water,DEPT_WATER,2025-06-23T13:19:00,13,0,6,0,1,4.0,MEDIUM,0.1,0.7,0.1,0.1,1,5,11.12,0.1112,0,13.175571,80.168035,6,0,0.2,0
COMP-SLA-13167,Garbage Complaint - COMP-SLA-13167,Illegal dumping of commercial debris in public park,garbage,DEPT_SANITATION,2025-01-02T00:43:00,0,3,1,0,0,6.0,HIGH,0.1,0.1,0.7,0.1,3,3,69.77,0.6977,1,13.096679,80.207745,8,0,22.37,1
COMP-SLA-10426,Infrastructure Complaint - COMP-SLA-10426,Damaged bus shelter roof leaning precariously,infrastructure,DEPT_WORKS,2025-01-23T02:03:00,2,3,1,0,0,24.0,MEDIUM,0.1,0.7,0.1,0.1,1,2,6.69,0.0669,0,12.986098,80.196272,6,0,26.51,1
COMP-SLA-11055,Streetlights Complaint - COMP-SLA-11055,Flickering streetlight fixture on main road,streetlights,DEPT_ELECTRICITY,2025-06-12T12:46:00,12,3,6,0,1,4.0,MEDIUM,0.1,0.7,0.1,0.1,1,4,49.14,0.4914,0,12.984815,80.391951,6,0,17.31,1
COMP-SLA-13598,Other Complaint - COMP-SLA-13598,Stray dog menace near elementary school playground,other,DEPT_GENERAL,2025-04-11T11:46:00,11,4,4,0,1,3.0,CRITICAL,0.1,0.1,0.1,0.7,1,2,19.29,0.1929,0,13.007044,80.414856,7,1,1.69,0
COMP-SLA-10557,Water Complaint - COMP-SLA-10557,Contaminated muddy water coming from municipal tap supply,water,DEPT_WATER,2025-01-24T08:20:00,8,4,1,0,1,1.0,CRITICAL,0.1,0.1,0.1,0.7,5,30,75.67,0.7567,1,13.140215,80.392849,8,0,4.3,1
COMP-SLA-13261,Infrastructure Complaint - COMP-SLA-13261,Collapsed public park boundary wall blocking walkway,infrastructure,DEPT_WORKS,2025-01-16T14:01:00,14,3,1,0,1,12.0,HIGH,0.1,0.1,0.7,0.1,1,1,23.97,0.2397,0,13.129869,80.221286,7,2,1.92,0
COMP-SLA-13411,Drainage Complaint - COMP-SLA-13411,Overflowing sewage line flooding residential street and homes,drainage,DEPT_DRAINAGE,2025-01-21T05:11:00,5,1,1,0,0,1.5,CRITICAL,0.1,0.1,0.1,0.7,1,6,93.58,0.9358,1,12.967438,80.222109,8,2,16.39,1
COMP-SLA-13830,Roads Complaint - COMP-SLA-13830,Massive pothole causing severe traffic delay near main intersection,roads,DEPT_ROADS,2025-02-24T20:08:00,20,0,2,0,0,3.0,CRITICAL,0.1,0.1,0.1,0.7,1,4,40.29,0.4029,0,13.035332,80.339965,9,0,13.84,1
COMP-SLA-13827,Streetlights Complaint - COMP-SLA-13827,Entire street light network down making dark alley unsafe at night,streetlights,DEPT_ELECTRICITY,2025-06-11T01:29:00,1,2,6,0,0,2.0,HIGH,0.1,0.1,0.7,0.1,2,8,84.47,0.8447,1,13.121475,80.170245,11,0,15.49,1
COMP-SLA-12916,Water Complaint - COMP-SLA-12916,Low water pressure in residential high-rise complex,water,DEPT_WATER,2025-02-25T20:03:00,20,1,2,0,0,2.0,HIGH,0.1,0.1,0.7,0.1,1,6,21.0,0.21,0,13.178722,80.220114,7,0,12.82,1
COMP-SLA-11194,Water Complaint - COMP-SLA-11194,Contaminated muddy water coming from municipal tap supply,water,DEPT_WATER,2025-01-10T13:44:00,13,4,1,0,1,2.0,HIGH,0.1,0.1,0.7,0.1,1,6,55.47,0.5547,0,13.011622,80.234787,8,0,1.36,0
COMP-SLA-11717,Drainage Complaint - COMP-SLA-11717,Slow drainage runoff on commercial market road,drainage,DEPT_DRAINAGE,2025-06-16T07:57:00,7,0,6,0,0,6.0,MEDIUM,0.1,0.7,0.1,0.1,8,8,85.22,0.8522,1,13.21772,80.162257,7,0,24.81,1
COMP-SLA-13474,Drainage Complaint - COMP-SLA-13474,Slow drainage runoff on commercial market road,drainage,DEPT_DRAINAGE,2025-04-23T04:27:00,4,2,4,0,0,6.0,MEDIUM,0.1,0.7,0.1,0.1,1,2,56.88,0.5688,0,13.011128,80.357833,7,0,17.56,1
COMP-SLA-13896,Water Complaint - COMP-SLA-13896,Contaminated muddy water coming from municipal tap supply,water,DEPT_WATER,2025-02-27T07:54:00,7,3,2,0,0,1.0,CRITICAL,0.1,0.1,0.1,0.7,1,2,37.09,0.3709,0,13.026221,80.121592,8,0,5.78,1
COMP-SLA-12401,Other Complaint - COMP-SLA-12401,Unsanitary public toilet conditions in central market,other,DEPT_GENERAL,2025-04-13T17:08:00,17,6,4,1,0,3.0,CRITICAL,0.1,0.1,0.1,0.7,1,6,62.59,0.6259,1,13.196504,80.146253,7,0,18.92,1
COMP-SLA-12140,Streetlights Complaint - COMP-SLA-12140,Sparking electrical transformer near residential area,streetlights,DEPT_ELECTRICITY,2025-04-05T19:05:00,19,5,4,1,0,2.0,HIGH,0.1,0.1,0.7,0.1,3,18,87.04,0.8704,1,13.067288,80.137122,6,1,11.06,1
COMP-SLA-12384,Water Complaint - COMP-SLA-12384,Minor leak near public water standpost,water,DEPT_WATER,2025-04-05T08:43:00,8,5,4,1,0,4.0,MEDIUM,0.1,0.7,0.1,0.1,1,6,38.01,0.3801,0,12.937581,80.193621,6,0,8.3,1
COMP-SLA-12655,Drainage Complaint - COMP-SLA-12655,Overflowing sewage line flooding residential street and homes,drainage,DEPT_DRAINAGE,2025-03-12T21:55:00,21,2,3,0,0,3.0,HIGH,0.1,0.1,0.7,0.1,1,6,33.54,0.3354,0,12.9418,80.237051,8,2,11.34,1
COMP-SLA-11286,Streetlights Complaint - COMP-SLA-11286,Sparking electrical transformer near residential area,streetlights,DEPT_ELECTRICITY,2025-02-27T12:31:00,12,3,2,0,1,2.0,HIGH,0.1,0.1,0.7,0.1,1,2,87.83,0.8783,1,13.159748,80.206585,6,1,5.42,1
COMP-SLA-12690,Drainage Complaint - COMP-SLA-12690,Overflowing sewage line flooding residential street and homes,drainage,DEPT_DRAINAGE,2025-03-23T04:55:00,4,6,3,1,0,3.0,HIGH,0.1,0.1,0.7,0.1,1,2,40.51,0.4051,0,13.088058,80.403716,8,2,5.13,1
COMP-SLA-12717,Roads Complaint - COMP-SLA-12717,Road cave-in reported on highway access lane,roads,DEPT_ROADS,2025-02-13T17:58:00,17,3,2,0,1,6.0,HIGH,0.1,0.1,0.7,0.1,1,2,77.02,0.7702,1,13.125509,80.274253,7,0,10.41,1
COMP-SLA-13452,Roads Complaint - COMP-SLA-13452,Minor tar peeling on residential side street,roads,DEPT_ROADS,2025-05-09T03:41:00,3,4,5,0,0,18.0,LOW,0.7,0.1,0.1,0.1,2,4,64.7,0.647,1,12.937348,80.13349,7,0,29.74,1
COMP-SLA-12088,Drainage Complaint - COMP-SLA-12088,Foul stench and black water coming from open drainage pipe,drainage,DEPT_DRAINAGE,2025-02-08T18:18:00,18,5,2,1,0,6.0,MEDIUM,0.1,0.7,0.1,0.1,8,32,82.15,0.8215,1,12.967808,80.217474,10,0,15.86,1
COMP-SLA-11890,Other Complaint - COMP-SLA-11890,General inquiry regarding municipal service timing,other,DEPT_GENERAL,2025-03-10T19:57:00,19,0,3,0,0,18.0,LOW,0.7,0.1,0.1,0.1,1,1,83.7,0.837,1,13.001531,80.375031,6,0,80.3,1
COMP-SLA-11592,Garbage Complaint - COMP-SLA-11592,Foul smell from uncleared waste bin near apartment entrance,garbage,DEPT_SANITATION,2025-05-31T06:25:00,6,5,5,1,0,6.0,HIGH,0.1,0.1,0.7,0.1,1,2,23.11,0.2311,0,13.061732,80.191233,9,0,27.27,1
COMP-SLA-13813,Streetlights Complaint - COMP-SLA-13813,Sparking electrical transformer near residential area,streetlights,DEPT_ELECTRICITY,2025-03-30T01:31:00,1,6,3,1,0,4.0,MEDIUM,0.1,0.7,0.1,0.1,3,6,90.7,0.907,1,13.016706,80.125045,6,1,15.57,1
COMP-SLA-12163,Other Complaint - COMP-SLA-12163,Noise pollution from unauthorized loudspeaker after midnight,other,DEPT_GENERAL,2025-06-10T21:20:00,21,1,6,0,0,12.0,MEDIUM,0.1,0.7,0.1,0.1,1,6,1.96,0.0196,0,13.156054,80.282238,7,0,12.3,1
COMP-SLA-12397,Garbage Complaint - COMP-SLA-12397,Minor littering near bus shelter,garbage,DEPT_SANITATION,2025-03-24T04:57:00,4,0,3,0,0,12.0,MEDIUM,0.1,0.7,0.1,0.1,1,5,12.58,0.1258,0,13.12337,80.283769,5,0,11.54,0
COMP-SLA-12590,Other Complaint - COMP-SLA-12590,Noise pollution from unauthorized loudspeaker after midnight,other,DEPT_GENERAL,2025-05-22T08:56:00,8,3,5,0,1,6.0,HIGH,0.1,0.1,0.7,0.1,1,1,30.33,0.3033,0,12.979481,80.138674,7,0,5.26,0
COMP-SLA-12272,Water Complaint - COMP-SLA-12272,Minor leak near public water standpost,water,DEPT_WATER,2025-02-01T11:24:00,11,5,2,1,0,4.0,MEDIUM,0.1,0.7,0.1,0.1,1,6,45.67,0.4567,0,13.174353,80.34711,6,0,12.89,1
COMP-SLA-13481,Drainage Complaint - COMP-SLA-13481,Foul stench and black water coming from open drainage pipe,drainage,DEPT_DRAINAGE,2025-02-12T02:39:00,2,2,2,0,0,3.0,HIGH,0.1,0.1,0.7,0.1,1,1,18.75,0.1875,0,13.006723,80.292842,10,0,6.44,1
COMP-SLA-11138,Water Complaint - COMP-SLA-11138,Contaminated muddy water coming from municipal tap supply,water,DEPT_WATER,2025-06-03T17:21:00,17,1,6,0,1,2.0,HIGH,0.1,0.1,0.7,0.1,1,3,27.54,0.2754,0,12.939463,80.367098,8,0,0.96,0
COMP-SLA-12753,Drainage Complaint - COMP-SLA-12753,Clogged storm drain causing severe waterlogging during rain,drainage,DEPT_DRAINAGE,2025-05-06T19:54:00,19,1,5,0,0,3.0,HIGH,0.1,0.1,0.7,0.1,1,6,7.47,0.0747,0,13.182431,80.219884,8,0,11.88,1
COMP-SLA-14060,Other Complaint - COMP-SLA-14060,Noise pollution from unauthorized loudspeaker after midnight,other,DEPT_GENERAL,2025-01-07T13:24:00,13,1,1,0,1,12.0,MEDIUM,0.1,0.7,0.1,0.1,1,4,27.35,0.2735,0,13.120646,80.284407,7,0,40.52,1
COMP-SLA-14082,Roads Complaint - COMP-SLA-14082,Minor tar peeling on residential side street,roads,DEPT_ROADS,2025-04-04T03:25:00,3,4,4,0,0,18.0,LOW,0.7,0.1,0.1,0.1,1,4,73.54,0.7354,1,12.938164,80.239477,7,0,21.33,1
COMP-SLA-11712,Water Complaint - COMP-SLA-11712,Low water pressure in residential high-rise complex,water,DEPT_WATER,2025-05-14T09:09:00,9,2,5,0,1,4.0,MEDIUM,0.1,0.7,0.1,0.1,1,5,36.49,0.3649,0,13.093279,80.230554,7,0,0.2,0
COMP-SLA-13571,Roads Complaint - COMP-SLA-13571,Road surface cracked and unpaved causing risk for two-wheelers,roads,DEPT_ROADS,2025-05-06T09:45:00,9,1,5,0,1,3.0,CRITICAL,0.1,0.1,0.1,0.7,1,5,31.04,0.3104,0,13.197675,80.276948,9,0,0.79,0
COMP-SLA-10454,Infrastructure Complaint - COMP-SLA-10454,Minor paint peeling on government office gate,infrastructure,DEPT_WORKS,2025-02-15T15:57:00,15,5,2,1,0,36.0,LOW,0.7,0.1,0.1,0.1,3,3,74.47,0.7447,1,13.117124,80.132411,7,0,70.57,1
COMP-SLA-10914,Water Complaint - COMP-SLA-10914,Contaminated muddy water coming from municipal tap supply,water,DEPT_WATER,2025-05-05T21:48:00,21,0,5,0,0,1.0,CRITICAL,0.1,0.1,0.1,0.7,1,6,71.42,0.7142,1,12.962943,80.139017,8,0,18.12,1
COMP-SLA-12885,Roads Complaint - COMP-SLA-12885,Road cave-in reported on highway access lane,roads,DEPT_ROADS,2025-05-17T02:22:00,2,5,5,1,0,6.0,HIGH,0.1,0.1,0.7,0.1,1,5,50.09,0.5009,0,12.995711,80.3073,7,0,7.95,1
COMP-SLA-11200,Garbage Complaint - COMP-SLA-11200,Illegal dumping of commercial debris in public park,garbage,DEPT_SANITATION,2025-02-26T10:40:00,10,2,2,0,1,6.0,HIGH,0.1,0.1,0.7,0.1,1,5,38.93,0.3893,0,13.178257,80.213253,8,0,0.59,0
COMP-SLA-11275,Roads Complaint - COMP-SLA-11275,Massive pothole causing severe traffic delay near main intersection,roads,DEPT_ROADS,2025-05-27T15:13:00,15,1,5,0,1,3.0,CRITICAL,0.1,0.1,0.1,0.7,8,16,70.95,0.7095,1,13.160916,80.251784,9,0,8.72,1
COMP-SLA-12376,Garbage Complaint - COMP-SLA-12376,Foul smell from uncleared waste bin near apartment entrance,garbage,DEPT_SANITATION,2025-01-23T02:26:00,2,3,1,0,0,6.0,HIGH,0.1,0.1,0.7,0.1,1,1,56.27,0.5627,0,13.094651,80.247595,9,0,12.55,1
COMP-SLA-10038,Garbage Complaint - COMP-SLA-10038,Overflowing community dump bin spilling onto main road,garbage,DEPT_SANITATION,2025-02-15T13:01:00,13,5,2,1,0,6.0,HIGH,0.1,0.1,0.7,0.1,2,12,74.33,0.7433,1,12.986508,80.398046,8,1,19.94,1
COMP-SLA-10975,Drainage Complaint - COMP-SLA-10975,Overflowing sewage line flooding residential street and homes,drainage,DEPT_DRAINAGE,2025-02-09T11:32:00,11,6,2,1,0,3.0,HIGH,0.1,0.1,0.7,0.1,1,3,4.94,0.0494,0,12.936795,80.326031,8,2,8.36,1
COMP-SLA-10984,Water Complaint - COMP-SLA-10984,Contaminated muddy water coming from municipal tap supply,water,DEPT_WATER,2025-04-03T23:51:00,23,3,4,0,0,1.0,CRITICAL,0.1,0.1,0.1,0.7,1,3,50.24,0.5024,0,13.041115,80.354342,8,0,6.44,1
COMP-SLA-12877,Other Complaint - COMP-SLA-12877,Unsanitary public toilet conditions in central market,other,DEPT_GENERAL,2025-03-12T22:10:00,22,2,3,0,0,6.0,HIGH,0.1,0.1,0.7,0.1,1,2,0.34,0.0034,0,13.143115,80.328197,7,0,12.63,1
COMP-SLA-11419,Streetlights Complaint - COMP-SLA-11419,Flickering streetlight fixture on main road,streetlights,DEPT_ELECTRICITY,2025-06-28T14:08:00,14,5,6,1,0,4.0,MEDIUM,0.1,0.7,0.1,0.1,1,2,60.57,0.6057,1,13.131589,80.187592,6,0,19.64,1
COMP-SLA-11561,Other Complaint - COMP-SLA-11561,Unauthorized hawker encroachment blocking shop entrance,other,DEPT_GENERAL,2025-01-23T13:16:00,13,3,1,0,1,6.0,HIGH,0.1,0.1,0.7,0.1,1,4,86.6,0.866,1,13.037169,80.201436,6,1,4.78,0
COMP-SLA-10040,Streetlights Complaint - COMP-SLA-10040,Entire street light network down making dark alley unsafe at night,streetlights,DEPT_ELECTRICITY,2025-01-07T21:12:00,21,1,1,0,0,2.0,HIGH,0.1,0.1,0.7,0.1,1,3,6.59,0.0659,0,13.05224,80.204281,11,0,8.32,1
COMP-SLA-11487,Garbage Complaint - COMP-SLA-11487,Foul smell from uncleared waste bin near apartment entrance,garbage,DEPT_SANITATION,2025-05-20T01:33:00,1,1,5,0,0,6.0,HIGH,0.1,0.1,0.7,0.1,3,3,65.99,0.6599,1,13.057606,80.357619,9,0,18.95,1
COMP-SLA-13175,Water Complaint - COMP-SLA-13175,No water supply for last 48 hours in entire neighborhood block,water,DEPT_WATER,2025-03-02T00:16:00,0,6,3,1,0,4.0,MEDIUM,0.1,0.7,0.1,0.1,8,40,85.73,0.8573,1,13.205243,80.228323,11,0,13.71,1
COMP-SLA-10170,Drainage Complaint - COMP-SLA-10170,Foul stench and black water coming from open drainage pipe,drainage,DEPT_DRAINAGE,2025-03-12T20:50:00,20,2,3,0,0,3.0,HIGH,0.1,0.1,0.7,0.1,1,5,60.56,0.6056,1,13.217071,80.143212,10,0,19.96,1
COMP-SLA-11356,Streetlights Complaint - COMP-SLA-11356,Flickering streetlight fixture on main road,streetlights,DEPT_ELECTRICITY,2025-05-20T14:07:00,14,1,5,0,1,2.0,HIGH,0.1,0.1,0.7,0.1,1,3,48.88,0.4888,0,13.156188,80.317338,6,0,2.89,1
COMP-SLA-12581,Streetlights Complaint - COMP-SLA-12581,Flickering streetlight fixture on main road,streetlights,DEPT_ELECTRICITY,2025-05-26T14:05:00,14,0,5,0,1,2.0,HIGH,0.1,0.1,0.7,0.1,2,12,63.86,0.6386,1,13.118827,80.256149,6,0,7.52,1
COMP-SLA-14128,Streetlights Complaint - COMP-SLA-14128,Sparking electrical transformer near residential area,streetlights,DEPT_ELECTRICITY,2025-03-27T16:41:00,16,3,3,0,1,2.0,HIGH,0.1,0.1,0.7,0.1,2,12,94.39,0.9439,1,12.938668,80.140541,6,1,7.04,1
COMP-SLA-12826,Streetlights Complaint - COMP-SLA-12826,Entire street light network down making dark alley unsafe at night,streetlights,DEPT_ELECTRICITY,2025-03-22T09:57:00,9,5,3,1,0,1.0,CRITICAL,0.1,0.1,0.1,0.7,1,3,9.49,0.0949,0,12.937025,80.388168,11,0,8.22,1
COMP-SLA-13641,Roads Complaint - COMP-SLA-13641,Massive pothole causing severe traffic delay near main intersection,roads,DEPT_ROADS,2025-05-08T01:54:00,1,3,5,0,0,3.0,CRITICAL,0.1,0.1,0.1,0.7,1,6,37.58,0.3758,0,12.989296,80.258117,9,0,5.5,1
COMP-SLA-11641,Garbage Complaint - COMP-SLA-11641,Overflowing community dump bin spilling onto main road,garbage,DEPT_SANITATION,2025-04-10T11:12:00,11,3,4,0,1,6.0,HIGH,0.1,0.1,0.7,0.1,2,8,62.92,0.6292,1,13.193685,80.378134,8,1,10.96,1
COMP-SLA-11291,Garbage Complaint - COMP-SLA-11291,Overflowing community dump bin spilling onto main road,garbage,DEPT_SANITATION,2025-02-03T09:04:00,9,0,2,0,1,3.0,CRITICAL,0.1,0.1,0.1,0.7,1,2,43.81,0.4381,0,13.201034,80.182802,8,1,1.06,0
COMP-SLA-11381,Drainage Complaint - COMP-SLA-11381,Foul stench and black water coming from open drainage pipe,drainage,DEPT_DRAINAGE,2025-01-26T23:05:00,23,6,1,1,0,3.0,HIGH,0.1,0.1,0.7,0.1,1,2,47.23,0.4723,0,13.124536,80.214577,10,0,11.94,1
COMP-SLA-11934,Drainage Complaint - COMP-SLA-11934,Overflowing sewage line flooding residential street and homes,drainage,DEPT_DRAINAGE,2025-03-17T06:56:00,6,0,3,0,0,1.5,CRITICAL,0.1,0.1,0.1,0.7,1,5,41.6,0.416,0,13.167801,80.339212,8,2,12.61,1
COMP-SLA-10580,Infrastructure Complaint - COMP-SLA-10580,Damaged bus shelter roof leaning precariously,infrastructure,DEPT_WORKS,2025-06-25T19:55:00,19,2,6,0,0,24.0,MEDIUM,0.1,0.7,0.1,0.1,1,5,4.38,0.0438,0,12.958823,80.260763,6,0,16.68,0
COMP-SLA-13040,Drainage Complaint - COMP-SLA-13040,Slow drainage runoff on commercial market road,drainage,DEPT_DRAINAGE,2025-02-27T08:59:00,8,3,2,0,1,9.0,LOW,0.7,0.1,0.1,0.1,1,3,28.2,0.282,0,13.092882,80.126329,7,0,4.61,0
COMP-SLA-12031,Roads Complaint - COMP-SLA-12031,Minor tar peeling on residential side street,roads,DEPT_ROADS,2025-04-29T17:36:00,17,1,4,0,1,12.0,MEDIUM,0.1,0.7,0.1,0.1,1,5,53.81,0.5381,0,13.12688,80.242495,7,0,1.85,0
COMP-SLA-10893,Water Complaint - COMP-SLA-10893,No water supply for last 48 hours in entire neighborhood block,water,DEPT_WATER,2025-04-20T07:39:00,7,6,4,1,0,4.0,MEDIUM,0.1,0.7,0.1,0.1,1,2,47.38,0.4738,0,12.956517,80.161967,11,0,10.48,1
COMP-SLA-10781,Water Complaint - COMP-SLA-10781,Low water pressure in residential high-rise complex,water,DEPT_WATER,2025-02-14T06:10:00,6,4,2,0,0,4.0,MEDIUM,0.1,0.7,0.1,0.1,1,4,39.52,0.3952,0,13.114425,80.150971,7,0,10.35,1
COMP-SLA-10160,Infrastructure Complaint - COMP-SLA-10160,Broken railing on canal overbridge,infrastructure,DEPT_WORKS,2025-06-11T16:36:00,16,2,6,0,1,24.0,MEDIUM,0.1,0.7,0.1,0.1,1,5,40.78,0.4078,0,13.005281,80.163773,5,0,21.89,0
COMP-SLA-10003,Garbage Complaint - COMP-SLA-10003,Uncollected garbage pile attracting stray animals near hospital gate,garbage,DEPT_SANITATION,2025-06-28T13:21:00,13,5,6,1,0,6.0,HIGH,0.1,0.1,0.7,0.1,1,1,72.53,0.7253,1,13.016061,80.185294,9,1,17.48,1
COMP-SLA-13107,Infrastructure Complaint - COMP-SLA-13107,Collapsed public park boundary wall blocking walkway,infrastructure,DEPT_WORKS,2025-03-25T21:30:00,21,1,3,0,0,6.0,CRITICAL,0.1,0.1,0.1,0.7,1,3,43.22,0.4322,0,13.112593,80.357868,7,2,9.67,1
COMP-SLA-14121,Streetlights Complaint - COMP-SLA-14121,Entire street light network down making dark alley unsafe at night,streetlights,DEPT_ELECTRICITY,2025-01-30T07:24:00,7,3,1,0,0,2.0,HIGH,0.1,0.1,0.7,0.1,1,6,53.0,0.53,0,13.16543,80.253775,11,0,10.09,1
COMP-SLA-10850,Garbage Complaint - COMP-SLA-10850,Uncollected garbage pile attracting stray animals near hospital gate,garbage,DEPT_SANITATION,2025-03-09T03:01:00,3,6,3,1,0,6.0,HIGH,0.1,0.1,0.7,0.1,1,3,62.21,0.6221,1,13.182134,80.161873,9,1,20.99,1
COMP-SLA-12467,Garbage Complaint - COMP-SLA-12467,Minor littering near bus shelter,garbage,DEPT_SANITATION,2025-01-09T18:47:00,18,3,1,0,1,12.0,MEDIUM,0.1,0.7,0.1,0.1,1,3,29.79,0.2979,0,13.118766,80.215198,5,0,4.22,0
COMP-SLA-13102,Roads Complaint - COMP-SLA-13102,Minor tar peeling on residential side street,roads,DEPT_ROADS,2025-03-19T23:31:00,23,2,3,0,0,18.0,LOW,0.7,0.1,0.1,0.1,1,1,73.82,0.7382,1,13.055462,80.286363,7,0,34.4,1
COMP-SLA-11597,Roads Complaint - COMP-SLA-11597,Massive pothole causing severe traffic delay near main intersection,roads,DEPT_ROADS,2025-06-05T08:10:00,8,3,6,0,1,3.0,CRITICAL,0.1,0.1,0.1,0.7,1,5,9.13,0.0913,0,13.125739,80.330683,9,0,0.67,0
COMP-SLA-11777,Infrastructure Complaint - COMP-SLA-11777,Pedestrian footbridge concrete pillar showing structural cracks,infrastructure,DEPT_WORKS,2025-03-19T09:54:00,9,2,3,0,1,6.0,CRITICAL,0.1,0.1,0.1,0.7,1,5,36.65,0.3665,0,13.088643,80.305773,7,0,4.89,0
COMP-SLA-11914,Garbage Complaint - COMP-SLA-11914,Uncollected garbage pile attracting stray animals near hospital gate,garbage,DEPT_SANITATION,2025-06-01T13:11:00,13,6,6,1,0,3.0,CRITICAL,0.1,0.1,0.1,0.7,1,4,54.09,0.5409,0,13.041606,80.373868,9,1,5.2,1
COMP-SLA-11044,Roads Complaint - COMP-SLA-11044,Minor tar peeling on residential side street,roads,DEPT_ROADS,2025-04-26T04:40:00,4,5,4,1,0,18.0,LOW,0.7,0.1,0.1,0.1,1,2,9.26,0.0926,0,13.067499,80.411537,7,0,23.85,1
COMP-SLA-11545,Streetlights Complaint - COMP-SLA-11545,Sparking electrical transformer near residential area,streetlights,DEPT_ELECTRICITY,2025-02-22T14:37:00,14,5,2,1,0,2.0,HIGH,0.1,0.1,0.7,0.1,1,6,68.66,0.6866,1,13.088734,80.155863,6,1,16.67,1
COMP-SLA-12629,Water Complaint - COMP-SLA-12629,No water supply for last 48 hours in entire neighborhood block,water,DEPT_WATER,2025-04-28T09:54:00,9,0,4,0,1,2.0,HIGH,0.1,0.1,0.7,0.1,1,4,36.5,0.365,0,13.219706,80.39915,11,0,0.95,0
COMP-SLA-10054,Streetlights Complaint - COMP-SLA-10054,Single street lamp bulb burnt out on quiet street,streetlights,DEPT_ELECTRICITY,2025-02-05T04:14:00,4,2,2,0,0,6.0,LOW,0.7,0.1,0.1,0.1,1,4,20.33,0.2033,0,13.047611,80.166542,9,0,17.54,1
COMP-SLA-11797,Streetlights Complaint - COMP-SLA-11797,Sparking electrical transformer near residential area,streetlights,DEPT_ELECTRICITY,2025-06-27T23:46:00,23,4,6,0,0,4.0,MEDIUM,0.1,0.7,0.1,0.1,1,2,48.86,0.4886,0,13.144186,80.232358,6,1,9.9,1
COMP-SLA-11912,Roads Complaint - COMP-SLA-11912,Minor tar peeling on residential side street,roads,DEPT_ROADS,2025-02-10T12:38:00,12,0,2,0,1,12.0,MEDIUM,0.1,0.7,0.1,0.1,1,4,22.24,0.2224,0,13.070434,80.125328,7,0,17.58,1
COMP-SLA-13056,Water Complaint - COMP-SLA-13056,No water supply for last 48 hours in entire neighborhood block,water,DEPT_WATER,2025-05-12T15:35:00,15,0,5,0,1,4.0,MEDIUM,0.1,0.7,0.1,0.1,1,5,18.82,0.1882,0,13.140874,80.221012,11,0,9.69,1
COMP-SLA-14167,Drainage Complaint - COMP-SLA-14167,Foul stench and black water coming from open drainage pipe,drainage,DEPT_DRAINAGE,2025-02-03T20:40:00,20,0,2,0,0,6.0,MEDIUM,0.1,0.7,0.1,0.1,1,4,88.7,0.887,1,12.949071,80.417934,10,0,10.48,1
COMP-SLA-12922,Garbage Complaint - COMP-SLA-12922,Illegal dumping of commercial debris in public park,garbage,DEPT_SANITATION,2025-05-28T15:21:00,15,2,5,0,1,6.0,HIGH,0.1,0.1,0.7,0.1,1,4,60.44,0.6044,1,12.976668,80.190015,8,0,9.17,1
COMP-SLA-10825,Infrastructure Complaint - COMP-SLA-10825,Broken railing on canal overbridge,infrastructure,DEPT_WORKS,2025-04-11T17:05:00,17,4,4,0,1,12.0,HIGH,0.1,0.1,0.7,0.1,1,1,7.36,0.0736,0,13.168892,80.315429,5,0,6.48,0
COMP-SLA-13865,Roads Complaint - COMP-SLA-13865,Minor tar peeling on residential side street,roads,DEPT_ROADS,2025-01-03T04:30:00,4,4,1,0,0,12.0,MEDIUM,0.1,0.7,0.1,0.1,8,24,86.08,0.8608,1,12.974889,80.410909,7,0,14.84,1
COMP-SLA-11390,Water Complaint - COMP-SLA-11390,No water supply for last 48 hours in entire neighborhood block,water,DEPT_WATER,2025-04-05T11:57:00,11,5,4,1,0,2.0,HIGH,0.1,0.1,0.7,0.1,1,1,51.34,0.5134,0,13.210352,80.191112,11,0,14.43,1
COMP-SLA-13539,Water Complaint - COMP-SLA-13539,Low water pressure in residential high-rise complex,water,DEPT_WATER,2025-01-27T21:51:00,21,0,1,0,0,2.0,HIGH,0.1,0.1,0.7,0.1,3,15,72.41,0.7241,1,13.034275,80.368067,7,0,14.82,1
COMP-SLA-12697,Drainage Complaint - COMP-SLA-12697,Open manhole cover on main sidewalk presents fatal hazard,drainage,DEPT_DRAINAGE,2025-04-07T11:45:00,11,0,4,0,1,6.0,MEDIUM,0.1,0.7,0.1,0.1,1,4,37.88,0.3788,0,13.115674,80.22566,9,2,4.75,0
COMP-SLA-11608,Streetlights Complaint - COMP-SLA-11608,Single street lamp bulb burnt out on quiet street,streetlights,DEPT_ELECTRICITY,2025-04-22T23:51:00,23,1,4,0,0,6.0,LOW,0.7,0.1,0.1,0.1,1,3,56.14,0.5614,0,12.944528,80.409943,9,0,16.16,1
COMP-SLA-11595,Infrastructure Complaint - COMP-SLA-11595,Damaged bus shelter roof leaning precariously,infrastructure,DEPT_WORKS,2025-01-11T05:57:00,5,5,1,1,0,24.0,MEDIUM,0.1,0.7,0.1,0.1,1,1,94.65,0.9465,1,13.02563,80.150691,6,0,38.72,1
COMP-SLA-10772,Drainage Complaint - COMP-SLA-10772,Open manhole cover on main sidewalk presents fatal hazard,drainage,DEPT_DRAINAGE,2025-01-23T04:08:00,4,3,1,0,0,3.0,HIGH,0.1,0.1,0.7,0.1,1,2,1.51,0.0151,0,12.936863,80.154274,9,2,16.52,1
COMP-SLA-12274,Infrastructure Complaint - COMP-SLA-12274,Damaged bus shelter roof leaning precariously,infrastructure,DEPT_WORKS,2025-03-19T16:54:00,16,2,3,0,1,24.0,MEDIUM,0.1,0.7,0.1,0.1,1,1,17.2,0.172,0,13.029995,80.258406,6,0,17.74,0
COMP-SLA-11869,Other Complaint - COMP-SLA-11869,Stray dog menace near elementary school playground,other,DEPT_GENERAL,2025-03-22T07:26:00,7,5,3,1,0,3.0,CRITICAL,0.1,0.1,0.1,0.7,1,5,9.5,0.095,0,13.225459,80.314986,7,1,6.9,1
COMP-SLA-11086,Roads Complaint - COMP-SLA-11086,Road cave-in reported on highway access lane,roads,DEPT_ROADS,2025-05-05T03:21:00,3,0,5,0,0,12.0,MEDIUM,0.1,0.7,0.1,0.1,1,3,50.13,0.5013,0,12.995298,80.297857,7,0,16.9,1
COMP-SLA-12933,Other Complaint - COMP-SLA-12933,Unauthorized hawker encroachment blocking shop entrance,other,DEPT_GENERAL,2025-03-30T10:16:00,10,6,3,1,0,12.0,MEDIUM,0.1,0.7,0.1,0.1,1,5,32.78,0.3278,0,13.01447,80.384925,6,1,6.23,0
COMP-SLA-11326,Garbage Complaint - COMP-SLA-11326,Illegal dumping of commercial debris in public park,garbage,DEPT_SANITATION,2025-06-26T00:08:00,0,3,6,0,0,6.0,HIGH,0.1,0.1,0.7,0.1,5,30,74.66,0.7466,1,13.16433,80.141101,8,0,20.61,1
COMP-SLA-11464,Roads Complaint - COMP-SLA-11464,Massive pothole causing severe traffic delay near main intersection,roads,DEPT_ROADS,2025-03-23T14:22:00,14,6,3,1,0,3.0,CRITICAL,0.1,0.1,0.1,0.7,1,4,47.47,0.4747,0,13.155358,80.264835,9,0,9.39,1
COMP-SLA-10807,Drainage Complaint - COMP-SLA-10807,Slow drainage runoff on commercial market road,drainage,DEPT_DRAINAGE,2025-03-28T12:30:00,12,4,3,0,1,6.0,MEDIUM,0.1,0.7,0.1,0.1,1,2,12.62,0.1262,0,13.183038,80.370805,7,0,11.44,1
COMP-SLA-12649,Garbage Complaint - COMP-SLA-12649,Overflowing community dump bin spilling onto main road,garbage,DEPT_SANITATION,2025-06-12T16:46:00,16,3,6,0,1,3.0,CRITICAL,0.1,0.1,0.1,0.7,1,4,39.34,0.3934,0,13.018045,80.274489,8,1,1.19,0
COMP-SLA-12674,Other Complaint - COMP-SLA-12674,Noise pollution from unauthorized loudspeaker after midnight,other,DEPT_GENERAL,2025-06-17T00:04:00,0,1,6,0,0,12.0,MEDIUM,0.1,0.7,0.1,0.1,1,4,37.19,0.3719,0,12.965184,80.220241,7,0,9.32,0
COMP-SLA-12109,Drainage Complaint - COMP-SLA-12109,Slow drainage runoff on commercial market road,drainage,DEPT_DRAINAGE,2025-03-31T05:29:00,5,0,3,0,0,9.0,LOW,0.7,0.1,0.1,0.1,1,4,6.01,0.0601,0,13.153852,80.339197,7,0,9.3,1
COMP-SLA-14084,Garbage Complaint - COMP-SLA-14084,Foul smell from uncleared waste bin near apartment entrance,garbage,DEPT_SANITATION,2025-02-08T08:53:00,8,5,2,1,0,6.0,HIGH,0.1,0.1,0.7,0.1,1,4,32.14,0.3214,0,13.126958,80.140817,9,0,13.63,1
COMP-SLA-14161,Garbage Complaint - COMP-SLA-14161,Illegal dumping of commercial debris in public park,garbage,DEPT_SANITATION,2025-06-01T07:39:00,7,6,6,1,0,12.0,MEDIUM,0.1,0.7,0.1,0.1,1,4,34.21,0.3421,0,12.971602,80.199803,8,0,14.84,1
COMP-SLA-12235,Drainage Complaint - COMP-SLA-12235,Clogged storm drain causing severe waterlogging during rain,drainage,DEPT_DRAINAGE,2025-06-21T05:25:00,5,5,6,1,0,1.5,CRITICAL,0.1,0.1,0.1,0.7,1,4,37.24,0.3724,0,13.068619,80.121838,8,0,12.19,1
COMP-SLA-10964,Streetlights Complaint - COMP-SLA-10964,Single street lamp bulb burnt out on quiet street,streetlights,DEPT_ELECTRICITY,2025-06-05T14:10:00,14,3,6,0,1,6.0,LOW,0.7,0.1,0.1,0.1,1,2,49.73,0.4973,0,13.135057,80.385279,9,0,2.07,0
COMP-SLA-10399,Other Complaint - COMP-SLA-10399,General inquiry regarding municipal service timing,other,DEPT_GENERAL,2025-01-23T15:28:00,15,3,1,0,1,12.0,MEDIUM,0.1,0.7,0.1,0.1,1,1,70.8,0.708,1,13.027518,80.414901,6,0,16.09,1
COMP-SLA-14045,Infrastructure Complaint - COMP-SLA-14045,Minor paint peeling on government office gate,infrastructure,DEPT_WORKS,2025-01-22T08:49:00,8,2,1,0,1,36.0,LOW,0.7,0.1,0.1,0.1,1,2,32.98,0.3298,0,12.93378,80.387862,7,0,13.35,0
COMP-SLA-10705,Streetlights Complaint - COMP-SLA-10705,Live high-voltage electric wire hanging dangerously low near school,streetlights,DEPT_ELECTRICITY,2025-03-06T15:31:00,15,3,3,0,1,2.0,HIGH,0.1,0.1,0.7,0.1,1,6,2.82,0.0282,0,13.001947,80.403421,9,2,0.2,0
COMP-SLA-10432,Streetlights Complaint - COMP-SLA-10432,Sparking electrical transformer near residential area,streetlights,DEPT_ELECTRICITY,2025-04-16T20:54:00,20,2,4,0,0,4.0,MEDIUM,0.1,0.7,0.1,0.1,1,3,20.97,0.2097,0,13.086466,80.168986,6,1,9.96,1
COMP-SLA-10293,Infrastructure Complaint - COMP-SLA-10293,Broken railing on canal overbridge,infrastructure,DEPT_WORKS,2025-01-03T22:21:00,22,4,1,0,0,24.0,MEDIUM,0.1,0.7,0.1,0.1,1,2,40.12,0.4012,0,13.177833,80.417146,5,0,37.83,1
COMP-SLA-14076,Drainage Complaint - COMP-SLA-14076,Overflowing sewage line flooding residential street and homes,drainage,DEPT_DRAINAGE,2025-03-06T09:16:00,9,3,3,0,1,1.5,CRITICAL,0.1,0.1,0.1,0.7,1,6,53.96,0.5396,0,13.073856,80.327962,8,2,0.9,0
COMP-SLA-10146,Infrastructure Complaint - COMP-SLA-10146,Broken railing on canal overbridge,infrastructure,DEPT_WORKS,2025-03-06T23:54:00,23,3,3,0,0,12.0,HIGH,0.1,0.1,0.7,0.1,1,1,82.96,0.8296,1,13.129669,80.392603,5,0,12.99,1
COMP-SLA-12944,Water Complaint - COMP-SLA-12944,Minor leak near public water standpost,water,DEPT_WATER,2025-05-04T00:23:00,0,6,5,1,0,6.0,LOW,0.7,0.1,0.1,0.1,1,6,25.02,0.2502,0,13.030543,80.338285,6,0,11.37,1
COMP-SLA-12034,Water Complaint - COMP-SLA-12034,Minor leak near public water standpost,water,DEPT_WATER,2025-04-01T07:53:00,7,1,4,0,0,4.0,MEDIUM,0.1,0.7,0.1,0.1,1,5,59.94,0.5994,0,13.123921,80.183101,6,0,23.01,1
COMP-SLA-13026,Drainage Complaint - COMP-SLA-13026,Open manhole cover on main sidewalk presents fatal hazard,drainage,DEPT_DRAINAGE,2025-03-06T08:10:00,8,3,3,0,1,3.0,HIGH,0.1,0.1,0.7,0.1,1,4,68.52,0.6852,1,13.180271,80.189644,9,2,6.19,1
COMP-SLA-11166,Water Complaint - COMP-SLA-11166,No water supply for last 48 hours in entire neighborhood block,water,DEPT_WATER,2025-06-03T07:22:00,7,1,6,0,0,4.0,MEDIUM,0.1,0.7,0.1,0.1,1,1,10.75,0.1075,0,12.965449,80.272781,11,0,11.14,1
COMP-SLA-12051,Other Complaint - COMP-SLA-12051,Unsanitary public toilet conditions in central market,other,DEPT_GENERAL,2025-01-12T15:20:00,15,6,1,1,0,3.0,CRITICAL,0.1,0.1,0.1,0.7,1,3,33.04,0.3304,0,13.023108,80.376188,7,0,11.59,1
COMP-SLA-14014,Garbage Complaint - COMP-SLA-14014,Minor littering near bus shelter,garbage,DEPT_SANITATION,2025-05-28T12:31:00,12,2,5,0,1,12.0,MEDIUM,0.1,0.7,0.1,0.1,1,1,10.37,0.1037,0,12.953005,80.186411,5,0,1.81,0
COMP-SLA-10340,Water Complaint - COMP-SLA-10340,Main pipeline burst wasting thousands of liters of clean water,water,DEPT_WATER,2025-03-07T03:46:00,3,4,3,0,0,1.0,CRITICAL,0.1,0.1,0.1,0.7,1,4,69.6,0.696,1,12.933084,80.236481,10,1,13.28,1
COMP-SLA-12610,Infrastructure Complaint - COMP-SLA-12610,Minor paint peeling on government office gate,infrastructure,DEPT_WORKS,2025-01-09T00:17:00,0,3,1,0,0,24.0,MEDIUM,0.1,0.7,0.1,0.1,1,4,52.65,0.5265,0,12.960381,80.338587,7,0,11.14,0
COMP-SLA-10266,Other Complaint - COMP-SLA-10266,Unsanitary public toilet conditions in central market,other,DEPT_GENERAL,2025-03-08T07:32:00,7,5,3,1,0,6.0,HIGH,0.1,0.1,0.7,0.1,1,4,65.33,0.6533,1,13.156756,80.288098,7,0,18.19,1
COMP-SLA-12425,Garbage Complaint - COMP-SLA-12425,Uncollected garbage pile attracting stray animals near hospital gate,garbage,DEPT_SANITATION,2025-06-13T06:05:00,6,4,6,0,0,6.0,HIGH,0.1,0.1,0.7,0.1,1,1,37.09,0.3709,0,13.065838,80.139757,9,1,13.66,1
COMP-SLA-13867,Garbage Complaint - COMP-SLA-13867,Uncollected garbage pile attracting stray animals near hospital gate,garbage,DEPT_SANITATION,2025-04-06T19:55:00,19,6,4,1,0,6.0,HIGH,0.1,0.1,0.7,0.1,3,6,66.3,0.663,1,13.145757,80.174085,9,1,14.04,1
COMP-SLA-11772,Roads Complaint - COMP-SLA-11772,Deep crater formed after rains near public school gate,roads,DEPT_ROADS,2025-05-19T20:21:00,20,0,5,0,0,6.0,HIGH,0.1,0.1,0.7,0.1,1,3,34.55,0.3455,0,13.152566,80.247289,9,2,18.33,1
COMP-SLA-10272,Infrastructure Complaint - COMP-SLA-10272,Pedestrian footbridge concrete pillar showing structural cracks,infrastructure,DEPT_WORKS,2025-05-18T05:23:00,5,6,5,1,0,12.0,HIGH,0.1,0.1,0.7,0.1,1,4,24.92,0.2492,0,13.030495,80.257965,7,0,23.23,1
COMP-SLA-10697,Water Complaint - COMP-SLA-10697,Main pipeline burst wasting thousands of liters of clean water,water,DEPT_WATER,2025-05-10T22:30:00,22,5,5,1,0,2.0,HIGH,0.1,0.1,0.7,0.1,1,1,41.77,0.4177,0,13.042639,80.297514,10,1,6.29,1
COMP-SLA-10748,Infrastructure Complaint - COMP-SLA-10748,Collapsed public park boundary wall blocking walkway,infrastructure,DEPT_WORKS,2025-04-01T19:42:00,19,1,4,0,0,6.0,CRITICAL,0.1,0.1,0.1,0.7,1,1,71.08,0.7108,1,13.222863,80.30017,7,2,15.55,1
COMP-SLA-10245,Other Complaint - COMP-SLA-10245,Unauthorized hawker encroachment blocking shop entrance,other,DEPT_GENERAL,2025-06-28T07:19:00,7,5,6,1,0,12.0,MEDIUM,0.1,0.7,0.1,0.1,8,48,62.1,0.621,1,13.137912,80.37506,6,1,16.8,1
COMP-SLA-14052,Infrastructure Complaint - COMP-SLA-14052,Damaged bus shelter roof leaning precariously,infrastructure,DEPT_WORKS,2025-01-11T03:30:00,3,5,1,1,0,12.0,HIGH,0.1,0.1,0.7,0.1,3,3,84.76,0.8476,1,12.980009,80.238939,6,0,19.41,1
COMP-SLA-10477,Roads Complaint - COMP-SLA-10477,Road surface cracked and unpaved causing risk for two-wheelers,roads,DEPT_ROADS,2025-01-31T22:33:00,22,4,1,0,0,3.0,CRITICAL,0.1,0.1,0.1,0.7,1,2,1.12,0.0112,0,13.070721,80.327463,9,0,7.96,1
COMP-SLA-12033,Garbage Complaint - COMP-SLA-12033,Overflowing community dump bin spilling onto main road,garbage,DEPT_SANITATION,2025-04-23T20:24:00,20,2,4,0,0,6.0,HIGH,0.1,0.1,0.7,0.1,5,25,91.12,0.9112,1,13.135185,80.129196,8,1,24.37,1
COMP-SLA-13672,Water Complaint - COMP-SLA-13672,No water supply for last 48 hours in entire neighborhood block,water,DEPT_WATER,2025-06-16T07:05:00,7,0,6,0,0,2.0,HIGH,0.1,0.1,0.7,0.1,1,1,54.99,0.5499,0,13.089019,80.301326,11,0,12.28,1
COMP-SLA-13416,Other Complaint - COMP-SLA-13416,General inquiry regarding municipal service timing,other,DEPT_GENERAL,2025-04-06T17:03:00,17,6,4,1,0,18.0,LOW,0.7,0.1,0.1,0.1,3,9,76.8,0.768,1,13.04813,80.394999,6,0,27.22,1
COMP-SLA-10814,Drainage Complaint - COMP-SLA-10814,Overflowing sewage line flooding residential street and homes,drainage,DEPT_DRAINAGE,2025-03-15T04:11:00,4,5,3,1,0,3.0,HIGH,0.1,0.1,0.7,0.1,1,4,29.15,0.2915,0,13.009366,80.147589,8,2,16.11,1
COMP-SLA-11915,Water Complaint - COMP-SLA-11915,Minor leak near public water standpost,water,DEPT_WATER,2025-02-02T00:05:00,0,6,2,1,0,6.0,LOW,0.7,0.1,0.1,0.1,1,4,72.58,0.7258,1,12.97251,80.385054,6,0,20.78,1
COMP-SLA-13647,Other Complaint - COMP-SLA-13647,Unsanitary public toilet conditions in central market,other,DEPT_GENERAL,2025-05-28T11:06:00,11,2,5,0,1,3.0,CRITICAL,0.1,0.1,0.1,0.7,1,6,7.08,0.0708,0,13.050055,80.221889,7,0,1.4,0
COMP-SLA-11298,Garbage Complaint - COMP-SLA-11298,Illegal dumping of commercial debris in public park,garbage,DEPT_SANITATION,2025-06-29T08:36:00,8,6,6,1,0,6.0,HIGH,0.1,0.1,0.7,0.1,1,5,13.3,0.133,0,13.01529,80.131423,8,0,7.35,1
COMP-SLA-11805,Infrastructure Complaint - COMP-SLA-11805,Pedestrian footbridge concrete pillar showing structural cracks,infrastructure,DEPT_WORKS,2025-02-04T23:21:00,23,1,2,0,0,6.0,CRITICAL,0.1,0.1,0.1,0.7,1,2,72.2,0.722,1,13.131215,80.398359,7,0,21.54,1
COMP-SLA-13108,Other Complaint - COMP-SLA-13108,Stray dog menace near elementary school playground,other,DEPT_GENERAL,2025-03-09T08:39:00,8,6,3,1,0,3.0,CRITICAL,0.1,0.1,0.1,0.7,2,2,92.11,0.9211,1,13.120916,80.304731,7,1,13.44,1
COMP-SLA-10251,Infrastructure Complaint - COMP-SLA-10251,Damaged bus shelter roof leaning precariously,infrastructure,DEPT_WORKS,2025-05-06T07:22:00,7,1,5,0,0,12.0,HIGH,0.1,0.1,0.7,0.1,1,5,17.65,0.1765,0,13.098611,80.233328,6,0,13.54,1
COMP-SLA-12462,Streetlights Complaint - COMP-SLA-12462,Flickering streetlight fixture on main road,streetlights,DEPT_ELECTRICITY,2025-01-14T04:57:00,4,1,1,0,0,2.0,HIGH,0.1,0.1,0.7,0.1,2,8,61.56,0.6156,1,13.081518,80.126251,6,0,18.99,1
COMP-SLA-10546,Other Complaint - COMP-SLA-10546,General inquiry regarding municipal service timing,other,DEPT_GENERAL,2025-03-23T02:35:00,2,6,3,1,0,18.0,LOW,0.7,0.1,0.1,0.1,1,2,17.49,0.1749,0,13.092588,80.336532,6,0,16.86,0
COMP-SLA-10739,Water Complaint - COMP-SLA-10739,No water supply for last 48 hours in entire neighborhood block,water,DEPT_WATER,2025-05-28T02:07:00,2,2,5,0,0,2.0,HIGH,0.1,0.1,0.7,0.1,8,48,92.12,0.9212,1,12.980047,80.27561,11,0,23.27,1
COMP-SLA-10311,Garbage Complaint - COMP-SLA-10311,Uncollected garbage pile attracting stray animals near hospital gate,garbage,DEPT_SANITATION,2025-02-27T16:02:00,16,3,2,0,1,6.0,HIGH,0.1,0.1,0.7,0.1,1,3,44.18,0.4418,0,13.218924,80.141378,9,1,2.43,0
COMP-SLA-11132,Streetlights Complaint - COMP-SLA-11132,Live high-voltage electric wire hanging dangerously low near school,streetlights,DEPT_ELECTRICITY,2025-04-06T19:40:00,19,6,4,1,0,1.0,CRITICAL,0.1,0.1,0.1,0.7,1,6,30.51,0.3051,0,13.184904,80.397765,9,2,8.97,1
COMP-SLA-11450,Roads Complaint - COMP-SLA-11450,Road cave-in reported on highway access lane,roads,DEPT_ROADS,2025-03-27T17:02:00,17,3,3,0,1,12.0,MEDIUM,0.1,0.7,0.1,0.1,1,6,59.3,0.593,0,12.971895,80.414175,7,0,9.66,0
COMP-SLA-14130,Other Complaint - COMP-SLA-14130,Unauthorized hawker encroachment blocking shop entrance,other,DEPT_GENERAL,2025-03-05T04:51:00,4,2,3,0,0,6.0,HIGH,0.1,0.1,0.7,0.1,8,32,75.13,0.7513,1,12.975041,80.374756,6,1,11.83,1
COMP-SLA-10016,Drainage Complaint - COMP-SLA-10016,Slow drainage runoff on commercial market road,drainage,DEPT_DRAINAGE,2025-01-22T23:31:00,23,2,1,0,0,9.0,LOW,0.7,0.1,0.1,0.1,1,2,50.61,0.5061,0,13.177507,80.414095,7,0,6.56,0
COMP-SLA-13789,Drainage Complaint - COMP-SLA-13789,Overflowing sewage line flooding residential street and homes,drainage,DEPT_DRAINAGE,2025-06-25T23:19:00,23,2,6,0,0,1.5,CRITICAL,0.1,0.1,0.1,0.7,1,6,46.7,0.467,0,13.043875,80.316572,8,2,13.59,1
COMP-SLA-13605,Other Complaint - COMP-SLA-13605,Unsanitary public toilet conditions in central market,other,DEPT_GENERAL,2025-04-03T18:05:00,18,3,4,0,1,3.0,CRITICAL,0.1,0.1,0.1,0.7,1,2,52.08,0.5208,0,13.165036,80.302673,7,0,0.52,0
COMP-SLA-13835,Infrastructure Complaint - COMP-SLA-13835,Pedestrian footbridge concrete pillar showing structural cracks,infrastructure,DEPT_WORKS,2025-01-28T23:53:00,23,1,1,0,0,6.0,CRITICAL,0.1,0.1,0.1,0.7,1,6,64.09,0.6409,1,13.230418,80.239465,7,0,18.92,1
COMP-SLA-13468,Garbage Complaint - COMP-SLA-13468,Minor littering near bus shelter,garbage,DEPT_SANITATION,2025-05-08T19:16:00,19,3,5,0,0,18.0,LOW,0.7,0.1,0.1,0.1,3,6,87.24,0.8724,1,12.997905,80.251831,5,0,26.53,1
COMP-SLA-10364,Other Complaint - COMP-SLA-10364,Unsanitary public toilet conditions in central market,other,DEPT_GENERAL,2025-01-13T05:54:00,5,0,1,0,0,3.0,CRITICAL,0.1,0.1,0.1,0.7,5,10,81.43,0.8143,1,13.104377,80.410175,7,0,18.69,1
COMP-SLA-10183,Roads Complaint - COMP-SLA-10183,Minor tar peeling on residential side street,roads,DEPT_ROADS,2025-05-25T01:52:00,1,6,5,1,0,12.0,MEDIUM,0.1,0.7,0.1,0.1,8,40,90.11,0.9011,1,13.191834,80.145067,7,0,34.92,1
COMP-SLA-11195,Streetlights Complaint - COMP-SLA-11195,Sparking electrical transformer near residential area,streetlights,DEPT_ELECTRICITY,2025-05-16T21:11:00,21,4,5,0,0,2.0,HIGH,0.1,0.1,0.7,0.1,5,20,83.13,0.8313,1,13.196067,80.372908,6,1,18.14,1
COMP-SLA-12669,Drainage Complaint - COMP-SLA-12669,Slow drainage runoff on commercial market road,drainage,DEPT_DRAINAGE,2025-05-09T08:08:00,8,4,5,0,1,6.0,MEDIUM,0.1,0.7,0.1,0.1,3,6,91.65,0.9165,1,13.049009,80.196638,7,0,8.86,1
COMP-SLA-11122,Drainage Complaint - COMP-SLA-11122,Slow drainage runoff on commercial market road,drainage,DEPT_DRAINAGE,2025-06-06T21:28:00,21,4,6,0,0,6.0,MEDIUM,0.1,0.7,0.1,0.1,1,6,41.07,0.4107,0,13.190494,80.305848,7,0,17.3,1
COMP-SLA-12236,Garbage Complaint - COMP-SLA-12236,Foul smell from uncleared waste bin near apartment entrance,garbage,DEPT_SANITATION,2025-06-28T12:09:00,12,5,6,1,0,6.0,HIGH,0.1,0.1,0.7,0.1,1,5,7.28,0.0728,0,13.189478,80.203519,9,0,16.57,1
COMP-SLA-11183,Other Complaint - COMP-SLA-11183,General inquiry regarding municipal service timing,other,DEPT_GENERAL,2025-03-15T10:24:00,10,5,3,1,0,12.0,MEDIUM,0.1,0.7,0.1,0.1,1,6,13.6,0.136,0,13.028273,80.174225,6,0,21.24,1
COMP-SLA-14023,Streetlights Complaint - COMP-SLA-14023,Live high-voltage electric wire hanging dangerously low near school,streetlights,DEPT_ELECTRICITY,2025-01-31T07:14:00,7,4,1,0,0,1.0,CRITICAL,0.1,0.1,0.1,0.7,3,12,77.21,0.7721,1,13.180171,80.152332,9,2,9.97,1
COMP-SLA-10615,Infrastructure Complaint - COMP-SLA-10615,Broken railing on canal overbridge,infrastructure,DEPT_WORKS,2025-03-27T08:17:00,8,3,3,0,1,12.0,HIGH,0.1,0.1,0.7,0.1,1,4,55.5,0.555,0,13.173395,80.197303,5,0,17.37,1
COMP-SLA-11467,Water Complaint - COMP-SLA-11467,No water supply for last 48 hours in entire neighborhood block,water,DEPT_WATER,2025-04-22T21:57:00,21,1,4,0,0,4.0,MEDIUM,0.1,0.7,0.1,0.1,1,1,17.47,0.1747,0,12.984534,80.298581,11,0,14.75,1
COMP-SLA-10402,Garbage Complaint - COMP-SLA-10402,Illegal dumping of commercial debris in public park,garbage,DEPT_SANITATION,2025-01-30T03:48:00,3,3,1,0,0,6.0,HIGH,0.1,0.1,0.7,0.1,1,6,33.74,0.3374,0,13.130373,80.121359,8,0,23.42,1
COMP-SLA-10935,Water Complaint - COMP-SLA-10935,Low water pressure in residential high-rise complex,water,DEPT_WATER,2025-02-03T10:48:00,10,0,2,0,1,4.0,MEDIUM,0.1,0.7,0.1,0.1,1,6,5.14,0.0514,0,13.170083,80.380457,7,0,0.53,0
COMP-SLA-12420,Streetlights Complaint - COMP-SLA-12420,Single street lamp bulb burnt out on quiet street,streetlights,DEPT_ELECTRICITY,2025-01-11T19:10:00,19,5,1,1,0,4.0,MEDIUM,0.1,0.7,0.1,0.1,1,6,11.16,0.1116,0,12.945008,80.32455,9,0,11.53,1
COMP-SLA-13348,Drainage Complaint - COMP-SLA-13348,Clogged storm drain causing severe waterlogging during rain,drainage,DEPT_DRAINAGE,2025-03-11T18:19:00,18,1,3,0,1,3.0,HIGH,0.1,0.1,0.7,0.1,1,2,87.5,0.875,1,13.100531,80.147659,8,0,6.23,1
COMP-SLA-12834,Infrastructure Complaint - COMP-SLA-12834,Broken railing on canal overbridge,infrastructure,DEPT_WORKS,2025-02-12T18:22:00,18,2,2,0,1,24.0,MEDIUM,0.1,0.7,0.1,0.1,1,3,8.86,0.0886,0,13.002818,80.281878,5,0,5.73,0
COMP-SLA-10727,Infrastructure Complaint - COMP-SLA-10727,Damaged bus shelter roof leaning precariously,infrastructure,DEPT_WORKS,2025-01-17T13:57:00,13,4,1,0,1,12.0,HIGH,0.1,0.1,0.7,0.1,1,6,8.58,0.0858,0,13.04173,80.317929,6,0,1.26,0
COMP-SLA-10827,Roads Complaint - COMP-SLA-10827,Deep crater formed after rains near public school gate,roads,DEPT_ROADS,2025-04-24T00:14:00,0,3,4,0,0,12.0,MEDIUM,0.1,0.7,0.1,0.1,5,15,64.65,0.6465,1,13.155643,80.348226,9,2,19.89,1
COMP-SLA-11522,Garbage Complaint - COMP-SLA-11522,Foul smell from uncleared waste bin near apartment entrance,garbage,DEPT_SANITATION,2025-06-07T13:06:00,13,5,6,1,0,12.0,MEDIUM,0.1,0.7,0.1,0.1,8,8,81.96,0.8196,1,12.935788,80.159215,9,0,43.92,1
COMP-SLA-10137,Water Complaint - COMP-SLA-10137,Main pipeline burst wasting thousands of liters of clean water,water,DEPT_WATER,2025-01-28T07:27:00,7,1,1,0,0,1.0,CRITICAL,0.1,0.1,0.1,0.7,1,3,37.6,0.376,0,13.109361,80.277889,10,1,11.97,1
COMP-SLA-10629,Infrastructure Complaint - COMP-SLA-10629,Damaged bus shelter roof leaning precariously,infrastructure,DEPT_WORKS,2025-01-22T20:28:00,20,2,1,0,0,12.0,HIGH,0.1,0.1,0.7,0.1,1,6,18.34,0.1834,0,13.153297,80.162683,6,0,14.28,1
COMP-SLA-10335,Infrastructure Complaint - COMP-SLA-10335,Damaged bus shelter roof leaning precariously,infrastructure,DEPT_WORKS,2025-05-31T03:21:00,3,5,5,1,0,12.0,HIGH,0.1,0.1,0.7,0.1,1,4,14.96,0.1496,0,13.02323,80.161636,6,0,12.31,1
COMP-SLA-10391,Infrastructure Complaint - COMP-SLA-10391,Collapsed public park boundary wall blocking walkway,infrastructure,DEPT_WORKS,2025-04-02T14:39:00,14,2,4,0,1,6.0,CRITICAL,0.1,0.1,0.1,0.7,1,3,35.4,0.354,0,13.013193,80.34062,7,2,19.56,1
COMP-SLA-13306,Drainage Complaint - COMP-SLA-13306,Slow drainage runoff on commercial market road,drainage,DEPT_DRAINAGE,2025-06-28T22:13:00,22,5,6,1,0,9.0,LOW,0.7,0.1,0.1,0.1,1,3,3.75,0.0375,0,13.08345,80.41888,7,0,12.64,1
COMP-SLA-11818,Streetlights Complaint - COMP-SLA-11818,Single street lamp bulb burnt out on quiet street,streetlights,DEPT_ELECTRICITY,2025-04-05T14:37:00,14,5,4,1,0,6.0,LOW,0.7,0.1,0.1,0.1,1,4,35.34,0.3534,0,13.135821,80.420112,9,0,18.59,1
COMP-SLA-13884,Infrastructure Complaint - COMP-SLA-13884,Broken railing on canal overbridge,infrastructure,DEPT_WORKS,2025-06-11T21:05:00,21,2,6,0,0,24.0,MEDIUM,0.1,0.7,0.1,0.1,8,8,75.35,0.7535,1,12.981758,80.407298,5,0,19.72,0
COMP-SLA-10711,Water Complaint - COMP-SLA-10711,Contaminated muddy water coming from municipal tap supply,water,DEPT_WATER,2025-04-11T08:31:00,8,4,4,0,1,2.0,HIGH,0.1,0.1,0.7,0.1,8,24,64.27,0.6427,1,13.110014,80.234039,8,0,7.03,1
COMP-SLA-11040,Water Complaint - COMP-SLA-11040,No water supply for last 48 hours in entire neighborhood block,water,DEPT_WATER,2025-04-18T16:13:00,16,4,4,0,1,2.0,HIGH,0.1,0.1,0.7,0.1,1,4,78.9,0.789,1,13.133593,80.198534,11,0,4.58,1
COMP-SLA-14115,Infrastructure Complaint - COMP-SLA-14115,Damaged bus shelter roof leaning precariously,infrastructure,DEPT_WORKS,2025-04-30T16:10:00,16,2,4,0,1,12.0,HIGH,0.1,0.1,0.7,0.1,1,5,19.4,0.194,0,13.227025,80.134141,6,0,7.72,0
COMP-SLA-13734,Garbage Complaint - COMP-SLA-13734,Foul smell from uncleared waste bin near apartment entrance,garbage,DEPT_SANITATION,2025-05-30T03:08:00,3,4,5,0,0,12.0,MEDIUM,0.1,0.7,0.1,0.1,1,4,24.15,0.2415,0,12.969085,80.386486,9,0,11.42,0
COMP-SLA-11562,Roads Complaint - COMP-SLA-11562,Road surface cracked and unpaved causing risk for two-wheelers,roads,DEPT_ROADS,2025-01-10T12:23:00,12,4,1,0,1,6.0,HIGH,0.1,0.1,0.7,0.1,1,1,67.17,0.6717,1,12.947094,80.189274,9,0,6.83,1
COMP-SLA-13963,Roads Complaint - COMP-SLA-13963,Massive pothole causing severe traffic delay near main intersection,roads,DEPT_ROADS,2025-06-19T09:00:00,9,3,6,0,1,6.0,HIGH,0.1,0.1,0.7,0.1,1,6,12.11,0.1211,0,13.156658,80.296922,9,0,0.2,0
COMP-SLA-13623,Water Complaint - COMP-SLA-13623,Main pipeline burst wasting thousands of liters of clean water,water,DEPT_WATER,2025-06-06T06:03:00,6,4,6,0,0,2.0,HIGH,0.1,0.1,0.7,0.1,1,5,40.45,0.4045,0,13.141808,80.388318,10,1,5.58,1
COMP-SLA-11113,Other Complaint - COMP-SLA-11113,Unauthorized hawker encroachment blocking shop entrance,other,DEPT_GENERAL,2025-04-07T13:06:00,13,0,4,0,1,12.0,MEDIUM,0.1,0.7,0.1,0.1,1,6,29.76,0.2976,0,12.974283,80.25327,6,1,2.13,0
COMP-SLA-12514,Roads Complaint - COMP-SLA-12514,Massive pothole causing severe traffic delay near main intersection,roads,DEPT_ROADS,2025-03-22T01:26:00,1,5,3,1,0,6.0,HIGH,0.1,0.1,0.7,0.1,1,5,58.35,0.5835,0,13.079949,80.258772,9,0,14.83,1
COMP-SLA-11224,Infrastructure Complaint - COMP-SLA-11224,Broken railing on canal overbridge,infrastructure,DEPT_WORKS,2025-04-05T19:49:00,19,5,4,1,0,12.0,HIGH,0.1,0.1,0.7,0.1,1,6,51.4,0.514,0,13.053681,80.197125,5,0,30.18,1
COMP-SLA-12868,Streetlights Complaint - COMP-SLA-12868,Flickering streetlight fixture on main road,streetlights,DEPT_ELECTRICITY,2025-06-16T06:03:00,6,0,6,0,0,4.0,MEDIUM,0.1,0.7,0.1,0.1,1,6,3.07,0.0307,0,13.119297,80.138157,6,0,8.45,1
COMP-SLA-12422,Other Complaint - COMP-SLA-12422,Unsanitary public toilet conditions in central market,other,DEPT_GENERAL,2025-05-18T08:35:00,8,6,5,1,0,3.0,CRITICAL,0.1,0.1,0.1,0.7,1,4,15.49,0.1549,0,13.034251,80.134814,7,0,6.46,1
COMP-SLA-11509,Water Complaint - COMP-SLA-11509,Contaminated muddy water coming from municipal tap supply,water,DEPT_WATER,2025-04-02T20:29:00,20,2,4,0,0,1.0,CRITICAL,0.1,0.1,0.1,0.7,1,3,64.63,0.6463,1,13.067931,80.282464,8,0,16.88,1
COMP-SLA-11751,Roads Complaint - COMP-SLA-11751,Road surface cracked and unpaved causing risk for two-wheelers,roads,DEPT_ROADS,2025-06-07T14:17:00,14,5,6,1,0,6.0,HIGH,0.1,0.1,0.7,0.1,1,6,58.33,0.5833,0,13.046834,80.144098,9,0,13.5,1
COMP-SLA-13868,Water Complaint - COMP-SLA-13868,No water supply for last 48 hours in entire neighborhood block,water,DEPT_WATER,2025-04-26T12:10:00,12,5,4,1,0,4.0,MEDIUM,0.1,0.7,0.1,0.1,1,2,4.08,0.0408,0,13.040984,80.317362,11,0,8.04,1
COMP-SLA-10339,Garbage Complaint - COMP-SLA-10339,Illegal dumping of commercial debris in public park,garbage,DEPT_SANITATION,2025-02-12T20:56:00,20,2,2,0,0,6.0,HIGH,0.1,0.1,0.7,0.1,5,15,63.65,0.6365,1,13.221624,80.367199,8,0,16.76,1
COMP-SLA-10216,Infrastructure Complaint - COMP-SLA-10216,Broken railing on canal overbridge,infrastructure,DEPT_WORKS,2025-04-17T22:35:00,22,3,4,0,0,12.0,HIGH,0.1,0.1,0.7,0.1,8,16,76.19,0.7619,1,13.206539,80.347905,5,0,23.36,1
COMP-SLA-11342,Streetlights Complaint - COMP-SLA-11342,Live high-voltage electric wire hanging dangerously low near school,streetlights,DEPT_ELECTRICITY,2025-04-03T09:53:00,9,3,4,0,1,1.0,CRITICAL,0.1,0.1,0.1,0.7,1,6,61.94,0.6194,1,12.952292,80.404482,9,2,2.94,1
COMP-SLA-13617,Streetlights Complaint - COMP-SLA-13617,Single street lamp bulb burnt out on quiet street,streetlights,DEPT_ELECTRICITY,2025-02-08T01:22:00,1,5,2,1,0,6.0,LOW,0.7,0.1,0.1,0.1,1,2,11.41,0.1141,0,13.192296,80.391174,9,0,11.1,1
COMP-SLA-14035,Garbage Complaint - COMP-SLA-14035,Uncollected garbage pile attracting stray animals near hospital gate,garbage,DEPT_SANITATION,2025-05-05T10:32:00,10,0,5,0,1,6.0,HIGH,0.1,0.1,0.7,0.1,1,6,87.57,0.8757,1,13.218621,80.136186,9,1,7.19,1
COMP-SLA-12788,Drainage Complaint - COMP-SLA-12788,Slow drainage runoff on commercial market road,drainage,DEPT_DRAINAGE,2025-01-21T03:56:00,3,1,1,0,0,6.0,MEDIUM,0.1,0.7,0.1,0.1,1,6,59.11,0.5911,0,13.167024,80.346742,7,0,7.96,1
COMP-SLA-12678,Water Complaint - COMP-SLA-12678,No water supply for last 48 hours in entire neighborhood block,water,DEPT_WATER,2025-03-23T11:32:00,11,6,3,1,0,2.0,HIGH,0.1,0.1,0.7,0.1,1,4,60.72,0.6072,1,12.947682,80.133319,11,0,13.15,1
COMP-SLA-12904,Infrastructure Complaint - COMP-SLA-12904,Collapsed public park boundary wall blocking walkway,infrastructure,DEPT_WORKS,2025-02-18T17:29:00,17,1,2,0,1,6.0,CRITICAL,0.1,0.1,0.1,0.7,1,3,33.22,0.3322,0,13.214483,80.164124,7,2,2.26,0
COMP-SLA-12323,Infrastructure Complaint - COMP-SLA-12323,Minor paint peeling on government office gate,infrastructure,DEPT_WORKS,2025-03-24T22:27:00,22,0,3,0,0,36.0,LOW,0.7,0.1,0.1,0.1,1,2,38.43,0.3843,0,13.14588,80.264048,7,0,27.77,0
COMP-SLA-12572,Garbage Complaint - COMP-SLA-12572,Minor littering near bus shelter,garbage,DEPT_SANITATION,2025-05-09T23:27:00,23,4,5,0,0,12.0,MEDIUM,0.1,0.7,0.1,0.1,1,1,39.23,0.3923,0,13.006605,80.294025,5,0,27.8,1
COMP-SLA-10102,Water Complaint - COMP-SLA-10102,Low water pressure in residential high-rise complex,water,DEPT_WATER,2025-06-23T17:10:00,17,0,6,0,1,2.0,HIGH,0.1,0.1,0.7,0.1,1,6,93.83,0.9383,1,12.954859,80.404271,7,0,9.19,1
COMP-SLA-13080,Other Complaint - COMP-SLA-13080,Noise pollution from unauthorized loudspeaker after midnight,other,DEPT_GENERAL,2025-05-24T10:48:00,10,5,5,1,0,12.0,MEDIUM,0.1,0.7,0.1,0.1,1,3,40.37,0.4037,0,13.080127,80.150993,7,0,32.63,1
COMP-SLA-10172,Water Complaint - COMP-SLA-10172,Low water pressure in residential high-rise complex,water,DEPT_WATER,2025-06-04T04:43:00,4,2,6,0,0,4.0,MEDIUM,0.1,0.7,0.1,0.1,1,1,42.17,0.4217,0,13.067677,80.231989,7,0,9.79,1
COMP-SLA-10108,Garbage Complaint - COMP-SLA-10108,Overflowing community dump bin spilling onto main road,garbage,DEPT_SANITATION,2025-05-04T09:47:00,9,6,5,1,0,3.0,CRITICAL,0.1,0.1,0.1,0.7,1,1,44.49,0.4449,0,13.193819,80.36197,8,1,8.37,1
COMP-SLA-13016,Infrastructure Complaint - COMP-SLA-13016,Broken railing on canal overbridge,infrastructure,DEPT_WORKS,2025-03-19T04:23:00,4,2,3,0,0,12.0,HIGH,0.1,0.1,0.7,0.1,1,4,52.93,0.5293,0,13.032606,80.129659,5,0,12.92,1
COMP-SLA-14193,Other Complaint - COMP-SLA-14193,Unsanitary public toilet conditions in central market,other,DEPT_GENERAL,2025-05-09T03:05:00,3,4,5,0,0,3.0,CRITICAL,0.1,0.1,0.1,0.7,8,16,72.69,0.7269,1,12.994045,80.316911,7,0,23.22,1
COMP-SLA-13155,Streetlights Complaint - COMP-SLA-13155,Live high-voltage electric wire hanging dangerously low near school,streetlights,DEPT_ELECTRICITY,2025-05-28T05:40:00,5,2,5,0,0,2.0,HIGH,0.1,0.1,0.7,0.1,1,4,13.23,0.1323,0,13.008524,80.311948,9,2,7.05,1
COMP-SLA-13110,Drainage Complaint - COMP-SLA-13110,Open manhole cover on main sidewalk presents fatal hazard,drainage,DEPT_DRAINAGE,2025-01-19T00:53:00,0,6,1,1,0,3.0,HIGH,0.1,0.1,0.7,0.1,1,4,40.53,0.4053,0,13.048292,80.187944,9,2,9.5,1
COMP-SLA-14113,Water Complaint - COMP-SLA-14113,Minor leak near public water standpost,water,DEPT_WATER,2025-05-05T23:26:00,23,0,5,0,0,6.0,LOW,0.7,0.1,0.1,0.1,8,32,82.14,0.8214,1,13.071256,80.161348,6,0,13.33,1
COMP-SLA-12919,Other Complaint - COMP-SLA-12919,Stray dog menace near elementary school playground,other,DEPT_GENERAL,2025-01-29T16:13:00,16,2,1,0,1,6.0,HIGH,0.1,0.1,0.7,0.1,1,5,3.96,0.0396,0,12.978979,80.232755,7,1,2.31,0
COMP-SLA-12878,Roads Complaint - COMP-SLA-12878,Road surface cracked and unpaved causing risk for two-wheelers,roads,DEPT_ROADS,2025-04-19T09:54:00,9,5,4,1,0,3.0,CRITICAL,0.1,0.1,0.1,0.7,1,2,45.71,0.4571,0,12.937905,80.204172,9,0,10.71,1
COMP-SLA-13228,Roads Complaint - COMP-SLA-13228,Road surface cracked and unpaved causing risk for two-wheelers,roads,DEPT_ROADS,2025-05-30T16:12:00,16,4,5,0,1,3.0,CRITICAL,0.1,0.1,0.1,0.7,1,2,72.29,0.7229,1,13.20197,80.384735,9,0,6.26,1
COMP-SLA-13350,Water Complaint - COMP-SLA-13350,Contaminated muddy water coming from municipal tap supply,water,DEPT_WATER,2025-04-02T12:42:00,12,2,4,0,1,1.0,CRITICAL,0.1,0.1,0.1,0.7,1,2,11.85,0.1185,0,13.080283,80.418764,8,0,0.2,0
COMP-SLA-13706,Garbage Complaint - COMP-SLA-13706,Foul smell from uncleared waste bin near apartment entrance,garbage,DEPT_SANITATION,2025-06-28T16:55:00,16,5,6,1,0,6.0,HIGH,0.1,0.1,0.7,0.1,1,2,55.84,0.5584,0,13.09039,80.412314,9,0,19.52,1
COMP-SLA-11041,Streetlights Complaint - COMP-SLA-11041,Sparking electrical transformer near residential area,streetlights,DEPT_ELECTRICITY,2025-02-20T11:26:00,11,3,2,0,1,4.0,MEDIUM,0.1,0.7,0.1,0.1,5,20,74.47,0.7447,1,13.077188,80.281352,6,1,10.07,1
COMP-SLA-14024,Infrastructure Complaint - COMP-SLA-14024,Broken railing on canal overbridge,infrastructure,DEPT_WORKS,2025-04-26T15:04:00,15,5,4,1,0,12.0,HIGH,0.1,0.1,0.7,0.1,8,48,74.31,0.7431,1,13.110575,80.416961,5,0,33.97,1
COMP-SLA-12121,Other Complaint - COMP-SLA-12121,Noise pollution from unauthorized loudspeaker after midnight,other,DEPT_GENERAL,2025-06-04T05:42:00,5,2,6,0,0,12.0,MEDIUM,0.1,0.7,0.1,0.1,1,2,83.2,0.832,1,13.124703,80.362561,7,0,26.18,1
COMP-SLA-11525,Infrastructure Complaint - COMP-SLA-11525,Pedestrian footbridge concrete pillar showing structural cracks,infrastructure,DEPT_WORKS,2025-05-04T15:15:00,15,6,5,1,0,12.0,HIGH,0.1,0.1,0.7,0.1,1,4,76.65,0.7665,1,12.934408,80.353422,7,0,13.12,1
COMP-SLA-13685,Garbage Complaint - COMP-SLA-13685,Overflowing community dump bin spilling onto main road,garbage,DEPT_SANITATION,2025-01-27T00:34:00,0,0,1,0,0,6.0,HIGH,0.1,0.1,0.7,0.1,1,4,22.87,0.2287,0,13.083861,80.169292,8,1,16.07,1
COMP-SLA-12249,Drainage Complaint - COMP-SLA-12249,Clogged storm drain causing severe waterlogging during rain,drainage,DEPT_DRAINAGE,2025-06-26T15:47:00,15,3,6,0,1,3.0,HIGH,0.1,0.1,0.7,0.1,3,12,72.38,0.7238,1,12.96237,80.367491,8,0,4.19,1
COMP-SLA-10482,Infrastructure Complaint - COMP-SLA-10482,Damaged bus shelter roof leaning precariously,infrastructure,DEPT_WORKS,2025-03-18T08:35:00,8,1,3,0,1,12.0,HIGH,0.1,0.1,0.7,0.1,1,2,9.4,0.094,0,13.190251,80.135013,6,0,10.0,0
COMP-SLA-13057,Streetlights Complaint - COMP-SLA-13057,Live high-voltage electric wire hanging dangerously low near school,streetlights,DEPT_ELECTRICITY,2025-03-05T00:59:00,0,2,3,0,0,2.0,HIGH,0.1,0.1,0.7,0.1,1,6,23.61,0.2361,0,13.077121,80.20387,9,2,7.38,1
COMP-SLA-13263,Roads Complaint - COMP-SLA-13263,Road surface cracked and unpaved causing risk for two-wheelers,roads,DEPT_ROADS,2025-06-22T05:51:00,5,6,6,1,0,3.0,CRITICAL,0.1,0.1,0.1,0.7,2,2,71.29,0.7129,1,13.198186,80.31587,9,0,16.32,1
COMP-SLA-11763,Infrastructure Complaint - COMP-SLA-11763,Minor paint peeling on government office gate,infrastructure,DEPT_WORKS,2025-06-22T16:52:00,16,6,6,1,0,36.0,LOW,0.7,0.1,0.1,0.1,1,4,10.75,0.1075,0,13.105789,80.398596,7,0,12.59,0
COMP-SLA-13514,Other Complaint - COMP-SLA-13514,Unauthorized hawker encroachment blocking shop entrance,other,DEPT_GENERAL,2025-03-29T00:51:00,0,5,3,1,0,12.0,MEDIUM,0.1,0.7,0.1,0.1,5,10,73.01,0.7301,1,13.206085,80.321304,6,1,28.35,1
COMP-SLA-13656,Drainage Complaint - COMP-SLA-13656,Overflowing sewage line flooding residential street and homes,drainage,DEPT_DRAINAGE,2025-04-26T09:56:00,9,5,4,1,0,3.0,HIGH,0.1,0.1,0.7,0.1,5,15,85.71,0.8571,1,12.945588,80.136192,8,2,21.03,1
COMP-SLA-12972,Water Complaint - COMP-SLA-12972,Minor leak near public water standpost,water,DEPT_WATER,2025-06-26T18:13:00,18,3,6,0,1,6.0,LOW,0.7,0.1,0.1,0.1,1,3,40.74,0.4074,0,13.066068,80.406066,6,0,0.75,0
COMP-SLA-12935,Drainage Complaint - COMP-SLA-12935,Overflowing sewage line flooding residential street and homes,drainage,DEPT_DRAINAGE,2025-02-22T12:59:00,12,5,2,1,0,1.5,CRITICAL,0.1,0.1,0.1,0.7,1,1,59.28,0.5928,0,13.141729,80.358693,8,2,6.37,1
COMP-SLA-10406,Other Complaint - COMP-SLA-10406,Unauthorized hawker encroachment blocking shop entrance,other,DEPT_GENERAL,2025-05-11T05:44:00,5,6,5,1,0,6.0,HIGH,0.1,0.1,0.7,0.1,1,4,12.2,0.122,0,13.106266,80.339848,6,1,20.06,1
COMP-SLA-10758,Drainage Complaint - COMP-SLA-10758,Open manhole cover on main sidewalk presents fatal hazard,drainage,DEPT_DRAINAGE,2025-06-02T21:00:00,21,0,6,0,0,3.0,HIGH,0.1,0.1,0.7,0.1,1,4,59.12,0.5912,0,13.031528,80.133854,9,2,8.85,1
COMP-SLA-12671,Water Complaint - COMP-SLA-12671,Low water pressure in residential high-rise complex,water,DEPT_WATER,2025-06-13T02:44:00,2,4,6,0,0,2.0,HIGH,0.1,0.1,0.7,0.1,1,6,31.88,0.3188,0,12.994754,80.123318,7,0,7.98,1
COMP-SLA-13429,Infrastructure Complaint - COMP-SLA-13429,Pedestrian footbridge concrete pillar showing structural cracks,infrastructure,DEPT_WORKS,2025-05-21T01:18:00,1,2,5,0,0,6.0,CRITICAL,0.1,0.1,0.1,0.7,1,2,8.46,0.0846,0,13.040493,80.223834,7,0,19.94,1
COMP-SLA-10098,Other Complaint - COMP-SLA-10098,Unauthorized hawker encroachment blocking shop entrance,other,DEPT_GENERAL,2025-06-08T02:15:00,2,6,6,1,0,12.0,MEDIUM,0.1,0.7,0.1,0.1,5,5,94.76,0.9476,1,13.122048,80.396979,6,1,19.15,1
COMP-SLA-11334,Water Complaint - COMP-SLA-11334,Minor leak near public water standpost,water,DEPT_WATER,2025-01-05T00:14:00,0,6,1,1,0,4.0,MEDIUM,0.1,0.7,0.1,0.1,3,18,81.28,0.8128,1,13.029415,80.165848,6,0,32.58,1
COMP-SLA-13771,Streetlights Complaint - COMP-SLA-13771,Entire street light network down making dark alley unsafe at night,streetlights,DEPT_ELECTRICITY,2025-06-28T18:08:00,18,5,6,1,0,1.0,CRITICAL,0.1,0.1,0.1,0.7,1,6,73.48,0.7348,1,13.159755,80.370804,11,0,20.6,1
COMP-SLA-13981,Streetlights Complaint - COMP-SLA-13981,Entire street light network down making dark alley unsafe at night,streetlights,DEPT_ELECTRICITY,2025-03-19T22:24:00,22,2,3,0,0,1.0,CRITICAL,0.1,0.1,0.1,0.7,1,6,12.1,0.121,0,12.994806,80.358841,11,0,7.54,1
COMP-SLA-13296,Infrastructure Complaint - COMP-SLA-13296,Damaged bus shelter roof leaning precariously,infrastructure,DEPT_WORKS,2025-01-18T19:40:00,19,5,1,1,0,24.0,MEDIUM,0.1,0.7,0.1,0.1,1,4,79.06,0.7906,1,13.14563,80.148459,6,0,11.89,0
COMP-SLA-12059,Roads Complaint - COMP-SLA-12059,Road surface cracked and unpaved causing risk for two-wheelers,roads,DEPT_ROADS,2025-03-05T06:19:00,6,2,3,0,0,6.0,HIGH,0.1,0.1,0.7,0.1,1,6,38.62,0.3862,0,13.069956,80.175633,9,0,9.5,1
COMP-SLA-13021,Water Complaint - COMP-SLA-13021,Low water pressure in residential high-rise complex,water,DEPT_WATER,2025-03-21T09:07:00,9,4,3,0,1,2.0,HIGH,0.1,0.1,0.7,0.1,3,15,72.22,0.7222,1,13.060833,80.191036,7,0,5.51,1
COMP-SLA-10149,Drainage Complaint - COMP-SLA-10149,Open manhole cover on main sidewalk presents fatal hazard,drainage,DEPT_DRAINAGE,2025-02-27T04:09:00,4,3,2,0,0,6.0,MEDIUM,0.1,0.7,0.1,0.1,1,5,9.61,0.0961,0,12.95585,80.374029,9,2,12.57,1
COMP-SLA-10029,Roads Complaint - COMP-SLA-10029,Deep crater formed after rains near public school gate,roads,DEPT_ROADS,2025-02-22T21:45:00,21,5,2,1,0,6.0,HIGH,0.1,0.1,0.7,0.1,1,6,12.43,0.1243,0,13.026955,80.200384,9,2,10.77,1
COMP-SLA-12937,Water Complaint - COMP-SLA-12937,Main pipeline burst wasting thousands of liters of clean water,water,DEPT_WATER,2025-03-24T23:56:00,23,0,3,0,0,1.0,CRITICAL,0.1,0.1,0.1,0.7,3,6,62.35,0.6235,1,13.187637,80.315402,10,1,19.71,1
COMP-SLA-12829,Roads Complaint - COMP-SLA-12829,Massive pothole causing severe traffic delay near main intersection,roads,DEPT_ROADS,2025-04-17T08:00:00,8,3,4,0,1,3.0,CRITICAL,0.1,0.1,0.1,0.7,1,4,9.79,0.0979,0,13.116507,80.293487,9,0,1.18,0
COMP-SLA-10693,Other Complaint - COMP-SLA-10693,Unsanitary public toilet conditions in central market,other,DEPT_GENERAL,2025-01-28T01:50:00,1,1,1,0,0,6.0,HIGH,0.1,0.1,0.7,0.1,1,3,44.56,0.4456,0,13.130637,80.298653,7,0,7.41,1
COMP-SLA-11387,Roads Complaint - COMP-SLA-11387,Road surface cracked and unpaved causing risk for two-wheelers,roads,DEPT_ROADS,2025-02-27T14:41:00,14,3,2,0,1,6.0,HIGH,0.1,0.1,0.7,0.1,1,1,28.2,0.282,0,13.176158,80.164313,9,0,6.24,1
COMP-SLA-11846,Streetlights Complaint - COMP-SLA-11846,Single street lamp bulb burnt out on quiet street,streetlights,DEPT_ELECTRICITY,2025-01-24T20:42:00,20,4,1,0,0,4.0,MEDIUM,0.1,0.7,0.1,0.1,5,25,84.64,0.8464,1,12.95791,80.168049,9,0,14.15,1
COMP-SLA-12942,Drainage Complaint - COMP-SLA-12942,Clogged storm drain causing severe waterlogging during rain,drainage,DEPT_DRAINAGE,2025-02-22T21:06:00,21,5,2,1,0,1.5,CRITICAL,0.1,0.1,0.1,0.7,1,5,51.44,0.5144,0,13.061533,80.203378,8,0,12.56,1
COMP-SLA-11600,Water Complaint - COMP-SLA-11600,Contaminated muddy water coming from municipal tap supply,water,DEPT_WATER,2025-01-21T01:37:00,1,1,1,0,0,2.0,HIGH,0.1,0.1,0.7,0.1,1,2,94.83,0.9483,1,13.195242,80.165004,8,0,18.07,1
COMP-SLA-13227,Other Complaint - COMP-SLA-13227,Unsanitary public toilet conditions in central market,other,DEPT_GENERAL,2025-04-07T09:30:00,9,0,4,0,1,3.0,CRITICAL,0.1,0.1,0.1,0.7,1,1,34.93,0.3493,0,13.223524,80.293869,7,0,0.58,0
COMP-SLA-10702,Drainage Complaint - COMP-SLA-10702,Overflowing sewage line flooding residential street and homes,drainage,DEPT_DRAINAGE,2025-04-12T12:44:00,12,5,4,1,0,3.0,HIGH,0.1,0.1,0.7,0.1,1,1,87.9,0.879,1,13.109867,80.151217,8,2,10.94,1
COMP-SLA-11709,Roads Complaint - COMP-SLA-11709,Massive pothole causing severe traffic delay near main intersection,roads,DEPT_ROADS,2025-05-10T11:36:00,11,5,5,1,0,6.0,HIGH,0.1,0.1,0.7,0.1,1,5,27.49,0.2749,0,13.106953,80.140152,9,0,9.88,1
COMP-SLA-10455,Other Complaint - COMP-SLA-10455,General inquiry regarding municipal service timing,other,DEPT_GENERAL,2025-06-23T20:27:00,20,0,6,0,0,18.0,LOW,0.7,0.1,0.1,0.1,1,5,4.13,0.0413,0,13.089313,80.231813,6,0,9.77,0
COMP-SLA-12041,Water Complaint - COMP-SLA-12041,Contaminated muddy water coming from municipal tap supply,water,DEPT_WATER,2025-02-20T01:37:00,1,3,2,0,0,1.0,CRITICAL,0.1,0.1,0.1,0.7,1,5,53.68,0.5368,0,13.154434,80.413215,8,0,7.2,1
COMP-SLA-13004,Roads Complaint - COMP-SLA-13004,Massive pothole causing severe traffic delay near main intersection,roads,DEPT_ROADS,2025-05-29T00:38:00,0,3,5,0,0,6.0,HIGH,0.1,0.1,0.7,0.1,1,3,36.12,0.3612,0,13.084941,80.407691,9,0,15.53,1
COMP-SLA-12316,Infrastructure Complaint - COMP-SLA-12316,Damaged bus shelter roof leaning precariously,infrastructure,DEPT_WORKS,2025-01-03T10:06:00,10,4,1,0,1,12.0,HIGH,0.1,0.1,0.7,0.1,1,5,13.26,0.1326,0,13.013972,80.336639,6,0,1.18,0
COMP-SLA-10610,Roads Complaint - COMP-SLA-10610,Massive pothole causing severe traffic delay near main intersection,roads,DEPT_ROADS,2025-06-01T23:09:00,23,6,6,1,0,6.0,HIGH,0.1,0.1,0.7,0.1,1,6,16.66,0.1666,0,13.130447,80.23163,9,0,11.29,1
COMP-SLA-10168,Other Complaint - COMP-SLA-10168,General inquiry regarding municipal service timing,other,DEPT_GENERAL,2025-01-22T23:27:00,23,2,1,0,0,12.0,MEDIUM,0.1,0.7,0.1,0.1,3,9,78.12,0.7812,1,12.956378,80.301436,6,0,11.43,0
COMP-SLA-10731,Garbage Complaint - COMP-SLA-10731,Uncollected garbage pile attracting stray animals near hospital gate,garbage,DEPT_SANITATION,2025-05-17T11:44:00,11,5,5,1,0,3.0,CRITICAL,0.1,0.1,0.1,0.7,1,6,40.26,0.4026,0,13.217313,80.215647,9,1,6.84,1
COMP-SLA-14198,Streetlights Complaint - COMP-SLA-14198,Single street lamp bulb burnt out on quiet street,streetlights,DEPT_ELECTRICITY,2025-05-01T08:26:00,8,3,5,0,1,6.0,LOW,0.7,0.1,0.1,0.1,1,5,41.28,0.4128,0,12.938613,80.140002,9,0,1.41,0
COMP-SLA-13866,Drainage Complaint - COMP-SLA-13866,Slow drainage runoff on commercial market road,drainage,DEPT_DRAINAGE,2025-05-20T23:12:00,23,1,5,0,0,9.0,LOW,0.7,0.1,0.1,0.1,1,2,60.94,0.6094,1,13.01761,80.334719,7,0,12.72,1
COMP-SLA-13194,Drainage Complaint - COMP-SLA-13194,Overflowing sewage line flooding residential street and homes,drainage,DEPT_DRAINAGE,2025-06-27T06:03:00,6,4,6,0,0,1.5,CRITICAL,0.1,0.1,0.1,0.7,1,6,9.3,0.093,0,13.231524,80.316346,8,2,12.82,1
COMP-SLA-11623,Infrastructure Complaint - COMP-SLA-11623,Pedestrian footbridge concrete pillar showing structural cracks,infrastructure,DEPT_WORKS,2025-01-05T21:59:00,21,6,1,1,0,6.0,CRITICAL,0.1,0.1,0.1,0.7,1,3,71.22,0.7122,1,13.044461,80.222318,7,0,18.6,1
COMP-SLA-10588,Other Complaint - COMP-SLA-10588,Stray dog menace near elementary school playground,other,DEPT_GENERAL,2025-04-04T12:11:00,12,4,4,0,1,3.0,CRITICAL,0.1,0.1,0.1,0.7,1,4,74.93,0.7493,1,13.142584,80.320254,7,1,5.21,1
COMP-SLA-11402,Drainage Complaint - COMP-SLA-11402,Slow drainage runoff on commercial market road,drainage,DEPT_DRAINAGE,2025-01-06T19:03:00,19,0,1,0,0,6.0,MEDIUM,0.1,0.7,0.1,0.1,1,2,35.45,0.3545,0,13.227303,80.138444,7,0,4.79,0
COMP-SLA-11701,Other Complaint - COMP-SLA-11701,Noise pollution from unauthorized loudspeaker after midnight,other,DEPT_GENERAL,2025-05-14T17:26:00,17,2,5,0,1,12.0,MEDIUM,0.1,0.7,0.1,0.1,1,1,34.85,0.3485,0,13.2149,80.133556,7,0,28.36,1
COMP-SLA-13136,Other Complaint - COMP-SLA-13136,Unsanitary public toilet conditions in central market,other,DEPT_GENERAL,2025-06-23T14:40:00,14,0,6,0,1,3.0,CRITICAL,0.1,0.1,0.1,0.7,1,3,81.33,0.8133,1,13.006204,80.418257,7,0,8.36,1
COMP-SLA-13393,Streetlights Complaint - COMP-SLA-13393,Live high-voltage electric wire hanging dangerously low near school,streetlights,DEPT_ELECTRICITY,2025-06-19T04:47:00,4,3,6,0,0,2.0,HIGH,0.1,0.1,0.7,0.1,1,6,19.38,0.1938,0,13.1747,80.261023,9,2,10.83,1
COMP-SLA-11380,Roads Complaint - COMP-SLA-11380,Road cave-in reported on highway access lane,roads,DEPT_ROADS,2025-02-14T15:54:00,15,4,2,0,1,6.0,HIGH,0.1,0.1,0.7,0.1,1,2,51.13,0.5113,0,12.959361,80.226241,7,0,3.78,0
COMP-SLA-12090,Water Complaint - COMP-SLA-12090,Minor leak near public water standpost,water,DEPT_WATER,2025-06-20T05:02:00,5,4,6,0,0,4.0,MEDIUM,0.1,0.7,0.1,0.1,3,15,63.01,0.6301,1,13.062139,80.143499,6,0,11.62,1
COMP-SLA-12176,Infrastructure Complaint - COMP-SLA-12176,Damaged bus shelter roof leaning precariously,infrastructure,DEPT_WORKS,2025-01-10T06:42:00,6,4,1,0,0,24.0,MEDIUM,0.1,0.7,0.1,0.1,1,2,46.59,0.4659,0,13.100765,80.121067,6,0,34.56,1
COMP-SLA-13096,Drainage Complaint - COMP-SLA-13096,Clogged storm drain causing severe waterlogging during rain,drainage,DEPT_DRAINAGE,2025-01-22T10:08:00,10,2,1,0,1,1.5,CRITICAL,0.1,0.1,0.1,0.7,8,24,78.77,0.7877,1,13.074791,80.30415,8,0,6.61,1
COMP-SLA-13082,Drainage Complaint - COMP-SLA-13082,Clogged storm drain causing severe waterlogging during rain,drainage,DEPT_DRAINAGE,2025-01-05T23:02:00,23,6,1,1,0,3.0,HIGH,0.1,0.1,0.7,0.1,2,6,91.33,0.9133,1,12.973111,80.279477,8,0,19.37,1
COMP-SLA-12658,Streetlights Complaint - COMP-SLA-12658,Flickering streetlight fixture on main road,streetlights,DEPT_ELECTRICITY,2025-05-16T14:32:00,14,4,5,0,1,2.0,HIGH,0.1,0.1,0.7,0.1,1,5,15.65,0.1565,0,13.020752,80.248458,6,0,2.66,1
COMP-SLA-13494,Roads Complaint - COMP-SLA-13494,Road cave-in reported on highway access lane,roads,DEPT_ROADS,2025-01-02T03:07:00,3,3,1,0,0,6.0,HIGH,0.1,0.1,0.7,0.1,1,4,58.76,0.5876,0,13.137087,80.213176,7,0,19.77,1
COMP-SLA-10442,Roads Complaint - COMP-SLA-10442,Minor tar peeling on residential side street,roads,DEPT_ROADS,2025-05-12T04:28:00,4,0,5,0,0,18.0,LOW,0.7,0.1,0.1,0.1,1,2,53.75,0.5375,0,12.980467,80.290607,7,0,65.73,1
COMP-SLA-13149,Infrastructure Complaint - COMP-SLA-13149,Collapsed public park boundary wall blocking walkway,infrastructure,DEPT_WORKS,2025-03-24T16:19:00,16,0,3,0,1,12.0,HIGH,0.1,0.1,0.7,0.1,1,3,16.64,0.1664,0,12.954438,80.359591,7,2,13.01,1
COMP-SLA-12052,Roads Complaint - COMP-SLA-12052,Road cave-in reported on highway access lane,roads,DEPT_ROADS,2025-03-28T15:51:00,15,4,3,0,1,6.0,HIGH,0.1,0.1,0.7,0.1,1,2,11.94,0.1194,0,13.108382,80.378443,7,0,2.78,0
COMP-SLA-12542,Roads Complaint - COMP-SLA-12542,Road cave-in reported on highway access lane,roads,DEPT_ROADS,2025-04-02T18:48:00,18,2,4,0,1,6.0,HIGH,0.1,0.1,0.7,0.1,2,6,65.1,0.651,1,12.980085,80.175512,7,0,12.97,1
COMP-SLA-11302,Other Complaint - COMP-SLA-11302,General inquiry regarding municipal service timing,other,DEPT_GENERAL,2025-05-03T19:57:00,19,5,5,1,0,12.0,MEDIUM,0.1,0.7,0.1,0.1,1,5,14.81,0.1481,0,12.983823,80.223964,6,0,30.26,1
COMP-SLA-13654,Other Complaint - COMP-SLA-13654,Unsanitary public toilet conditions in central market,other,DEPT_GENERAL,2025-01-29T09:00:00,9,2,1,0,1,3.0,CRITICAL,0.1,0.1,0.1,0.7,1,3,48.76,0.4876,0,13.158024,80.18562,7,0,0.39,0
COMP-SLA-11305,Garbage Complaint - COMP-SLA-11305,Foul smell from uncleared waste bin near apartment entrance,garbage,DEPT_SANITATION,2025-05-15T07:47:00,7,3,5,0,0,12.0,MEDIUM,0.1,0.7,0.1,0.1,1,1,37.86,0.3786,0,12.993459,80.319973,9,0,23.89,1
COMP-SLA-10237,Infrastructure Complaint - COMP-SLA-10237,Damaged bus shelter roof leaning precariously,infrastructure,DEPT_WORKS,2025-04-16T01:36:00,1,2,4,0,0,12.0,HIGH,0.1,0.1,0.7,0.1,1,5,1.54,0.0154,0,13.191925,80.343076,6,0,16.12,1
COMP-SLA-12600,Garbage Complaint - COMP-SLA-12600,Foul smell from uncleared waste bin near apartment entrance,garbage,DEPT_SANITATION,2025-04-30T18:34:00,18,2,4,0,1,12.0,MEDIUM,0.1,0.7,0.1,0.1,1,3,49.46,0.4946,0,13.111863,80.304775,9,0,1.21,0
COMP-SLA-10521,Garbage Complaint - COMP-SLA-10521,Illegal dumping of commercial debris in public park,garbage,DEPT_SANITATION,2025-04-16T20:27:00,20,2,4,0,0,6.0,HIGH,0.1,0.1,0.7,0.1,1,5,22.87,0.2287,0,13.180546,80.217735,8,0,9.93,1
COMP-SLA-12574,Streetlights Complaint - COMP-SLA-12574,Live high-voltage electric wire hanging dangerously low near school,streetlights,DEPT_ELECTRICITY,2025-01-25T11:55:00,11,5,1,1,0,1.0,CRITICAL,0.1,0.1,0.1,0.7,1,4,7.91,0.0791,0,13.000081,80.404602,9,2,13.42,1
COMP-SLA-10736,Roads Complaint - COMP-SLA-10736,Road cave-in reported on highway access lane,roads,DEPT_ROADS,2025-04-16T10:45:00,10,2,4,0,1,6.0,HIGH,0.1,0.1,0.7,0.1,1,2,9.54,0.0954,0,13.05941,80.396264,7,0,8.81,1
COMP-SLA-13819,Water Complaint - COMP-SLA-13819,Contaminated muddy water coming from municipal tap supply,water,DEPT_WATER,2025-06-05T08:11:00,8,3,6,0,1,2.0,HIGH,0.1,0.1,0.7,0.1,1,1,13.19,0.1319,0,13.071501,80.136001,8,0,2.41,1
COMP-SLA-12107,Other Complaint - COMP-SLA-12107,General inquiry regarding municipal service timing,other,DEPT_GENERAL,2025-02-15T12:29:00,12,5,2,1,0,12.0,MEDIUM,0.1,0.7,0.1,0.1,1,1,28.95,0.2895,0,12.964126,80.250916,6,0,20.36,1
COMP-SLA-12680,Infrastructure Complaint - COMP-SLA-12680,Pedestrian footbridge concrete pillar showing structural cracks,infrastructure,DEPT_WORKS,2025-04-29T21:06:00,21,1,4,0,0,12.0,HIGH,0.1,0.1,0.7,0.1,5,30,65.92,0.6592,1,13.05414,80.302593,7,0,21.09,1
COMP-SLA-10593,Streetlights Complaint - COMP-SLA-10593,Live high-voltage electric wire hanging dangerously low near school,streetlights,DEPT_ELECTRICITY,2025-01-30T18:38:00,18,3,1,0,1,1.0,CRITICAL,0.1,0.1,0.1,0.7,1,3,78.09,0.7809,1,13.071573,80.287226,9,2,7.88,1
COMP-SLA-11304,Drainage Complaint - COMP-SLA-11304,Overflowing sewage line flooding residential street and homes,drainage,DEPT_DRAINAGE,2025-02-27T09:13:00,9,3,2,0,1,1.5,CRITICAL,0.1,0.1,0.1,0.7,8,8,73.91,0.7391,1,12.999993,80.204195,8,2,9.14,1
COMP-SLA-11388,Drainage Complaint - COMP-SLA-11388,Slow drainage runoff on commercial market road,drainage,DEPT_DRAINAGE,2025-04-23T13:35:00,13,2,4,0,1,6.0,MEDIUM,0.1,0.7,0.1,0.1,1,5,39.17,0.3917,0,13.098068,80.291126,7,0,0.59,0
COMP-SLA-12793,Other Complaint - COMP-SLA-12793,Unsanitary public toilet conditions in central market,other,DEPT_GENERAL,2025-02-05T06:43:00,6,2,2,0,0,6.0,HIGH,0.1,0.1,0.7,0.1,5,20,90.76,0.9076,1,13.129283,80.335916,7,0,25.12,1
COMP-SLA-13190,Streetlights Complaint - COMP-SLA-13190,Flickering streetlight fixture on main road,streetlights,DEPT_ELECTRICITY,2025-05-26T03:44:00,3,0,5,0,0,2.0,HIGH,0.1,0.1,0.7,0.1,1,3,69.69,0.6969,1,13.05,80.401705,6,0,19.5,1
COMP-SLA-14009,Streetlights Complaint - COMP-SLA-14009,Sparking electrical transformer near residential area,streetlights,DEPT_ELECTRICITY,2025-01-25T04:37:00,4,5,1,1,0,4.0,MEDIUM,0.1,0.7,0.1,0.1,1,3,83.81,0.8381,1,13.172941,80.247426,6,1,14.88,1
COMP-SLA-10905,Drainage Complaint - COMP-SLA-10905,Foul stench and black water coming from open drainage pipe,drainage,DEPT_DRAINAGE,2025-06-12T22:23:00,22,3,6,0,0,3.0,HIGH,0.1,0.1,0.7,0.1,5,10,88.02,0.8802,1,13.141637,80.315972,10,0,14.03,1
COMP-SLA-13659,Streetlights Complaint - COMP-SLA-13659,Single street lamp bulb burnt out on quiet street,streetlights,DEPT_ELECTRICITY,2025-03-22T06:50:00,6,5,3,1,0,6.0,LOW,0.7,0.1,0.1,0.1,1,1,62.19,0.6219,1,12.97756,80.154804,9,0,15.02,1
COMP-SLA-11280,Infrastructure Complaint - COMP-SLA-11280,Broken railing on canal overbridge,infrastructure,DEPT_WORKS,2025-04-29T23:31:00,23,1,4,0,0,24.0,MEDIUM,0.1,0.7,0.1,0.1,1,4,63.93,0.6393,1,12.995891,80.330018,5,0,23.04,0
COMP-SLA-13443,Infrastructure Complaint - COMP-SLA-13443,Damaged bus shelter roof leaning precariously,infrastructure,DEPT_WORKS,2025-02-03T06:05:00,6,0,2,0,0,12.0,HIGH,0.1,0.1,0.7,0.1,1,2,14.06,0.1406,0,13.14774,80.164955,6,0,15.61,1
COMP-SLA-14114,Streetlights Complaint - COMP-SLA-14114,Live high-voltage electric wire hanging dangerously low near school,streetlights,DEPT_ELECTRICITY,2025-06-13T07:36:00,7,4,6,0,0,1.0,CRITICAL,0.1,0.1,0.1,0.7,1,4,94.58,0.9458,1,12.952724,80.273783,9,2,9.84,1
COMP-SLA-12309,Infrastructure Complaint - COMP-SLA-12309,Minor paint peeling on government office gate,infrastructure,DEPT_WORKS,2025-01-15T03:09:00,3,2,1,0,0,36.0,LOW,0.7,0.1,0.1,0.1,1,4,18.82,0.1882,0,13.005518,80.269624,7,0,11.64,0
COMP-SLA-13424,Roads Complaint - COMP-SLA-13424,Road surface cracked and unpaved causing risk for two-wheelers,roads,DEPT_ROADS,2025-02-03T23:02:00,23,0,2,0,0,3.0,CRITICAL,0.1,0.1,0.1,0.7,3,9,94.49,0.9449,1,13.1276,80.395755,9,0,18.09,1
COMP-SLA-13536,Roads Complaint - COMP-SLA-13536,Minor tar peeling on residential side street,roads,DEPT_ROADS,2025-04-22T08:54:00,8,1,4,0,1,18.0,LOW,0.7,0.1,0.1,0.1,3,9,90.89,0.9089,1,12.972151,80.227211,7,0,4.86,0
COMP-SLA-13415,Infrastructure Complaint - COMP-SLA-13415,Collapsed public park boundary wall blocking walkway,infrastructure,DEPT_WORKS,2025-01-28T00:04:00,0,1,1,0,0,12.0,HIGH,0.1,0.1,0.7,0.1,1,4,33.61,0.3361,0,12.988008,80.208991,7,2,17.81,1
COMP-SLA-10707,Other Complaint - COMP-SLA-10707,Unsanitary public toilet conditions in central market,other,DEPT_GENERAL,2025-04-30T06:18:00,6,2,4,0,0,3.0,CRITICAL,0.1,0.1,0.1,0.7,1,3,24.86,0.2486,0,13.131328,80.267775,7,0,12.91,1
COMP-SLA-13802,Roads Complaint - COMP-SLA-13802,Road surface cracked and unpaved causing risk for two-wheelers,roads,DEPT_ROADS,2025-05-18T13:42:00,13,6,5,1,0,3.0,CRITICAL,0.1,0.1,0.1,0.7,1,2,50.72,0.5072,0,13.007801,80.259893,9,0,13.12,1
COMP-SLA-10746,Water Complaint - COMP-SLA-10746,Low water pressure in residential high-rise complex,water,DEPT_WATER,2025-04-05T18:43:00,18,5,4,1,0,4.0,MEDIUM,0.1,0.7,0.1,0.1,1,3,44.54,0.4454,0,13.126871,80.146422,7,0,20.18,1
COMP-SLA-11940,Roads Complaint - COMP-SLA-11940,Deep crater formed after rains near public school gate,roads,DEPT_ROADS,2025-01-11T15:40:00,15,5,1,1,0,12.0,MEDIUM,0.1,0.7,0.1,0.1,3,3,63.28,0.6328,1,13.142651,80.339886,9,2,16.17,1
COMP-SLA-13335,Garbage Complaint - COMP-SLA-13335,Minor littering near bus shelter,garbage,DEPT_SANITATION,2025-06-22T13:50:00,13,6,6,1,0,12.0,MEDIUM,0.1,0.7,0.1,0.1,8,8,94.29,0.9429,1,13.059897,80.12336,5,0,34.81,1
COMP-SLA-12820,Infrastructure Complaint - COMP-SLA-12820,Broken railing on canal overbridge,infrastructure,DEPT_WORKS,2025-05-14T21:47:00,21,2,5,0,0,12.0,HIGH,0.1,0.1,0.7,0.1,1,5,4.38,0.0438,0,13.034002,80.40808,5,0,12.0,0
COMP-SLA-10514,Garbage Complaint - COMP-SLA-10514,Foul smell from uncleared waste bin near apartment entrance,garbage,DEPT_SANITATION,2025-01-29T03:33:00,3,2,1,0,0,6.0,HIGH,0.1,0.1,0.7,0.1,1,1,89.09,0.8909,1,13.130367,80.133833,9,0,19.38,1
COMP-SLA-10082,Streetlights Complaint - COMP-SLA-10082,Single street lamp bulb burnt out on quiet street,streetlights,DEPT_ELECTRICITY,2025-04-23T03:29:00,3,2,4,0,0,4.0,MEDIUM,0.1,0.7,0.1,0.1,3,15,89.55,0.8955,1,13.139303,80.33062,9,0,14.15,1
COMP-SLA-14180,Roads Complaint - COMP-SLA-14180,Road surface cracked and unpaved causing risk for two-wheelers,roads,DEPT_ROADS,2025-03-27T17:54:00,17,3,3,0,1,3.0,CRITICAL,0.1,0.1,0.1,0.7,1,3,63.23,0.6323,1,13.077332,80.135126,9,0,7.02,1
COMP-SLA-11309,Other Complaint - COMP-SLA-11309,Stray dog menace near elementary school playground,other,DEPT_GENERAL,2025-01-16T06:14:00,6,3,1,0,0,3.0,CRITICAL,0.1,0.1,0.1,0.7,1,1,45.34,0.4534,0,13.005882,80.349204,7,1,10.24,1
COMP-SLA-13578,Roads Complaint - COMP-SLA-13578,Massive pothole causing severe traffic delay near main intersection,roads,DEPT_ROADS,2025-04-15T11:40:00,11,1,4,0,1,3.0,CRITICAL,0.1,0.1,0.1,0.7,3,9,83.52,0.8352,1,12.963085,80.187839,9,0,3.71,1
COMP-SLA-10915,Streetlights Complaint - COMP-SLA-10915,Live high-voltage electric wire hanging dangerously low near school,streetlights,DEPT_ELECTRICITY,2025-05-14T00:24:00,0,2,5,0,0,2.0,HIGH,0.1,0.1,0.7,0.1,2,8,72.33,0.7233,1,13.113595,80.416769,9,2,18.32,1
COMP-SLA-13968,Infrastructure Complaint - COMP-SLA-13968,Minor paint peeling on government office gate,infrastructure,DEPT_WORKS,2025-04-18T23:15:00,23,4,4,0,0,36.0,LOW,0.7,0.1,0.1,0.1,1,5,1.34,0.0134,0,13.049103,80.2429,7,0,13.86,0
COMP-SLA-13952,Water Complaint - COMP-SLA-13952,Low water pressure in residential high-rise complex,water,DEPT_WATER,2025-02-10T03:59:00,3,0,2,0,0,2.0,HIGH,0.1,0.1,0.7,0.1,3,6,91.12,0.9112,1,13.213578,80.414274,7,0,17.4,1
COMP-SLA-10775,Streetlights Complaint - COMP-SLA-10775,Entire street light network down making dark alley unsafe at night,streetlights,DEPT_ELECTRICITY,2025-03-17T18:53:00,18,0,3,0,1,2.0,HIGH,0.1,0.1,0.7,0.1,1,6,0.75,0.0075,0,13.182852,80.135977,11,0,2.23,1
COMP-SLA-10330,Roads Complaint - COMP-SLA-10330,Deep crater formed after rains near public school gate,roads,DEPT_ROADS,2025-02-10T03:15:00,3,0,2,0,0,12.0,MEDIUM,0.1,0.7,0.1,0.1,5,5,77.55,0.7755,1,13.129759,80.200658,9,2,25.02,1
COMP-SLA-12055,Water Complaint - COMP-SLA-12055,Low water pressure in residential high-rise complex,water,DEPT_WATER,2025-04-11T11:33:00,11,4,4,0,1,2.0,HIGH,0.1,0.1,0.7,0.1,1,3,31.42,0.3142,0,13.144794,80.238182,7,0,2.66,1
COMP-SLA-12002,Other Complaint - COMP-SLA-12002,Stray dog menace near elementary school playground,other,DEPT_GENERAL,2025-01-21T11:46:00,11,1,1,0,1,6.0,HIGH,0.1,0.1,0.7,0.1,1,3,88.59,0.8859,1,13.097395,80.148413,7,1,4.13,0
COMP-SLA-10944,Infrastructure Complaint - COMP-SLA-10944,Minor paint peeling on government office gate,infrastructure,DEPT_WORKS,2025-02-23T21:57:00,21,6,2,1,0,36.0,LOW,0.7,0.1,0.1,0.1,1,5,66.05,0.6605,1,12.967898,80.379301,7,0,56.97,1
COMP-SLA-10823,Water Complaint - COMP-SLA-10823,No water supply for last 48 hours in entire neighborhood block,water,DEPT_WATER,2025-06-12T08:48:00,8,3,6,0,1,2.0,HIGH,0.1,0.1,0.7,0.1,1,3,62.92,0.6292,1,13.145026,80.202604,11,0,3.83,1
COMP-SLA-13544,Drainage Complaint - COMP-SLA-13544,Open manhole cover on main sidewalk presents fatal hazard,drainage,DEPT_DRAINAGE,2025-03-15T23:37:00,23,5,3,1,0,6.0,MEDIUM,0.1,0.7,0.1,0.1,1,5,56.63,0.5663,0,13.17637,80.195196,9,2,6.15,1
COMP-SLA-10910,Other Complaint - COMP-SLA-10910,Unauthorized hawker encroachment blocking shop entrance,other,DEPT_GENERAL,2025-01-02T05:52:00,5,3,1,0,0,6.0,HIGH,0.1,0.1,0.7,0.1,2,10,73.51,0.7351,1,13.080217,80.149761,6,1,13.9,1
COMP-SLA-12517,Water Complaint - COMP-SLA-12517,Main pipeline burst wasting thousands of liters of clean water,water,DEPT_WATER,2025-02-02T20:05:00,20,6,2,1,0,1.0,CRITICAL,0.1,0.1,0.1,0.7,5,10,64.17,0.6417,1,13.090139,80.30606,10,1,17.57,1
COMP-SLA-10182,Other Complaint - COMP-SLA-10182,Stray dog menace near elementary school playground,other,DEPT_GENERAL,2025-06-07T17:05:00,17,5,6,1,0,3.0,CRITICAL,0.1,0.1,0.1,0.7,1,2,89.45,0.8945,1,13.083472,80.171291,7,1,17.16,1
COMP-SLA-10165,Water Complaint - COMP-SLA-10165,Low water pressure in residential high-rise complex,water,DEPT_WATER,2025-03-17T06:02:00,6,0,3,0,0,4.0,MEDIUM,0.1,0.7,0.1,0.1,1,3,29.98,0.2998,0,13.170033,80.386437,7,0,9.42,1
COMP-SLA-11524,Streetlights Complaint - COMP-SLA-11524,Entire street light network down making dark alley unsafe at night,streetlights,DEPT_ELECTRICITY,2025-03-17T05:02:00,5,0,3,0,0,1.0,CRITICAL,0.1,0.1,0.1,0.7,1,2,10.42,0.1042,0,13.019786,80.220125,11,0,13.76,1
COMP-SLA-10452,Water Complaint - COMP-SLA-10452,Minor leak near public water standpost,water,DEPT_WATER,2025-05-30T05:39:00,5,4,5,0,0,6.0,LOW,0.7,0.1,0.1,0.1,1,4,68.8,0.688,1,13.130595,80.200056,6,0,15.81,1
COMP-SLA-12539,Streetlights Complaint - COMP-SLA-12539,Sparking electrical transformer near residential area,streetlights,DEPT_ELECTRICITY,2025-04-14T03:17:00,3,0,4,0,0,2.0,HIGH,0.1,0.1,0.7,0.1,1,3,20.07,0.2007,0,13.02083,80.305734,6,1,6.59,1
COMP-SLA-11312,Garbage Complaint - COMP-SLA-11312,Overflowing community dump bin spilling onto main road,garbage,DEPT_SANITATION,2025-01-01T08:48:00,8,2,1,0,1,3.0,CRITICAL,0.1,0.1,0.1,0.7,1,3,59.96,0.5996,0,13.054851,80.201923,8,1,4.73,1
COMP-SLA-11112,Infrastructure Complaint - COMP-SLA-11112,Collapsed public park boundary wall blocking walkway,infrastructure,DEPT_WORKS,2025-02-04T13:35:00,13,1,2,0,1,6.0,CRITICAL,0.1,0.1,0.1,0.7,1,6,28.25,0.2825,0,12.992557,80.212199,7,2,1.07,0
COMP-SLA-13575,Streetlights Complaint - COMP-SLA-13575,Flickering streetlight fixture on main road,streetlights,DEPT_ELECTRICITY,2025-02-12T14:02:00,14,2,2,0,1,4.0,MEDIUM,0.1,0.7,0.1,0.1,1,2,91.4,0.914,1,13.042994,80.152911,6,0,13.47,1
COMP-SLA-11288,Other Complaint - COMP-SLA-11288,Unauthorized hawker encroachment blocking shop entrance,other,DEPT_GENERAL,2025-06-12T00:39:00,0,3,6,0,0,12.0,MEDIUM,0.1,0.7,0.1,0.1,1,1,47.82,0.4782,0,12.999958,80.303612,6,1,13.62,1
COMP-SLA-12979,Water Complaint - COMP-SLA-12979,No water supply for last 48 hours in entire neighborhood block,water,DEPT_WATER,2025-05-09T12:52:00,12,4,5,0,1,4.0,MEDIUM,0.1,0.7,0.1,0.1,5,10,84.17,0.8417,1,13.104991,80.134115,11,0,9.92,1
COMP-SLA-10328,Infrastructure Complaint - COMP-SLA-10328,Minor paint peeling on government office gate,infrastructure,DEPT_WORKS,2025-04-08T22:22:00,22,1,4,0,0,36.0,LOW,0.7,0.1,0.1,0.1,1,5,32.68,0.3268,0,13.076605,80.355131,7,0,32.86,0
COMP-SLA-11791,Infrastructure Complaint - COMP-SLA-11791,Collapsed public park boundary wall blocking walkway,infrastructure,DEPT_WORKS,2025-03-16T07:01:00,7,6,3,1,0,6.0,CRITICAL,0.1,0.1,0.1,0.7,1,4,24.12,0.2412,0,13.104013,80.199011,7,2,10.8,1
COMP-SLA-12491,Infrastructure Complaint - COMP-SLA-12491,Minor paint peeling on government office gate,infrastructure,DEPT_WORKS,2025-02-05T21:27:00,21,2,2,0,0,36.0,LOW,0.7,0.1,0.1,0.1,1,2,23.84,0.2384,0,12.933027,80.335868,7,0,18.99,0
COMP-SLA-13823,Roads Complaint - COMP-SLA-13823,Massive pothole causing severe traffic delay near main intersection,roads,DEPT_ROADS,2025-02-07T14:22:00,14,4,2,0,1,6.0,HIGH,0.1,0.1,0.7,0.1,1,4,74.81,0.7481,1,13.112536,80.290908,9,0,12.89,1
COMP-SLA-12008,Infrastructure Complaint - COMP-SLA-12008,Collapsed public park boundary wall blocking walkway,infrastructure,DEPT_WORKS,2025-01-17T09:11:00,9,4,1,0,1,12.0,HIGH,0.1,0.1,0.7,0.1,1,4,89.81,0.8981,1,13.028637,80.31947,7,2,14.75,1
COMP-SLA-11859,Water Complaint - COMP-SLA-11859,No water supply for last 48 hours in entire neighborhood block,water,DEPT_WATER,2025-05-23T16:06:00,16,4,5,0,1,2.0,HIGH,0.1,0.1,0.7,0.1,1,3,66.53,0.6653,1,13.052882,80.354628,11,0,10.02,1
COMP-SLA-13793,Infrastructure Complaint - COMP-SLA-13793,Minor paint peeling on government office gate,infrastructure,DEPT_WORKS,2025-02-06T14:23:00,14,3,2,0,1,24.0,MEDIUM,0.1,0.7,0.1,0.1,1,4,15.83,0.1583,0,13.022426,80.203462,7,0,15.18,0
COMP-SLA-10313,Streetlights Complaint - COMP-SLA-10313,Single street lamp bulb burnt out on quiet street,streetlights,DEPT_ELECTRICITY,2025-04-29T11:37:00,11,1,4,0,1,6.0,LOW,0.7,0.1,0.1,0.1,5,25,73.71,0.7371,1,13.224257,80.420036,9,0,8.65,1
COMP-SLA-10833,Other Complaint - COMP-SLA-10833,Unsanitary public toilet conditions in central market,other,DEPT_GENERAL,2025-01-13T08:58:00,8,0,1,0,1,6.0,HIGH,0.1,0.1,0.7,0.1,1,2,0.49,0.0049,0,13.058719,80.255358,7,0,0.64,0
COMP-SLA-11202,Streetlights Complaint - COMP-SLA-11202,Flickering streetlight fixture on main road,streetlights,DEPT_ELECTRICITY,2025-06-30T10:58:00,10,0,6,0,1,4.0,MEDIUM,0.1,0.7,0.1,0.1,1,1,6.03,0.0603,0,13.03851,80.350504,6,0,0.2,0
COMP-SLA-13312,Roads Complaint - COMP-SLA-13312,Massive pothole causing severe traffic delay near main intersection,roads,DEPT_ROADS,2025-03-16T01:20:00,1,6,3,1,0,3.0,CRITICAL,0.1,0.1,0.1,0.7,1,2,22.72,0.2272,0,13.176642,80.129752,9,0,14.06,1
COMP-SLA-13332,Other Complaint - COMP-SLA-13332,Unsanitary public toilet conditions in central market,other,DEPT_GENERAL,2025-05-13T19:10:00,19,1,5,0,0,6.0,HIGH,0.1,0.1,0.7,0.1,1,3,74.36,0.7436,1,13.052601,80.345203,7,0,20.4,1
COMP-SLA-12135,Other Complaint - COMP-SLA-12135,Noise pollution from unauthorized loudspeaker after midnight,other,DEPT_GENERAL,2025-06-02T07:38:00,7,0,6,0,0,6.0,HIGH,0.1,0.1,0.7,0.1,8,16,80.57,0.8057,1,13.063822,80.171917,7,0,21.51,1
COMP-SLA-12210,Streetlights Complaint - COMP-SLA-12210,Sparking electrical transformer near residential area,streetlights,DEPT_ELECTRICITY,2025-01-11T16:10:00,16,5,1,1,0,2.0,HIGH,0.1,0.1,0.7,0.1,1,3,50.14,0.5014,0,12.967881,80.292925,6,1,10.13,1
COMP-SLA-13321,Garbage Complaint - COMP-SLA-13321,Illegal dumping of commercial debris in public park,garbage,DEPT_SANITATION,2025-01-08T12:21:00,12,2,1,0,1,12.0,MEDIUM,0.1,0.7,0.1,0.1,1,6,27.85,0.2785,0,13.199566,80.354195,8,0,6.68,0
COMP-SLA-11482,Streetlights Complaint - COMP-SLA-11482,Flickering streetlight fixture on main road,streetlights,DEPT_ELECTRICITY,2025-01-28T08:29:00,8,1,1,0,1,2.0,HIGH,0.1,0.1,0.7,0.1,1,2,43.07,0.4307,0,13.015485,80.332589,6,0,0.2,0
COMP-SLA-10778,Roads Complaint - COMP-SLA-10778,Road cave-in reported on highway access lane,roads,DEPT_ROADS,2025-01-30T15:39:00,15,3,1,0,1,6.0,HIGH,0.1,0.1,0.7,0.1,1,2,66.26,0.6626,1,13.214389,80.224729,7,0,9.11,1
COMP-SLA-10800,Drainage Complaint - COMP-SLA-10800,Clogged storm drain causing severe waterlogging during rain,drainage,DEPT_DRAINAGE,2025-04-16T02:05:00,2,2,4,0,0,1.5,CRITICAL,0.1,0.1,0.1,0.7,1,4,45.24,0.4524,0,12.951358,80.387253,8,0,7.47,1
COMP-SLA-10055,Infrastructure Complaint - COMP-SLA-10055,Minor paint peeling on government office gate,infrastructure,DEPT_WORKS,2025-04-17T01:13:00,1,3,4,0,0,24.0,MEDIUM,0.1,0.7,0.1,0.1,5,5,73.13,0.7313,1,13.182567,80.237543,7,0,36.99,1
COMP-SLA-11921,Garbage Complaint - COMP-SLA-11921,Illegal dumping of commercial debris in public park,garbage,DEPT_SANITATION,2025-01-27T17:22:00,17,0,1,0,1,12.0,MEDIUM,0.1,0.7,0.1,0.1,1,3,79.18,0.7918,1,13.137005,80.232555,8,0,14.6,1
COMP-SLA-13721,Water Complaint - COMP-SLA-13721,Contaminated muddy water coming from municipal tap supply,water,DEPT_WATER,2025-04-08T00:31:00,0,1,4,0,0,2.0,HIGH,0.1,0.1,0.7,0.1,1,1,61.71,0.6171,1,12.963438,80.341802,8,0,16.59,1
COMP-SLA-13161,Water Complaint - COMP-SLA-13161,Main pipeline burst wasting thousands of liters of clean water,water,DEPT_WATER,2025-06-26T17:49:00,17,3,6,0,1,1.0,CRITICAL,0.1,0.1,0.1,0.7,1,2,40.78,0.4078,0,13.00948,80.159369,10,1,0.41,0
COMP-SLA-11702,Roads Complaint - COMP-SLA-11702,Deep crater formed after rains near public school gate,roads,DEPT_ROADS,2025-05-07T12:27:00,12,2,5,0,1,12.0,MEDIUM,0.1,0.7,0.1,0.1,1,6,4.4,0.044,0,13.063311,80.35792,9,2,4.76,0
COMP-SLA-12162,Infrastructure Complaint - COMP-SLA-12162,Broken railing on canal overbridge,infrastructure,DEPT_WORKS,2025-04-05T10:09:00,10,5,4,1,0,24.0,MEDIUM,0.1,0.7,0.1,0.1,1,2,40.18,0.4018,0,13.100782,80.248268,5,0,22.51,0
COMP-SLA-14037,Streetlights Complaint - COMP-SLA-14037,Sparking electrical transformer near residential area,streetlights,DEPT_ELECTRICITY,2025-03-13T10:28:00,10,3,3,0,1,4.0,MEDIUM,0.1,0.7,0.1,0.1,8,24,82.04,0.8204,1,12.948779,80.143839,6,1,21.34,1
COMP-SLA-10988,Roads Complaint - COMP-SLA-10988,Minor tar peeling on residential side street,roads,DEPT_ROADS,2025-04-04T14:40:00,14,4,4,0,1,12.0,MEDIUM,0.1,0.7,0.1,0.1,1,4,6.43,0.0643,0,13.147898,80.393955,7,0,4.79,0
COMP-SLA-13390,Drainage Complaint - COMP-SLA-13390,Slow drainage runoff on commercial market road,drainage,DEPT_DRAINAGE,2025-03-03T21:28:00,21,0,3,0,0,6.0,MEDIUM,0.1,0.7,0.1,0.1,1,5,93.65,0.9365,1,13.021187,80.292528,7,0,20.34,1
COMP-SLA-13084,Water Complaint - COMP-SLA-13084,Minor leak near public water standpost,water,DEPT_WATER,2025-04-17T03:23:00,3,3,4,0,0,6.0,LOW,0.7,0.1,0.1,0.1,1,1,14.6,0.146,0,13.017651,80.264846,6,0,9.16,1
COMP-SLA-11395,Drainage Complaint - COMP-SLA-11395,Foul stench and black water coming from open drainage pipe,drainage,DEPT_DRAINAGE,2025-06-03T15:27:00,15,1,6,0,1,6.0,MEDIUM,0.1,0.7,0.1,0.1,1,6,93.69,0.9369,1,13.143965,80.403524,10,0,6.44,1
COMP-SLA-12638,Infrastructure Complaint - COMP-SLA-12638,Collapsed public park boundary wall blocking walkway,infrastructure,DEPT_WORKS,2025-04-06T19:14:00,19,6,4,1,0,12.0,HIGH,0.1,0.1,0.7,0.1,1,1,57.35,0.5735,0,13.079523,80.266864,7,2,16.61,1
COMP-SLA-10769,Infrastructure Complaint - COMP-SLA-10769,Damaged bus shelter roof leaning precariously,infrastructure,DEPT_WORKS,2025-05-31T23:29:00,23,5,5,1,0,12.0,HIGH,0.1,0.1,0.7,0.1,1,2,76.74,0.7674,1,13.159906,80.255684,6,0,12.1,1
COMP-SLA-13818,Garbage Complaint - COMP-SLA-13818,Illegal dumping of commercial debris in public park,garbage,DEPT_SANITATION,2025-01-25T05:58:00,5,5,1,1,0,6.0,HIGH,0.1,0.1,0.7,0.1,1,6,32.26,0.3226,0,13.04959,80.249097,8,0,13.76,1
COMP-SLA-10286,Infrastructure Complaint - COMP-SLA-10286,Collapsed public park boundary wall blocking walkway,infrastructure,DEPT_WORKS,2025-06-10T13:24:00,13,1,6,0,1,6.0,CRITICAL,0.1,0.1,0.1,0.7,1,4,83.61,0.8361,1,13.068298,80.310788,7,2,5.25,0
COMP-SLA-13795,Roads Complaint - COMP-SLA-13795,Deep crater formed after rains near public school gate,roads,DEPT_ROADS,2025-01-16T12:51:00,12,3,1,0,1,12.0,MEDIUM,0.1,0.7,0.1,0.1,2,4,81.78,0.8178,1,13.076386,80.212287,9,2,5.78,0
COMP-SLA-10429,Drainage Complaint - COMP-SLA-10429,Open manhole cover on main sidewalk presents fatal hazard,drainage,DEPT_DRAINAGE,2025-04-12T21:01:00,21,5,4,1,0,3.0,HIGH,0.1,0.1,0.7,0.1,1,4,12.96,0.1296,0,13.074896,80.28074,9,2,12.88,1
COMP-SLA-12333,Drainage Complaint - COMP-SLA-12333,Open manhole cover on main sidewalk presents fatal hazard,drainage,DEPT_DRAINAGE,2025-05-02T13:55:00,13,4,5,0,1,6.0,MEDIUM,0.1,0.7,0.1,0.1,5,15,67.33,0.6733,1,12.97164,80.205114,9,2,9.24,1
COMP-SLA-12718,Drainage Complaint - COMP-SLA-12718,Open manhole cover on main sidewalk presents fatal hazard,drainage,DEPT_DRAINAGE,2025-03-31T18:19:00,18,0,3,0,1,6.0,MEDIUM,0.1,0.7,0.1,0.1,8,32,93.23,0.9323,1,13.166643,80.388939,9,2,26.93,1
COMP-SLA-12080,Roads Complaint - COMP-SLA-12080,Road surface cracked and unpaved causing risk for two-wheelers,roads,DEPT_ROADS,2025-05-07T12:47:00,12,2,5,0,1,6.0,HIGH,0.1,0.1,0.7,0.1,1,2,43.17,0.4317,0,13.009058,80.186794,9,0,6.21,1
COMP-SLA-10723,Drainage Complaint - COMP-SLA-10723,Foul stench and black water coming from open drainage pipe,drainage,DEPT_DRAINAGE,2025-04-16T10:55:00,10,2,4,0,1,3.0,HIGH,0.1,0.1,0.7,0.1,1,4,19.34,0.1934,0,13.181764,80.140028,10,0,0.2,0
COMP-SLA-10952,Other Complaint - COMP-SLA-10952,General inquiry regarding municipal service timing,other,DEPT_GENERAL,2025-06-25T17:26:00,17,2,6,0,1,18.0,LOW,0.7,0.1,0.1,0.1,1,3,34.47,0.3447,0,12.952488,80.312753,6,0,13.78,0
COMP-SLA-13274,Streetlights Complaint - COMP-SLA-13274,Single street lamp bulb burnt out on quiet street,streetlights,DEPT_ELECTRICITY,2025-04-07T00:46:00,0,0,4,0,0,4.0,MEDIUM,0.1,0.7,0.1,0.1,2,8,94.42,0.9442,1,13.00566,80.122588,9,0,18.75,1
COMP-SLA-12263,Drainage Complaint - COMP-SLA-12263,Clogged storm drain causing severe waterlogging during rain,drainage,DEPT_DRAINAGE,2025-03-15T17:54:00,17,5,3,1,0,3.0,HIGH,0.1,0.1,0.7,0.1,1,3,2.24,0.0224,0,13.02055,80.140488,8,0,17.81,1
COMP-SLA-10990,Garbage Complaint - COMP-SLA-10990,Overflowing community dump bin spilling onto main road,garbage,DEPT_SANITATION,2025-05-07T21:34:00,21,2,5,0,0,3.0,CRITICAL,0.1,0.1,0.1,0.7,1,5,15.72,0.1572,0,13.193777,80.412162,8,1,11.43,1
COMP-SLA-14154,Garbage Complaint - COMP-SLA-14154,Uncollected garbage pile attracting stray animals near hospital gate,garbage,DEPT_SANITATION,2025-04-27T15:05:00,15,6,4,1,0,6.0,HIGH,0.1,0.1,0.7,0.1,1,3,12.34,0.1234,0,13.136083,80.128721,9,1,9.48,1
COMP-SLA-12906,Roads Complaint - COMP-SLA-12906,Minor tar peeling on residential side street,roads,DEPT_ROADS,2025-01-05T12:02:00,12,6,1,1,0,12.0,MEDIUM,0.1,0.7,0.1,0.1,8,16,75.17,0.7517,1,13.019111,80.129304,7,0,14.04,1
COMP-SLA-10327,Streetlights Complaint - COMP-SLA-10327,Live high-voltage electric wire hanging dangerously low near school,streetlights,DEPT_ELECTRICITY,2025-04-09T04:26:00,4,2,4,0,0,1.0,CRITICAL,0.1,0.1,0.1,0.7,1,6,49.95,0.4995,0,12.992537,80.386096,9,2,14.51,1
COMP-SLA-12609,Streetlights Complaint - COMP-SLA-12609,Entire street light network down making dark alley unsafe at night,streetlights,DEPT_ELECTRICITY,2025-03-14T00:34:00,0,4,3,0,0,2.0,HIGH,0.1,0.1,0.7,0.1,1,2,14.78,0.1478,0,13.016015,80.218723,11,0,9.3,1
COMP-SLA-11384,Streetlights Complaint - COMP-SLA-11384,Live high-voltage electric wire hanging dangerously low near school,streetlights,DEPT_ELECTRICITY,2025-01-24T02:45:00,2,4,1,0,0,2.0,HIGH,0.1,0.1,0.7,0.1,1,3,38.44,0.3844,0,13.112091,80.38378,9,2,5.88,1
COMP-SLA-11725,Garbage Complaint - COMP-SLA-11725,Uncollected garbage pile attracting stray animals near hospital gate,garbage,DEPT_SANITATION,2025-05-16T01:39:00,1,4,5,0,0,3.0,CRITICAL,0.1,0.1,0.1,0.7,1,1,59.84,0.5984,0,13.127186,80.144731,9,1,15.05,1
COMP-SLA-11087,Drainage Complaint - COMP-SLA-11087,Foul stench and black water coming from open drainage pipe,drainage,DEPT_DRAINAGE,2025-06-17T04:54:00,4,1,6,0,0,3.0,HIGH,0.1,0.1,0.7,0.1,1,3,20.78,0.2078,0,13.084053,80.394938,10,0,9.85,1
COMP-SLA-13460,Drainage Complaint - COMP-SLA-13460,Open manhole cover on main sidewalk presents fatal hazard,drainage,DEPT_DRAINAGE,2025-06-04T06:06:00,6,2,6,0,0,3.0,HIGH,0.1,0.1,0.7,0.1,1,2,12.95,0.1295,0,13.044125,80.34572,9,2,7.15,1
COMP-SLA-10342,Infrastructure Complaint - COMP-SLA-10342,Damaged bus shelter roof leaning precariously,infrastructure,DEPT_WORKS,2025-03-23T08:06:00,8,6,3,1,0,24.0,MEDIUM,0.1,0.7,0.1,0.1,1,6,35.67,0.3567,0,12.95496,80.171732,6,0,15.53,0
COMP-SLA-10148,Roads Complaint - COMP-SLA-10148,Road surface cracked and unpaved causing risk for two-wheelers,roads,DEPT_ROADS,2025-06-15T21:27:00,21,6,6,1,0,6.0,HIGH,0.1,0.1,0.7,0.1,1,2,29.34,0.2934,0,13.085247,80.126169,9,0,10.35,1
COMP-SLA-13347,Roads Complaint - COMP-SLA-13347,Massive pothole causing severe traffic delay near main intersection,roads,DEPT_ROADS,2025-06-24T22:39:00,22,1,6,0,0,6.0,HIGH,0.1,0.1,0.7,0.1,1,1,42.6,0.426,0,13.017861,80.317534,9,0,12.7,1
COMP-SLA-11108,Drainage Complaint - COMP-SLA-11108,Foul stench and black water coming from open drainage pipe,drainage,DEPT_DRAINAGE,2025-01-14T15:19:00,15,1,1,0,1,6.0,MEDIUM,0.1,0.7,0.1,0.1,1,3,79.24,0.7924,1,12.934227,80.226377,10,0,8.79,1
COMP-SLA-10849,Drainage Complaint - COMP-SLA-10849,Foul stench and black water coming from open drainage pipe,drainage,DEPT_DRAINAGE,2025-02-26T08:46:00,8,2,2,0,1,6.0,MEDIUM,0.1,0.7,0.1,0.1,1,2,23.37,0.2337,0,12.984985,80.37496,10,0,2.93,0
COMP-SLA-10967,Roads Complaint - COMP-SLA-10967,Deep crater formed after rains near public school gate,roads,DEPT_ROADS,2025-01-01T23:40:00,23,2,1,0,0,12.0,MEDIUM,0.1,0.7,0.1,0.1,1,6,28.96,0.2896,0,13.103353,80.185939,9,2,19.82,1
COMP-SLA-13532,Water Complaint - COMP-SLA-13532,Main pipeline burst wasting thousands of liters of clean water,water,DEPT_WATER,2025-05-13T04:51:00,4,1,5,0,0,1.0,CRITICAL,0.1,0.1,0.1,0.7,8,48,83.08,0.8308,1,13.20527,80.210987,10,1,13.74,1
COMP-SLA-12204,Infrastructure Complaint - COMP-SLA-12204,Collapsed public park boundary wall blocking walkway,infrastructure,DEPT_WORKS,2025-03-30T22:22:00,22,6,3,1,0,6.0,CRITICAL,0.1,0.1,0.1,0.7,1,2,36.32,0.3632,0,13.108004,80.225927,7,2,5.24,0
COMP-SLA-13177,Infrastructure Complaint - COMP-SLA-13177,Damaged bus shelter roof leaning precariously,infrastructure,DEPT_WORKS,2025-06-02T05:02:00,5,0,6,0,0,12.0,HIGH,0.1,0.1,0.7,0.1,1,4,53.54,0.5354,0,13.030495,80.358735,6,0,16.38,1
COMP-SLA-10662,Water Complaint - COMP-SLA-10662,Low water pressure in residential high-rise complex,water,DEPT_WATER,2025-05-09T16:53:00,16,4,5,0,1,2.0,HIGH,0.1,0.1,0.7,0.1,3,9,64.44,0.6444,1,12.969513,80.333648,7,0,10.74,1
COMP-SLA-11003,Drainage Complaint - COMP-SLA-11003,Open manhole cover on main sidewalk presents fatal hazard,drainage,DEPT_DRAINAGE,2025-03-20T10:30:00,10,3,3,0,1,6.0,MEDIUM,0.1,0.7,0.1,0.1,5,25,65.74,0.6574,1,12.979054,80.137463,9,2,15.7,1
COMP-SLA-13351,Streetlights Complaint - COMP-SLA-13351,Live high-voltage electric wire hanging dangerously low near school,streetlights,DEPT_ELECTRICITY,2025-04-17T10:24:00,10,3,4,0,1,2.0,HIGH,0.1,0.1,0.7,0.1,1,1,67.54,0.6754,1,13.014876,80.257603,9,2,4.39,1
COMP-SLA-13619,Other Complaint - COMP-SLA-13619,Unsanitary public toilet conditions in central market,other,DEPT_GENERAL,2025-04-30T23:17:00,23,2,4,0,0,3.0,CRITICAL,0.1,0.1,0.1,0.7,1,4,39.53,0.3953,0,13.196484,80.337444,7,0,9.23,1
COMP-SLA-13354,Roads Complaint - COMP-SLA-13354,Deep crater formed after rains near public school gate,roads,DEPT_ROADS,2025-03-07T08:24:00,8,4,3,0,1,6.0,HIGH,0.1,0.1,0.7,0.1,1,5,9.79,0.0979,0,13.146469,80.145218,9,2,2.97,0
COMP-SLA-13822,Other Complaint - COMP-SLA-13822,Unauthorized hawker encroachment blocking shop entrance,other,DEPT_GENERAL,2025-02-18T06:45:00,6,1,2,0,0,6.0,HIGH,0.1,0.1,0.7,0.1,3,15,78.98,0.7898,1,13.19807,80.290192,6,1,17.86,1
COMP-SLA-11880,Water Complaint - COMP-SLA-11880,Minor leak near public water standpost,water,DEPT_WATER,2025-02-20T02:11:00,2,3,2,0,0,6.0,LOW,0.7,0.1,0.1,0.1,1,1,34.04,0.3404,0,13.106052,80.385444,6,0,16.81,1
COMP-SLA-14056,Garbage Complaint - COMP-SLA-14056,Illegal dumping of commercial debris in public park,garbage,DEPT_SANITATION,2025-03-16T00:34:00,0,6,3,1,0,12.0,MEDIUM,0.1,0.7,0.1,0.1,8,32,86.81,0.8681,1,13.123398,80.256814,8,0,15.44,1
COMP-SLA-11204,Other Complaint - COMP-SLA-11204,Stray dog menace near elementary school playground,other,DEPT_GENERAL,2025-02-11T11:21:00,11,1,2,0,1,3.0,CRITICAL,0.1,0.1,0.1,0.7,1,1,23.63,0.2363,0,13.056719,80.286585,7,1,0.82,0
COMP-SLA-11991,Garbage Complaint - COMP-SLA-11991,Uncollected garbage pile attracting stray animals near hospital gate,garbage,DEPT_SANITATION,2025-01-20T02:45:00,2,0,1,0,0,6.0,HIGH,0.1,0.1,0.7,0.1,1,4,50.26,0.5026,0,13.183036,80.375202,9,1,10.37,1
COMP-SLA-10025,Water Complaint - COMP-SLA-10025,Main pipeline burst wasting thousands of liters of clean water,water,DEPT_WATER,2025-03-09T14:18:00,14,6,3,1,0,1.0,CRITICAL,0.1,0.1,0.1,0.7,3,18,94.57,0.9457,1,13.059602,80.407895,10,1,14.54,1
COMP-SLA-14046,Other Complaint - COMP-SLA-14046,Unsanitary public toilet conditions in central market,other,DEPT_GENERAL,2025-02-10T16:09:00,16,0,2,0,1,6.0,HIGH,0.1,0.1,0.7,0.1,8,40,63.44,0.6344,1,13.062028,80.177935,7,0,9.33,1
COMP-SLA-13287,Water Complaint - COMP-SLA-13287,Contaminated muddy water coming from municipal tap supply,water,DEPT_WATER,2025-01-22T04:45:00,4,2,1,0,0,2.0,HIGH,0.1,0.1,0.7,0.1,1,5,23.27,0.2327,0,12.94686,80.378536,8,0,4.98,1
COMP-SLA-13962,Other Complaint - COMP-SLA-13962,Unsanitary public toilet conditions in central market,other,DEPT_GENERAL,2025-03-03T08:44:00,8,0,3,0,1,3.0,CRITICAL,0.1,0.1,0.1,0.7,1,4,23.58,0.2358,0,13.187885,80.133568,7,0,1.05,0
COMP-SLA-13522,Roads Complaint - COMP-SLA-13522,Deep crater formed after rains near public school gate,roads,DEPT_ROADS,2025-03-16T08:39:00,8,6,3,1,0,12.0,MEDIUM,0.1,0.7,0.1,0.1,1,1,5.49,0.0549,0,12.971489,80.176111,9,2,11.21,0
COMP-SLA-10876,Roads Complaint - COMP-SLA-10876,Road cave-in reported on highway access lane,roads,DEPT_ROADS,2025-02-15T19:46:00,19,5,2,1,0,12.0,MEDIUM,0.1,0.7,0.1,0.1,5,25,62.61,0.6261,1,13.062323,80.236099,7,0,13.75,1
COMP-SLA-14063,Garbage Complaint - COMP-SLA-14063,Uncollected garbage pile attracting stray animals near hospital gate,garbage,DEPT_SANITATION,2025-02-13T19:33:00,19,3,2,0,0,3.0,CRITICAL,0.1,0.1,0.1,0.7,1,3,62.82,0.6282,1,13.045159,80.171379,9,1,19.93,1
COMP-SLA-10939,Roads Complaint - COMP-SLA-10939,Road cave-in reported on highway access lane,roads,DEPT_ROADS,2025-01-09T03:15:00,3,3,1,0,0,12.0,MEDIUM,0.1,0.7,0.1,0.1,1,2,56.63,0.5663,0,13.051693,80.211507,7,0,11.58,0
COMP-SLA-12688,Other Complaint - COMP-SLA-12688,Stray dog menace near elementary school playground,other,DEPT_GENERAL,2025-02-21T00:09:00,0,4,2,0,0,6.0,HIGH,0.1,0.1,0.7,0.1,1,4,14.97,0.1497,0,13.169308,80.222992,7,1,8.03,1
COMP-SLA-12395,Roads Complaint - COMP-SLA-12395,Massive pothole causing severe traffic delay near main intersection,roads,DEPT_ROADS,2025-04-13T04:53:00,4,6,4,1,0,3.0,CRITICAL,0.1,0.1,0.1,0.7,1,3,6.4,0.064,0,13.117782,80.344798,9,0,16.05,1
COMP-SLA-13602,Water Complaint - COMP-SLA-13602,Minor leak near public water standpost,water,DEPT_WATER,2025-05-22T21:53:00,21,3,5,0,0,6.0,LOW,0.7,0.1,0.1,0.1,5,25,87.44,0.8744,1,13.174198,80.379483,6,0,21.12,1
COMP-SLA-14184,Streetlights Complaint - COMP-SLA-14184,Entire street light network down making dark alley unsafe at night,streetlights,DEPT_ELECTRICITY,2025-02-28T11:24:00,11,4,2,0,1,1.0,CRITICAL,0.1,0.1,0.1,0.7,1,6,23.27,0.2327,0,13.059659,80.31763,11,0,0.27,0
COMP-SLA-10386,Roads Complaint - COMP-SLA-10386,Massive pothole causing severe traffic delay near main intersection,roads,DEPT_ROADS,2025-03-14T03:50:00,3,4,3,0,0,6.0,HIGH,0.1,0.1,0.7,0.1,1,3,18.98,0.1898,0,12.964579,80.180294,9,0,19.15,1
COMP-SLA-14057,Water Complaint - COMP-SLA-14057,Main pipeline burst wasting thousands of liters of clean water,water,DEPT_WATER,2025-05-11T09:33:00,9,6,5,1,0,2.0,HIGH,0.1,0.1,0.7,0.1,8,32,69.46,0.6946,1,13.060797,80.131616,10,1,24.46,1
COMP-SLA-13604,Infrastructure Complaint - COMP-SLA-13604,Minor paint peeling on government office gate,infrastructure,DEPT_WORKS,2025-05-07T23:15:00,23,2,5,0,0,36.0,LOW,0.7,0.1,0.1,0.1,1,6,22.7,0.227,0,13.223062,80.352969,7,0,12.92,0
COMP-SLA-13686,Water Complaint - COMP-SLA-13686,No water supply for last 48 hours in entire neighborhood block,water,DEPT_WATER,2025-06-22T00:01:00,0,6,6,1,0,2.0,HIGH,0.1,0.1,0.7,0.1,1,1,9.07,0.0907,0,13.003163,80.399034,11,0,7.6,1
COMP-SLA-12292,Garbage Complaint - COMP-SLA-12292,Uncollected garbage pile attracting stray animals near hospital gate,garbage,DEPT_SANITATION,2025-03-16T18:12:00,18,6,3,1,0,6.0,HIGH,0.1,0.1,0.7,0.1,1,3,43.59,0.4359,0,12.995304,80.244681,9,1,14.55,1
COMP-SLA-12992,Garbage Complaint - COMP-SLA-12992,Uncollected garbage pile attracting stray animals near hospital gate,garbage,DEPT_SANITATION,2025-06-29T00:12:00,0,6,6,1,0,3.0,CRITICAL,0.1,0.1,0.1,0.7,1,1,42.93,0.4293,0,12.942498,80.243942,9,1,16.31,1
COMP-SLA-10937,Infrastructure Complaint - COMP-SLA-10937,Collapsed public park boundary wall blocking walkway,infrastructure,DEPT_WORKS,2025-04-03T23:54:00,23,3,4,0,0,12.0,HIGH,0.1,0.1,0.7,0.1,1,4,93.91,0.9391,1,13.105405,80.324195,7,2,18.22,1
COMP-SLA-13713,Garbage Complaint - COMP-SLA-13713,Foul smell from uncleared waste bin near apartment entrance,garbage,DEPT_SANITATION,2025-05-16T18:39:00,18,4,5,0,1,6.0,HIGH,0.1,0.1,0.7,0.1,1,6,24.35,0.2435,0,13.195159,80.317881,9,0,5.15,0
COMP-SLA-12361,Drainage Complaint - COMP-SLA-12361,Open manhole cover on main sidewalk presents fatal hazard,drainage,DEPT_DRAINAGE,2025-05-28T21:57:00,21,2,5,0,0,6.0,MEDIUM,0.1,0.7,0.1,0.1,3,15,89.63,0.8963,1,13.196598,80.26307,9,2,12.84,1
COMP-SLA-10202,Infrastructure Complaint - COMP-SLA-10202,Damaged bus shelter roof leaning precariously,infrastructure,DEPT_WORKS,2025-02-27T09:49:00,9,3,2,0,1,12.0,HIGH,0.1,0.1,0.7,0.1,1,4,66.97,0.6697,1,13.019401,80.182883,6,0,4.83,0
COMP-SLA-11333,Garbage Complaint - COMP-SLA-11333,Illegal dumping of commercial debris in public park,garbage,DEPT_SANITATION,2025-05-16T22:47:00,22,4,5,0,0,6.0,HIGH,0.1,0.1,0.7,0.1,1,5,2.04,0.0204,0,13.178763,80.250419,8,0,8.03,1
COMP-SLA-12709,Other Complaint - COMP-SLA-12709,General inquiry regarding municipal service timing,other,DEPT_GENERAL,2025-03-09T18:57:00,18,6,3,1,0,12.0,MEDIUM,0.1,0.7,0.1,0.1,1,1,63.63,0.6363,1,12.982634,80.336881,6,0,6.75,0
COMP-SLA-11935,Garbage Complaint - COMP-SLA-11935,Overflowing community dump bin spilling onto main road,garbage,DEPT_SANITATION,2025-02-08T13:33:00,13,5,2,1,0,3.0,CRITICAL,0.1,0.1,0.1,0.7,2,2,93.01,0.9301,1,12.950843,80.379313,8,1,18.51,1
COMP-SLA-10936,Streetlights Complaint - COMP-SLA-10936,Sparking electrical transformer near residential area,streetlights,DEPT_ELECTRICITY,2025-06-17T05:36:00,5,1,6,0,0,2.0,HIGH,0.1,0.1,0.7,0.1,1,2,27.65,0.2765,0,12.973968,80.329487,6,1,6.54,1
COMP-SLA-12419,Water Complaint - COMP-SLA-12419,Low water pressure in residential high-rise complex,water,DEPT_WATER,2025-03-09T00:32:00,0,6,3,1,0,2.0,HIGH,0.1,0.1,0.7,0.1,8,32,72.4,0.724,1,13.205065,80.390701,7,0,18.81,1
COMP-SLA-10567,Other Complaint - COMP-SLA-10567,Stray dog menace near elementary school playground,other,DEPT_GENERAL,2025-01-28T18:46:00,18,1,1,0,1,6.0,HIGH,0.1,0.1,0.7,0.1,1,6,8.33,0.0833,0,13.226505,80.279384,7,1,2.09,0
COMP-SLA-11855,Other Complaint - COMP-SLA-11855,General inquiry regarding municipal service timing,other,DEPT_GENERAL,2025-06-07T01:56:00,1,5,6,1,0,18.0,LOW,0.7,0.1,0.1,0.1,1,2,37.54,0.3754,0,13.063472,80.416204,6,0,45.56,1
COMP-SLA-12873,Garbage Complaint - COMP-SLA-12873,Minor littering near bus shelter,garbage,DEPT_SANITATION,2025-03-22T02:05:00,2,5,3,1,0,12.0,MEDIUM,0.1,0.7,0.1,0.1,1,2,30.24,0.3024,0,13.096986,80.325554,5,0,30.23,1
COMP-SLA-13473,Roads Complaint - COMP-SLA-13473,Massive pothole causing severe traffic delay near main intersection,roads,DEPT_ROADS,2025-06-25T20:34:00,20,2,6,0,0,6.0,HIGH,0.1,0.1,0.7,0.1,8,40,88.15,0.8815,1,12.970818,80.295009,9,0,21.52,1
COMP-SLA-12468,Water Complaint - COMP-SLA-12468,Minor leak near public water standpost,water,DEPT_WATER,2025-02-06T13:49:00,13,3,2,0,1,6.0,LOW,0.7,0.1,0.1,0.1,1,6,12.12,0.1212,0,13.194418,80.20968,6,0,0.2,0
COMP-SLA-11646,Roads Complaint - COMP-SLA-11646,Minor tar peeling on residential side street,roads,DEPT_ROADS,2025-01-29T08:46:00,8,2,1,0,1,18.0,LOW,0.7,0.1,0.1,0.1,1,6,9.39,0.0939,0,13.04395,80.197143,7,0,17.74,0
COMP-SLA-13748,Garbage Complaint - COMP-SLA-13748,Foul smell from uncleared waste bin near apartment entrance,garbage,DEPT_SANITATION,2025-02-04T22:28:00,22,1,2,0,0,12.0,MEDIUM,0.1,0.7,0.1,0.1,1,6,39.73,0.3973,0,13.088709,80.185485,9,0,14.23,1
COMP-SLA-12862,Infrastructure Complaint - COMP-SLA-12862,Broken railing on canal overbridge,infrastructure,DEPT_WORKS,2025-04-20T05:43:00,5,6,4,1,0,12.0,HIGH,0.1,0.1,0.7,0.1,1,4,23.28,0.2328,0,13.056743,80.161471,5,0,11.23,0
COMP-SLA-11793,Roads Complaint - COMP-SLA-11793,Massive pothole causing severe traffic delay near main intersection,roads,DEPT_ROADS,2025-01-15T10:15:00,10,2,1,0,1,6.0,HIGH,0.1,0.1,0.7,0.1,2,12,72.18,0.7218,1,13.132716,80.299469,9,0,5.69,0
COMP-SLA-11431,Garbage Complaint - COMP-SLA-11431,Overflowing community dump bin spilling onto main road,garbage,DEPT_SANITATION,2025-05-18T11:14:00,11,6,5,1,0,3.0,CRITICAL,0.1,0.1,0.1,0.7,1,4,16.56,0.1656,0,12.976022,80.311828,8,1,15.27,1
COMP-SLA-12827,Infrastructure Complaint - COMP-SLA-12827,Collapsed public park boundary wall blocking walkway,infrastructure,DEPT_WORKS,2025-05-22T08:09:00,8,3,5,0,1,6.0,CRITICAL,0.1,0.1,0.1,0.7,1,3,14.95,0.1495,0,13.133521,80.321146,7,2,5.48,0
COMP-SLA-13319,Roads Complaint - COMP-SLA-13319,Road surface cracked and unpaved causing risk for two-wheelers,roads,DEPT_ROADS,2025-01-16T00:31:00,0,3,1,0,0,3.0,CRITICAL,0.1,0.1,0.1,0.7,1,1,49.68,0.4968,0,12.965128,80.325056,9,0,15.24,1
COMP-SLA-11014,Infrastructure Complaint - COMP-SLA-11014,Damaged bus shelter roof leaning precariously,infrastructure,DEPT_WORKS,2025-03-17T14:09:00,14,0,3,0,1,24.0,MEDIUM,0.1,0.7,0.1,0.1,2,4,88.48,0.8848,1,13.183276,80.28615,6,0,3.94,0
COMP-SLA-11929,Water Complaint - COMP-SLA-11929,Contaminated muddy water coming from municipal tap supply,water,DEPT_WATER,2025-01-09T14:04:00,14,3,1,0,1,2.0,HIGH,0.1,0.1,0.7,0.1,1,4,64.65,0.6465,1,13.175599,80.298795,8,0,4.98,1
COMP-SLA-13531,Garbage Complaint - COMP-SLA-13531,Illegal dumping of commercial debris in public park,garbage,DEPT_SANITATION,2025-01-06T09:08:00,9,0,1,0,1,12.0,MEDIUM,0.1,0.7,0.1,0.1,1,6,50.51,0.5051,0,12.992843,80.31999,8,0,2.74,0
COMP-SLA-10127,Roads Complaint - COMP-SLA-10127,Road cave-in reported on highway access lane,roads,DEPT_ROADS,2025-01-28T11:54:00,11,1,1,0,1,12.0,MEDIUM,0.1,0.7,0.1,0.1,1,2,26.46,0.2646,0,13.09958,80.155166,7,0,14.31,1
COMP-SLA-12999,Garbage Complaint - COMP-SLA-12999,Illegal dumping of commercial debris in public park,garbage,DEPT_SANITATION,2025-05-17T01:37:00,1,5,5,1,0,6.0,HIGH,0.1,0.1,0.7,0.1,1,2,41.68,0.4168,0,13.023741,80.382674,8,0,13.88,1
COMP-SLA-11348,Water Complaint - COMP-SLA-11348,Low water pressure in residential high-rise complex,water,DEPT_WATER,2025-02-10T03:00:00,3,0,2,0,0,4.0,MEDIUM,0.1,0.7,0.1,0.1,1,1,39.89,0.3989,0,13.0373,80.18751,7,0,6.42,1
COMP-SLA-10356,Infrastructure Complaint - COMP-SLA-10356,Collapsed public park boundary wall blocking walkway,infrastructure,DEPT_WORKS,2025-04-14T04:39:00,4,0,4,0,0,6.0,CRITICAL,0.1,0.1,0.1,0.7,1,3,3.68,0.0368,0,13.115297,80.328798,7,2,15.22,1
COMP-SLA-12731,Roads Complaint - COMP-SLA-12731,Massive pothole causing severe traffic delay near main intersection,roads,DEPT_ROADS,2025-01-21T20:07:00,20,1,1,0,0,3.0,CRITICAL,0.1,0.1,0.1,0.7,1,1,40.71,0.4071,0,13.185154,80.213211,9,0,15.62,1
COMP-SLA-10828,Drainage Complaint - COMP-SLA-10828,Clogged storm drain causing severe waterlogging during rain,drainage,DEPT_DRAINAGE,2025-05-07T11:02:00,11,2,5,0,1,3.0,HIGH,0.1,0.1,0.7,0.1,1,1,67.16,0.6716,1,13.016927,80.392052,8,0,4.07,1
COMP-SLA-11640,Drainage Complaint - COMP-SLA-11640,Overflowing sewage line flooding residential street and homes,drainage,DEPT_DRAINAGE,2025-03-25T13:24:00,13,1,3,0,1,1.5,CRITICAL,0.1,0.1,0.1,0.7,1,2,42.12,0.4212,0,13.130556,80.324794,8,2,2.75,1
COMP-SLA-10985,Streetlights Complaint - COMP-SLA-10985,Sparking electrical transformer near residential area,streetlights,DEPT_ELECTRICITY,2025-05-30T12:05:00,12,4,5,0,1,4.0,MEDIUM,0.1,0.7,0.1,0.1,1,1,70.55,0.7055,1,13.198858,80.159846,6,1,9.17,1
COMP-SLA-12189,Streetlights Complaint - COMP-SLA-12189,Single street lamp bulb burnt out on quiet street,streetlights,DEPT_ELECTRICITY,2025-02-08T23:24:00,23,5,2,1,0,4.0,MEDIUM,0.1,0.7,0.1,0.1,1,2,54.56,0.5456,0,13.227589,80.380365,9,0,10.18,1
COMP-SLA-13667,Infrastructure Complaint - COMP-SLA-13667,Damaged bus shelter roof leaning precariously,infrastructure,DEPT_WORKS,2025-01-05T22:43:00,22,6,1,1,0,24.0,MEDIUM,0.1,0.7,0.1,0.1,2,4,67.9,0.679,1,13.177013,80.346998,6,0,42.31,1
COMP-SLA-12444,Roads Complaint - COMP-SLA-12444,Deep crater formed after rains near public school gate,roads,DEPT_ROADS,2025-05-30T01:20:00,1,4,5,0,0,6.0,HIGH,0.1,0.1,0.7,0.1,1,6,88.69,0.8869,1,13.149505,80.157632,9,2,26.68,1
COMP-SLA-10363,Infrastructure Complaint - COMP-SLA-10363,Broken railing on canal overbridge,infrastructure,DEPT_WORKS,2025-02-15T15:37:00,15,5,2,1,0,12.0,HIGH,0.1,0.1,0.7,0.1,1,6,79.58,0.7958,1,13.0981,80.223975,5,0,20.0,1
COMP-SLA-12350,Streetlights Complaint - COMP-SLA-12350,Flickering streetlight fixture on main road,streetlights,DEPT_ELECTRICITY,2025-04-05T21:19:00,21,5,4,1,0,4.0,MEDIUM,0.1,0.7,0.1,0.1,1,5,35.41,0.3541,0,13.19738,80.146838,6,0,11.49,1
COMP-SLA-10346,Garbage Complaint - COMP-SLA-10346,Illegal dumping of commercial debris in public park,garbage,DEPT_SANITATION,2025-02-21T03:01:00,3,4,2,0,0,6.0,HIGH,0.1,0.1,0.7,0.1,2,2,92.82,0.9282,1,12.994786,80.312157,8,0,15.49,1
COMP-SLA-12950,Garbage Complaint - COMP-SLA-12950,Illegal dumping of commercial debris in public park,garbage,DEPT_SANITATION,2025-02-24T19:42:00,19,0,2,0,0,6.0,HIGH,0.1,0.1,0.7,0.1,1,3,13.73,0.1373,0,13.026922,80.192036,8,0,25.02,1
COMP-SLA-13657,Garbage Complaint - COMP-SLA-13657,Minor littering near bus shelter,garbage,DEPT_SANITATION,2025-04-14T11:39:00,11,0,4,0,1,12.0,MEDIUM,0.1,0.7,0.1,0.1,1,4,51.53,0.5153,0,13.021889,80.142931,5,0,3.5,0
COMP-SLA-10712,Streetlights Complaint - COMP-SLA-10712,Live high-voltage electric wire hanging dangerously low near school,streetlights,DEPT_ELECTRICITY,2025-04-04T11:51:00,11,4,4,0,1,2.0,HIGH,0.1,0.1,0.7,0.1,1,4,84.68,0.8468,1,13.155317,80.12877,9,2,3.85,1
COMP-SLA-12965,Water Complaint - COMP-SLA-12965,Contaminated muddy water coming from municipal tap supply,water,DEPT_WATER,2025-06-20T01:58:00,1,4,6,0,0,2.0,HIGH,0.1,0.1,0.7,0.1,8,48,76.44,0.7644,1,13.069583,80.336975,8,0,19.53,1
COMP-SLA-13957,Drainage Complaint - COMP-SLA-13957,Slow drainage runoff on commercial market road,drainage,DEPT_DRAINAGE,2025-03-22T12:42:00,12,5,3,1,0,6.0,MEDIUM,0.1,0.7,0.1,0.1,1,3,41.09,0.4109,0,13.232632,80.420231,7,0,16.41,1
COMP-SLA-12955,Roads Complaint - COMP-SLA-12955,Road surface cracked and unpaved causing risk for two-wheelers,roads,DEPT_ROADS,2025-02-01T17:22:00,17,5,2,1,0,3.0,CRITICAL,0.1,0.1,0.1,0.7,3,18,94.5,0.945,1,13.146793,80.292272,9,0,19.13,1
COMP-SLA-10011,Water Complaint - COMP-SLA-10011,Main pipeline burst wasting thousands of liters of clean water,water,DEPT_WATER,2025-02-09T20:10:00,20,6,2,1,0,2.0,HIGH,0.1,0.1,0.7,0.1,1,4,6.04,0.0604,0,13.170324,80.247348,10,1,9.99,1
COMP-SLA-13461,Garbage Complaint - COMP-SLA-13461,Uncollected garbage pile attracting stray animals near hospital gate,garbage,DEPT_SANITATION,2025-03-17T22:57:00,22,0,3,0,0,3.0,CRITICAL,0.1,0.1,0.1,0.7,1,1,90.7,0.907,1,13.21487,80.197777,9,1,13.76,1
COMP-SLA-12117,Garbage Complaint - COMP-SLA-12117,Minor littering near bus shelter,garbage,DEPT_SANITATION,2025-01-17T14:36:00,14,4,1,0,1,12.0,MEDIUM,0.1,0.7,0.1,0.1,1,5,53.43,0.5343,0,13.118321,80.266029,5,0,4.88,0
COMP-SLA-11835,Roads Complaint - COMP-SLA-11835,Road cave-in reported on highway access lane,roads,DEPT_ROADS,2025-01-26T04:13:00,4,6,1,1,0,6.0,HIGH,0.1,0.1,0.7,0.1,1,5,46.08,0.4608,0,13.078187,80.406464,7,0,13.68,1
COMP-SLA-10794,Garbage Complaint - COMP-SLA-10794,Overflowing community dump bin spilling onto main road,garbage,DEPT_SANITATION,2025-01-22T01:34:00,1,2,1,0,0,3.0,CRITICAL,0.1,0.1,0.1,0.7,1,5,70.3,0.703,1,13.033048,80.33823,8,1,19.61,1
COMP-SLA-13973,Water Complaint - COMP-SLA-13973,Low water pressure in residential high-rise complex,water,DEPT_WATER,2025-01-22T18:27:00,18,2,1,0,1,4.0,MEDIUM,0.1,0.7,0.1,0.1,1,6,15.39,0.1539,0,13.211614,80.138237,7,0,0.9,0
COMP-SLA-12803,Garbage Complaint - COMP-SLA-12803,Foul smell from uncleared waste bin near apartment entrance,garbage,DEPT_SANITATION,2025-06-16T01:54:00,1,0,6,0,0,6.0,HIGH,0.1,0.1,0.7,0.1,1,5,42.58,0.4258,0,13.180915,80.2211,9,0,23.37,1
COMP-SLA-12675,Roads Complaint - COMP-SLA-12675,Minor tar peeling on residential side street,roads,DEPT_ROADS,2025-05-19T01:13:00,1,0,5,0,0,18.0,LOW,0.7,0.1,0.1,0.1,1,6,54.82,0.5482,0,13.218198,80.340825,7,0,39.19,1
