nyc_unique_key,department_id,latitude,longitude
47126653,other,40.679380944516396,-73.97750990785352
47126716,other,40.749738814873275,-73.86392075362768
47129093,other,40.85543761678919,-73.86102948350951
47138679,other,40.72755806049499,-73.98339263638682
47137398,other,40.78524838592194,-73.85125636337523
47138758,other,40.76273786113961,-73.79990228133185
47143788,other,40.78298207830508,-73.84770102751705
47149332,other,40.70989005283057,-73.80620363885383
47143760,other,40.599221417179955,-73.97375584921015
47145549,other,40.63491337202184,-74.01906312679094
47152346,other,40.71286952752817,-73.74621150951677
47156780,other,40.636291874955305,-73.98513758794827
47156891,other,40.720049315129565,-73.91253525270992
47152305,other,40.75655019855411,-73.93501430838442
47165673,other,40.89187241649303,-73.86016845296459
47166548,other,40.89187241649303,-73.86016845296459
47166873,other,40.89187241649303,-73.86016845296459
47164125,other,40.89187241649303,-73.86016845296459
47166695,other,40.6265134245421,-74.02385202753716
47195777,other,40.659781872371006,-73.98626409766071
47188582,other,40.78010735232188,-73.80841129111923
47201295,other,40.661652699249636,-73.85411270159479
47207987,other,40.757832021534014,-73.89429693943256
47212922,other,40.63207683849492,-74.00083944806622
47210233,other,40.61281008638631,-73.98434322928031
47212829,other,40.73489997702878,-73.98140982727972
47214311,other,40.71182269323661,-73.82892274681376
47206892,other,40.66780724182677,-73.98350123601504
47221719,other,40.684530626041415,-73.77714388441903
47225583,other,40.60855663908134,-73.99565297489265
47215927,other,40.75603997888627,-73.77852530594812
47218379,other,40.77709505617554,-73.98210211990181
47220175,other,40.694327621432066,-73.78481749424485
47229760,other,40.677380612823356,-73.98087426100307
47228194,other,40.719039970954036,-73.90315711814816
47230662,other,40.77709392958894,-73.90617422028281
47232459,other,40.74496925333273,-73.90937363071198
47226684,other,40.636311899885726,-74.02579755230332
47228136,other,40.87388457888655,-73.84577165516419
47225360,other,40.671396056203065,-73.95702592194469
47240698,other,40.61457928418196,-74.02279602685425
47256694,other,40.60996469060479,-73.99496137829729
47252307,other,40.703780825426016,-73.89880080134249
47256629,other,40.77498359464306,-73.77961767020726
47260141,other,40.790001913232274,-73.81329062277533
47264069,other,40.71419312799633,-73.76191958190476
47265250,other,40.76343186642372,-73.87063605320724
47265129,other,40.765659849933286,-73.93474188912164
47266380,other,40.78027187244948,-73.79399646840366
47262189,other,40.767763681366404,-73.77897729705822
47269780,other,40.588575738800806,-73.96840258606117
47278504,other,40.766807279766354,-73.91042332604653
47275540,other,40.746524609577655,-73.8894644200877
47284311,other,40.621456433725136,-73.98630440457936
47284399,other,40.66537688669921,-73.95051271829647
47287299,other,40.686447650599895,-73.94852114638586
47279416,other,40.67131746232102,-73.79497466917825
47279040,other,40.7626009687058,-73.92378540328956
47290434,other,40.73237284307718,-73.98715840154463
47296213,other,40.65899422917038,-73.9051112830313
47288455,other,40.772369415394685,-73.95489924128171
47290941,roads,40.75910771318395,-73.93895716420104
47294732,other,40.755899512320184,-73.89112727208484
47293117,water,40.87023400587434,-73.90060480716431
47292163,other,40.67936378908857,-73.79729701185283
47328312,other,40.703855861032295,-73.83161933907259
47330226,other,40.61182814257529,-73.99072925353124
47327757,other,40.74585194358107,-73.85910354189689
47332450,other,40.74026191933017,-74.00371328164917
47339096,other,40.68490825699926,-73.76959239573708
47340528,other,40.73212376464248,-74.00224068637382
47337097,other,40.66893925791341,-73.81361870008895
47334029,other,40.646220724862424,-74.00006486381228
47334071,other,40.786285113187986,-73.83649535283995
47340558,other,40.70318412878659,-73.90729170588125
47341829,other,40.76994842518585,-73.91943026415387
47349271,other,40.677300838992295,-73.97984679487281
47342800,other,40.615217247087344,-74.0158266232739
47346361,other,40.74548794274321,-73.9969143781776
47350189,streetlights,40.76123442230889,-73.9638842741059
47349169,other,40.767515420130664,-73.73660973063349
47349334,other,40.7753021833961,-73.77972132155617
47349186,other,40.76681241420706,-73.92120660301721
47386415,other,40.7316185965601,-74.00597511836962
47380176,other,40.696764135885026,-73.85649174994538
47381651,other,40.657560911916796,-73.84621051209947
47380190,other,40.70487403424974,-73.88502869074271
47381530,other,40.7578481599324,-73.92981884900779
47382722,other,40.697565155203996,-73.78121513882598
47386445,other,40.695063411921,-73.97222876898843
47386269,other,40.84288740230599,-73.81852012996627
47394954,other,40.646379921790256,-74.00036035537244
47391735,other,40.79655618850405,-73.82186445229993
47389322,other,40.62802128902126,-74.01856760712342
47393383,other,40.66445835470805,-73.98178991237937
47397104,other,40.67251138971208,-73.92223006678581
47396283,other,40.82867508900662,-73.82371887730596
47389152,other,40.684768233669146,-73.84495429978664
47397170,other,40.778156447106106,-73.91358185258544
47392170,other,40.70038116436482,-73.89099433659494
47394893,other,40.76048371921933,-73.91446750706952
47392040,other,40.7626009687058,-73.92378540328956
47403465,other,40.628353976858556,-74.0290728246112
47405634,other,40.599221417179955,-73.97375584921015
47404437,other,40.68612016728404,-73.86347366971938
47402952,other,40.87543929366583,-73.83668110708803
47413800,other,40.60013334972671,-73.95758674022476
47414486,other,40.724311487441284,-73.88965639737327
47412892,other,40.831294691196106,-73.93031593575049
47409146,other,40.59913722420983,-73.9396903798927
47410157,other,40.668586468647916,-73.98159052388787
47412048,other,40.663526454905615,-73.9948239666817
47407551,other,40.632038964995424,-74.02246332952679
47408699,garbage,40.69911015290726,-73.74754416646165
47412585,other,40.6905774974252,-73.80277642167432
47415244,other,40.81689269653577,-73.81885836412177
47442419,other,40.88783621920161,-73.83037938245853
47468578,other,40.73723606149188,-73.98336857337074
47462667,other,40.88448749116443,-73.86565931279593
47468521,other,40.751782985839924,-73.75551593710439
47472559,other,40.599221417179955,-73.97375584921015
47477386,other,40.763642345667165,-73.78108472118657
47473664,other,40.76035123030424,-73.9134750037971
47471533,other,40.90083427712735,-73.86995986159688
47519001,other,40.89042038680175,-73.85563605594146
47479507,other,40.621214208476296,-74.03123823632603
47474864,other,40.68279132487157,-73.94787858052791
47476159,other,40.78406767253378,-73.94878510610127
47476168,other,40.67466677168405,-73.80483150835408
47470970,other,40.68840757613275,-73.99069336561098
47476145,other,40.73840440305069,-73.71246814610048
47470936,other,40.68724624451747,-73.94822125153793
47474906,other,40.696158884293226,-73.8960355605488
47477742,other,40.898853644282624,-73.86844449351207
47476780,other,40.87538316784945,-73.87030253171176
47477380,other,40.63844966375019,-74.09131402539172
47471602,other,40.88011917100292,-73.85977007367411
47472624,other,40.831900200234024,-73.92856270428858
47478318,other,40.880927358978354,-73.83965105046869
47491728,other,40.62717982726864,-74.00845150501746
47493058,other,40.66451497182404,-73.83350289555726
47496695,other,40.739026063181186,-73.86866624929453
47504473,other,40.616819595447375,-73.98022885280919
47504339,other,40.616781157180434,-73.98016402898735
47499479,other,40.68102697905608,-73.80842553988167
47500098,other,40.72644520805336,-73.95731152476532
47497937,other,40.769599206614636,-73.96027312678187
47513176,other,40.884932298624875,-73.85667143977294
47508604,other,40.68607171901728,-73.91604489847106
47514981,other,40.84862996458835,-73.92129402679386
47509031,drainage,40.85902668522158,-73.8371769112965
47508601,other,40.70596776612449,-73.88360573384551
47522546,other,40.710391841349754,-73.8125288979613
47526657,other,40.654243227959725,-73.7279928924943
47518297,other,40.89187241649303,-73.86016845296459
47519979,roads,40.60727271899179,-73.95800357345642
47518175,other,40.89187241649303,-73.86016845296459
47520101,other,40.89187241649303,-73.86016845296459
47524174,other,40.89187241649303,-73.86016845296459
47522196,roads,40.736894165026854,-74.00087324464482
47523375,garbage,40.60247107215351,-74.01001849343976
47530138,other,40.89187241649303,-73.86016845296459
47528201,other,40.89187241649303,-73.86016845296459
47533137,other,40.89744566203334,-73.86847983474898
47528543,other,40.89187241649303,-73.86016845296459
47533465,other,40.66198468660634,-73.85618811087808
47548719,other,40.89238170011843,-73.85915826822567
47539614,other,40.87926479342878,-73.87333978296894
47547662,other,40.88789237026881,-73.82937019330325
47552666,other,40.88448749116443,-73.86565931279593
47554193,other,40.87561648264123,-73.87031654052761
47572772,other,40.68666602013635,-73.86088363416303
47577388,other,40.87427860902299,-73.84901059664749
47585691,other,40.87859292486238,-73.86894383282724
47604655,other,40.70886684072543,-73.85294893100853
47608364,other,40.73869766517976,-73.85792424023772
47648838,other,40.719829302316015,-73.8925678780776
47654059,other,40.71911190596945,-73.9071829705661
47654846,other,40.72615431120733,-73.8879432155246
47647937,other,40.823948014030954,-73.81799006148414
47650679,other,40.761490412000455,-73.91362513482309
47659231,other,40.61312583484479,-73.95400193863591
47658669,other,40.872362759539286,-73.84897155737228
47656391,other,40.68945607767319,-73.9240240626597
47660143,other,40.72286444055359,-73.98281296801338
47658324,other,40.774181253063134,-73.89907652638144
47657598,other,40.73138677045463,-73.71608494790645
47663421,other,40.74485284901543,-73.79356826355485
50625050,other,40.74315758348478,-73.71437112699101
50626187,other,40.593970464997696,-73.99035365666359
50631873,other,40.68173905047631,-73.91788553535038
50630834,other,40.69436136298629,-73.84303515509394
50625531,other,40.67852892609627,-73.75997024808633
50629048,other,40.7390535230148,-73.86867702087716
50641627,other,40.71650052301395,-73.8599447767423
50637014,other,40.693532167527096,-73.81342734527253
50659847,other,40.72997596105655,-73.92242639194903
50656202,other,40.682553119730535,-73.78367287836512
50654768,other,40.770313101808696,-73.79506703157038
50664686,other,40.749721537761395,-73.85428436260844
50663471,other,40.86432120792169,-73.84720382803319
50661170,other,40.75635289972162,-73.91449807783646
50663269,other,40.76862524006935,-73.81122415870578
50666698,other,40.72136700033999,-73.99557707228202
50661200,roads,40.77723669580219,-73.91695538094436
50668706,other,40.70429076495208,-73.85909400327824
50676040,other,40.70534344442685,-73.89976864314588
50671791,other,40.6695935588279,-73.98013029868578
50676551,garbage,40.90019903400656,-73.90537464517307
50674061,other,40.76603202583831,-73.90884678582796
50707656,other,40.75775353059498,-73.9277037347394
50680540,other,40.71637685385089,-73.74974779003068
50686113,drainage,40.656806577342486,-73.91942635027512
50686606,other,40.6653229615267,-73.98180049006994
50684911,other,40.6999179785359,-73.78736724864606
50680009,other,40.68818804173133,-73.84686824930887
50683552,other,40.63449848625736,-74.02146254782333
50694068,other,40.68060180219904,-73.99787641765958
50688815,other,40.64498543545613,-74.00560340893367
50690979,other,40.775549168768514,-73.92570944656957
50692858,other,40.75013476915689,-73.79108321944574
50692819,other,40.705303640879556,-73.89819977051118
50689754,other,40.75548862836182,-73.77167275913865
50688570,other,40.70191836219173,-73.90021379282018
50690969,other,40.721212993834136,-73.887175889069
50695080,other,40.712256782812176,-73.87142072626699
50697158,other,40.59906757906745,-73.93776750818797
50701311,other,40.760137456582264,-73.87751534303159
50699255,other,40.68841582912932,-73.80029839532295
50701344,other,40.74795347349691,-73.81566052054535
50704795,other,40.73243351790908,-73.89586350197746
50705640,roads,40.86218826032322,-73.85768934520982
50722636,other,40.75969016980938,-73.92174204235407
50722107,other,40.701110985916685,-73.88505681948492
52074007,other,40.73986321079606,-73.98660123196585
52075673,other,40.74653917038309,-74.00348265736089
52074460,other,40.625170951426114,-74.00019092765693
52071638,other,40.70481531315986,-74.01406617888522
52071286,other,40.732557632134665,-73.88224228880442
52079994,other,40.682664746839905,-73.84220817854015
52080058,other,40.73719466861709,-73.9224288130349
52078936,other,40.668634180374845,-73.9901409921835
52083861,other,40.691697878148965,-73.7760561544431
52087749,other,40.68322156257834,-73.77724560926048
52086920,other,40.64160638673741,-73.9377962971242
52086541,other,40.62359160609625,-73.9611021108703
52090452,other,40.69842115265,-73.78985321002796
52087888,other,40.65475890597636,-73.96184798790033
52086637,other,40.71950081779639,-73.76158315990321
52097263,other,40.6738998260611,-73.9139296405553
52101566,other,40.811107518494005,-73.95234425968995
52099416,other,40.66085856262419,-73.99561712758427
52100760,other,40.67593158025778,-73.75698370472887
52102072,other,40.68259712838111,-73.94940746916878
52094424,other,40.85373916370406,-73.9192094769846
52094450,other,40.641855202348324,-74.01738957111844
52098238,other,40.67589609869226,-73.85040789286609
52098247,other,40.74550389617113,-73.98867883274887
52102007,other,40.62277347705844,-74.16176404278461
52099429,other,40.752469305069305,-73.82491309780528
52098301,other,40.60656552832717,-73.98327867792767
52099358,other,40.7658259886124,-73.98865010820363
52100789,other,40.598877274309295,-73.98274765679187
52097029,other,40.71817532732412,-73.76706040088172
52098204,other,40.691008412726006,-73.86801078867089
54082352,other,40.74614290917997,-73.89820232750027
54080405,other,40.78221945815774,-73.91465624052934
54083570,other,40.7456882764486,-73.90252651744125
54081465,other,40.75086014204593,-73.85830975074188
54094442,roads,40.521359442801405,-74.22883677363343
54093552,other,40.69720616598545,-73.93565998016544
54094454,roads,40.714606473093546,-73.9635884948114
54089985,other,40.713377535940275,-73.74137954615718
54128412,other,40.71342698071094,-73.95084858313409
54094744,other,40.657531023829115,-73.83078837089793
54092361,other,40.76462760155945,-73.96611338433898
54097260,other,40.7169891814261,-73.99829732074996
54096966,other,40.726961311052186,-73.85372439224358
54102391,other,40.706473479081474,-74.0110584556802
54098823,other,40.76286076343741,-73.98164027353906
54103011,roads,40.7420960764241,-73.86747292384457
54110478,other,40.73779442489342,-73.99773386344371
54110479,other,40.700483936544096,-73.80796930845322
54109735,other,40.75574443605485,-73.98758342283777
54108935,other,40.712644370964966,-73.78382050391308
54111105,roads,40.70357123790758,-73.98107232578401
54114428,other,40.847389472342215,-73.93970747268665
54114439,other,40.65529127701072,-73.96149809200942
54117470,roads,40.88780238727701,-73.86045187899009
54117110,garbage,40.778829015253514,-73.7725712349645
54121153,streetlights,40.592981246232284,-73.78904722285296
54130299,roads,40.72631648239872,-73.78998171786483
54129720,other,40.68930444347476,-73.85697296333342
54125133,other,40.76397164061828,-73.97745246469351
54128776,other,40.653384370406826,-74.00739887253833
54123991,other,40.747214240254344,-73.99336664342263
54125146,other,40.70545925891914,-73.81071053776861
54122536,roads,40.540587527713186,-74.2215341962543
54129516,other,40.81958416019977,-73.90177156499081
54128084,roads,40.76542545663209,-73.89000343092295
54128202,other,40.69897277545741,-73.95701896546004
54128401,other,40.72825081153192,-74.00536867560636
54127172,other,40.71002982181005,-73.96016795653132
54182610,other,40.800204787993536,-73.96589661987136
54138025,other,40.82653795665661,-73.8882619626628
54134898,other,40.71803078280674,-73.83997802705545
54137645,other,40.78567159128137,-73.95107330536266
54134226,other,40.717965113085626,-73.94701054395807
54136105,other,40.83271475104937,-73.82697130278228
54138486,roads,40.86024195513732,-73.92842019162248
54134022,other,40.58772870457584,-73.98938245327857
54131583,other,40.656273195303285,-73.90730644018126
54131775,other,40.7126026696348,-74.00955169057023
54136426,other,40.80396534055343,-73.9668482836493
54140465,other,40.7051440995673,-73.92659942291559
54147473,garbage,40.64936770667676,-73.91870377943921
54144255,roads,40.766882476801406,-73.98645500330827
54141261,roads,40.8203404957306,-73.94002101776616
54141541,other,40.63506054435085,-73.95002358209544
54146617,other,40.848203546686534,-73.82906356440097
54145377,other,40.87633645183908,-73.8484924484316
54141049,other,40.64914788353493,-73.91458501264022
54143394,roads,40.84511803198266,-73.88658985063982
54144918,other,40.54029754645007,-74.16368712736161
54140211,other,40.663167607929395,-73.88544660394565
54142194,roads,40.617926388922704,-73.93173095267615
54143821,other,40.749024924993954,-73.83061011246552
54143802,other,40.6194524041162,-73.9189167175618
54141343,other,40.60441466648351,-73.97416795602068
54140138,other,40.7350657642674,-73.99041983091914
54147449,other,40.78817292441293,-73.85234042211631
54140122,other,40.808717179579304,-73.90765766341637
54141314,other,40.73701262197117,-73.87722587461296
54145036,garbage,40.72688715435295,-73.893725462793
54153137,roads,40.72819271008164,-73.7508399351693
54150268,other,40.700867648717846,-73.88881521406809
54152626,other,40.70040755619964,-73.76394516773755
54156879,roads,40.72709035659125,-73.87470778584657
54152318,other,40.83103361506721,-73.89690165499093
54151502,roads,40.860750422599814,-73.90306645182146
54151074,other,40.700483936544096,-73.80796930845322
54152234,other,40.7184624813724,-73.98777795585599
54162385,other,40.722399083510254,-73.99733032855106
54164236,other,40.685261602465104,-73.8786624624649
54159671,other,40.7322858520575,-73.81025547006327
54160544,roads,40.80213229040411,-73.90729476365911
54159326,roads,40.70900925708579,-73.83262348029913
54157687,roads,40.76531021023602,-73.99133241757852
54165255,roads,40.625780502444854,-74.02415437070916
54158418,other,40.7126026696348,-74.00955169057023
54172914,other,40.65529127701072,-73.96149809200942
54168458,other,40.72654380154444,-73.97533647390577
54173244,other,40.75056039396958,-73.90948151855618
54171522,other,40.66575071091907,-73.97922668873915
54172578,other,40.67416149677965,-73.94731212095822
54171984,roads,40.738353989096645,-73.895901159592
54168624,other,40.685051319938445,-73.84320490169281
54176491,roads,40.79398145623041,-73.97228140520521
59448960,drainage,40.67966099910167,-73.771351916081
54176498,roads,40.83383763294279,-73.91585843990595
54178649,roads,40.7343762769571,-73.87341674191903
54174575,other,40.74757058072367,-73.9084930978952
54179800,other,40.68617546682669,-73.98492815588386
54174576,other,40.74416919082219,-73.90107437531844
54181167,other,40.749534076947384,-73.90976081652562
54177213,other,40.747647407833185,-73.9084605110673
54181362,roads,40.71200138828801,-73.82545585702933
54176927,other,40.747214240254344,-73.99336664342263
54174577,other,40.745360106611294,-73.90730519390904
54190642,other,40.84950502947927,-73.93359695065767
54185289,water,40.81366122814386,-73.90197900065375
54211990,other,40.76361139071602,-73.82933481851654
54230005,other,40.73588312787347,-73.93662215887436
54185153,other,40.72935960858734,-73.92854995715457
54200396,other,40.74425182105249,-73.90140987565077
54186694,other,40.6769559592268,-73.98640476866524
54190816,other,40.627492449603544,-74.01169022262717
54183261,other,40.67729715550765,-73.76426130892854
54187876,other,40.717829090263976,-74.00027777108988
54190290,other,40.65138342073591,-74.0074527079932
54187853,other,40.634964726370036,-74.02337946048613
54182807,roads,40.705183733601494,-74.00739380153583
54196538,other,40.72978250390622,-73.99877686635588
54197024,roads,40.76350732332025,-73.9752325389638
54196370,water,40.887046975873794,-73.83121683216805
54198432,roads,40.81717286678878,-73.90665963506916
54198901,other,40.619022253558036,-74.15914344180061
54194738,other,40.7328475654446,-73.98612274808997
54196099,other,40.62124635823333,-74.11187705884699
54192246,other,40.72038933767148,-73.74089417566783
54192829,roads,40.822836414306245,-73.94191565088148
54194973,other,40.7705197167008,-73.90889479744816
54197587,other,40.663548285735374,-73.99250988804847
54196362,other,40.7371442893241,-73.91709195342224
54199237,other,40.84717215065373,-73.89959831026405
54192426,roads,40.70328139713982,-74.01019954833514
54199885,roads,40.78884171819007,-73.81380306583335
54206924,roads,40.696785031222326,-73.95658040986005
54204177,roads,40.7596250333133,-73.97007935872243
54207469,other,40.68760391408876,-73.82062305942766
54208313,roads,40.71712215355823,-73.80598781147575
54201808,other,40.700483936544096,-73.80796930845322
54201308,roads,40.73610957244504,-73.74500798929698
54203553,other,40.730671311087775,-73.89886099085666
54205148,roads,40.655037696539466,-73.978469576059
54205075,other,40.765515956393685,-73.93271320972308
54208417,other,40.623378598437675,-74.02514413728942
54227580,roads,40.86747552700214,-73.8974019488641
54207672,water,40.729723279092326,-73.98085563009121
54207005,other,40.67636743586254,-73.96714965336922
54212956,other,40.754239672762125,-73.89792285912924
54210164,other,40.75024438884523,-73.92012901064032
54223356,other,40.70545925891914,-73.81071053776861
54221848,other,40.66309097363619,-73.97896799616227
54220383,roads,40.696824864485095,-73.91486652855298
54217814,roads,40.772179231095386,-73.74912290124946
54225891,other,40.73701262197117,-73.87722587461296
54221625,roads,40.7521974591802,-73.9818236763463
54218706,other,40.701308929483254,-73.95798761405221
54232380,other,40.67223140205745,-73.93079215364902
54230914,other,40.66036275820409,-73.97949508547094
54230913,other,40.75402018955593,-73.98326692968377
54229200,roads,40.80571443297431,-73.8544399213419
54229661,other,40.71008859656407,-74.00784161332851
54234376,other,40.67094204619192,-73.9541206801872
54228839,roads,40.77631138895307,-73.96422993441242
54227586,roads,40.79236257545369,-73.9641743612929
54229709,other,40.706122471461015,-73.88459732998231
54230508,other,40.696693621713415,-73.89251139525544
54238451,other,40.67214924149278,-73.98192480047419
54238956,garbage,40.61559958223182,-73.99196778063143
54239029,water,40.6624695707294,-73.99225409514533
54237416,other,40.73701262197117,-73.87722587461296
54237786,roads,40.748108167133836,-73.9473546917806
54236277,roads,40.743305499960755,-73.93765082292556
54240369,other,40.80771930443076,-73.96411191114464
54242026,other,40.77686823948234,-73.95540890168907
54236991,other,40.80356743918114,-73.96714105897546
56128742,other,40.72028000014199,-73.99391767168628
54243409,other,40.6761490756877,-73.98710072946955
54243514,other,40.68743716232103,-73.94006123836236
54246420,other,40.74295558581093,-73.95919555428878
54247891,other,40.78486442506033,-73.82599067035895
54244939,garbage,40.64064367190545,-73.89085050621102
54259441,other,40.73676943345878,-73.92272880891144
54252974,other,40.76128028611614,-73.90472731925975
54256727,other,40.68792031274343,-73.81080720257536
54259742,other,40.86052832493558,-73.92553860227169
54256374,other,40.653021200572496,-73.83446499497572
54268884,other,40.860252236293114,-73.86367294038224
54254701,roads,40.57963796098382,-73.96594084669712
54260690,other,40.54325684269319,-74.15951350131542
54254538,other,40.747051895917245,-73.82905603856639
54258201,other,40.77347374568659,-73.91707560732951
54253902,other,40.83384369007405,-73.93849108734746
54257284,roads,40.69855152311624,-73.88929151202201
54256185,other,40.70545925891914,-73.81071053776861
54258993,roads,40.82627619146205,-73.85970288046927
54257283,roads,40.771594728380165,-73.77162114851889
54258512,other,40.67412823122821,-73.88075202005645
54263223,other,40.75866125624938,-73.98133100304791
54265680,other,40.7184624813724,-73.98777795585599
54262531,roads,40.65626171972093,-73.8910808434055
54265679,other,40.66036275820409,-73.97949508547094
54266593,roads,40.69345297252662,-73.81367638819901
54266204,roads,40.835984917744035,-73.83338457405748
54265360,other,40.73629426920847,-73.95254571284332
54265678,other,40.67704231181343,-73.86505331152358
54273570,other,40.620095454416116,-73.96326903142582
54276051,other,40.80771930443076,-73.96411191114464
54271204,other,40.89385995229982,-73.85167884935366
54277158,other,40.70257567248955,-74.01332996168195
54276087,other,40.61753407228041,-73.94207629047919
54277626,roads,40.7623963774659,-73.9786009241232
56120975,other,40.7350657642674,-73.99041983091914
56122684,other,40.7184624813724,-73.98777795585599
56133434,other,40.8295183074392,-73.87451852400757
56134762,roads,40.63795286098053,-74.1447833788781
56127600,other,40.7598995571408,-73.98414260863386
56131127,roads,40.83091229044659,-73.92046218772796
56132900,roads,40.712667960660255,-73.82700518367119
56128767,other,40.72169028929428,-73.8445220713625
56129930,other,40.74590516936978,-73.9980439561389
56128740,other,40.78305440228594,-73.94775315345086
56128539,other,40.82821148050833,-73.92453049408984
56142917,other,40.7375528391913,-74.00400902641094
56138779,roads,40.644856515960875,-73.93835901230611
56140255,other,40.700483936544096,-73.80796930845322
56138182,roads,40.75729877965485,-73.82227986156602
56139113,roads,40.73177902884212,-73.77010866842208
56144097,garbage,40.67011799342494,-73.98121519818926
56140443,other,40.84063481991164,-73.9398473153047
56143309,other,40.75199081284663,-73.9773626789589
58042632,other,40.69869375649048,-73.83406668845161
56146568,other,40.76429973956195,-73.98701506829477
56148416,roads,40.741069537922236,-73.87998986394108
56148728,other,40.7596370946987,-73.9203920834568
56146663,other,40.804346334217065,-73.90955285938192
56146653,roads,40.60280079535203,-73.74877983092594
56150251,other,40.764663898952584,-73.98066147906952
56146666,roads,40.65794236874543,-73.90773662250551
56151409,other,40.680181346269215,-73.8665576155757
56151590,other,40.80572429391228,-73.91699208218105
58024701,other,40.68142474832093,-73.98921610665857
58038457,roads,40.575568185976934,-73.98121659125884
58036832,garbage,40.63020214823784,-73.99921101303688
58048300,other,40.66773860214908,-73.98336066939272
58049426,roads,40.84875505759234,-73.89869590565499
58042373,other,40.72560490078649,-73.99543247751178
58046033,other,40.76259143385775,-73.96761250447102
58048517,other,40.663262968614944,-73.99510873992485
58047059,other,40.789716387210206,-73.80174242024911
58042936,other,40.725798593369554,-73.80450497770401
58048250,garbage,40.62764361070327,-73.9904496609106
58045452,roads,40.774213511760735,-73.93181624536342
58040964,other,40.683261925759496,-73.96584104895908
58046079,other,40.896004431603515,-73.8419983430241
58049222,roads,40.77205401451811,-73.81326873538609
58049608,other,40.60306871841018,-73.96091600073021
58053259,other,40.72183450436263,-73.90693025196438
58052070,roads,40.86570176919344,-73.8471861941734
58051824,other,40.51671578615542,-74.24062844145695
58054691,roads,40.8335727140414,-73.91392544863199
58057279,other,40.76155832949104,-73.90914530107337
58050903,other,40.764663898952584,-73.98066147906952
58055940,other,40.72230026771062,-73.99714273425326
58050336,roads,40.751751226829725,-74.00792592119431
58065129,other,40.74925791177295,-73.88897626258446
58061957,other,40.80775317800998,-73.94549775742212
58071539,other,40.757011897557184,-73.91484735736307
58075543,other,40.702893153923114,-73.83784678805891
58068396,other,40.74966739007307,-73.89845319094752
58067273,other,40.79392114136797,-73.84253316124723
58069608,other,40.85088090524273,-73.8518072196529
58074254,other,40.71053587794686,-74.00937825734793
58069531,other,40.90534678006735,-73.89745563074297
58070046,other,40.71384815870653,-73.77887111125
58075089,other,40.61250058356589,-74.00967783476786
58084109,other,40.73823105061437,-73.88225030445047
58080608,other,40.69357445219097,-73.95169983456097
58077977,other,40.825858019294,-73.82129460241056
58076149,other,40.761565588860655,-73.98394367377814
58083197,roads,40.88434847048456,-73.88705093044119
58107100,other,40.71526717494076,-73.9844201658324
58091939,other,40.634934131245025,-74.00281749568565
58088293,roads,40.85887063044902,-73.89112500233163
58087149,other,40.64499607631108,-74.01045008908461
58090787,other,40.78073276608451,-73.94866490309134
58126487,other,40.69675441954413,-73.80186379047932
58092362,other,40.780664604699375,-73.9497012614273
58096968,roads,40.77039358139986,-73.90905021144155
58098662,other,40.75039482437188,-73.91937451128784
58099175,garbage,40.6038183337958,-73.95425323659734
58096986,other,40.71219728692849,-73.76845560678501
58099292,other,40.70749993508218,-74.01191705811951
58100417,other,40.8334381752668,-73.94533578317308
58093838,other,40.62986906593844,-73.98509938900129
58101067,other,40.861256451237544,-73.90101589651958
58093794,other,40.81743213681072,-73.9117533445416
58096491,other,40.814228392008346,-73.94077073059458
58101155,other,40.72704015805475,-73.90222547317136
58153724,other,40.90135085312033,-73.89782353385544
58106087,other,40.74720398947316,-73.88809908697851
58104087,other,40.7011453850555,-73.93172507706095
58104318,other,40.69323836637393,-73.99064220610673
58108931,other,40.593024020513006,-73.93373318286973
58102434,other,40.76755652139913,-73.83183374020939
58104123,other,40.70143330915957,-73.90435481734782
58105754,other,40.68824435758577,-73.98049253424185
58102078,roads,40.68074618848948,-73.84223795606046
58107747,infrastructure,40.7061054697525,-74.0130709791866
58102042,other,40.776614716102,-73.84802971313246
58105244,other,40.74720398947316,-73.88809908697851
58108215,other,40.57427882114187,-74.12123671744675
58104553,other,40.6229165994906,-74.02886512584149
58104121,other,40.72422540979539,-73.85421744597095
58103024,other,40.66695359329651,-73.87078351882327
58103203,other,40.71526717494076,-73.9844201658324
58108177,other,40.78475783309692,-73.84972276378467
58107749,other,40.76822836158281,-73.92913642296949
58102962,roads,40.65219200674019,-73.73112942757764
58119199,other,40.8022319913741,-73.9480993000287
58115592,water,40.83035854377383,-73.91377783883425
58119655,other,40.68776233117199,-73.79240725658497
58118071,other,40.65053243725727,-73.95558343412257
58111646,garbage,40.71340743648782,-73.77243734770335
58115054,other,40.69146570632819,-73.90605311409182
58111793,other,40.696986279439976,-73.96758306753938
58116217,other,40.675400546263205,-73.8719171879703
58114037,water,40.63596620538943,-73.99969374573259
58115703,water,40.851020393770675,-73.93409787298401
58112544,other,40.71053587794686,-74.00937825734793
58123665,roads,40.60590261763887,-73.95679437520431
58124049,roads,40.668999384195146,-73.80356478839661
58127906,other,40.75203689491522,-73.92878189221653
58121367,roads,40.69115326874472,-73.84343575908518
58121155,other,40.65080718173045,-73.94957212385663
58120504,other,40.68711802057324,-73.97537629684108
58130716,other,40.75580089623424,-73.86534494153668
58130461,roads,40.749967469104185,-73.8821104574063
58133435,other,40.75478269679495,-73.97993524527216
58129472,other,40.75343430153561,-73.8878215292712
58133705,other,40.83852169301429,-73.92618483483204
58136718,water,40.84843186100232,-73.91297729395332
58135368,other,40.72290594122172,-73.90150999973437
58151529,other,40.72169028929428,-73.8445220713625
58177011,other,40.63435739015564,-74.00922703849471
58137884,other,40.847389472342215,-73.93970747268665
58138005,other,40.76879709047681,-73.95842519416915
58145125,other,40.6977340993143,-73.7893829451355
58140996,other,40.64632466928663,-74.00906653367835
58149893,other,40.71090378636007,-73.99208975697366
58152875,drainage,40.68190212599511,-73.84658342901095
58151020,other,40.843120727908406,-73.88195983314931
58151221,other,40.74730116661744,-73.94725788614025
58152471,other,40.711452531399594,-74.0105037926806
58153034,other,40.76368716275201,-73.81443292411835
58158416,other,40.791640872995636,-73.964698405059
58163535,other,40.58961747798557,-73.97425289080928
58161571,other,40.617907095600586,-73.96096494477909
58156294,roads,40.84442089673294,-73.89839167759224
58156983,other,40.69912476452527,-73.79037392233909
58159351,other,40.623282368479536,-74.00619956981774
58159613,other,40.73680567598575,-73.78629689992961
58159720,other,40.67854951356229,-73.95155929418807
58156977,other,40.66974280751095,-73.98744442594672
58164232,infrastructure,40.89796157389424,-73.86367155882235
58158526,roads,40.592728555716455,-73.79812170555323
58158798,roads,40.64670685651073,-73.96546697455533
58155731,other,40.648441254441764,-73.99967206647976
58157678,roads,40.60773006234192,-73.96296970996221
58156978,other,40.67804828327835,-73.98561499296235
58155522,other,40.65037904557694,-74.00245416718276
58159939,roads,40.597580207871665,-73.99593096034215
58157787,other,40.66036275820409,-73.97949508547094
58157170,other,40.70848846519179,-73.94337870307318
58163197,other,40.86769770563568,-73.897242521905
58156871,roads,40.78483974370039,-73.81371314782915
58163085,other,40.730716832263475,-73.82116007561244
58155543,infrastructure,40.69616709252591,-73.8960066977715
58166579,other,40.611125248404846,-73.9625824499941
58169052,other,40.787523330215244,-73.84467889994944
58168272,other,40.704793447608445,-74.01328712461337
58165447,water,40.840579114494965,-73.93831138431325
58166356,roads,40.688112420912105,-73.81933080910893
58166468,other,40.764663898952584,-73.98066147906952
58171032,roads,40.63523976970185,-73.9676274741029
58166621,other,40.72769855576269,-73.98744072247027
58169013,other,40.77559266075396,-73.97641230315762
58171621,other,40.76307383757093,-73.91323682538271
58177193,other,40.69989977347857,-73.91591207840246
58180737,other,40.86129477486614,-73.89775131293116
58175000,other,40.7071389502689,-73.93976218978757
58176735,other,40.78223536668827,-73.95150552821003
58178906,drainage,40.863235593176384,-73.86828357349512
58180066,other,40.6558259311886,-73.98122282660836
58187066,other,40.87788761357391,-73.90554019455573
58182232,other,40.77759572947137,-73.90557775489391
58183378,other,40.71906940692832,-73.99148273053382
58182354,roads,40.62675658400862,-73.98596828500493
58184245,roads,40.688445937332204,-73.81847532259053
58186152,other,40.740277779990656,-73.92780930470207
58186860,other,40.76560727981807,-73.83339818681519
58193597,other,40.76569234054538,-73.83337992395887
58193716,other,40.70245472960798,-73.75975787164829
58203548,other,40.756003041573926,-73.85548701928356
58196464,other,40.69024529350244,-73.91077138531408
58195907,other,40.719832091184294,-73.98754321555491
58193674,drainage,40.70551870791187,-73.8668783917541
58194082,other,40.69323836637393,-73.99064220610673
58197542,other,40.81610813234367,-73.91775948355487
58198683,other,40.58402201149509,-73.82309019185867
58191719,other,40.66857894993329,-73.98679939422712
58193436,other,40.74986914506844,-73.86272585671628
58206597,roads,40.827982338632,-73.88894608152246
58203451,other,40.796110994527645,-73.96144192977374
58204720,other,40.76105786456666,-73.98433004028819
58203381,other,40.75759288825877,-73.78107211680171
58208117,other,40.7440798456439,-73.99565856772038
58213630,garbage,40.862670419881,-73.83825257407356
58212435,other,40.71342698071094,-73.95084858313409
58214334,other,40.562685715578816,-74.18445449405779
58216417,other,40.84512072977061,-73.8837851315754
58209005,other,40.84464552417918,-73.90104422790257
58216029,other,40.74095056171023,-73.82376333085257
58209711,other,40.63076877253124,-74.13427308353272
58214244,garbage,40.77840275053897,-73.90907537915045
58211119,other,40.629112372886716,-74.07958551961441
58215007,other,40.59945200677139,-74.00719483996184
58215377,other,40.80857951476282,-73.95920228311165
58214423,other,40.58138719641895,-73.9599026753175
58219879,other,40.72297550609605,-73.99867958351169
58224716,other,40.70840408449467,-73.9578172245629
58218191,other,40.75402018955593,-73.98326692968377
58222843,other,40.81220079312061,-73.94225006090635
58220611,other,40.54504280430375,-74.15209489526035
58218723,water,40.69024077371804,-73.94818647280042
58221359,infrastructure,40.642301011909815,-74.00607522018687
58218138,other,40.73449389781092,-73.98232645360905
58224661,other,40.71446673172652,-74.00250342093301
58220918,roads,40.70255611224285,-73.76231819492881
58223227,other,40.69638761521743,-73.77690951262832
58218780,drainage,40.66231594032435,-73.99350124044547
58220612,other,40.54395926334231,-74.15569766134689
58224706,infrastructure,40.68330476912733,-73.86409958901218
58221733,other,40.73329233817604,-73.98717987386496
58223957,garbage,40.865707468650164,-73.88803706833627
58231131,other,40.77559266075396,-73.97641230315762
58228422,other,40.793918337867694,-73.97232476996535
58227004,other,40.712644370964966,-73.78382050391308
58231005,other,40.697558522085686,-73.89283096354012
58226056,other,40.68170788484539,-74.00430131706857
58228560,other,40.814228392008346,-73.94077073059458
58234077,other,40.690413838792885,-73.9197391206144
58226046,other,40.7077058116168,-74.01172953773968
58233331,roads,40.633436257277786,-73.88288917015561
58228797,other,40.711452531399594,-74.0105037926806
58227342,other,40.76636156981979,-73.91631191260089
58231157,other,40.79811365421294,-73.93988573835783
59259043,other,40.70436191266885,-73.8110526831324
59253125,other,40.80306424967681,-73.96410719686597
59253189,other,40.80817224919859,-73.9563451926413
59253139,other,40.87969701166934,-73.90633318816617
59258767,other,40.700888340143905,-73.99589219642144
59264990,other,40.65336191609338,-73.90847455542826
59254022,roads,40.72567622937842,-73.93326574879474
59253850,other,40.68193521518996,-73.97239648259087
59259541,other,40.74026182990242,-74.00586402592275
59258285,other,40.712783762628,-73.75866013868027
59259018,other,40.6449471267718,-73.99795322543724
59259706,other,40.72976600348896,-73.99702695612584
59258379,other,40.77142962896152,-73.98033458556029
58227043,other,40.904416296749105,-73.89741365584614
58234051,other,40.664950919312524,-73.9933531968868
58231250,other,40.78266447022571,-73.9151503677004
58235422,other,40.77789056928608,-73.95179032471655
58235543,other,40.704293906252786,-74.01323653146557
58235812,other,40.52371499617396,-74.21582746636327
58237149,other,40.82820300432378,-73.9491449957322
58250294,other,40.69323836637393,-73.99064220610673
58250408,other,40.71067861552428,-74.00925563841729
58251656,other,40.71869917797736,-74.00058080167918
58243765,other,40.703792575352885,-73.79901885197444
58247720,other,40.67005594708956,-73.98982355672743
58249936,roads,40.71314007768383,-73.78178445001832
58245058,other,40.69323836637393,-73.99064220610673
58249007,other,40.81789317763173,-73.94764993220139
58248998,other,40.60392182723892,-73.98035511517423
58246462,other,40.57741081062552,-73.96236734827318
58245038,other,40.702146602995356,-73.80111202259863
58247814,other,40.81676116106577,-73.91745881573215
58257508,other,40.71579764785836,-73.99141460979446
58253341,other,40.71972226402891,-73.98720773679092
58252759,other,40.80400000828247,-73.95566524448962
58259842,other,40.852461938813164,-73.8281236361153
58259922,other,40.749752706865934,-73.88415361560237
58257689,roads,40.741642560470105,-73.99743420994936
58255900,other,40.750700035760374,-73.85536859198177
58258964,other,40.63548532975673,-74.01112595724155
58267893,other,40.75332218043136,-73.93466735153788
58268845,other,40.76855827203182,-73.95835313995445
58269262,other,40.8407700480398,-73.86579457868972
58266266,roads,40.71845752356146,-73.99480887834468
58264101,other,40.70260693356096,-73.92504416767197
58267896,other,40.70155519539293,-73.92429158385752
58262941,other,40.708741705641124,-73.79919509751257
58262448,other,40.791640872995636,-73.964698405059
58263894,other,40.70568000485677,-74.01330172836009
58265396,other,40.70252724135617,-73.92489999367282
58276120,roads,40.68736450807974,-73.99003365553251
58270265,drainage,40.57890660836915,-73.9370195118288
58270068,other,40.80756485664452,-73.91924023835574
58271297,other,40.811107518494005,-73.95234425968995
58277704,other,40.83998667110066,-73.91707943709919
58282993,roads,40.75941619630535,-73.94101439334125
58286518,other,40.7222337883104,-73.88691440957228
58281393,other,40.76104718097275,-73.8270816763012
58281342,other,40.63338574419091,-74.00911521573633
58286603,roads,40.71218256480472,-73.92374566045639
58286367,other,40.743470365882054,-74.0072320454733
58278994,other,40.76104718097275,-73.8270816763012
58282542,other,40.76172751557814,-73.98384978008896
58280479,other,40.75725900237143,-73.96073529023681
58286484,other,40.67493059126567,-73.78795162948956
58282527,other,40.70481531315986,-74.01406617888522
58278680,other,40.7012774032881,-73.81310993403221
58291813,other,40.85445418317501,-73.86495363024099
58286604,roads,40.72306912836282,-73.95039411696993
58283956,other,40.75300019442517,-73.87163082923489
58282610,other,40.760604881971254,-73.98361180988199
58281658,other,40.76251874651166,-73.99055666584103
58294497,infrastructure,40.652022490930214,-74.01273963983445
58290639,other,40.791640872995636,-73.964698405059
58289605,other,40.60383276655963,-74.00608972606334
58300582,other,40.76655445054692,-73.7725445592087
58302214,other,40.672170967781746,-73.98050444535474
58300527,other,40.68282724955858,-73.90525043535858
58301906,other,40.70478511677803,-74.01409863291204
58295383,other,40.63719810507415,-74.0108307920601
58308759,other,40.80771930443076,-73.96411191114464
58304516,other,40.76259143385775,-73.96761250447102
58306318,other,40.577062754515424,-73.96403425836061
58307900,other,40.66949913668155,-73.99596262086631
58310763,other,40.575651885557896,-73.9935672684447
58310159,other,40.71328081043847,-74.00697987510476
58307899,other,40.67527967404311,-73.9059281048386
58326367,other,40.74830682771938,-73.87680084426681
58348534,other,40.72392512525987,-74.00414530099424
58312012,other,40.582229427229365,-73.9587069388577
58311602,other,40.82094641573627,-73.89055116056447
58316718,roads,40.7130039394028,-73.78236564956256
58320973,roads,40.7494739386234,-73.71133040502123
58317184,other,40.61834069537413,-74.03017428968899
58316724,roads,40.6878117390141,-73.92369059738111
58319748,other,40.6399647676906,-73.94841287833658
58321669,roads,40.75309979004986,-73.97787482651931
58315767,other,40.66541201333006,-73.99287374154318
58316253,other,40.67277944769636,-73.90968441770495
58319746,other,40.73701262197117,-73.87722587461296
58314927,other,40.819203306756584,-73.90255251664186
58314430,other,40.75842923013922,-73.99263277459292
58322975,roads,40.7616096551409,-73.97074988778279
58330264,drainage,40.730339512270255,-73.89922230408743
58326706,other,40.72935259050399,-73.97999341486819
58324050,other,40.7122315834861,-73.9540417608099
58323847,other,40.71080204033306,-74.01030891020628
58335020,other,40.738034617226845,-73.86114444976704
58338196,other,40.63975060971057,-74.01229050064002
58333007,water,40.84317496421008,-73.91194689088798
58339338,other,40.75043214421531,-73.86299899475759
58336607,other,40.78431670635453,-73.94715273366828
58336290,roads,40.889458535996,-73.89827220400643
58338195,other,40.843607621213856,-73.8701910002689
58339310,garbage,40.75748531700693,-73.92462506629921
58331940,other,40.70635100223251,-73.92536456946017
58339238,other,40.69323836637393,-73.99064220610673
58332988,water,40.82406103129152,-73.92814115205174
58331450,other,40.57634735301396,-73.96735723647629
58334039,other,40.74966739007307,-73.89845319094752
58336850,water,40.802928040912455,-73.96757481807968
58337966,other,40.75001468102509,-73.86277969427995
58332881,other,40.6844002525553,-73.8620601852295
58335424,garbage,40.647136987046345,-74.01067745086414
58337958,other,40.76122801792308,-73.98417839003005
58332885,other,40.678575927581726,-73.91629949498605
58339087,other,40.72558258764235,-73.9898691952011
58335450,other,40.733497309506575,-73.87036942449794
58340835,water,40.86613523613008,-73.90272597995825
58342480,roads,40.77701161013554,-73.90963692551362
58347180,other,40.76855827203182,-73.95835313995445
58343509,water,40.832026147482225,-73.91589325326062
58341842,other,40.55164725709656,-74.1432217580577
58347181,other,40.78143250714443,-73.97214580550921
58342030,other,40.58118419538779,-73.82508853276217
58346274,other,40.845615329944614,-73.86419087461408
58340661,garbage,40.902586965847554,-73.84664920548524
58342262,other,40.69312030391994,-73.91237945630718
58342407,other,40.58629874088326,-73.990257556386
58352028,drainage,40.73012237842698,-73.98946800788913
58355314,other,40.75574443605485,-73.98758342283777
58355552,water,40.689003275455384,-73.82933466924084
58350812,water,40.694317206762534,-73.82034896129333
58351796,other,40.68043743672307,-73.95042943431058
58364528,other,40.71364250131899,-73.9618575699699
58361972,other,40.63606533031576,-74.03450590060753
58360042,other,40.81552251201417,-73.91637653784022
58382010,other,40.76259143385775,-73.96761250447102
58360043,other,40.82539716773699,-73.94749949860906
58358975,other,40.826140725823166,-73.94693162550972
58363254,other,40.66036275820409,-73.97949508547094
58364709,other,40.685208475922714,-73.85857544904786
58363333,other,40.746844871024095,-73.89143078866834
58366081,other,40.721465796925365,-74.00479091086221
58365711,other,40.7431564450354,-73.91870120960044
58365599,other,40.665078212324744,-73.8856848287214
58372384,other,40.72622524566041,-74.00374136248857
58371070,other,40.75574443605485,-73.98758342283777
58371074,other,40.66448401262124,-73.88712045189975
58370053,other,40.82291059027495,-73.89533892178119
58365593,other,40.793918337867694,-73.97232476996535
58365923,other,40.71833133807864,-73.99683266422342
58370052,other,40.71839172189472,-73.99680019432898
58380583,other,40.69192322420928,-73.77200222306456
58375134,other,40.791640872995636,-73.964698405059
58379704,other,40.6400872732656,-74.01919432059279
58374293,other,40.60271036786217,-73.97516614696166
58375264,other,40.68887891759485,-73.98383497208559
58376789,other,40.64056506508377,-74.01796215002565
58379342,other,40.74781016550816,-73.88217923774707
58387663,other,40.70725551392342,-73.9545104745148
58391709,other,40.656969510670535,-73.95024504141577
58384982,other,40.68453550925128,-73.83169336397049
58388971,other,40.66626200555217,-73.95363366979576
58391708,other,40.603579713493396,-73.98737764103578
58383809,other,40.63050458153961,-74.02270059104548
58386331,other,40.71321040932734,-73.95147278278583
58390411,other,40.59499137946203,-73.77647410997523
58390050,other,40.74763079674001,-73.88393715438816
58383331,other,40.746746002290024,-73.8913695970407
58383438,other,40.75605753960182,-73.94282211143165
58393936,other,40.74774985336968,-73.88774809321977
58400316,other,40.75228653558433,-73.99339140331507
58396528,other,40.760706732090924,-73.83071035476922
58394147,other,40.705722384624494,-73.95074245428984
58394771,roads,40.78388992109044,-73.95028380635546
58395620,other,40.70775837913145,-73.95598534209466
58392988,other,40.64846688893225,-74.02042558157886
58400742,other,40.714369589003155,-73.95363266963628
58395607,other,40.72236490348196,-73.96053578110012
58395622,other,40.72013388618273,-73.96193682840263
58393839,other,40.68928085630438,-73.74868838926972
58401475,other,40.8393060246866,-73.9134012279255
58407315,other,40.74729344097846,-73.91212053774574
58405397,other,40.715538276838465,-73.90724566378185
58405230,other,40.74222718212239,-73.99700835637634
58405382,garbage,40.674608808190506,-73.873274219613
58405444,other,40.711312701951,-74.00866056088664
58402045,roads,40.576047812825855,-74.09335617262745
58407047,other,40.68995277640661,-73.95521100757846
58405447,other,40.73850504594479,-73.99179779723579
58415454,other,40.75574443605485,-73.98758342283777
58417117,other,40.84725812859451,-73.86781280392088
58415686,other,40.711821698369,-73.94564112563077
58418310,other,40.757785629066646,-73.9144601429155
58412904,other,40.752643603599104,-73.88482713755516
58445127,other,40.74364314754052,-73.88440963861687
58411854,other,40.71756556218974,-73.9973088777433
58417976,other,40.747214240254344,-73.99336664342263
58419304,other,40.63673413367565,-74.01186839022336
58426754,other,40.615536732617855,-74.00000360188871
58419308,other,40.6412622383796,-74.0179767508067
58425264,other,40.68851231511327,-73.95662906678484
58423868,other,40.61533611648648,-73.9163463737012
58419301,other,40.729930623410766,-74.00488893738189
58424138,other,40.7151716073844,-73.9626935823209
58421806,other,40.644688227882895,-74.01444628066845
58420257,other,40.878855912342615,-73.90483728467031
58424137,other,40.713528939070486,-73.95887449346432
58427799,other,40.753293717917074,-73.86430330054995
58429616,other,40.8584043834258,-73.90387964092398
58434158,other,40.714708259271,-73.99701680603187
58428668,other,40.76735422541065,-73.96090623335957
58438520,other,40.72028000014199,-73.99391767168628
58436106,other,40.69091679076116,-73.72817863918132
58438589,drainage,40.67777411328696,-73.80989861910737
58442685,other,40.670012395027285,-73.99555884877705
58437314,other,40.66036275820409,-73.97949508547094
58440023,other,40.682987910871475,-73.9792934297466
58437742,other,40.672583909755204,-73.99009714869418
58440648,roads,40.68354212811885,-73.81064655674828
58439394,roads,40.72736766843361,-73.87994598846453
58436198,other,40.83463729853554,-73.89987380280832
58448709,other,40.57505160078184,-74.09649372528294
58450303,other,40.64430972479951,-74.01203909948975
58445926,other,40.637107766451614,-74.00789068611863
58451593,other,40.718361529337095,-73.99679298088736
58449833,other,40.72622524566041,-74.00374136248857
58450296,other,40.677836738409304,-73.98411525312679
58459906,other,40.692258089240866,-73.98664325277377
58453998,other,40.67716963141821,-73.98322131808956
58461261,other,40.74763887449676,-73.88378195184886
58455012,other,40.70478511677803,-74.01409863291204
58458984,other,40.77525555754241,-73.95869195160189
58453997,other,40.718232287978466,-73.99193737477364
58457402,other,40.72432865638317,-73.99770545918592
58455404,roads,40.7066415027555,-73.86703845623565
58461155,other,40.74713399056501,-73.89241196721824
58454698,other,40.70645439718396,-73.87906391727904
58453745,other,40.6460064027215,-74.0072575165802
58457351,other,40.54374233030574,-74.20626022479684
58458768,other,40.71709716362422,-73.76195249713662
58457232,drainage,40.59966244552705,-73.9838421677656
58458934,drainage,40.7062324276722,-74.00315954733293
58457909,roads,40.67523763640101,-73.9710509423409
58457838,other,40.63793161262772,-73.92483937692124
58455405,roads,40.817116584072195,-73.94800821023537
58465407,other,40.720062325491085,-73.94748146404125
58465254,other,40.71683771401716,-73.98907690452218
58463708,other,40.59929830813352,-73.95593080461394
58462723,other,40.72115250325408,-73.98936841267447
58472049,other,40.69585732278126,-73.80053214871724
58503257,other,40.6640206060662,-73.99758137598587
58475617,other,40.60725840274471,-74.00264345847668
58472030,other,40.639881935728276,-74.01576401238313
58475625,other,40.71053313523853,-74.00935300780858
58473551,roads,40.575513476886236,-73.98239731823975
58477123,other,40.672060461612915,-73.93915219205134
58475517,other,40.71008859656407,-74.00784161332851
58470796,other,40.75037054471354,-73.9910600637942
58474629,other,40.70143081821145,-73.98438733408175
58487197,garbage,40.621750371131995,-74.01145867460117
58484410,roads,40.640203860939465,-74.00824056459679
58485011,drainage,40.76550037961226,-73.86732166280188
58482554,other,40.712856878155634,-73.95277882781478
58513696,other,40.86544640545832,-73.85562880901686
58479899,other,40.878646531893764,-73.8678154895341
58487457,other,40.86445948684704,-73.90098220598483
58485700,roads,40.58060296539595,-74.09484934261809
58480908,other,40.60725840274471,-74.00264345847668
58479509,garbage,40.6664467934552,-73.99285560780012
58480906,other,40.74843798743709,-73.87625202188431
58487218,other,40.77709505617554,-73.98210211990181
58480777,other,40.71183388731198,-74.01218836488958
58482378,water,40.625983399440926,-74.00152023494375
58491799,other,40.71008859656407,-74.00784161332851
58489766,other,40.645180982651574,-74.02256504819412
58493108,other,40.71155444815502,-73.99477334517925
58492951,other,40.75959959792311,-73.8300309380514
58491801,other,40.76286076343741,-73.98164027353906
58489624,other,40.715586309304996,-73.99152285587829
58494246,other,40.77685884238239,-73.9524987522261
58501848,other,40.74407583649948,-73.86578726528042
58503063,drainage,40.6365580310806,-74.1635629423768
58499554,other,40.73701262197117,-73.87722587461296
58503110,other,40.85811152604721,-73.89238065985437
58501949,other,40.74371178298426,-73.97330918018613
58501797,other,40.74607945556746,-73.98207797178418
58503084,water,40.75175381663681,-73.9900745518449
58497392,other,40.76016696972007,-73.97522656163717
58496482,other,40.755438872582204,-73.91824225609172
58499624,other,40.731836938452446,-73.9820854105702
58502955,other,40.724013014526356,-73.99798687466962
58500946,other,40.607096487748876,-73.99924730043377
58500475,other,40.69728757728477,-73.75644064604975
58498635,other,40.75770748859116,-73.86448561660345
58496661,roads,40.70425936129959,-73.96568962906788
58500468,other,40.60223038063626,-73.93426422115618
58503107,other,40.87518044448752,-73.8862818417645
58498465,other,40.74406346524687,-73.94972528552543
58504090,other,40.70257567248955,-74.01332996168195
58501791,other,40.76016696972007,-73.97522656163717
58498756,other,40.87340809913291,-73.88425275937558
58500613,other,40.696573601808964,-73.99703204253264
58505329,other,40.86806972446566,-73.91990071776023
58509415,other,40.711452531399594,-74.0105037926806
58505256,other,40.53057793066778,-74.2017625203798
58509067,other,40.70026003743348,-73.8086732159481
58513149,other,40.55513524296631,-74.18068026736518
58505355,other,40.65590153992574,-74.00275711205704
58505439,other,40.872353248146794,-73.83027786210546
58506677,other,40.84566751269749,-73.91610370963573
58512050,other,40.85526092475146,-73.9293979528074
58508050,other,40.74232022359292,-73.99142923577988
58512047,other,40.83501582494275,-73.9441672387562
58512239,other,40.762156739272505,-73.99549133782837
58510597,other,40.7350657642674,-73.99041983091914
58509417,other,40.69953490563778,-73.99117867990532
58513362,other,40.75399604007852,-73.94243045893519
58510614,other,40.706473479081474,-74.0110584556802
58505268,other,40.71816060407072,-73.94835956934993
58507173,other,40.740255656558645,-73.9275458985201
58511925,other,40.73701262197117,-73.87722587461296
58513695,other,40.718432663136795,-73.955736593728
58515654,other,40.789716387210206,-73.80174242024911
58516321,roads,40.70921780085998,-73.79216730416897
58521051,garbage,40.72132215367476,-73.77045138632256
58527991,roads,40.7604952093107,-73.86138640456161
58525054,other,40.64353251997177,-74.01562073885066
58528799,other,40.66541201333006,-73.99287374154318
58529242,other,40.746497239541846,-73.94788287435415
58553797,other,40.747214240254344,-73.99336664342263
58536430,other,40.635581624381615,-73.99154022497738
58537622,other,40.84063481991164,-73.9398473153047
58535136,other,40.708657799862344,-73.73470338338866
58538678,other,40.763641884306544,-73.97555376986742
58536305,other,40.608669721901656,-73.95773618226873
58536325,other,40.764663898952584,-73.98066147906952
58533623,other,40.7955580494095,-73.93437308753764
58536765,other,40.717683618083214,-74.00023448157707
58536435,other,40.7591997120635,-73.98461925002192
58532757,other,40.710124976466645,-73.79447656898095
58538879,other,40.78864383468565,-73.97621989412288
58545854,other,40.7119289718951,-73.95235024051765
58545385,other,40.747214240254344,-73.99336664342263
58541492,other,40.69255040810389,-73.934542991297
58541673,other,40.66733893441264,-73.99445599285201
58544097,other,40.707351705083084,-74.01203966451274
58544098,other,40.701807447182816,-73.98967805447819
58547247,other,40.855477147674236,-73.89003886196545
58542492,other,40.74729344097846,-73.91212053774574
58551001,other,40.850907433425654,-73.93828734693483
58552825,other,40.73813454882762,-73.88453105920145
58552326,other,40.66424196047762,-73.98484660335824
58548339,other,40.756880832087305,-73.82179729843338
58549622,other,40.70256524090623,-73.81686079306591
58556161,roads,40.79093669201375,-73.96891686833244
58549909,other,40.71569335097547,-73.99146873274653
58556825,other,40.644387208569825,-74.00029187913441
58553731,other,40.64790053235763,-74.000219821787
58549557,other,40.617981791854746,-74.01125631451225
58553619,other,40.68057145012119,-73.99357878025486
58549625,other,40.76286076343741,-73.98164027353906
58552834,other,40.63840027900643,-74.01127417129142
58562492,other,40.789716387210206,-73.80174242024911
58558961,other,40.63948194101334,-73.97337969679486
58560380,other,40.64377511795394,-74.00095850787073
58561516,other,40.70575136036927,-74.01337387786249
58560026,other,40.68767507589175,-73.99770672048088
58558774,other,40.735206040316996,-74.00491458295232
58564863,other,40.789716387210206,-73.80174242024911
58562508,other,40.6845707262553,-73.99710829472876
58560047,other,40.798138679135754,-73.96824532821826
58557837,other,40.760096922307845,-73.83038703053002
58564075,other,40.64547963029546,-73.99918921135219
58557838,other,40.753941205215774,-73.85726369652436
58561780,other,40.714199651584146,-73.84439164803418
58564074,other,40.6454713959932,-73.99919641846157
58561295,other,40.669893807851274,-73.98779406546552
58559018,other,40.744795642609084,-73.86172221489586
58561310,other,40.6842879854583,-73.99611316076613
58558069,other,40.64494714471702,-73.9997513601323
58561526,other,40.59709435145328,-73.99522521475505
58566249,other,40.711452531399594,-74.0105037926806
58571680,other,40.857190994532935,-73.86761592824293
58567434,other,40.61446615058363,-73.99491061289157
58569472,other,40.76397164061828,-73.97745246469351
58572576,other,40.741828988401686,-73.8185283578288
58566362,other,40.61389800112777,-73.99545452804998
58571757,other,40.714952443412734,-74.0056417563017
58570650,other,40.760096922307845,-73.83038703053002
58571690,other,40.74642429527159,-73.90303069599645
58570403,other,40.81128808414208,-73.95788929154563
58568720,other,40.640472150823484,-74.01512277603447
58571678,other,40.833770871286156,-73.91844232320156
58565398,other,40.612660142708236,-73.99673682945985
58569579,other,40.70090369856272,-73.8421577962596
58568232,other,40.615703124489244,-73.98453345130105
58568390,other,40.70755483594316,-74.01186296502267
58571990,other,40.617191637489896,-73.99313102795504
58565392,other,40.81420533657228,-73.92909830576362
58567646,roads,40.722363975509566,-73.94490738661919
58567572,other,40.64769178428318,-73.97421966939983
58565970,other,40.71160699222066,-73.8054411583356
58569851,roads,40.75497515811921,-73.93105630084379
58573089,other,40.61447438448491,-73.99489980676968
58571862,other,40.61721627618039,-73.9921260731843
58570912,other,40.843312560596914,-73.85519976715533
58570910,other,40.729153906417295,-74.00355751739563
58579275,other,40.72151519955455,-74.00486306673912
58575382,other,40.734231449174274,-73.99157100009357
58595352,other,40.73701262197117,-73.87722587461296
58589170,other,40.88093256749602,-73.84754536024558
58587763,other,40.72622524566041,-74.00374136248857
58585303,other,40.76899526156228,-73.9309768035494
58587778,other,40.656651097437425,-73.95020202958645
58589483,other,40.70112725411634,-73.91298564672383
58589174,other,40.73676943345878,-73.92272880891144
58584307,other,40.64525372922572,-74.0138302058119
58585560,other,40.72397912204703,-73.98503144661667
58589112,drainage,40.84658540688689,-73.83558088192962
58587893,other,40.64957745580915,-74.00566145422091
58585558,other,40.65023876099862,-74.00867065174008
58586794,other,40.71890771352606,-73.99605342220299
58590758,other,40.698957110493154,-73.93527240594807
58589964,roads,40.63709680061482,-73.96364519998559
58587761,other,40.74272860257206,-73.95411094287638
58585781,roads,40.68059372357753,-73.84314687964641
58594412,other,40.65160302343391,-73.93313802718366
58592843,other,40.704269262238256,-73.9481431091422
58595793,other,40.648113755458425,-74.01414791963113
58592054,roads,40.85866601380808,-73.88394583061488
58597647,other,40.720620834220966,-73.81375556127715
58594132,other,40.857190994532935,-73.86761592824293
58594582,other,40.86393986274424,-73.86261693027721
58599631,other,40.65093846063094,-74.0112150254493
58599630,other,40.713133497627794,-73.96676720997769
58597045,other,40.64779187003067,-74.0192794205663
58602836,other,40.733103520922796,-73.8692299843164
58608631,other,40.77787181323355,-73.98208024710688
58607413,other,40.8210407382393,-73.82832763500288
58603263,other,40.717993709781325,-73.99608955058135
58600648,drainage,40.76671457146749,-73.98287746335355
58602088,other,40.715797933204804,-73.94964199403692
58600433,other,40.70257567248955,-74.01332996168195
58605420,other,40.720136978635004,-73.95527008888331
58607492,other,40.762804961422916,-73.96567029973424
58603682,roads,40.74067420581199,-73.81215499792135
58602090,other,40.64756747254556,-74.01471357180553
58604326,other,40.64585831321053,-73.9952001039609
58603681,roads,40.761693895583996,-73.91788803786308
58600294,other,40.757380356371286,-73.9324073963107
58605567,other,40.833363492535206,-73.92914654964345
58607771,other,40.83533697611038,-73.93879687885118
58600674,other,40.729959297315006,-73.98067155053641
58617007,other,40.69566516351464,-73.93356986051684
58611119,other,40.696513064198676,-73.90571783166732
58611129,other,40.697241827735894,-73.9109206988935
58612237,other,40.703656757377814,-73.98391073498212
58618231,other,40.74791180043449,-73.8877550384404
58622585,roads,40.83406100800248,-73.94487994277772
58625240,other,40.76233404946789,-73.98346699132787
58623983,other,40.638699845627876,-74.00621181160929
58618885,other,40.64726787558133,-73.96031713691963
58620610,other,40.70596204080729,-73.87299820961033
58626354,roads,40.658817240544515,-73.9783674378913
58618792,other,40.74470768485809,-73.91934891390399
58620760,other,40.701112813332095,-73.82006015970396
58619437,other,40.74774983226403,-73.88772643901589
58623002,other,40.71852054860496,-73.94333410583087
58620335,other,40.72352925135993,-73.79847228699745
58625238,other,40.63702816341409,-74.00795192853438
58619312,other,40.83518798937774,-73.84861506410677
58624229,other,40.71236958006629,-73.99354325290285
58622660,other,40.87717673298077,-73.83866567697532
58628955,other,40.76122801792308,-73.98417839003005
58630011,roads,40.86769186022512,-73.92121361680864
58632529,other,40.724634018953374,-73.95128046741333
58633646,other,40.74876069937133,-73.87020257839188
58628838,roads,40.74736565402216,-73.92496493646067
58628859,other,40.83453483604698,-73.91977485901975
58629207,other,40.616384022785134,-73.98601368860182
58684107,other,40.60272118264292,-73.99514198481096
58641981,other,40.619565631587896,-73.98975561021665
58652773,other,40.8347682932605,-73.92835002672675
58645984,other,40.73000869745565,-73.98063906352208
58652281,other,40.69638242958428,-73.8042269998379
58652288,other,40.72622524566041,-74.00374136248857
58652419,other,40.76016833864922,-73.83042294583589
58652413,other,40.719717439809614,-74.0032323369903
58652557,drainage,40.65044950589829,-74.01462771682831
58645987,other,40.720663893670256,-73.98891754434058
58654077,roads,40.81626198547139,-73.91419711797285
58661439,other,40.847998812236256,-73.93469364081751
58653666,other,40.63702816341409,-74.00795192853438
58656456,other,40.830691037272445,-73.92202711385823
58658905,other,40.701765672958274,-73.80792594429812
58661434,other,40.748964120961666,-73.8917521543767
58653610,garbage,40.64707904109904,-74.01357472917134
58656272,other,40.70174697018535,-74.01130291681848
58660505,other,40.66504545688737,-73.75043420027002
58656589,other,40.83019727763008,-73.9146814254971
58656457,other,40.765314322170255,-73.91804241388897
58654075,roads,40.80522567685523,-73.88595706277484
58657364,roads,40.734617942572335,-73.98621258752621
58663109,other,40.83845741897905,-73.9203375204147
58665455,drainage,40.67783449059309,-73.98825408455741
58666956,other,40.60631147340157,-74.00110202564122
58666623,other,40.75348184923692,-73.98088850486347
58670493,other,40.87744415412725,-73.87502472871034
58666507,other,40.74966739007307,-73.89845319094752
58667922,other,40.707351705083084,-74.01203966451274
58670374,other,40.82094641573627,-73.89055116056447
58664307,other,40.73534249500134,-73.98570004977832
58662956,infrastructure,40.775295006640455,-73.91170447901116
58668114,other,40.676585689603606,-73.96278727064859
58669347,other,40.67325045621029,-73.86865878347949
58662966,other,40.7148758630592,-73.96488696024498
58679074,garbage,40.63174746665373,-74.00026300174419
58677622,other,40.69765814972478,-73.90635092595605
58679132,other,40.74795981629853,-73.88090497785817
58674538,other,40.851513727704976,-73.82726217923546
58672859,other,40.742452245537685,-73.88201910140538
58679434,other,40.700870212464665,-73.92199141443704
58676632,other,40.677049511904656,-73.97236966310787
58679444,other,40.85660256337729,-73.86908838320105
58674523,other,40.71852623650829,-73.99769483658372
58671566,other,40.631195744750485,-73.99787078430369
58673105,drainage,40.579630471423236,-73.95975613192292
58683952,other,40.59983609872252,-73.99035280923128
58685182,other,40.60530688203123,-73.99943459012337
58681940,roads,40.82781165901165,-73.92592932593037
58680194,other,40.8295183074392,-73.87451852400757
58685843,other,40.72432865638317,-73.99770545918592
58688029,other,40.74607945556746,-73.98207797178418
58680599,other,40.71938410562045,-73.96056640612359
58683954,other,40.72175625461627,-73.98837982591952
58688133,other,40.70561412884559,-74.01331614223832
58686236,other,40.71675832864886,-73.99161289078256
58686078,other,40.60537001283261,-73.9995462311349
58687187,other,40.605424908963876,-73.99960385225236
58683082,roads,40.59925411725669,-73.9893950245663
58687191,other,40.59991570895434,-73.99048603643166
58681938,roads,40.826835112234654,-73.92262060477174
58687041,other,40.646654069841574,-74.00872423942718
58682600,other,40.712644370964966,-73.78382050391308
58680196,other,40.774359931091766,-73.9128610727216
58686084,other,40.7152734184142,-73.99168522320332
58694106,other,40.73779442489342,-73.99773386344371
58715120,other,40.68962547966401,-73.95352367026912
58689292,other,40.6008380785918,-73.9920343761817
58696740,other,40.71988760463548,-74.00357866794788
58741694,other,40.850041478320804,-73.86562405948348
58691345,other,40.614497686125304,-74.0312927225776
58696615,roads,40.75452466714363,-73.77417738867571
58696745,other,40.75956956551904,-73.83013930521312
58689291,other,40.60129376347689,-73.99276895036678
58694126,other,40.67984172494723,-73.85147344157015
58700565,other,40.70256524090623,-73.81686079306591
58704896,other,40.73786581060514,-74.00018403357991
58700702,other,40.831900200234024,-73.92856270428858
58702832,other,40.60876772543266,-73.97334872577552
58710451,other,40.75136890245101,-73.85910991939181
58706993,other,40.650780004380394,-73.97577891780915
58710152,other,40.75972053242698,-73.91065665725031
58708096,other,40.75037054471354,-73.9910600637942
58721545,other,40.72120511580104,-74.0025722184356
58718947,other,40.71963512130702,-74.00220419136329
58719622,other,40.70702779439195,-73.92358924958616
58721218,other,40.76397164061828,-73.97745246469351
58717540,other,40.76313395904646,-73.9564505198506
58715316,other,40.66529851303971,-73.98348743824019
58717554,other,40.716254764680215,-73.9596592099245
58722530,other,40.72622524566041,-74.00374136248857
58721291,other,40.738968531869965,-73.9195254633823
58723017,other,40.717363900753234,-73.96038723178106
58719860,other,40.76016696972007,-73.97522656163717
58721700,other,40.63348715531099,-74.01080136692671
58731045,other,40.71732953942543,-73.99894303481385
58723817,other,40.66036275820409,-73.97949508547094
58723816,other,40.86806972446566,-73.91990071776023
58727149,roads,40.79243689347747,-73.81524120923063
58727078,other,40.709830396860404,-73.94868343748033
58730583,other,40.733422018521374,-74.00290825829991
58726217,roads,40.752541003213096,-73.85260347926535
58729789,other,40.718642649990564,-73.9461081399155
58727079,other,40.778645655651964,-73.75283925060101
58728284,other,40.70680473361156,-73.94100684504367
58737690,roads,40.72538774016517,-73.90882661496043
58737037,roads,40.63905921983515,-74.03668015344574
58737683,roads,40.83854041107147,-73.87728064665293
58733777,roads,40.71238910897227,-73.80863118643796
58738352,other,40.64183181347104,-74.0003783473509
58732397,other,40.705685479307455,-74.01343157279955
58740274,other,40.71964335474785,-74.00224748181502
58732857,roads,40.69441296170087,-73.7313955111546
58736143,other,40.71405625572558,-73.95257597417448
58732391,other,40.75568428809171,-73.97294343618225
58747023,other,40.83676991167256,-73.9391677889259
58742643,other,40.599221417179955,-73.97375584921015
58749877,other,40.70872206999696,-73.94399168183504
58746821,other,40.716871098937794,-74.00402581923116
58747269,roads,40.630912159384216,-74.0143208062021
58749700,other,40.846804093226865,-73.93827669611574
58749705,other,40.64245915292776,-74.01673031692057
58744145,other,40.72997986439937,-73.99213800558245
58741253,garbage,40.751767388970585,-73.98845038523946
58744244,other,40.79093669201375,-73.96891686833244
58741305,other,40.80641492221885,-73.94226230536307
58741178,other,40.72981439821008,-73.86141775157134
58748421,other,40.62736654295198,-73.96370093559298
58747195,other,40.72027741057768,-74.00112194782362
58747021,other,40.720040865863645,-73.98926036390766
58745092,other,40.75054633388813,-73.7560979480378
58744539,other,40.76461364859976,-73.83337540262073
58743991,other,40.81281538533719,-73.94180156942355
58749960,roads,40.69991919927839,-73.92840118702158
58742906,water,40.855056786278794,-73.88400273638412
58747834,other,40.80109722916129,-73.96729397939201
58748279,water,40.769096230184054,-73.83366022385192
58766266,other,40.67970299352295,-73.96953836038438
58748587,other,40.582700396503625,-73.99138851828305
58761248,other,40.82378042631277,-73.92711531713017
58742974,other,40.837562824374714,-73.9385852244066
58744549,other,40.71156200355716,-73.94217854223056
58756493,other,40.85015249756724,-73.93310833408336
58753793,other,40.76730140242901,-73.8338235511525
58750691,other,40.6105204538494,-73.9811815455634
58757880,other,40.61762760775566,-73.98770997076858
58757499,other,40.69334528955229,-73.85304446764994
58760061,other,40.707266975136086,-73.81855752406845
58765163,other,40.69042786134105,-73.9242284936853
58764866,other,40.74866453971866,-73.87011975666559
58760021,other,40.608669721901656,-73.95773618226873
58758852,other,40.711312701951,-74.00866056088664
58765927,other,40.850907433425654,-73.93828734693483
58762594,other,40.71428169486935,-73.94712168904316
58761578,other,40.718930319857414,-73.95801979602938
58758929,other,40.62507968797524,-73.96231885618299
58759193,other,40.64182484231985,-74.01846334893155
58770405,other,40.84063481991164,-73.9398473153047
58767309,other,40.71271559436536,-73.99875192955818
58767306,other,40.71603373811266,-73.99198092856042
58773396,other,40.71342698071094,-73.95084858313409
58775489,drainage,40.83560095760538,-73.91379272762778
58771772,roads,40.749422328142515,-73.94053600991373
58768578,other,40.72021702997022,-73.99943722282343
58768586,other,40.84700428937512,-73.8447207350228
58775420,other,40.74400767555111,-73.98569458106098
58780207,other,40.62023004854227,-73.99198883627028
58782736,other,40.6105204538494,-73.9811815455634
58776627,other,40.8412362625686,-73.84168027179035
58784149,other,40.66036275820409,-73.97949508547094
58779871,other,40.76397164061828,-73.97745246469351
58778138,roads,40.7818918163524,-73.7943019937298
58781789,other,40.71722203169627,-73.95523957868323
58778530,other,40.677049511904656,-73.97236966310787
58784267,other,40.64174589590802,-74.01381506553874
58780206,other,40.70760036353795,-73.94032444362041
58793013,other,40.71796331128404,-73.99207809684908
58791213,other,40.693862297662506,-73.92970228883433
58787520,other,40.72729300847452,-73.94969825028994
58787017,other,40.71832898996443,-73.83732583537434
58792684,other,40.83322442325393,-73.86081931009038
58789829,other,40.66549005068361,-73.91062427130956
58785928,other,40.71375020886776,-73.99379201568595
58791279,other,40.65895797993291,-73.96054085384422
58788751,other,40.72906957491511,-73.97830494397387
58786955,other,40.90592313012074,-73.85190877921119
58786100,other,40.7140817131468,-73.95444449314374
58790124,other,40.7273817765033,-73.97954301479777
58795898,other,40.6893727538404,-73.86583246821078
58793178,other,40.848101181612186,-73.918699453589
58801577,other,40.84814294333259,-73.91202344771298
58798690,drainage,40.58426588574477,-74.15434794683289
58796073,other,40.69314463829472,-73.95443355586906
58798898,other,40.67691334738026,-73.92125513341749
58795841,water,40.719643248849856,-73.8350571041813
58796058,other,40.838985557172734,-73.84986047774352
58795864,other,40.72766719443229,-73.97933727406384
58793166,other,40.86949175110067,-73.91641713784924
58794603,other,40.6522863711747,-74.00863848300065
58795866,other,40.82128792111657,-73.90094166674568
58801371,drainage,40.91049083035813,-73.90120666769795
58795500,other,40.60795285319305,-74.00173951461235
58799932,other,40.62541798113846,-74.00060160446644
59450082,other,40.711566033878675,-73.94479727775924
58797999,roads,40.72523672393795,-73.88162024845755
58794155,other,40.75674139125387,-73.85770166819212
58794440,other,40.68118119624488,-73.92928300436417
58798960,roads,40.76962393944188,-73.91856781320979
58795119,roads,40.76781296778121,-73.96201427230497
58806753,other,40.79229017898984,-73.97018385594863
58800284,other,40.686327117996505,-73.9431919953201
58809386,other,40.84814844652138,-73.91204151286445
58809396,other,40.74489525623928,-73.95002780400128
58810541,other,40.651969520907684,-73.95262010763777
58805487,other,40.851165846728094,-73.90974221994158
58810540,other,40.6518734490871,-73.95260936431222
58810527,other,40.83924842108658,-73.9134482849396
58805492,other,40.6741368512599,-73.9417387266522
58807644,garbage,40.73684521220268,-73.84739872902439
58810255,other,40.73986321079606,-73.98660123196585
58807672,drainage,40.72093658949013,-73.80229696156118
58814050,other,40.76157770678534,-73.83510847842652
58811671,other,40.72849266036305,-73.95694580574263
58813607,other,40.7440798456439,-73.99565856772038
58818639,other,40.71207284247314,-73.9281175990716
58811354,other,40.68721390072921,-73.72810358949893
58815239,other,40.698491201038664,-73.93173500791313
58812791,other,40.65192011186431,-73.95261293501966
58826292,other,40.6089205129772,-73.9696354853693
58827601,garbage,40.63575561663907,-73.96701832019657
58825458,other,40.66541201333006,-73.99287374154318
58822314,other,40.87854051688065,-73.86871611928319
58827636,other,40.59039133986666,-73.99153874884709
58822933,other,40.68195291407785,-73.84353307469837
58822819,other,40.676732117002445,-73.80396382075669
58821085,other,40.8406445373879,-73.8842121843603
58831246,other,40.78768190393614,-73.84220124181634
58829802,roads,40.62715578543678,-73.96562479378889
58832876,other,40.69176214491094,-73.84309536421368
58830126,other,40.72782001892975,-73.94973754002555
58830099,other,40.85486990622392,-73.86843027533638
58831599,other,40.7560070304439,-73.8632510214153
58832557,roads,40.729154351505656,-73.84944766490909
58834287,garbage,40.74305483988628,-73.95314717307951
58834255,other,40.63522589240648,-73.97873898351465
58830089,other,40.70681949083064,-74.00910000928843
58832820,other,40.76365650698707,-73.98023941338991
58830235,other,40.76168409066182,-73.92784025028587
58832874,other,40.83427469831031,-73.89953104387844
58830123,other,40.662005595349186,-73.7315368194849
58835496,garbage,40.58784661087044,-73.8167757547257
58834199,garbage,40.660300996357975,-73.89896047477431
58830165,other,40.63440733157437,-73.90289082188828
58832809,other,40.85381499666961,-73.90692993001598
58832792,other,40.76397164061828,-73.97745246469351
58835220,other,40.6577665233344,-73.98142050967213
58828912,garbage,40.77422999325384,-73.919107362267
58829791,other,40.77891152301299,-73.97886281046308
58831596,other,40.86170065844651,-73.8913806653553
58830098,other,40.73574673041185,-73.71437763626687
58832877,garbage,40.63359752194803,-74.1464420578952
58834218,other,40.7271408197722,-73.98313297006315
58831472,other,40.653337728953204,-73.97389313398618
58840980,garbage,40.79035071282617,-73.84695828947787
58837849,other,40.70568000485677,-74.01330172836009
58840931,other,40.76397164061828,-73.97745246469351
58836854,garbage,40.752386401339365,-73.85845448538275
58836805,garbage,40.66658728819991,-73.97623096774923
58845095,other,40.66939683525467,-73.94216102363771
58841124,other,40.831900200234024,-73.92856270428858
58836750,garbage,40.664544220440234,-73.81663716952706
58838893,other,40.730870673147855,-73.98138208638649
58847551,other,40.70545925891914,-73.81071053776861
58846333,other,40.707949554563484,-73.76229896403225
58846829,roads,40.634357258430654,-74.01074386128661
58850569,other,40.84616398829073,-73.90179375977927
58851624,other,40.72894881788312,-73.97836992762664
58851370,other,40.8053653198604,-73.91404500517991
58854169,other,40.683415269712846,-73.9439155870674
58849754,other,40.815993825965364,-73.80137511870277
58850111,other,40.840075011387675,-73.91779129427441
58853687,other,40.6126695545837,-73.93552535393415
58853938,other,40.838218659314784,-73.84283668918842
58847807,other,40.60158512369309,-74.16457921639618
58846347,garbage,40.60160100159054,-74.13560806649546
58848469,roads,40.68855305363482,-73.9124431513063
58846299,other,40.80775317800998,-73.94549775742212
58849127,other,40.71197244576545,-73.95129332904172
58855390,other,40.71862138719873,-73.98529599445743
58862252,other,40.67746170201435,-73.99523027648051
58857606,other,40.63718890654303,-73.94648378513268
58860870,other,40.75402871207903,-73.98538563194975
58861211,other,40.592772209736886,-73.96723038551497
58862868,other,40.75267371164249,-73.99770809214527
58857074,other,40.74232853238338,-73.99249742272457
58859377,other,40.7039969982094,-73.95331167734776
58855566,other,40.87008609553113,-73.87802872532436
58857967,other,40.69952831221686,-73.91104026235047
58858256,other,40.732464129117844,-74.00125926495778
58856592,other,40.74146691934281,-73.99885965187275
58860669,other,40.76115943492546,-73.96118060162792
58860873,other,40.75267371164249,-73.99770809214527
58860289,other,40.65399841572941,-73.72661356527351
58863119,other,40.62179962826799,-73.94237157363968
58856890,other,40.72625270668929,-74.0033012035559
58862871,other,40.77700222627826,-73.96162991498635
58859354,other,40.86891421130735,-73.89792399335256
58859214,other,40.63921941971758,-73.96660945026206
58857356,other,40.767143199220584,-73.9275455283221
58857301,other,40.5527826031443,-74.19755093685663
58857066,other,40.75218280925435,-73.86259115479288
58860998,other,40.86232549501031,-73.9026086336779
58857328,other,40.63696132616331,-73.96973802351486
58856931,other,40.681826806969944,-73.81582168193314
58859426,other,40.733286836043945,-73.94231123731863
58858306,other,40.76173622305565,-73.90510208596558
58858733,other,40.75298841064169,-73.9850538026649
58857075,other,40.705427532106405,-74.01290132921106
58860908,other,40.68138428962863,-73.9208244113176
58865573,other,40.88905670348957,-73.90014627513274
58863162,other,40.68386810055574,-74.00032450215981
58866775,other,40.74697072979371,-73.94497726263646
58867365,other,40.65490563926811,-73.97688385235827
58864605,other,40.691877038140824,-73.99164486868642
58863309,other,40.681583003242665,-73.91466965927592
58863235,other,40.71605592241624,-74.00349549383827
58866595,other,40.74262409093097,-73.95358413593237
58863412,other,40.749019441059644,-73.8810510570123
58863847,other,40.88430483804905,-73.86205769340944
58869274,other,40.87604502610229,-73.86583909078169
58863290,other,40.88320600782483,-73.89812626638727
58866753,other,40.75623590520166,-73.88155432888877
58868615,other,40.60140920204369,-73.99597754163395
58870790,other,40.72349741750839,-73.95064273114312
58868964,other,40.75169870568223,-73.97206078845703
58870603,garbage,40.622826426029484,-74.01044301578014
58868970,other,40.68386810055574,-74.00032450215981
58865010,other,40.68724140967115,-73.91291362288585
58879994,other,40.726245582721596,-73.95221372832549
58878470,other,40.78418999285049,-73.84580970233887
58897510,other,40.719721253726576,-73.9592530695281
58874730,other,40.638726210027905,-74.01696358513306
58874731,other,40.638649446790204,-74.0163366198982
58874556,other,40.74827705606773,-73.93917280509925
58877354,other,40.7489545254255,-73.99580622323438
58882438,other,40.73135173593732,-73.95445072731815
58885029,other,40.857190994532935,-73.86761592824293
58887637,other,40.835793173881164,-73.93989144476481
58889435,other,40.71752338306889,-74.01546853216115
58882413,other,40.74966739007307,-73.89845319094752
58885021,other,40.70256524090623,-73.81686079306591
58883361,roads,40.70608360349616,-73.86881050056122
58883838,other,40.880526057747986,-73.84732208490492
58881055,other,40.73701262197117,-73.87722587461296
58883810,other,40.65979482661043,-73.9808756987022
58882561,other,40.878721488180815,-73.90491703233499
58885274,drainage,40.683805820276575,-73.94556661281779
58888746,other,40.655984213429825,-73.73419924419544
58886874,other,40.54852767224695,-74.15493107721916
58893393,other,40.72597942342258,-73.94059661442057
58892933,other,40.75228653558433,-73.99339140331507
58890690,other,40.71723800925363,-74.01485160312706
58891994,other,40.7176147287562,-73.99210699752233
58897498,other,40.71785357454588,-73.9929006012168
58895683,other,40.66289412667831,-73.98376557577134
58897513,other,40.722222239870064,-73.98330738231145
58890486,drainage,40.62058713754668,-74.00173263955205
58895933,other,40.71980757238131,-73.98937944978826
58894436,other,40.75320191610128,-73.98107627046143
58895938,other,40.71816345845766,-73.98934724486317
58896105,other,40.723930932383595,-73.95027802756552
58891185,roads,40.78517604817531,-73.79984207012674
58894297,other,40.74966739007307,-73.89845319094752
58905117,other,40.78647000156529,-73.97619539258558
58905399,other,40.801048371569046,-73.96928417511369
58904036,other,40.74966739007307,-73.89845319094752
58904381,other,40.77079395712581,-73.9885337323758
58903400,other,40.78442582077069,-73.9795579877319
58901022,other,40.8286420274815,-73.94884835932334
58905118,other,40.778845122298655,-73.9761620111828
58906685,other,40.7328475654446,-73.98612274808997
58902794,other,40.76263587169043,-73.92681763304167
58905198,other,40.799492903227524,-73.962667997337
58905216,other,40.80017985309379,-73.96512007848753
58905041,other,40.79163049471737,-73.966717192094
58898711,other,40.78682036401614,-73.97191604870284
58900078,other,40.72483084046365,-73.99454140500941
58904090,other,40.789918273234996,-73.96846231710225
58906774,other,40.85314510672697,-73.91016246073798
58898717,other,40.71895163381738,-73.99617607383774
58901534,other,40.73503027995127,-73.88187347547557
58914107,other,40.6660804973139,-73.98165609865275
58910558,other,40.6244318261251,-73.98663521196691
58910646,other,40.73779442489342,-73.99773386344371
58911711,other,40.666201344100706,-73.98214268974587
58910691,garbage,40.708196640961816,-73.80955937600271
58944676,other,40.72397869213127,-73.98202619121835
58912416,other,40.76756879936416,-73.91201436153814
58913100,other,40.732337876220505,-74.00049793190519
58917779,other,40.71669253813003,-73.95587482887623
58922431,other,40.85006458539698,-73.90552187279998
58923541,other,40.717996546053875,-73.95652330228909
58921242,other,40.76511555973012,-73.99520233929233
58923178,other,40.70025852947234,-73.9411280446348
58923545,other,40.842508419768166,-73.85307637805393
58922901,roads,40.80469603488048,-73.9223862687793
58917566,other,40.71826533806636,-73.99375552072497
58917905,other,40.80222740424056,-73.95014369064663
58922441,other,40.71638573997485,-73.95062996086747
58924627,other,40.78394280798591,-73.97990118091252
58922432,other,40.782633709890305,-73.98072125668635
58923395,other,40.78651976486171,-73.9779973329608
58921241,other,40.69849814166355,-73.91348315118891
58916781,other,40.720092206292954,-73.98262609087227
58917786,other,40.7990412707316,-73.96674238136983
58917581,other,40.60871865002805,-74.00180436194137
58922464,other,40.71827846110514,-73.90499802069023
58917625,other,40.703860518933226,-73.98953707681466
58922074,other,40.71547645799355,-74.00926712653734
58921236,infrastructure,40.70427765946506,-73.87134234241721
58919938,other,40.824059510081995,-73.91389800929497
58924316,other,40.71547645799355,-74.00926712653734
58922442,other,40.71651403166927,-73.95562243283081
58920905,other,40.60615520117745,-74.0830659010658
58921108,other,40.79505123928204,-73.96965532550915
58921256,other,40.78523507544382,-73.97720332233645
58924637,other,40.71749450647451,-73.95719460600486
58918684,other,40.70025852947234,-73.9411280446348
58918609,other,40.51215922616907,-74.23938569215379
58924344,other,40.64220424094849,-73.98590377996032
58918659,other,40.75402018955593,-73.98326692968377
58921109,other,40.8001745949317,-73.96589302346035
58915878,other,40.66155497258776,-73.98603665701873
58930390,other,40.616619523068934,-74.03087949333364
58925470,other,40.70246048463602,-73.98749236276629
58932368,other,40.70575411209188,-73.76922819603766
58931729,other,40.65052682337049,-73.96298559807163
58932229,roads,40.651040029120956,-74.0110961169427
58936753,other,40.81610813234367,-73.91775948355487
58941848,other,40.733422018521374,-74.00290825829991
58941902,other,40.61962562388285,-74.01397618430462
58938453,other,40.7743697491425,-73.95343925256104
58935517,other,40.712644370964966,-73.78382050391308
58938090,other,40.74915781037565,-73.8694258444689
58937157,other,40.66287879720167,-73.99878890647065
58942172,other,40.72133294232513,-73.9833364659022
58937635,roads,40.630746096546055,-73.97716602654559
58939273,other,40.73779442489342,-73.99773386344371
58935631,other,40.77364206279381,-73.9598555143181
58938092,other,40.72690618668813,-73.85354411758362
58941987,other,40.716947210377654,-73.9863244639873
58937977,other,40.71183388731198,-74.01218836488958
58934693,other,40.715268156563866,-73.94955581961068
58938452,other,40.71640416042634,-73.95541328025962
58939402,other,40.711312701951,-74.00866056088664
58935782,other,40.71391125704922,-73.94165706668221
58946991,other,40.69012248911555,-73.92316870048278
58950641,other,40.72432865638317,-73.99770545918592
58947072,other,40.680362655929706,-73.94889359349271
58946628,roads,40.70048004032479,-73.78118032747368
58950661,other,40.85345055846364,-73.9076859278027
58949845,other,40.679168053772806,-73.9848576330702
58944385,other,40.80775317800998,-73.94549775742212
58945971,other,40.71125875881367,-73.95117842456688
58947391,other,40.66588957636889,-73.99243032377014
58947079,other,40.73579187102002,-73.95944531176498
58953611,roads,40.75183428049375,-73.82426509907472
58953200,other,40.74860136580631,-73.87008017987252
58953080,other,40.69698359512457,-73.93522383388691
58958624,roads,40.68094852259782,-73.9070197623242
58957302,other,40.76286076343741,-73.98164027353906
58955579,other,40.75228653558433,-73.99339140331507
58959422,roads,40.70000936227008,-73.83088612347797
58963919,other,40.69836325469388,-73.94978859862448
58962163,drainage,40.61465823693669,-73.90922277758293
58968153,drainage,40.67908683834631,-73.97547660589176
58967921,roads,40.6802585392866,-73.8151986749156
58964970,other,40.72432865638317,-73.99770545918592
58960556,drainage,40.6137015988606,-73.91826457496063
58969454,other,40.634177116402896,-73.94487930900152
58970798,other,40.70382433130749,-73.94181737428082
58970671,other,40.74860136580631,-73.87008017987252
58974439,other,40.72242005092005,-73.88377542205532
58973261,other,40.63882459315696,-74.01965876319909
58971765,other,40.64088016206104,-74.09637272351749
58993673,other,40.60393719512133,-73.99716220482514
58969554,drainage,40.61263764814047,-74.01157236582847
58971819,other,40.76286076343741,-73.98164027353906
58974323,other,40.77088337550573,-73.80256387007631
58971645,other,40.737501241306504,-73.87727549306356
59020472,other,40.68043743672307,-73.95042943431058
58976668,other,40.85935357188233,-73.84130816942836
58975404,other,40.530627754203906,-74.20152524749594
58985250,garbage,40.61654380931773,-74.00776578920112
58979196,other,40.88760427970515,-73.91684644391376
58981499,other,40.80771930443076,-73.96411191114464
58983985,other,40.72560490078649,-73.99543247751178
58977819,other,40.80791879074063,-73.9417841771661
58985393,drainage,40.59068784175096,-74.15500728949148
58981634,other,40.67047597232271,-73.99070307741144
58980260,other,40.70025852947234,-73.9411280446348
58985253,garbage,40.68418372663789,-74.0023075818366
58984057,other,40.718762283693174,-74.002409788131
58978176,other,40.84656420023243,-73.83610863739466
58985213,other,40.814228392008346,-73.94077073059458
58987533,other,40.7350657642674,-73.99041983091914
58988946,other,40.814228392008346,-73.94077073059458
58990505,other,40.692434478570895,-73.86001335914578
58990764,drainage,40.836567473303276,-73.84777350954609
58990963,other,40.60273216137227,-73.99513118041837
58990604,other,40.64510587940197,-74.01032038082394
58991963,other,40.86697795751078,-73.89351242755954
58989081,other,40.68746590021492,-73.98828844570228
59002335,other,40.72825081153192,-74.00536867560636
59001398,other,40.702499763110985,-73.92485313897636
58995181,other,40.73953733321922,-74.00269561829532
59002412,garbage,40.624851254568846,-74.03050144831278
58994880,other,40.697465481842805,-73.99308669431117
58999867,other,40.72063884550261,-73.98577535601649
59001397,other,40.68073637299652,-73.90272961741536
58997915,other,40.706648601224025,-73.92296570557454
59001385,other,40.844516817848664,-73.91519797445703
59002230,roads,40.63321043303218,-74.00117812952978
58998288,other,40.60534530932916,-73.99946700184773
59002657,water,40.83228518575849,-73.92974394584188
59001386,other,40.699518127498,-73.91958029657135
59009522,roads,40.634480551576736,-73.96219825482959
59004394,other,40.68860194090244,-73.83078885090987
59016296,roads,40.63284777043393,-73.92836506191817
59018188,other,40.70773914508888,-73.95593125172705
59020723,other,40.76161684453294,-73.92568166896429
59013204,other,40.817987593173825,-73.94413455807329
59027487,other,40.85359011894926,-73.9005754578018
59027071,garbage,40.56884653127385,-74.12908429342671
59026681,roads,40.747665188988705,-73.94505608779347
59024461,other,40.66752588010603,-73.7353103634141
59023104,other,40.72366855380327,-73.93588336623358
59046181,other,40.60006964031557,-73.82051612555854
59028377,other,40.73701262197117,-73.87722587461296
59028306,other,40.6284948656692,-73.92889931471403
59026975,other,40.717457724385184,-73.90831799735942
59026184,other,40.656855438042214,-73.95312121435825
59021654,other,40.76236202437476,-73.81479038008845
59042423,other,40.707351705083084,-74.01203966451274
59021789,other,40.71206602653065,-73.7947555460702
59029348,roads,40.6768082697723,-73.9557497994442
59028898,roads,40.7169885030698,-73.90182176335492
59026934,roads,40.59571795728286,-73.96932461700885
59028358,other,40.747214240254344,-73.99336664342263
59029458,other,40.773982486422085,-73.92658853610432
59029417,other,40.744012521241615,-73.89768230129113
59023131,other,40.76267707032424,-73.92686090593882
59022290,roads,40.72162824675368,-73.90311728088848
59024044,roads,40.674467381107625,-73.97546748926666
59023163,garbage,40.621989024906554,-73.95464063108462
59024531,other,40.776965841792176,-73.84787726551592
59026173,other,40.52479392531225,-74.20057603412099
59031000,other,40.65336477928717,-74.01190018022079
59033896,other,40.748606268292065,-73.97602485907609
59031072,other,40.711452531399594,-74.0105037926806
59033879,other,40.65416062193848,-74.01321937667731
59036482,other,40.69598323823408,-73.90902189377096
59037689,other,40.72148491930126,-73.95595463107301
59036468,other,40.72465712327398,-73.95406926978391
59035737,roads,40.68434889523044,-73.80077569919165
59037698,other,40.72841790292045,-73.94866551587279
59030656,other,40.74438180683489,-73.91654522722787
59032638,other,40.699594737218646,-73.91541116912747
59031009,other,40.65947111457188,-73.7531294270257
59037295,other,40.793918337867694,-73.97232476996535
59038673,other,40.69331512936964,-73.85306977679379
59040214,other,40.70832182015417,-73.95107958231544
59042535,drainage,40.82808419778328,-73.86836761149952
59041424,other,40.71809197861415,-73.94834519279495
59051227,other,40.622011260824465,-74.02704560399158
59052184,other,40.722940654486194,-73.94549496404514
59048310,other,40.706250955704284,-74.01295198363576
59062273,other,40.63822497006318,-74.0067017908193
59058939,other,40.719599156592466,-73.9916341783627
59057958,other,40.73218787429788,-73.95196050148951
59058772,other,40.712644370964966,-73.78382050391308
59055609,other,40.749670884987,-73.99529728925346
59063109,other,40.789716387210206,-73.80174242024911
59060066,other,40.71532556704347,-73.99165996572897
59068582,roads,40.65495440941251,-74.00701702087409
59069555,other,40.82654847063031,-73.95036033290124
59063540,other,40.68624389243033,-73.96994281738694
59071393,other,40.61082355310193,-74.06221463783378
59063235,other,40.77606576326383,-73.95286398573538
59063414,other,40.70686262960677,-73.95355132749297
59069400,other,40.68037088311759,-73.99067646022685
59074350,other,40.70110683336039,-73.92704746910407
59078864,other,40.86444666448185,-73.902037913787
59073868,other,40.75866125624938,-73.98133100304791
59079994,other,40.64070495533232,-74.01855312024458
59455840,other,40.727015133290486,-73.98764289445718
59077391,other,40.702134112354685,-73.92821847977142
59080159,other,40.7183061792661,-73.98927507319965
59075712,other,40.70549406595438,-73.92041706701343
59078700,other,40.714614794434716,-73.94341678571773
59079853,other,40.77350815555526,-73.91167074382821
59075760,other,40.6145540403215,-74.00359823383864
59079765,other,40.728604887563456,-74.00531458413064
59079442,roads,40.75928411341196,-73.95926496390386
59079750,other,40.68711802057324,-73.97537629684108
59075074,other,40.681615104127005,-73.90320786184733
59077045,other,40.66550889637562,-73.85611562995088
59083726,other,40.73138802660819,-73.94933795208583
59082738,roads,40.795587914373385,-73.95015949796851
59090337,other,40.80742301620198,-73.96457082955617
59083684,other,40.74966739007307,-73.89845319094752
59085119,other,40.65052978546897,-73.95582488903592
59081146,other,40.7237906922821,-73.99817448383693
59083444,other,40.776431633996104,-73.91577933159246
59086344,other,40.86553578168531,-73.92730455630686
59100815,other,40.7237906922821,-73.99817448383693
59087733,other,40.70749993508218,-74.01191705811951
59088060,other,40.72266726957462,-73.93688365677968
59088071,infrastructure,40.7568804453549,-73.92729680513636
59088064,other,40.681221112005986,-73.98461560264266
59083674,other,40.677049511904656,-73.97236966310787
59084178,roads,40.64470795338419,-73.89904534631643
59085544,roads,40.73713255577926,-73.99032932220675
59081456,other,40.71833087873738,-73.98923899478574
59082288,other,40.72622524566041,-74.00374136248857
59087735,other,40.70575136036927,-74.01337387786249
59082321,other,40.75587958187225,-74.00191302303082
59083698,other,40.70139543285993,-73.98675322444103
59082769,other,40.71700955063805,-73.9354965683812
59081139,other,40.748863460216285,-73.89270872944097
59087732,other,40.64717287372123,-74.00818376777927
59081095,other,40.686334895059446,-73.95451392925483
59091948,other,40.85445828032868,-73.86611398277928
59094175,other,40.75559871284167,-73.86149765887066
59094658,roads,40.55837885498764,-74.1066902642099
59092814,other,40.73701262197117,-73.87722587461296
59090317,garbage,40.63209451592041,-73.95979655029714
59095437,other,40.74966739007307,-73.89845319094752
59091494,other,40.790186513269596,-73.97690549722878
59091549,garbage,40.603237200091016,-74.00495888704033
59095461,other,40.75574443605485,-73.98758342283777
59091522,other,40.538325674107845,-74.21728856241118
59095497,garbage,40.639590813412696,-74.0303316295381
59095435,other,40.76286076343741,-73.98164027353906
59090246,other,40.71008859656407,-74.00784161332851
59092559,other,40.84592922366898,-73.91009630432157
59097064,other,40.63789579091943,-73.99988830403747
59096743,other,40.71008859656407,-74.00784161332851
59099823,roads,40.895805602326625,-73.89670714663886
59099740,other,40.76190202447201,-73.92525900356391
59102572,roads,40.57887739549989,-74.16833917454899
59102077,other,40.814228392008346,-73.94077073059458
59100696,other,40.66823221184032,-73.83405956081512
59099749,other,40.710486577229624,-73.99201405907677
59103827,other,40.713755012601155,-73.96178536165374
59106519,other,40.60239446287174,-73.99336302580852
59106208,other,40.66448881742053,-73.98358496104811
59105923,other,40.864791367403505,-73.90731587671074
59105149,other,40.864821840771654,-73.9267991819153
59106209,other,40.67480403958769,-73.97136116826582
59104741,other,40.72285182843143,-74.0062773782181
59110337,other,40.717889459381354,-73.99808445996966
59114928,other,40.812117731364886,-73.90409821625235
59107875,other,40.60639107775869,-73.99999639860472
59109096,other,40.61350963486673,-73.98180381073841
59110125,other,40.8465168407674,-73.94006247447155
59115062,other,40.733336876834024,-74.00457887725551
59109097,other,40.6148323974149,-73.9804167376208
59107872,other,40.71812837333261,-73.95673244743242
59107694,other,40.61555869096264,-73.99999639811011
59108887,garbage,40.7628436203682,-73.92135930224077
59114010,other,40.67270775762264,-73.8903582246473
59114929,other,40.812117731364886,-73.90409821625235
59115684,roads,40.706360911001795,-73.90525666042274
59121035,other,40.67548461611249,-73.90819183636334
59120845,other,40.71832898996443,-73.83732583537434
59121987,other,40.64668426492032,-74.00869181124375
59115980,other,40.67255012646544,-73.91127812479539
59118019,other,40.74415669200958,-73.94950868460155
59130547,other,40.615248879784595,-74.1061976544154
59126480,other,40.733138683303125,-73.95473455725129
59124054,other,40.72622524566041,-74.00374136248857
59124161,other,40.61405370301212,-74.01390658335957
59129252,other,40.72126214713671,-73.98788567051272
59130863,other,40.83426900436056,-73.85110340512836
59131550,roads,40.79085580388825,-73.8221433355101
59132156,other,40.57832205252633,-73.98725641849596
59139122,garbage,40.68742040665049,-73.86281475627379
59131930,garbage,40.664324326488774,-73.98501960176
59135222,other,40.7288382648306,-74.00338070792151
59147111,roads,40.66390338931689,-73.93992739174291
59131985,other,40.71083497099951,-74.01038105606443
59136308,other,40.66308949199978,-73.96238749617706
59139165,other,40.63702816341409,-74.00795192853438
59165981,other,40.7006125019763,-73.91467415444687
59133417,other,40.64806470055401,-74.01092625081695
59138140,other,40.87170716575823,-73.86713867251989
59132333,other,40.72256295650137,-73.98606355917887
59133585,water,40.75338268595401,-73.97887091101404
59144604,other,40.68030253504975,-73.99504980395545
59146051,other,40.58459153978958,-73.9555912879191
59142238,other,40.714626601875366,-73.9396435982303
59140398,other,40.71547645799355,-74.00926712653734
59143639,other,40.705783229863684,-73.92597474863045
59141463,roads,40.735987917187984,-73.98945625556239
59140443,other,40.74736579458662,-73.86729281683262
59145827,other,40.874864357152155,-73.85856619989463
59143640,other,40.70926192285903,-73.95447664270334
59140927,roads,40.80641492221885,-73.94226230536307
59146561,roads,40.73602925896265,-73.99152025503739
59146490,other,40.726642430268825,-73.85771542817943
59146335,other,40.714058145967236,-73.95054511179092
59147453,other,40.703743692437385,-73.91388389564405
59147739,other,40.718814546892204,-73.95668871233048
59146014,other,40.664950919312524,-73.9933531968868
59147428,other,40.83403905549454,-73.94489080211983
59144732,other,40.63702816341409,-74.00795192853438
59143189,other,40.7598995571408,-73.98414260863386
59147743,other,40.718616179161884,-73.95475163531786
59147509,garbage,40.62380881375689,-73.98711804962684
59150762,other,40.73100552204162,-73.96089869315747
59152154,other,40.71682140474025,-73.99090944721051
59150394,other,40.6601010746924,-74.00167960144141
59150817,other,40.74603291351334,-73.86350968523132
59155017,other,40.88562559210565,-73.90984371275502
59149107,other,40.67960716824603,-73.85050772899125
59152935,other,40.71712126086288,-73.90632718617306
59153391,other,40.68688692485173,-73.83681480427565
59161669,other,40.77169580618168,-73.9591815548924
59157856,other,40.689531822581486,-73.84396242060946
59164167,other,40.75866125624938,-73.98133100304791
59163141,other,40.72185486130175,-73.9865038386843
59162880,other,40.75058043949768,-73.94020293056573
59159295,other,40.68997109052528,-73.98217238296165
59165638,other,40.63702816341409,-74.00795192853438
59170757,other,40.71547645799355,-74.00926712653734
59173053,other,40.73701262197117,-73.87722587461296
59168286,other,40.71053587794686,-74.00937825734793
59172941,other,40.77009649647341,-73.98586226894467
59174237,other,40.72285182843143,-74.0062773782181
59174668,roads,40.68753178141325,-73.78494038708322
59167307,other,40.6150908929264,-73.98350706171375
59169553,other,40.71053313523853,-74.00935300780858
59169129,roads,40.73498579451062,-73.85065772002305
59176528,other,40.73701262197117,-73.87722587461296
59183080,other,40.71832898996443,-73.83732583537434
59176906,other,40.69424149860103,-73.93039787436464
59178054,other,40.69090795473609,-73.91597390169062
59183096,other,40.733103520922796,-73.8692299843164
59176537,other,40.74130174724627,-73.98934715400475
59178985,drainage,40.82869969392123,-73.86657051824805
59176745,other,40.72008065972817,-73.97920253964847
59177687,other,40.84189309838841,-73.87349044894748
59176536,other,40.721453508404714,-73.84398148095127
59178038,other,40.70259611135562,-73.93428427269525
59190416,other,40.76016833864922,-73.83042294583589
59190298,roads,40.73543266047372,-73.98270147507695
59191728,roads,40.6718921878569,-73.89586790577127
59187523,other,40.63075843318011,-74.0144648816259
59187518,other,40.764694330916285,-73.82305792917643
59187220,other,40.742452245537685,-73.88201910140538
59185142,other,40.713151956527994,-74.00376948598377
59190172,roads,40.84196931610033,-73.90415637837842
59185160,other,40.76827067961439,-73.98183373020223
59186173,other,40.702146602995356,-73.80111202259863
59193496,other,40.72526738615693,-73.99984847158544
59193410,other,40.713151956527994,-74.00376948598377
59199451,other,40.765320774042614,-73.77189536218215
59199450,other,40.79794629735093,-73.94002313633678
59198079,other,40.76236261289656,-73.99597504094498
59192222,other,40.64373394581316,-73.99899825179082
59207032,other,40.689973849224984,-73.9822625299689
59200883,other,40.62406510347296,-73.95729415168296
59203685,other,40.733422018521374,-74.00290825829991
59200791,other,40.79944520705474,-73.96838195488034
59202227,other,40.650842865478886,-73.94957570068063
59204104,other,40.70315549987592,-73.92038018588677
59203922,other,40.723197835888755,-74.000855026644
59208360,other,40.71029986883365,-73.96335999867692
59206357,other,40.73716250378715,-73.86404747543436
59208124,other,40.637758073368815,-74.12094850078086
59205047,other,40.57682720235867,-74.16054402379785
59203669,other,40.79609178626078,-73.96145638753156
59205114,other,40.68962547966401,-73.95352367026912
59200491,roads,40.64023258609401,-73.97986519670864
59207031,other,40.765515956393685,-73.93271320972308
59201297,infrastructure,40.70432703822901,-73.92372939936729
59208362,other,40.70871456055995,-73.9586935105979
59202224,other,40.7328475654446,-73.98612274808997
59203967,other,40.607632530820446,-73.93026848058382
59207109,roads,40.72654614344362,-73.87401970159125
59204173,other,40.76866182341517,-73.92880021581001
59216507,other,40.667204341181275,-73.99268250207656
59216718,other,40.70519809608744,-73.95065267334672
59216229,other,40.80775317800998,-73.94549775742212
59216509,other,40.708769529409395,-73.95889907136689
59211069,other,40.715125843205016,-73.94449131868599
59223375,other,40.735974342479494,-73.87651332399957
59225457,roads,40.68167049405539,-73.83779743982831
59219309,other,40.67105488518062,-73.98814713189905
59219004,other,40.76286076343741,-73.98164027353906
59225217,roads,40.86138148595016,-73.86943688162872
59221627,other,40.75085085265013,-73.94886839064655
59219495,other,40.78351002400934,-73.97114108523716
59227326,other,40.61407232835322,-73.98187209174232
59230703,other,40.83728574765848,-73.88773435188425
59233343,other,40.752882412510274,-73.90600620032484
59227327,other,40.72097030539828,-73.95978262118551
59228304,other,40.82874179949531,-73.8772987188269
59228200,other,40.72285182843143,-74.0062773782181
59232962,roads,40.676460885090954,-73.80751212298135
59229807,other,40.716783663452475,-73.96552085061542
59226001,other,40.74225979875256,-73.87395029272737
59226985,other,40.83557583761306,-73.92086858593854
59239568,roads,40.7663590498608,-73.88755427629076
59241680,other,40.67562429293593,-73.95327385770851
59243136,other,40.742043691703145,-73.95056403462041
59242650,other,40.74840275715597,-74.00588278787674
59237285,other,40.80209543286648,-73.94962727577145
59239037,other,40.71786634653639,-73.94710802280638
59239052,other,40.64497989785232,-73.99348491156677
59239839,other,40.814228392008346,-73.94077073059458
59247178,drainage,40.83733229859042,-73.8876222424462
59246574,roads,40.753595185397074,-73.9233734125412
59248615,other,40.662941637867036,-73.99175302199517
59244109,other,40.73701262197117,-73.87722587461296
59245541,other,40.69953105419444,-73.91103665226316
59249769,other,40.70194663091429,-73.77312925819548
59244339,drainage,40.66159513834546,-73.97935053161859
59245557,other,40.689773557260224,-73.78456174786383
59251085,other,40.63461309520704,-73.94396380745232
59245530,other,40.70257567248955,-74.01332996168195
59244108,other,40.81610193092446,-73.89643706608672
59244215,other,40.73521408143234,-73.99171521010928
59244112,other,40.8444313561996,-73.91468846937256
59281729,other,40.734072008817265,-73.98871324972123
59255201,other,40.73068252343189,-73.85979590155999
59259970,other,40.75855042840122,-73.92485487691202
59252463,garbage,40.63892746412587,-73.97325020454049
59256158,garbage,40.748742733490374,-73.91220524414042
59255193,other,40.69955273428246,-73.95212466835444
59252420,other,40.83728574765848,-73.88773435188425
59255017,drainage,40.742752233957845,-73.88014561878013
59259666,roads,40.62654419279013,-74.02089440010482
59257359,other,40.74711558573336,-73.99717775997941
59256175,other,40.64612977585303,-74.00923947712646
59254923,other,40.724833710368266,-73.99901146391878
59256178,other,40.710373925407936,-74.0095189080812
59252430,other,40.685542410623675,-74.00049758247174
59258595,other,40.7077058116168,-74.01172953773968
59258524,other,40.72622524566041,-74.00374136248857
59258545,other,40.68043743672307,-73.95042943431058
59257465,other,40.781085896227474,-73.84596132435823
59254724,other,40.747261592882005,-73.8433363799976
59253642,other,40.78143250714443,-73.97214580550921
59265280,other,40.76889567827116,-73.81897086181392
59264401,other,40.83403905549454,-73.94489080211983
59267876,other,40.76397164061828,-73.97745246469351
59263701,other,40.739885491490455,-73.87138184225613
59265472,other,40.75351468129382,-73.85860729015339
59266003,roads,40.712198602397436,-73.83257218619315
59262614,other,40.71931654435743,-74.00688671228023
59270864,other,40.697724134655466,-73.909928313506
59272210,other,40.75632274503534,-73.91454864958719
59274013,roads,40.74171428915491,-73.90633230529538
59269126,other,40.67882064523961,-73.92078779657722
59276152,other,40.791180250854985,-73.94494794773543
59274305,other,40.85169499447693,-73.93797213926113
59270423,other,40.72622524566041,-74.00374136248857
59274591,other,40.71915936695697,-73.98534998810013
59274758,other,40.827966589688494,-73.87617638362836
59270443,other,40.74964289667063,-73.98788772779935
59274590,other,40.71890948673392,-73.98453114613707
59273456,other,40.69960229464161,-73.91449512576052
59270688,other,40.660151484515104,-73.91427176642196
59278646,other,40.70476353057943,-73.94279397310386
59278406,other,40.847389472342215,-73.93970747268665
59289268,other,40.8009686484327,-73.96881466196893
59281551,other,40.76011648520396,-73.98483562074706
59278899,roads,40.64902297959789,-74.00624160230508
59278644,other,40.70507371399542,-73.94284420110394
59281885,other,40.63931554988206,-74.13233735991099
59284946,other,40.68021725818824,-73.89305352228601
59277500,other,40.668673892797685,-73.91049383842164
59279864,other,40.80209543286648,-73.94962727577145
59281894,other,40.70152165682099,-73.98645025047277
59281446,other,40.729844816129585,-73.86160530804291
59278829,other,40.61644800364556,-73.99976587403853
59280140,other,40.70495018886934,-73.94282266668937
59289349,other,40.70559526207743,-73.94293031606225
59289518,other,40.664915793165456,-73.9765956234496
59453087,water,40.71052437851867,-73.94769818619035
59289077,other,40.77789056928608,-73.95179032471655
59286429,other,40.61920249368955,-73.92270641769414
59287969,other,40.70386809033354,-73.9415071631508
59289168,other,40.63509923484876,-74.02331105166084
59293602,other,40.67109715135445,-73.9448055383356
59286276,other,40.67886204263649,-73.88802268043925
59299556,other,40.74714093175865,-73.94503486613837
59299662,other,40.749752706865934,-73.88415361560237
59296594,other,40.754202099104,-73.94283814161533
59302494,other,40.72432865638317,-73.99770545918592
59295466,other,40.70897497467231,-73.93433569508497
59301062,other,40.811107518494005,-73.95234425968995
59299580,other,40.64142420539898,-74.01781824985058
59299834,other,40.71898390764613,-73.98706357933631
59310670,other,40.83147319999283,-73.86773575695786
59307544,other,40.72401514218212,-73.98791042433999
59307385,other,40.8318972349415,-73.85735302461958
59305658,other,40.778792327194466,-73.90544607213958
59311819,garbage,40.60988869149367,-73.95850614961346
59303989,other,40.70681949083064,-74.00910000928843
59302957,other,40.83344979626229,-73.85881324052681
59303834,other,40.86251881435721,-73.91828776398023
59304120,other,40.7727845503892,-73.9647156215924
59309208,roads,40.725435680911936,-73.95173807563845
59307632,roads,40.82977791789978,-73.85053891020975
59304273,other,40.69146570632819,-73.90605311409182
59305527,other,40.71008859656407,-74.00784161332851
59305657,other,40.749752706865934,-73.88415361560237
59304119,other,40.74332954516164,-73.88371368418014
59310547,other,40.714215738562345,-73.96061635772382
59308640,other,40.80209543286648,-73.94962727577145
59305671,other,40.52280072989877,-74.19926078139106
59318071,roads,40.731351188882584,-73.98255460051172
59314787,other,40.74964289667063,-73.98788772779935
59313314,other,40.76738695563547,-73.98236465612317
59318994,other,40.76397164061828,-73.97745246469351
59313297,other,40.7598995571408,-73.98414260863386
59314893,other,40.74937762834604,-73.88788971552283
59311779,other,40.83322442325393,-73.86081931009038
59311759,other,40.850907433425654,-73.93828734693483
59311773,other,40.7440798456439,-73.99565856772038
59313380,other,40.70176353125533,-73.98968166782515
59313662,other,40.82880196766802,-73.87709625541201
59318995,other,40.74103872420417,-73.99787449135968
59322254,roads,40.61355996988293,-73.94279289183909
59256436,other,40.768998010626746,-73.9309840210793
59327478,other,40.70920704186418,-73.95451274968978
59320806,other,40.72533584279212,-73.9938847398394
59325769,other,40.761147122927376,-73.8797407121417
59320649,other,40.66153589176619,-73.91567569316614
59335942,other,40.74964289667063,-73.98788772779935
59329739,other,40.71828676839578,-73.98733066532452
59335949,other,40.72560490078649,-73.99543247751178
59330871,other,40.721143816716285,-73.94188522903026
59333958,other,40.70790894090492,-74.01156365700554
59334211,other,40.8287066553869,-73.87780466405673
59335082,other,40.696903650725865,-73.96658416683302
59330712,water,40.84279763287378,-73.85387809136463
59335041,garbage,40.61959033021022,-73.98970517692152
59335958,other,40.7328475654446,-73.98612274808997
59341672,other,40.70313021791294,-73.98758961588808
59343070,roads,40.75495825982535,-73.91047896372969
59339728,other,40.84063481991164,-73.9398473153047
59336917,other,40.72622524566041,-74.00374136248857
59341615,other,40.76016696972007,-73.97522656163717
59342972,other,40.70678660384487,-73.9490212148802
59340755,other,40.70227365694661,-73.91179037346726
59452595,drainage,40.692358711307314,-73.75550304684532
59353583,other,40.73986321079606,-73.98660123196585
59351300,other,40.718835903659624,-73.98912347416437
59369179,roads,40.786775632035315,-73.84384285554229
59345275,other,40.75199081284663,-73.9773626789589
59352632,other,40.7183061792661,-73.98927507319965
59348084,other,40.7040770706616,-74.01322927506605
59346627,other,40.68808752652342,-73.96684099149986
59355236,other,40.765515956393685,-73.93271320972308
59356404,other,40.569708780157065,-74.12375161724263
59253645,other,40.78864383468565,-73.97621989412288
59359637,roads,40.794354159862365,-73.94140960170793
59358720,other,40.70034017091679,-73.9452682014451
59353624,other,40.775060588140406,-73.91385665907818
59358719,other,40.74455255357003,-73.95093749486297
59358524,garbage,40.6664467934552,-73.99285560780012
59358155,roads,40.835203984799826,-73.86597926814875
59360901,other,40.67936229171159,-73.93073067331869
59356414,other,40.714601787593764,-73.95096314856976
59396719,other,40.760753085757045,-73.98352513961923
59360820,other,40.73027652131009,-73.71776384104042
59354935,other,40.69561605241498,-73.82975048864388
59357477,other,40.71451581030031,-73.99096747746076
59355235,other,40.67917996590987,-73.99618195967425
59354790,other,40.78143250714443,-73.97214580550921
59353906,other,40.62947724672299,-73.99197691833623
59361297,other,40.71378327389751,-73.92044684910809
59354810,other,40.66823221184032,-73.83405956081512
59353666,other,40.708427700616674,-73.78054827551571
59357611,other,40.78507922169945,-73.77842510011234
59357636,other,40.64017121331309,-74.00112060093223
59356142,other,40.63036401909992,-74.00413588689898
59355738,roads,40.84086856811018,-73.87280571970754
59360991,other,40.669976467145986,-73.77365616549451
59360882,other,40.79609178626078,-73.96145638753156
59368460,roads,40.748468534594956,-73.99246064048197
59367482,other,40.69311661393076,-73.96925095787829
59366220,other,40.6036680945901,-74.00578360492894
59367399,other,40.74964289667063,-73.98788772779935
59363555,other,40.75078795564907,-74.00563035440143
59364719,other,40.721453508404714,-73.84398148095127
59370301,other,40.70814086416124,-73.93990556012592
59363437,other,40.896004431603515,-73.8419983430241
59370083,other,40.77789056928608,-73.95179032471655
59369112,other,40.89002684832865,-73.85923197599539
59367479,other,40.76000944399986,-73.98486452272718
59362488,other,40.71032726235273,-74.00954415049303
59363033,roads,40.69424167981726,-73.81089744951171
59370080,other,40.66823221184032,-73.83405956081512
59363718,other,40.5981143857324,-73.98388575376929
59367425,other,40.702633913952624,-73.99373534534621
59363359,other,40.75866125624938,-73.98133100304791
59362352,other,40.854778833817846,-73.88601669125735
59369102,other,40.62848820664623,-73.92282895939793
59370142,other,40.588954675167635,-74.16759047831839
59372836,other,40.742452245537685,-73.88201910140538
59375285,other,40.76985147276612,-73.80915201350913
59375579,other,40.67912695207082,-73.98539844089349
59375779,other,40.642073323535065,-74.00269888753854
59372626,other,40.63890541950942,-73.9630316790641
59374450,other,40.64662968005455,-73.99798560592754
59371797,other,40.643892250725735,-74.01436322968702
59373937,roads,40.69942773009148,-73.91230985742006
59379224,other,40.751560140520674,-73.71693376806515
59372846,other,40.76245515218484,-73.98598662527205
59373245,other,40.75172805521956,-73.85221186895495
59374451,other,40.64544120361209,-73.99923245385546
59371495,other,40.74917626289426,-73.88969822207801
59378107,other,40.77359212440208,-73.91381884380968
59372788,other,40.866325775799574,-73.89169850352053
59257334,garbage,40.63892746412587,-73.97325020454049
59392051,other,40.754202099104,-73.94283814161533
59381058,other,40.733941328220624,-73.86980927527524
59379726,other,40.74513868845047,-73.9084386957908
59381937,other,40.713151956527994,-74.00376948598377
59384239,roads,40.81552838863836,-73.80855498540961
59380898,other,40.65142670074064,-73.93683212688069
59393270,other,40.702146602995356,-73.80111202259863
59394507,other,40.76879709047681,-73.95842519416915
59394497,other,40.76016696972007,-73.97522656163717
59390717,other,40.83739648982772,-73.91445174502465
59394496,other,40.74897044329244,-73.93724491046957
59388321,other,40.633335791005145,-73.94771544689117
59391127,other,40.676149766750875,-74.00271468719299
59401834,other,40.76041687018924,-73.9758329022276
59397828,other,40.71701991582619,-73.9578803117463
59398748,other,40.74811933520006,-73.98589941439634
59397964,other,40.64367853240304,-74.01095796324488
59398686,other,40.78431670635453,-73.94715273366828
59398970,other,40.6447152309043,-74.01763535204812
59398707,other,40.64049427647823,-73.92337357607731
59445773,drainage,40.60726922951052,-73.99351740322439
59446541,other,40.66060328113816,-73.99519183435176
59408238,other,40.8198786241704,-73.8577689862912
59405001,other,40.746349618131774,-73.89608355002642
59409328,other,40.726520872068576,-73.85272236493427
59409379,other,40.75071797387038,-73.85876481263608
59410382,other,40.67731508862104,-73.9831131247339
59445771,drainage,40.783532523661606,-73.81668503443981
59408217,other,40.75574443605485,-73.98758342283777
59410444,other,40.701889789829046,-73.98967443517469
59405005,other,40.746844871024095,-73.89143078866834
59441966,drainage,40.639695261295664,-73.9415922415035
59410394,other,40.67590715754083,-73.94159297413725
59420029,other,40.70256524090623,-73.81686079306591
59415950,other,40.69584244109906,-73.90136966746812
59414363,other,40.704793447608445,-74.01328712461337
59412827,other,40.66823221184032,-73.83405956081512
59418609,other,40.793918337867694,-73.97232476996535
59456134,drainage,40.842191078563765,-73.89410145772594
59449139,drainage,40.66153565233169,-73.75591518608597
59420302,other,40.74811178309222,-73.99354339782462
59412845,other,40.764810655208066,-73.97334765434452
59420038,other,40.70256524090623,-73.81686079306591
59418986,other,40.83995268689009,-73.93713740225338
59418690,other,40.74937762834604,-73.88788971552283
59455849,drainage,40.646909204175905,-74.01030264184891
59417371,drainage,40.67822329746319,-73.87046605006567
59414268,other,40.75402018955593,-73.98326692968377
59428400,other,40.71885833580792,-74.00302306192252
59426013,other,40.90377993241837,-73.85009032722732
59425683,other,40.690278824954625,-73.98437552163853
59429335,roads,40.68323755413284,-73.77418443771207
59426925,other,40.72955835282323,-73.86076883392737
59421746,other,40.84304310512999,-73.93691040101712
59427371,other,40.84153234116512,-73.92157348351579
59425687,other,40.75863579889287,-73.97714384300713
59428295,other,40.75866125624938,-73.98133100304791
59426924,other,40.7184624813724,-73.98777795585599
59425586,other,40.58961747798557,-73.97425289080928
59421528,other,40.76879709047681,-73.95842519416915
59424287,other,40.66613417819051,-73.88490802481506
59421194,roads,40.67169436643357,-73.81662832695501
59424266,other,40.75574443605485,-73.98758342283777
59435474,drainage,40.619735972410574,-73.90236104255325
59435927,water,40.59966324002916,-73.95560286975986
59436112,water,40.66978426959368,-73.77362437425641
59435678,other,40.738616777149396,-73.86366921921686
59436573,other,40.848121458907606,-73.89016668521195
59436089,water,40.632608304820025,-74.02944576743343
59435048,other,40.83723772148566,-73.91502655818604
59436478,other,40.834569343522226,-73.89446050915083
59435728,other,40.6583190463422,-73.90515188962819
59431332,other,40.69813590160696,-73.94480479162732
59446379,other,40.82796192159908,-73.86237323627951
59444909,other,40.76286076343741,-73.98164027353906
59446238,water,40.649991918920854,-74.00564347064662
59449729,water,40.86933711134246,-73.88640753510289
59455872,drainage,40.794708514880895,-73.9419726968612
59449225,drainage,40.604908748927826,-73.99434593494713
59453353,other,40.64799658993686,-73.99847926348086
59456025,drainage,40.66400331792089,-73.98605777153465
59448425,other,40.76016696972007,-73.97522656163717
59459339,drainage,40.6256633779919,-73.96826254519449
59458821,other,40.77343908272433,-73.98221141536894
59457921,other,40.58747943731749,-73.8070989307325
59460108,water,40.826286702480864,-73.94804440465097
59462396,other,40.66682256270193,-73.88165543248407
59459058,other,40.64640959047477,-74.01098363666428
59469866,other,40.704544648053876,-73.95020231975452
59459507,drainage,40.6137015988606,-73.91826457496063
59465005,water,40.70488656659559,-73.86853153208686
59466432,other,40.707724422210326,-73.94704753948167
59468758,water,40.7219806668189,-73.95328104075044
59474612,other,40.6329583052909,-73.9342015280237
59468929,other,40.70749215291404,-73.94934889938128
59467282,other,40.791640872995636,-73.964698405059
59472611,other,40.813379781395206,-73.95146477169187
59472458,other,40.712198097146164,-73.94081810891218
59472605,other,40.6597113219272,-73.9987961725241
59482016,other,40.740333322916975,-74.00213631204251
59476033,other,40.751218871645,-73.99418192948342
59477581,other,40.722695042781446,-73.95513849548917
59475137,roads,40.75293631584285,-73.98548693251183
59481055,other,40.70944367564103,-74.0062328319803
59476345,other,40.71681258354454,-73.94188179083733
59482979,roads,40.77169580618168,-73.9591815548924
59475923,other,40.764810655208066,-73.97334765434452
59480623,roads,40.70683284422224,-73.78337046235433
59482095,other,40.64576432199611,-74.01329699061054
59480096,other,40.70863043959136,-73.95400456751538
59479800,other,40.64520431702971,-74.01388064443375
59476161,other,40.712771889162674,-73.94108452809672
59485228,other,40.74917626289426,-73.88969822207801
59484287,other,40.64282969908853,-73.96981463599826
59485168,other,40.83150874854385,-73.86762005159191
59483119,other,40.80742301620198,-73.96457082955617
59487910,roads,40.908169780971356,-73.90903893065772
59485231,other,40.69942773009148,-73.91230985742006
59484169,garbage,40.76277356758944,-73.88669035471628
59489261,drainage,40.73204118022564,-73.89912952581331
59485152,other,40.77918017382078,-73.9507928265217
59489126,other,40.754202099104,-73.94283814161533
59486141,other,40.764810655208066,-73.97334765434452
59485425,other,40.71897043761214,-73.9895635645932
59488440,other,40.728827971272594,-73.95119441692106
59490071,other,40.70256524090623,-73.81686079306591
59484184,other,40.75841839438568,-73.82938061064586
59491084,other,40.749752706865934,-73.88415361560237
59495136,other,40.72418470742104,-73.8920016536172
59494007,garbage,40.64343726420831,-74.00757073248899
59499561,other,40.742452245537685,-73.88201910140538
59499578,other,40.71183388731198,-74.01218836488958
59496097,other,40.71504120277106,-73.95859580087522
59491984,other,40.71183388731198,-74.01218836488958
59505171,water,40.66018925362006,-73.73900145944714
59502683,other,40.65223575512737,-73.98121302545292
59504039,other,40.72622762791864,-73.9553489818662
59508098,other,40.63191475236751,-73.94352293203069
59507747,other,40.78431670635453,-73.94715273366828
59501037,other,40.70562072624828,-73.95050448346655
59507746,other,40.72560490078649,-73.99543247751178
59507619,other,40.77762941604363,-73.97720953677016
59505398,other,40.70487573542347,-73.93208553490348
59515616,other,40.71048894602785,-73.94825008807449
59515252,other,40.76286076343741,-73.98164027353906
59514370,other,40.72181415448642,-73.95560086545957
59509375,other,40.71236136199044,-73.9938390376082
59515485,other,40.71139389089009,-73.94644224386701
59513935,other,40.7090967335261,-74.01710412938712
59515269,other,40.764663898952584,-73.98066147906952
59508927,other,40.7090967335261,-74.01710412938712
59509016,other,40.827948773847346,-73.92574127710843
59511502,other,40.77025746144904,-73.9178449869106
59521548,other,40.602930768250545,-73.94013710435027
59520783,roads,40.692960084972256,-73.93105191113327
59522964,other,40.73668960129625,-73.86570110684949
59519079,other,40.67632640365338,-73.8654621450227
59519486,roads,40.6656372358933,-73.99598808677922
59519158,other,40.71003629783098,-74.0097785635097
59516757,drainage,40.84217266124446,-73.88628766808922
59518085,other,40.69901653065374,-73.9565897757406
59522966,other,40.7667171977696,-73.96913033549744
59528184,roads,40.575513476886236,-73.98239731823975
59531940,other,40.694306160047354,-73.94318159076876
59528672,other,40.83545477951049,-73.92044591578816
59531102,other,40.72432865638317,-73.99770545918592
59525529,other,40.74601223108109,-74.00016601136937
59528659,garbage,40.76142305705793,-73.72413310293777
59531749,other,40.742377064999275,-73.84215697754966
59530259,other,40.71018003587268,-73.79151504165415
59526934,other,40.704656655924836,-73.9489975967702
59532544,other,40.74301314289511,-73.97951656251196
59525819,roads,40.669032552237404,-73.99684581961709
59525432,garbage,40.68598818132456,-73.94613453111464
59528618,other,40.77792833995508,-73.97596736305235
59526510,other,40.777771811824906,-73.9755955211297
59530241,other,40.74301314289511,-73.97951656251196
59531014,other,40.74180836717385,-73.98049489472714
59530343,other,40.7440798456439,-73.99565856772038
59540993,other,40.63710227613572,-74.00790149462763
59535386,other,40.697947342309725,-73.92663259063775
59540909,other,40.74671576606852,-73.92176811011018
59538924,other,40.74361690157988,-73.97903640473619
59539880,other,40.77804091986484,-73.97618757382864
59536124,other,40.742452245537685,-73.88201910140538
59539937,other,40.69256481680922,-73.79498145503052
59539114,other,40.66977729185873,-73.97918578165391
59534113,other,40.742384671872344,-73.97995341404733
59538046,other,40.76286076343741,-73.98164027353906
59536420,roads,40.62880486479941,-73.97402882183451
59538994,other,40.75037054471354,-73.9910600637942
59539875,other,40.6684777987759,-73.84687384879807
59543938,other,40.789716387210206,-73.80174242024911
59548179,other,40.77580963050521,-73.97708379005802
59546076,other,40.78063308264647,-73.960360425043
59548275,other,40.764986599413945,-73.99636475923481
59546040,other,40.789716387210206,-73.80174242024911
59549157,other,40.78710275822787,-73.95388896675728
59543967,other,40.78063308264647,-73.960360425043
59543935,other,40.798138679135754,-73.96824532821826
59542978,other,40.70253513253691,-73.99431601548454
59544989,other,40.777454442738026,-73.98101521857213
59546066,other,40.6684777987759,-73.84687384879807
59547094,other,40.77836570469269,-73.98107272990832
59549331,other,40.76016696972007,-73.97522656163717
59548394,other,40.8152297739039,-73.95863462564483
59545008,other,40.789716387210206,-73.80174242024911
59545005,other,40.789716387210206,-73.80174242024911
59549381,other,40.70568000485677,-74.01330172836009
59546057,other,40.79334159330456,-73.9708984637818
59542954,other,40.68376275931228,-73.7277030181696
59542976,other,40.76037453712092,-73.98518931465968
59547370,other,40.61436927072273,-73.97095487699302
59542862,other,40.7090967335261,-74.01710412938712
59547097,other,40.77966343833077,-73.97810069999048
59037632,other,40.69435996313046,-73.82675337603642
59555531,other,40.6684777987759,-73.84687384879807
59560248,other,40.62799755671981,-74.01102383727563
59566125,other,40.76286076343741,-73.98164027353906
59587946,other,40.70868492982299,-73.9530018054892
59588092,other,40.747466122632645,-73.98620992851289
59606773,other,40.685100838212094,-73.9505052918647
59563373,other,40.789716387210206,-73.80174242024911
59565913,other,40.789716387210206,-73.80174242024911
59571131,other,40.72622524566041,-74.00374136248857
59570829,other,40.789716387210206,-73.80174242024911
59568495,other,40.78063308264647,-73.960360425043
59573509,other,40.79334159330456,-73.9708984637818
59569418,other,40.713054615444015,-73.9603573283597
59581344,other,40.75402018955593,-73.98326692968377
59578602,other,40.78063308264647,-73.960360425043
59581135,other,40.78167113773796,-73.83074371504163
59583105,other,40.701889789829046,-73.98967443517469
59575978,other,40.67216158783738,-73.96428939702098
59583111,other,40.70749993508218,-74.01191705811951
59575948,other,40.78063308264647,-73.960360425043
59581359,other,40.72622524566041,-74.00374136248857
59576212,other,40.71547645799355,-74.00926712653734
59581931,roads,40.57530383539558,-73.9765910264221
59576053,other,40.78063308264647,-73.960360425043
59579535,other,40.71081463099152,-73.96839153290658
59576434,other,40.633730547750396,-74.01794950184534
59578770,other,40.697465481842805,-73.99308669431117
59583012,other,40.74714093175865,-73.94503486613837
59582922,other,40.77863290127972,-73.96254609596876
59576443,other,40.6928573189265,-73.78529824151838
59578311,other,40.80625196203638,-73.94025767026142
59590744,other,40.798138679135754,-73.96824532821826
59586053,other,40.78063308264647,-73.960360425043
59591237,other,40.70725641393532,-73.94409029810903
59586624,roads,40.73382110080739,-73.75803548254423
59590702,other,40.789716387210206,-73.80174242024911
59587571,other,40.798138679135754,-73.96824532821826
59587738,other,40.59709573126173,-74.18204692419127
59588098,other,40.74237141287449,-73.87064446708199
59586033,other,40.798138679135754,-73.96824532821826
59595811,roads,40.675906959934544,-73.96949683243439
59595517,other,40.71673892130062,-73.9892753253905
59596825,other,40.76195515064599,-73.9826223906044
59597226,roads,40.68198772538849,-73.83697461783957
59596608,other,40.787132698078935,-73.96968421270293
59597222,roads,40.602272723511426,-73.75335532624582
59596572,other,40.78063308264647,-73.960360425043
59596371,roads,40.64211483928761,-73.90305977111639
59599385,other,40.67216158783738,-73.96428939702098
59595800,roads,40.73789254879218,-73.86634099646577
59595361,other,40.62279007226614,-73.96094047536596
59594381,roads,40.741069537922236,-73.87998986394108
59598496,other,40.70807615464697,-73.92337884822915
59598191,other,40.596877463403644,-73.97421408253955
59594286,other,40.86566908896974,-73.86736404702988
59597765,roads,40.74700045796415,-73.89645426170966
59598333,other,40.72054038575318,-73.98898250102184
59592356,other,40.84589906289798,-73.9101361030869
59593565,roads,40.61026106816776,-74.09748823861398
59599164,roads,40.7093075158316,-73.8436816760761
59593893,other,40.76286076343741,-73.98164027353906
59596472,other,40.67216158783738,-73.96428939702098
59595176,other,40.789716387210206,-73.80174242024911
59607894,other,40.634863211702665,-73.92960591033219
59607740,garbage,40.89691078106985,-73.87369319143127
59608743,roads,40.828519305847,-73.84117935716411
59608197,roads,40.758533225689874,-73.98884266079277
59602714,other,40.765515956393685,-73.93271320972308
59601402,roads,40.699160309630756,-73.79954132124041
59607822,other,40.769730037821354,-73.95769895582774
59604731,roads,40.66224201349145,-73.99943771194341
59603696,other,40.68962547966401,-73.95352367026912
59605061,other,40.70340344527124,-73.9177795039938
59602315,other,40.8217322204438,-73.82098412016126
59605060,other,40.703810132224476,-73.91842820115082
59605470,other,40.76529501722966,-73.81578941267058
59604094,other,40.72554524377916,-73.94510318761172
59616397,roads,40.77127123625677,-73.78910344182164
59614146,other,40.69437506395055,-73.99802022488447
59617723,other,40.746746002290024,-73.8913695970407
59610733,other,40.63627516229764,-74.14528416071565
59612069,other,40.69360833341714,-73.93186261493794
59623114,other,40.83917804362096,-73.94113521565505
59620826,other,40.789716387210206,-73.80174242024911
59622953,other,40.78063308264647,-73.960360425043
59618712,other,40.68060180219904,-73.99787641765958
59624997,other,40.789716387210206,-73.80174242024911
59621860,other,40.78063308264647,-73.960360425043
59623019,other,40.78063308264647,-73.960360425043
59619773,other,40.79026193589992,-73.79977622082558
59621864,other,40.68476282306104,-73.99588597852879
59632410,roads,40.70586939899876,-74.01325487814718
59626878,other,40.68767507589175,-73.99770672048088
59632411,roads,40.76228800498854,-73.97236318160728
59629627,other,40.798138679135754,-73.96824532821826
59642533,other,40.62825285392602,-73.94281632340217
59640834,other,40.789716387210206,-73.80174242024911
59638143,other,40.789716387210206,-73.80174242024911
59636775,other,40.68037088311759,-73.99067646022685
59640577,roads,40.570890683814596,-74.147902755856
59635753,other,40.71704531258104,-73.9407524794825
59635360,other,40.789716387210206,-73.80174242024911
59637891,roads,40.71046411873082,-73.98662156956699
59638110,other,40.789716387210206,-73.80174242024911
59638123,other,40.789716387210206,-73.80174242024911
59635588,other,40.78884171819007,-73.81380306583335
59639505,other,40.684238152616125,-73.9893526644669
59638120,other,40.68541870490387,-73.9933511566914
59636969,other,40.710255892218875,-74.00961988741942
59642186,other,40.798138679135754,-73.96824532821826
59635698,drainage,40.62620184516205,-73.93635525824982
59647658,other,40.789716387210206,-73.80174242024911
59651785,other,40.79334159330456,-73.9708984637818
59644962,other,40.683324545192455,-73.99542455684006
59647554,other,40.77863290127972,-73.96254609596876
59650374,other,40.789716387210206,-73.80174242024911
59650642,other,40.69849280537151,-73.76049342525377
59644949,other,40.7866296630263,-73.97857507977247
59661527,other,40.67216158783738,-73.96428939702098
59647665,other,40.68264111029053,-73.99577433851427
59646940,roads,40.75911286883225,-73.97467828646558
59647685,other,40.789716387210206,-73.80174242024911
59645606,infrastructure,40.84289501858081,-73.91947925508464
59651791,other,40.79000028063149,-73.95871530510173
59643808,other,40.749752706865934,-73.88415361560237
59643687,other,40.742452245537685,-73.88201910140538
59646850,other,40.71773448545456,-73.96050966353509
59667172,other,40.789716387210206,-73.80174242024911
59651794,other,40.77863290127972,-73.96254609596876
59646846,other,40.70213012571011,-73.91074826491409
59650626,other,40.76037453712092,-73.98518931465968
59650368,other,40.67337018294782,-73.9672953301547
59651749,other,40.68217439497616,-73.99353536005016
59648973,other,40.789716387210206,-73.80174242024911
59646869,other,40.760764991189596,-73.9241737466707
59646546,other,40.700506169955226,-73.89863266106642
59650371,other,40.78129989454938,-73.95990144939537
59651788,other,40.78710275822787,-73.95388896675728
59652031,other,40.762022496857135,-73.89649227496335
59647692,other,40.79334159330456,-73.9708984637818
59659023,other,40.76037453712092,-73.98518931465968
59658768,other,40.67216158783738,-73.96428939702098
59655948,other,40.67216158783738,-73.96428939702098
59657326,other,40.68767507589175,-73.99770672048088
59658794,other,40.68110478220723,-73.97813306592545
59655923,other,40.68110478220723,-73.97813306592545
59660518,other,40.763769469053216,-73.81271437612982
59653301,other,40.711856826652976,-73.89672528115878
59655964,other,40.79334159330456,-73.9708984637818
59652355,other,40.63626211890149,-73.93262735876377
59660021,other,40.7667743428922,-73.91042337034627
59656308,other,40.67116135403645,-73.94142409519979
59657500,garbage,40.639268071457025,-73.99490872126222
59653738,other,40.74471995097179,-73.95086158524651
59659278,other,40.718301772670976,-73.9449937156481
59660274,other,40.7328475654446,-73.98612274808997
59655148,roads,40.64507348575094,-73.94993320215512
59652368,other,40.707542281322816,-73.94494488435078
59655915,other,40.697122551874315,-73.99690219142613
59660193,other,40.78710275822787,-73.95388896675728
59659277,other,40.70935144485803,-73.95897085172989
59657528,other,40.76296784838588,-73.98189293433464
59656309,other,40.63500014180434,-73.9499839949929
59654718,other,40.76259143385775,-73.96761250447102
59655940,other,40.789716387210206,-73.80174242024911
59655166,infrastructure,40.682231595670075,-73.98804419157362
59657455,other,40.76443696224299,-73.87357620617962
59659352,roads,40.90336032499629,-73.9115669025736
59657681,other,40.75522108129511,-73.96516527690265
59658767,other,40.682064677006174,-73.99499919640007
59655152,roads,40.66652655394218,-73.99628721858763
59254090,other,40.765320774042614,-73.77189536218215
59658806,other,40.798138679135754,-73.96824532821826
59660162,other,40.747041481629495,-74.00264900494993
59667734,other,40.71550589148675,-73.94151498646114
59661851,other,40.70501057905116,-73.94283343506355
59661980,other,40.716239614380825,-73.94912941927915
59661489,other,40.76678259114314,-73.91044140960346
59661990,other,40.708093600396865,-73.95693733980139
59661291,roads,40.624170800489615,-73.97047149845827
59666243,other,40.68487418327742,-73.93614421704108
59660657,other,40.704889787932444,-73.94279025804
59670791,roads,40.829359149388445,-73.85359323188084
59670173,other,40.74974925895534,-73.94113122719355
59673471,other,40.711290030956334,-73.96123128711481
59678614,other,40.66979610802293,-73.97709498078567
59681801,other,40.72078921646313,-73.98160496486571
59678757,other,40.83728574765848,-73.88773435188425
47673060,other,40.759354558481256,-73.7245712223316
47665137,other,40.88386732136265,-73.83796955138405
47666218,other,40.669266487219126,-73.9777115818115
47673004,other,40.66119096119118,-73.76570951319789
47669393,other,40.771479422829785,-73.89488181245453
47668168,other,40.771203067027464,-73.90537742068948
47665134,other,40.6180789223111,-74.03383022786294
45313700,other,40.6243576444186,-73.93689737166693
47669880,other,40.68258522984791,-73.95374490761812
59687799,other,40.7328475654446,-73.98612274808997
59689830,other,40.789716387210206,-73.80174242024911
47669124,other,40.622272609898424,-74.02439084991028
47671558,other,40.76960481196588,-73.92267627012608
59688777,other,40.67216158783738,-73.96428939702098
59688136,other,40.83125460352325,-73.90832380309485
59688731,other,40.73512363533963,-74.00620636727358
59686551,other,40.673036716903944,-73.96285414071265
59687032,other,40.72516018252166,-73.9939641278576
59700243,other,40.744689257444634,-74.00101770166347
59695960,other,40.798138679135754,-73.96824532821826
59697681,other,40.57631199013064,-73.96850198178711
59699355,other,40.789716387210206,-73.80174242024911
59702443,other,40.603215277038515,-73.99594142058216
59696765,other,40.74974925895534,-73.94113122719355
59698624,other,40.70575136036927,-74.01337387786249
59700458,other,40.72498409529343,-73.98843338015602
59696776,other,40.789716387210206,-73.80174242024911
47673058,other,40.79172990158346,-73.96885149240856
47671884,other,40.81854673959136,-73.85944098395362
59699367,other,40.789716387210206,-73.80174242024911
47673057,other,40.63054469118711,-73.90871120141477
47667189,other,40.69511225239256,-73.75446157554558
59707411,other,40.789716387210206,-73.80174242024911
59708762,other,40.789716387210206,-73.80174242024911
59704743,other,40.67524524359946,-73.98127143585289
59703375,other,40.789716387210206,-73.80174242024911
47669090,garbage,40.67753720514376,-73.88613215378307
59709297,other,40.702163399851976,-73.93599060686844
47670048,other,40.658123283260544,-73.95972319679129
47668142,other,40.741096000227316,-73.99060300633701
47668318,other,40.687116694054076,-73.98326929571321
47671217,other,40.61848164676739,-74.00755709589023
47667147,other,40.773090200763185,-73.98036297847072
47666251,other,40.74875396176763,-73.97363197826526
59710709,roads,40.72898306836923,-73.79689351650114
47669376,other,40.69372765982082,-73.95052413063908
47671216,other,40.62068912570003,-73.94468872611469
47670866,other,40.68639018651098,-73.95552709784735
47666273,other,40.73684687845981,-73.88145528318901
47665627,other,40.6445523515262,-73.87993644451879
59708749,other,40.789716387210206,-73.80174242024911
59706231,other,40.814228392008346,-73.94077073059458
59703546,other,40.70324304416737,-73.990669654755
59706138,other,40.78698187551989,-73.95360376851625
59710148,other,40.789716387210206,-73.80174242024911
59703843,other,40.70948640234601,-73.92254041093567
59704708,other,40.68037088311759,-73.99067646022685
47665947,garbage,40.81503229406327,-73.88293450110314
47666517,other,40.71225437491401,-73.99505464526985
47671519,other,40.838355553988755,-73.86652946858011
47665792,other,40.73320242871732,-73.99673814287931
47666752,water,40.67033187368017,-73.97995704603746
47673160,other,40.69177227186111,-73.94800137629421
47665916,infrastructure,40.599125594090374,-74.00126755319464
47669525,other,40.871408500023776,-73.86520845730892
47668565,other,40.86835393043508,-73.83967052268298
47670969,water,40.56040118018966,-74.13113015686042
47726918,other,40.63226192876043,-73.90087277647933
45313696,other,40.72067311750884,-73.75261051098408
47666728,other,40.676569452491314,-73.7778879217062
47665388,streetlights,40.69840911180365,-73.8064642136823
47665082,other,40.64259758771332,-73.89947373478229
47666737,other,40.743695617472035,-73.99678093494671
47668957,other,40.72991958999166,-73.71771844762017
47669372,other,40.588958522173,-73.80364181319752
47668723,other,40.84057533741274,-73.93641038508423
47668791,other,40.55892934852246,-74.12171270105769
47673280,roads,40.67149233542791,-73.8697869789781
47672290,other,40.76381807871313,-73.88004634179626
47673296,other,40.89321034681706,-73.85672592935431
47668364,roads,40.725480722212346,-73.98681337784967
47671455,other,40.650900407561494,-74.00630664630641
47670345,other,40.8806963722317,-73.91015416242894
47670035,other,40.883397790439346,-73.89773540098226
47665633,infrastructure,40.70211544459788,-73.82056598039641
47668178,other,40.61949952875664,-73.97192161024454
47667954,other,40.667136109872324,-73.9500968753763
47665236,other,40.79435405398431,-73.821310551316
47669990,other,40.84381002179548,-73.93404718813122
47665372,other,40.76076407291837,-73.92279121595953
45313273,water,40.72561086399678,-73.75129335404431
47673010,other,40.72388211199715,-73.97899210414923
47668579,other,40.85679746416324,-73.89308047283613
47673741,other,40.8046764659008,-73.95194791829626
47668562,garbage,40.605726059323416,-74.01337184752332
47669702,roads,40.74736166702654,-73.86848019264093
47666067,other,40.81261064701504,-73.95682636367653
45302920,other,40.64469317018741,-73.98170882357067
47670175,drainage,40.75188280798497,-73.79087922738553
47673928,infrastructure,40.62703930656718,-74.01395612173503
47670757,roads,40.58536371759278,-74.15027498212118
47669189,other,40.67774717872758,-74.00425419338251
47670135,other,40.75760993133691,-73.98079708116063
47669627,other,40.715292705945686,-74.00721455895851
47670330,other,40.744757773520604,-73.866854119703
47666403,other,40.62947876276664,-73.89779665010724
47666562,other,40.74324501048238,-73.88702670646103
47670699,garbage,40.69170057548986,-73.82878686367962
47665987,other,40.823120733499714,-73.90017656856209
45301651,other,40.72109002382382,-73.89351103596881
47670642,other,40.66303773030592,-73.90905241002704
47670720,water,40.62502627540445,-74.07828018007689
47668088,other,40.72445772523062,-73.81021642584223
47666989,other,40.73135478734639,-73.81495233381447
47672143,infrastructure,40.61685156423568,-74.19453839838364
59449882,other,40.59640242175116,-73.99116349805146
47669379,other,40.7764471459273,-73.94628160499256
47668548,other,40.69078751262086,-73.94348027743105
47669610,other,40.63343659785932,-74.09924425979099
47667553,roads,40.51825519474008,-74.23952621106442
47672113,infrastructure,40.66868323870666,-73.94225176142754
47672286,other,40.84742038507435,-73.78576803984441
47666419,other,40.650795529334125,-73.93706697102812
47667506,other,40.65051426444583,-73.95137063028012
47670440,other,40.877016358193174,-73.87537267430177
47670412,other,40.574146044698274,-74.1222047850358
47673517,infrastructure,40.70329567369333,-73.8069802032564
47669309,other,40.7559315118906,-73.99262583188077
47669713,other,40.737881729647185,-73.98874868939568
47670114,other,40.72299706973703,-73.87646160812751
47669204,other,40.6736834278802,-73.92225754035414
47669352,other,40.646450342692106,-73.96153202215665
47673603,other,40.67702662934846,-73.95267801549666
47665769,other,40.8693190628289,-73.91673191529007
47667245,other,40.56640879889248,-74.11383318853122
47667835,other,40.8567044331375,-73.92906384504292
47665327,other,40.62502627540445,-74.07828018007689
47673107,other,40.742630681780255,-73.99798992088046
47667752,drainage,40.66378706017827,-73.93795223325637
47667875,streetlights,40.716941291082264,-73.77172545027989
47665299,other,40.706349849529644,-73.87124456626157
47668460,roads,40.68585396984239,-73.96033744239425
47670624,other,40.6895653449805,-73.95414753083068
47667920,other,40.84967441935099,-73.93709929802505
47673305,other,40.52639907007972,-74.17936159406939
47671654,other,40.88367906355724,-73.89312765119699
47665832,other,40.73423482522869,-73.95731375096838
47671286,other,40.883160879684965,-73.87975145483499
47670185,other,40.802751512983484,-73.95659797708345
47670171,other,40.72195913199264,-73.80969682426189
47666899,garbage,40.7399307689382,-73.97941286034252
47665933,drainage,40.8320838859311,-73.8989236513356
47672180,other,40.5823046113327,-74.16905343328875
47672642,garbage,40.856931627749624,-73.88981594441455
47673626,garbage,40.70589489638159,-73.89948648567581
47668818,other,40.766756853843376,-73.90912015901885
47664829,infrastructure,40.68668398807892,-73.99243878037684
47668577,streetlights,40.86958581928827,-73.86042141061758
47670541,other,40.86990694814148,-73.86042073655143
47670407,other,40.86750008101244,-73.92172725034646
47667805,infrastructure,40.64768340133348,-73.9557114576192
47673494,other,40.67551375549754,-73.91033684849789
47667463,other,40.70806214954021,-73.941622510261
47669684,other,40.70541168561816,-73.92873792866847
47667599,other,40.73975142777679,-74.00252241397993
47667511,other,40.754862493759994,-73.93083985204575
47668533,other,40.63074470696908,-74.01448289219852
47665784,other,40.87348565823499,-73.86707726498751
47668746,drainage,40.73507295783024,-73.75555199039358
47665319,other,40.75452740038207,-73.83386263691486
47671693,other,40.86377583737143,-73.92218716596697
47671608,other,40.88815694985095,-73.85638238746361
47668034,roads,40.67364652350894,-73.81023844238615
47669444,water,40.825837864327944,-73.82246174589321
47666165,other,40.816205112629476,-73.94179499235126
47673491,other,40.773002333259605,-73.98015360085711
47668592,other,40.597621034723076,-73.74738775206926
47669883,other,40.71229441249002,-73.95329504412248
47665257,other,40.628993496931244,-73.95405224679332
47667709,garbage,40.7337614303938,-73.85479194975885
47672334,other,40.65941517743085,-73.9389835134306
47670069,other,40.64398670555632,-74.09703303409256
47673424,other,40.89897830708061,-73.85562832010235
47665520,other,40.67978462065824,-73.84768433109271
47671583,other,40.83775089352376,-73.83416437320601
47670956,roads,40.62848021287854,-74.01482104399692
47667255,other,40.67117180721445,-73.88313653755957
47671254,water,40.67245068020238,-73.97905516870016
47670449,other,40.78298744269326,-73.83951859649474
47670328,other,40.76076407291837,-73.92279121595953
47672097,other,40.68104755639305,-73.9681496567027
47667335,other,40.77076607202355,-73.95384973424773
47670972,other,40.62728662900967,-73.9724515075639
47673960,other,40.84720736540987,-73.92007041672592
47670696,other,40.79903727772673,-73.94262266258099
47664895,other,40.83805926972089,-73.91622895011635
47668591,other,40.54265722460386,-74.16994977197308
47670315,other,40.679855957055985,-73.79162787021153
47672373,water,40.78362354634545,-73.97540199429854
47666485,water,40.54662614457237,-74.1700066425479
47672945,other,40.66903638327677,-73.93534109496765
47668403,water,40.590145990705636,-73.94671951401857
47671671,other,40.67343741484361,-73.87637315698399
47666782,other,40.87359096706728,-73.87037834493803
47669700,other,40.783364188650985,-73.91869544755514
47670130,infrastructure,40.70157081734354,-73.9272345013561
47666030,other,40.89187241649303,-73.86016845296459
47665010,other,40.60057189380846,-73.74622783788092
45292150,other,40.78692396625613,-73.96918596757752
47670790,garbage,40.829876832688825,-73.81639835749131
47667854,other,40.69231466986571,-73.95894166901952
47666771,other,40.744406520031475,-73.9165596317009
47673578,other,40.64036877768135,-73.96425596633888
47673091,other,40.77683107790969,-73.97922092154724
47669142,other,40.89187241649303,-73.86016845296459
47668276,other,40.847624998406566,-73.83512289006282
47667170,other,40.694652561614866,-73.73529643206594
47666862,infrastructure,40.79803620071241,-73.95013238257239
47665696,other,40.63834831221962,-74.08751979936379
47670020,other,40.66361295782269,-73.98175770280702
47670674,drainage,40.61575895182299,-74.11522483623354
47668672,other,40.85429249080781,-73.90025991849389
47673052,other,40.58533142414636,-74.15797947692928
47668618,other,40.895136840101316,-73.85215344999146
47671636,other,40.677513950601295,-74.0004758911546
47666707,other,40.84220908371895,-73.91228428654
47666217,other,40.64311341345612,-74.00703739590016
47667411,other,40.72214411222102,-73.97608127809794
47670288,other,40.67829654158491,-73.96554074886703
47670776,garbage,40.8927016197758,-73.84740986076753
47670154,other,40.65941517743085,-73.9389835134306
47666533,water,40.74311626924452,-73.90902249004421
47670426,other,40.690248277694195,-73.8544900592928
47664946,drainage,40.748489507706076,-73.86354435198925
47668470,other,40.60160659467016,-73.99165256394859
47665881,infrastructure,40.69653859250571,-73.8040570464131
47671780,other,40.71273989891328,-73.96316026460903
47672547,other,40.74578138039855,-73.99180051033042
47668363,other,40.86424649714844,-73.92416421745796
47669593,other,40.764200390453496,-73.98289254942267
47673445,other,40.83752348176051,-73.8363658132811
45290841,other,40.67032812939206,-73.79429639227698
47670108,infrastructure,40.64033507896095,-73.9233737588906
47667524,other,40.79253545858921,-73.96406231284132
47669560,garbage,40.72582483990453,-73.79902456317222
47670518,other,40.87406375685247,-73.88392980327201
47669529,other,40.764430413610334,-73.81925013481681
47665214,other,40.74332005357089,-73.71347905284303
47673401,other,40.66432673677012,-73.8862844679525
47668133,other,40.875894942376384,-73.91247127084895
47664780,other,40.72998804501129,-73.79249580600379
47671235,other,40.69434703604278,-73.93732517308541
47672687,garbage,40.610578297682466,-73.93602079590124
47666017,other,40.66530382261355,-73.83811839655607
47670119,other,40.66756436749075,-73.975935034296
47666394,other,40.70282656059194,-73.95737714133372
45300741,other,40.66198601081228,-73.98695568798243
47672991,other,40.7126633154098,-73.99441975878506
47665071,other,40.65404151671438,-73.95186180281858
47665163,other,40.83895110386585,-73.93757202691035
47673812,other,40.863352230824525,-73.90286743256856
47669218,other,40.67414454657161,-73.88060418353845
47667137,streetlights,40.573053874728714,-73.98078894614808
47671675,other,40.65775778459838,-73.95146626674956
47745525,other,40.70386227219373,-73.95274191919067
47666226,infrastructure,40.624195183457225,-74.03074971107041
47669896,other,40.64683832158625,-73.90271056814213
47671751,other,40.86248562654098,-73.91793350878963
47667911,other,40.895136840101316,-73.85215344999146
47665509,other,40.863939065929394,-73.85967403950036
47672331,other,40.61420751490752,-73.9621629114913
47673380,garbage,40.63328257278191,-73.97868555993574
47670110,other,40.679596506018484,-73.98704958776493
47665381,water,40.51680764520268,-74.23870100373269
47668846,other,40.72970411255623,-73.81946339386788
47673461,other,40.604771467417585,-74.00644634116948
47670390,other,40.84741531080388,-73.90475214408288
47671686,other,40.64393283892149,-73.95273031361069
47669628,other,40.831255338569136,-73.8903029341917
47667425,other,40.75361541643003,-73.83335960087283
47670457,other,40.77202853046665,-73.91504116706322
47667659,other,40.71215410556169,-73.85653436496803
47667987,other,40.78109938567824,-73.95231879568567
45293662,other,40.66613659339839,-73.99223564619865
47673112,other,40.67104019834032,-73.95968655746373
47668190,other,40.69851100306364,-73.98990576624828
47672490,other,40.67620560629376,-73.87021760714248
47667348,other,40.73656152941463,-73.98901593621633
47665069,other,40.85580181616469,-73.88801036461312
47673939,other,40.59821351944963,-73.96195231668013
47670675,other,40.76076407291837,-73.92279121595953
47670516,other,40.9005764882157,-73.86302230882374
47667641,other,40.67928249099985,-73.96751956661697
47665148,other,40.713359973252224,-73.95478045373274
47668082,other,40.72705964582006,-73.94956493350776
47670329,other,40.64625883653614,-73.96346003048849
47668537,other,40.8301364991667,-73.90372173475014
47669441,water,40.7206783721306,-73.80217506981967
47666081,infrastructure,40.63072412516517,-74.12264343855743
47669167,other,40.83895110386585,-73.93757202691035
45303006,other,40.668880497271886,-73.85473493767601
47669829,other,40.68612542562763,-73.98067704491359
47672239,other,40.61814816576145,-74.03164022879972
47666577,other,40.657828819220015,-73.97682517267373
47671174,other,40.597755401387175,-74.08405290924091
45304374,other,40.62324972151979,-73.96487392371087
47673281,other,40.89187241649303,-73.86016845296459
47665903,other,40.741405936575426,-73.95488050564855
47670865,other,40.66583473469422,-73.99329903974396
47673322,other,40.89187241649303,-73.86016845296459
47666663,other,40.6842879727994,-73.93829011228618
47673483,other,40.68314911011313,-73.90955860155812
47664740,other,40.80413590404177,-73.96823524296516
47665609,other,40.69179779671767,-73.9060201920803
47667558,other,40.87160736055003,-73.88403533242499
47668713,other,40.76053434121948,-73.99110923582681
47671587,other,40.62997198600885,-73.97676639526479
47671313,other,40.70620643594275,-73.8730987341584
47672039,other,40.89887645073258,-73.85538618574853
47672332,other,40.75891292523601,-73.77953367551221
47673959,other,40.66903638327677,-73.93534109496765
47672123,other,40.653764352240906,-73.94027889697497
47667114,other,40.746280112512224,-73.98405201749763
47671697,water,40.637915632429944,-74.13708707372285
47671210,other,40.71868758704998,-73.77765376577234
47672855,other,40.65777425327862,-73.95146625476812
47665227,other,40.647712857081686,-73.97053315196666
47669144,other,40.61312932395231,-73.92429822408646
47666770,other,40.720300285111776,-73.94014712482934
47672449,other,40.66285742070327,-73.94499978733359
47665507,other,40.657765979360555,-73.95137255238507
47669106,other,40.83206286279062,-73.92124496604752
47667896,other,40.89187241649303,-73.86016845296459
47667889,other,40.61033221883991,-74.00940379822134
47665743,other,40.76077453929911,-73.87779934142851
47668069,other,40.802751512983484,-73.95659797708345
47673916,other,40.88768873091231,-73.90874145743568
47667596,other,40.70829323540871,-73.90526834160897
47667459,garbage,40.603459056027624,-74.01154196500654
47669687,other,40.76864611389526,-73.73774968766702
47668939,other,40.82663165895165,-73.93544088850665
47669206,other,40.68034780967107,-73.8544395539275
47670461,drainage,40.6799764562136,-73.97698332310773
47673523,other,40.66392538301715,-73.97894971056203
47673846,other,40.66120476292067,-73.8721138499747
47671942,other,40.70797842989575,-73.94438545705034
47666505,other,40.73009934988612,-73.81090754397326
47670262,garbage,40.63036303669623,-73.98441116512525
47668702,other,40.72062464782539,-73.98235177689368
45300739,other,40.59528910135438,-74.16610124110066
47669845,garbage,40.68425406211587,-73.9416866200627
47672745,other,40.86926533601374,-73.88880120806499
47671590,other,40.71631889384281,-73.96262079344841
47672055,other,40.6895653449805,-73.95414753083068
47667270,water,40.82490035934692,-73.9152012948009
47666538,other,40.66601122433637,-73.81744778135652
47665230,other,40.76438844985863,-73.76958457673005
47672397,water,40.73372533936942,-73.72514623900375
47664864,other,40.791428877175505,-73.94840746854896
47668608,other,40.63481023852024,-73.99026848883254
47671978,other,40.60160659467016,-73.99165256394859
47669605,other,40.619034546129235,-73.97967347679987
47669244,other,40.758007317565976,-73.9662394784917
47670380,other,40.69503765568706,-73.9522793702077
47670252,other,40.635655623831525,-73.9901602763122
47672806,other,40.642524874819934,-73.91479888150052
47670700,other,40.69252763001734,-73.89612055575124
47672979,other,40.72456583096899,-73.9405148954604
47670626,other,40.74326807674086,-73.95109361893576
47665760,other,40.62156419368375,-74.00485938663451
47672980,other,40.740891811275766,-73.98165715335558
47670810,water,40.701177876117356,-73.92654247898402
47667608,other,40.68945607767319,-73.9240240626597
47665624,other,40.66582945555067,-73.81364180806173
47671245,other,40.77077106386949,-73.95985002439733
47672496,other,40.88815694985095,-73.85638238746361
47670399,other,40.70002292130255,-73.88950184952606
47669029,other,40.70344622900425,-73.78360147300997
47667101,other,40.70413364486835,-73.88852844594835
47672337,roads,40.75635717649371,-73.82577277053117
47666935,other,40.87523137804363,-73.87451542149148
47664934,other,40.83712341379687,-73.89017400028075
47666085,other,40.843218590794386,-73.94179665621547
47666803,water,40.67077970657149,-73.98262812167957
47671992,other,40.69323363593493,-73.84130688588864
47671626,garbage,40.690571400723066,-73.80402770474521
47670797,roads,40.715816873965345,-74.00841224190474
47670574,other,40.65475644579378,-73.9159005027267
47671295,other,40.86834291650444,-73.8396452401229
47672552,other,40.72251157070296,-73.97450098660367
47666678,infrastructure,40.71497923418216,-73.81139052667453
47670727,other,40.86030187644453,-73.9118880635599
47669840,other,40.808872642983616,-73.94469489858831
47671947,other,40.70362517009738,-73.89359664072973
47673643,other,40.69906584505964,-73.95634811470144
47667611,other,40.83793227260289,-73.85251909651255
47669380,other,40.68961163976031,-73.91490819129693
47670488,other,40.68715967422709,-73.84146917761402
50653919,other,40.84229283340486,-73.92604331201022
47669056,other,40.74432968690278,-73.99828218660515
47665458,other,40.68413977841344,-73.9165665366022
47670807,other,40.65941517743085,-73.9389835134306
47667149,other,40.68124611678903,-73.9156471644457
47666203,garbage,40.7113551276752,-73.77006728939496
47669088,garbage,40.679787403605005,-73.84771316765143
47669051,other,40.73009934988612,-73.81090754397326
47667436,other,40.70883293411926,-73.96847182505647
47666141,other,40.63505012316166,-73.95132425213963
47671844,other,40.80427990061059,-73.95548445294015
47669632,other,40.736836061247594,-73.98962571830423
47668092,other,40.77072257250959,-73.98832073803278
47666690,infrastructure,40.678735375908154,-73.99991347275079
47668674,streetlights,40.59070847642687,-74.16578740066916
47673740,other,40.699800319891985,-73.98361593748928
47672715,infrastructure,40.56090889885669,-74.16899929251021
47666099,other,40.62519606455722,-74.02317070124116
47670024,other,40.76996310160079,-73.95705257462451
47672541,other,40.73573715346406,-73.98157557948119
47667907,infrastructure,40.6849703720447,-73.98389360980913
47671457,other,40.80783370009161,-73.9190412358496
47673883,other,40.76358355780661,-73.98888874340244
47672623,streetlights,40.812633600769615,-73.88312657334843
47673344,other,40.87789464525744,-73.91093179450446
59452969,water,40.83453999981009,-73.94215839549561
47671725,other,40.79302371195403,-73.97298243331286
47673174,other,40.663573122216775,-73.95618390833987
47669140,other,40.62594739681595,-74.07992037609331
47667645,other,40.8774429668053,-73.88171086319859
47667874,water,40.71562216096239,-73.99427521917184
47668681,other,40.71682212161472,-73.76704348600033
47672000,other,40.850095439201596,-73.93911222700665
47666325,other,40.736719654613374,-73.86558196763141
47668107,other,40.816973168408516,-73.80753924527045
47667212,garbage,40.70658961937985,-73.91335723164345
47667798,infrastructure,40.789017998398954,-73.98095775209778
47673566,other,40.8583897324767,-73.85341725909053
47673366,infrastructure,40.80382931058758,-73.94210200463841
47665190,other,40.756304773628976,-73.80344448770572
47670079,other,40.83895110386585,-73.93757202691035
47671957,garbage,40.604171167322995,-73.97794938968416
47664942,other,40.760289888720365,-73.98912392441613
47672182,other,40.72195913199264,-73.80969682426189
47669509,other,40.74584138220518,-73.86171282650807
47666628,infrastructure,40.6718592719747,-73.97291615779127
47668096,other,40.732400293034004,-73.98718004548837
47672734,other,40.84888681154353,-73.8841255463514
47668734,other,40.69944133877349,-73.93734923531582
47667739,other,40.844340132388055,-73.86279475102722
47672932,other,40.64162830210806,-73.93771700413777
47669474,other,40.57628078577156,-73.96500661788059
47672864,other,40.842541167983626,-73.93754335861925
47666366,other,40.68859611808431,-73.86131591390453
47666386,other,40.62602322459271,-73.9467413075762
47668769,other,40.81323425032326,-73.95832518333397
47668315,other,40.59079999882124,-73.95487064872744
47666858,other,40.657768702797746,-73.95132209202716
47667495,other,40.73942577305431,-73.81582124075112
47666303,other,40.784147333898645,-73.9489294852438
47665494,other,40.66863967627865,-73.90886453360315
47673245,other,40.72445772523062,-73.81021642584223
47666580,other,40.63834831221962,-74.08751979936379
47672928,other,40.59659322816523,-74.08557461366934
47671202,other,40.52821877506817,-74.21314411344427
47671629,other,40.81909671541169,-73.94466472430894
47671914,other,40.68183349408198,-73.95457829262003
47671875,other,40.77396894578106,-73.9606062925818
47666465,other,40.83258373587881,-73.86920068822464
47673927,other,40.84306113235555,-73.90680040695833
47673019,other,40.72122396864342,-73.84678512826486
47667953,other,40.74839339459333,-73.8635048490201
47668294,other,40.68492718407958,-73.91609321276368
47669343,other,40.701351734255084,-73.88156889149586
47666790,other,40.67026796946375,-73.84525116126567
47672767,other,40.815801149775524,-73.94083435996909
47673967,other,40.66903638327677,-73.93534109496765
47670949,streetlights,40.71171749067562,-73.79021528526414
47668290,other,40.63695726093551,-74.03492071200871
47665641,other,40.63954963682484,-73.9829749513936
47664821,other,40.67865686334285,-73.88872245329644
47666637,other,40.55881634539283,-74.12215155296822
47673763,other,40.5867028102045,-74.1033619993963
47669662,other,40.868744446308774,-73.89233091105437
47666399,other,40.72966389945646,-73.98837844699989
47666760,other,40.69231896752861,-73.94322295059285
47670414,other,40.607277557274344,-73.99546578313624
47667848,other,40.68713135029495,-73.9490867223452
47671173,other,40.79215609704783,-73.97181267742812
47669153,other,40.68465124069765,-73.79786865701952
47670437,other,40.668455847541374,-73.89600304159298
47666787,other,40.67891821197689,-73.93648160876951
47665262,other,40.688490298799394,-73.82050889397382
47673887,streetlights,40.62965780228823,-74.1406007136109
47673086,other,40.64543263594135,-73.9489852113273
47668744,other,40.835118856432175,-73.91509792617488
47672325,other,40.69460238947012,-73.94276662983081
47668152,other,40.79935979667075,-73.96722259632499
47665441,other,40.81826766495756,-73.9389390273493
47672338,other,40.74306832494804,-73.95977649942168
47668598,other,40.825074228174,-73.91650545014564
47668907,other,40.87046512976672,-73.91506364294965
47664731,other,40.709176387594475,-73.95335854693316
47666940,other,40.71700671631507,-73.98026767367328
47669074,other,40.6778485963066,-73.96375998464814
47670891,other,40.75814171048799,-73.91721020210164
47666638,other,40.81847204710305,-73.94139198070306
47670581,other,40.65436068735404,-73.93649417816167
47670750,other,40.76357184884387,-73.72284268392065
47664820,other,40.635078505668815,-73.91892655483305
47668013,other,40.810563953827156,-73.85851860631976
47665862,other,40.65779607266193,-73.95113825933666
47666631,other,40.603492558925396,-73.9981921780579
47671315,other,40.62762328808012,-73.90093730676332
47665089,other,40.50286560818433,-74.24570266162583
47672510,other,40.73236899415386,-73.8751380618795
47666766,other,40.744757773520604,-73.866854119703
47673257,other,40.71871595041182,-73.80382951018838
47673544,other,40.83579530120787,-73.8222002759163
47670002,other,40.675097719423114,-73.94787017277235
47667359,other,40.853816817336956,-73.86920231008342
47673554,other,40.66627684385799,-73.89639213449165
47672125,other,40.723312532855644,-73.98838316227835
47669078,other,40.76064069671804,-73.96123504999397
47666026,other,40.72646311042347,-73.94179039318075
47665340,other,40.85123190691196,-73.88524200401147
47672045,garbage,40.590097663359614,-73.96354116820446
47672788,streetlights,40.810472098174266,-73.88445613491243
47667021,other,40.8682335539516,-73.86344325864486
47672142,other,40.60958052375006,-73.99882228748066
47669704,water,40.69660328006268,-73.98872319908189
47671506,other,40.80154201147376,-73.94580985910416
47669296,other,40.78027857051028,-73.90709409820634
47673368,garbage,40.78389745297942,-73.80490854342041
47665843,other,40.873239511871404,-73.90067986315618
47665410,other,40.68833167139333,-73.97764030427368
47665438,infrastructure,40.678231558897345,-73.80605047767034
47671434,garbage,40.65082901480653,-73.94928740757841
47669496,other,40.587065148827286,-73.9570189833512
47672090,other,40.74712251932992,-73.86817029015535
45292162,other,40.78907623906073,-73.83060571716707
47665109,other,40.66003783943957,-73.99479900733105
47668822,other,40.6895653449805,-73.95414753083068
47667391,other,40.74616130150273,-73.97912943681877
47671234,other,40.661621797207694,-73.92476943178698
47668768,other,40.72731768739654,-73.93342646193375
47670166,roads,40.630746096546055,-73.97716602654559
47666454,other,40.823579384286035,-73.91416600374616
47670751,other,40.64775480958319,-74.00757482602683
47667435,other,40.673519306157495,-73.9417969464463
47667950,other,40.86948597518266,-73.90209195590266
47667993,other,40.84170046690387,-73.90431578769994
47667354,other,40.89016182670263,-73.84260899775222
47669055,other,40.83693403285021,-73.9381123871284
47670640,other,40.54149674193962,-74.21975264723663
47670395,other,40.71665665248183,-73.9901014225384
47671755,streetlights,40.684403912177075,-73.96638851650722
47673588,other,40.65851818094587,-73.83969548836606
47671566,other,40.848315639988755,-73.94205243985753
47667697,other,40.71815989525074,-73.9531177769642
47673635,other,40.6596569771989,-73.91009144552709
47665761,other,40.754660510908366,-73.88711201906968
45302922,other,40.702350562679186,-73.85715054884817
47670566,other,40.62037313126371,-73.93860495580316
45329935,other,40.76427122489358,-73.76861390714224
47668567,other,40.720117641987414,-73.98846308505155
47670034,water,40.815951456468,-73.92136880144724
47672795,other,40.89187241649303,-73.86016845296459
47666543,other,40.67319947399522,-73.97632234133977
47667215,garbage,40.625819431651145,-73.97836732582445
47667457,garbage,40.871703534447505,-73.87621425859935
47667396,infrastructure,40.67380710760154,-73.85024314146733
47666230,other,40.70553708251741,-73.80150947098736
47668836,garbage,40.65829633485246,-73.9310841338467
47668312,other,40.748863301187804,-73.91944132860549
47666119,other,40.86187845400225,-73.92948853877418
47665228,other,40.638633667829076,-73.95525626255608
47665406,other,40.748177830237246,-74.0013389613079
47673742,other,40.743247050107215,-73.89803713881827
47664810,water,40.671353136239354,-73.98117519638286
47672439,other,40.684336833174775,-73.83475502952832
47667917,roads,40.75561548114431,-73.98803823923103
47666401,other,40.68313484221858,-73.87396470353164
47668095,other,40.68212789164934,-73.99766003993399
47670276,roads,40.72901050834582,-73.73839997256299
47670059,other,40.64936900221548,-73.97492174580508
47664802,other,40.59293885113946,-73.79443037329258
47671645,other,40.642100160754104,-73.96244617076525
47670508,other,40.742256131575154,-73.91865178582931
47664729,other,40.71591213348414,-73.75444988254867
47672810,other,40.76331469056077,-73.92819586194034
47673316,other,40.636830611870145,-74.13778023195046
47666810,infrastructure,40.58709652281903,-74.19854893392028
47671291,other,40.716873451158754,-73.98967572126452
47673244,other,40.74192279105516,-73.9208318614094
47673785,other,40.57478992023156,-74.09089582391242
47665182,other,40.713999924385554,-73.87922337291694
47666800,other,40.859754227509825,-73.92976915486484
47669362,other,40.80417808440003,-73.95481267099875
47664922,other,40.89187241649303,-73.86016845296459
47672833,other,40.75276347471657,-73.82522994440778
47664830,other,40.62159614399303,-74.0296930644542
47668243,other,40.82156143682672,-73.95063141802162
47671601,other,40.70987905734314,-73.79820696134509
45304373,other,40.63113980732552,-74.11343561413386
47666333,other,40.77402308814064,-73.95144290980737
47673410,other,40.7184312028693,-73.95921417627287
47668307,other,40.620193340640704,-74.12428107524342
47672553,other,40.835698064588904,-73.89218924566735
47667340,other,40.855301775723525,-73.90257553996967
47667029,garbage,40.674561376558216,-73.95864616693461
47671205,other,40.73457726640864,-73.88174798714078
47671284,other,40.74422420440378,-73.98341013504194
47669923,other,40.73000200235143,-73.95621960725164
47672822,other,40.86990178138413,-73.89134195938513
47673485,infrastructure,40.90975781385496,-73.900987069325
47667705,other,40.876444151331,-73.91282853424647
47672236,other,40.77262635012609,-73.91809479157013
47667146,other,40.735595861309065,-74.00299134588961
47666885,garbage,40.70425205595462,-73.98179346890531
47672026,other,40.6379906629811,-73.98341853053142
47667471,other,40.699365467057184,-73.90643868817959
47672872,other,40.82608285970194,-73.94082521780065
47673548,other,40.87304696248114,-73.87484858545855
47666646,other,40.854524159468994,-73.89839070240446
47666864,drainage,40.705292386691504,-73.74925560208008
47666569,water,40.71336533767081,-73.96203087299928
47671364,garbage,40.55132135771585,-74.18666494693923
45302538,other,40.77211869282394,-73.91448144634779
47672680,other,40.67933642260068,-73.94960102563032
47670809,other,40.58063633666611,-73.96355353305754
47670372,other,40.86804022299544,-73.88779089758609
47673903,streetlights,40.72985579892284,-73.7571514684723
47666797,other,40.67794638280324,-73.94696663103382
47669222,other,40.70827604835068,-73.94124359837707
47672720,other,40.826737268337354,-73.87393118325969
47670530,other,40.81345872177395,-73.90269098158727
47669655,other,40.74364166035955,-73.95887755839249
47664909,other,40.821702224062335,-73.90076762361511
47668302,other,40.73958334118791,-73.82354682256722
47671525,other,40.70549141515687,-73.89338447030461
47672684,other,40.67933642260068,-73.94960102563032
47666037,other,40.67705836312343,-73.94983708596317
47672670,other,40.85382562545279,-73.88800646242001
47671391,other,40.76093517800181,-73.99258196089383
47666350,other,40.65109805769201,-73.94351390067588
47665639,other,40.82410396969219,-73.95284079702623
47671615,other,40.7004993066336,-73.90020149091094
47670009,water,40.7589085277204,-73.86120561454159
47668076,other,40.737144729278675,-73.95155277980238
47665119,other,40.73891151534197,-74.00325491949773
47665713,other,40.564363296481474,-74.14155022857224
47669656,other,40.706862621206525,-73.89814689417221
47673784,other,40.71874558345745,-73.9923088817157
47669419,other,40.66654885577762,-73.93897698775667
47667400,other,40.87195652166103,-73.86210862061716
47669174,garbage,40.54336749159095,-74.1486477923477
47671961,other,40.672501406667394,-73.92797639484229
47672342,infrastructure,40.59617142108812,-73.98663366673662
47667415,other,40.84312069412535,-73.93827288532341
47673589,other,40.79564720854894,-73.97106720267259
47667412,other,40.553422103341795,-74.17380960596277
47667217,other,40.850167724962915,-73.93575420224671
47666912,other,40.70324927071426,-73.81722679074761
47669293,other,40.67409152701921,-73.9294203035851
47665615,other,40.82611311675097,-73.87801177113899
47665650,other,40.71332909243634,-73.82860144858229
47670259,other,40.668361608901336,-73.96058936183428
47671735,other,40.834759453535334,-73.91530798280652
47671248,other,40.7728060352848,-73.9554296736941
47665277,other,40.84381002179548,-73.93404718813122
47667728,other,40.63749104716493,-74.11638652129355
47672433,other,40.608002260364394,-73.99831810781541
47667580,other,40.82713777821328,-73.8788481889489
47669573,other,40.852321215318966,-73.93877402130026
47671373,other,40.74042116676671,-73.86458934004847
47667564,other,40.877025332154346,-73.87605970842891
47665400,other,40.689382974554285,-73.94510050742699
47670531,other,40.76253224151362,-73.87622583548738
47670282,other,40.70330245619338,-73.92255480953912
47672518,other,40.66847495356383,-73.9123505512675
47664732,other,40.731258142026235,-73.9844741573785
47670081,other,40.745216601463,-73.92099034787306
47673499,other,40.76795110259659,-73.86943232002517
45302914,other,40.68706575762707,-73.99931851278544
47671935,other,40.720328269590894,-73.80776061338688
47671264,other,40.72912831483602,-73.98525759578013
47673439,other,40.60920247844279,-73.925764905539
47666985,other,40.80567017410148,-73.85635447478961
47666933,infrastructure,40.58731686448762,-74.19811034316889
47670962,other,40.74364166035955,-73.95887755839249
47670343,other,40.82930776051894,-73.91437180833115
47672181,other,40.78955806009915,-73.97736073945754
47672584,other,40.74817502962018,-74.00382921263707
47665676,other,40.88935752710763,-73.83660712879308
47668745,water,40.67084010522083,-73.98271822783177
47671603,other,40.73707877509324,-73.87493437899619
47669246,other,40.87983069206228,-73.91228889523181
47667561,other,40.76435416087884,-73.91130384041323
47672565,other,40.742684984899114,-73.89565260528727
47671260,other,40.63831506287992,-73.9424437856551
47666768,other,40.70268093084379,-73.94417348056533
47668790,other,40.74801643412298,-73.95095298910951
47671436,garbage,40.82403011769693,-73.92699219567847
47665550,other,40.70200834018981,-73.82588956304451
47664855,other,40.72965899371875,-74.00078655646078
47670617,other,40.67345803748636,-73.91784886573038
47670982,other,40.629216990346855,-73.95706749212607
47665133,other,40.78369678606392,-73.97162487635687
47665698,infrastructure,40.67964808187085,-73.93604827131028
47665572,other,40.82186367955493,-73.95139354882603
47664940,other,40.84804564816646,-73.8497062921234
47671003,other,40.63074470696908,-74.01448289219852
47672453,other,40.8266693138196,-73.87969094565862
47673046,other,40.86762851023268,-73.85350536044018
47669688,other,40.86356518841314,-73.92322139496197
47668449,other,40.72238703289527,-73.8095260418184
47668287,other,40.82536398109867,-73.93612502220289
47664891,other,40.70238377271251,-73.95506199916176
59456228,other,40.66902264271497,-73.89753058437408
47671006,other,40.828758565881806,-73.91779804913125
47673869,other,40.77421945878715,-73.9892371845004
47666765,other,40.76358355780661,-73.98888874340244
47667727,water,40.67121350807108,-73.98348957872106
47673036,other,40.700103436448146,-73.89046103455635
47672918,garbage,40.589809606940655,-73.96400939064759
47668904,other,40.89187241649303,-73.86016845296459
47669738,other,40.756462079102924,-73.96642073713203
47672256,other,40.69999431878861,-73.9176033857655
47666029,infrastructure,40.61388457210404,-74.18785560138352
47667549,other,40.701876580787875,-73.82588269403828
47668795,other,40.74683549175064,-74.00614971455143
47669875,infrastructure,40.613762112795605,-73.98153360744047
47670697,other,40.75166503690887,-73.98219918352962
47668248,other,40.702486752750566,-73.83198345644185
47668461,other,40.68262243113261,-73.8880704487505
47672078,other,40.79302371195403,-73.97298243331286
47668787,other,40.66958738422389,-73.95739117288831
47665477,other,40.76330665836812,-73.92852075990055
47670704,other,40.616041333373936,-73.98992904305163
47669527,other,40.675144235467315,-73.96142894912767
47669268,other,40.84145054672216,-73.9357734631567
47671897,other,40.87845927645937,-73.82416184876014
47667568,other,40.834759453535334,-73.91530798280652
47671989,other,40.85580181616469,-73.88801036461312
47671986,other,40.859903159004574,-73.86558605829596
47673923,other,40.68623426262027,-73.82417476733417
47671570,other,40.846233418145154,-73.93869649383683
47673286,other,40.7040295599879,-73.81090935799747
47673648,other,40.72343221835533,-73.94046179148624
47667534,other,40.64683832158625,-73.90271056814213
47672635,other,40.663285873324206,-73.93030041379413
47671058,infrastructure,40.63972630781145,-73.99233240229128
47671131,other,40.74619500740993,-73.86363927559566
47669306,other,40.75984322227315,-73.82054763607356
47672459,other,40.67188813299042,-73.92194600379095
47664738,other,40.6736083901043,-73.9208949278638
47668051,other,40.89394614078034,-73.85913325157819
47666124,other,40.59002465825817,-73.81423861268459
47669187,other,40.843824182926085,-73.93481700938983
47665540,roads,40.7026574054516,-73.92669953897527
47665307,other,40.63278048153743,-73.96777638267737
47671622,other,40.84381002179548,-73.93404718813122
47673205,other,40.670076324001336,-73.9215696163626
47667058,other,40.597829270410266,-73.96202095337797
47665894,roads,40.655950392484385,-74.01161591985834
47667216,other,40.67558872327811,-73.94718841892082
47672811,drainage,40.53678175758239,-74.21798868316537
47669322,other,40.62160988537652,-73.9230170228529
47666842,other,40.80197510805985,-73.95754482139222
47670454,other,40.74152278858926,-73.97977323838715
47671462,other,40.6087989806062,-74.09643445754944
47670872,other,40.85416260189251,-73.93819395635431
47667082,other,40.637597750852024,-74.13894561200294
47668917,other,40.8020162975588,-73.9575953628358
47666634,other,40.8493506482598,-73.8926153220062
47666686,streetlights,40.71717004378632,-73.83493696618532
47668273,other,40.64303208676621,-73.97885901086586
47670670,other,40.74703971593208,-73.88298901670511
47668089,other,40.70939120268948,-73.94861163637752
47672743,other,40.74732146938228,-74.0012775908628
47668489,roads,40.642014402370044,-73.93129192602032
47671801,other,40.89187241649303,-73.86016845296459
47665533,other,40.60160659467016,-73.99165256394859
47673488,other,40.67109532284737,-73.83812596922279
47672885,water,40.59648379181107,-73.77749536265605
47666288,other,40.6901021194592,-73.92145591286895
47668220,other,40.690058801374946,-73.7996371964534
47672486,other,40.66545225672583,-73.76104461506301
47665807,other,40.77089120120262,-73.73529666858163
47666819,other,40.82611311675097,-73.87801177113899
47670815,other,40.71010005640448,-73.90620359395348
47671890,garbage,40.55983318061039,-74.15722819529522
47668593,other,40.677282919237506,-73.94284638731943
47667778,other,40.83456191927017,-73.91542387418657
47665361,other,40.68808032130511,-73.94748501902926
47669370,other,40.82819996188983,-73.82533171594208
47664859,garbage,40.676370505797394,-73.88322476767786
47669586,other,40.76038478305023,-73.92202639435197
47673449,other,40.60059358028103,-73.97274340561168
47666259,other,40.832720779834126,-73.85969651830148
47669676,other,40.70578079034252,-73.93087995304545
47666331,other,40.76672171728094,-73.77667030592747
47667256,other,40.720328269590894,-73.80776061338688
47667053,other,40.74825984648786,-73.97336871211186
47673798,other,40.864394011186924,-73.90809735024833
47673447,other,40.82674343990216,-73.87970887825699
47666184,other,40.81848929819712,-73.82008239773886
47666865,other,40.67454634503766,-74.01078278114717
47673254,other,40.73069424810759,-73.95773816829175
47666507,other,40.67423028872812,-73.82170449786858
47667112,garbage,40.68935748102321,-73.9938952512722
47667166,other,40.609279877817706,-73.96887539458423
47672718,garbage,40.59471463875044,-73.95630830939399
47672387,other,40.686572267491044,-73.82991780843417
47669853,other,40.68424673649029,-73.928681223602
47667305,other,40.898848212626355,-73.86849514569708
45313689,other,40.69443216478956,-73.86417066804805
47667738,other,40.80235883795086,-73.94942480453088
47666540,other,40.878052485843185,-73.85320395213073
47671083,other,40.631581792884546,-73.94754388879824
47672671,garbage,40.807840084608046,-73.94357594481755
47673276,other,40.638663131356104,-74.07718280764364
47667535,other,40.72195913199264,-73.80969682426189
47666241,other,40.847461671438666,-73.92270142951979
47671508,other,40.81025625505165,-73.9513875760842
47665504,other,40.68679210428016,-73.95869627357176
47670893,other,40.70647048523924,-73.90837999705059
47665198,other,40.62318388965514,-74.02434795530347
47666174,other,40.700688874406985,-73.81409615768062
47665534,drainage,40.63986405021504,-74.13509129712895
47670887,other,40.845502435008264,-73.82701032738147
47668317,other,40.72915617648882,-73.98895582033991
47670789,other,40.82381648524343,-73.85061372401537
47673580,garbage,40.62327306665516,-74.03024856565703
47668439,other,40.69318568987358,-73.97101069483446
47665570,other,40.880978133798,-73.86425605730918
47672667,other,40.74221225573634,-73.98308945842682
47667980,other,40.652879674075734,-73.96480786866645
47668405,other,40.798852931104726,-73.97059266253866
47671062,other,40.66384313370063,-73.92601768747019
47668762,other,40.81101555453724,-73.94909671668422
47669451,other,40.86817731486439,-73.92479246013716
47666919,other,40.74757198622647,-73.97849741508344
47669781,other,40.76624228682338,-73.83792720530127
47669622,streetlights,40.76394173841055,-73.8281463079408
47672513,other,40.63957284978923,-74.00113860681427
47671447,other,40.65946142888222,-73.93821576347655
47673152,other,40.82887626894203,-73.9449312125375
47669448,other,40.642100160754104,-73.96244617076525
47667295,other,40.77335286542637,-73.91692050953026
47671527,other,40.82379807067555,-73.90267586180205
47673093,other,40.8910997314723,-73.8420389354903
47673258,other,40.59763164539736,-74.08438043758197
47668180,other,40.65590599048708,-73.85051398705299
47671522,other,40.63109418374177,-73.96439423471969
47672147,other,40.753903523102565,-73.97551403127706
47667649,infrastructure,40.77076607202355,-73.95384973424773
47672587,other,40.74311628670499,-73.9926669469552
47668420,infrastructure,40.58598436956995,-73.95885582949718
47673558,other,40.76168743619599,-73.88200668814987
47667562,other,40.70014245084203,-73.91748418946084
47669176,other,40.86593140360535,-73.9196104417344
47671580,other,40.62528798729838,-73.97069435393031
47671744,other,40.675902353412404,-73.84476941742149
47670590,other,40.63074470696908,-74.01448289219852
47669205,other,40.8143198878229,-73.92366114818421
47671660,other,40.77760405613966,-73.77078091706237
47667949,other,40.71407929691633,-73.98981322818993
47672015,other,40.887625421964486,-73.86395676982622
47723228,other,40.814756640866555,-73.94916610867779
47670579,roads,40.753716012133694,-73.98706766241901
47666809,other,40.667136109872324,-73.9500968753763
47671880,other,40.68413264729373,-73.96802919855655
47672274,other,40.72035870868063,-73.81979174428206
47665519,other,40.8542098774799,-73.89994555339412
47664801,other,40.83141056999067,-73.90109643412725
47668938,other,40.777312121014575,-73.92279730348663
47671426,roads,40.81170737509862,-73.88189633449088
47673618,streetlights,40.90566344952616,-73.8986236316581
47673877,other,40.8299444206455,-73.91799171290687
47672961,other,40.61665663333893,-74.13525684539474
47672813,drainage,40.55082250313727,-74.13983029281296
47670239,other,40.706702358308604,-73.83362475525433
47673685,other,40.81300743909306,-73.94164967326812
47671841,other,40.720328269590894,-73.80776061338688
47669364,other,40.74624824575935,-74.00279333163303
47669898,garbage,40.604472446333105,-73.97479455846158
47673345,other,40.755384223011944,-73.88345080656282
47673822,other,40.68183349408198,-73.95457829262003
47669514,other,40.73343885580677,-73.97642722518613
47673035,other,40.54528412195304,-74.1501812514226
47668225,other,40.84775396768667,-73.89048175050743
47666364,water,40.63649814886483,-74.01120178952823
47665951,other,40.67964161911119,-73.84956304840641
47670017,other,40.66634368666201,-73.95201873752808
47664889,other,40.74180836717385,-73.98049489472714
47670031,other,40.61144430552855,-73.94395444215243
47673428,drainage,40.54981531605609,-74.15871233215702
47666145,other,40.77399299643651,-73.95874328121042
47664963,roads,40.758124163305276,-73.98789701435379
47665127,other,40.77031337290853,-73.87602364008197
47671262,other,40.88562974190851,-73.86605482246202
47667433,water,40.80943428247981,-73.9196244950256
47664828,other,40.8560838269954,-73.91262024996277
47672369,other,40.731706579763554,-74.00095616452742
47666408,other,40.68569366810287,-73.81721000775569
47671641,other,40.82264345689053,-73.84772587405237
47670292,other,40.83694066292417,-73.90374441298103
47669125,other,40.708367507000965,-73.95544029720993
47669200,other,40.60959699281023,-73.99885109973593
47668686,other,40.881457270343866,-73.87038832244687
47664776,other,40.57860428500127,-73.85051060544734
47668280,other,40.81921792607878,-73.91779538246868
47669879,garbage,40.659171504113395,-73.93508754676871
47671085,other,40.55883351956668,-73.901435177232
47673264,other,40.874427911780465,-73.88037110624745
47670967,other,40.74705521915176,-73.95640328649877
47672702,other,40.67933642260068,-73.94960102563032
47665526,other,40.62619170211237,-74.00846218728307
47669085,infrastructure,40.61573996256358,-73.92072938139194
47666725,other,40.67076982974797,-73.99306062240497
47672419,other,40.782964849066,-73.95006061840928
47666094,other,40.837971268195446,-73.91599415528718
47671208,other,40.74983161690717,-73.75950039682718
47669217,other,40.712006696940385,-73.94802166228357
47666371,other,40.71185803287958,-73.96074760616023
47669331,other,40.76744862291508,-73.92445133545704
47673540,other,40.63588956836712,-74.03482287262695
47668821,other,40.84846569949001,-73.86535254036681
47673875,other,40.64472895703607,-74.01762094181748
47666830,other,40.547840184368496,-74.1749357308866
47668765,other,40.79774238913248,-73.93356190249254
47669933,other,40.76727807162804,-73.98988451329957
47672058,other,40.669324117656316,-73.92549251752203
47667075,other,40.86220293024467,-73.90373677124303
47667584,other,40.77987920297256,-73.9160241148605
47670149,other,40.68939244189137,-73.81994034141681
47673704,other,40.59927391638236,-74.06628742404949
47671983,other,40.656947940203736,-73.89404591977383
47673165,other,40.6366356287001,-74.00837703900862
47670150,other,40.807981670757044,-73.93613086675472
47670679,other,40.831378946066906,-73.9289535299807
47668711,other,40.67354255416439,-73.9389886138828
47673807,drainage,40.70424309880807,-73.80726599526653
47672724,other,40.86859090883707,-73.88960138306786
47668856,other,40.852094385141655,-73.8437292671547
45313688,other,40.752827633972515,-73.85790854099612
47664932,other,40.82410396969219,-73.95284079702623
47665736,water,40.70220874547637,-73.89346185163777
47669163,other,40.68960125349448,-73.86407593812415
47666824,infrastructure,40.7661867548693,-73.95818495119876
47668239,other,40.69640803852981,-73.78328893428377
47672069,water,40.58383275342225,-73.94071945118964
47667658,water,40.84804018761003,-73.92178629387753
47665054,other,40.69586673779216,-73.95267185574636
47665567,roads,40.86661522884987,-73.92425190339249
47665334,other,40.72991228040339,-73.9103285989196
47666621,streetlights,40.72032117794149,-73.99404032468442
47667547,infrastructure,40.658867034832134,-73.88054142141478
47672226,other,40.54674537902227,-74.16156559898342
47666452,streetlights,40.68590247097952,-73.85169070639043
47671934,other,40.883717677409756,-73.83695370089356
47667732,other,40.691298649185576,-73.7768327838398
47668589,other,40.75436339622151,-73.8659867110966
47673867,other,40.661175787809476,-73.98302349723008
47667136,other,40.860108911064636,-73.82643729335578
47667644,other,40.74313112621839,-73.87508902199968
47673795,other,40.71105466347435,-73.99093909007408
47672676,other,40.73690711816209,-73.98664873625457
47670092,other,40.6698558316466,-73.80041885315545
47668925,infrastructure,40.587761697140614,-73.96309959543531
47667265,other,40.82766240390174,-73.85319226711394
47673874,other,40.853992846328005,-73.92935592122582
47670423,other,40.88134005132201,-73.90507240418435
47672054,other,40.6512806982575,-73.96017059735964
47673892,other,40.79490584208142,-73.9362228668038
47671169,other,40.61259501496275,-74.03317913730731
47669718,other,40.74311626924452,-73.90902249004421
47673464,other,40.749484452124534,-73.9753821176979
47673312,other,40.894397256010194,-73.85769996208678
47669431,roads,40.6645099313247,-73.75800575335418
47673818,other,40.87780787943081,-73.87381265144202
47673095,other,40.63795837778102,-74.02749885160368
47669721,other,40.70183594907939,-73.92986699531383
47673828,other,40.89187241649303,-73.86016845296459
47670007,other,40.80380187637796,-73.94788135134962
47666820,other,40.72167835425236,-73.98060540727589
47672736,garbage,40.835912164819746,-73.88930506860214
47673951,infrastructure,40.746020212528485,-73.99236708502762
47669456,other,40.88239015743386,-73.88294246874136
47665315,other,40.79405234298446,-73.97036725563488
47664759,other,40.820840202441815,-73.87264889941089
47671876,other,40.76638673986711,-73.90966217137571
47668566,garbage,40.82960639296032,-73.8939082919681
47671167,other,40.68337716117407,-73.76042512611521
47671055,other,40.69073734683583,-73.9082213181134
47665300,other,40.67822807684513,-73.91000151369752
47669262,other,40.62135616007971,-73.9577425581028
47669683,garbage,40.763479400778294,-73.90542449248332
47667064,other,40.71271790729786,-73.9630556696906
47668505,other,40.72956819663572,-73.87662261274924
47673592,other,40.74705521915176,-73.95640328649877
47666147,other,40.719833952497055,-73.94068145748192
47664809,other,40.89187241649303,-73.86016845296459
47672823,other,40.860092588681304,-73.93103409461263
47670378,other,40.71271790729786,-73.9630556696906
47673573,other,40.75865084010097,-73.80303689500057
47671854,other,40.636645942039934,-74.08830663021749
47667280,other,40.84846021725781,-73.9403028949739
47671322,other,40.79327748070041,-73.9672328139575
47669636,other,40.8609235071515,-73.90659823100756
47668477,other,40.80638958312318,-73.85011461556662
47669086,garbage,40.76780634841937,-73.80087261938783
47669805,other,40.74402047585341,-73.92600443999484
47671351,other,40.700312039053344,-73.91666891722276
47666025,other,40.72445772523062,-73.81021642584223
47672174,other,40.78305500284521,-73.81845932970388
47666200,other,40.807103562297236,-73.95380647779639
47669843,roads,40.73001773405,-73.82346751751783
47672493,other,40.615637823014566,-74.087634099334
47669386,other,40.72226678752532,-73.89271547055729
47671958,roads,40.642823918564154,-74.01862217330005
47670307,other,40.72167835425236,-73.98060540727589
47668267,other,40.699800319891985,-73.98361593748928
47672509,other,40.687256722027826,-73.98357935618405
47672197,other,40.88134005132201,-73.90507240418435
47666400,other,40.67848759543084,-73.96210480976572
47672807,other,40.89187241649303,-73.86016845296459
45302282,other,40.60496639873792,-73.97429378869548
47672235,other,40.66236944636268,-73.98097588425948
47668823,other,40.826688416321396,-73.82404933984195
47667963,other,40.87895881947564,-73.83533086430178
47669513,roads,40.72934846625175,-74.00926544762632
47665254,other,40.54677983723255,-74.20833856145052
47669974,other,40.82502508868207,-73.90614276822134
47666827,other,40.752997615805505,-73.93840692766283
47668414,roads,40.86523338034322,-73.91837119842683
47667533,other,40.72195913199264,-73.80969682426189
47669730,other,40.8301563950263,-73.87573146014253
47670611,other,40.656999250100334,-74.00735602393334
47668270,other,40.76096011122231,-73.99861746470174
47672588,other,40.745854354356986,-73.9009419513164
47672010,other,40.872635496416315,-73.88846291676924
47665801,other,40.8001948916806,-73.95332005623987
47667292,other,40.58487869017346,-73.81975049755552
47671087,infrastructure,40.85844745053305,-73.92927888866892
47670001,other,40.7153317176163,-73.94452722005474
47671180,other,40.72238703289527,-73.8095260418184
47669422,other,40.708444544658676,-74.00688558906863
47666817,other,40.69508955044246,-73.95166628128487
47667792,other,40.597876844069326,-73.95005501431636
47672672,other,40.767423533646,-73.98977979821666
47667620,other,40.691836276451504,-73.90608504606836
47666183,other,40.61087039694368,-73.99345582569941
47664825,other,40.71656784194637,-73.96016044192552
47668199,other,40.67076982974797,-73.99306062240497
47665072,other,40.63606429019085,-73.96218654869867
47665210,streetlights,40.74925791177295,-73.88897626258446
47665514,other,40.807274668291875,-73.91644469647918
47667135,other,40.73892202881568,-73.9891454551919
47671827,other,40.688059928607935,-73.97758630830204
47668258,other,40.70855450375859,-73.83901247954978
47666022,other,40.6512806982575,-73.96017059735964
47671328,other,40.64326279474958,-73.90715515490861
47673239,other,40.668992167813315,-73.93481123570182
47667806,other,40.859081451623425,-73.92923844862062
47670585,drainage,40.71247941036772,-73.95608683133997
47670788,other,40.720875423620654,-73.99102433685879
47665975,other,40.89187241649303,-73.86016845296459
47668985,other,40.78298744269326,-73.83951859649474
47670825,other,40.80963154228447,-73.80297272511186
47671219,other,40.75907109450834,-73.78775596059864
47668990,other,40.64378958870715,-73.93985901846497
47668854,garbage,40.84948781974212,-73.93232102885955
47668456,water,40.797228382444864,-73.9481646003152
47671252,other,40.68795328533329,-73.91421799354848
47671933,other,40.68939579725659,-73.79877016973472
47672944,other,40.59821351944963,-73.96195231668013
47666844,other,40.75378515772537,-73.99322883326228
47667105,other,40.702754176418125,-73.90512112874818
47666372,other,40.68783259861612,-73.87529357497216
47666683,other,40.75236202684294,-73.92640663307816
47672986,other,40.66428313831582,-73.98489345277625
47668200,garbage,40.75425057378206,-73.93585753973237
47667895,other,40.83864072911436,-73.91565359683287
47673748,other,40.55576366167003,-74.15444044385812
47669338,other,40.72195913199264,-73.80969682426189
47672218,other,40.6813962529359,-73.77723007365309
47667331,other,40.6937878885303,-73.95696461000877
47666738,other,40.779187392558484,-73.91968266940772
47669943,other,40.78298763692462,-73.9520141239097
47667123,other,40.76775274572968,-73.90855201075968
47667422,other,40.69871473575902,-73.92919227857396
47672691,other,40.67933642260068,-73.94960102563032
47665598,other,40.83147807156017,-73.8720539784169
45309587,roads,40.57782712884206,-74.09586056039869
47666668,garbage,40.64443069714456,-73.91992776079039
47669682,other,40.725677962831824,-73.98381883023241
47672716,other,40.848533419181855,-73.90598670450618
47667434,other,40.759156319773936,-73.9122240051089
47671536,other,40.727286617415935,-73.9855249899362
47673754,other,40.707656742025364,-74.00775836933063
47668137,other,40.64725800475605,-73.94918201374695
47673493,other,40.73284191774575,-73.8837933264807
47666863,other,40.65426652472217,-73.9790752935485
47666245,other,40.8632503325854,-73.86917652563291
47669494,other,40.74258129282577,-74.00047635591933
47665311,other,40.85481536535245,-73.88411521776689
47667019,other,40.67448811670077,-73.94729383756261
47670791,other,40.89187241649303,-73.86016845296459
47671999,other,40.67423880978954,-73.83863386388623
47665162,streetlights,40.64026296770216,-74.0190250196282
47665001,infrastructure,40.57317312495848,-73.99062303085555
47667722,other,40.706580929341825,-73.89930511073361
47670054,other,40.62615797740785,-74.01589406197287
47667516,other,40.759990487104766,-73.76642685312974
47667274,other,40.69733804558292,-73.93589426297957
45293660,streetlights,40.86949760693432,-73.85564893860358
47671445,other,40.89187241649303,-73.86016845296459
47667632,other,40.75380939377618,-73.91201448869406
47667951,other,40.61917960897014,-73.92982056512946
47673973,other,40.84209807956513,-73.92623146467268
47666405,other,40.81136064494706,-73.93652861023975
47669127,other,40.542066504470355,-74.16848390996611
47667754,other,40.70640957217932,-73.92261612218132
47673857,other,40.6949809813867,-73.91568388016015
47666257,other,40.83261655622066,-73.94336702380407
47668607,other,40.86381231443587,-73.92337656913543
47667259,other,40.82186367955493,-73.95139354882603
47670965,other,40.585069478437475,-73.81889312236802
47665155,other,40.8511054702146,-73.90630838735935
47665928,other,40.624736756675155,-73.9551394953154
47672280,other,40.82193704510607,-73.89032552130838
47672749,garbage,40.55612847047166,-74.13962907479171
47666897,other,40.83018108184639,-73.87571695998837
47664862,infrastructure,40.8352500106276,-73.81925287971437
47665542,streetlights,40.84292334753507,-73.90955823631849
47666680,streetlights,40.72787752199459,-74.00542637290448
47668169,other,40.890582383705464,-73.85350541103593
47668396,garbage,40.621426213966195,-74.12637625495084
47665737,other,40.553943953835095,-74.13237698428533
47667857,streetlights,40.68193563927813,-74.00571828346341
47673420,other,40.73398416190575,-73.80491034987578
47667038,other,40.7177208370528,-73.84824336266092
47673728,other,40.801702416194175,-73.96269204190232
47672491,other,40.67910849575307,-73.80522591180018
47668858,garbage,40.651686786087915,-73.95256625081376
47670278,other,40.65941517743085,-73.9389835134306
47666015,other,40.8657898291969,-73.84529872764567
47664937,other,40.737436074298444,-73.95251603181163
47669604,other,40.82788415492887,-73.9155949645218
47668923,other,40.89187241649303,-73.86016845296459
45296325,other,40.82713701225132,-73.86814184443006
47669994,other,40.66152912219051,-73.9514887534417
47665564,other,40.7203560241639,-73.9849023884138
47670010,water,40.848748947546916,-73.89196206534605
47673710,other,40.68754155826579,-73.96768862093403
47668709,other,40.7244122242182,-73.91451380284529
47666107,other,40.57444974076871,-73.99518723710393
47669021,roads,40.83006160534381,-73.89346310510719
47665414,other,40.83895110386585,-73.93757202691035
47668002,other,40.861403787976336,-73.90321733819738
47667157,other,40.70531693935602,-73.82126789217061
47672171,other,40.68256526508143,-73.82111254112209
47669450,other,40.59365318642437,-73.77571883759819
47671867,other,40.899523307673824,-73.84620411353633
47669369,other,40.68823163615804,-73.87125791690683
47668888,other,40.65941517743085,-73.9389835134306
47670616,other,40.842671311068734,-73.90671059838249
47672725,other,40.68845749934994,-73.94408803161248
47665888,other,40.89187241649303,-73.86016845296459
47670971,other,40.73510169459292,-73.8554457499332
47669168,other,40.7696740832604,-73.78628168507628
47668975,other,40.89187241649303,-73.86016845296459
47666963,other,40.72363529394295,-73.88583331891832
47667469,other,40.650343183832085,-73.97394836228013
47665496,other,40.531920596619734,-74.18858213374197
47671871,other,40.69836394371049,-73.93007260412102
47667178,other,40.6993622474947,-73.99582016210205
47670622,other,40.687024872839224,-73.97620565382692
47673854,other,40.89187241649303,-73.86016845296459
47668124,other,40.67985922909719,-73.98139632776973
47673926,infrastructure,40.67519222206552,-73.89375376202155
47667382,other,40.75938410124301,-73.98889305360727
47667741,water,40.69071062526245,-73.99340111229087
47672549,other,40.686950462918965,-73.99806010853166
47671096,other,40.6379906629811,-73.98341853053142
47672544,other,40.68379397584258,-73.91291451950413
47669707,water,40.75856183301254,-73.87738468422914
47672474,other,40.74867490788233,-73.86481798149455
47664944,other,40.72263505742577,-73.99505387497634
47664926,other,40.60940415570784,-73.93716361528179
47667551,other,40.81258013602569,-73.91632965910465
47671188,other,40.72195913199264,-73.80969682426189
47669861,other,40.765828955729546,-73.92404163066581
47665895,roads,40.8620817092184,-73.85587471958645
47667660,other,40.71081122265628,-73.94479429582857
47670966,other,40.76076407291837,-73.92279121595953
47668440,infrastructure,40.72502569242927,-73.9940218649396
47670546,roads,40.637218425843365,-74.14385219492263
47665271,other,40.86421638858669,-73.92429078935197
47666816,other,40.70330051434037,-73.87381477279177
47665680,other,40.71903253098864,-73.76343187259087
47668259,infrastructure,40.79850212652865,-73.97270932568053
47668929,other,40.735573676665716,-74.00781935391066
47673565,other,40.74805557546284,-73.89467696616141
47671631,other,40.85812816581817,-73.8986310182593
47671104,infrastructure,40.65575922740469,-73.94460198452117
47665156,other,40.73009934988612,-73.81090754397326
47669588,other,40.86375466860806,-73.92336578955322
47673050,other,40.84447883101896,-73.83461384434214
47671213,other,40.67317720342135,-73.93350213422103
47667099,other,40.755818069772026,-73.71950728966677
47665714,other,40.85437517801308,-73.90066104006007
45293399,other,40.74363764717882,-73.8843988217079
47665164,other,40.7189485068581,-73.87389337102535
58106691,other,40.76344481834354,-73.77263098669903
47673632,other,40.88678670593531,-73.84941617865884
47670990,drainage,40.66585808932805,-73.98115511956924
47673779,other,40.74705521915176,-73.95640328649877
47670917,other,40.76676922687413,-73.95983438656366
47667334,other,40.647660167485874,-73.96850073181507
47672789,streetlights,40.83072462260467,-73.82321477801422
47669756,other,40.612307834575006,-73.97057759386881
47670298,other,40.68293840565018,-73.85406613465092
47664978,infrastructure,40.611788045891174,-73.93979420481656
47668946,other,40.76076407291837,-73.92279121595953
47669447,other,40.79162687854048,-73.97400141939524
47668308,other,40.594909729929725,-73.96493204122721
47670448,other,40.80019408382768,-73.9513660292754
47665921,infrastructure,40.623998421807826,-74.01076741023674
47668332,other,40.72672690462122,-73.86636699893994
47671887,other,40.688740589088006,-73.76048518436448
47665700,other,40.84527716722981,-73.93667335080436
47672682,garbage,40.90356606854022,-73.85026083226752
47671894,other,40.59445041236728,-73.95443969213149
47671402,other,40.74729610031015,-73.91200865479816
47727760,other,40.684600593855855,-73.84479964770063
47666292,other,40.63285490417481,-74.01830594585235
47668384,roads,40.70716897282209,-73.9449019105806
47669505,other,40.75557620564206,-73.88062426014604
47673079,other,40.829713905000375,-73.8974601766034
47673787,other,40.64558327145859,-74.0879112617634
47669337,other,40.81278097319959,-73.95723808546147
47664745,roads,40.86537902745988,-73.90431425675472
47671850,other,40.72195913199264,-73.80969682426189
47671907,other,40.63646460504369,-73.9535390769583
47668667,other,40.76428388361999,-73.99475837745631
45313698,other,40.68446899395937,-73.93313752376739
47666180,other,40.66127399849933,-73.86780289994645
47667364,other,40.61655032892211,-73.93020153359745
47669926,other,40.68995272085141,-73.91222495873447
47668599,other,40.64238173021149,-73.90060190545007
47669105,other,40.64170795172326,-73.96336163014303
47668882,other,40.679808517220586,-73.94958624740596
47668842,other,40.89659733309558,-73.85456644012864
47672296,roads,40.75488592586178,-73.99587081943005
47672871,other,40.86322331224371,-73.9029652341188
47671952,other,40.661728732670475,-73.99860149944075
47667238,other,40.63505012316166,-73.95132425213963
47673042,other,40.70444592704043,-73.86488603071182
47664950,other,40.7703660383441,-73.99154837531617
47665260,other,40.76295521153478,-73.86903058914632
47670644,other,40.80826171163451,-73.91880591445779
47670907,other,40.74609978608553,-73.91622187867759
47672527,roads,40.764541533286334,-73.98953476407415
47672399,other,40.70867440473338,-73.95412717252077
47664730,other,40.83320462178908,-73.9448047651251
47669751,other,40.68149825514832,-73.91148615254514
47669611,garbage,40.72849692299869,-73.74685555571364
47666932,other,40.76902522268042,-73.9521722020626
47666722,other,40.68826820890338,-73.96523991856637
47667554,other,40.84247694626213,-73.93555562158231
47667619,other,40.5823046113327,-74.16905343328875
47665108,other,40.80595252135235,-73.94524999051241
47668474,infrastructure,40.842933203310736,-73.86845749796355
47667573,other,40.833605372175775,-73.91355319570886
47670602,other,40.616972458444806,-73.92085038464076
47672202,other,40.661030104212095,-73.98165388312626
47671927,other,40.737330349666436,-73.9926531498436
47669009,other,40.78839970717331,-73.93922642952565
47665682,other,40.64728970956744,-73.95272793537053
47671864,other,40.763184536964026,-73.91445320906624
47672072,other,40.82757473780679,-73.93844268189312
47664744,other,40.804211292253235,-73.95550978351518
47669149,other,40.59033058124538,-74.08423799236685
47671720,other,40.82609344445307,-73.95176624088222
47666442,other,40.68689380808329,-73.86547688131839
47672316,other,40.704043027957184,-73.8751225901349
47671088,roads,40.76112803352922,-73.95774412629184
47672602,other,40.718965110058996,-73.99153685603615
47673238,other,40.82957810691343,-73.90227715170329
47668595,other,40.766794907177584,-73.96274408696164
47668068,other,40.67716971856001,-73.87582184991163
47673047,other,40.84453808624272,-73.88576678100559
47667253,other,40.76077232165873,-73.92281286486153
47668222,other,40.83895110386585,-73.93757202691035
47668870,roads,40.759504517538964,-73.94197809826025
47672497,other,40.71102369631266,-73.9471964145783
45313676,other,40.743493325579315,-73.97869721581188
47670074,drainage,40.75815156820852,-73.88138849023984
47666079,other,40.716924019946546,-73.8854985071501
47670545,other,40.847901876462636,-73.92428767124863
47673886,other,40.5823046113327,-74.16905343328875
47673031,other,40.62069028840199,-74.14082316943407
47667974,other,40.74180836717385,-73.98049489472714
47664870,other,40.72107039661541,-73.99234108175814
47668649,other,40.674063506578605,-73.86678976455585
47671148,other,40.719633975203614,-73.81971794591682
47666599,other,40.68712725871566,-73.86098002740611
47671309,other,40.74780653332064,-73.90498478491412
47668247,other,40.831387191331984,-73.92897158905042
47666449,streetlights,40.84854504331705,-73.90678187979044
47670280,other,40.72119654510133,-73.84680322933225
47670090,other,40.7054111166749,-74.01241802223196
47669033,garbage,40.66472282867001,-73.87903865139987
47665421,other,40.79170845427802,-73.9708016693213
47667625,other,40.75531528458026,-73.96821521043859
47668119,other,40.61945759359442,-73.96895349709008
47667556,other,40.688857054503266,-73.95379825046119
47667177,other,40.621225154296205,-74.0313607161091
47665489,drainage,40.876369255365056,-73.85262910463919
47666749,other,40.866785088049056,-73.92377807960484
47672937,other,40.81003052596386,-73.91665798171475
47673961,other,40.7012774032881,-73.81310993403221
47665268,garbage,40.704340714094194,-73.82543984801374
47669750,other,40.85009897385511,-73.90071441609523
47670985,other,40.856781786769695,-73.8939372426174
47668413,other,40.735794306243065,-73.95857568834644
47670695,other,40.846946920225996,-73.93846812783478
47665853,other,40.72636646672182,-73.8946138320055
47672336,other,40.71586023021137,-73.75200430775067
47669403,other,40.82118859611871,-73.95167224449301
47665144,other,40.72980582518551,-73.89785565360167
47671075,other,40.729901060574534,-73.90324957614614
47669101,other,40.875894942376384,-73.91247127084895
47671921,water,40.72860611129627,-73.7204877538491
47720593,other,40.78580499436131,-73.97267119686593
47664899,garbage,40.759351982121814,-73.92088694860412
47671327,roads,40.728857111080806,-73.99020424266854
47672881,water,40.82831152032089,-73.90078667404259
47668806,other,40.69417002575999,-73.90694001981417
47671910,roads,40.808988661063594,-73.9462589533084
47671638,drainage,40.70496123508497,-73.9088473385237
47668727,streetlights,40.639446181578194,-74.02695178144887
47667427,other,40.69778082674822,-73.919777134175
47665594,other,40.77051241009248,-73.9254587359379
47668090,other,40.78018133347655,-73.94925027706596
47671459,other,40.67822807684513,-73.91000151369752
47667161,other,40.545486519537704,-74.22037385088791
47670746,other,40.81999009428735,-73.91159459532895
47666267,other,40.61828682571654,-73.99340467007377
47666802,other,40.712006696940385,-73.94802166228357
47671902,other,40.73942577305431,-73.81582124075112
47668900,other,40.8248959075118,-73.86691056235128
47666972,water,40.824273809736596,-73.95203493576481
47671370,infrastructure,40.58805683650576,-74.16009216560873
47672107,streetlights,40.6052666693548,-73.96772483836399
47672435,streetlights,40.68029656884562,-73.84464021093402
47669916,other,40.7152602304408,-73.90965932082639
47666971,other,40.83018108184639,-73.87571695998837
47669540,other,40.53287516904671,-74.19226860818335
47670240,other,40.70529915068531,-73.9561961567018
45293400,other,40.799782757794425,-73.96819758978111
47667392,other,40.65944036222264,-73.93017828261267
47670631,other,40.739614658262404,-73.85158918967383
47664953,other,40.87005657636427,-73.91561736333837
47669912,other,40.61702858320694,-73.94683132941599
47669260,water,40.5633706795473,-74.15358705199989
47669624,other,40.84236580449453,-73.88183467662317
47673922,other,40.67543076864702,-73.94996809462631
47669802,other,40.63868553966112,-73.97165050807656
47666735,other,40.70734631986123,-74.01099728403673
47671400,other,40.6925249446369,-73.8169136135375
47673330,other,40.636135292158215,-74.11346932681629
47672262,other,40.831335923796985,-73.89134712411388
47672761,other,40.71067411118299,-73.95811156446882
47671730,other,40.83456191927017,-73.91542387418657
47664860,other,40.710567350802535,-73.95182458832511
45300742,other,40.59698300754194,-73.98051919660615
47668400,other,40.60014699391566,-73.94451128616055
47673177,other,40.82002576729337,-73.91158370906267
47667132,garbage,40.64794757197642,-73.96571137981564
47666976,garbage,40.64027194127515,-74.08447399351682
47670533,other,40.63332599421962,-73.97616355179734
47671082,other,40.660847427139196,-73.9925714650099
47664764,drainage,40.7700860919904,-73.96349678756779
47667856,other,40.61252617749543,-74.03392466048392
47666360,water,40.82913112527793,-73.89645292116397
47667957,other,40.82805780616101,-73.87423220657463
47671271,other,40.694643700748486,-73.95550356170298
47671222,other,40.696071245452146,-73.79729309710487
47672009,other,40.789108625149574,-73.95257668308606
47672912,other,40.84443555351244,-73.9335911682338
47671229,other,40.84711144985251,-73.93818243577172
47669804,infrastructure,40.67264181416146,-74.00610682368193
47671381,other,40.83170371429588,-73.85623322486842
47669754,other,40.856781786769695,-73.8939372426174
47672245,other,40.82869534468847,-73.91766804379088
47670012,water,40.544363024750275,-74.159498151542
47671541,other,40.82127039726054,-73.89972048984208
47670786,other,40.89187241649303,-73.86016845296459
47668808,water,40.767585259528396,-73.9120035094514
47670753,infrastructure,40.59987867620902,-73.96787868671653
47669652,other,40.72214194567234,-73.95873208783347
47667117,infrastructure,40.70064904020206,-73.94262078578218
47668524,other,40.65373179014997,-73.90763432699119
47665642,other,40.87866453152422,-73.89925061395786
47719531,other,40.72251552733121,-73.98073503978566
47669919,garbage,40.55045566678269,-74.19393847095799
47670763,garbage,40.75326619173779,-73.7560049744128
47668631,other,40.71271790729786,-73.9630556696906
45329936,other,40.62554925682451,-74.02721274940752
47671150,infrastructure,40.68388063961709,-73.91882395505205
58104228,other,40.674033058985565,-73.97259803080786
47669686,other,40.74851647498049,-73.78424185245201
47665084,other,40.80275381673463,-73.95544212929333
47668194,other,40.835061927674374,-73.85300970554853
47668032,roads,40.680956847187346,-73.96767738969301
47673103,other,40.86631012463502,-73.86630343414035
47666613,other,40.689568020656395,-73.95397444635383
47668560,garbage,40.609676231275415,-73.95553498399715
47672418,other,40.78134659393339,-73.96001335788007
47667775,other,40.755480119349905,-73.88602418296742
47666823,other,40.742481089622785,-73.98208615724498
47670438,garbage,40.762413397087556,-73.78145335460034
47671984,other,40.62946626857135,-73.99199133021793
47671593,other,40.73510169459292,-73.8554457499332
45319884,other,40.63082517884541,-73.96434394024142
47665986,roads,40.71946018342169,-73.89116154503573
47672967,other,40.68532063416505,-73.96627988468055
47670458,other,40.58391550429559,-73.81816181276052
47666475,other,40.85812816581817,-73.8986310182593
47665249,other,40.69355922575919,-73.80011710867862
47666098,other,40.907624065589125,-73.89656215743337
47669481,other,40.693836744152804,-73.94305938273773
47669367,other,40.80607683921478,-73.95331954334506
47672755,other,40.89187241649303,-73.86016845296459
47673550,other,40.8173104772361,-73.86076588495037
47666641,other,40.72195913199264,-73.80969682426189
47669258,other,40.720328269590894,-73.80776061338688
47666675,roads,40.7419635970152,-73.9945724798417
47670415,other,40.8567044331375,-73.92906384504292
47667104,other,40.813017691565264,-73.95197440907843
47668732,water,40.74120019618921,-73.90204230238993
47669225,other,40.580203197812224,-73.8453734429475
47670295,other,40.63787125421327,-73.90962357111269
47666413,other,40.676395680130035,-73.98374426327182
47665602,other,40.82713777821328,-73.8788481889489
47669647,other,40.84359464721062,-73.91526782055568
47673248,other,40.7204827506381,-73.98903301639538
47672327,water,40.67138058222934,-73.98116437392267
47670852,other,40.73820381834108,-73.89988881138144
47669356,other,40.66548002489552,-73.75211592259771
47672828,other,40.87780787943081,-73.87381265144202
47670855,other,40.71997982019537,-73.9836434445405
47671885,other,40.72796464941688,-73.98615262865015
47667532,roads,40.8263213819374,-73.87769703204906
47669160,other,40.71908661982735,-73.89086994857757
47673251,other,40.72445772523062,-73.81021642584223
47666764,other,40.6850220022043,-73.96820544862611
45292157,other,40.638024668421195,-73.9945845369017
47665617,other,40.772068894790735,-73.89122720012519
47665798,other,40.60741318334747,-73.9262494896792
47670369,other,40.745542387354675,-73.98935730267713
47665239,other,40.6843123618332,-73.99049923456228
47666375,other,40.76235278963797,-73.81934601890966
47671269,other,40.620637771295506,-73.9183749527822
47667994,other,40.79534540474149,-73.96201300877888
47669677,other,40.68349681854499,-73.9156298951601
47671456,other,40.74621419306285,-73.91503077951621
47664747,other,40.64970161662446,-73.73668923833903
45310617,other,40.588859760753,-74.10978134427192
47672434,other,40.733641454459935,-73.95597546171477
58107703,other,40.6274656317473,-73.89955056486717
47665702,other,40.88562974190851,-73.86605482246202
47668574,other,40.728096378767894,-73.87104019039371
47671149,other,40.8477316562127,-73.93308908173087
47665587,other,40.559025527252146,-74.12160850975523
47726091,other,40.606868810558126,-73.94411674578754
47672666,other,40.585069478437475,-73.81889312236802
47673604,other,40.643674809923255,-73.95268365210036
47669649,other,40.85703679828894,-73.90978124722393
47666443,other,40.72573437089984,-73.81378095678556
47669503,other,40.87195652166103,-73.86210862061716
47665423,other,40.69646832510613,-73.98472387844356
47673385,other,40.69595330813569,-73.95642588347148
47670327,other,40.66756034112694,-73.96119902929696
47671633,other,40.81992555441538,-73.90633060826623
47666524,other,40.6731715967615,-73.86930783973465
47664854,other,40.703935263459876,-73.89059900497251
47665428,other,40.72687595916265,-73.74991401468239
47666573,other,40.689398085457995,-73.80166929674951
47666256,other,40.677881945249986,-73.9569856899701
47670056,other,40.7620320704033,-73.87312593429087
47669289,roads,40.68847165125864,-73.9066559003945
47668087,other,40.662005245301735,-73.75862758977094
47673607,garbage,40.618980915279145,-73.90875223099572
47667706,garbage,40.68654279597665,-73.83802717185381
47666551,water,40.755741274142295,-73.98417969324642
47669307,other,40.68157166713339,-73.95193567177945
47670706,other,40.67735617339489,-73.9077169748602
45311803,other,40.87218746574294,-73.8671196338555
47664927,other,40.75580202659486,-73.98713583741953
47665552,other,40.59352028833055,-73.93767185845871
47669395,other,40.6177661497129,-74.03337261416861
47668833,infrastructure,40.64057549545129,-73.96713484479666
47668179,other,40.61443043138842,-74.12061448596087
47665140,other,40.698375389876375,-73.9145039120244
47670455,other,40.660894179220875,-73.9494023032745
47669689,garbage,40.57674424532534,-73.85336941135994
47671724,other,40.63962440162381,-74.01179323732065
47666492,other,40.698129197943246,-73.91947017503531
47672731,other,40.67647016820576,-73.74707827413734
47671266,other,40.68616858810718,-73.95745269178478
47672578,other,40.74442826397496,-73.99246109769813
47672615,infrastructure,40.76892357607531,-73.92187559982852
47673567,other,40.70829323540871,-73.90526834160897
47671307,other,40.87921146222917,-73.91011277494556
47672094,other,40.80144812202169,-73.95754876945138
47673843,garbage,40.70842798723456,-73.81003482803882
47673945,other,40.692574954643426,-73.8581739761326
47664840,other,40.682012279223585,-73.83494466945727
47667379,other,40.61855490316534,-73.94729838043423
47672848,other,40.75482004616135,-73.99571200903345
47669765,other,40.74456173048242,-73.91122914225349
47666601,other,40.75447860696201,-73.93147189607136
47671329,other,40.71631357249486,-73.99027823289293
47671567,other,40.83693403285021,-73.9381123871284
47668240,other,40.68483279713946,-73.84398423320881
47669557,garbage,40.62437304274701,-73.9789910038796
47670275,other,40.832878009987844,-73.84943339354217
47673012,other,40.79815239978816,-73.96823448636394
47667222,other,40.709076919630796,-73.96740044748282
47666962,other,40.72916030901343,-73.72494497689559
47670964,other,40.663859130321455,-73.93927501730849
47670435,garbage,40.68826820890338,-73.96523991856637
47673452,other,40.72027974697928,-73.96313084405962
47670619,other,40.79156238765698,-73.94066449618734
47672785,other,40.69609320344547,-73.74362116515917
47667846,other,40.89187241649303,-73.86016845296459
47669134,other,40.873239511871404,-73.90067986315618
47666606,other,40.73435311589502,-73.78549650155335
47669985,other,40.62513383583942,-73.94657630654201
47666881,infrastructure,40.591735786320825,-73.9713895930275
47672462,other,40.82244506991799,-73.83712189747551
47673786,garbage,40.8293749769006,-73.8619764453813
45293657,streetlights,40.84940104250663,-73.90302877273939
47669173,other,40.797661931862066,-73.9714383365576
47672189,other,40.5776869464491,-74.1054827580308
47667717,other,40.80487959615265,-73.9070886576486
47668867,infrastructure,40.70024996820563,-73.94606169806862
47666974,other,40.73819645936176,-73.98162181018382
47665322,water,40.72366859876738,-73.74301360549576
47673964,garbage,40.6678289394562,-73.9817745733117
47670176,other,40.74880505848974,-73.94111762517603
47670677,other,40.83895110386585,-73.93757202691035
47665855,roads,40.89668932225573,-73.84510382923732
47667085,infrastructure,40.75269012330088,-73.79412507625467
47673904,streetlights,40.854425465926475,-73.8638728544929
47670106,other,40.66083417270156,-73.93887768976082
47667840,drainage,40.770185334035496,-73.7988834721693
47668519,other,40.65510511076976,-73.95523800727969
47667942,other,40.841349810978734,-73.91572605845745
47673387,other,40.7624896886265,-73.74264361785306
47666146,other,40.71120727299452,-73.8399619446932
47673361,streetlights,40.66918878928353,-73.83890202179343
47673931,other,40.68008920887378,-73.84762234393733
47667162,other,40.61718897027143,-74.00541737469263
47670861,other,40.64754982006764,-73.97789181002247
47670016,other,40.749788425124315,-73.93733075947252
47671192,other,40.649311102067536,-73.9737577685296
47666754,other,40.80483416819229,-73.95505423848033
47665147,other,40.68150230912245,-73.91692317084673
47666197,other,40.64215774605356,-73.98733431010403
47720352,other,40.61754760302582,-74.029586805598
47671357,garbage,40.68386751306409,-73.81494349340045
47671920,water,40.71205808674925,-73.81603753918552
47665524,other,40.67879880309846,-73.93402290349258
47666774,other,40.86722267218133,-73.92558172365244
47671084,other,40.823248585488884,-73.92384962744764
47670968,other,40.739772392595476,-73.96127606035245
47667060,infrastructure,40.63628091433413,-73.90158740859302
47668847,other,40.66706093899573,-73.93196182754254
47671429,infrastructure,40.61505417803879,-73.90333679219096
47664873,other,40.70536598481495,-73.8319617725846
47667742,other,40.84717236955216,-73.90638621577025
47665087,other,40.81374605368666,-73.94797832978188
47672458,other,40.73883210099139,-73.70791228044105
47666849,other,40.67814574138721,-73.89096939124194
45290840,other,40.656435954486184,-73.7508520481406
47666632,other,40.65941517743085,-73.9389835134306
47668568,other,40.83456191927017,-73.91542387418657
47666947,other,40.67525191350228,-73.97334018348374
47665436,infrastructure,40.75463905789757,-73.90601454984352
47667648,other,40.863538348017215,-73.92843472016791
47673841,water,40.84624845217874,-73.91118380210203
47668955,infrastructure,40.64021209717277,-74.13081137070299
47665821,other,40.751404982653064,-73.97191654224073
47668378,other,40.85306035591106,-73.86773982181697
47665025,other,40.767126419278625,-73.9838232002684
47665187,other,40.60047956962328,-73.95861642826759
47671211,other,40.774027707760574,-73.91641781329913
47671194,other,40.59435432438078,-73.76001357376035
47673628,other,40.63636642711177,-73.9326380624961
47672251,other,40.6349199021377,-73.97251681220403
47669026,roads,40.67660523665202,-73.97399218135116
47669371,other,40.85367623849785,-73.85062618484218
47673335,other,40.756668965386076,-73.86834992050247
47673930,other,40.686701660299796,-73.87270316550067
47673045,other,40.682449141181856,-73.83913318970579
47666136,other,40.64660935151028,-73.87842284736384
47669092,other,40.716527759805984,-73.85977156666414
47671028,other,40.68687965739044,-73.9579245903795
47667807,other,40.667255237192734,-73.92237317316912
47672776,other,40.69171355682539,-73.91052781804375
45293654,streetlights,40.84273101444515,-73.83693850358928
47672753,other,40.74705521915176,-73.95640328649877
47670468,other,40.74203671582314,-73.95358815386713
47667423,other,40.77784036223685,-73.82581043840055
47665593,other,40.6549988226691,-73.95723110150566
47669475,other,40.8511054702146,-73.90630838735935
45292160,other,40.68441471058815,-73.7657685363462
47669339,other,40.72195913199264,-73.80969682426189
47673169,other,40.783297487035654,-73.97820422270678
47672492,other,40.674200271114884,-73.89258369788506
47669825,roads,40.70344174289935,-73.78122831231201
47672056,other,40.72670835063373,-74.00275643361864
47667946,water,40.876444151331,-73.91282853424647
47665469,other,40.60403573940088,-73.99164865896871
47666998,other,40.89187241649303,-73.86016845296459
47666928,other,40.88416697926976,-73.89243974227318
47673966,other,40.686954219891206,-73.91802694877492
47668429,garbage,40.619855748772224,-74.08507492511053
47669320,other,40.68614252568358,-73.970678426438
47670653,other,40.69793232179096,-73.77378845557364
47672521,other,40.552288707177034,-74.20061898724568
47673799,other,40.8256135150546,-73.94644425577548
47670570,other,40.87437345378532,-73.86817472802414
47666908,other,40.80826171163451,-73.91880591445779
47666042,infrastructure,40.65554640372669,-73.87336449102675
47671703,other,40.74165184471985,-73.98007633057142
47665178,other,40.78591708063168,-73.97084393122904
47670605,roads,40.66410693819567,-73.75693667138492
47673026,other,40.81072782153203,-73.920742793466
47667315,other,40.73066355800743,-73.78080699449289
47673284,other,40.718698709031244,-74.0104075331465
47664848,other,40.72195913199264,-73.80969682426189
47668728,drainage,40.88460561208741,-73.91863672973335
47668663,other,40.75447860696201,-73.93147189607136
47666143,other,40.71214119711043,-73.94227543176096
47669591,other,40.87523137804363,-73.87451542149148
47672205,other,40.71331606698869,-73.95480573373047
47670285,garbage,40.691435607096956,-73.89062312013306
47665600,other,40.80354468185695,-73.90588409153973
45313684,other,40.67809034832886,-73.99884631450252
47673068,other,40.68807945187477,-73.84777355768911
47670419,other,40.839947693321335,-73.90906354408916
47667141,other,40.630504914558315,-74.02094607788881
47672830,other,40.81300743909306,-73.94164967326812
47672203,other,40.66908074868954,-73.93614491815657
47668757,other,40.85708854758956,-73.90254038790091
47670582,other,40.720328269590894,-73.80776061338688
47672834,water,40.71127192983129,-73.95665393561315
47672268,other,40.8472999808393,-73.88931864798408
47667268,other,40.6098639687618,-74.12743124152469
47665179,other,40.68240443270002,-73.7372956349573
47669087,infrastructure,40.715823576306946,-73.90048516709966
47666090,other,40.82713777821328,-73.8788481889489
47667748,other,40.713958284954245,-73.94238568154343
47665031,other,40.65945684624783,-73.89129188230194
47669111,other,40.70084201162625,-73.88785232119349
47670089,other,40.74379966785962,-73.92411727013717
47668992,other,40.60026185892835,-73.94956348536451
47725437,other,40.65508192401629,-73.75172928221642
47666223,other,40.67023388620451,-73.94767210304806
47665719,other,40.66152912219051,-73.9514887534417
47672640,other,40.81244522482949,-73.88689117945445
47673110,other,40.83371614971809,-73.91488289405471
47672572,other,40.754235353035526,-73.99427911950475
47668685,other,40.701694786940216,-74.0116311034501
47668535,other,40.84381002179548,-73.93404718813122
47670529,garbage,40.637570204638315,-74.03197731783787
47666466,other,40.871744279398484,-73.86135698032257
47673049,other,40.636389630331074,-74.03309368660916
47672310,roads,40.75388947204049,-73.9934706504215
47665344,other,40.6642065645585,-73.81319577650963
47666917,other,40.61478605609185,-73.904374513352
47667799,other,40.821667450043606,-73.95481163398917
47665456,other,40.685309117548044,-73.95649774083182
47670389,other,40.68915349074286,-73.98453444341065
47667771,other,40.65941517743085,-73.9389835134306
45313687,other,40.600795224609,-73.75555385877212
47666995,infrastructure,40.70617977080345,-74.01124956663475
47667966,other,40.72535104931395,-73.98188872377295
47669574,roads,40.816937935331815,-73.91155529636806
47665886,other,40.72052992609014,-73.99866159414907
47666135,infrastructure,40.59769480321639,-73.98679900439093
47671443,other,40.89187241649303,-73.86016845296459
47668293,other,40.617837528859,-73.94519537092374
47670557,other,40.68284747065514,-73.9211399603457
47673533,other,40.624693224028086,-74.0055512719549
47670573,other,40.75554504089195,-73.87968946516621
47668040,other,40.74936006497126,-73.98677255984055
47670312,other,40.837348107539924,-73.88978332812978
47668800,other,40.7204750314471,-73.99870849353105
47673862,water,40.56076443432829,-74.17383950484307
47667179,other,40.61055274994302,-73.76463386360565
47673936,other,40.8574561415755,-73.90230848973643
47670027,other,40.74551089280014,-73.755365725441
47671321,other,40.72195913199264,-73.80969682426189
47669300,other,40.78109938567824,-73.95231879568567
47671384,other,40.85193368858099,-73.91242689395992
47665611,other,40.745164259147614,-73.8769618382986
47665142,other,40.66515499249638,-73.93017590534967
47672250,other,40.55471571649305,-74.16959899090088
47672187,other,40.80972720648371,-73.95303521606323
47665793,other,40.767423533646,-73.98977979821666
47673527,other,40.8334586943729,-73.86866775565734
47670121,infrastructure,40.56758046915674,-74.11692698901143
47665907,other,40.751841262651396,-73.98631008205655
47671543,other,40.69547223078498,-73.90175968574378
47668430,infrastructure,40.71284493913784,-73.83159302404576
47669010,roads,40.74011513382139,-73.9822130951929
47673191,other,40.88349412593712,-73.82852800820854
47668629,streetlights,40.72801926865911,-73.86366925176321
47667252,other,40.7925016287496,-73.84831125705439
47670683,other,40.60403573940088,-73.99164865896871
47667304,other,40.72613579167355,-73.89448792137782
47673542,other,40.636081061846355,-73.91240751116959
45302913,other,40.69156627079633,-73.8252605377449
47669383,other,40.8110008940335,-73.94134798516042
47672746,other,40.867619599701904,-73.89584342666986
47665679,garbage,40.70683180254264,-73.90714235994628
47672995,other,40.78664557944582,-73.9757872703752
47673432,other,40.70119670225008,-73.9140891507417
47671799,other,40.68899319146262,-73.94504674049102
47672302,other,40.843774281610685,-73.88226588468818
47670291,other,40.71354038084707,-73.83610025586515
47667219,other,40.688663453111666,-73.75513437612719
47665741,other,40.69886886811279,-73.945042206645
47671772,garbage,40.69767433387203,-73.92897339757455
47665174,other,40.660570662472885,-73.83730088762144
47665339,other,40.6326710608679,-73.94664593188172
47667527,water,40.67165502002812,-73.98092276681903
47666845,other,40.695323187217646,-73.84798420967186
47665181,water,40.87135854799922,-73.88226766507053
47666164,streetlights,40.81719170729829,-73.8020615905786
47669484,other,40.83895110386585,-73.93757202691035
47672985,other,40.72502449381725,-73.8195915211725
47668343,other,40.63328176868313,-74.00283183731005
47669742,other,40.83018108184639,-73.87571695998837
47673911,garbage,40.877565422144016,-73.85879911600368
47668949,other,40.61978841921065,-74.0355168857042
47670741,other,40.65925601808711,-73.95048842500763
47672483,other,40.62824235203349,-74.00211471117623
47668883,other,40.86172499751296,-73.86270827113268
47670102,other,40.863240541435,-73.91810611189065
47669888,other,40.735595861309065,-74.00299134588961
47669219,other,40.70709236693599,-73.89723040623728
47669664,other,40.757102926709656,-73.98619349526301
47672686,other,40.710751385809914,-73.96797314695905
47666576,other,40.82486064591484,-73.95076988584317
47670563,other,40.72905495576435,-73.8931230730922
47672922,other,40.70811260705003,-73.83706942923195
45313274,water,40.72860831820192,-73.8723092171442
47671134,other,40.62863721194139,-74.08003527764738
47667152,other,40.73454351138462,-73.80295660529208
47669019,infrastructure,40.70762332695863,-73.9621315289626
47673413,other,40.690616425248955,-73.73118002376309
47672083,streetlights,40.896533975057935,-73.90101761904778
47669566,other,40.732335842659644,-73.8675753242371
45297859,other,40.7257643987297,-73.79899227474641
47664913,other,40.803943695059004,-73.95211821525047
47666455,other,40.7421137023429,-73.9273057015485
47667628,other,40.66378706017827,-73.93795223325637
47671026,infrastructure,40.678356178471475,-73.91238803843547
47673318,roads,40.68580683876536,-73.86781195465186
47673155,other,40.636951548570735,-74.00286802348826
47668097,other,40.66667814071991,-73.97760070255025
47665384,garbage,40.772220753499624,-73.88928818557147
47669115,other,40.62163422429676,-73.93583729188806
47668739,roads,40.7466050150491,-73.99565479418922
47666836,other,40.652335708915565,-73.95545249404806
47667761,other,40.79200066569799,-73.96546745016005
47672060,other,40.84713951754605,-73.91726931429808
47668556,streetlights,40.775060588140406,-73.91385665907818
47665160,other,40.71489153431824,-73.91204421917175
47667339,other,40.72695810492361,-74.00344555493677
47671394,other,40.834886141241476,-73.91589686528883
47666169,other,40.67797323201135,-73.97941396036711
47673388,other,40.6390361376676,-74.01847698995128
47668498,other,40.87167729358446,-73.89101725485806
47669273,other,40.834095700581216,-73.90532049838446
47666125,other,40.655753916351856,-73.95798747012316
47673431,other,40.75335300180446,-73.9357862171744
47665751,other,40.82637922454707,-73.95256096020859
47669493,other,40.800240588153144,-73.95099758319391
47671135,other,40.74276236471454,-73.85769543726727
47665076,other,40.74445373706415,-73.78841242689148
47673384,other,40.78930847941008,-73.80558605687906
45292161,other,40.721081766194025,-73.89348579599468
47671397,other,40.68594171190039,-73.94654561758077
47669818,other,40.695148625789,-73.91597576964382
47672051,other,40.683185317202145,-73.88549153881333
47665331,water,40.55134684205293,-74.1911954500768
47668730,drainage,40.778914660605984,-73.77146605653076
47666250,other,40.569569251373956,-74.15091973945343
47672198,other,40.7123280324859,-73.9626879596082
47670308,other,40.71416977953143,-73.98879597867962
47670618,water,40.74311626924452,-73.90902249004421
47666050,other,40.73529631524456,-73.80663130953926
47667737,other,40.82332554323123,-73.94305697510212
47672821,other,40.700032291998326,-73.92930267930082
47666775,other,40.71003996968766,-73.95783422430752
47669854,other,40.747532820651436,-74.00058105305499
47673232,garbage,40.84271462205386,-73.85120738429636
47665473,other,40.60160659467016,-73.99165256394859
47673601,other,40.71925820816999,-73.90821811820254
47670569,other,40.75684500360348,-73.91190941207792
47670132,garbage,40.85814779117178,-73.89008867190482
47669867,other,40.85811381176047,-73.93128919840015
47672660,other,40.58346161412317,-74.09325133092916
47668741,other,40.83924842108658,-73.9134482849396
47669778,other,40.79298803638922,-73.97300772821767
47667629,other,40.72195913199264,-73.80969682426189
47670943,other,40.8431942611118,-73.9372716792551
47667891,other,40.63770681622414,-73.95759528671276
47666704,other,40.847863491304004,-73.89922497624548
47673909,other,40.681049856920005,-73.95121496232674
47673295,other,40.84306113235555,-73.90680040695833
47665739,other,40.724428957383736,-73.91487095117672
47666779,roads,40.690587917840816,-73.95813139506514
47666168,other,40.644278976039516,-74.01651817024307
47666922,other,40.87538316784945,-73.87030253171176
47667744,other,40.80322193441865,-73.96832236819647
47669436,other,40.810545995034424,-73.90529620002978
47671987,roads,40.72806367247522,-73.98804318478493
47670512,other,40.65702966667553,-74.00160744153185
47669759,other,40.67879880309846,-73.93402290349258
47665539,other,40.67822807684513,-73.91000151369752
47665738,other,40.75849254973633,-73.99677661022228
47668350,other,40.85424249898977,-73.85560613567012
47666246,other,40.717244499324906,-73.85344630411082
47669967,other,40.716424151739325,-73.76036766502133
47671421,garbage,40.764627009473415,-73.99554531987546
47672273,other,40.5967936862815,-74.08907132449642
47669182,other,40.69767412450994,-73.9639150990676
47671651,other,40.85013330769284,-73.9331481139055
47670205,other,40.85855751680045,-73.90997801218836
47668761,other,40.865648695779235,-73.9236456109652
47672764,other,40.8194222225357,-73.88680344932652
47664846,other,40.75033794512198,-73.99851662818881
47669959,infrastructure,40.70035657597983,-73.94513474851281
47664972,garbage,40.707305811073425,-73.7512137682723
47665528,other,40.67857611021154,-73.96423548808005
47671754,garbage,40.53148866073974,-74.20670085999087
47666212,other,40.731907254253954,-73.87711260291886
47667760,other,40.729480845354935,-73.79589256745845
47672111,roads,40.743187041920685,-73.85488688796148
47669815,streetlights,40.85783012101003,-73.83533256717422
45296327,other,40.74918570613135,-73.86741551061897
47666315,other,40.615671041993195,-74.0259552625549
47665511,other,40.7454967075713,-73.87222632314399
47673430,other,40.701907066452,-73.91338135015178
47671795,other,40.817987134187355,-73.85095196620003
47671298,other,40.78891823488909,-73.95019699234031
47666215,other,40.65860794159172,-73.93847605744172
47673888,water,40.75807079252854,-73.75274233499788
47670269,other,40.76775254296169,-73.96189156264703
47666708,other,40.66996390825942,-73.93496889842184
47667322,other,40.735594565758426,-73.7127905934789
47667044,other,40.74198308520281,-73.95683965248293
47666080,other,40.62867328991905,-73.99823832974056
47672792,other,40.74752501080781,-73.89377554811362
47669889,other,40.74345183928436,-73.92115483696715
47666034,other,40.81067332885121,-73.91740495406697
47673408,other,40.723742354544896,-73.88043956414391
47669909,infrastructure,40.64673356570643,-73.89592158520432
47666627,other,40.64587095650794,-73.947114645749
47671704,other,40.8774429668053,-73.88171086319859
47666285,other,40.682115909051866,-73.91158989182871
47668698,other,40.680929409197546,-73.97973032483245
47673069,other,40.60175775354892,-73.93827276232904
47670393,drainage,40.78529803724292,-73.81366492153543
47669043,other,40.72511469082159,-73.804236397422
47672271,other,40.67076982974797,-73.99306062240497
47670337,other,40.639411096809795,-73.95697085391701
47671123,infrastructure,40.73007637157543,-73.86711076345348
47665912,other,40.72787752199459,-74.00542637290448
47671093,other,40.715806547249166,-73.77392258685904
47664826,other,40.74217584266615,-73.80407078709295
47673746,other,40.69837128798451,-73.99366001224611
47669333,other,40.76045887455523,-73.9679925626384
47665395,other,40.88915747582948,-73.86208017440005
47668465,other,40.81721178342886,-73.94612225187467
47669107,other,40.642100160754104,-73.96244617076525
47665451,other,40.57377461803691,-73.99936646394328
47669440,garbage,40.686539929703585,-73.76479473356171
47671738,infrastructure,40.65881348867057,-73.91256147799773
47666712,other,40.63834831221962,-74.08751979936379
47673735,other,40.676394077288094,-73.99878505586284
47668793,other,40.61807347464044,-73.951041265748
47666987,other,40.642100160754104,-73.96244617076525
47668409,other,40.63649814886483,-74.01120178952823
47672304,garbage,40.657790926570975,-73.91060575291753
47671945,roads,40.75219047356557,-73.99346359839569
47666649,other,40.76096011122231,-73.99861746470174
47666415,other,40.8472999808393,-73.88931864798408
47669240,other,40.82766240390174,-73.85319226711394
47672209,other,40.69494672470211,-73.79776892668544
47664994,other,40.848179112137835,-73.93320790969959
47667550,other,40.70939120268948,-73.94861163637752
47668140,other,40.72398463310886,-73.8894188268696
47672875,other,40.681303229075446,-73.94128899636222
47669413,other,40.828185193127126,-73.87527262597902
47666953,other,40.859081451623425,-73.92923844862062
47666531,garbage,40.72616882286887,-73.9462030739405
47665744,other,40.832527995911676,-73.8837890591726
47665313,other,40.60801979671715,-73.98029268409293
47666706,other,40.81700922691741,-73.92292827880112
47667982,infrastructure,40.87634053863028,-73.87479537778529
47665794,other,40.66802509775299,-73.95604039955845
47665523,other,40.80837550290181,-73.91300438018435
47671856,other,40.63442855411496,-74.02761269015008
47671940,streetlights,40.8355732181513,-73.8372343099446
47668570,other,40.69586673779216,-73.95267185574636
47673937,other,40.86914717879724,-73.92214110867016
47665815,other,40.88182541778601,-73.88360163299659
47667080,other,40.61531039125312,-74.03037462499987
47670104,infrastructure,40.67694786282491,-74.01237306503428
47668633,other,40.74334702250432,-73.9204043306283
47669946,other,40.66017556249421,-73.73901593027449
47670351,other,40.892854728640806,-73.85768879653688
47673572,other,40.87189148330003,-73.90346240922081
47673623,other,40.60995181555022,-73.91396526711496
47669532,other,40.824634956489426,-73.8791923875808
47666314,water,40.871248199890815,-73.91620160127249
47667223,other,40.84717236955216,-73.90638621577025
47670952,water,40.73173920407658,-73.99145946208291
45310618,other,40.87049396666864,-73.8351855042323
47665653,other,40.607648174107474,-74.00214287054007
47671576,other,40.74432968690278,-73.99828218660515
47673789,other,40.660976076282054,-73.98829670078912
47666330,other,40.68133963665279,-73.81842976828524
47667408,other,40.72238703289527,-73.8095260418184
47669482,other,40.85521919401333,-73.86665829683199
47672406,other,40.63880225548051,-73.9452394061515
47667036,garbage,40.635787994096646,-73.97580597717746
47665446,other,40.709717877264474,-73.8530732979732
47671385,other,40.60762999917792,-74.12716407036717
47671893,other,40.8097792734676,-73.92239840309108
47669549,other,40.83147807156017,-73.8720539784169
47667998,other,40.560317492659706,-74.16610786516634
47673794,other,40.85812816581817,-73.8986310182593
47673486,other,40.64767472046323,-74.01304511768275
47670745,other,40.63309789116956,-74.02517662196779
47672688,other,40.67933642260068,-73.94960102563032
47672911,other,40.837107389930004,-73.83521400557078
47670984,other,40.82612276531203,-73.8554828783128
47669511,drainage,40.50891237536789,-74.24956198443836
47672673,other,40.67933642260068,-73.94960102563032
47667031,other,40.79914709455231,-73.97252847008015
47669243,other,40.82357724691887,-73.95348792417126
47673337,other,40.828402199245986,-73.90415424045243
47665660,other,40.87149951317507,-73.87038242193898
47666894,other,40.604708161574436,-73.99094992178074
47669692,other,40.78515581987176,-73.97900165965613
47668804,other,40.76652020167625,-73.98671861093847
47673764,other,40.738627564134795,-73.91864539038076
47673458,other,40.823289137694125,-73.90794817154422
47672914,garbage,40.719282666268136,-73.7636077526533
47672260,other,40.63412519473508,-74.11711564174772
47673460,other,40.87444956322398,-73.88548035819993
47673709,other,40.855301775723525,-73.90257553996967
47666610,other,40.60959250879165,-73.97997168026686
47667903,infrastructure,40.58709652281903,-74.19854893392028
47666395,other,40.745497153775624,-73.75535855803265
47672175,other,40.61252617749543,-74.03392466048392
47665267,other,40.736016682521836,-73.97902797071728
45313692,other,40.72954642135241,-74.00303797899673
47665365,roads,40.78513671128372,-73.81747866450452
47670284,other,40.840850336148144,-73.93737508387434
47672990,other,40.721921241901896,-73.99190445974854
47670359,other,40.71645941080974,-74.00319971290408
47666451,streetlights,40.76774373295265,-73.9821118532151
47673271,roads,40.80178854752253,-73.9393189526352
47668339,other,40.60305519302848,-74.13607557746182
47667647,other,40.76706125312422,-73.99006866048654
47665165,other,40.58553522350277,-73.9617543243312
47666837,other,40.68681824004788,-73.9053601481266
47671067,drainage,40.73064016937153,-73.75426571860771
47666762,water,40.71588294669134,-73.77369145901692
47667356,other,40.74725219679941,-73.98766079482432
47665804,other,40.69899895056074,-73.78762262838607
47673202,other,40.743285907928446,-73.8895744485457
47672719,other,40.702486752750566,-73.83198345644185
47666014,roads,40.8784749307394,-73.92000389861546
47673552,other,40.76057454300212,-73.96041206955331
47668554,other,40.8609235071515,-73.90659823100756
47672551,other,40.675361379531736,-73.96235533938383
47672657,other,40.75308884134643,-73.8651374732417
47665568,other,40.75099082290243,-73.99062326583427
47671678,other,40.739192574908365,-73.87780644713042
47669771,other,40.88895024850641,-73.84580903649315
47668327,other,40.665393665377415,-73.93463812802172
47667009,other,40.630848037067175,-74.14796357803164
47673551,other,40.705940513042464,-74.0152710786435
47668126,other,40.66964559092813,-73.82649313735749
47667984,other,40.70511750773944,-73.81491335690497
47672140,other,40.77385953183336,-73.9541978043134
47666213,other,40.675780940448725,-73.83832369497344
47665349,other,40.64393283892149,-73.95273031361069
47664881,other,40.69155218296309,-73.96053959453666
47670237,other,40.60880775092998,-73.92657928955215
47669050,other,40.72195913199264,-73.80969682426189
47673303,other,40.834095700581216,-73.90532049838446
47671609,other,40.804032811377645,-73.96307361715687
47673776,other,40.62973692914602,-73.96033476617646
47671548,other,40.707549938425444,-74.00210640651981
47673473,other,40.72069497106423,-73.97652552953349
47673256,other,40.71871595041182,-73.80382951018838
47669377,other,40.63291000774047,-73.90784328703812
47669714,other,40.75861214342624,-73.98323328948653
47665492,other,40.85110265547368,-73.9389414166606
47665304,other,40.6569429914104,-73.90404377512105
47666642,other,40.73619186067904,-73.85805226942891
47673805,infrastructure,40.67629038286103,-73.91015194060546
47672845,other,40.76358355780661,-73.98888874340244
47672068,other,40.791824714170545,-73.97497281583634
47664982,other,40.89187241649303,-73.86016845296459
47667338,other,40.87421536036346,-73.88457316959692
47672367,other,40.72195913199264,-73.80969682426189
45313673,other,40.65293165414912,-73.73168505500111
47665499,other,40.72195913199264,-73.80969682426189
47669286,other,40.73609748034625,-73.98721541820298
47668436,other,40.69433749983214,-73.82460777345429
47667531,roads,40.6026691338285,-74.00028449436661
47671060,other,40.64556921755869,-73.96138478623531
47670678,other,40.598402210377,-73.93571917907255
47667730,other,40.75188104770093,-73.93943299035551
47666219,other,40.81127315659538,-73.8571551913801
47666612,other,40.84962483486739,-73.9367704194685
47669732,other,40.84445536440278,-73.91750758101277
47666653,other,40.69094298227469,-73.79059076173479
47667066,other,40.69255373873112,-73.95971682247297
47669991,other,40.6895653449805,-73.95414753083068
47669775,other,40.87698655588999,-73.87321032891688
47667426,roads,40.67777013868913,-73.97952578580735
47667850,infrastructure,40.76804950954359,-73.99199271614275
47666326,drainage,40.68564425659964,-73.81720653751982
47667279,other,40.71394002100322,-73.9652878531727
47671197,other,40.713368383453904,-73.94865546338137
47673283,other,40.58511893582431,-73.81892539054924
47671228,other,40.846804093226865,-73.93827669611574
47671665,other,40.789108625149574,-73.95257668308606
47666713,garbage,40.76775565331825,-73.74087596261934
47673002,other,40.68821653818405,-73.84559893514039
47673078,other,40.807144244666866,-73.9182907245854
47673489,other,40.87437298446771,-73.8751570581522
47672778,other,40.711264107186864,-73.95776130869965
47668150,other,40.687340782604274,-73.86279328545811
47670714,other,40.7293150359909,-73.90487404529749
47672808,drainage,40.6477599777221,-73.92801391376052
47666591,other,40.84547407167203,-73.94048629178738
47668427,other,40.70049278519002,-73.90888590646888
47673261,other,40.7064997012987,-73.95915655395079
47667988,other,40.622981285026064,-73.91761920779061
47670628,other,40.7703660383441,-73.99154837531617
47670158,other,40.80160354276878,-73.96249705163443
47665974,other,40.800240588153144,-73.95099758319391
47671185,other,40.716757281275406,-73.75953677167868
47671209,other,40.562399057272785,-74.14726852224932
47670816,other,40.85313805864136,-73.91536049098784
47666309,other,40.665000321341566,-73.99328470533011
47671098,other,40.698151008614026,-73.81818924017418
47669931,garbage,40.71355665907755,-73.98090355969907
47667168,other,40.74287263108648,-73.8908129435487
47668162,infrastructure,40.62940067138815,-73.99948122028184
47664789,other,40.805257741901755,-73.95738740492956
47667086,other,40.66692704511402,-73.8553952417184
47670938,other,40.84547407167203,-73.94048629178738
47672444,streetlights,40.70110050379194,-73.84156225492146
47665468,other,40.838594267373004,-73.90201454409018
47668185,other,40.737541704730724,-74.00720253410014
47672908,other,40.6949809813867,-73.91568388016015
47669856,other,40.62981450159815,-74.14039929455754
47673336,other,40.87789408483533,-73.91020857463229
47665398,other,40.73609748034625,-73.98721541820298
47671256,water,40.7589085277204,-73.86120561454159
47666561,other,40.685706033224804,-73.97039016404226
47672190,other,40.734216322716215,-73.77848237734898
47673720,other,40.66902264271497,-73.89753058437408
47673455,roads,40.86769186022512,-73.92121361680864
47667777,other,40.83045666572972,-73.94377357689385
47672647,other,40.60257619043206,-73.97668229770666
47672893,other,40.8305666021143,-73.86700401191291
47670357,other,40.75006595421169,-73.9921067617765
47671283,other,40.855301775723525,-73.90257553996967
47667393,other,40.878956724025,-73.86084652603115
47672951,other,40.69214753629635,-73.96860592586843
47672825,drainage,40.57774001461854,-73.98605417950101
47664795,other,40.72906242026483,-73.9850988572619
47668852,other,40.73437426278089,-74.00715167534831
47673293,other,40.741797376537995,-73.98042633236744
47666695,garbage,40.672726799119765,-73.89017794434068
47672874,other,40.75401025667896,-73.99375577929702
47666329,other,40.8472999808393,-73.88931864798408
47672693,garbage,40.534218953451386,-74.19297039186424
47673077,other,40.59117573894251,-74.07251918318528
47673437,other,40.80247470272361,-73.9507792182355
47666960,other,40.729805717057644,-73.73091729751894
47670623,other,40.823210369930536,-73.93794088097954
47727139,drainage,40.54418026393202,-74.14627129083732
47666362,other,40.84527716722981,-73.93667335080436
47673783,drainage,40.70477542548104,-73.820757190103
47669477,other,40.63648442352498,-74.01121619930181
47669091,streetlights,40.67756310972577,-73.93307955316551
47664850,infrastructure,40.66983468975112,-73.91751087041838
47668354,garbage,40.619689867094,-74.08295306826484
47670122,garbage,40.81215374814517,-73.88634618242925
47668074,other,40.76478896250351,-73.99590269510897
47671719,other,40.68783259861612,-73.87529357497216
47666553,drainage,40.59251408290749,-73.96682723971138
47667642,other,40.84681587015665,-73.91023245370201
52073507,other,40.89238451539139,-73.8592161325675
47668563,garbage,40.62107652924172,-73.9586720996534
47672409,infrastructure,40.60710866943083,-74.14979451688546
47669349,other,40.629435125967134,-73.98319008729509
45292166,other,40.68243101675523,-73.95969769887122
47670186,other,40.71154346680232,-73.99472284696819
47667494,other,40.69886886811279,-73.945042206645
47668435,other,40.71552041454648,-73.87911961345036
47672048,other,40.82713777821328,-73.8788481889489
47671168,other,40.68144627154087,-73.97087879103465
47667801,infrastructure,40.80528008879329,-73.95143094410095
47669215,other,40.68104755639305,-73.9681496567027
47665669,other,40.77442086598845,-73.87729410513894
47671064,roads,40.693833931504656,-73.94292235260839
47667384,other,40.87306662433637,-73.90071266396693
47669489,other,40.806747877888995,-73.94993801936936
47667311,other,40.74479412163623,-73.9579529744692
47665681,other,40.87371409747254,-73.88559371708128
47666208,other,40.68614252568358,-73.970678426438
47670022,water,40.685323956671624,-73.98070251676813
47668061,other,40.68008002689975,-73.88183741226312
47672408,other,40.79170845427802,-73.9708016693213
47668710,other,40.83771436714237,-73.88539542214933
47672317,other,40.75246801334128,-73.87439296648051
47665293,water,40.78663554636064,-73.98081037655064
47669497,other,40.78092593755824,-73.951055127405
47669136,other,40.77191183672368,-73.89652744901446
47667399,other,40.83456191927017,-73.91542387418657
47665517,other,40.87917351041087,-73.83965889648667
47667169,other,40.74425668752741,-73.98051222217627
45292156,other,40.688906559804984,-73.8403580259541
47671975,other,40.65716917030205,-73.91982957579546
47671348,other,40.598271000080366,-73.94188774675985
47671792,other,40.679596506018484,-73.98704958776493
47667109,other,40.85317126061148,-73.89866387614234
47670193,other,40.624349239722385,-74.16544588222267
47670830,other,40.82186367955493,-73.95139354882603
47669276,other,40.6339796060516,-73.96655802874284
47671951,other,40.561531727733154,-74.1782394602341
47669522,other,40.72195913199264,-73.80969682426189
47668237,other,40.676395680130035,-73.98374426327182
47672668,other,40.60084631148359,-73.99201276862222
47669887,other,40.666291625409315,-73.9803259322908
47669216,other,40.88127554468646,-73.87739704460235
47667923,other,40.829140405453415,-73.91446958694368
47665027,infrastructure,40.68333268065466,-73.86923744769224
47669342,other,40.695188718091714,-73.94627855799038
47667332,other,40.68420786200784,-73.91583090910397
45302918,other,40.76558639374766,-73.91473170438944
47668564,garbage,40.77432731477053,-73.79125644544207
47665202,other,40.74801922576733,-73.97768523410755
47668837,other,40.82324524609657,-73.81966125402184
47664768,other,40.8511054702146,-73.90630838735935
47665950,other,40.66633380801456,-73.91956623625983
47670015,other,40.63649814886483,-74.01120178952823
47673133,other,40.86836868615612,-73.89261353516922
47665874,garbage,40.54086935283535,-74.18309544584781
47672913,other,40.71414188320947,-73.79063330757802
47669281,other,40.70162063383596,-73.93240983308887
47669061,other,40.82713777821328,-73.8788481889489
47670363,garbage,40.747060436157525,-73.874009780677
47669996,other,40.71095344959411,-73.83514714122289
47669633,other,40.67976886024774,-73.89198344926461
47666113,infrastructure,40.596691665452425,-74.13466186815701
47672971,other,40.77946153415141,-73.98580250848741
47666806,other,40.75220546996098,-73.93537947477927
47668777,other,40.718629623779776,-73.98531402994095
47665115,other,40.83769857720166,-73.91104704560485
47671259,streetlights,40.686399760853725,-73.84994803677543
47666635,other,40.69906584505964,-73.95634811470144
47672371,garbage,40.59096422542646,-73.98417912482253
47667733,other,40.686450381035414,-73.83480387776555
47673755,other,40.72732043176597,-74.00273841928339
47671512,other,40.68301187119585,-73.87197107396048
47665710,other,40.860035297528064,-73.87073374247171
47673529,other,40.67295462729188,-73.99236463209651
47669918,other,40.63295595733665,-73.91041564477536
47666276,other,40.659240676549445,-73.91868453902147
47666279,other,40.72505259624865,-73.78629490276785
47669644,other,40.73475112132403,-73.8939835454691
47666066,other,40.677970704835076,-73.94057087787081
47670306,other,40.76357532183773,-73.9888706953039
47668937,other,40.87827689057935,-73.84432224767843
47668708,other,40.85677792823634,-73.86177497918034
47671547,other,40.679226612281944,-73.73878273926974
47671709,other,40.603492558925396,-73.9981921780579
47670594,other,40.71413336161521,-73.78748061778067
47670915,roads,40.80482700063083,-73.96621573139899
47665044,other,40.59259081260743,-73.95804881365825
47665745,other,40.82260106373999,-73.9558696374085
47668116,other,40.70485574160417,-73.7964296252992
47667964,infrastructure,40.71644474798865,-73.74690493801965
47667528,water,40.77193617073955,-73.92022574646367
47669672,other,40.63320418819494,-73.94803980585827
47667626,other,40.607277557274344,-73.99546578313624
47667661,other,40.789493534567136,-73.94772643251716
47664917,garbage,40.671158771351685,-73.98463594810352
47668310,other,40.883841018857204,-73.84479382008124
47672564,other,40.817829993640316,-73.96143295873306
47672649,other,40.67799590015962,-73.95357503810398
47669266,other,40.823735998138545,-73.95240386561191
47669764,other,40.802511145593044,-73.95259603059554
47666001,other,40.611765968007205,-74.078588782558
47667187,other,40.84104912015511,-73.82976501361193
45313685,other,40.71841434176878,-73.80240905965304
47664773,other,40.66556425717738,-73.92624647235498
47667481,drainage,40.546790549906454,-74.17204003813795
47671413,other,40.86053025821177,-73.92859702407956
47669716,other,40.68240306051668,-73.96668878154708
47673444,other,40.67092300547737,-73.84052363650697
47666393,other,40.87209603359194,-73.91967168880014
47667602,other,40.6498321984337,-74.0123356027001
47667605,other,40.629197209896134,-74.00894892287214
47668472,infrastructure,40.760649184395184,-73.76371362183005
47671946,other,40.756325917270495,-73.8864450477916
47667476,other,40.61126473422198,-73.98410228061351
47673440,other,40.64337390824656,-74.01045343842051
47670896,other,40.716105014170225,-73.75351487150141
47671646,water,40.82850070221919,-73.8803272096596
47667696,other,40.840850336148144,-73.93737508387434
47668909,infrastructure,40.61186298412188,-73.96074157247703
47665209,infrastructure,40.613762112795605,-73.98153360744047
47665703,other,40.77776239257021,-73.94740346054459
47666874,garbage,40.821863771835886,-73.88833484636643
47672857,other,40.84619092719895,-73.93626044173249
47671261,other,40.7569720928373,-73.9027085300122
47666566,infrastructure,40.827898662214274,-73.94987874544725
47664822,other,40.74894411413695,-73.89686989674051
47672084,other,40.693918625248614,-73.85495445184085
47672729,other,40.722978089457776,-74.00623770546069
47672531,other,40.73830449551228,-73.8789628050306
47669146,other,40.6384378055973,-73.95279906241174
47673213,other,40.67721000252503,-73.97841915532503
47672909,other,40.71006724331971,-73.96556039470799
47671396,roads,40.84327008970225,-73.9354175128586
47665078,other,40.75725658725952,-73.98582167954895
47670200,other,40.89731994405827,-73.85299862742279
47670925,other,40.58811246499058,-73.9366363871185
47668872,other,40.8431942611118,-73.9372716792551
47673041,other,40.6240558298645,-73.91949830820161
47669117,other,40.74455275140774,-73.88277324373166
47672394,other,40.85320925336016,-73.92718066772576
47672440,other,40.62595596147143,-73.99983428725436
47666187,other,40.73244914438991,-73.95321957798971
47665118,other,40.69692074027732,-73.94083167022494
47670901,garbage,40.63904108822662,-74.1392945209162
47669357,other,40.60639874521267,-74.06257785686712
47668184,other,40.76937442695192,-73.95369545961682
47666083,water,40.86155279524324,-73.90416792286256
47668602,other,40.57628078577156,-73.96500661788059
47667995,other,40.67633297678655,-74.01288849058335
47668881,other,40.75956956551904,-73.83013930521312
47666759,water,40.69671305281902,-73.73020698727656
47669488,other,40.8310897637256,-73.84626473202557
47673917,other,40.639372667111694,-73.95696367234636
47668254,other,40.60403573940088,-73.99164865896871
47666973,other,40.579866965048204,-73.97020668876965
47667084,other,40.762262051778144,-73.92598056447717
47670477,infrastructure,40.68358593073872,-73.93444722940424
47726827,other,40.83015122327508,-73.91183765354256
47672384,other,40.86381231443587,-73.92337656913543
47668910,other,40.7799795609164,-73.98077979767697
47671016,other,40.69538862198654,-73.85618457682064
47668224,other,40.847901876462636,-73.92428767124863
47666544,other,40.62107563057413,-74.02554311258548
47668569,other,40.6185551611005,-73.9860744685534
47669424,other,40.560317492659706,-74.16610786516634
47665002,other,40.89187241649303,-73.86016845296459
47664916,other,40.6895653449805,-73.95414753083068
47669201,other,40.81442778495756,-73.94432901689623
47665762,other,40.873754653184946,-73.88497533195587
47673370,garbage,40.84942637412036,-73.93525249519813
47666727,other,40.6941316310929,-73.90697974090648
47665475,drainage,40.538726774912185,-74.20515822190282
47724675,water,40.83262699755466,-73.9193977269946
47665968,other,40.846621111378454,-73.94000816448803
47671453,other,40.733091074619026,-73.86094908124082
47672835,other,40.86926533601374,-73.88880120806499
47672091,other,40.80662460725898,-73.91705236731325
47667767,other,40.77618462750418,-73.90860181127005
47673265,other,40.833556091634456,-73.9213985873037
47671144,other,40.89187241649303,-73.86016845296459
47665049,other,40.85908872412456,-73.92768757158264
47672692,garbage,40.64173810756552,-73.96324630787743
47672651,other,40.67572696774991,-73.92869754469368
47666515,other,40.694495814800725,-73.94372235240155
47668390,other,40.8295291733699,-73.89652457121207
47669680,other,40.83564375366706,-73.90876948090205
47670765,other,40.578190299184584,-73.98723124451149
47670483,infrastructure,40.89297051327265,-73.84943472252087
47671542,other,40.73507698529573,-73.9560394635654
47672093,other,40.717418012623604,-73.74889613958813
47665447,other,40.75404890215531,-73.96459921745652
47670370,other,40.80654913537131,-73.95382492370354
47666869,other,40.80473610882778,-73.95702291402934
47666229,other,40.68324714293575,-73.93725267796565
47669816,other,40.68902693923784,-73.75959711125027
47667159,other,40.80526295253908,-73.95663968534514
47673074,other,40.69402721005897,-73.91762879068382
47669827,other,40.84251540041776,-73.93560618283736
47672884,streetlights,40.541797836257054,-74.22018898634873
47666271,other,40.61272464572525,-73.95289287993312
47665775,other,40.63748596004359,-73.9859552196805
47668418,other,40.76077232165873,-73.92281286486153
47673553,other,40.75572587989324,-73.99832881581229
47665233,other,40.695487883848955,-73.83989509690456
47672146,infrastructure,40.75399119025381,-73.99772609369133
47671620,other,40.859644546249676,-73.89700552196706
47671926,other,40.858098079528844,-73.89567035668057
47668786,other,40.67334950411091,-73.83863601554489
47667770,other,40.86380409474976,-73.92339827062487
47664871,garbage,40.72229987374443,-73.87390506785137
47667808,other,40.81739791988769,-73.92987165964107
47667381,other,40.67848759543084,-73.96210480976572
47668348,other,40.720328269590894,-73.80776061338688
47665774,other,40.86922407167794,-73.92220248436887
47671911,other,40.83634934042209,-73.88726251817741
47668193,other,40.741828994087825,-73.81853196653726
47671529,other,40.658725216616986,-73.75993698215012
47673918,other,40.863765418523776,-73.92725226152615
47665822,other,40.66378706017827,-73.93795223325637
47671024,other,40.71820765210935,-73.992958282497
47672964,other,40.65119606438898,-73.92740476536433
47668428,garbage,40.62462456118136,-74.08356440136751
47670551,other,40.606838145382014,-74.1308144053094
47668802,infrastructure,40.64039391924848,-73.89992745874073
47668338,other,40.76197144655111,-73.92650791952039
47672417,other,40.786639483925754,-73.94877590552053
47665538,roads,40.66773731258047,-73.94432528769116
47666363,other,40.68587013048615,-73.94050975232044
53216592,infrastructure,40.89205433472662,-73.86080464048483
53213673,other,40.74746022869817,-73.98316752476948
53212447,other,40.86332209394964,-73.9096931836477
53217287,other,40.878790215257844,-73.90177088166034
53212370,other,40.725192062985,-73.9832741680895
53217925,other,40.76825815216329,-73.89604575527362
53217204,other,40.820898970774905,-73.93729992165326
53218123,other,40.74311637780952,-73.9560738556004
53213561,other,40.646303220931024,-73.87964500965278
53211158,other,40.648729121575016,-74.00878577333184
53218008,other,40.874282060826,-73.87739186025902
53217226,other,40.7501068172797,-73.8550883646839
53212516,other,40.667147700133164,-73.87760680095583
53216237,other,40.728861419231634,-73.98081618953725
53215944,other,40.69433473324939,-73.95165240389179
53222083,other,40.70482167646124,-73.94975848705757
53210368,other,40.872828004393156,-73.8832955745111
53221927,drainage,40.82018899074458,-73.89067524722688
53210640,other,40.69657799963971,-73.85912472890881
53217346,other,40.764325059142585,-73.99485584246396
53211728,other,40.56342197393442,-74.13918363620472
53216601,other,40.660613180878876,-73.98352464126069
45591754,roads,40.88276903252243,-73.88859780348679
53225802,streetlights,40.76405592808334,-73.99224228078415
53221614,other,40.774868843438824,-73.98067295755847
53212063,other,40.81318657341566,-73.90889419223052
53216635,other,40.62558815632018,-74.00088259562928
53220024,other,40.53947964865962,-74.17838931758497
53212714,other,40.75829179135321,-73.80333755494395
53212707,other,40.67007779769737,-73.93740926069242
53211969,other,40.67830583820397,-73.89793453325589
53214908,other,40.640966551211655,-73.94827157663487
53213652,other,40.80690006817855,-73.95285659866494
53213400,other,40.7152271458866,-73.91303217038858
53215780,other,40.855688144312744,-73.89865281159476
53211934,other,40.70436065869023,-73.9060890419284
53212099,other,40.818165233107045,-73.94257365497286
53216498,other,40.7624091939417,-73.99412319468442
53212126,other,40.872205626727414,-73.88955199206478
53216893,other,40.60181674788283,-73.98143607914342
53213703,other,40.871489932698715,-73.86918924081932
53219834,other,40.831031711380554,-73.90424440504772
53210465,other,40.70796697991266,-73.92024459110444
53223930,roads,40.59686176562234,-74.07002634619893
53211280,other,40.70828963345894,-73.79041363251416
53216968,other,40.89187241649303,-73.86016845296459
53214159,other,40.83261655622066,-73.94336702380407
53224859,water,40.688299542273015,-73.98228100444891
53213066,other,40.687203869164,-73.91409275598534
53220125,other,40.86342209544263,-73.89192376659445
53216148,other,40.864313192663545,-73.90657539336519
53214946,other,40.667378641155146,-73.8565549738398
53214986,other,40.77794578765157,-73.80919019631577
53210878,other,40.815997459809466,-73.9204113711354
53214011,water,40.734699532147836,-73.98093358361902
53212649,other,40.748408378939736,-73.97477258204539
53215218,other,40.82695900238393,-73.94770061299428
53222696,other,40.62076434085598,-73.96980300163796
53224962,other,40.74310899219726,-73.82266054825077
53211623,other,40.62013374592682,-74.02737263770526
53216747,other,40.69334538952849,-73.94881512638472
53211078,other,40.81336679691481,-73.91486195579179
54105998,streetlights,40.84517752455685,-73.91415982105855
53222921,other,40.77388586276478,-73.9176419355796
53220217,other,40.738818637253324,-73.79907919184917
53212946,other,40.577208368484676,-74.0004139795005
53213761,streetlights,40.678870638669714,-73.92164580117114
53213834,other,40.652461128591106,-73.9533333272863
53217018,other,40.58056315383884,-73.96660277540758
53218935,other,40.88260252077106,-73.8839546757793
53211974,other,40.72920195688793,-73.95287187833944
53217132,other,40.85059705133291,-73.90892608783206
53212300,other,40.845220370024705,-73.88461263866492
53214156,other,40.89187241649303,-73.86016845296459
53214451,other,40.76167595074178,-73.9426584574114
53214548,other,40.89236751017808,-73.85655051819639
53222186,other,40.76937867506574,-73.90987472556014
53217227,other,40.7886317206567,-73.97123998028506
53216689,other,40.65990614950851,-73.89941881725238
53210730,other,40.854312506190105,-73.93625627349432
53211194,other,40.88287540238971,-73.8851114395669
53213960,other,40.857579940848666,-73.89333587988055
53226306,other,40.83778101984579,-73.94685728972303
53213811,other,40.78606948426992,-73.97725359224107
53214628,other,40.72362514560932,-73.8685955830571
51103901,other,40.8750916788548,-73.8433136221247
53258580,other,40.82599530577176,-73.9470401399315
53217406,other,40.841543948634595,-73.87050222808264
53218068,other,40.59887458035391,-73.93619405509776
53211143,other,40.79283397613475,-73.97153069488358
53220818,other,40.74485939103284,-74.00323355680598
53218896,other,40.89024311251147,-73.83212014555289
53215101,other,40.598821670786975,-73.76608680829376
53213149,other,40.5633320179314,-74.13866878055732
54085474,other,40.66454435503111,-73.98896651824639
53212278,other,40.85443910241399,-73.8984233658015
53217194,other,40.82991050581977,-73.94980496006671
53210882,other,40.67978048603343,-73.86180294404888
53217027,other,40.717669303113375,-73.90860990653256
53215203,other,40.775000572621884,-73.98056460390916
53212229,other,40.821710476862634,-73.90078928961124
53213515,other,40.698583437563016,-73.7427135975096
53214681,other,40.73835235724731,-73.92154698406341
53222511,other,40.672338096041734,-73.87507019920886
53212113,other,40.769288305420815,-73.91373054783554
53212134,other,40.66227791840826,-73.95706423587505
53215255,other,40.81974820679466,-73.94677414088508
53217249,other,40.75332348165941,-73.88401025076719
53210644,other,40.65126679889455,-73.92641363819115
53210883,other,40.68167833299014,-73.7961362257503
53215333,other,40.577067685459454,-73.96229194549731
53210872,other,40.78057781123724,-73.95213862833602
53211052,other,40.83964027451841,-73.88180337748696
53222868,other,40.670076940408805,-73.86580279125647
53213921,other,40.89817219352304,-73.84565742389341
53214254,other,40.89187241649303,-73.86016845296459
53214913,other,40.84718902456599,-73.92133910493038
53214081,other,40.73908321906709,-73.9829531270222
53219681,other,40.761959793527865,-73.9298289558577
53216080,other,40.89567780490119,-73.8980601298548
53216822,other,40.86023252938371,-73.93096887693872
53214979,other,40.60076952252184,-74.12066182968466
53212654,other,40.802450201284884,-73.94514451111556
53211338,other,40.66227791840826,-73.95706423587505
53211742,other,40.73095031102584,-73.98163102490999
53217469,other,40.67729087304963,-73.97163409738499
53214672,other,40.83418068007011,-73.94844659121246
53213120,other,40.804250194698916,-73.96483258960235
53215206,other,40.64458091979868,-73.9699976200518
53215997,other,40.850068392982614,-73.9176524325962
53214098,other,40.827207632764164,-73.86990501961736
53216887,other,40.89187241649303,-73.86016845296459
53218148,water,40.64539331933518,-73.96978104471124
53212102,other,40.79909286898065,-73.93864599932728
53223679,other,40.625047724452834,-73.9504201390356
53211366,other,40.71258171936557,-73.95810675852557
53210588,other,40.83659885990722,-73.92382350508146
53215198,other,40.56063278363385,-74.15659666465766
53221955,water,40.63531541269367,-73.88735714493392
53213116,other,40.8455456292747,-73.85430577673927
53217146,other,40.623007102844674,-74.08462505290697
53217190,other,40.83883097247014,-73.86007394229689
53217960,other,40.80133536650071,-73.96506529386701
53210615,other,40.66227791840826,-73.95706423587505
53217329,other,40.79946159354288,-73.95936318046088
53212219,other,40.84850069231833,-73.83141584687485
53213394,other,40.807462634839666,-73.94074062850945
53223217,other,40.724911682346516,-73.7979413662904
53211481,other,40.86958584547678,-73.88263236892325
53212089,other,40.838877939751406,-73.88520910453818
53211248,other,40.652371239667836,-73.95506325152031
53213696,other,40.72335002231242,-73.86802971353809
53214836,other,40.66527718419559,-73.98869244935297
53217684,other,40.6892094067903,-73.90593369351369
53219999,other,40.83650232600852,-73.9273507359039
53212044,other,40.65737606978733,-73.95795401120309
53215726,other,40.71078025076585,-73.83495278932119
45589116,other,40.60917389891943,-74.1182099590137
53211227,other,40.83308909892582,-73.85349829600325
53217253,other,40.64231200193763,-73.93326624722118
53215949,other,40.84823957716344,-73.93334881410216
53222046,other,40.7295388023305,-73.71914163996212
53220443,other,40.710215234049755,-73.84925598521474
53211243,other,40.77932834940459,-73.95069883754687
53226280,other,40.65178373013802,-73.96235783154482
53213123,other,40.53612094096089,-74.2102624389401
53212392,other,40.7075836035846,-73.96682407976797
53223436,other,40.594779453038235,-74.06838221127165
53217381,other,40.83628558491302,-73.9274955262169
53215655,other,40.89187241649303,-73.86016845296459
53215532,other,40.75793388610345,-73.87538612601276
53212919,other,40.89187241649303,-73.86016845296459
53213736,other,40.85394627842468,-73.86483898777793
53211625,other,40.596151465400965,-73.79356347971178
53214870,other,40.66389644664046,-73.9875861018973
53216255,other,40.705774302890596,-73.89658682696188
53214987,other,40.60408968141989,-73.75717317879439
53210689,other,40.86618915477058,-73.89840903340249
53215950,other,40.67572461917655,-73.869641720217
53236445,other,40.797884180300905,-73.96171539611235
53220872,other,40.693025046461365,-73.8373839664448
53213735,other,40.64273464873949,-73.97397655638369
53221594,other,40.60572061458409,-73.97172572912494
53214106,other,40.69629792193128,-73.9413082482916
53215671,other,40.762818859705064,-73.95791993641947
53222910,other,40.838042767337555,-73.91618198971764
53211340,other,40.80925034157934,-73.93723864774468
53216546,water,40.76080888330245,-73.92413759924392
53213711,other,40.651191465444874,-73.94960426772421
53212594,other,40.74192190654129,-73.89262608106687
53216334,other,40.83609616350581,-73.94198357871382
53211314,other,40.84118523409156,-73.91587083124382
53216490,other,40.75050114108838,-73.82300178904647
53211831,other,40.82645153950622,-73.94838754003396
53214358,other,40.75214827964199,-73.96982284912859
53212112,other,40.822524275567716,-73.90238506413576
53214180,other,40.77072323102476,-73.920566566059
53215861,other,40.70796697991266,-73.92024459110444
53210836,other,40.82044163511422,-73.85365620697301
53222022,other,40.69796786712778,-73.99486096252636
53215892,other,40.64717480059112,-73.96104151527744
53216502,other,40.66448197292001,-73.93389288311353
53211174,other,40.71816345845766,-73.98934724486317
53220256,other,40.6001256857675,-74.10550380320423
53215968,other,40.85616656457544,-73.8934935882292
53210447,other,40.85015537741657,-73.83304545222681
53212145,other,40.619032856707484,-74.0283123284879
53214797,other,40.606037018825916,-73.96454084917086
53225022,other,40.59162272785026,-73.96038621070842
53221414,other,40.84587583239976,-73.94252443222676
53213381,other,40.60434742177171,-73.75574972827971
53222806,other,40.76113604196053,-73.92495303319527
53213530,other,40.62339226059832,-74.0834115613323
53210799,other,40.74321207178608,-73.98911227712864
53218191,other,40.86739505807879,-73.92476442058863
53215450,other,40.683729755151305,-73.90798578377245
53217893,other,40.69725251699294,-73.9179133102238
53211772,other,40.56363511076341,-74.13997228204607
53212669,other,40.57860155596734,-73.9608727200218
53212988,other,40.75504187520298,-73.88149148220504
53211051,other,40.84345759297694,-73.8363945872528
53215625,other,40.89187241649303,-73.86016845296459
53222681,other,40.81942814600996,-73.91623433881679
53221004,other,40.66448197292001,-73.93389288311353
53216003,other,40.6718203832721,-73.9419822804104
53215330,other,40.857191297702315,-73.90732285288959
53214042,other,40.815313197372,-73.94777479349716
53214206,other,40.792210225005945,-73.83985389838577
53215190,other,40.628790283245884,-74.15964588126312
53210585,other,40.85424275386948,-73.89080001455328
53213865,other,40.865735666335645,-73.89466412764233
53218249,other,40.58151386132246,-73.82527847261701
53218212,other,40.89187241649303,-73.86016845296459
53212150,other,40.69306655648952,-73.90685140798601
53213934,other,40.8609235071515,-73.90659823100756
53226052,other,40.67742535978669,-73.87874882453744
51087114,other,40.75877085499238,-73.73791129674191
53213584,other,40.86067115870396,-73.90680103475351
53216611,other,40.70728346692812,-73.90904975339554
53210720,other,40.86757591236837,-73.92431227328683
53213170,other,40.71775750652739,-73.80841014933723
53210785,other,40.59319969384083,-73.93374381058871
53211957,other,40.62142445411075,-74.02446258410583
53216069,other,40.83445032900388,-73.90943604587814
53216800,other,40.707836457500626,-73.91070094897239
53213485,other,40.846480593521676,-73.93399755319183
53221332,other,40.820602495106385,-73.9156981381184
53213541,other,40.8744193142089,-73.88542255565288
53214068,other,40.59781338982301,-73.99325545318611
53218164,other,40.675864433563724,-73.94994613840933
53224740,other,40.68590639389705,-73.98429000960277
53226199,other,40.7906640962582,-73.94464501996956
53214210,other,40.71078025076585,-73.83495278932119
53214758,other,40.66274639825989,-73.76663760272302
53217721,other,40.53670796072053,-74.15328473596536
53212904,other,40.89187241649303,-73.86016845296459
53218642,other,40.845377030141535,-73.88210763152644
53220096,other,40.821767516762144,-73.95116238375083
53217633,other,40.773028639694765,-73.78653809027868
53213205,other,40.70804296931601,-74.01551682862647
53216480,other,40.83041368929562,-73.91788272884429
53211832,other,40.63718138780609,-74.02838488348304
53220776,other,40.64245483039402,-74.07952576329828
53211436,other,40.86922967591349,-73.88882296149524
53216196,other,40.62844067108892,-73.97818274434454
53211599,other,40.87082604511576,-73.8670753500756
53214145,other,40.707112890102024,-74.01223439057073
53214721,other,40.783475102442615,-73.97435486682046
53216617,other,40.75812799455369,-73.91722104795207
53212754,other,40.63703404755219,-73.95002570714608
53217504,other,40.85644610561728,-73.9285363398626
53210980,water,40.51106810280812,-74.2400686736988
53225972,other,40.76251029198929,-73.79077005309722
53212293,other,40.67429740705468,-73.9573557182148
53215348,infrastructure,40.746948189254454,-74.00056300298833
53224676,other,40.83993941794162,-73.92419554006305
53211424,other,40.74244083966585,-73.919806360588
53213274,other,40.8140316670376,-73.94833936971969
53215951,other,40.64273464873949,-73.97397655638369
53215570,other,40.76578391784547,-73.96887806706329
53224050,streetlights,40.6943908351606,-73.86173299280631
53224096,streetlights,40.74380799475082,-73.92425800481875
53213211,other,40.67726064489284,-73.97148990134147
53214176,other,40.89187241649303,-73.86016845296459
53216976,other,40.88437071377524,-73.86913134811974
53223083,other,40.854992232899,-73.92987178432652
53212374,other,40.729293054793345,-73.98569052382207
53217105,other,40.89187241649303,-73.86016845296459
53213928,other,40.77157673534989,-73.95632585793487
53222930,other,40.59795518787897,-73.74458134360113
53213668,other,40.71949075370809,-73.81422769615901
53214616,other,40.63542192081139,-73.94791557833476
53223986,other,40.83972355472258,-73.87238145332537
53220787,other,40.89187241649303,-73.86016845296459
53222540,other,40.74327569265951,-73.9976975890593
53213767,other,40.71773026494201,-73.99818547206426
53210603,other,40.60403573940088,-73.99164865896871
53217935,other,40.6149511862914,-73.90828589584963
53222472,other,40.674607520939084,-73.93897682440642
53216908,other,40.85590908727415,-73.88824515306703
53213007,other,40.67759591986164,-73.94888489798728
53216590,other,40.87972277246621,-73.88339195810575
53220174,other,40.71686920313773,-73.88018134085193
53211703,other,40.58632859211751,-73.9322600974039
53211700,other,40.70366308078511,-73.8117146823632
53213889,other,40.66448197292001,-73.93389288311353
53213536,other,40.806747877888995,-73.94993801936936
53214951,other,40.740009022918215,-73.98994278260967
53212371,other,40.764494743604054,-73.98819909202142
53211287,other,40.85443910241399,-73.8984233658015
53212006,other,40.71551213668241,-73.99069318829693
53212815,other,40.83415589266821,-73.9156845785789
53221233,other,40.87912792221202,-73.90518404770582
53216687,other,40.62903088285389,-73.96701083562357
53216184,other,40.69605401890646,-73.83844042080035
53212740,other,40.598121968018965,-73.97976266493957
53212313,other,40.79786790534874,-73.93713380298692
53216794,other,40.74775176791639,-73.8572444764017
53217689,other,40.834385067631345,-73.93975900864321
53223554,other,40.831669762919574,-73.9287544719845
53215472,streetlights,40.76426566610473,-73.77132860459679
53211940,infrastructure,40.62653970678388,-73.94202164240554
53222960,other,40.611658420499175,-73.94399748255452
53217907,other,40.63513713995915,-74.15700208594004
53211087,other,40.65193241291266,-74.00687975659042
53214941,other,40.647739699497876,-73.95951685098144
53212715,other,40.67772579821198,-73.84958900155762
53212953,other,40.5395552090049,-74.20234728296327
53215502,other,40.83007868694817,-73.94542165380115
53210885,other,40.75170324291582,-73.75544765372909
53213664,other,40.76468368198577,-73.92718359841146
53212085,other,40.81512690290694,-73.8987940593267
53213681,other,40.65716917030205,-73.91982957579546
53214225,other,40.727110499687754,-73.86115999604998
53215690,other,40.89187241649303,-73.86016845296459
53212739,other,40.63665062564768,-74.03224710432504
53211682,other,40.672882921674514,-73.95492686196786
53214997,other,40.631575741299756,-73.94632616236174
53213971,other,40.739034894842646,-74.00644489688653
53211494,other,40.738721503446236,-73.86172399522052
53218092,other,40.870440842451735,-73.90175429002444
53212376,other,40.80133536650071,-73.96506529386701
53215181,other,40.90537260696396,-73.84649083858746
53212717,other,40.63492259645814,-73.92373306152217
53224394,other,40.61414813559697,-74.03464584757648
53214486,other,40.85212444644305,-73.8677706004667
53216259,other,40.7311656610319,-73.88735026938866
53220931,other,40.87755580291992,-73.86451255443278
53214847,other,40.82901069611749,-73.89086671917183
53210710,other,40.877232814166305,-73.90364992156785
53212004,other,40.72738258614836,-73.98476730295883
53211735,other,40.725214338207934,-73.75325027824351
53217917,other,40.73309812073653,-73.99648917919207
53217335,other,40.857114952859746,-73.90131487311312
53219751,other,40.80421639693422,-73.93701944405275
53224426,other,40.806048204260044,-73.95047315099791
53215399,other,40.680375591541136,-73.96088511472891
53215427,other,40.7823693296991,-73.96523773584458
53213937,other,40.85443910241399,-73.8984233658015
53214101,other,40.78925617826712,-73.85162659507618
53216593,other,40.85784107007921,-73.90310322722475
53211794,other,40.60275716081729,-73.9757819346547
53212065,other,40.86712348965904,-73.89358088935846
53225199,other,40.60880350650579,-74.13313043834894
53214179,other,40.76045412454783,-73.91527612392564
53217507,other,40.76879709047681,-73.95842519416915
53211807,other,40.61547841426517,-74.08424451412564
53222525,other,40.83124253823553,-73.91780582096976
53214728,other,40.633114833577224,-73.94477570410066
53213173,streetlights,40.859308570031786,-73.89883889449911
53211127,other,40.874870586144844,-73.91170242438503
53217793,other,40.64571519043985,-74.08016747220678
53212412,drainage,40.76261380514287,-73.96911779795565
53214322,other,40.89187241649303,-73.86016845296459
53211933,streetlights,40.556427414975744,-74.19772725458559
53217053,other,40.77690509085207,-73.94537497050432
53213369,other,40.81273846630552,-73.9013517736797
53223489,other,40.509749392232145,-74.24453401944704
53215897,other,40.70815185639058,-73.93993079847355
53210400,other,40.721917840429306,-73.98527722897126
53212899,other,40.858098079528844,-73.89567035668057
53224708,other,40.862186043794615,-73.910020098724
53210916,other,40.70435039528855,-73.83574775443593
53212400,other,40.640842883287476,-73.93696465681901
53220163,other,40.673976132069036,-73.97577770382918
53216678,other,40.79170663083855,-73.97469839230816
53210927,other,40.728960755402014,-73.98427985958945
53215280,other,40.8239143562033,-73.94048028201136
53214516,other,40.64056982989299,-73.9581447630744
53220729,other,40.78015802264805,-73.84584792528797
53213682,other,40.64437073677171,-73.96445561543257
53217510,other,40.7977677192684,-73.95130640219199
53223375,other,40.62549658951131,-74.02931294251626
53210376,other,40.80088623075003,-73.952506889797
53215367,other,40.853577321176296,-73.88669471458132
53212801,other,40.71905006429319,-73.98988461809931
53214962,other,40.76080101973388,-73.78372196162361
53225130,other,40.800088377218366,-73.9622631333943
53223352,water,40.87974036821759,-73.84473468477559
53211252,other,40.60525544732001,-73.96687132756695
53212602,other,40.6174480961862,-73.91805827580305
53217124,other,40.83086863119123,-73.90287871873477
53216032,other,40.705368169710866,-73.92094380192201
53215611,other,40.89187241649303,-73.86016845296459
53212117,other,40.678241299131926,-73.94969559041586
53210340,other,40.856916890201084,-73.85644623141405
53216595,other,40.76821387183742,-73.95488039453872
53212568,other,40.688147482398456,-73.86029279539923
53223627,other,40.78900330313483,-73.83908518727053
53215504,other,40.846023279805664,-73.93586302170915
53242730,other,40.621316983490054,-74.02637891552794
53218992,other,40.71914351436466,-73.99146829111167
53210427,other,40.76368942045464,-73.93055272384639
53213785,other,40.61261060051633,-73.99352768972102
53215170,other,40.68526928308292,-73.83232250276583
53213520,other,40.84670748176517,-73.91572649961338
53210455,other,40.86749737554386,-73.92178510212796
53225177,other,40.57458505962574,-73.95845608738573
53248459,other,40.65409877035123,-73.95094635281875
53216674,other,40.73592926159567,-73.85009630310884
53217202,other,40.80085948188248,-73.95423340516722
53217189,other,40.84578569910511,-73.9056580669329
53213124,other,40.704116250244674,-73.88757631213707
53214876,other,40.725809664848086,-73.85034996881
53216105,other,40.838042767337555,-73.91618198971764
53214505,other,40.66144297453842,-73.90559799400036
53211356,other,40.66779164631908,-73.7523524529796
54085657,other,40.76045412454783,-73.91527612392564
53225763,other,40.72227663720554,-73.98016870660074
53217273,other,40.858052508996636,-73.8909130551251
53211308,other,40.61246540873713,-74.08317460128792
53214279,other,40.89187241649303,-73.86016845296459
53224776,other,40.850468561437275,-73.90282479813794
53215863,other,40.673074572186984,-73.92719349147299
53220466,other,40.70849807052569,-73.89766106874863
53216449,other,40.702473911305376,-73.79992086969553
53212218,other,40.84874284565058,-73.91785648661472
53211416,other,40.876056700585636,-73.91223601770442
53217732,other,40.76096281289905,-73.99655990550141
53213260,other,40.74478005822341,-73.9758818809488
53215135,water,40.832769203535726,-73.84808936045883
53216153,other,40.75240148889709,-73.8789119261735
53217385,other,40.72733536478693,-73.98099702541708
53211918,other,40.60756751748548,-73.9842616252167
53216961,other,40.89187241649303,-73.86016845296459
53220630,water,40.59937216938679,-73.74487840974905
53213550,other,40.708731392569526,-73.80762092521579
53216860,other,40.593875588501746,-73.9399651861911
53216024,other,40.646559020206276,-73.9452402470506
53213023,other,40.74716000256837,-73.97709003606585
53219765,other,40.68083545140662,-73.85809078043796
53212807,other,40.74090495433382,-73.97831552477875
53217777,other,40.666051157313575,-73.81839929286647
53213926,other,40.850382103576244,-73.91134455452598
53219410,other,40.858098079528844,-73.89567035668057
53214384,other,40.76193576490581,-73.92650795889149
53210991,water,40.84506624530596,-73.87884806561841
53217467,other,40.734374233409774,-73.99239006896815
53214177,other,40.73471730842647,-73.99210497163173
53216577,other,40.870795159396934,-73.88987251803066
53212794,other,40.82399049379393,-73.95058987098143
53217115,other,40.82438344348444,-73.92582835937256
53222320,other,40.83113106985418,-73.94792498788648
53212937,other,40.89187241649303,-73.86016845296459
53216055,other,40.653839672440746,-73.95499739119894
54110794,other,40.87417836436844,-73.87795974819191
53212332,other,40.71819090471928,-73.98933281073093
53214313,other,40.87945611177916,-73.87511496774461
53226048,other,40.6718203832721,-73.9419822804104
53215854,other,40.882977675078855,-73.89448853771924
53217860,drainage,40.87059620244032,-73.9004849474432
53211265,other,40.836587768244534,-73.91961337374968
53214896,other,40.67561705884047,-73.80356692755792
53217314,other,40.68564700709255,-73.81721013566359
53212109,other,40.85606134425165,-73.86863758370095
53213575,other,40.80525262980547,-73.9138356456245
53213372,other,40.841884574773694,-73.88921923358318
53213553,drainage,40.85809767360751,-73.83625735273414
53215589,other,40.68934744381081,-73.86767872970658
53211843,streetlights,40.826428617517564,-73.95253201855539
53213131,other,40.63449606748972,-74.15611425994058
53213017,other,40.89187241649303,-73.86016845296459
53216463,other,40.85379028108596,-73.91774903879143
53210857,other,40.70067296046682,-73.84202850876635
53210782,other,40.62372236790715,-74.08239611623354
53221345,other,40.71914351436466,-73.99146829111167
53213021,other,40.89187241649303,-73.86016845296459
53213247,other,40.658724661277006,-73.96050494964487
53213822,other,40.774953694191964,-73.91782114057746
53223786,other,40.84183105225174,-73.84926856402816
53212963,other,40.68498424603263,-73.94183381279409
53211211,other,40.80526097243024,-73.94550702241742
53214862,other,40.696823252685355,-73.93321889733234
53217727,other,40.820602495106385,-73.9156981381184
53217266,other,40.865735666335645,-73.89466412764233
53212107,other,40.82701015912651,-73.87500021475815
53211411,other,40.878863036855506,-73.88275340613586
53210445,other,40.61637026983262,-74.03826694457253
53212283,other,40.64811959183956,-73.96281035478435
53214321,other,40.76846265647871,-73.93549727640986
53212131,other,40.66111726234065,-73.95811024450647
53210371,other,40.83883097247014,-73.86007394229689
53210870,other,40.63540426253089,-73.74166011291949
53211597,other,40.71946043911757,-73.94579001814363
53224872,other,40.63895873489062,-73.96685099197155
53215506,other,40.89187241649303,-73.86016845296459
53213791,other,40.76961892369147,-73.95423321278285
53219615,other,40.89187241649303,-73.86016845296459
53210322,other,40.6094312700039,-73.9612544239455
53215261,other,40.85048729176828,-73.90896238424808
53213729,other,40.59966324002916,-73.95560286975986
53214023,other,40.83554441135106,-73.91526723176317
53216137,other,40.692599582125744,-73.90308734015794
53222757,other,40.599767959199326,-73.75012003060834
53216260,other,40.86445231481436,-73.90893603604592
53215474,other,40.68927473695387,-73.86417035651053
53217177,other,40.68091954172046,-73.95472313195442
53217156,other,40.780452414083065,-73.98605144306795
53215887,other,40.667260676696124,-73.93563479562397
53214837,other,40.62586604542325,-73.9346876454501
53210365,other,40.82619710600771,-73.9169051167292
53210707,other,40.615152672429936,-73.97586388240094
53211419,other,40.85567264311442,-73.92941920512644
53219585,other,40.77157515148673,-73.98063781015722
53216257,other,40.607448386550445,-73.97760256781199
53216018,other,40.72752661479606,-73.85801660783639
53224727,other,40.85810121375355,-73.90910740831123
53213853,other,40.667751468125374,-73.93003620830892
53216946,other,40.67322161829043,-73.86276465181211
53213837,other,40.70067296046682,-73.84202850876635
53212902,other,40.62032151880833,-74.08246756322114
53213893,other,40.57587011420834,-73.96863898066053
53215809,other,40.70060534991786,-73.9240546344369
53217233,other,40.83305616405935,-73.91319977002381
53217366,other,40.647354252936154,-73.97456574604313
53213939,other,40.872205626727414,-73.88955199206478
53212956,other,40.59465654955052,-74.06734506552958
53214118,other,40.870118232785664,-73.8798835111518
53217012,other,40.70815000607502,-73.795186004242
53212003,other,40.821262742657375,-73.80728115282844
53210664,other,40.688552583174555,-73.93687989033062
53216624,other,40.5782931277305,-73.95801099563292
53214167,other,40.89187241649303,-73.86016845296459
53211930,other,40.724360515910064,-73.86601818213116
53223026,other,40.739649382936236,-73.98909120772335
53213203,other,40.7713904523201,-73.95043032980328
53222063,other,40.71070979286124,-73.89401096168567
53210571,other,40.858052508996636,-73.8909130551251
53214488,other,40.6423795420706,-74.01681317372775
53214617,other,40.66254119991349,-73.89639433231936
53216855,other,40.88958107464952,-73.8628496614711
53224361,other,40.840491766656,-73.90985428172824
53226147,other,40.82964935634919,-73.89287838111657
53216584,other,40.855524845141545,-73.86053044648474
53215292,other,40.83108857289603,-73.90009234316445
53210530,other,40.87402824702976,-73.88139873929529
53211777,other,40.85801749364949,-73.90077128049289
53210672,other,40.850382103576244,-73.91134455452598
53225865,other,40.70775142138017,-73.78729176502789
53216799,other,40.623595027003326,-74.00976589920246
53212964,other,40.89187241649303,-73.86016845296459
53221725,streetlights,40.74554342979409,-73.77679182512097
53212343,other,40.670979747432405,-73.95949914007531
53212161,other,40.850317907533395,-73.91729789253445
53214536,other,40.84286894286368,-73.89704595154036
53223324,other,40.612634972833526,-74.12854586582641
53214109,other,40.87099516827378,-73.89240681270273
53216676,other,40.78106383614796,-73.98141860385265
53224228,other,40.7140618829546,-73.9529114410158
53211438,other,40.89567029166734,-73.85509294408084
53216305,other,40.659398400907094,-73.99772931810698
53211104,other,40.59444061523008,-73.97671034393086
53221459,other,40.8246680290586,-73.93834058778813
53216675,other,40.80421639693422,-73.93701944405275
53223160,other,40.71542240964192,-73.9031984472081
53213030,other,40.65945054642171,-73.93839598658988
53211465,other,40.85567264311442,-73.92941920512644
53217804,other,40.850794587937656,-73.86653703997725
53214755,other,40.60768815853217,-73.98333962165687
53211363,other,40.66227791840826,-73.95706423587505
53211007,other,40.65740793787765,-73.87899424850191
53214113,other,40.89187241649303,-73.86016845296459
53225463,other,40.76336438339784,-73.9945093678893
53216781,other,40.69006118162693,-73.90703590231135
53220571,other,40.70061862439761,-73.91935897334801
53219465,other,40.692410312130555,-73.81732141188773
53210320,other,40.837993401465994,-73.90899032275594
53217641,other,40.59111263965165,-74.19016072153386
53212257,other,40.87251382811215,-73.88753385727848
53214581,other,40.87188715363937,-73.86613312639469
53212369,water,40.84672578941482,-73.93562017903595
53213924,other,40.734694673156454,-73.85052125577377
53216321,drainage,40.732354583291475,-73.79587654857835
53214566,other,40.84361915520533,-73.94147463848545
53218633,other,40.600942647126814,-73.99849834071878
53221182,other,40.82684768234586,-73.93899619368992
53216133,other,40.775536470711685,-73.90810083514367
53213806,other,40.644457207866125,-73.98227823334946
53212523,other,40.781941956525785,-73.80579894324572
53219807,other,40.67508254156251,-73.9770715345829
53217754,other,40.77789056928608,-73.95179032471655
53215557,other,40.57577476680645,-73.9619399004256
53211075,other,40.88837148880593,-73.86354294201914
53222654,other,40.72944556337895,-73.97807751468483
53213253,other,40.89583455287594,-73.89234490335011
53213321,other,40.728653047206656,-73.90102164103497
53216016,other,40.85988673093513,-73.90413055721098
53216830,other,40.579133333393514,-73.84379555004959
53216658,other,40.68850692852978,-73.95690311343157
53214611,other,40.76009415457381,-73.92249238680887
53210448,other,40.84815054080797,-73.94122848108421
53213968,infrastructure,40.672471181746594,-73.76936138308328
53210647,other,40.68300264092917,-73.81139804119809
53214738,other,40.77337330631616,-73.78738904843055
53216042,other,40.64403787574192,-74.01309485463135
53210847,other,40.89187241649303,-73.86016845296459
53217957,other,40.8363919545743,-73.94072931611882
53211991,other,40.85443910241399,-73.8984233658015
53213045,other,40.76154468058854,-73.92445081254765
53213028,other,40.89187241649303,-73.86016845296459
53215835,other,40.806706730552236,-73.94999223383212
53226269,other,40.848448233699855,-73.89626381245876
53215882,other,40.86193738190631,-73.92714580413967
53211240,other,40.66499992273325,-73.74717943988954
53211847,other,40.74146361800592,-73.8551107724164
53212927,other,40.88437071377524,-73.86913134811974
53215151,other,40.693804667081345,-73.91359021281768
53217255,other,40.878036142671384,-73.84904545690837
53210568,other,40.60342145543533,-73.74767911429015
53216848,other,40.77072323102476,-73.920566566059
53216466,other,40.7174804752998,-73.99733774036191
53212599,other,40.69800293380301,-73.93708011114347
53213933,other,40.629300247816936,-73.9461910923712
53217739,other,40.59839670668075,-73.93569397761567
53223041,other,40.67466460475645,-74.00789512957446
53212204,other,40.818468279046506,-73.93941212963895
53214259,other,40.57921677912253,-74.09818811111971
53213782,other,40.76193416052425,-73.9911126587782
53216142,other,40.69323551186245,-73.97271274590774
53217371,other,40.83793986099127,-73.94051471518485
53214735,other,40.77613137758405,-73.91069962962875
53212495,other,40.82869697429302,-73.86659220429208
53220429,other,40.77286598395849,-73.7876361759222
53214133,other,40.70804296931601,-74.01551682862647
53211511,other,40.83295479050044,-73.92521170912806
53215699,other,40.89187241649303,-73.86016845296459
53213870,other,40.760532437321274,-73.96608658994612
53223385,other,40.767310265495155,-73.78302934320104
53210512,other,40.734694673156454,-73.85052125577377
53221626,other,40.708621032867576,-73.90337424245556
53212906,other,40.89187241649303,-73.86016845296459
53217992,other,40.659934471157875,-73.87765968267918
53219664,other,40.66962838330102,-73.92919792336323
53213823,other,40.67614542280524,-73.9806258590418
53214018,water,40.637521641389945,-73.98594800601985
53211327,other,40.85443910241399,-73.8984233658015
53211980,other,40.83696217632469,-73.91732533658447
53222207,other,40.702076599950594,-73.87916562967763
53210856,other,40.86093719843883,-73.90655844478498
53225933,other,40.80321524459579,-73.95626175455692
53211947,other,40.724915407989414,-73.80487556506887
53224561,other,40.75839126804329,-73.96518527665789
53212486,other,40.788548828299,-73.96911299057756
53219090,other,40.64946131936573,-73.94751902025585
53217239,other,40.86127652964685,-73.90872347262282
53216033,other,40.861543454833466,-73.92925028987564
53213003,other,40.62577355616489,-73.9361719421132
53219735,other,40.87945611177916,-73.87511496774461
53211579,other,40.66486302289602,-73.89019449606552
53215018,other,40.68292902145504,-73.81853000124974
53211377,other,40.809719124747836,-73.95341091112823
53210547,other,40.84940737959006,-73.91830025612464
53212561,other,40.63740393307924,-74.0111551016805
53217090,other,40.68008054287738,-73.90624221112202
53211263,other,40.82461666052356,-73.92569802395367
53219720,other,40.89187241649303,-73.86016845296459
53223014,other,40.70067296046682,-73.84202850876635
53216235,other,40.730135210124054,-73.82311000536697
53217298,other,40.64921832774487,-73.94443083388103
53223117,other,40.60795433968681,-73.75074846290545
53214391,other,40.599575731851296,-74.00191934774864
53212199,other,40.76916062655122,-73.98658450706913
53214662,other,40.80305815804701,-73.93224181536924
53217847,other,40.88212149688681,-73.88325756286221
53217231,other,40.84729341145681,-73.91378118888298
53211557,other,40.61041295270483,-73.95150789023555
53237502,other,40.701265727983106,-73.81437585831368
53212282,other,40.87496161539857,-73.8842717506876
53222785,other,40.85124132495741,-73.90135973409372
53210648,other,40.85665087491274,-73.8889885861798
53215719,other,40.70808153542161,-74.01444559148298
53212517,other,40.68148490391116,-73.88409554254594
53215326,water,40.70067296046682,-73.84202850876635
53211042,other,40.76912837934583,-73.91275961194128
53215739,other,40.74527075086335,-73.92396041169626
53214914,other,40.68462210611334,-73.86869407553662
53217449,other,40.70742016803843,-73.94220377600867
53213229,other,40.72354028284533,-73.86406083365169
53217699,water,40.58785239315092,-74.16491261338459
53224836,other,40.84511727984668,-73.90389522595746
53210909,other,40.75959212871045,-73.92709892258064
53218168,water,40.80960963267906,-73.94196693022266
53212022,other,40.855385947247505,-73.88110664284243
53224447,other,40.85036822531493,-73.9042816313383
53212876,other,40.688735605616664,-73.93530035752897
53213779,infrastructure,40.63890035678432,-74.00244653872019
53216833,other,40.843498412943816,-73.86355909088053
53212638,other,40.88442949051457,-73.89739386681174
53216174,other,40.57977119889199,-73.97139471831444
53215969,other,40.72111359173597,-73.98501044463738
53216607,other,40.76996213877923,-73.91941580659427
53224415,other,40.69797082671049,-73.90607279823564
53215183,other,40.75911467689388,-73.81290072802061
53210757,other,40.70367707113601,-73.92455245971983
53224029,other,40.800888811585196,-73.9679406151598
53214122,other,40.60809558193659,-73.99822086530921
53210973,water,40.70928906844426,-73.95371916359832
53217593,water,40.64705450760824,-73.92791737793272
53222089,other,40.74338422038782,-73.86350428511395
53224572,other,40.7855917566664,-73.97653514888074
53216940,other,40.73283920211979,-73.88382219707682
53216726,other,40.67779123719798,-73.92470071813985
53213672,other,40.8800408841053,-73.88586489542851
53217668,other,40.75929786463355,-73.77988614945195
53217301,other,40.84052162283666,-73.89948546889276
53211870,streetlights,40.745506168463514,-73.85257573636835
53210752,other,40.81856310253724,-73.81469177359817
53215373,other,40.63191698189238,-73.91960051157524
53222893,other,40.51101834741213,-74.24154296634087
53212118,other,40.68001114116998,-73.94267820204483
53216134,other,40.83576228600116,-73.86695025985091
53215945,other,40.60674569624709,-73.74906030365968
53212325,other,40.797341857966536,-73.95030265383727
53212198,other,40.77375259763993,-73.94799151993521
53222589,other,40.60974356492649,-73.95232593437044
53212478,other,40.76056547196574,-73.82616605331577
53210781,other,40.80126232510432,-73.95990748388802
53216928,other,40.85590908727415,-73.88824515306703
53218012,other,40.637216182511956,-73.95233152878244
53214000,other,40.58510131466614,-73.98405810532857
53218133,other,40.675082404636306,-73.96552077893755
53213370,other,40.785200884703514,-73.81813931526725
53215147,water,40.7143170372308,-73.74418954973507
53217682,other,40.847818695682015,-73.9230190877889
53213982,other,40.766774970238195,-73.9148709753713
53211393,other,40.82510818593285,-73.94024435398242
53210431,other,40.85443910241399,-73.8984233658015
53215634,other,40.62629906949887,-73.95651098626831
53211600,other,40.60084938835777,-73.96465523823076
53218234,other,40.83857834804812,-73.89946310715604
53217436,other,40.615969587274584,-74.09161104787073
53210394,other,40.85236457530864,-73.93773655841677
53216986,other,40.89187241649303,-73.86016845296459
53212345,other,40.796995923099004,-73.93373600945696
53212025,other,40.662062680381425,-73.88667760318285
53213280,other,40.70994357625274,-73.93877133978111
53210536,other,40.863759105631964,-73.89425149485061
53212588,drainage,40.75853099218921,-73.9383476666168
53210326,other,40.690084301029906,-73.90509588631946
51094671,other,40.60223038063626,-73.93426422115618
53221105,other,40.84852879835303,-73.90047820229735
53224984,other,40.68546877284786,-73.84747303542532
53216231,other,40.67537850771714,-73.97482544262385
53210496,other,40.879228024835,-73.87235263653268
53211163,other,40.851610153133045,-73.91287553951327
53218731,other,40.767596686769885,-73.99289890881289
53211779,other,40.667980162923996,-73.80790427973587
53219739,other,40.78108335162337,-73.95338039535609
53224386,other,40.67656863101512,-73.7481702762874
53218641,other,40.62589410526047,-73.94089103441642
53213739,other,40.64290966217741,-73.95428408955068
53221505,other,40.687577560703176,-73.79965907533224
53210439,other,40.63856394301535,-74.13193231812966
53216180,other,40.693138829035796,-73.97022819561218
53215180,other,40.700510151122174,-73.90004639595313
53214339,other,40.89187241649303,-73.86016845296459
53213778,other,40.82434545155466,-73.94643443678743
53216657,other,40.60674420188091,-73.98518738280104
53214468,other,40.62430620003166,-73.95611242255522
53216730,other,40.70495456617992,-73.83405831781681
53211993,other,40.66691658877669,-73.92927289517696
53215395,infrastructure,40.876437389391874,-73.86810916351783
53219287,other,40.756027765199875,-73.99664678801983
53225705,other,40.7140618829546,-73.9529114410158
53212314,other,40.847818695682015,-73.9230190877889
53211720,other,40.50661808418028,-74.25438649352861
53211215,other,40.601713061928315,-73.75865829669195
53211139,other,40.58525947486128,-73.96648161840824
53220350,other,40.70413814249716,-73.96421456090287
53214655,other,40.677070828995085,-73.98328623676551
53215575,other,40.598342661406846,-73.94825058402888
53214598,other,40.67910952008634,-73.94005790714336
53217632,other,40.606916248830494,-73.75176074126438
53220607,other,40.834732374684876,-73.91965898060519
53210528,other,40.597758247197156,-73.7836991378865
53211292,other,40.8183215843089,-73.90176620288216
53224490,other,40.636254721448715,-74.11482065864762
53214002,other,40.6553362083541,-73.87192687753935
53215846,other,40.63619823642374,-73.96055431186893
53218565,other,40.740112505405165,-73.87821975206397
53214012,water,40.80133536650071,-73.96506529386701
53222563,other,40.83085647520044,-73.87589637582934
53217477,other,40.69130574171057,-73.98741872963421
53217147,other,40.694046788459744,-73.94605229185213
53215461,other,40.83113106985418,-73.94792498788648
53219675,other,40.74476334136027,-74.00257673686468
53220502,other,40.64579767844507,-73.96335217736032
53214665,other,40.839914819242644,-73.85757435993214
53211460,other,40.78998535813664,-73.94887805969854
53216435,other,40.815602260559785,-73.93841040341528
53219363,other,40.683729755151305,-73.90798578377245
53221404,other,40.772757205579985,-73.7866978180658
53215599,other,40.684323658607155,-73.78522115468198
53215910,other,40.6094312700039,-73.9612544239455
53216388,other,40.67251331544288,-73.9171254309495
53215094,other,40.75787916993409,-73.72168242081884
53218030,other,40.779158551222636,-73.97887356426628
53215771,other,40.7224399589477,-73.8510141316442
53211316,other,40.821710476862634,-73.90078928961124
53221036,other,40.609322854086955,-73.81907583448783
53223135,other,40.82484871625428,-73.92378998473639
53217771,other,40.877947464184835,-73.86615346953117
53213749,other,40.79949890665925,-73.94366608740741
53210511,other,40.83857824044719,-73.94371611738006
53215004,streetlights,40.65495440941251,-74.00701702087409
53226057,other,40.830944084252245,-73.94716628869014
53211691,other,40.70341332970352,-73.80191613209391
53211333,other,40.7528208865112,-73.8215013672338
53218711,other,40.85161470526596,-73.90812946603592
54079420,other,40.678779580233616,-73.95723748233885
53214872,other,40.73700797117263,-73.9815571858028
53213176,other,40.6357315929561,-73.96046811620475
53221711,other,40.6944738803682,-73.99831953265728
53211245,other,40.71765985030493,-73.83388960307398
53212614,other,40.65168763804281,-73.7302449112849
53212910,other,40.77303218808042,-73.97828340102534
53213297,other,40.74681246091547,-73.92269911535894
53214311,other,40.74143417808686,-73.97574235303075
53219643,other,40.689922563621295,-73.90874169050478
53214264,other,40.83913045015355,-73.91351710434314
53218071,water,40.87532233740715,-73.8354989729282
53216647,other,40.65695634544226,-73.91039062365878
53215793,other,40.83750987024892,-73.94234373658911
53217037,other,40.89187241649303,-73.86016845296459
53211627,other,40.702877792955825,-73.88423507250597
53218758,other,40.61536520726758,-73.9226100082424
53214860,other,40.72879528970426,-73.80416064060698
53211195,other,40.698128558899846,-73.914771098641
53214547,other,40.793701093747316,-73.94176410629078
53216017,other,40.8614995374538,-73.92924672138538
53214929,other,40.724720045645974,-73.94150690021884
53213463,other,40.820898970774905,-73.93729992165326
53214408,other,40.662864386733716,-73.94240818563954
53224401,other,40.69217069316894,-73.99117244214905
53217295,other,40.85521812914236,-73.86574012132994
51087965,other,40.61926226116869,-74.0208993248276
53213466,other,40.70216230810398,-73.8967186599807
53216785,other,40.79521150956743,-73.94339884466672
53223495,other,40.846033254328646,-73.85795884096102
45591266,other,40.60585510524467,-73.98698106053803
53217373,other,40.8129476732223,-73.88989598824463
53216304,other,40.706694582108746,-73.91424076512409
53211490,other,40.679399093763415,-73.8763945533192
53215538,roads,40.77046770464379,-73.83303944132774
53218165,other,40.804870903513645,-73.96617236350336
53214685,other,40.8383975079796,-73.92514053942185
53212235,other,40.85567264311442,-73.92941920512644
53216597,other,40.881182799949045,-73.90409984878502
53224023,other,40.71870903479656,-73.90794109955733
53214843,other,40.63825952070181,-74.08876996451845
53213018,other,40.89187241649303,-73.86016845296459
53212831,other,40.6628333218584,-73.9109053731825
53211250,other,40.82645153950622,-73.94838754003396
53216710,other,40.76012273462935,-73.99259288049791
53210397,other,40.66908074868954,-73.93614491815657
53211192,other,40.711360152665364,-73.95770353476442
53216295,other,40.59379773284344,-74.13543738839154
53211885,other,40.82393084314112,-73.94051639895986
53212648,other,40.772169013392755,-73.81479559878326
53223441,other,40.78740507943836,-73.97227692073243
53216451,other,40.77249268730647,-73.78763014555588
53211493,other,40.65716917030205,-73.91982957579546
53224129,other,40.6183049502835,-74.03944592026558
53212179,other,40.828754067985024,-73.88942899356748
53213447,other,40.61246540873713,-74.08317460128792
53216559,other,40.70711605170612,-74.00732909279688
53215878,other,40.70796697991266,-73.92024459110444
53217929,other,40.59805692247118,-73.7586319012894
53214063,other,40.831310336064796,-73.88756014209895
53216320,other,40.8590938928373,-73.90132639702627
53216261,other,40.59304391295921,-73.96711863123237
53224625,other,40.879228024835,-73.87235263653268
53222064,other,40.75479095776606,-73.78131593855511
53221868,other,40.761628627619075,-73.9314031732353
53211708,other,40.62282773830964,-74.16221446033107
53217515,other,40.67643606541782,-73.84364696310243
53212197,other,40.625987530643464,-73.94671611888555
53215350,other,40.67979504321333,-73.93878459881525
53223521,other,40.671487875516284,-73.90439776029551
53215286,other,40.85124132495741,-73.90135973409372
53213424,other,40.738871746074786,-73.76345525509817
53213832,other,40.695327386362244,-73.9203282287671
53217630,other,40.67086385579882,-73.94482736066048
53223396,infrastructure,40.65191750670023,-73.94104096330304
53223861,streetlights,40.70402858177274,-73.81709842036699
53219373,other,40.67500575299651,-73.92977263603565
53213737,water,40.63345892247339,-73.96953064607594
53214753,other,40.77028272611186,-73.78739169462534
53216951,other,40.89187241649303,-73.86016845296459
53215556,other,40.85828493776076,-73.86657984952696
53213435,other,40.6587245110048,-73.9817914775852
53218088,infrastructure,40.85024051143811,-73.89624655887691
53216046,other,40.59512808199396,-73.75339972090964
53210591,other,40.64213527251177,-73.96073817503118
53212151,other,40.815272744016916,-73.86440814017558
53220687,other,40.68337824047935,-73.88086167327577
53216312,other,40.761620825343364,-73.83077300775324
53218024,other,40.68840860619175,-73.82997442353815
53217080,other,40.89187241649303,-73.86016845296459
53223777,other,40.619740312982124,-74.0310250217155
53217844,other,40.66259364440104,-73.93403172286972
53217967,water,40.81916067975414,-73.95271062244056
53220835,other,40.74095987306819,-73.97844181032852
53215512,other,40.862186043794615,-73.910020098724
53210430,other,40.6099257357138,-73.97211291943088
53214824,other,40.77443192888236,-73.95114655204289
53211462,other,40.6549988226691,-73.95723110150566
53210483,other,40.75578903163875,-73.92049413811253
53215590,other,40.75561119970559,-73.96639229035979
53211126,other,40.70250831911804,-73.90323162556705
53225257,other,40.7126973856682,-73.90059444155973
53215624,other,40.803832691466354,-73.96384671287876
53211621,other,40.60552636350087,-73.99512017259966
53221658,other,40.683449717933684,-73.91139342329232
53215316,other,40.764736046957445,-73.98610166400175
53213883,other,40.78106383614796,-73.98141860385265
53212792,other,40.82386658759916,-73.93837023574496
53215618,other,40.85891248534151,-73.88896312074735
53216384,other,40.58525515043988,-73.82001950121276
53215648,other,40.89187241649303,-73.86016845296459
53212361,other,40.70936492367384,-73.95828912816559
53210642,other,40.821710476862634,-73.90078928961124
53216765,other,40.64515406606592,-74.10840013920205
53211896,other,40.611909510393865,-73.98238411947655
53216390,other,40.706720428319585,-73.90192344982114
53210879,other,40.68967697011186,-73.80424308181009
53217865,other,40.66804772523029,-73.97729744575797
53224547,other,40.61202976934708,-73.95889020066743
53217966,other,40.85443910241399,-73.8984233658015
53211945,streetlights,40.595890334480096,-74.08587618262669
53217238,other,40.60434742177171,-73.75574972827971
53210459,other,40.865474752951485,-73.92210925407798
53212628,other,40.64853664740234,-73.88694202311648
53212779,other,40.829799871553014,-73.81632991344688
53217544,other,40.80614200710346,-73.92579811585982
53210357,other,40.887353772525834,-73.91214153787156
53223155,other,40.59863762412982,-73.95810263011504
53212512,other,40.848382291313406,-73.85760683270331
53217658,streetlights,40.64398589696344,-74.01148411369388
53215237,other,40.670076940408805,-73.86580279125647
53215283,other,40.70067296046682,-73.84202850876635
53218183,other,40.83998380642961,-73.88223645239954
53223282,other,40.83025255729719,-73.85251805144208
53214528,other,40.814559493267296,-73.90960400717243
53215963,other,40.65423494133014,-73.94850275519867
53214777,other,40.84390919966649,-73.90674139069922
53215603,other,40.72192260538138,-73.98041413136012
53224318,other,40.6626328427143,-73.89758365327711
53215034,other,40.723493674063505,-73.98825686038411
53216212,other,40.51101834741213,-74.24154296634087
53215993,other,40.66513395614907,-73.9272345998134
53212637,other,40.646857210678014,-73.90561502741625
53215500,streetlights,40.697029908040165,-73.76857680235914
53212505,other,40.802078238502574,-73.93698895923369
45595549,other,40.60453840371363,-73.7577981745344
53219597,other,40.83857834804812,-73.89946310715604
53216832,other,40.65671972474677,-73.95021999892244
53214298,other,40.75452740038207,-73.83386263691486
53214049,other,40.828140776974166,-73.85166635581604
53210550,other,40.859807748903336,-73.86853619067516
53211916,other,40.80174200699266,-73.95112289668106
53216954,other,40.68538849240145,-73.8275519035036
53211474,other,40.82469388912986,-73.86085883210954
53239392,other,40.59516326323982,-73.75444742492175
53216368,other,40.596331184859906,-73.96380062685692
53222879,other,40.65081323465888,-73.91002407991527
53214770,other,40.66119116548482,-73.94463712136192
53215858,other,40.81774639064133,-73.86496308994153
53213354,other,40.633917654247426,-74.01470335653201
53214487,other,40.82307670375846,-73.91004407749487
53213126,other,40.76514203092833,-73.98425326980676
53213243,other,40.70464027715023,-73.93309565193469
53212206,other,40.6549988226691,-73.95723110150566
53215210,other,40.82609133757951,-73.94696779776551
53225785,other,40.826862916408864,-73.87590021092774
53213095,other,40.82166444705227,-73.80622497756336
53214786,other,40.68219369229067,-73.74119762156442
53214134,other,40.74306979646837,-74.0038072665144
53216905,other,40.89187241649303,-73.86016845296459
53224787,other,40.63544013626385,-73.89441514435636
53213762,water,40.74450425202691,-73.72067367551129
53217702,other,40.62030582876017,-74.07321002482993
53212930,other,40.89187241649303,-73.86016845296459
53216619,other,40.69363721947798,-73.9447904852543
53216775,other,40.63336091151598,-74.01062480680682
53213491,other,40.61202976934708,-73.95889020066743
53213351,other,40.83006888816255,-73.90166213515664
53215331,other,40.75469368566714,-73.9935247127901
53212310,other,40.815272744016916,-73.86440814017558
51096343,other,40.8484620951821,-73.9060337938553
53215062,water,40.6331943798619,-73.95069871113749
53216903,other,40.89187241649303,-73.86016845296459
53211228,other,40.67519627995614,-73.88375677542928
53220077,other,40.73474347319647,-73.9810851210132
53214039,other,40.85025789143697,-73.94009524940759
53210995,streetlights,40.60755930224669,-73.98440208402926
53213215,other,40.84039801628458,-73.86927206186039
53210499,other,40.851647414163054,-73.86586661323294
53214833,other,40.59065005255811,-73.97673686976452
53213437,other,40.84102934176002,-73.89038801213047
53212889,other,40.61646822195951,-74.03211128654547
53215444,other,40.75534861180202,-73.96966258353362
53212688,other,40.86559544655567,-73.90381863081005
53217624,other,40.667378641155146,-73.8565549738398
53210687,other,40.782222564452475,-73.91149669273673
53211153,other,40.8536433678374,-73.90514085166684
53215627,other,40.89187241649303,-73.86016845296459
53210773,other,40.63290476679134,-73.97065137806815
53211303,other,40.685480552097964,-73.93099834845682
53214500,other,40.81359104185029,-73.93966222709031
53210660,other,40.813976592430066,-73.9154969985823
53253216,other,40.73029591599575,-73.89055211954995
53224246,other,40.63414881352857,-74.0088811319009
53214009,other,40.85703370550569,-73.90260192274205
53218140,other,40.608548617979224,-73.9754881112677
53223604,other,40.74907361328289,-73.97987921905332
53212256,other,40.647589485891636,-73.95419799975737
53210361,other,40.82050129290884,-73.85308522374261
53218537,other,40.72367185995561,-73.86864239153043
53218609,other,40.85447386285648,-73.93049769631135
53214584,other,40.868688186686455,-73.92121605195722
53216514,other,40.67961566866509,-73.98660612603285
53215358,other,40.68539904848301,-73.84058276326736
53217815,other,40.8614995374538,-73.92924672138538
53218748,other,40.74711447468084,-73.71839987510528
53213704,other,40.82240648163461,-73.93852695075482
53217523,other,40.68176925926219,-73.96753277726584
53218421,other,40.724441004030766,-73.94335432615917
53220799,other,40.83300560566871,-73.87338809708977
53212558,other,40.779364120523724,-73.97736781606955
53215877,other,40.782580186814954,-73.94914734277953
53220195,other,40.65537974780816,-73.87407119992325
53211550,other,40.64491531552333,-73.95235125268982
53213349,other,40.84745238044787,-73.92113999887273
53217575,other,40.71074499079454,-73.89959459724444
53212880,other,40.60502108752764,-73.74741017118652
53217823,other,40.85567264311442,-73.92941920512644
53217460,other,40.834009497318405,-73.91821075275779
53211771,other,40.730897532050676,-73.88271067091905
53222018,other,40.66889752113312,-73.78351169557172
53217478,other,40.66705219419799,-73.98194420506995
53210545,other,40.735729957258535,-73.85965177046633
53213781,other,40.85311958902874,-73.90912144540688
51096342,other,40.85609364469046,-73.88611565569755
53210711,water,40.644517944952604,-74.09187005526238
53214087,streetlights,40.62495777094576,-74.14576746414191
53218614,other,40.884185496190405,-73.85428257745099
53216258,other,40.5547252436574,-74.13083832525102
53213574,other,40.60659505296861,-73.95882872187264
53210832,other,40.89187241649303,-73.86016845296459
53212839,other,40.63006598328377,-73.96812715262504
53218047,other,40.59827735923804,-73.99522152919967
53216583,other,40.691233500770785,-73.95250926949224
53216223,other,40.73976587628826,-73.75525690901776
53216850,other,40.7012774032881,-73.81310993403221
53211710,other,40.57585635566815,-74.14332406545401
53214420,other,40.67409152184616,-73.91334537461792
53217943,other,40.58381083136371,-73.95262526028044
53222221,streetlights,40.748053464825695,-73.97118531720243
53214445,other,40.884185496190405,-73.85428257745099
53216989,other,40.89187241649303,-73.86016845296459
53212690,other,40.668548052882166,-73.92659283400302
53224567,other,40.83665384418777,-73.94299497332467
53216401,other,40.67220505441068,-73.9281100980279
53215814,other,40.7928243534094,-73.80713956443364
53214980,other,40.68360243118126,-73.88001396412699
53217697,other,40.6468793675077,-73.94950662445166
53211114,other,40.57577476680645,-73.9619399004256
53216740,other,40.85584736461155,-73.88970567858819
53213831,other,40.71789151601846,-73.89863868655299
53217776,other,40.755129704550804,-73.82359587686646
53215023,other,40.61642201242346,-73.94689304548768
53214629,other,40.83930620730105,-73.8773009180668
53214552,other,40.877899399782414,-73.87468034300458
53217834,other,40.88240811038497,-73.87905847713522
54106754,other,40.82996847126069,-73.88235897016024
53210495,other,40.603560922699764,-73.99211687990359
53211631,other,40.65968936424158,-73.99885023701076
53216499,water,40.742562945163776,-73.71699003815067
53214922,other,40.73389293466078,-73.95334124612468
53212221,other,40.84850069231833,-73.83141584687485
53210627,other,40.66839619261394,-73.95062943468817
53213270,other,40.65769826001063,-73.92288887736922
53210446,other,40.64811959183956,-73.96281035478435
53217964,other,40.80133536650071,-73.96506529386701
53212655,other,40.70233948151603,-73.91172536792286
53214236,other,40.746497350439746,-73.83084390455686
53224712,other,40.865735666335645,-73.89466412764233
53225277,other,40.677543183932755,-74.01486439469598
53221696,other,40.87567253426723,-73.8763732047227
53221377,other,40.63619823642374,-73.96055431186893
53213916,other,40.75116885401731,-73.98677580990558
53212469,other,40.83858894775754,-73.87646741423704
53212625,other,40.82387157504691,-73.93743803419468
53215888,other,40.61356936906991,-73.97807234764201
53213097,other,40.67926149747738,-73.76515209566068
53216829,other,40.605468901999,-73.95669381819599
53217060,infrastructure,40.6982647503638,-73.76037884063933
53216356,other,40.904363572049284,-73.90642865607933
53219866,other,40.83477163127759,-73.94434451783218
53214702,other,40.68426540546298,-73.78197629147344
53212708,other,40.59717903104108,-73.96287113533351
53217222,other,40.614951956095524,-73.99441712142338
53216543,other,40.82461666052356,-73.92569802395367
53212729,other,40.74677858523171,-73.87479707309527
53216713,water,40.71350831289381,-73.79547615065287
53217184,other,40.70307427535534,-73.90386917587202
53212476,other,40.6322798747306,-74.0834370809049
53215786,other,40.659998407531084,-73.96099798320904
53217610,other,40.61780272026866,-73.9362444001867
53217722,other,40.57594685776052,-74.136628709122
53211304,other,40.81281230589898,-73.95311251545624
53211019,other,40.6876386458581,-73.98668023593228
53215184,other,40.675728311055245,-73.96861004977315
53212484,other,40.77216495361016,-73.75267556373002
53215617,other,40.862186043794615,-73.910020098724
53225224,other,40.75666417742652,-73.99019293432467
53215754,other,40.722386116242554,-73.97843699553471
53223663,other,40.74318688281359,-73.94176134645025
53215664,other,40.84553232023086,-73.88097968056886
51088504,garbage,40.853247341379614,-73.85654452050429
53215325,other,40.87532233740715,-73.8354989729282
53215209,other,40.67356484114711,-73.96652736484376
53215768,other,40.79201047367311,-73.94777140493471
53224631,other,40.84922548258086,-73.91351120825729
53217962,other,40.63898233146671,-74.00953034296963
53212331,other,40.89653245471163,-73.87663824510798
53215787,other,40.81375045205868,-73.95178241162931
53211938,other,40.811810139028076,-73.93537579035123
53217474,other,40.81633055254858,-73.94019804409513
53211805,other,40.777471295453864,-73.96079558497878
53220355,streetlights,40.75868059241288,-73.87551106619334
53222191,roads,40.832721965213814,-73.85620211541007
53218057,water,40.68168936600779,-73.89403545321065
53223363,other,40.67724965327915,-73.97143943293342
53219924,other,40.80278463959563,-73.96525597036728
53214773,other,40.86958584547678,-73.88263236892325
53213563,other,40.635090086697474,-73.97254916861401
53217757,other,40.871606277324275,-73.83958313386307
53215980,other,40.86845847866191,-73.90094371099335
53212182,other,40.879228024835,-73.87235263653268
53213069,other,40.89187241649303,-73.86016845296459
53211234,other,40.839227466427715,-73.85885157495413
53214684,other,40.6594974476705,-73.92926994846515
53210803,other,40.53842977864823,-74.20081483486582
53211066,other,40.78724551182006,-73.8111858086721
53223549,other,40.761628627619075,-73.9314031732353
53219519,other,40.69823112767907,-73.8990544577587
53215244,other,40.75131587031692,-73.88555488896712
53213112,other,40.72195913199264,-73.80969682426189
53213683,other,40.783101009656214,-73.97094627103644
53213828,other,40.59109921610704,-73.98831974904458
53214619,other,40.85812816581817,-73.8986310182593
53211533,other,40.80032868939401,-73.95163682254321
53215875,other,40.79875964717956,-73.96141150117718
53224855,other,40.827110496494356,-73.91607652053013
53213732,other,40.67749110373223,-73.86862880044032
53211553,other,40.733388170702256,-73.98522778723822
53223761,other,40.78363630737837,-73.82518501834166
53211336,other,40.66227791840826,-73.95706423587505
53217579,other,40.76678774227237,-73.8938820076749
53224031,other,40.70219182657424,-73.92833743449728
53212040,other,40.83751070739906,-73.91675365749052
53213063,other,40.71205634774984,-73.96283239587645
53217356,other,40.76120357748868,-73.96185921196128
53219452,other,40.74175216215626,-73.85321556847057
53213789,other,40.712493588683394,-73.95044527301746
53212525,other,40.8034768838181,-73.96721334485183
53225010,other,40.55960167528518,-74.1802856729937
53225395,other,40.72195913199264,-73.80969682426189
53218147,water,40.81627833911124,-73.94007525737523
53217741,other,40.65113791451385,-73.72991918564352
53212039,other,40.76070297110788,-73.82096044055038
53213106,other,40.718693308811915,-73.82022192886858
53221318,other,40.66448197292001,-73.93389288311353
53212124,other,40.83785079647309,-73.86209257637384
53211084,other,40.791380538952716,-73.96608171022953
53212955,other,40.826273779190785,-73.89040870578128
53221902,other,40.59606298038936,-74.10594028734593
53216205,other,40.794129392639505,-73.80143313006653
53211491,other,40.82645153950622,-73.94838754003396
54106585,other,40.897425797420276,-73.84172005939236
53210688,other,40.881179942297805,-73.86315629483488
53215732,other,40.89187241649303,-73.86016845296459
53210391,other,40.76873461089535,-73.9185219683401
53210830,other,40.69977821848639,-73.9826385976589
53214424,other,40.84102934176002,-73.89038801213047
53221882,other,40.63555448652597,-74.00052243052706
53212764,other,40.78918114084735,-73.84467142110125
53215813,other,40.662534840190716,-73.94779708875137
53211239,other,40.75052552111922,-73.90048024746919
53213867,other,40.86127652964685,-73.90872347262282
53211822,other,40.85102387907799,-73.93067841866878
53213079,other,40.5893504191046,-73.81147171566026
53211400,other,40.826952980949955,-73.88885385278444
53211806,other,40.71133274560563,-73.77261757036736
53217153,other,40.766267328504505,-73.9839172699862
53213273,other,40.72195913199264,-73.80969682426189
53250303,other,40.69535159476415,-73.96248830053202
53211954,other,40.708137418583135,-73.7989444347454
53218482,other,40.82461666052356,-73.92569802395367
53214058,other,40.89593312548634,-73.8757170004267
53213839,other,40.63876319738314,-73.95662536998938
53212604,other,40.83632521964203,-73.91333644486176
51082540,roads,40.65518195423992,-74.01057422161993
53215761,other,40.56526752067113,-74.13832727667828
53216327,drainage,40.72811472037194,-73.91803765295623
53215579,other,40.82737640005289,-73.86866530722685
53217100,other,40.89187241649303,-73.86016845296459
53213428,other,40.82105279549503,-73.95522754786211
53224940,other,40.66281485010495,-73.92336595795548
53221186,other,40.882977675078855,-73.89448853771924
53216310,other,40.82629866448724,-73.87958321679677
53218176,other,40.89187241649303,-73.86016845296459
53214016,water,40.868688186686455,-73.92121605195722
53215173,other,40.67083234171875,-73.98620414388112
53212660,other,40.67239216869757,-73.82227539143155
53212663,other,40.685564319742866,-73.99660345766307
53222339,other,40.675683385618456,-73.92490859091187
53219147,other,40.599358410333984,-74.06244882389451
53215893,other,40.85363516096966,-73.93734497240956
53213433,other,40.858100523647394,-73.89235537246347
53214332,other,40.74116701944064,-73.90176087392364
53213086,other,40.89187241649303,-73.86016845296459
53211088,other,40.84488243579131,-73.89279963615628
53216275,other,40.740586772153435,-73.87511905269311
53216220,other,40.62598613004288,-73.96439335731809
53212442,other,40.71357342363043,-73.81790549075347
53215207,other,40.83041368929562,-73.91788272884429
53217029,other,40.71078025076585,-73.83495278932119
53211310,other,40.886206049941784,-73.86134128657405
53217983,other,40.68205514673001,-73.79197073112188
54092709,other,40.59852237718566,-73.95123204910594
53214553,other,40.650641387761276,-73.95345712880501
53211815,other,40.788548828299,-73.96911299057756
53211235,other,40.693301827339226,-73.82765043748164
53211151,other,40.599911085194236,-73.97714416231912
53212452,other,40.84397258651772,-73.93515298999353
53213657,other,40.70189405637343,-73.91810595560423
53226061,other,40.66111726234065,-73.95811024450647
53214426,other,40.67409152184616,-73.91334537461792
53210815,other,40.76801122152072,-73.74101215397711
53218693,other,40.66227791840826,-73.95706423587505
53214112,other,40.73586317474564,-73.9592756738721
53213687,other,40.820278732626136,-73.87627017398431
53212559,other,40.7779047511921,-73.98208745958574
53216126,other,40.68581044078269,-73.76375886575134
53212682,other,40.69439679452865,-73.90906372618853
53210474,other,40.814438308548404,-73.95597259174166
53213864,other,40.72335002231242,-73.86802971353809
53214296,other,40.79316091874542,-73.972855975169
53218763,other,40.82786484187308,-73.89844948016459
53215078,other,40.60738200156512,-74.16080117480537
53213846,other,40.69912503417398,-73.91493932585028
53213226,other,40.68269329869711,-73.99697136653134
53212346,other,40.69304060194325,-73.91976480721871
53214005,water,40.627048451469705,-73.9566545983824
53214398,other,40.77443098425964,-73.9055028115467
53215192,other,40.69755420288298,-73.93468593770461
53210327,other,40.85248289394227,-73.88192875946297
53217300,other,40.808693842372236,-73.93849988001887
53213035,other,40.89187241649303,-73.86016845296459
53211529,other,40.88858387343189,-73.86442859439163
53221162,other,40.675441645746574,-73.90938519220542
53222102,other,40.81300805868258,-73.88706001410975
53214991,other,40.760548739800974,-73.97642124046489
53212407,other,40.89653245471163,-73.87663824510798
53225436,drainage,40.865643101267246,-73.84436266983381
53211417,other,40.85583823696484,-73.84176842043492
53214169,other,40.89187241649303,-73.86016845296459
53216798,other,40.62254687992398,-73.92048354743781
53215308,other,40.853577321176296,-73.88669471458132
53216869,other,40.82674715328029,-73.8806411093987
53215289,other,40.885974289690445,-73.85809049566453
53212373,other,40.81297270285091,-73.93819608236085
53246656,other,40.70678030907772,-73.85471005703221
53226184,other,40.67910952008634,-73.94005790714336
53215379,other,40.65694758253317,-73.8797267215099
53217275,other,40.60659505296861,-73.95882872187264
53214303,other,40.83160629204484,-73.94294148053737
53211172,other,40.57289315079459,-73.99057267591023
53214351,other,40.633314310702325,-74.02702136197861
53212632,other,40.67244942285411,-73.99018008279499
53222817,other,40.717287761686585,-73.90191511466875
53216812,other,40.68168974465319,-73.78727754623662
53213742,other,40.601315250756485,-73.95468708626913
53212519,other,40.71742388441983,-73.9800619286572
53223254,other,40.52973130593772,-74.22176800961054
53224374,other,40.84511727984668,-73.90389522595746
53212855,other,40.69800293380301,-73.93708011114347
53224045,water,40.745790753907784,-73.85623095858483
53214719,other,40.622926918154796,-73.9597984700274
53220748,other,40.74962614735724,-73.91168797281792
53212008,other,40.71135336310195,-73.82710237939287
53215646,other,40.89187241649303,-73.86016845296459
53215497,other,40.78298744269326,-73.83951859649474
53217365,other,40.72078322739249,-73.84156236223293
53226222,other,40.6512806982575,-73.96017059735964
53216965,other,40.89187241649303,-73.86016845296459
53223009,other,40.53936149338918,-74.17847175137288
53215510,other,40.71814599652464,-73.81951634663379
53211671,other,40.73742761522123,-73.74525914816074
53215554,other,40.81922225156659,-73.91248439243729
53218054,roads,40.7621717631893,-73.87040025237796
53217188,other,40.642520370043826,-74.009411937908
53213501,other,40.59898012199595,-74.00105149070008
53210540,other,40.86071337671713,-73.89522520326238
53223975,roads,40.68831627389225,-73.90799027208267
53215804,other,40.82416164857934,-73.95293831205629
53225359,other,40.83545014309375,-73.92584493209597
53214076,other,40.78838312819155,-73.97642943914227
53220324,other,40.75894366258697,-73.81070654010475
53216653,other,40.676824583939954,-73.94876291239599
53221218,other,40.88959410578062,-73.89950530491406
53211262,other,40.85443910241399,-73.8984233658015
53213316,other,40.68336855227336,-73.99976563908469
53222632,other,40.8383975079796,-73.92514053942185
53214954,other,40.81633055254858,-73.94019804409513
53215104,water,40.55146205558446,-74.16079254393331
53218217,other,40.63622011142502,-74.03072282503472
53219405,other,40.807271952361354,-73.9164844348149
53217173,other,40.67159805465037,-73.94197886889226
53221246,other,40.84043357320546,-73.91640666366692
53215202,other,40.60909704881412,-73.96321385654444
53210366,other,40.642635891368634,-74.07966290650745
53217307,other,40.67572461917655,-73.869641720217
53217076,other,40.80186198391235,-73.94929153909268
53215356,water,40.65063865026945,-73.953475149636
53214120,other,40.59357261422537,-73.97372206228464
53213432,other,40.853897267702266,-73.9176693809288
53216605,other,40.81086342402955,-73.9527959919478
53212048,other,40.8197222971042,-73.89652536843273
53214541,other,40.868206890477,-73.89276565069194
53212598,other,40.72368635200795,-73.99647524407254
53213964,other,40.62903088285389,-73.96701083562357
53214429,other,40.80693461332344,-73.92074369805093
53212756,other,40.639736104074245,-73.98181107183052
53213665,other,40.60714038580728,-73.99779592135177
53212931,other,40.727399866110204,-73.85762000453174
54090607,other,40.86906591916177,-73.8956929206734
53214700,other,40.70455724762441,-73.96159587253581
53222512,other,40.65506964604529,-73.95580025875225
53211384,other,40.63720640715453,-73.97292661917737
53213511,other,40.85443910241399,-73.8984233658015
53221354,other,40.71819090471928,-73.98933281073093
53222099,other,40.799665264093065,-73.94720195003187
53225824,other,40.63410604236388,-73.97886544147784
53211804,other,40.560103098505834,-74.17909218876991
53211773,other,40.6922252447689,-73.95469742452106
53214657,other,40.86999770252244,-73.89118994431134
53217496,other,40.773093357157116,-73.78739716305326
53215841,other,40.66442127919747,-73.99545108518437
53217940,other,40.62525052810354,-74.00226952013762
53210461,other,40.6657314564301,-73.89428068500928
53225737,other,40.7140618829546,-73.9529114410158
53223618,other,40.71009423139263,-74.00529507328933
53213204,other,40.717054088646776,-73.87850357760446
53253511,other,40.69476792208006,-73.76038780200868
53222470,other,40.79699520240868,-73.96267300974226
53212542,other,40.69321673133959,-73.79422938268264
53217241,other,40.651245726238365,-73.92356304150584
53224288,streetlights,40.6877898433699,-73.8201646227584
53218501,other,40.77104976501626,-73.94964714824056
53212284,other,40.66595473606112,-73.96146670454516
53216448,other,40.702146602995356,-73.80111202259863
53214204,other,40.82574635386887,-73.9488505853057
53211911,other,40.65221851508546,-73.95765453658349
53216640,other,40.72380350455687,-73.75711219117751
53216969,other,40.89187241649303,-73.86016845296459
53218942,other,40.74964289667063,-73.98788772779935
53212267,other,40.865735666335645,-73.89466412764233
53216309,other,40.762310373284635,-73.99393188262975
53217883,other,40.7195477709843,-73.74137364078607
53212925,other,40.89187241649303,-73.86016845296459
53222536,other,40.67471281401822,-73.81958701880404
53224883,other,40.66949089650218,-73.94364972575788
53212159,other,40.88187740987159,-73.88075911354107
53215730,other,40.67584871730896,-73.94555868674118
53220081,other,40.811425501045704,-73.90676162025781
53215767,other,40.768225592196764,-73.89052588794607
53214983,other,40.67693645414661,-73.90800597218671
53214898,other,40.68008830786781,-73.91262011233184
53222365,other,40.89187241649303,-73.86016845296459
53212404,other,40.599911085194236,-73.97714416231912
53217570,other,40.74586322614822,-73.91185897195496
53217676,other,40.8696297861577,-73.88818593730517
53220973,other,40.756405300374006,-73.96048312802519
53215696,other,40.89187241649303,-73.86016845296459
53215884,other,40.85443910241399,-73.8984233658015
53216786,other,40.70077374419473,-73.91747980159312
53215571,other,40.83402836687665,-73.92582122073902
53214211,roads,40.66308001351021,-73.94555829457275
53216993,other,40.68955766180186,-73.85103351568281
53221145,other,40.720372987409775,-73.98932163881507
53215939,other,40.85118355979264,-73.93628457462785
53211616,drainage,40.83874592483917,-73.86470724069996
53214336,other,40.89187241649303,-73.86016845296459
53213862,other,40.90554288327565,-73.84865015909784
53212014,other,40.83858894775754,-73.87646741423704
53215096,water,40.61387361884953,-74.13272274066493
53216112,other,40.65026237784852,-73.94661024158627
53211890,other,40.82616825929308,-73.90120901163334
53216770,other,40.66568638166932,-73.99128408506022
53213847,other,40.70067296046682,-73.84202850876635
53212755,other,40.74417403953553,-73.88016832289095
53218073,other,40.87777941643627,-73.90750388897129
53216002,other,40.6049402333834,-73.95247341700663
53221777,other,40.664719355497496,-73.92701517480407
54276037,other,40.68810943147152,-73.76454400141613
53215019,other,40.72954645822612,-74.00085871615379
53211496,other,40.74331687797174,-74.0014363011298
53217548,other,40.86309234791374,-73.86082549185012
53212684,other,40.703924888069885,-73.9301497242385
53221492,other,40.85384913626262,-73.89252491883597
53216214,other,40.72540950213173,-73.85079102295286
53217908,other,40.703403612221216,-73.91063836079903
53211517,other,40.84850069231833,-73.83141584687485
53216843,other,40.81641283809382,-73.82091533533323
53222402,other,40.84824388635221,-73.93611389491183
53212971,other,40.85054994292491,-73.82884065717263
53212121,other,40.832721965213814,-73.85620211541007
53210529,other,40.82469388912986,-73.86085883210954
53213486,other,40.81528349608615,-73.9488694648627
53211012,other,40.68284814704943,-73.98055180119574
53212444,other,40.60552636350087,-73.99512017259966
53213147,other,40.7263582983677,-73.8522284441751
53215606,other,40.613459117286446,-74.03489401258018
53210383,other,40.652621821249014,-73.95034919279014
53216341,other,40.588344718967704,-73.9583575169557
53216570,streetlights,40.64001549455433,-73.92574503895477
53213988,other,40.67501593345991,-73.83888434109909
53214538,other,40.84102934176002,-73.89038801213047
53214602,other,40.728429744602614,-73.73889654934462
53211030,other,40.63874057529001,-74.01184352509716
53224593,other,40.63745848366854,-74.08454249345161
53216344,other,40.612796775727865,-73.93726127061171
53215564,other,40.89187241649303,-73.86016845296459
53216044,other,40.83215003304728,-73.91270227303387
53211330,other,40.6728158292927,-73.90377579949111
53214043,other,40.77376165055309,-73.92055572089102
53216200,other,40.79739367593409,-73.96421138272274
53218169,other,40.89187241649303,-73.86016845296459
53214413,other,40.83434636019453,-73.92957192372772
53213012,other,40.85827331744331,-73.93181682879847
53210950,other,40.679721231882134,-73.75142483658743
53213196,other,40.70328320613848,-73.88343008937795
53216000,other,40.84850069231833,-73.83141584687485
53222617,other,40.578144750428336,-74.1585384587612
53219463,other,40.77029353179295,-73.78729779312728
53211389,other,40.85438189777797,-73.86185587000068
53219966,other,40.84708081165011,-73.9324897414894
53216504,other,40.657414060606776,-73.90954303318915
53212874,other,40.89187241649303,-73.86016845296459
53216574,other,40.80569715993018,-73.95810233512171
53217850,other,40.59254883700713,-73.97386649112111
53213071,other,40.89187241649303,-73.86016845296459
53216076,other,40.67511170642955,-73.94845418913982
53222742,other,40.64290966217741,-73.95428408955068
53222037,water,40.83095106190371,-73.92507664644494
53225887,other,40.821835801374654,-73.93894297936284
53217348,other,40.64390181920998,-73.95075926460702
53211147,other,40.69977821848639,-73.9826385976589
53211115,other,40.70473336067795,-73.8764161064622
53213669,other,40.801129555730796,-73.96520987913358
53218293,other,40.89187241649303,-73.86016845296459
53210636,other,40.56128009638139,-74.11246763936727
53221409,other,40.806491489678116,-73.9365007434314
53218349,other,40.80309663511574,-73.93232846513469
53213888,other,40.66144297453842,-73.90559799400036
53215418,other,40.693025046461365,-73.8373839664448
53210675,other,40.85936635669612,-73.90219361584859
53223283,drainage,40.86309038920264,-73.88945144108253
53218188,other,40.72535104931395,-73.98188872377295
53217126,other,40.82443923537322,-73.94172997873142
53213341,other,40.75452740038207,-73.83386263691486
53215471,other,40.6628972162775,-73.9479409830251
53213060,other,40.6052904848574,-73.9566795285816
53211409,other,40.87251382811215,-73.88753385727848
53212716,other,40.75407701225424,-73.79151120106808
53216228,other,40.81633055254858,-73.94019804409513
53225035,infrastructure,40.75793945968164,-73.82302894822413
53219935,other,40.83291278296929,-73.87637677068943
53210554,other,40.61917917015864,-73.93864927902743
53213042,other,40.602957313024554,-73.9976123977314
53211860,other,40.79551338134877,-73.97384821325784
53211357,other,40.86392257138302,-73.85965238222855
53214776,other,40.70994357625274,-73.93877133978111
53217414,other,40.58668526385248,-74.16146060664255
53219717,other,40.89187241649303,-73.86016845296459
53216161,other,40.76353982652934,-73.99100414774689
53216479,other,40.82836911224536,-73.87529396169789
53211825,water,40.80133536650071,-73.96506529386701
53211998,other,40.89678558541203,-73.89685392613215
53211207,other,40.70330658619181,-73.80694049862417
53213733,streetlights,40.741280237793646,-73.90256544457489
53211362,other,40.86067115870396,-73.90680103475351
53213947,other,40.79029550638087,-73.9732255004631
53222224,other,40.63805745930779,-73.95576468668521
53215562,other,40.682100427954374,-74.00302500105857
53225150,other,40.617178189234274,-74.02479601185836
53218029,other,40.764066156388026,-73.97057914265946
53217311,other,40.86614785795822,-73.91907147592903
53212645,other,40.612944672712786,-73.95398765646897
53224952,other,40.72572838216865,-73.84290354917911
53210939,other,40.858776505790395,-73.89620793702191
53217011,other,40.89187241649303,-73.86016845296459
53216550,other,40.721667037257234,-73.97869336953651
53214201,other,40.67261895849871,-73.88934897783062
53222580,other,40.85443910241399,-73.8984233658015
53211298,other,40.87177820522826,-73.87933814673347
53210334,other,40.81231180864417,-73.90646776285864
53213544,other,40.56508746554281,-74.13034393852683
53213525,other,40.652461128591106,-73.9533333272863
53213048,other,40.69180826875506,-73.81673167461211
53226012,other,40.87018604049589,-73.86429616666958
53222356,other,40.89187241649303,-73.86016845296459
53211698,other,40.59177712660838,-73.97207369070377
53212289,other,40.67601142121512,-73.9609453568035
53219171,other,40.62903088285389,-73.96701083562357
53215978,other,40.84834403982046,-73.92060038182431
53217686,other,40.689436630850366,-73.94835296821259
53216494,roads,40.7354961197551,-73.93662613535665
53211128,other,40.608663638955015,-73.97429596657098
53215121,other,40.64906039443108,-73.96082779601215
53215591,other,40.84964134268999,-73.93684269510118
53214840,other,40.75939607782612,-73.7425220125639
53219543,other,40.74494357096293,-73.85699065363067
53219314,other,40.60543169016311,-73.76232904238415
53213860,other,40.71819090471928,-73.98933281073093
53216447,other,40.82093372986033,-73.84999875750071
53217604,other,40.83199797423446,-73.91870828982425
53222792,other,40.64386773155288,-73.9871934522071
53224271,other,40.7140618829546,-73.9529114410158
53220899,other,40.62065426221857,-74.0312703937542
53217179,other,40.81336679691481,-73.91486195579179
53216427,other,40.707065358692006,-73.9598270786122
53215581,other,40.57370626901047,-73.85164105487308
53210404,other,40.872029368353516,-73.8704970942437
53211373,other,40.85438189777797,-73.86185587000068
53210898,other,40.65034659680102,-73.96599484456353
53213194,other,40.83765056630799,-73.82388301886543
53217404,other,40.7088397347057,-73.79563114557033
53225692,other,40.88496504609375,-73.83399958402782
53214388,other,40.824486228104384,-73.91563901982146
53212954,other,40.543745904814486,-74.14680284765917
53210531,other,40.81814501330788,-73.940586601963
53220088,other,40.618049970755344,-74.03860289581316
53222335,other,40.631115891744564,-74.0263467614032
53217331,other,40.864131850204714,-73.92948614951564
54278804,other,40.76352258807342,-73.7717065858313
53221477,other,40.81725553183427,-73.9037150802771
53213818,other,40.85829772629949,-73.85445497857519
53221983,water,40.83685762502109,-73.94437168375892
53217379,other,40.88042713278525,-73.87711292596249
53215850,other,40.67760698847062,-73.94908678303668
53221810,other,40.564967569523404,-74.14121318728509
53219267,other,40.761531907114765,-73.90699029504415
53215075,streetlights,40.60721355310844,-74.07681151462103
53217358,other,40.65408639745657,-73.9617366494103
53213231,other,40.842438415363624,-73.92204587229668
53218079,other,40.730831946852234,-73.8541380464189
53214443,other,40.68603480219816,-73.95226057319618
53211107,other,40.78015802264805,-73.84584792528797
53215334,other,40.62629906949887,-73.95651098626831
53215200,other,40.77155914561378,-73.96084238936311
53214433,other,40.705368169710866,-73.92094380192201
53217723,other,40.64783116060046,-73.84659690649447
53224749,other,40.88187740987159,-73.88075911354107
53218084,other,40.69218383091528,-73.79070586387714
53212224,other,40.826226863504694,-73.9056388250073
53214625,other,40.634688194371535,-74.03191829007669
53214090,other,40.7973226553707,-73.92930048517846
53222860,other,40.8012971107959,-73.96563238859217
53214897,other,40.73149535490123,-73.7212080940481
53216715,water,40.83075026178137,-73.94951524337782
53218052,other,40.76359924396775,-73.81437902051505
53212723,other,40.59586841251655,-73.97933484943113
53213089,other,40.89187241649303,-73.86016845296459
53220041,other,40.78708051484888,-73.96955784554436
53215388,other,40.82609931950627,-73.88879746607421
53216147,other,40.67661734216437,-73.9071123253599
45606830,other,40.81242597978714,-73.84650653432264
53211347,other,40.8493187659283,-73.83151859558012
53213107,other,40.67661734216437,-73.9071123253599
53215347,other,40.73040259199822,-73.87159137487846
53214647,other,40.61041295270483,-73.95150789023555
53213866,other,40.8012971107959,-73.96563238859217
53216896,other,40.68580683876536,-73.86781195465186
53211829,other,40.82138289723511,-73.95716391028321
53211451,other,40.836587768244534,-73.91961337374968
53212449,other,40.68899135311339,-73.865937805609
53217829,other,40.66885183444092,-73.88801785739636
53219967,other,40.84874284565058,-73.91785648661472
53223553,other,40.62857807809446,-74.12979785368158
53226237,other,40.79116785135184,-73.94779373431913
53218081,other,40.8246636418448,-73.95223338126095
53211950,roads,40.826423148437236,-73.85867277763299
53212191,other,40.86014906583303,-73.8646311641604
53211548,other,40.800096621444304,-73.93712808629013
53224501,other,40.66155799806522,-73.92375306998693
53217375,other,40.60860285704949,-73.95512512619528
53222188,other,40.620449780115976,-73.99451391973174
53224088,other,40.841290221368475,-73.9207172241678
53211098,other,40.774054704442605,-73.98851150815086
53213262,other,40.68085220583943,-73.94506426530351
53217744,other,40.673454894741894,-73.96599748254368
53213212,other,40.87777941643627,-73.90750388897129
53214144,other,40.77586250725668,-73.9810878836374
53216693,other,40.83199797423446,-73.91870828982425
53212800,other,40.69414131405753,-73.90210783597254
53220940,other,40.849446069294906,-73.88621740106602
53218330,other,40.89187241649303,-73.86016845296459
53213516,other,40.6857427546458,-73.99758419378453
53217130,other,40.60451636570825,-74.00194469884237
53213558,other,40.80737777014281,-73.91480820792404
53217518,other,40.56371419739754,-74.18834436476297
53213922,other,40.836794596897484,-73.90979785551703
53224552,other,40.681235116554475,-73.91561833484911
53214600,other,40.706441064095195,-73.8020622279824
53215936,other,40.63548306108916,-74.09066503489085
53216714,water,40.68557534753877,-73.94972972008468
53217611,other,40.84428405061116,-73.83660579719471
53216037,other,40.83863390681779,-73.91385023497419
53214020,roads,40.82565548846222,-73.88135126767048
53213313,other,40.8428144290902,-73.88304825012987
53211446,other,40.63856394301535,-74.13193231812966
53217854,other,40.784704207414315,-73.97205054977184
53213255,other,40.80816258815526,-73.92652193835599
53225663,other,40.700483936544096,-73.80796930845322
53219470,other,40.76806147469729,-73.91382239050347
53211683,other,40.84789715947232,-73.91741295088288
53215095,other,40.67224422337959,-73.97599102494414
53220120,other,40.65559058142622,-73.91186291184383
53213545,other,40.57205085442672,-74.10949095161008
53219847,other,40.76015558772529,-73.99138723398802
53219792,other,40.611510871182006,-73.74789345334328
53220098,other,40.80770992337055,-73.95325337680217
53214346,other,40.78800399978553,-73.93834926430057
53248621,other,40.80679502822056,-73.95107945145409
53212046,other,40.8573085209633,-73.88507968971061
53216472,other,40.66455133277643,-73.93519405201872
53214273,other,40.77072323102476,-73.920566566059
53225729,other,40.84757882294135,-73.93964224088579
53216818,other,40.705788697688035,-73.89430372064344
53210875,other,40.797016078490586,-73.96822058175705
53217797,other,40.83258827381062,-73.89819654318568
53212114,other,40.828057446855574,-73.91997056529777
54274986,garbage,40.785204471069505,-73.97520641260647
53211321,other,40.74871010966081,-73.99305250373475
53210894,other,40.688340182823616,-73.86304724261642
53212030,other,40.8446503202844,-73.83553506461402
53217647,other,40.611483558651415,-73.97933001563813
53211602,other,40.68193927495792,-73.85843455755233
53212892,other,40.674541075424415,-73.93790978264599
53215686,other,40.89187241649303,-73.86016845296459
53216378,other,40.70144769755332,-73.88692442323254
53222256,other,40.86739505807879,-73.92476442058863
53211162,other,40.711550177126114,-73.826564413367
53219728,other,40.89187241649303,-73.86016845296459
53214591,other,40.775643988934746,-73.9485857833824
53212753,other,40.63155508169074,-73.91264042512731
53211537,other,40.829096784565614,-73.94693288128813
53220009,other,40.86958584547678,-73.88263236892325
53214417,other,40.82216756467823,-73.8767038442301
53215071,water,40.81492335429851,-73.8462623371975
53214125,other,40.771479422829785,-73.89488181245453
53214380,other,40.75561119970559,-73.96639229035979
53217450,other,40.621596491352044,-73.95456885351668
53219012,other,40.81530102058161,-73.90339276480798
53214490,other,40.83029816821369,-73.91378875762182
53211394,other,40.64059287917061,-73.9612579493439
53217117,other,40.824759233476165,-73.87731690223707
53216203,other,40.57553156960978,-74.14183667750406
53211324,other,40.86740189349638,-73.89487842028265
53217200,other,40.61637026983262,-74.03826694457253
53223227,other,40.64463542037079,-73.92644617586878
53213666,other,40.647354252936154,-73.97456574604313
53221042,other,40.8631076889723,-73.89935733390479
53215653,other,40.89187241649303,-73.86016845296459
53215986,other,40.68267544905822,-73.93583624810658
53218025,water,40.59377512886587,-73.76263698552229
53214800,other,40.59852951313021,-73.97283067151207
53212998,other,40.68040754508458,-73.92552700453709
53215335,other,40.63711026856175,-74.08770913754525
53217864,other,40.67409152184616,-73.91334537461792
53210429,other,40.82420015154935,-73.94115207863088
53213407,other,40.641748862072944,-73.98817035416546
45606795,garbage,40.81041755979227,-73.85556032922301
53217799,other,40.84359371402877,-73.94003619433508
53215242,other,40.6627420000501,-73.94470792299451
53226121,other,40.8682335539516,-73.86344325864486
53210441,other,40.670047237718656,-73.9540924570335
53211994,other,40.707264062355954,-73.78944300605664
53215436,other,40.66652646026455,-73.87933456614223
53215935,other,40.63832470731641,-73.94533347914741
53212603,other,40.57920699063702,-73.9658186688587
53210947,other,40.75556108707938,-73.99473740708629
53216939,other,40.81048816872907,-73.90506869852526
53211100,other,40.65095493073116,-74.01120061301445
53224454,other,40.871634267051654,-73.91873214842639
45605647,roads,40.717026843600095,-73.98662385963794
53212387,other,40.599352278345314,-73.98380623266789
53214244,other,40.66940451341576,-73.92254370209986
53217825,other,40.83041368929562,-73.91788272884429
53213008,other,40.754991936697785,-73.98402105632036
53214091,other,40.87969311358743,-73.90831487186115
53210706,drainage,40.60638696992669,-73.98229914317531
45600275,other,40.732624310662075,-73.95912249994822
53211887,other,40.72756959397435,-73.72317642529407
53211091,other,40.65746931083952,-73.87478808676771
53216322,other,40.74820758917112,-73.98991989053478
53214233,other,40.59516326323982,-73.75444742492175
53217537,other,40.76092705262407,-73.99452761756353
53213240,other,40.74863489975603,-73.91117679653486
53215376,other,40.606427365356915,-74.08621026094977
53216365,other,40.70513805870242,-73.87755508400072
53215404,other,40.63542075092716,-74.02137637335235
53221369,other,40.812605416985384,-73.88791326079414
53217809,other,40.78108335162337,-73.95338039535609
53214785,other,40.60139602691792,-73.7452992122185
53221278,other,40.60641695647832,-73.95971837677719
53239045,other,40.67635289928897,-73.99828393753047
53212968,other,40.89187241649303,-73.86016845296459
53212868,other,40.846289868152276,-73.9364988962801
53215052,other,40.739635292352226,-73.78914945028714
53214044,other,40.703429845891876,-73.89019949731798
53215015,other,40.870259051175196,-73.91475657272073
53223672,other,40.85095902709047,-73.93725712728934
53211509,other,40.67029840570298,-73.90654434985895
53210889,other,40.82874179949531,-73.8772987188269
53216246,other,40.73664309197042,-73.86583110441738
53210645,other,40.70828963345894,-73.79041363251416
53212164,other,40.8609235071515,-73.90659823100756
53210650,other,40.630585343990624,-73.97035337386956
53224441,other,40.648732032732596,-73.94936107509633
53217952,other,40.710950980310386,-73.74873654174267
53214624,other,40.821431100228345,-73.91528881549272
53220130,other,40.85702340128511,-73.90017990874989
53211879,other,40.71108261587243,-73.80536694063022
53215067,other,40.70288201233877,-73.92182315627588
53213633,other,40.705368169710866,-73.92094380192201
53214438,other,40.7879471665392,-73.95152664639144
53215475,other,40.67732017840016,-73.90732766009248
53214194,other,40.64949049525916,-73.93012743196707
53215718,other,40.89187241649303,-73.86016845296459
53223649,other,40.74914532224529,-73.98196526449442
53211255,other,40.80944733207732,-73.92265165698456
53212316,other,40.82215405237065,-73.93868615916398
53212810,other,40.660003344727706,-73.95225397253662
53212193,other,40.77407156632911,-73.92020874653144
53214543,other,40.70067296046682,-73.84202850876635
53212841,other,40.89187241649303,-73.86016845296459
53216522,other,40.71819090471928,-73.98933281073093
53211618,other,40.67261700153828,-73.90563625264704
53216470,other,40.78467114185061,-73.78176667902359
53215282,other,40.85384913626262,-73.89252491883597
53219056,other,40.768575957632024,-73.78468590090507
53213026,other,40.57917037754895,-74.10105358704087
53216013,other,40.83628558491302,-73.9274955262169
53221781,other,40.676480145969734,-73.96776608369676
53214809,other,40.68213772804029,-73.85041191884063
53220046,other,40.63448378774177,-73.97383205451307
53213497,other,40.65260216418594,-73.87673251223136
53217107,other,40.83045018662338,-73.86602136528577
53210561,other,40.881182799949045,-73.90409984878502
53213039,other,40.87130497520482,-73.9188337917223
53215186,other,40.690422254756776,-73.97327281700572
54092571,other,40.670085931603296,-73.95476653454561
53213329,other,40.65921927885764,-73.91198787050129
53210354,other,40.64905773744967,-73.9473031157717
53218389,other,40.89187241649303,-73.86016845296459
53212097,other,40.855524845141545,-73.86053044648474
53214026,water,40.67289128714317,-73.92390233801905
53212510,other,40.89187241649303,-73.86016845296459
53217806,other,40.702146602995356,-73.80111202259863
53212067,other,40.675769232278675,-73.88305998381796
53223206,other,40.73910156041672,-73.8970114314716
53217637,other,40.71259814717713,-73.79301887147034
53215387,infrastructure,40.87094088147063,-73.87915526408855
53221926,other,40.66433553630167,-73.88140752803598
53213496,other,40.834168988890625,-73.92682567978078
53216548,drainage,40.687966766178384,-73.81068086743555
53216410,other,40.72238703289527,-73.8095260418184
53217382,other,40.652461128591106,-73.9533333272863
53210653,other,40.837537802824734,-73.92420550433786
53212023,other,40.65888444252381,-73.92354347619222
53217036,other,40.89187241649303,-73.86016845296459
53216199,other,40.53312056472213,-74.15115401141058
53214078,other,40.593875588501746,-73.9399651861911
53211549,other,40.72925648497475,-73.97976974552307
53216582,other,40.85167635379225,-73.93904571564656
53219068,other,40.61622508198578,-73.91219944102386
53214546,other,40.65262959971452,-73.90915669590028
53216840,other,40.683729755151305,-73.90798578377245
53217344,other,40.86651123408761,-73.89044724365473
53213478,other,40.846649192635944,-73.91484104438217
53220850,other,40.77662571123505,-73.98213474146851
53225056,other,40.63465866308299,-74.02943946629897
53210562,other,40.87982987735992,-73.88345324582248
53213319,other,40.65051772134013,-73.93125073500806
53214692,other,40.78549412925795,-73.93139664078882
53219299,other,40.73721408988366,-73.98327475873027
53219910,other,40.628416819175676,-73.94138235423952
53211269,other,40.81716841400337,-73.91145383156474
53221851,other,40.61990918569813,-73.92894448147791
53212054,other,40.673074572186984,-73.92719349147299
53216567,water,40.76291783909902,-73.80080781754887
53216758,other,40.529246789448656,-74.21821591628627
53215668,other,40.853417091855775,-73.91787601730731
53210928,other,40.71277266892788,-73.98852207064276
53221700,other,40.674961487672164,-73.965034153176
53215616,other,40.74116701944064,-73.90176087392364
53223107,other,40.59634824981389,-74.10614598875917
45588556,other,40.84617746968061,-73.85258394696623
53213925,other,40.78734442949189,-73.94777145404967
53214436,other,40.69324658689844,-73.94299497716253
53212017,other,40.73388149998927,-73.95222990194416
53214857,other,40.6780503252414,-73.87795092392813
53216527,other,40.64119808645915,-73.95733002900144
53223693,other,40.619357451570615,-73.95640384399282
53216469,other,40.81893932615144,-73.88698130286163
53216707,other,40.73660281241529,-73.89895663205012
53212127,other,40.867972385189944,-73.88578798920317
53217861,other,40.827110496494356,-73.91607652053013
53213261,other,40.69411337764771,-73.91168216710348
53214698,other,40.63200265486375,-73.97452476067994
53216342,other,40.85298085292111,-73.91433410246582
53216386,other,40.75894438076863,-73.90794685460374
53216124,other,40.620298654089346,-74.15709686082981
53216561,other,40.80722739781143,-73.90841469345682
53218101,other,40.89187241649303,-73.86016845296459
53215778,other,40.866061437618804,-73.86255108442907
53212056,other,40.63462231706039,-73.90729688135474
54094868,garbage,40.71880904787122,-73.95666346361234
53219347,other,40.84881397093934,-73.93466030980782
53218146,other,40.663545854408966,-73.86948529654417
53216555,drainage,40.639878326155475,-73.94547993769629
53213647,other,40.815997459809466,-73.9204113711354
53211644,other,40.88959410578062,-73.89950530491406
53213679,other,40.79715190862778,-73.94901341309001
53216277,other,40.59654267945665,-74.10054334940429
53213412,other,40.683086491171764,-73.92559972902288
53211057,streetlights,40.758533225689874,-73.98884266079277
53214815,other,40.831669762919574,-73.9287544719845
53223507,other,40.715871124386474,-73.90151678764956
53213087,other,40.89187241649303,-73.86016845296459
53214877,other,40.698648824679466,-73.92480699028685
53210716,other,40.85207391089936,-73.93331605427876
53213287,other,40.745876147673954,-73.90075064521145
53215047,other,40.75754390421795,-73.76458371751481
53218312,other,40.613461606674754,-74.10055082304802
53223789,other,40.75037054471354,-73.9910600637942
53213689,other,40.65089462486782,-73.83490633160535
53215084,other,40.71774351479086,-73.89888421582194
53212766,other,40.78918114084735,-73.84467142110125
53213931,other,40.764736046957445,-73.98610166400175
53212738,other,40.595636962652165,-74.00012962934917
53211361,other,40.71660092794472,-73.84410106070708
53215782,other,40.78108335162337,-73.95338039535609
53217351,other,40.83785079647309,-73.86209257637384
53213154,other,40.643351618432064,-73.98637918507582
53222883,other,40.73660281241529,-73.89895663205012
53212943,other,40.89187241649303,-73.86016845296459
53216093,other,40.7203232719394,-73.98638509962416
53219500,other,40.8514818245853,-73.93466130374979
53211800,other,40.713327595288725,-73.78516737484192
53214633,other,40.67572461917655,-73.869641720217
53213907,other,40.82461666052356,-73.92569802395367
53223595,other,40.72195913199264,-73.80969682426189
53214277,other,40.89187241649303,-73.86016845296459
53213152,other,40.77283950738715,-73.78667589200724
53214301,other,40.81922225156659,-73.91248439243729
53212761,other,40.58556846771643,-73.96268677592583
54278013,other,40.602122848168925,-73.93834084694228
53225316,other,40.57199042165957,-74.117859791348
53213067,other,40.746497350439746,-73.83084390455686
53213235,other,40.61591855528667,-73.96544688318964
53212557,other,40.69522039497991,-73.99585648369809
53212258,other,40.80715906003473,-73.91230519166815
53217013,other,40.89187241649303,-73.86016845296459
53223608,other,40.800851245090804,-73.91539807939343
53215576,streetlights,40.85030395093334,-73.85136752307609
53212791,other,40.78298744269326,-73.83951859649474
53215447,other,40.68922899450692,-73.9505527097646
53226249,other,40.64022250466021,-73.95425350155075
53220704,other,40.767508434396056,-73.91203971205353
53212884,other,40.622258714528954,-74.00179752346995
53211977,other,40.74825084626587,-73.97023965698617
53212337,other,40.8243766603989,-73.89885225499991
53218661,other,40.70974728417447,-73.81622065892849
53212174,other,40.608424933642496,-74.00293522657196
53224256,other,40.7140618829546,-73.9529114410158
53216328,streetlights,40.695998115322176,-73.96741405491952
53215414,other,40.73889966065343,-73.87344062527438
53217784,other,40.76468368198577,-73.92718359841146
53216099,other,40.865193436175176,-73.90228989262104
53216719,water,40.8609235071515,-73.90659823100756
53214152,other,40.89187241649303,-73.86016845296459
53211121,other,40.65095493073116,-74.01120061301445
53214689,other,40.702946213299796,-73.98664832455788
53223182,other,40.86439499522772,-73.92050891043958
53217974,other,40.70939120268948,-73.94861163637752
53213298,other,40.66557223668904,-73.97887709902609
53217328,other,40.61899951231166,-74.02991884013026
53214668,other,40.86260679551789,-73.91850095690033
53216471,other,40.51112586394588,-74.24132038558209
53216048,other,40.70287153070807,-73.93120035099822
53226190,other,40.69639779250611,-73.99351955588249
53215540,other,40.59266629508913,-73.78352119584787
53212091,other,40.733449434509005,-74.00396548038107
53219480,other,40.7782303975787,-73.97663162082777
53213179,other,40.6770193098597,-73.97233001831667
53215723,other,40.85379028108596,-73.91774903879143
53213101,other,40.62689192389814,-73.99840409183014
53212129,other,40.695447132978494,-73.91505941676488
53212108,other,40.674135198244905,-73.89645202776799
53217422,other,40.69369985399404,-73.99820776271778
53219277,other,40.688141147203005,-73.92374430758014
53222388,other,40.83565074947492,-73.8886116523943
53214491,other,40.63832470731641,-73.94533347914741
53211444,other,40.85986345810556,-73.89626408265799
53211966,other,40.6950450620625,-73.9389148444512
53213601,other,40.86014906583303,-73.8646311641604
53212827,other,40.561290365693644,-74.15543933777836
53212273,other,40.73629151461182,-73.98108828997997
53216182,other,40.59254977923085,-73.97840330838662
53216067,other,40.73024746670835,-73.87278595253976
53214158,other,40.731271870174375,-73.98450662748084
53210416,other,40.705783234097446,-73.80582243969388
53211132,streetlights,40.73072344111918,-73.9890529796862
53216533,other,40.76468368198577,-73.92718359841146
53214353,other,40.85316577438506,-73.89866749926014
53211040,other,40.64012846463,-73.94625082171862
53210449,other,40.83751070739906,-73.91675365749052
53212989,other,40.89187241649303,-73.86016845296459
53224811,other,40.629993417362726,-73.94945815478953
53210874,other,40.739594974590226,-74.00262705731821
53215302,other,40.677332247617656,-73.9237710876712
53214389,other,40.8153087115737,-73.88764859320428
53214231,other,40.81041373338716,-73.90467143662154
53214003,other,40.80049135690748,-73.96990929025809
53219143,other,40.72682390398384,-73.97598579292486
53212524,other,40.88973128968191,-73.91667741292602
53213295,other,40.62903088285389,-73.96701083562357
53217421,other,40.67185496336139,-73.87006745586667
53224164,other,40.89728791010691,-73.89690740400307
53215925,other,40.85124132495741,-73.90135973409372
53210331,other,40.66933887861934,-73.84628789439078
53216224,other,40.674693554586256,-73.94078649805915
53212692,infrastructure,40.70821550011136,-73.95281818471273
53219973,other,40.667635722033154,-73.95705357759245
53221446,other,40.699864400158745,-73.95589678619315
53213618,other,40.817826273163575,-73.89717140198492
53212320,other,40.596151465400965,-73.79356347971178
53215234,other,40.72335002231242,-73.86802971353809
53211306,other,40.77156979077409,-73.92647927553604
53216648,other,40.68302325561821,-73.85605620638674
53210596,other,40.664752824463754,-73.9876508243539
53217737,other,40.60084938835777,-73.96465523823076
53213797,other,40.68802145154212,-73.94485643368053
53215626,other,40.71449450092054,-73.83535842494759
53213300,other,40.82860361351321,-73.93771181851356
53217005,other,40.872803217936394,-73.9008106846054
53212503,other,40.74192190654129,-73.89262608106687
53213973,other,40.643596735768405,-73.88766026435954
53211532,other,40.814353053835546,-73.9021622269031
53219915,other,40.818080072970034,-73.94242560153475
53225042,other,40.60076952252184,-74.12066182968466
53223647,other,40.77684126215366,-73.8036113389632
53216868,other,40.69328225344376,-73.94880075049618
53212009,other,40.83883097247014,-73.86007394229689
53217154,other,40.88991393322937,-73.91496284129799
53216404,other,40.629939362412614,-73.95840721933905
53216909,other,40.614125905503585,-73.99912115773228
53211006,other,40.59973372416377,-73.93146507220825
53211273,other,40.691390379421826,-73.7831790327669
53215041,other,40.59839670668075,-73.93569397761567
53218864,other,40.68337824047935,-73.88086167327577
53216292,other,40.77283676265683,-73.78667590079955
53220500,other,40.70129826960547,-73.88849712167374
53215260,other,40.8160658007736,-73.94313544165297
53212798,other,40.661835522626596,-73.89310101474382
53213829,other,40.70738350063985,-73.81588452413749
53215017,other,40.645613840754606,-74.00812231684787
53216021,other,40.87854051688065,-73.86871611928319
53220585,water,40.74444741407468,-73.95563630613543
53211350,other,40.58102314423338,-73.8256757601685
53215390,other,40.58515051387381,-73.96046205482467
53223193,other,40.85227457263998,-73.9388065966183
53217805,other,40.70283050745457,-73.78312739835278
53215124,other,40.812605416985384,-73.88791326079414
53214452,other,40.65746931083952,-73.87478808676771
53213565,other,40.625379062467715,-73.91984614706264
53225290,other,40.73302651480043,-73.89909195180438
53215984,other,40.84069537349606,-73.88564688657269
53215673,other,40.89187241649303,-73.86016845296459
53217245,other,40.82846020148722,-73.94734893175466
53210353,other,40.69384153416623,-73.93647821010735
54093786,other,40.719743296783314,-73.76071287685045
53215392,water,40.79930798322807,-73.95243577915605
53210922,other,40.85400635484325,-73.90597896864712
53216599,other,40.699246299599814,-73.74456113628024
53224140,other,40.7624091939417,-73.99412319468442
53215428,other,40.77877996866139,-73.97994245715918
53212324,other,40.84233162746296,-73.85434895746839
53215890,other,40.686183664190985,-73.76106767783999
53217058,other,40.83829092612182,-73.86062078509177
53212208,other,40.75155664830534,-73.8239951376963
53215654,other,40.89187241649303,-73.86016845296459
53215002,other,40.71820618113747,-73.77995331657326
53212928,other,40.89187241649303,-73.86016845296459
53217667,other,40.81715061987069,-73.8136407665446
53222171,other,40.84373559032357,-73.83122191049797
53216836,other,40.79253087330231,-73.82087484525672
53210913,other,40.680041469847744,-73.9429521843563
53210783,other,40.88249707540828,-73.88281932442621
53211726,other,40.82928607636463,-73.91853815695302
53252133,other,40.60562792947999,-73.99532544236068
53214713,other,40.57824745324069,-73.8383437981196
53219433,other,40.62074482505123,-74.1599796514494
53217706,streetlights,40.795927573353715,-73.97271760441463
53213629,other,40.773694917374264,-73.94790130389082
53212169,other,40.855508481763664,-73.8828343399938
53212939,other,40.89187241649303,-73.86016845296459
53217710,other,40.68360056907614,-73.90775881130362
53218913,other,40.82881450859564,-73.90826935010895
53214967,other,40.77822253381855,-73.81910798700768
53212302,other,40.82165096616012,-73.95477190168339
53222425,other,40.86833807209636,-73.88368309082192
53210985,water,40.81529945740394,-73.947738677272
53220639,other,40.68992628955414,-73.95084066527876
53216095,other,40.7073563286099,-73.77161399906478
53214256,other,40.89187241649303,-73.86016845296459
53210592,other,40.734694673156454,-73.85052125577377
53214549,other,40.86624153244151,-73.86632526487462
53210817,other,40.78102539234052,-73.98131028936288
53215136,other,40.89817219352304,-73.84565742389341
53210895,other,40.76879709047681,-73.95842519416915
53216580,other,40.62975628535132,-73.9270101783953
53213118,other,40.769974489179866,-73.95118592429507
53216411,other,40.72992646032319,-73.81092607497038
53214405,other,40.865735666335645,-73.89466412764233
53215879,other,40.60928228449889,-73.96765086595757
53221115,other,40.82166935801957,-73.89770742070759
53211556,other,40.639453472013926,-74.01766999324556
53215868,other,40.792276561152036,-73.93653235899903
53210795,other,40.64119037531119,-73.90702471730923
53215485,other,40.82014345545158,-73.953118188944
53210519,other,40.71130639282617,-73.98376099892502
53217178,other,40.84624991756311,-73.8995852446999
53218076,other,40.69977821848639,-73.9826385976589
53212272,other,40.87251382811215,-73.88753385727848
53217643,other,40.64311853953915,-74.01153801507647
53217756,other,40.72335002231242,-73.86802971353809
53215946,other,40.60674569624709,-73.74906030365968
53217858,other,40.663013865262826,-73.93450349067764
53215738,other,40.690215820562806,-73.98532750003707
53217035,other,40.874921057657204,-73.87690614558501
53213335,other,40.85443910241399,-73.8984233658015
53218823,other,40.580706685677406,-74.09219268080142
53216233,other,40.63543273304465,-73.96141587249892
53217566,other,40.805647670064836,-73.96620447832386
53214427,other,40.847818695682015,-73.9230190877889
53223502,other,40.60895190764354,-74.00383923463176
53217619,other,40.83041368929562,-73.91788272884429
53223754,other,40.60254433234857,-73.95322056848188
53222444,other,40.89187241649303,-73.86016845296459
53215853,other,40.67095184911236,-73.781259179536
53219528,other,40.69314057674166,-73.91378219585857
53214124,other,40.60848848376899,-73.91349175359542
53211737,other,40.634900084398,-73.91891235985334
53213642,other,40.782977719794424,-73.97184545053207
53213730,other,40.82422178204783,-73.88864162348789
53214739,other,40.63609333666695,-73.97923952391537
53210467,other,40.83261900218038,-73.87628697544656
53214469,other,40.68794041994845,-73.96158741397063
53221006,other,40.804813461296,-73.95137349048665
53217377,other,40.83299735409558,-73.94192484859194
53213117,other,40.54948696694085,-74.1970338277308
53212851,other,40.874921057657204,-73.87690614558501
53220487,other,40.870123568085646,-73.90306725095739
53248180,other,40.84582874867375,-73.83620080849526
53218179,other,40.85827331744331,-73.93181682879847
53212703,other,40.74826008452696,-73.97441894985758
53216483,other,40.820602495106385,-73.9156981381184
53218077,other,40.66844771249684,-73.92423543971381
53216188,other,40.6066157892196,-74.16874764951618
53211782,other,40.529764419742285,-74.19921679060916
53211323,other,40.7368560192451,-73.85578474686037
53210835,other,40.83371020308243,-73.94597518465768
53217221,other,40.702357942922,-73.9460491727853
53215156,other,40.76810639200467,-73.93169253272856
53216122,other,40.55841799751908,-74.10885321274002
53219604,other,40.83045018662338,-73.86602136528577
53212774,other,40.83913045015355,-73.91351710434314
53217736,other,40.70825684878735,-73.8144934528159
53218130,other,40.836836284087084,-73.94566546717247
45593763,garbage,40.85532158884029,-73.86040796683076
53212877,other,40.83517654159658,-73.94169889200244
53215844,other,40.721548153014574,-74.00445901592073
53212425,other,40.8957242611093,-73.85655050810409
53211908,other,40.65195417953405,-73.96320103747608
53216712,other,40.73660281241529,-73.89895663205012
53216226,other,40.55931808964406,-74.12007592741368
53216222,other,40.6327460807444,-74.10412865676541
53224083,other,40.804780065533876,-73.95029710022749
53216789,other,40.63812783955054,-73.96965822612022
53214883,other,40.71309054673504,-73.87583428669917
53214155,other,40.89187241649303,-73.86016845296459
53217638,other,40.882977675078855,-73.89448853771924
53215688,other,40.89187241649303,-73.86016845296459
53215299,other,40.838042767337555,-73.91618198971764
53221930,drainage,40.744961280017996,-73.95037420757876
53224179,other,40.63466203823029,-73.96321777875157
53211402,other,40.6572914880975,-73.95936328463739
53210796,other,40.6050898143144,-74.00727467667953
53215672,other,40.89187241649303,-73.86016845296459
53217447,other,40.74907361328289,-73.97987921905332
53212947,other,40.67497591150255,-73.94562789610163
53217635,other,40.67298355761037,-73.77868575430759
53225731,other,40.7140618829546,-73.9529114410158
54095598,other,40.77255633518729,-73.95561397028379
53217317,other,40.86568532149067,-73.88784187184753
53210982,other,40.67866332890384,-73.9719147268891
53214994,other,40.71122522127143,-73.95652771889446
53212057,other,40.59071399912159,-73.96862480839752
53215820,other,40.61262673646758,-73.95515123510164
53222668,other,40.86260679551789,-73.91850095690033
53219004,other,40.71164381244984,-73.81106811227204
53217199,other,40.876870537723555,-73.85185054265897
53211177,other,40.676276441882976,-73.9098743612181
53213938,other,40.706764129119506,-73.90167090810928
53223585,other,40.815527318673276,-73.95431724877072
53211712,other,40.77989780849845,-73.84420562051295
53215439,other,40.5956609808298,-73.74110451395994
53211917,other,40.65095493073116,-74.01120061301445
53224819,other,40.730185871904176,-74.00520285956384
53210610,other,40.66842846819316,-73.92418859987193
53215417,other,40.75725610975944,-73.98236372876967
53215143,water,40.87589805017997,-73.88476551221522
53211134,other,40.711011497957074,-73.95063394136774
53217445,other,40.65004077937979,-73.97191596444438
51087964,other,40.6267376467721,-73.93738866312181
53215759,other,40.83038975382235,-73.87578522714726
53213583,other,40.85623096274032,-73.93131644802742
53214137,other,40.82619424773418,-73.89047748936335
53217866,other,40.66448197292001,-73.93389288311353
53214171,other,40.89187241649303,-73.86016845296459
53225358,other,40.894867167209576,-73.85376362801632
53212422,drainage,40.73583743657101,-74.0006567272927
53215145,other,40.654663024930805,-73.96241387096445
53211707,other,40.55856832299018,-74.14209936703647
53218160,other,40.881863828801755,-73.8835871004662
53223656,other,40.85741161255482,-73.85049488569663
53215789,other,40.80654913537131,-73.95382492370354
53223522,other,40.63465866308299,-74.02943946629897
53211920,other,40.83696217632469,-73.91732533658447
53217186,other,40.83554441135106,-73.91526723176317
53213861,other,40.78764839205892,-73.98104842381197
53211955,other,40.764319159767865,-73.9890041385972
53210715,other,40.66908074868954,-73.93614491815657
53211029,other,40.57147463270177,-74.1202813555807
53218053,other,40.69158546006332,-73.98532359264277
53213815,roads,40.6305660607169,-74.08108957962112
53216240,other,40.71730225347281,-73.95687367188553
53211913,other,40.75755498689247,-73.94605860934944
53223420,other,40.640489289885224,-73.90559520881521
53217987,other,40.83714992114942,-73.90791453780459
53212244,other,40.660045581908264,-73.94257641669773
53212891,other,40.86077095492432,-73.9046498673922
53213567,other,40.67572461917655,-73.869641720217
53221774,other,40.57919770999354,-74.0980188863184
53211070,other,40.730831946852234,-73.8541380464189
54095039,other,40.72098773746024,-73.8033141521488
53210719,other,40.818468279046506,-73.93941212963895
53214291,other,40.5549238863411,-74.17356520736543
53214053,other,40.61147441939669,-73.99793264169882
53210510,other,40.81188373774683,-73.90659841504801
53211592,other,40.83696217632469,-73.91732533658447
53215360,other,40.704642135554316,-73.92711573434273
53211387,other,40.72028187601815,-73.98460297859641
53223469,other,40.625188672316334,-74.0312148796526
53216545,water,40.74449695662948,-73.95599355040312
53216127,other,40.620350479917036,-74.15733472498749
53214143,other,40.846956866057226,-73.93175252549726
53213625,other,40.661352389464845,-73.9125329194782
53215913,other,40.66183331534403,-73.9209305179595
53212576,other,40.58469782086891,-73.98400059803801
53217590,other,40.83658587093548,-73.82225959880742
53216440,other,40.76016696972007,-73.97522656163717
53222674,other,40.66843657646214,-73.92399753907962
53210444,other,40.687030473384844,-73.92955444391282
53213746,other,40.6424458113425,-74.1103919920845
53223036,other,40.611106051251184,-73.97233572865674
53213311,other,40.626619054054395,-74.1557139707275
53213585,other,40.81979130903065,-73.87994183485785
53215816,other,40.8149651853596,-73.94904311817885
53215889,other,40.8038126784933,-73.95390989977467
53216925,other,40.89187241649303,-73.86016845296459
53214651,other,40.8261054571176,-73.89535557632362
53220972,other,40.814508763124024,-73.88638912525246
53224595,other,40.62969410428585,-74.11809139097154
53214481,other,40.61637026983262,-74.03826694457253
53218395,other,40.89187241649303,-73.86016845296459
53221130,other,40.657472751606356,-73.90082810670535
53215569,other,40.89187241649303,-73.86016845296459
53211197,other,40.840198605856266,-73.91413733304422
53213367,other,40.763121538030525,-73.98179181619352
53215098,other,40.73426938754699,-73.98645441620631
53216744,other,40.67000273435309,-73.93567901227247
53215908,other,40.83843642539645,-73.87004930395817
53210480,other,40.662668184572354,-73.89123258231287
53214221,other,40.602957313024554,-73.9976123977314
53216538,other,40.652461128591106,-73.9533333272863
53218955,other,40.74311637780952,-73.9560738556004
53210608,other,40.6242014269155,-74.02778857690872
53213725,other,40.634964726370036,-74.02337946048613
53215443,infrastructure,40.77062478791462,-73.95070528077459
53222174,other,40.781412173612296,-73.84776600305163
53217142,other,40.831378946066906,-73.9289535299807
53219401,other,40.89187241649303,-73.86016845296459
53210336,other,40.83124253823553,-73.91780582096976
53218066,other,40.822983320216565,-73.89685631770723
53221465,other,40.823832489682324,-73.91496418674754
53215595,other,40.72650652808464,-73.94081261780082
53210866,other,40.722370835773916,-73.76644686250468
53216116,other,40.73019098357121,-73.73370841337537
53210951,other,40.741783750062396,-73.9810073393011
53214973,other,40.702146602995356,-73.80111202259863
53217161,other,40.72067311750884,-73.75261051098408
53211641,other,40.74138258650061,-73.90350716409773
53217492,other,40.69321673133959,-73.79422938268264
53215106,water,40.66981689420831,-73.93229786939669
53213050,other,40.89187241649303,-73.86016845296459
53226172,other,40.76337131821542,-73.911012748557
53214186,other,40.59072625170264,-73.95580324125652
53216392,streetlights,40.66945860368953,-73.86283007128145
53217045,other,40.69508321426284,-73.99802741622881
53215344,other,40.70129826960547,-73.88849712167374
53213392,other,40.77473101320093,-73.95092970264204
53217363,other,40.63811821879595,-73.95674829489874
53216817,other,40.844238479321234,-73.91368394870703
53214019,water,40.765043745793484,-73.98873688088663
53216206,other,40.784278410153306,-73.78309682458374
53214740,other,40.843402373806164,-73.88092927794996
53217347,other,40.73685876399418,-73.85578474091962
53218924,other,40.707037144644026,-73.90318537607958
53226327,infrastructure,40.68053494364842,-73.82703085426965
53215408,other,40.81325641304872,-73.86296721070391
53214597,other,40.64625883653614,-73.96346003048849
53218578,other,40.706661861600296,-73.79802193191954
53218016,water,40.80620064637726,-73.95405273448591
53217025,other,40.81075452835313,-73.94847196177788
53210906,other,40.70190916760948,-73.77927136939742
53216728,infrastructure,40.67200204686661,-73.92400429091443
53215155,other,40.70256427997334,-73.87323550464001
53214504,other,40.64444103116315,-73.96114761149605
53213111,other,40.5955823719196,-73.74032703988111
53215272,other,40.814992624573584,-73.94902503374905
53213193,other,40.64574808161622,-73.90532831464608
53218070,water,40.705783234097446,-73.80582243969388
53211028,infrastructure,40.736201677280405,-73.98631329533947
53213698,other,40.66453486411121,-73.9351940680189
53220377,other,40.68582729053537,-73.8738045699107
53214752,other,40.67466967511534,-73.86407752875657
53211044,streetlights,40.69386109492174,-73.9622114678468
53218216,other,40.85316577438506,-73.89866749926014
53215833,other,40.67399776290925,-74.00551932534857
53212935,other,40.71930993050488,-73.92677141181667
53213986,other,40.805838733955454,-73.9426709823472
53218064,other,40.768813944594676,-73.91075637379026
53219291,other,40.802450201284884,-73.94514451111556
53216877,other,40.840194527099285,-73.93770096599037
53217838,other,40.856264915667616,-73.86664897046624
53216792,other,40.77279561601688,-73.89649719264435
53211027,other,40.62203062269831,-73.93303797024312
53223926,roads,40.65965091540946,-73.77382816327845
53217020,other,40.754527061691505,-73.87739211112014
53211110,other,40.645415582945596,-74.08077610426236
53212909,other,40.76764480885257,-73.91832474519471
53213556,other,40.65586828826589,-73.73630449038022
53211811,other,40.66460286052957,-73.83544913027774
53210352,other,40.84911709509599,-73.90821966455971
53215057,other,40.8074521584364,-73.92301159085352
53211111,other,40.61907186639487,-73.99395210858492
53211497,other,40.72335002231242,-73.86802971353809
53211428,other,40.67572461917655,-73.869641720217
53214515,other,40.66667529096393,-73.90997745043748
53214453,other,40.83173357417966,-73.90663559452553
53218377,other,40.8631076889723,-73.89935733390479
53217151,other,40.61983234811224,-74.03547728575005
53213142,other,40.67083967902187,-73.86790650617311
53212303,other,40.66908074868954,-73.93614491815657
53210986,streetlights,40.76197072257963,-73.92538165997419
53215407,other,40.60871547131398,-73.98985091473119
53219024,other,40.72195913199264,-73.80969682426189
53216332,other,40.625346256122654,-73.91249725020367
53213819,other,40.82106420380565,-73.94368396152345
53215650,other,40.89187241649303,-73.86016845296459
53214905,other,40.74735475863724,-73.76029610671338
53213630,other,40.7595973292839,-73.88611459919771
53213871,other,40.82461666052356,-73.92569802395367
53212933,other,40.81907366646938,-73.95474836297251
53214099,other,40.68685230749701,-73.97799055721919
53225014,other,40.67902827298184,-73.82535468064555
53217505,other,40.64702774498524,-74.0869690242787
53225952,other,40.644261875674914,-73.87777850497802
53220242,other,40.66636157338541,-73.99097760300657
53214080,other,40.67904227131728,-74.01093132614933
53213999,other,40.673028649596404,-73.94311319756532
53213054,other,40.72106452261362,-73.98786766847537
53216698,other,40.63711026856175,-74.08770913754525
53211379,other,40.61143589108126,-73.99475237054374
53218103,other,40.83572417283114,-73.94460752911748
53212450,other,40.705574828948414,-73.9143900826299
53214968,other,40.77885115437389,-73.81398265268389
53226167,other,40.881852330335064,-73.87023205048915
53220367,other,40.667378641155146,-73.8565549738398
53216245,other,40.65644721318834,-73.89576226670684
53211558,other,40.82420015154935,-73.94115207863088
53216787,other,40.75869514213946,-73.96265476699217
53216996,other,40.89187241649303,-73.86016845296459
53212053,other,40.70796697991266,-73.92024459110444
53220393,other,40.83797951811213,-73.91601582847008
53216135,other,40.73105828902315,-73.89574658265691
53216086,other,40.831124696749114,-73.8914703301631
53225813,infrastructure,40.65408998586238,-73.97472896072752
53212816,other,40.848560857376505,-73.90597582220016
53212034,other,40.744870414594935,-73.99956332540383
53212051,other,40.8542383303321,-73.88347278548765
53217897,other,40.66248778316454,-73.98296188812095
53219952,other,40.74483458652563,-73.92027263369684
53224268,other,40.687546538068986,-73.82079268571782
54275138,water,40.6738208622691,-73.91115386305992
53216416,other,40.64580774149129,-73.98293731933084
53215783,other,40.8140316670376,-73.94833936971969
53210732,other,40.84187332209738,-73.93593569147357
53225167,other,40.775336409990466,-73.9876700330571
53214293,other,40.81145196411476,-73.91620464014318
53216371,other,40.72992646032319,-73.81092607497038
53212266,other,40.844337445660855,-73.88008547687207
53216847,other,40.76121189110728,-73.98690015775021
53211929,other,40.70815000607502,-73.795186004242
53211279,other,40.67884161929572,-73.8594109622204
53218317,other,40.81576657487847,-73.88713120006987
53214027,infrastructure,40.673745713812615,-73.79448052375167
53214107,other,40.86828758588619,-73.89395504688031
53210813,other,40.788102201250936,-73.94248041494276
53218013,other,40.65042496352789,-73.93220222674144
53212621,other,40.58588431314686,-73.97322104697169
53212984,other,40.89187241649303,-73.86016845296459
53216571,other,40.84002673130698,-73.87863317228006
53211032,other,40.76276276579215,-73.79688075369455
53215499,roads,40.731348016804695,-73.7061085278449
53212680,other,40.66454641317906,-73.95337173122131
53224936,water,40.684677937961375,-73.92479750472738
53210377,other,40.67502312706964,-73.94681393618372
53219774,other,40.660905078924074,-73.94922207805784
53221863,other,40.6442966197164,-73.99838565833721
53214866,other,40.848205010280935,-73.84983605378564
53216210,other,40.66488676455843,-73.98326766240035
53216119,other,40.65247591105208,-74.00633562630314
53213337,other,40.611345048856016,-74.00939313590698
53222214,other,40.74289130278957,-74.00583538716864
53215929,other,40.67453277488785,-73.9377872177973
53224604,other,40.87833035031833,-73.90657377788568
53220780,other,40.68871923783662,-73.80435767490854
53218017,water,40.69897942024622,-73.92670358282108
53214970,other,40.711208049341195,-73.87879558417416
53215065,other,40.64440050201737,-73.91992419357791
51094091,other,40.814529874515266,-73.86521889011219
53211522,other,40.64908518129451,-73.92717642529242
53216651,other,40.66862267018792,-73.98518805987763
53225128,other,40.67566867316647,-73.81827216064679
53213216,other,40.85755121166676,-73.90439781857609
53215545,other,40.74090495433382,-73.97831552477875
53213674,other,40.847278650029004,-73.91995828347893
53219565,other,40.89187241649303,-73.86016845296459
53210932,other,40.83180423525815,-73.89927820883818
53214054,other,40.73982987611625,-73.92700146154847
53216531,other,40.8012971107959,-73.96563238859217
53214442,other,40.58566769351878,-73.93328324694964
53220141,other,40.808522246781514,-73.95297104431779
53217501,other,40.725502949929286,-73.85088822533567
53214127,other,40.85584736461155,-73.88970567858819
53215740,other,40.89187241649303,-73.86016845296459
53213472,other,40.85379767302563,-73.82749482432476
53211664,other,40.71845752356146,-73.99480887834468
53214783,other,40.62857533737517,-74.129794245755
53211975,other,40.762904924781324,-73.79501040856941
53214564,other,40.65259458089108,-73.95083213431944
53215195,other,40.57543242405703,-74.00362852383813
53215054,other,40.87400262987574,-73.8703413834922
53224703,other,40.64399187878589,-74.00432050628162
53217568,other,40.58955776372792,-73.81237845522087
53214694,other,40.76195230812109,-73.82484124198186
53211949,other,40.765182244615715,-73.81910369486208
53216294,other,40.859074268726204,-73.93097369423748
53217021,other,40.89187241649303,-73.86016845296459
53218965,other,40.70208098625364,-73.89185352679563
53213531,other,40.867608227689814,-73.88392660896396
53224868,other,40.755805473687424,-73.9980833696241
53212144,other,40.81298782545684,-73.91838108985878
53217498,other,40.65705934613982,-73.9020613347147
53213588,other,40.851300570503966,-73.92130532533766
53217812,other,40.83041368929562,-73.91788272884429
53213257,other,40.70129826960547,-73.88849712167374
53215519,other,40.69049936980303,-73.99526540322042
53216702,other,40.80085948188248,-73.95423340516722
53222717,other,40.643486379428715,-73.97251328376467
53214007,other,40.70994752798856,-73.95301895022538
53211259,other,40.87624396293049,-73.85124083194921
53226347,other,40.786528850750614,-73.812693689468
53213108,other,40.719508303420405,-73.82009346744543
53216423,other,40.73000176493645,-73.86201991131053
53224398,other,40.79963082772893,-73.94402354896373
53215487,other,40.57921677912253,-74.09818811111971
53216977,other,40.846023279805664,-73.93586302170915
53218100,other,40.83655656640166,-73.9039401169488
53213343,other,40.671039673326604,-73.75279100548853
53215138,other,40.61591855528667,-73.96544688318964
53214572,other,40.82615941282093,-73.94580065071113
53212641,roads,40.68869199184448,-73.81785805270366
53216359,other,40.66657138967183,-73.97917236347911
53214001,other,40.682769189466754,-73.79219204648486
53211628,other,40.68222396832207,-73.86699700401503
53212611,other,40.506142337906496,-74.22455938425601
53216491,other,40.758049402516846,-73.91863249788604
53214406,other,40.8153087115737,-73.88764859320428
53211049,other,40.678882481891605,-73.97020932287096
53218145,other,40.88553405862313,-73.85070649788743
53224929,infrastructure,40.58051224302794,-73.83471311020674
53216854,other,40.687319588404215,-73.94093393966676
53215174,other,40.63813690407695,-74.13797029098443
53216612,other,40.580084195440136,-73.82918099508801
53212465,water,40.67566329496736,-73.95471227983613
53210346,other,40.710201213130155,-73.78808109777972
53225348,other,40.60045856075268,-73.98474944609237
53219994,other,40.890269546944985,-73.85573041978151
53215637,other,40.63159063617141,-73.88725895189349
53210629,other,40.600755414483736,-73.9625990646707
53211722,other,40.84749352174156,-73.90985925080517
53217670,other,40.68709039781762,-73.94958434772026
53216508,other,40.62585532526228,-73.93514516665297
53221969,other,40.865735666335645,-73.89466412764233
53217653,other,40.858945046680276,-73.93060509100337
53214096,other,40.657445923720665,-73.88389222595283
53213906,other,40.85167635379225,-73.93904571564656
53213790,other,40.75447135562942,-73.77080998681261
53211589,other,40.752803610861555,-73.87256602054069
53214330,other,40.89187241649303,-73.86016845296459
53215528,other,40.89187241649303,-73.86016845296459
53218903,other,40.78106383614796,-73.98141860385265
53214477,other,40.73600328943681,-73.85871661774712
53212354,drainage,40.83912946916751,-73.9197548623706
53212518,other,40.87714909292672,-73.8550682205224
53217254,other,40.75591852678988,-73.82073868366682
53213468,other,40.86741591353294,-73.8837425523832
53211422,other,40.82302378752941,-73.93804944859909
53224351,other,40.70278560500338,-73.91008016550087
53210775,other,40.604755874903404,-73.93978614102116
53213977,other,40.7052841298296,-73.9110938958931
53214513,other,40.57778090770111,-73.98391945833846
53210678,other,40.78524716381365,-73.95350386735971
53212787,roads,40.82565548846222,-73.88135126767048
53218122,other,40.61960450056749,-73.95645051004804
53225625,other,40.82396301875,-73.950524854304
53212298,other,40.611571569805285,-73.96810356766163
53216484,other,40.82333273643746,-73.94098664143125
53210701,other,40.836587768244534,-73.91961337374968
53210756,other,40.84187332209738,-73.93593569147357
53211047,other,40.812001188512895,-73.91659048857389
53214975,other,40.60478286225334,-73.75400149377205
53225165,other,40.64293590232496,-73.90350179275397
53211165,other,40.63856394301535,-74.13193231812966
53225326,other,40.58349173091548,-74.09334497720512
53214006,other,40.807462634839666,-73.94074062850945
53210476,other,40.800746258639194,-73.94067798135414
53215957,other,40.638348002113716,-73.94244736036492
53214239,other,40.77910637867069,-73.97875081577621
53216871,other,40.723493674063505,-73.98825686038411
53211039,other,40.63874057529001,-74.01184352509716
53212125,other,40.706441064095195,-73.8020622279824
53212873,other,40.636830354384635,-73.97285471098033
53214495,other,40.585708160104176,-73.9712121613152
53217121,other,40.85034746795488,-73.86441254765342
53216232,other,40.638176471740216,-73.94529756947061
53220679,other,40.67531133784828,-73.8890921524611
53214475,other,40.65441905401208,-73.90897405972339
53216114,other,40.715037624978976,-73.99680756988133
53220863,other,40.87022172147912,-73.86429609385213
53222629,other,40.60674569624709,-73.74906030365968
53216632,other,40.722206980352325,-73.9995129667477
53225534,other,40.77980897534073,-73.97845089726815
53216760,other,40.82915027221764,-73.81689540637797
53217895,other,40.85443910241399,-73.8984233658015
53222315,other,40.89187241649303,-73.86016845296459
53213987,other,40.67501593345991,-73.83888434109909
53217407,other,40.68573620169005,-73.94729936970013
53214219,other,40.84078053913858,-73.92610643268152
53216251,other,40.69494983395137,-73.96820071430089
53213001,other,40.866337753890484,-73.88985459144016
53215216,other,40.84118523409156,-73.91587083124382
53214643,other,40.798186077837464,-73.94195521840967
53214229,other,40.862550328797944,-73.90905071379186
53216089,other,40.83777424744929,-73.86006532307773
53223378,other,40.60454000436056,-73.74091162531572
53215251,other,40.65285580217192,-73.9457648525832
53218545,other,40.64399187878589,-74.00432050628162
53214421,other,40.817889529821485,-73.92181089108354
53218035,other,40.847943317827315,-73.8275678384219
53215304,other,40.6566704128912,-73.95728048738387
53212893,other,40.724836235370674,-73.85760022704979
53215431,other,40.84085800291619,-73.91138977368507
53217259,other,40.805490458190484,-73.93795740237104
53216084,other,40.58630688997738,-73.80679269005026
53216465,other,40.7174804752998,-73.99733774036191
53211915,other,40.83696217632469,-73.91732533658447
53215860,other,40.640830601548984,-73.95819144181125
53215087,other,40.75468431377794,-73.88901053133478
53210811,other,40.77827212817577,-73.84160972218778
53210555,other,40.73685876399418,-73.85578474091962
54110564,other,40.76561953401787,-73.98366472604017
53214660,other,40.88075620411847,-73.8820955244415
53210703,other,40.865735666335645,-73.89466412764233
53211404,other,40.83161770547177,-73.85332085627955
53217975,water,40.87291947194852,-73.8987747971731
53213314,other,40.71366212949337,-73.96313089735837
53224035,other,40.81545813382739,-73.95290833966592
53214428,other,40.671264184737645,-73.93365905220439
53214234,other,40.78972977185651,-73.97188231962491
53216890,other,40.730831946852234,-73.8541380464189
53215476,other,40.61599993596611,-73.92362861433068
54275235,other,40.62262621010437,-74.0085842124649
53212744,other,40.68034780967107,-73.8544395539275
53217040,other,40.83847687349654,-73.91679220209002
53210489,other,40.86749737554386,-73.92178510212796
53222159,other,40.71402180701829,-73.96348781229455
53210637,other,40.72390280089763,-73.98992356673652
53210978,water,40.80133536650071,-73.96506529386701
53214781,other,40.53610498883964,-74.21589985682786
53210453,other,40.6583805105113,-73.9295774899843
53216395,other,40.7375802588315,-73.95619297689544
53213426,other,40.74406346524687,-73.94972528552543
53214939,other,40.772511940344096,-73.78765174649492
53212140,other,40.695983833024094,-73.92508046359596
53215871,other,40.64510051514193,-74.00881412341134
53217665,other,40.738714200434345,-73.8579783332626
53215169,other,40.71640078533122,-73.94741580973187
53216767,other,40.6339285466109,-73.90148999687203
53217120,other,40.66570327319985,-73.95671959418155
53214454,other,40.82587816167008,-73.89292781157457
53215825,other,40.811941883098456,-73.91431828811604
53210435,other,40.63876319738314,-73.95662536998938
53211073,other,40.72621343968406,-73.98570200870125
53217001,other,40.60365159116164,-73.99356457070047
53212636,roads,40.64633779854162,-73.97084006113435
53212656,other,40.7227360967158,-73.98802249451724
53216603,other,40.6488060719657,-74.00741638324938
53217578,streetlights,40.865347221569195,-73.8510157432694
53219041,other,40.64853324455474,-74.01751023277342
53217926,other,40.83142918013114,-73.82810931103337
53217869,other,40.872205626727414,-73.88955199206478
53222508,other,40.83812669619484,-73.94651730320311
53213833,other,40.62585532526228,-73.93514516665297
53210809,other,40.7086647914616,-73.90318661902904
53211083,other,40.71497871842693,-73.95312001454633
53217937,other,40.62915077059528,-74.00538592204899
53216644,other,40.742263840913886,-73.9179119844416
53214423,other,40.69513314618453,-73.83941993104503
53225108,other,40.85054994292491,-73.82884065717263
53218060,other,40.82338596361929,-73.93781425731706
53214606,other,40.68708663793354,-73.93644858745387
53219956,other,40.71271364472959,-73.76726345272102
53214863,other,40.829098657992446,-73.89697692220842
53217471,other,40.78140028865104,-73.8169544980681
53218892,other,40.76867083895589,-73.95844332383847
53211853,streetlights,40.65732027558165,-73.73870633038659
53213951,other,40.827110496494356,-73.91607652053013
53212924,other,40.87969311358743,-73.90831487186115
53215323,other,40.827110496494356,-73.91607652053013
53211295,other,40.858052508996636,-73.8909130551251
53216814,other,40.804112771803354,-73.90580021010557
53215976,other,40.888829551085685,-73.86328883272145
53215943,other,40.82624661019567,-73.88784330940884
53217457,other,40.635028004220004,-74.0863480914469
53220056,other,40.78187677317075,-73.9538600878373
53210959,other,40.64001131399201,-73.94815701441176
53218182,other,40.83036235589997,-73.86602154214397
53214363,other,40.89187241649303,-73.86016845296459
53216777,other,40.641502838894304,-73.90991772565187
53219272,other,40.69849299768177,-73.74277525509414
53215876,other,40.673641559891884,-73.92123376116837
53215467,other,40.86661236922668,-73.86898190596257
53210351,other,40.83004805755818,-73.90631274439146
53213469,other,40.63009555648367,-73.94475658643252
53214146,other,40.784218103556654,-73.97089522939247
53216542,other,40.741199113944525,-73.98098224518404
53220553,other,40.63791914574684,-73.95305524919178
53210508,other,40.83019651809541,-73.87476296382215
53212434,other,40.70475308485092,-73.80531328638422
53212647,other,40.69418558310818,-73.91278555008763
53213914,other,40.66144297453842,-73.90559799400036
53220936,other,40.70855925662165,-74.01334919280744
53211812,other,40.69368120845553,-73.79923684978964
53214402,other,40.61356936906991,-73.97807234764201
53212521,other,40.59724682799091,-74.09883758101624
53212223,other,40.71309436605776,-73.81697975723789
53220723,other,40.89187241649303,-73.86016845296459
53216287,streetlights,40.86514556191867,-73.8398047973616
53218513,other,40.81771010223045,-73.93821697256283
53217525,other,40.77809979566713,-73.76887637465882
53210887,other,40.68221128028667,-73.77016417254137
53213202,other,40.6652693374856,-73.74737306655257
53213956,other,40.74499558823062,-73.98418585383438
53222637,other,40.87977124337087,-73.86728167093742
53212994,other,40.89187241649303,-73.86016845296459
53215750,other,40.64710996098357,-73.90589575029884
53216763,other,40.668975522692,-73.74895595079379
53211189,other,40.845377030141535,-73.88210763152644
53214725,other,40.81633055254858,-73.94019804409513
53213333,other,40.681962638671486,-73.7652868026038
53217349,other,40.8246680290586,-73.93834058778813
53215805,other,40.83041368929562,-73.91788272884429
53217087,other,40.85641396470844,-73.88809247740696
53224648,other,40.89472788797307,-73.85873372249347
53213155,other,40.72648763945806,-73.8524915333828
53224695,other,40.863154824278624,-73.92962818220569
53211433,other,40.85619734367914,-73.88830973735892
53215238,other,40.78734442949189,-73.94777145404967
53213182,other,40.77116881296572,-73.95204791215495
53213858,other,40.837935518509404,-73.91590023822336
53223571,other,40.62649506915826,-74.01927687112261
53212832,other,40.71226519126212,-73.76271282225379
53215622,other,40.735449331605714,-73.84830762830181
53214638,other,40.72734241036737,-74.00166325652947
53217423,other,40.70726883610964,-73.94147171746626
53210532,other,40.66541496975397,-73.99855456258736
53210751,other,40.82494695350179,-73.87833548626249
53214034,infrastructure,40.63520531007696,-73.98835526459675
53215529,other,40.89187241649303,-73.86016845296459
53216286,streetlights,40.804586836572064,-73.94781210645304
53212119,other,40.823854025487535,-73.87029457199495
53212192,other,40.86057792946277,-73.90691323541643
53219802,other,40.66648249957602,-73.93807588830035
53216721,water,40.68957081007878,-73.9540862269694
53218093,other,40.59276471972267,-73.94146766063803
53215352,other,40.834697436111185,-73.92073230800557
53215900,other,40.60216223687154,-73.74548355074843
53212769,streetlights,40.60612244327269,-73.96564642778927
53213006,other,40.84553232023086,-73.88097968056886
53219871,other,40.693203055744995,-73.99855396017074
53216172,other,40.66736766206035,-73.85655499745121
53215159,other,40.63895990105188,-74.0881727725283
53211024,other,40.709451939021335,-73.99432985353806
53215469,other,40.749744431293465,-73.98768920636152
53223246,other,40.6477847508383,-73.97267727993896
53212843,other,40.89187241649303,-73.86016845296459
59384558,other,40.63274732038419,-73.97858485199262
53237878,other,40.89887364432777,-73.87407288951331
53210921,infrastructure,40.747368568155785,-73.9769131225379
53210523,other,40.60674569624709,-73.74906030365968
53213043,other,40.672635468661056,-73.79994188764915
53216867,other,40.59500262358099,-73.9379369326726
53219861,other,40.86808863174485,-73.89549921281306
53211085,infrastructure,40.86158534943308,-73.82629606173872
53210597,other,40.60525544732001,-73.96687132756695
53213393,other,40.710436608291346,-73.95429188257941
53213139,other,40.77262993714069,-73.78763692865658
53223008,other,40.67452721899506,-73.93766465041371
53215129,drainage,40.60182298175609,-74.1211786982954
53226151,other,40.67910952008634,-73.94005790714336
53217674,other,40.67414720535728,-73.91439797855293
53212990,other,40.89187241649303,-73.86016845296459
53214366,other,40.61126186504691,-73.98322707837634
53211152,other,40.70308899522057,-73.8114530199893
53216845,other,40.70177964251048,-73.9369142519378
53211372,other,40.738721503446236,-73.86172399522052
53213868,other,40.734694673156454,-73.85052125577377
53215954,other,40.82631769419205,-73.92463381440373
53212608,other,40.87924189767872,-73.8972499931882
53213941,other,40.79170663083855,-73.97469839230816
53211023,other,40.780208830067,-73.94936219081113
53212879,other,40.89187241649303,-73.86016845296459
53216238,other,40.702859786674374,-73.91376241276583
53210818,other,40.65225953213826,-73.957236461429
53214444,other,40.59488501794882,-73.96490324800543
53215489,other,40.89187241649303,-73.86016845296459
53217959,other,40.848219881528635,-73.884159238566
53214056,other,40.835234463323296,-73.87104573564581
53217543,other,40.78106383614796,-73.98141860385265
53214639,other,40.86332962016092,-73.88991380335999
53224638,other,40.803544519534974,-73.95601953000127
53214170,other,40.89187241649303,-73.86016845296459
53221872,other,40.617439282238706,-74.12268386579679
53210937,other,40.73916850421756,-73.76361297929081
53224663,other,40.819399401511966,-73.94068664390144
53215922,other,40.758617917411314,-73.8251568291593
53214069,other,40.74701560673925,-73.87569526885419
53222595,other,40.85161470526596,-73.90812946603592
53212185,other,40.850794587937656,-73.86653703997725
53211068,other,40.684856956218184,-73.9139154977609
53211439,other,40.83676057048392,-73.81812124738589
53215974,other,40.650720238521366,-73.93025948427113
53222041,other,40.69351148093732,-73.979971714631
53217343,other,40.87912792221202,-73.90518404770582
53219846,other,40.848553261162635,-73.88543096525615
53213649,other,40.815165500356066,-73.94893097130569
53215733,other,40.89187241649303,-73.86016845296459
53215380,other,40.694577102825704,-73.92294719757442
53212642,streetlights,40.83308785334797,-73.919032188267
53217927,other,40.681661960204096,-73.79619035785349
53225432,other,40.735916029710594,-73.89224605224258
53212840,other,40.56956218644616,-74.13451359233315
53215821,other,40.64579767844507,-73.96335217736032
53214275,other,40.89187241649303,-73.86016845296459
54271713,water,40.88559105558745,-73.91496837084705
53216936,other,40.88727276266042,-73.86515459131641
53222993,streetlights,40.614478383163586,-73.92640016460841
53214214,other,40.6628333218584,-73.9109053731825
53215312,other,40.82044163511422,-73.85365620697301
53218126,other,40.78298744269326,-73.83951859649474
53213210,other,40.58137517833743,-73.97581128837518
53213159,other,40.738714200434345,-73.8579783332626
53223562,other,40.8211631074762,-73.86456956314706
53216852,other,40.86166441278946,-73.9030723500759
53221744,other,40.61310969283432,-73.98784766933835
53214441,other,40.845235050095624,-73.84969457057548
53213948,other,40.73660281241529,-73.89895663205012
53217953,other,40.73121421814998,-73.98441643734971
53215212,other,40.64119808645915,-73.95733002900144
53218078,other,40.738747640781995,-73.91767093502213
53217690,other,40.88842224947845,-73.83323144815067
53211525,other,40.85567264311442,-73.92941920512644
53223446,other,40.736616571121026,-73.99067941518742
53210408,other,40.83261302416413,-73.90467576630016
53216455,other,40.682584749354525,-73.8439281989401
53213957,other,40.700835637070725,-73.80655093855829
53214088,other,40.76045412454783,-73.91527612392564
53214079,other,40.66205702158568,-73.95367624103108
53211414,other,40.852119094306666,-73.88589473457748
53217270,other,40.63832470731641,-73.94533347914741
53216610,other,40.861220198767384,-73.89418684318838
53211611,drainage,40.77171692191657,-73.75365924288926
53217485,other,40.82378851026203,-73.91487752704498
53211788,other,40.746746002290024,-73.8913695970407
53210451,other,40.719743296783314,-73.76071287685045
53214492,other,40.899870431701906,-73.85792336887489
53217098,other,40.89187241649303,-73.86016845296459
53216029,other,40.85161470526596,-73.90812946603592
53214117,other,40.659035522713545,-73.91584825302265
53212951,other,40.71760620816254,-73.98867635665198
53212747,other,40.78797480399068,-73.84363781445178
53218450,other,40.57358775088775,-73.99285474116026
53213694,water,40.67571414223735,-73.97864315797631
53213750,other,40.77398670824332,-73.95656978861977
53221646,other,40.59379773284344,-74.13543738839154
53214733,other,40.7568372480515,-73.80998339949839
53211355,other,40.84101224339929,-73.86875403848094
53215643,other,40.58151386132246,-73.82527847261701
53215848,other,40.646590778130935,-73.88996150678922
53215953,other,40.818468279046506,-73.93941212963895
53221098,other,40.64579767844507,-73.96335217736032
53213786,other,40.775688857497194,-73.81376402107794
53213088,other,40.89187241649303,-73.86016845296459
53214649,other,40.77210179064226,-73.92573134411293
53210612,other,40.855524845141545,-73.86053044648474
53217417,other,40.548178803103,-74.15309155573102
54087089,other,40.86510132036433,-73.92188192082645
53217052,other,40.77690509085207,-73.94537497050432
53213290,other,40.6191267543719,-73.99380441823212
53225002,other,40.87146865860526,-73.8799172292762
53210892,other,40.661745135985235,-73.85778897585209
53221337,other,40.83065970507319,-73.89319474570836
53213577,other,40.673454894741894,-73.96599748254368
53221317,other,40.702357942922,-73.9460491727853
53218114,other,40.60793362622831,-74.06157808431402
53215274,other,40.8228072061195,-73.90595801474907
53215288,other,40.72964425112648,-73.98466215233022
53213983,other,40.75407701225424,-73.79151120106808
53212731,other,40.66797854205491,-73.78525576364167
53211828,other,40.82891398186597,-73.85979849500687
53213467,other,40.77083980344637,-73.98213629361037
53212962,other,40.86097302655368,-73.92148909990841
53213492,other,40.74947521870806,-73.87856355000383
53216072,other,40.88187740987159,-73.88075911354107
53213080,other,40.74127017451097,-73.97922840348413
53212139,other,40.61588178873631,-74.02849829118728
53221715,other,40.67572223155558,-73.91376145214736
51089997,other,40.632273803339125,-73.97200630542537
53216488,other,40.80049135690748,-73.96990929025809
53217215,other,40.85443910241399,-73.8984233658015
53225351,other,40.75666417742652,-73.99019293432467
53212659,other,40.66588025060659,-73.98243835350623
53211688,other,40.62974597303898,-74.12611100184735
53217357,other,40.68708663793354,-73.93644858745387
53215964,other,40.68170663422271,-73.93124021402586
53215869,other,40.85271368578305,-73.9095196207615
53214258,other,40.89187241649303,-73.86016845296459
53212543,other,40.749472528832534,-73.89540377078893
53211690,other,40.68815548014511,-73.86009806457953
53220073,other,40.8455022826595,-73.93676349503154
53217853,other,40.72313766081125,-73.73761489607138
53213150,other,40.67414720535728,-73.91439797855293
53210337,other,40.746996555853485,-73.8810474508291
53211017,other,40.78013737314805,-73.94914920836769
53210673,other,40.81200506790863,-73.95959756064472
53225611,water,40.74777338900753,-73.98504414554924
53213611,other,40.67739791818794,-73.95452362992845
53213405,other,40.61647422440169,-73.9607028410972
53218072,other,40.63898233146671,-74.00953034296963
53215111,other,40.751521054142536,-73.93861762894024
53211354,other,40.67227260457405,-73.87542360760584
53217283,other,40.81041373338716,-73.90467143662154
53213119,other,40.76740712400503,-73.99046572015142
53215924,other,40.63413359917222,-73.94571881904753
53215277,other,40.670076940408805,-73.86580279125647
53212094,other,40.831031711380554,-73.90424440504772
53216391,streetlights,40.64430894076145,-74.01803522672081
53211236,other,40.730752625914135,-73.85876383144912
53226139,other,40.795004076143556,-73.93518985518347
53215988,other,40.81286341958018,-73.9506306449487
53211629,other,40.77295589929739,-73.9145634105346
53213324,other,40.68512932635298,-73.98224579036369
53220338,other,40.81893932615144,-73.88698130286163
53213361,other,40.64295957278281,-73.89302675775251
53225041,other,40.85482728192759,-73.92943094675587
53210739,other,40.73543023986188,-73.79212523676338
53217016,other,40.89187241649303,-73.86016845296459
53221891,other,40.74907810453865,-74.00158439880788
53210807,other,40.73035862234815,-73.99187456995666
53214276,other,40.89187241649303,-73.86016845296459
53213135,other,40.693025046461365,-73.8373839664448
53212847,other,40.89187241649303,-73.86016845296459
53221328,other,40.600942647126814,-73.99849834071878
53210573,other,40.85567264311442,-73.92941920512644
53210442,other,40.72335002231242,-73.86802971353809
53223072,other,40.638962415594975,-73.96107873829239
53222686,other,40.81318657341566,-73.90889419223052
53215448,other,40.775760408825754,-73.91014771189879
53216566,water,40.74444741407468,-73.95563630613543
53216400,other,40.71392875741346,-73.99744609839334
53216139,other,40.65004077937979,-73.97191596444438
53215705,other,40.89187241649303,-73.86016845296459
53213181,other,40.8329034988622,-73.87540109984637
53212617,other,40.60888378659874,-74.06570271338103
53213648,other,40.618333425372924,-73.99240329845479
53214178,other,40.68921531863523,-73.95066450185375
53215185,other,40.59597961331359,-73.9487493305578
53214479,other,40.646303220931024,-73.87964500965278
53223853,other,40.8154011216086,-73.90494608384414
53216154,other,40.700881180495365,-73.77852101215503
53221846,other,40.75614001216383,-73.99119645014744
53217251,other,40.72802575568359,-73.82756423907146
53221445,other,40.70153049013778,-73.9242880053775
53212895,other,40.68651486514983,-73.93490948839411
53224304,streetlights,40.827168444761575,-73.89622110789064
53210595,other,40.7235317250992,-73.86850918175006
53211730,other,40.73481638843935,-74.00063506721075
53213344,other,40.69262890875533,-73.77353238776193
53214522,other,40.855016745852964,-73.86963734859283
53216701,other,40.86950075458368,-73.90012140647131
53218665,other,40.61130163384717,-74.12294991433686
53210692,other,40.8012971107959,-73.96563238859217
53211987,other,40.85247926118947,-73.91160924862612
53217845,other,40.85267001443538,-73.86485965492638
53214272,other,40.77072323102476,-73.920566566059
53213714,other,40.822224027258486,-73.90112454024609
53221799,other,40.70067296046682,-73.84202850876635
53210497,other,40.641675325013274,-73.9971101536776
53215306,other,40.8488076942243,-73.91272378573709
53220958,other,40.85118360796536,-73.88635901486448
53211633,other,40.68403590864601,-73.9098602684232
53211583,water,40.55122626485822,-74.16255520627251
53212428,water,40.856985453003944,-73.88870244531064
53215080,other,40.72221566481319,-73.88252031371464
53210966,water,40.677697623218066,-73.791111851748
53219395,other,40.89187241649303,-73.86016845296459
53212626,other,40.63971415432273,-74.01813487427894
53218509,other,40.82170115209785,-73.87947953169162
53220006,other,40.85124471500247,-73.93280721944058
53218138,other,40.89187241649303,-73.86016845296459
53224469,other,40.70990356167353,-73.95289634360928
53211035,other,40.53540410517546,-74.21050122161186
53223274,other,40.83086863119123,-73.90287871873477
53213843,other,40.87618078543546,-73.90942621420571
53217718,other,40.76397164061828,-73.97745246469351
53213464,other,40.750828761609796,-73.77623995191202
53210941,other,40.506120379427074,-74.22455931050817
53215682,other,40.89187241649303,-73.86016845296459
53214563,other,40.658359591926306,-73.96046551956852
53215948,other,40.85443910241399,-73.8984233658015
53217413,other,40.77603433855194,-73.94397839396736
53217057,other,40.848560857376505,-73.90597582220016
53212007,other,40.665081965062214,-73.91924693945703
53221510,other,40.8357019979681,-73.85129895779114
53218062,other,40.77072323102476,-73.920566566059
53219503,infrastructure,40.86788987592842,-73.82087432427863
53213338,other,40.63519845819999,-73.88845624297716
53215249,other,40.82461666052356,-73.92569802395367
53212821,other,40.83481492189523,-73.92829938385677
53214148,other,40.844238479321234,-73.91368394870703
53210863,other,40.69977605507959,-73.81827857612842
53210910,other,40.69108581751768,-73.94742495635425
53210668,other,40.54840101539172,-74.20889415295453
53215870,other,40.705368169710866,-73.92094380192201
53213020,other,40.89187241649303,-73.86016845296459
53217393,other,40.60324380755828,-73.95213250812749
53216412,other,40.71720288390533,-73.80341911349899
53213371,other,40.7400533749021,-73.99914475704952
53213033,other,40.71760620816254,-73.98867635665198
53214305,other,40.85711790191046,-73.90482500833433
53211038,other,40.70149824819753,-73.91732021726821
53210613,other,40.86614785795822,-73.91907147592903
53223903,other,40.80432208285115,-73.96659887075762
53213527,other,40.70622342458902,-73.89247799491753
53214496,other,40.76689708380387,-73.95667188381395
53210843,other,40.55490409480895,-74.1793013679068
53212511,other,40.89187241649303,-73.86016845296459
53214688,other,40.880950733720574,-73.86429589224272
53221762,other,40.85000445669099,-73.9025290800053
53210611,other,40.82459531808092,-73.92665916060056
53215303,other,40.87777941643627,-73.90750388897129
53215692,other,40.837140902390146,-73.87499924985529
53217716,other,40.790077249364394,-73.94575057553988
53216614,other,40.54584481208273,-74.21960862792928
53219775,other,40.657444083653715,-74.00359333893121
53222239,other,40.652949020015726,-73.9587352456045
53211970,other,40.83113106985418,-73.94792498788648
53214147,other,40.74090495433382,-73.97831552477875
53216054,other,40.69308908222985,-73.9817496381086
53210794,streetlights,40.57078024571486,-74.09027845657576
53215522,other,40.89187241649303,-73.86016845296459
53217075,other,40.814315591532704,-73.92135267097343
53212920,other,40.89187241649303,-73.86016845296459
53219521,other,40.75011282688794,-73.99632947923503
53214470,other,40.68173301584345,-73.95053663519369
53210623,other,40.72335002231242,-73.86802971353809
53212856,other,40.69800293380301,-73.93708011114347
53216298,other,40.786154250854864,-73.83712039881641
53219851,other,40.85443910241399,-73.8984233658015
53210946,other,40.889173995766946,-73.8621235407575
53211561,other,40.87777941643627,-73.90750388897129
53222911,other,40.63648442352498,-74.01121619930181
53214664,other,40.767790853684765,-73.77318655071744
53214032,other,40.741256437716274,-73.97915623406064
53214938,other,40.71860573730706,-73.9947367176248
53223023,other,40.787088742366095,-73.96953256359554
53215120,drainage,40.757682398042924,-73.77623136693144
53217030,other,40.68183318011747,-73.93651488696975
53212146,other,40.83719762959903,-73.92446609200726
53220221,other,40.6825973393246,-73.9646768092932
53217576,other,40.64090400101001,-73.99583103049079
53219856,other,40.876809105151196,-73.90242831254987
53216681,other,40.72067311750884,-73.75261051098408
53222814,other,40.88442949051457,-73.89739386681174
53212824,other,40.89187241649303,-73.86016845296459
53210700,other,40.63856394301535,-74.13193231812966
53215137,water,40.74449695662948,-73.95599355040312
53214744,other,40.67427502491574,-73.94952553906852
53226345,other,40.73097595949701,-73.89576114398643
53210498,other,40.6468793675077,-73.94950662445166
53222770,other,40.85122796577078,-73.93232648756627
53215513,other,40.71227272611677,-73.82884944930183
53211759,other,40.69257557645825,-73.95937423445235
53215521,other,40.77054447686877,-73.99197436479723
53217827,other,40.67748478864463,-73.967963886024
53215918,other,40.85428242100317,-73.89211935883289
53213244,other,40.64463815593449,-73.92643175900949
53223737,other,40.595392487757294,-73.99342853621394
53212805,other,40.653839672440746,-73.95499739119894
53215933,other,40.687104067893436,-73.94946174171031
53216038,other,40.824192020020426,-73.92272484748001
53214743,other,40.7213731665153,-73.97773383957302
53251644,other,40.76752489180628,-73.91202524987617
53212183,other,40.59704910449971,-73.95287153097844
53216036,other,40.88458896447199,-73.86559039482232
53217891,other,40.72454002741179,-73.86936584490925
53211902,roads,40.632392395788386,-73.99529114244247
54272932,other,40.67707827481508,-73.81238459975266
53219560,other,40.83870380248861,-73.8812918569185
53211320,other,40.88540114377556,-73.86074985706038
53210379,other,40.82285655486691,-73.90931452641514
53217064,other,40.69966789052711,-73.97938201636997
53215952,other,40.86380432821047,-73.86640247063742
53216864,other,40.85402682399926,-73.88887006240707
53224955,other,40.76239845493966,-73.96472834337307
53212088,other,40.650340619909,-74.00239290171925
53217069,other,40.70489519545206,-73.82366388782683
53213326,other,40.66992912307131,-73.84032774714183
53211881,other,40.65872517148207,-73.75991535690777
53215915,other,40.674551499936534,-73.82353141637176
53219132,other,40.63648442352498,-74.01121619930181
53217693,other,40.718693308811915,-73.82022192886858
53210551,other,40.7599988662044,-73.82357937153415
53214780,other,40.71329740482926,-74.00444403527884
53212024,other,40.655199349884775,-73.91353930355064
53210477,other,40.81716841400337,-73.91145383156474
53210345,other,40.8140316670376,-73.94833936971969
53216211,other,40.70023624268685,-73.94605810270801
53214640,other,40.855656181545385,-73.92943006727548
53217004,other,40.83587908905498,-73.91883725890963
53213455,other,40.70399737091492,-73.86390231822976
53215851,other,40.82747943696038,-73.89412487173018
53224358,other,40.83261900218038,-73.87628697544656
53215164,other,40.71236947940807,-73.94908187322027
53215596,other,40.866394648546,-73.86347957415711
53218918,other,40.65004077937979,-73.97191596444438
53210617,other,40.87115003512172,-73.85141855189468
53216336,other,40.63907864457371,-73.8903270044555
53217903,other,40.577817403213075,-74.1629727100474
53211067,other,40.851582614542984,-73.90247254726691
53211605,other,40.82494695350179,-73.87833548626249
53213958,other,40.70023624268685,-73.94605810270801
53215773,other,40.62933983642993,-74.01018104271161
53221561,other,40.5973828985853,-73.7976395139456
53222706,other,40.87063349482148,-73.89015842680452
53217118,other,40.694382993483686,-73.94899824340898
53217954,other,40.63813804302246,-73.94529399786347
53211840,streetlights,40.7019114267916,-73.93697904524475
53215960,other,40.84076024033448,-73.9127632560409
53217208,other,40.85495767549701,-73.89822375671493
53213776,water,40.66684964363082,-73.7445734582706
53215268,other,40.71130639282617,-73.98376099892502
54093068,other,40.67352951957565,-73.95203519802804
53219783,other,40.82516203675459,-73.94954838904333
53213292,other,40.76833348151766,-73.93519053848313
53217591,other,40.78106383614796,-73.98141860385265
53213962,other,40.62903088285389,-73.96701083562357
53213094,other,40.67080398869295,-73.86789936710291
53214224,other,40.73600329829044,-73.85872383453913
53213568,other,40.850794587937656,-73.86653703997725
53210831,other,40.69350536278859,-73.91342472000227
53214613,other,40.777690066537694,-73.94533460930332
53216585,other,40.78106383614796,-73.98141860385265
53219331,other,40.70808025240252,-73.92131570210114
53216643,other,40.66621529712821,-73.98368546567936
53217389,other,40.834168988890625,-73.92682567978078
53215549,other,40.77072323102476,-73.920566566059
53216459,water,40.550232930548674,-74.16235128072012
53216888,other,40.89187241649303,-73.86016845296459
53210839,other,40.70826785086113,-73.94131574360539
53212488,other,40.80143454654757,-73.93443230896085
53215405,other,40.672271622177576,-73.80063873670152
53211697,other,40.615272516890975,-73.98717372507136
53226343,other,40.67358469147999,-73.88068089135453
53216711,other,40.690929678371255,-73.8663810480975
53216958,other,40.89187241649303,-73.86016845296459
53213655,other,40.8748277464513,-73.88767819684247
53213250,other,40.63220303832627,-74.12816203082257
53217656,other,40.815754148551534,-73.90045857267197
53213578,other,40.806304093058955,-73.94022150134342
53213397,other,40.83120859208081,-73.92027754168538
53212217,other,40.66227791840826,-73.95706423587505
53216454,water,40.52973130593772,-74.22176800961054
53217262,other,40.76120357748868,-73.96185921196128
53222461,other,40.82170387415262,-73.87945784845436
53211790,water,40.82842242793463,-73.86652771325149
53214172,other,40.89187241649303,-73.86016845296459
53210493,other,40.81814501330788,-73.940586601963
53214335,other,40.71771356645933,-73.80839584596986
53215058,other,40.750263502210004,-73.89294468018032
53213418,other,40.82444168970039,-73.89789465844844
53213099,other,40.66220743903097,-73.86099952259575
53213804,other,40.651771582829035,-73.73210416461686
53221313,other,40.62848213407823,-73.959117837282
53225253,other,40.74644044485764,-73.8332295799628
53215803,other,40.87532233740715,-73.8354989729282
53211010,other,40.693182590967965,-73.91491445221284
53218031,other,40.84793074786097,-73.90742611709766
53220343,water,40.553380424302006,-74.17414416223161
53217945,other,40.79832848090712,-73.96068939522995
53210943,other,40.770325161142296,-73.96438117038957
53214509,other,40.694883849313555,-73.9403033699619
53211271,other,40.87225493792927,-73.8661287701622
53216629,other,40.66173876861717,-73.92740050070636
53216243,other,40.784743114481856,-73.974108827551
53217835,other,40.876780436002754,-73.88068146935485
53222069,other,40.71497907457468,-73.81129313081277
53212741,other,40.60884262242231,-74.15854653143722
53215972,other,40.67427502491574,-73.94952553906852
53217278,other,40.856055179664764,-73.90419391877361
53214447,other,40.66324747772958,-73.97925269955569
53215256,other,40.66183331534403,-73.9209305179595
53210572,other,40.73660185679673,-73.8566657558345
53223200,other,40.705783234097446,-73.80582243969388
53215229,other,40.733765646279636,-73.97724618905931
53216025,other,40.79487023505167,-73.97022242790544
53222557,other,40.85443910241399,-73.8984233658015
53212944,other,40.831035102936454,-73.8288908583809
53213072,other,40.89187241649303,-73.86016845296459
53213546,other,40.638398461401366,-74.08281058153162
53213252,other,40.599984648213464,-73.99586239386468
53216964,other,40.85406099798549,-73.86671845570947
53213573,other,40.83241965431895,-73.89997109454985
53221273,other,40.87528654275939,-73.88532704620806
53211654,other,40.726166119410316,-73.7262453503536
53210633,other,40.67698798974151,-73.95929720488063
53211859,other,40.674416337393694,-73.9813690054762
53211244,other,40.89637896487236,-73.87179521890218
53224659,other,40.651056950822294,-73.96419978680083
53224071,other,40.84860093287374,-73.9115312685327
53212867,other,40.87914134996611,-73.87340149307286
53214243,other,40.81273846630552,-73.9013517736797
51088744,other,40.67987118454671,-73.84672871061137
53222869,other,40.827110496494356,-73.91607652053013
53215115,water,40.717128899338164,-73.75873819720123
53213765,other,40.63645652525551,-73.96137564734477
53215102,other,40.70823868290651,-73.94336088074877
53217786,other,40.77809979566713,-73.76887637465882
53215346,other,40.75380939377618,-73.91201448869406
53217781,other,40.70796659045965,-73.83098135665483
53213869,other,40.8392086912191,-73.86378111487662
53215714,other,40.858015624096154,-73.89554396022193
53211463,other,40.71819090471928,-73.98933281073093
53210881,other,40.67328525392904,-73.77999698004962
53217455,other,40.69453306169239,-73.98327104083789
53225774,infrastructure,40.709968131049635,-73.93849357882583
53217972,other,40.653931271028036,-73.86742822160925
53215117,water,40.89737524113598,-73.86930830490302
53215533,other,40.726345667297174,-73.81671245975532
53226204,other,40.831378946066906,-73.9289535299807
53222957,other,40.78008910887591,-73.81920401853289
53216520,other,40.658359591926306,-73.96046551956852
53210747,other,40.66601876672774,-73.89631683840003
53223318,water,40.849973660062915,-73.88683459284171
53219193,other,40.8609235071515,-73.90659823100756
53212677,other,40.77562976963374,-73.84423004806405
53212788,other,40.744777891823155,-73.97882311572934
53214255,other,40.89187241649303,-73.86016845296459
53219930,other,40.735729957258535,-73.85965177046633
53214174,other,40.89187241649303,-73.86016845296459
53225188,other,40.72670965925486,-73.8729550616087
53218494,other,40.88075620411847,-73.8820955244415
53216129,other,40.621502367893385,-74.04021147860065
53212781,other,40.64832048620134,-73.78828125130184
53214316,other,40.89187241649303,-73.86016845296459
53215774,streetlights,40.64646981257234,-74.01257641948436
53212911,other,40.71662603700051,-73.96179814494636
53216879,other,40.85508428924538,-73.86869012154337
53213440,other,40.878036142671384,-73.84904545690837
53211753,water,40.86398788801161,-73.89233499674306
53220311,other,40.84950502947927,-73.93359695065767
53217248,other,40.63204009493687,-73.90807506631995
53214751,other,40.71347610079982,-73.94420051083709
53210760,other,40.687184717826156,-73.96761667866517
53220858,other,40.71662603700051,-73.96179814494636
53214110,other,40.59500262358099,-73.9379369326726
53216397,water,40.68004892525586,-73.93146545643795
53217163,other,40.849329193408714,-73.8902333674608
53212793,other,40.72650652808464,-73.94081261780082
53216403,other,40.871669773666966,-73.89779682724509
53217042,other,40.575681830973274,-73.95538842681552
53221917,water,40.694883849313555,-73.9403033699619
53218849,other,40.667376784712694,-73.94237184726609
53213753,streetlights,40.68256691592211,-73.79265778881334
53217614,other,40.708928673178804,-73.77700460468061
53217296,other,40.62339226059832,-74.0834115613323
53216944,other,40.64574808161622,-73.90532831464608
53210766,other,40.85236610102536,-73.9221679815132
53212549,other,40.82386658759916,-73.93837023574496
53216915,other,40.705784035042434,-73.8095879090224
53216179,other,40.76814323794028,-73.95678298750563
53214930,other,40.70884049490729,-73.80720941929393
53212605,other,40.59173053725881,-73.97237256038508
53213477,other,40.85482728192759,-73.92943094675587
53217703,other,40.71720288390533,-73.80341911349899
53210800,other,40.7630584123766,-73.98181349264999
53221205,other,40.6657314564301,-73.89428068500928
53217586,other,40.73332914863195,-73.82248451355863
53215307,other,40.832647150526974,-73.8905572082373
53215051,other,40.72691783045527,-73.85846528617489
53216481,other,40.83041368929562,-73.91788272884429
53220622,other,40.63488558398997,-74.03275426500906
53210714,other,40.664829285331344,-73.95376803408462
53225878,other,40.8279805672427,-73.88996144748901
53214792,other,40.60123917274631,-73.96473065536071
53221053,other,40.89187241649303,-73.86016845296459
53214216,other,40.72499616304961,-73.9773033003064
53216373,streetlights,40.75819220291514,-73.82317627073272
53214004,other,40.8197304192241,-73.93859806867466
53220926,other,40.825170185823225,-73.91635718699644
53211679,other,40.69446131704481,-73.93079071562674
53216754,other,40.828901618356305,-73.89458151578242
53214312,other,40.71094039898196,-73.95823764368035
53215811,other,40.78108335162337,-73.95338039535609
53213186,other,40.75052978947223,-73.89299478091095
53215703,other,40.89187241649303,-73.86016845296459
53213450,other,40.69384153416623,-73.93647821010735
53220538,other,40.8153087115737,-73.88764859320428
53219962,other,40.741199113944525,-73.98098224518404
53211170,other,40.82810974802932,-73.93805194010815
53224458,other,40.6906056993153,-73.92760345627966
53215894,other,40.68052408041083,-73.91542814832367
53210409,other,40.856264915667616,-73.86664897046624
53222838,other,40.62585532526228,-73.93514516665297
53214199,other,40.874921057657204,-73.87690614558501
53215456,other,40.606427365356915,-74.08621026094977
53212342,other,40.71751615718029,-73.99733773893664
53211739,other,40.74406555204563,-73.98774799711626
53213438,other,40.57289315079459,-73.99057267591023
53218202,other,40.847943317827315,-73.8275678384219
53213434,other,40.8239143562033,-73.94048028201136
53213395,other,40.67278420384748,-73.77637201097421
53219378,other,40.83443829833629,-73.94186577096222
53211457,other,40.83261302416413,-73.90467576630016
53215896,other,40.6009050526583,-73.95168404735662
53215319,other,40.85877500664154,-73.88871029575166
53212500,other,40.814971886050564,-73.91048132929174
53214623,other,40.73769282674441,-74.00385747816135
59379527,other,40.75814135567935,-73.83516030044505
53217949,other,40.691038649599825,-73.83034634420474
53214535,other,40.66603897748475,-73.89144696746713
53217965,other,40.728581542407134,-73.85656033470971
53224858,other,40.606031803571724,-74.08662390859064
53216370,other,40.77526591054412,-73.82408050507895
53216652,other,40.78127182195405,-73.91012222039006
53213190,other,40.60373112208619,-74.00755542627766
53215638,other,40.83044182738698,-73.93634779940312
53211342,other,40.705783240181724,-73.80582604644991
53213237,other,40.817889529821485,-73.92181089108354
53213943,other,40.831048334232065,-73.93142916912066
53210515,other,40.819193648941436,-73.9527900830769
53224668,other,40.61887300428745,-74.03978845252387
53222938,other,40.77030455070498,-73.78731941955337
53217065,other,40.84682844762728,-73.85513066863177
53210380,other,40.627699611280256,-74.14593196477797
53223345,other,40.688623112468726,-73.74048394913243
53221800,other,40.622340954463496,-73.9743447332489
53223129,other,40.547678267352865,-74.14321325107105
53219121,other,40.818266841753136,-73.89269799586083
53224837,other,40.80644859832467,-73.91657216121973
53218498,other,40.8183830843908,-73.93920627370636
53233008,other,40.84662516959439,-73.81644971924835
53222109,other,40.89187241649303,-73.86016845296459
53218960,other,40.67661617867491,-73.79569744505814
53225938,roads,40.87028561449553,-73.87723290733139
53222724,other,40.81893932615144,-73.88698130286163
53220143,other,40.621502367893385,-74.04021147860065
53225551,other,40.75608531391131,-73.99432588397273
53218742,other,40.829764488290344,-73.9485620310019
53222136,other,40.89187241649303,-73.86016845296459
53221511,other,40.71819090471928,-73.98933281073093
53222373,other,40.64414290795716,-73.99813342175239
53228545,other,40.839720726018705,-73.87230556411917
53225953,other,40.66328947112707,-73.76916244320162
53224094,other,40.66571244334972,-73.9403979649625
53221195,other,40.871851273179466,-73.91898137162245
53221143,other,40.66790823557665,-73.90062875020723
53221341,other,40.7912411151703,-73.9459626994797
53225535,water,40.71296989067599,-73.98503031179486
53221087,other,40.838481678201575,-73.92801354310389
53223366,other,40.54962848229337,-74.17758519498301
54109297,other,40.67142000432665,-73.81670117956196
53223303,water,40.83244411493831,-73.8965850832187
53231924,other,40.651297531417654,-73.96123731794158
53219425,other,40.68572806465621,-73.79067925256476
53232393,other,40.85236610102536,-73.9221679815132
53220656,other,40.72456906822384,-73.98372890493515
53223749,other,40.635299556332974,-74.03443344553189
54271803,other,40.76702340681285,-73.77655016119876
53220726,other,40.89187241649303,-73.86016845296459
53218836,other,40.78106383614796,-73.98141860385265
53226117,other,40.86749737554386,-73.92178510212796
53228580,other,40.882394909464594,-73.88493868513756
53223327,other,40.71587639951299,-73.8214848737397
53220489,other,40.88272224707125,-73.90371067700804
53218348,other,40.90582046193692,-73.90577181513895
53227413,other,40.8142635548907,-73.94527566715541
53223427,other,40.62661084268521,-73.93639809807796
53218275,other,40.89187241649303,-73.86016845296459
53221532,other,40.82461666052356,-73.92569802395367
53222640,other,40.64122594518792,-73.95144586168178
53219532,other,40.607075751447226,-73.95984402942248
53225095,other,40.7451434301074,-73.89175475334991
53220351,other,40.85226234034135,-73.92719616324084
53228015,other,40.66496839915135,-73.81584660355573
53225240,other,40.69411337764771,-73.91168216710348
53224555,other,40.64780319510334,-73.96056907269815
53221719,other,40.72658988786562,-73.8816178447189
53222133,other,40.89187241649303,-73.86016845296459
53219094,other,40.88305044065989,-73.92016474671192
53222939,other,40.772757205579985,-73.7866978180658
53230063,infrastructure,40.83459495738957,-73.94228482891866
53225119,other,40.677337568784914,-73.97177468136385
53219312,other,40.80609146300671,-73.96341202192137
53225928,other,40.63505012316166,-73.95132425213963
53219968,other,40.88959410578062,-73.89950530491406
53221104,other,40.73660281241529,-73.89895663205012
53225697,other,40.826149071058396,-73.90123794645336
53231581,other,40.653931271028036,-73.86742822160925
53218530,other,40.66513395614907,-73.9272345998134
53218691,other,40.83155999694614,-73.8767117341646
53222179,other,40.709115456811666,-73.83204249439704
53226001,other,40.57358775088775,-73.99285474116026
53226359,water,40.63662067703691,-73.95260578424157
53218779,other,40.84549203502325,-73.93811165387514
53219083,other,40.83041368929562,-73.91788272884429
53230767,other,40.759424439775074,-73.94103243439277
53219610,other,40.89187241649303,-73.86016845296459
53220949,other,40.83045018662338,-73.86602136528577
53222904,other,40.658262177214354,-73.92067164435866
53221889,other,40.874503156376605,-73.88147382651798
53218825,other,40.63451733826403,-74.1418143266906
53219271,other,40.725911243215336,-73.9836492044371
53220197,other,40.50230484294038,-74.24091099133427
53223003,other,40.67734508473338,-73.9689842324097
53220494,other,40.836012752574476,-73.93989486020651
53226351,infrastructure,40.68925608460441,-74.00065266263353
53220957,other,40.82547828653162,-73.92123830625421
53219562,other,40.89187241649303,-73.86016845296459
53222147,other,40.65214114089981,-73.96420280888272
53224773,other,40.64317623125922,-73.98898446515418
53223987,other,40.64705450760824,-73.92791737793272
53221155,other,40.7595973292839,-73.88611459919771
53220062,other,40.68713088957985,-73.96212153225049
53228678,other,40.66677169641655,-73.89130158867503
53224082,streetlights,40.80880335944617,-73.95588239816323
53223153,other,40.63813866028794,-74.03093629176846
53225200,other,40.741535537380486,-74.00121252330815
53220698,roads,40.6588664260363,-73.97722488155559
53227850,other,40.81459022279005,-73.9138921969276
53220974,other,40.74452183031015,-74.00066042176023
53219865,other,40.63619823642374,-73.96055431186893
53225886,other,40.81668940338022,-73.90961195240675
53218219,other,40.69006118162693,-73.90703590231135
53228953,other,40.8685352762629,-73.91840691672459
53220984,other,40.66559308100769,-73.9378712522262
53221464,other,40.76565256661329,-73.9843542292991
53221358,other,40.71270819897855,-73.76728511464981
53221173,other,40.878131637858274,-73.87370716956
53226679,other,40.678287469174784,-73.96284761078628
53221339,other,40.86095466997928,-73.9078056580983
53230532,other,40.86618915477058,-73.89840903340249
53221521,other,40.60166912209615,-73.96165865505832
53225873,other,40.64615145579908,-73.93240836753169
53225072,other,40.66797638657341,-73.88536985539643
53223998,other,40.763376159530154,-73.86750638875928
53220101,other,40.76468368198577,-73.92718359841146
53223192,other,40.71757080261314,-73.9919627066128
53223137,other,40.72355174600279,-73.99380192583833
53223559,other,40.78764525917249,-73.82266109220261
53222889,other,40.87912792221202,-73.90518404770582
53223099,other,40.71468015644592,-73.95466051893207
53221230,other,40.682052537454794,-73.98291001810661
53234756,other,40.80133536650071,-73.96506529386701
53218819,other,40.86342209544263,-73.89192376659445
53222278,other,40.89187241649303,-73.86016845296459
53225100,other,40.6553362083541,-73.87192687753935
53218579,other,40.87816181754891,-73.87369626387525
53219546,other,40.64769465672096,-73.99801800639683
53219790,other,40.68564700709255,-73.81721013566359
53225259,other,40.6010222521215,-74.00095069190142
53229571,other,40.75587958187225,-74.00191302303082
53223551,other,40.707525062986825,-73.78659636145288
53224203,other,40.7140618829546,-73.9529114410158
53225915,other,40.82444168970039,-73.89789465844844
53221559,other,40.611457452173305,-73.97261651319974
53224755,other,40.78106383614796,-73.98141860385265
53234360,streetlights,40.862856853926374,-73.84820139698947
53219020,other,40.61055217800827,-74.00144424952295
53224937,water,40.833553591510174,-73.94562839739662
53220488,other,40.70775736225015,-73.79978598436149
53219274,other,40.676925376573756,-73.96989654432069
53218230,other,40.89187241649303,-73.86016845296459
53220981,other,40.639254993391795,-73.95791498495623
53220613,other,40.70957827965989,-73.99634253218356
53221681,other,40.66689147718562,-73.85768788685053
53223075,other,40.69296193165172,-73.89380117358199
53221769,water,40.64490002686672,-73.89000032990619
53225927,other,40.68085220583943,-73.94506426530351
53220449,other,40.773028639694765,-73.78653809027868
53224978,other,40.597433168931346,-73.94615195676336
53220768,other,40.846023279805664,-73.93586302170915
53233864,other,40.76128028611614,-73.90472731925975
53228704,other,40.693345225075454,-73.85299398243225
53218626,other,40.741199113944525,-73.98098224518404
53225166,other,40.63141570741405,-73.8999193051804
53225417,streetlights,40.70967644331701,-73.82002622164207
53234499,other,40.65144576664965,-73.961287685404
54091238,other,40.67165593531863,-73.98761710193196
53221064,other,40.89187241649303,-73.86016845296459
53225142,other,40.87192512153452,-73.90105063587457
53219530,other,40.81489177958492,-73.91714321844259
53220645,water,40.63813804302246,-73.94529399786347
53227651,other,40.84789738760726,-73.90355867780582
53224639,other,40.705783240181724,-73.80582604644991
53231010,other,40.74658036828004,-73.99755311590619
53219566,other,40.89187241649303,-73.86016845296459
53224003,drainage,40.64523492441029,-73.89593473335947
53219768,other,40.83192412618967,-73.88933699883728
53220225,other,40.833128123730965,-73.9455492443776
53219634,other,40.88754156821344,-73.86500576422465
53218603,other,40.850794587937656,-73.86653703997725
53218338,other,40.86535764249122,-73.892495473103
53221199,other,40.70495456617992,-73.83405831781681
53218447,other,40.831539007129706,-73.91409430443639
53222834,other,40.60222807028823,-73.75173855909534
53219982,other,40.827110496494356,-73.91607652053013
53224232,other,40.7140618829546,-73.9529114410158
53225028,other,40.59504801794592,-73.9810778825844
53225676,other,40.68866093714115,-73.92966810822763
53218448,other,40.67748478864463,-73.967963886024
53224987,other,40.640244537890304,-73.96199681225086
53222745,other,40.63516646792945,-73.98479916145654
53220005,other,40.64093766389099,-73.95823461385314
53221556,other,40.69342812536522,-73.99844577239334
53226067,other,40.79562276036578,-73.94826336461554
53222496,other,40.68052408041083,-73.91542814832367
53225962,other,40.82216756467823,-73.8767038442301
53224767,other,40.687713441147196,-73.92446956026279
53224824,other,40.72741281060744,-73.81464217302445
53224870,other,40.75478982067156,-73.82389996871022
53220035,other,40.65516382390034,-73.73671813599103
53234383,streetlights,40.59528975367803,-73.94673701442903
53219135,other,40.62903088285389,-73.96701083562357
53218568,other,40.74629326213871,-73.88310581451334
53225226,other,40.75666417742652,-73.99019293432467
53223439,other,40.591335242038795,-74.06751454402588
53221991,water,40.83600076159633,-73.91626406650033
53219077,other,40.72923355138068,-74.00134940476254
53224377,other,40.63975481593337,-73.94549084819951
53226106,other,40.72734241036737,-74.00166325652947
53229708,other,40.72699368528145,-73.87166649387737
53232583,other,40.72195913199264,-73.80969682426189
53227745,other,40.65244479540239,-73.9536684997202
53224126,other,40.73013995104524,-73.86513701284638
53229979,other,40.7140618829546,-73.9529114410158
53218818,other,40.640362743008886,-73.74350018995816
53218491,other,40.803308768196025,-73.95679988851664
53222994,other,40.70067296046682,-73.84202850876635
53220964,other,40.777874081223175,-73.95174339794139
53220091,other,40.65074611107393,-73.73139112480898
53220268,other,40.7956035159948,-73.97197012951811
53224729,other,40.75619481105765,-73.91985477298905
53224016,other,40.82042843549434,-73.94023049130925
53222892,other,40.656333631100416,-73.91445687723072
53221905,other,40.56666885052292,-74.12252223823013
53219344,other,40.795200516881145,-73.94926410873198
53230093,other,40.78598747069899,-73.97898334182089
53234276,other,40.82870921547743,-73.94017246484952
53222726,other,40.74051175141983,-74.00018764953326
53224332,infrastructure,40.724664223489,-73.95130930763055
53221806,other,40.66325087426304,-73.93620817043394
53231096,other,40.59437300720403,-73.77890309133409
53218286,other,40.786351802693865,-73.94994974409366
53223320,water,40.70129826960547,-73.88849712167374
53225880,other,40.858648485203254,-73.88843576307686
53225468,streetlights,40.74775081013395,-73.98085044954946
53219198,other,40.86139062950333,-73.87024305503223
53226194,other,40.831378946066906,-73.9289535299807
53218717,other,40.6053231557364,-73.9932799038982
53222108,other,40.89187241649303,-73.86016845296459
53220791,other,40.89187241649303,-73.86016845296459
53224242,other,40.805490458190484,-73.93795740237104
53232069,other,40.81879632329167,-73.94218291818618
53220486,other,40.658998584790716,-73.92184935408761
53224664,other,40.85338985543013,-73.90069142984217
53228366,drainage,40.722789705537885,-73.73549132976942
53225556,other,40.87755580291992,-73.86451255443278
53220295,other,40.76284071806239,-73.81377467752185
53221632,other,40.87008786277958,-73.90303837757446
53219188,other,40.8609235071515,-73.90659823100756
53224716,other,40.69715076346362,-73.7841592468189
53218621,other,40.827110496494356,-73.91607652053013
53224806,water,40.807693683309644,-73.94741231875103
53223668,other,40.612311581313236,-74.07107984703033
53234075,other,40.654074231138665,-73.95133199564049
53233284,other,40.58102314423338,-73.8256757601685
53221419,other,40.643505352210084,-73.98659896100327
53223792,other,40.83348889439976,-73.8686749234278
53224200,other,40.7140618829546,-73.9529114410158
53218648,other,40.81845825937271,-73.91867063616294
53225202,other,40.606033157490224,-74.14075263763954
53224874,other,40.747094050646346,-73.93913779521303
53218696,other,40.730294409657716,-73.98223736510921
53221507,other,40.831378946066906,-73.9289535299807
53224921,other,40.66365951482098,-73.93561303908629
53222013,other,40.744946941657,-73.9913242401921
53226083,other,40.67572461917655,-73.869641720217
53224296,streetlights,40.86512778488837,-73.83886483277361
53222299,other,40.89187241649303,-73.86016845296459
53224251,other,40.67055816931585,-73.98904122546709
53219323,other,40.774857743593394,-73.92609654221631
53218213,other,40.639254993391795,-73.95791498495623
53225542,other,40.82066592008807,-73.89590246619456
53218630,other,40.706731346899026,-73.89868451072323
53226140,other,40.68280953520835,-73.87517677510577
53221924,other,40.88272224707125,-73.90371067700804
53232109,water,40.867670543463795,-73.90730101712691
51098645,other,40.88371356684097,-73.84801996722969
53231337,other,40.724915407989414,-73.80487556506887
53223194,other,40.84985304200535,-73.8869866104035
53223130,other,40.60602512579514,-73.82180741687507
53233825,other,40.77586214876245,-73.7855613741687
53220368,other,40.69304638561428,-73.90567585475318
53222784,other,40.68671151824322,-73.99381977311425
53225156,other,40.638041646731835,-73.96572727918904
53219220,other,40.67811690149567,-73.95415179692935
53232902,other,40.608510018520384,-74.00307929069639
53223728,other,40.54798621651296,-74.13830229695276
53223249,other,40.765594633666815,-73.98232542066624
53222515,other,40.832975003230764,-73.88615884131805
53223101,other,40.71757080261314,-73.9919627066128
53224902,other,40.85493135300541,-73.89339073540344
53219942,other,40.60342145543533,-73.74767911429015
53225950,other,40.83261900218038,-73.87628697544656
53240713,other,40.81476666150378,-73.91874378824751
53228176,other,40.69664890048377,-73.85434265769891
53218305,other,40.75755498689247,-73.94605860934944
53227409,other,40.813900575987724,-73.89040379218049
53223389,other,40.71968846727894,-73.9406563343405
53224862,other,40.89058892598205,-73.86331414880053
53220976,other,40.82928607636463,-73.91853815695302
53229718,other,40.66036673365449,-73.94260137041297
53218536,other,40.78429600296009,-73.9167407481737
53218917,other,40.694723510859674,-73.99401376344339
53225921,other,40.700676203785484,-73.91927234793656
53219535,other,40.89187241649303,-73.86016845296459
53224429,other,40.83366127168511,-73.85669516244812
53223260,other,40.667890076810906,-73.98738709924942
53221304,other,40.84754419647218,-73.93169047721095
53220862,other,40.75354005380314,-73.90466981185438
53221449,other,40.66645476144276,-73.93753882281462
53227481,other,40.87145667003081,-73.88707282878431
53228565,other,40.7140618829546,-73.9529114410158
53219006,other,40.85384913626262,-73.89252491883597
53221081,other,40.57437067154564,-74.1118669379564
53220180,other,40.53992029802637,-74.17384644660969
53218287,other,40.89187241649303,-73.86016845296459
53230214,other,40.64853664740234,-73.88694202311648
53234192,water,40.83262827520219,-73.92537469005808
53227705,other,40.82783107833019,-73.92207743925039
53219864,other,40.80780952780521,-73.91979984721968
53231298,other,40.69820700842793,-73.93389911255557
53233633,other,40.79206153773132,-73.80727178635934
53222392,other,40.86137297445091,-73.85760070961562
53224306,streetlights,40.8310013642654,-73.82651683644995
53220832,streetlights,40.71997330166814,-73.80887276003006
53223711,other,40.741849587615576,-73.90732812162842
53226098,other,40.80852984312962,-73.92154012431767
53225081,other,40.76296253838058,-73.98307336043467
53219214,other,40.62903088285389,-73.96701083562357
53224449,other,40.6858483129883,-73.82668534787206
54272886,water,40.85256386596692,-73.88328052375931
53219164,other,40.691038649599825,-73.83034634420474
53227199,infrastructure,40.57844194541803,-73.95968125039879
53224731,other,40.748037167137205,-73.89257652515568
53219821,other,40.834801645046326,-73.86459962102025
53222730,other,40.7605150694837,-73.80659780299112
53223962,roads,40.70901156638343,-73.90430426732206
53224229,other,40.7140618829546,-73.9529114410158
53222749,other,40.749578729562984,-73.88584299525914
53222453,other,40.89412759633034,-73.8549480105775
53233670,other,40.60166545798956,-73.97951671333861
53229628,infrastructure,40.68059474496224,-73.98088776080918
53226267,other,40.839828308108764,-73.92639299900114
53223293,other,40.577087590122446,-74.00133553145184
53219371,water,40.68168936600779,-73.89403545321065
53225291,other,40.73650181420574,-73.92479314069163
53225176,other,40.82319926290645,-73.89586598495572
53218243,other,40.77999421348433,-73.9194939353406
53220524,other,40.88240811038497,-73.87905847713522
53220753,other,40.82789868262076,-73.9499257194338
53230757,other,40.79095384293872,-73.9422107091064
53221132,other,40.70514052646012,-73.80394880749206
53218231,other,40.658262177214354,-73.92067164435866
53220618,other,40.70061862439761,-73.91935897334801
53221365,other,40.855187823453626,-73.93106086962486
53228045,other,40.69582036919331,-73.90448908746025
53227156,other,40.85621072490226,-73.90311283228728
53233917,other,40.69069627735803,-73.97138318990565
53226026,other,40.64242196516786,-73.92465775521508
53222602,other,40.823108643472004,-73.89890115306457
53225193,other,40.741624094353526,-73.88276757053009
53223341,other,40.727847356971544,-73.95618855115875
53222811,other,40.66448197292001,-73.93389288311353
53222662,other,40.826994721331694,-73.94778369164122
53221672,other,40.84476980474631,-73.84655478986322
53220937,other,40.89187241649303,-73.86016845296459
53218688,other,40.673995887753314,-73.91392230648984
53226078,other,40.77357429221467,-73.91568546344047
53220539,roads,40.82565548846222,-73.88135126767048
53219826,other,40.681299916357254,-73.91416525956775
53225754,other,40.86618915477058,-73.89840903340249
53223187,other,40.65301674465007,-74.00380573129071
53220509,other,40.83041368929562,-73.91788272884429
53223634,other,40.802608416983446,-73.94899117347215
53224528,other,40.81426740440205,-73.91166361210234
53228107,other,40.72968635871827,-74.00443069601312
53234250,other,40.7140618829546,-73.9529114410158
53224813,other,40.82160892988045,-73.87283530666447
53224701,other,40.652491043256184,-73.914602355756
53231803,other,40.71660092794472,-73.84410106070708
53220853,infrastructure,40.74356986562459,-73.70373052737233
53219010,other,40.80891749162403,-73.91108189863485
53224775,other,40.66448197292001,-73.93389288311353
53225985,other,40.67936714058921,-73.94476624568584
53219506,other,40.7038420696995,-73.89366482112014
53219252,other,40.75558351393378,-73.79130796489767
53234005,other,40.74741858959495,-73.94039704665057
53220684,other,40.878913881658384,-73.8737129159977
53224283,infrastructure,40.652898541991064,-73.92854174746068
53218970,other,40.71450142127454,-73.96128713500474
53221597,other,40.65886948647993,-73.75034557373654
53223982,other,40.73397666119761,-73.86242663432829
53225532,other,40.82066592008807,-73.89590246619456
53224380,other,40.72540940816104,-73.90179853405027
53223840,other,40.82225849254351,-73.95039243770249
53232513,other,40.70930425722831,-73.82977323950388
53219971,other,40.80230478235364,-73.9452529908208
53219052,other,40.83704157373281,-73.86716814842407
53224481,other,40.636254721448715,-74.11482065864762
53223245,other,40.87394499546014,-73.87034511176915
53220111,other,40.70934744632157,-73.79100545626888
53226964,other,40.74447723070236,-73.98743395061445
53224280,other,40.72028000014199,-73.99391767168628
53220812,other,40.80010483374832,-73.96222700530713
53218461,other,40.83086863119123,-73.90287871873477
53233323,other,40.64403787574192,-74.01309485463135
53219413,other,40.765220741988855,-73.9139235357957
53221384,other,40.75438533254806,-73.72521258826463
53218727,other,40.63747847935468,-73.97440376880526
53222225,other,40.753951479237536,-73.87559209164571
53222104,other,40.789207978757865,-73.97070164996526
53229645,other,40.838625656495104,-73.91382856184666
53219958,other,40.87012568705433,-73.86432159961997
53220663,other,40.68702842324157,-73.87282513733841
53218613,other,40.647354252936154,-73.97456574604313
53221310,other,40.84370575266757,-73.83146414091597
53223570,other,40.80476266803407,-73.93714896382288
53219408,other,40.84964134268999,-73.93684269510118
54088532,other,40.803887158807115,-73.90853126393264
53222861,other,40.82240648163461,-73.93852695075482
53220982,other,40.799665264093065,-73.94720195003187
53234778,other,40.83536626751121,-73.88678716336261
53226604,other,40.61612115572475,-73.94338501384985
53221460,other,40.76389957223928,-73.99380178100621
53226297,other,40.67679968264918,-73.94831949216942
53230643,other,40.6746206364842,-73.77930400259297
53220852,other,40.81641283809382,-73.82091533533323
53223415,other,40.506756694980204,-74.2330624883556
53228693,other,40.64853664740234,-73.88694202311648
53223183,other,40.632625149357324,-73.97206020021348
53228759,other,40.70354833741102,-73.96525719770388
53222302,other,40.89187241649303,-73.86016845296459
53223163,other,40.8793977223243,-73.86010428458127
53226283,other,40.70464137576345,-73.92592552272886
53224614,other,40.81842254808874,-73.95319527156181
53220042,other,40.76489779083164,-73.96122896224232
53221590,other,40.68198784923183,-73.94363195475012
53218372,other,40.89187241649303,-73.86016845296459
53224867,other,40.70424854604789,-73.80724073268362
53225614,other,40.7140618829546,-73.9529114410158
53220845,other,40.76343015682519,-73.99270080927215
53221802,other,40.707996318626755,-73.9190218215971
53225232,other,40.77032969751969,-73.95394751369656
53218455,other,40.562500040827594,-74.11398488568908
53229949,other,40.86739505807879,-73.92476442058863
53225772,other,40.85689441344366,-73.89707123510804
53224076,other,40.664254523233566,-73.95805060199997
53224128,streetlights,40.8011722776532,-73.9614570576982
53219913,other,40.81200506790863,-73.95959756064472
53221294,other,40.87618078543546,-73.90942621420571
53218414,other,40.89187241649303,-73.86016845296459
53224345,other,40.87821352260106,-73.86600105676884
53231886,other,40.878863036855506,-73.88275340613586
53224384,other,40.632954224647406,-74.07680511348853
53224498,other,40.72176557276299,-73.84336384472144
51096612,other,40.87188118407785,-73.88614285307307
53223432,other,40.87009011385306,-73.84894417797366
53226201,other,40.67910952008634,-73.94005790714336
53226131,other,40.69463518645669,-73.94248532099502
53221440,other,40.66760624121243,-73.97956495270478
53218901,other,40.64787804391834,-73.96278886761259
53223123,other,40.6951790921164,-73.94337558122324
53233116,other,40.71816345845766,-73.98934724486317
53221451,other,40.8682891506012,-73.89267874407986
53231436,other,40.870150385022505,-73.86431793354161
53234752,other,40.670076940408805,-73.86580279125647
53222126,other,40.79314062180654,-73.94628980401204
53226352,infrastructure,40.700641189444376,-73.99329914770948
53223212,other,40.72031745902513,-73.80622382392546
53221008,other,40.85390097189133,-73.8864664308458
53223085,other,40.73798847524356,-73.8735073092448
53225149,other,40.62198405442093,-73.99330344211816
53224355,other,40.67997695843387,-73.95904300470187
53218705,other,40.72819939901163,-73.82441041064158
53221829,other,40.814971886050564,-73.91048132929174
53224425,other,40.614018438015044,-73.9022109257734
53218524,other,40.642506091225485,-73.96154510608999
53224856,other,40.80479611682926,-73.91265506948426
53224815,other,40.85546795016134,-73.8979518595505
53225868,other,40.69001892921281,-73.82572975639032
53222361,other,40.89187241649303,-73.86016845296459
53222777,other,40.76413917023165,-73.92140470157959
53228961,other,40.86242714753965,-73.92908666299827
53234673,other,40.58415262847912,-73.95626121632665
53221410,other,40.8654081776248,-73.92107532086888
53220626,other,40.67263261938655,-73.81125072171163
53220879,other,40.72097804768168,-73.73905200932116
53232840,other,40.822983320216565,-73.89685631770723
53219608,other,40.89187241649303,-73.86016845296459
53224297,streetlights,40.66675344861589,-73.80155639575837
53224882,other,40.75404357300117,-73.92078497175059
53222360,other,40.89187241649303,-73.86016845296459
53220956,other,40.837140902390146,-73.87499924985529
53224812,other,40.79963082772893,-73.94402354896373
53220107,other,40.65568846988379,-73.9591768501286
53223159,other,40.67080398869295,-73.86789936710291
53233873,other,40.63407613971093,-73.96820089801899
53226333,water,40.80133536650071,-73.96506529386701
53223714,other,40.74958459119368,-73.87560024677663
53226073,other,40.688142953957716,-73.9464068321021
53225531,other,40.63009555648367,-73.94475658643252
53221836,other,40.702599485448545,-73.95942583136575
53218295,other,40.882394909464594,-73.88493868513756
53222015,other,40.82984240456614,-73.86976616873731
53218323,other,40.6543938297373,-73.961786928901
53219893,other,40.670566582577116,-73.89600335532148
53218581,other,40.83424168668962,-73.82036142233052
53224512,other,40.761094098195784,-73.9891201833371
53220599,other,40.77104287471153,-73.92659538685837
53228929,other,40.85443910241399,-73.8984233658015
53219515,other,40.8664950875277,-73.89674905894428
53233400,other,40.700676203785484,-73.91927234793656
53224269,other,40.646643092071336,-74.008706220152
53225920,other,40.837537802824734,-73.92420550433786
53219769,other,40.562421339207845,-74.11583105279702
53220534,other,40.737665291151956,-73.95604858134286
53223824,other,40.768949685116915,-73.92825838000984
53225854,other,40.731073735980864,-73.95252056551051
53223558,other,40.76750160746367,-73.77405035430861
53222005,other,40.51100822545698,-74.23451222073082
53226203,other,40.69639779250611,-73.99351955588249
53218407,other,40.76357257135417,-73.78929748481119
53224287,other,40.77592877982616,-73.9471232847572
53222703,other,40.83075026178137,-73.94951524337782
53225275,other,40.663039111003414,-73.98060803898731
53220583,drainage,40.74141513693563,-73.71567412490833
53233215,other,40.64186626634014,-73.96068788697009
53218931,other,40.85517945631178,-73.88591117347879
53225405,other,40.72238703289527,-73.8095260418184
53219711,other,40.75430766422954,-73.96715092044784
53226228,other,40.905644928726716,-73.84902615882892
53220816,streetlights,40.67300949336218,-73.78808751750871
53221323,other,40.684098569128416,-73.94952170899909
53221226,other,40.60659505296861,-73.95882872187264
53225810,other,40.86974351447768,-73.89531221342601
53226304,other,40.687713441147196,-73.92446956026279
53219286,other,40.788530867159544,-73.94346591539686
53222379,other,40.67319399241489,-73.92943206841211
53224898,water,40.86832523318272,-73.8643795069546
53220985,other,40.679761907926576,-73.9982514015897
53220711,other,40.754037853830084,-73.99787768595856
53227523,other,40.878863036855506,-73.88275340613586
53223636,other,40.57663046585556,-73.98146827786938
53222657,other,40.64107891493188,-73.95434659938283
53221804,other,40.655749416791615,-73.96079143180557
53225213,other,40.85803185007194,-73.93192914204178
53222895,other,40.676522228586514,-73.7804549770148
53221267,other,40.825924841924305,-73.8929494161382
53221222,other,40.823843529638864,-73.92707550319518
53219367,other,40.77072323102476,-73.920566566059
53227236,streetlights,40.76011648520396,-73.98483562074706
53222098,other,40.768813944594676,-73.91075637379026
53225296,other,40.703231891185105,-73.7349269483347
53223038,other,40.72558567611405,-73.71999893048054
53218419,other,40.83041368929562,-73.91788272884429
53225543,other,40.85567264311442,-73.92941920512644
53221253,other,40.72752661479606,-73.85801660783639
53221526,other,40.61125539897034,-74.06050425246866
53230362,other,40.84265513715274,-73.92188297991532
53220309,streetlights,40.86670498074094,-73.83814514226151
53225288,other,40.621745800896164,-73.92106446004132
53221495,other,40.660894179220875,-73.9494023032745
53232324,other,40.711325067094215,-73.85643875844615
53221423,other,40.795120989166264,-73.96404647066187
53223405,other,40.69110550846002,-73.97245038171594
53228726,other,40.832430135613556,-73.8875148860811
53232676,drainage,40.607765416556404,-73.96196488029265
53230922,other,40.604431166741776,-73.97430839993523
53222269,other,40.6628333218584,-73.9109053731825
53222213,other,40.74331687797174,-74.0014363011298
53218226,other,40.69121152734357,-73.80117348853999
53220946,other,40.87588100783346,-73.9019668272674
53220582,drainage,40.68727654288226,-73.73614783084858
53219921,other,40.83628558491302,-73.9274955262169
53230960,other,40.719681150342815,-73.96239163414805
53220147,other,40.75958119745315,-73.98436648446643
45608906,other,40.68778145614299,-73.85726469378329
53220083,other,40.82100379696489,-73.89620904369941
53220606,other,40.82461666052356,-73.92569802395367
53223208,other,40.697891177973816,-73.94389619688789
53222254,other,40.81184089578826,-73.94727176637402
53223637,other,40.78223355447669,-73.91151112176048
53220709,other,40.66029502968996,-73.91919146106655
53219213,other,40.62193870813243,-74.0316960591713
53223681,other,40.63471354550166,-73.96125775965993
53221624,other,40.60318790039195,-73.99971910464538
53223110,water,40.64289040145596,-73.92749307576169
53222729,other,40.83680940096568,-73.94687613518033
53223482,other,40.67574618440852,-73.9561218336512
53221687,other,40.75803865624499,-73.82873185511492
53222349,roads,40.86769674891586,-73.88739376669831
53233465,other,40.626990376486894,-73.92002073484142
53222846,other,40.860599525237085,-73.89378293239363
53225219,other,40.74608398039411,-73.93414393442998
53224760,other,40.69912503417398,-73.91493932585028
53232273,other,40.815527318673276,-73.95431724877072
53220543,other,40.70067296046682,-73.84202850876635
53218241,other,40.84126340239402,-73.88011631677881
53218535,other,40.572402143693864,-73.99587850068
53224376,other,40.8220476530442,-73.90029740956234
53222103,other,40.69057129767691,-73.78257589614014
53224517,other,40.66061695197291,-73.89322191025188
53230946,other,40.676662761721886,-73.84484696179761
53232937,other,40.67182810375219,-73.77449704271564
53218789,other,40.72581531156492,-73.72531235394305
53222995,other,40.68537689433443,-73.95432348266937
53226000,other,40.842505122815716,-73.93687476944211
53219903,other,40.66227791840826,-73.95706423587505
53222919,other,40.63843449532672,-73.9453261829559
53222983,other,40.70160098139162,-73.80792281225025
53223013,other,40.833200131651935,-73.85448097169017
53220504,other,40.61282910522484,-74.08866771455182
53221956,water,40.57609435618814,-73.96572666795011
53222477,other,40.68565190139764,-73.94904818949355
53234627,other,40.82844712033458,-73.94292973597275
53221266,other,40.880745481632594,-73.8431158683524
53219124,other,40.8357019979681,-73.85129895779114
53226007,other,40.67167127418977,-73.9179700289418
53222240,other,40.87282768977688,-73.87769104000591
53221170,other,40.855520188881734,-73.83041480408674
53225114,other,40.78167963761519,-73.91219070292192
53218687,other,40.57279101445324,-74.13133445933187
53221938,other,40.73660281241529,-73.89895663205012
53233639,other,40.72226662882284,-73.90842321931133
53227053,other,40.88272909830255,-73.8789240876119
53221637,other,40.61428986832416,-73.97174371047454
53219290,other,40.872205626727414,-73.88955199206478
53220361,other,40.83873776311323,-73.9443954094611
53226980,other,40.72289350212252,-73.93904084221396
53227197,other,40.7328475654446,-73.98612274808997
53225282,other,40.68030898565001,-73.93031146493625
53220008,other,40.82050225763988,-73.89106493499646
53221634,other,40.76439467465797,-73.81574858348965
53224051,roads,40.695735040321665,-73.86341791878944
53219355,other,40.70060534991786,-73.9240546344369
53223304,other,40.641600487342465,-73.93221479618356
53218308,other,40.69235431908616,-73.9052080485309
53222232,other,40.83913045015355,-73.91351710434314
53224730,other,40.8228417342454,-73.95366548066708
53220568,other,40.679482979235225,-73.98010572009554
53218415,other,40.89187241649303,-73.86016845296459
53219986,other,40.79946159354288,-73.95936318046088
53230266,other,40.75460429633576,-73.96785821824601
53231973,other,40.68999811929706,-73.86782167505393
53221577,other,40.83124253823553,-73.91780582096976
53221153,other,40.64533722837807,-73.95734539946459
53223541,other,40.65599141842207,-73.87369161725779
53223166,other,40.69208560332839,-73.85534067843842
53223907,other,40.75015064458155,-73.8016147474574
53234065,drainage,40.59878955375539,-73.7585212228999
53221911,other,40.69574658611155,-73.93199385994052
53220577,other,40.80085948188248,-73.95423340516722
53224153,other,40.7140618829546,-73.9529114410158
53218807,other,40.620872025600335,-73.9884190021806
53225945,other,40.84321601564156,-73.88665814919145
53223045,other,40.84345572380287,-73.92470475387987
53222032,water,40.68279157594701,-73.86186160337611
53222322,other,40.5913504885388,-73.96752993169969
53232269,other,40.82379202494586,-73.94864613731886
53223030,other,40.726848344854666,-73.85338549666106
53219598,other,40.85368904676198,-73.90395513624917
53224410,other,40.74771633496828,-73.78203209852586
53218746,other,40.7052841298296,-73.9110938958931
53225594,infrastructure,40.67117622822281,-73.97469725259651
53220037,other,40.59105526966514,-73.97217840906704
53218810,other,40.623809499264866,-74.00288547044731
53226053,other,40.70580713675641,-73.94400495122073
53221720,other,40.729731950488,-73.8950631255893
53234568,other,40.84372362256894,-73.8864910289729
53223302,water,40.87393064030763,-73.88809915536528
53221979,other,40.83424168668962,-73.82036142233052
53222510,other,40.58768455456925,-73.98710341564707
53224854,other,40.74499558823062,-73.98418585383438
53224254,other,40.7140618829546,-73.9529114410158
53220865,other,40.69977821848639,-73.9826385976589
53234707,other,40.87937287999524,-73.87429425000688
53221714,other,40.707367924220065,-73.92325702932034
53222623,other,40.647354252936154,-73.97456574604313
53220516,other,40.790218884984434,-73.94938707928434
53218353,other,40.85403782020808,-73.88888811806997
53225256,other,40.691483147552766,-73.91072285086136
53224672,other,40.652461128591106,-73.9533333272863
53234525,other,40.63836228103506,-73.89327193372856
53225293,other,40.779267811107246,-73.95718017090941
53222805,other,40.60744729280012,-73.95511149712269
53222800,other,40.62857533737517,-74.129794245755
53227989,other,40.713764717463164,-73.9665071770721
53226087,other,40.74499909172425,-73.89296757512533
53218369,other,40.89187241649303,-73.86016845296459
53233269,other,40.618980915279145,-73.90875223099572
53232020,other,40.60690588924801,-73.98332180975707
53219262,other,40.68686535301236,-73.93836344764286
53230782,other,40.770010094967915,-73.78542497655825
53218617,other,40.58508903497542,-73.93414068395055
53232404,other,40.75327021023856,-73.79311988525342
53222940,other,40.762749464836695,-73.92014650341116
53222843,other,40.84417687152521,-73.90853369355642
53218998,other,40.81905812077566,-73.93889494720247
53220109,other,40.83199797423446,-73.91870828982425
53219590,other,40.89187241649303,-73.86016845296459
53222526,other,40.62589410526047,-73.94089103441642
54093041,other,40.80150988829055,-73.9366391378318
53222873,other,40.719955701423515,-73.96262236128253
53220809,other,40.741511732185934,-73.88293737724486
53227188,other,40.7140618829546,-73.9529114410158
53220762,other,40.59801054496786,-73.79868188805882
53223739,other,40.69741256126433,-73.84637102804088
53221297,other,40.66667529096393,-73.90997745043748
53228277,other,40.593833658761575,-73.7617401953774
53223823,other,40.727872894524424,-73.97848212363046
53221771,water,40.64490002686672,-73.89000032990619
53234173,other,40.7153182885552,-73.80084185215617
53222398,other,40.71350831289381,-73.79547615065287
53219902,other,40.85443910241399,-73.8984233658015
53225038,other,40.67472861128812,-73.86754189982815
53218514,other,40.687664588209834,-73.94476658416272
53222534,other,40.68386214423092,-73.98963035410644
53220050,other,40.8748277464513,-73.88767819684247
53234430,other,40.81611420208619,-73.85885724355292
53231854,other,40.75536789941484,-73.90785073241925
53224239,other,40.69750355152496,-73.93738351313763
53219283,other,40.64863612387276,-73.97482472203171
53224046,other,40.848203546686534,-73.82906356440097
53218756,other,40.67779157773403,-73.79451131869055
53224920,water,40.80321524459579,-73.95626175455692
53224049,other,40.82399049379393,-73.95058987098143
53226504,other,40.868613691012655,-73.88482875382206
53224044,other,40.78354117185823,-73.9752503636926
53218596,other,40.86429067472053,-73.86450704192313
53234159,roads,40.60194983071301,-73.99380961331761
53223022,other,40.8301145778863,-73.94030490088623
53220874,other,40.70380893673725,-73.81363662355486
53225244,other,40.89540124189225,-73.84654280338741
53223021,other,40.77253112018823,-73.78763363338376
53219173,other,40.73323536798852,-73.99681752278475
53233851,other,40.697470341819695,-73.83845502028078
53220156,other,40.71585209428644,-73.82352307303
53222712,other,40.64787804391834,-73.96278886761259
53231978,other,40.67080111777069,-73.93506180885333
53225559,other,40.66091872312388,-73.94904185068552
53227527,other,40.737990475920434,-73.98084242918496
53220451,other,40.718513927983594,-73.98235233579832
53220898,other,40.66410808301726,-73.91998343910443
53221265,other,40.86724166067402,-73.92523461216788
53228619,infrastructure,40.834575722705026,-73.94224148063334
54080628,other,40.6898781862928,-73.8063663740907
53221778,other,40.6553362083541,-73.87192687753935
53227820,other,40.68572806465621,-73.79067925256476
53224562,other,40.80196686589889,-73.95752315478758
53220165,other,40.67244941466102,-73.91606204600406
53230233,other,40.85984107865229,-73.92817840998339
53219997,other,40.86556098738824,-73.92383009870014
53218467,other,40.66513395614907,-73.9272345998134
53219776,other,40.87260666908159,-73.89888013203122
53224542,other,40.829838029673816,-73.91510105113257
53219803,other,40.70330658619181,-73.80694049862417
53221595,other,40.57528472207554,-73.84759145979531
53221941,other,40.64402174970259,-73.94883494610528
53219619,other,40.86988839233137,-73.90085842054502
53224422,other,40.62776515581837,-74.02333010531373
53226829,other,40.679180101106695,-73.92062873520584
53225898,other,40.69411058871589,-73.75713381349247
53221475,other,40.800370411031395,-73.94666321904593
53223348,infrastructure,40.60666557127994,-73.76303773158779
45604260,other,40.619536741312515,-74.03267469108555
53224667,other,40.73282337565429,-74.00862727435947
53218953,other,40.74791519625491,-73.86768510886547
53222287,other,40.67320572195818,-73.94603309965663
53225179,other,40.718256852223114,-73.99015529647993
53221479,other,40.85167635379225,-73.93904571564656
53223089,other,40.83656938000925,-73.86707874471458
53232916,other,40.7140618829546,-73.9529114410158
53223677,other,40.763114446459184,-73.77074053646535
53221063,other,40.89187241649303,-73.86016845296459
53225513,other,40.688484466933886,-73.9911657185037
53222505,other,40.826825720808394,-73.93898898717077
53221200,other,40.842847650235576,-73.91467604357092
53226264,other,40.79963082772893,-73.94402354896373
53221305,other,40.65423494133014,-73.94850275519867
53227107,other,40.67080621723785,-73.9448310132139
45607285,other,40.64838985673796,-73.97859424583528
53221743,other,40.635979945840795,-74.15486388811354
53218224,other,40.83196106121597,-73.88779392691045
53218304,other,40.663518652796256,-73.92509530024218
53222313,other,40.847818695682015,-73.9230190877889
53225612,other,40.7140618829546,-73.9529114410158
53220567,other,40.72744633924594,-73.99059771521978
53224643,other,40.61246540873713,-74.08317460128792
53224395,other,40.67080111777069,-73.93506180885333
53230655,other,40.80690230572157,-73.91772389898453
53218397,other,40.89187241649303,-73.86016845296459
53224895,other,40.65074896962073,-73.96242688737108
53221724,other,40.67402232211897,-73.92847224907698
53221572,other,40.54885448886952,-74.21889885837565
53223475,other,40.59699064170894,-73.74905735514939
53220894,other,40.764014167069334,-73.881215603239
53221816,other,40.69208560332839,-73.85534067843842
53222841,other,40.83041368929562,-73.91788272884429
53220702,other,40.76121189110728,-73.98690015775021
53218769,other,40.61492455099246,-73.99538242103526
53224640,other,40.88916153730489,-73.86089026553373
53220595,streetlights,40.865347221569195,-73.8510157432694
53222914,other,40.69186968181747,-73.84345571295492
53233237,other,40.65957556772453,-73.96057653120009
54084705,streetlights,40.709745758892645,-74.00147164755232
53219458,other,40.71812524637479,-73.99199510664727
53225496,other,40.688463009508844,-73.95689593016087
53218290,other,40.8310953493986,-73.94783829044178
53219922,other,40.58852862579412,-73.95837180400514
53219031,other,40.80191475732544,-73.93922853821798
53223253,other,40.6754837727891,-73.93047873765342
53225845,streetlights,40.71181195872825,-73.7878451222173
53229591,other,40.63547591524601,-74.03203756469371
53233240,other,40.68085220583943,-73.94506426530351
53223762,other,40.82914263343636,-73.88267480086348
53222803,other,40.64186626634014,-73.96068788697009
53228607,other,40.72028000014199,-73.99391767168628
53223481,other,40.74840078392207,-73.75780207371719
53225267,other,40.70599061132466,-73.92838384561419
53225216,other,40.747332021515504,-73.87640926401075
53221208,other,40.696492429482674,-73.93076336335031
53224735,other,40.85132831813866,-73.94007982672643
53230468,other,40.85120621118821,-73.93267351623494
53218376,other,40.676813037314396,-73.91909573728161
53227719,other,40.66604681029413,-73.92978927772921
53220760,other,40.89187241649303,-73.86016845296459
53230010,other,40.7140618829546,-73.9529114410158
53220497,other,40.72377136559577,-73.99457396143364
53230366,other,40.85443910241399,-73.8984233658015
53218468,other,40.85223914351495,-73.90644414938976
53222680,other,40.64983358270997,-73.93478310646185
53225271,other,40.85484753293561,-73.9075863879213
53222744,other,40.91166770708578,-73.89738437196151
53223224,other,40.68127116022123,-73.97315750515847
53222872,other,40.78734442949189,-73.94777145404967
53218660,other,40.70189405637343,-73.91810595560423
53224066,other,40.6944738803682,-73.99831953265728
53234190,other,40.73005389492314,-73.99107000559509
53220270,other,40.72712742791881,-73.72536106452613
53219488,water,40.67409405083344,-73.87193411726375
53219616,other,40.89187241649303,-73.86016845296459
53223429,other,40.62359184521297,-74.03818462916831
53233433,other,40.85768827413553,-73.89779300754596
53224357,other,40.82450393285031,-73.87727762769661
53220565,other,40.591425814999106,-73.98800644074356
53233391,other,40.879228024835,-73.87235263653268
53227167,other,40.7140618829546,-73.9529114410158
53224786,other,40.79963082772893,-73.94402354896373
53221435,other,40.838166664583866,-73.86460000030853
53222396,other,40.86524605298139,-73.92924996612297
53218240,other,40.762818859705064,-73.95791993641947
53218269,other,40.69977821848639,-73.9826385976589
53229839,water,40.72992646032319,-73.81092607497038
53225890,other,40.760058492345244,-73.92252130594966
53222201,other,40.81675888923705,-73.9354071125969
53223333,other,40.738662983231,-73.82842441352379
53219236,other,40.80133536650071,-73.96506529386701
53223445,other,40.55297429380791,-74.19459711451097
53222603,other,40.732430769889845,-74.00994061097188
53221898,other,40.85784107007921,-73.90310322722475
53221321,other,40.88240811038497,-73.87905847713522
53223273,water,40.54999694852472,-74.16230033028106
53220366,other,40.701412217400446,-73.88713005570222
53222197,other,40.82484871625428,-73.92378998473639
53232421,other,40.72195913199264,-73.80969682426189
53220604,other,40.69608791794709,-73.93367402029533
53221100,other,40.741199113944525,-73.98098224518404
53219531,other,40.735449331605714,-73.84830762830181
53218976,other,40.760021166416,-73.99239796789224
53221206,other,40.814168291397515,-73.9469917491927
53218673,other,40.759994245140064,-73.97614709951466
53225982,other,40.88414040691835,-73.90601591371055
53219833,other,40.88075620411847,-73.8820955244415
53228912,other,40.8156187827607,-73.89945082631972
53224570,other,40.850780735865456,-73.94275514475007
53224523,other,40.698994523024986,-73.91663089363115
53221605,other,40.61235315861889,-73.93919581000176
53220048,other,40.829976742704226,-73.81536823287124
53223696,other,40.58813961848713,-73.81463630193976
53230632,other,40.87733846184638,-73.84864204035725
53223219,other,40.61117538046736,-73.95682337752959
53229104,other,40.836587768244534,-73.91961337374968
53222946,other,40.80221229928835,-73.96990490031057
53222779,other,40.66850917848048,-73.95874003805616
53220055,other,40.74532906840974,-73.94435066874074
53223401,other,40.856877325575034,-73.93363658461173
53221791,other,40.68030898565001,-73.93031146493625
53221031,other,40.82306569388586,-73.9100043480184
53225558,other,40.83812669619484,-73.94651730320311
53223393,other,40.683729755151305,-73.90798578377245
53225315,other,40.72807190861535,-73.98806122316346
45606317,other,40.77705042272612,-73.97796074494948
53230329,other,40.73677550236592,-73.76248841392639
53225786,streetlights,40.81053198701492,-73.96205491521049
53239764,other,40.65893118683086,-73.91580152960545
54083747,other,40.72471190712065,-73.81804823024306
53222483,other,40.85443910241399,-73.8984233658015
53218870,other,40.63593309050356,-73.99360469346591
53221585,other,40.83519272638549,-73.9147762053076
53226288,water,40.82444168970039,-73.89789465844844
53221990,other,40.758845919134174,-73.96209157885112
53221544,other,40.626452165446615,-74.0117764998827
53218281,other,40.62352798084708,-73.94624978072031
53219449,other,40.680109230513054,-73.880878329536
53219242,water,40.63601452381274,-74.1017341611773
53231044,other,40.6940246323223,-73.83579482903886
53223692,other,40.59429535368419,-73.95810535466616
53222936,other,40.60492259105611,-74.13293182959305
53224886,other,40.66677169641655,-73.89130158867503
53218221,other,40.72422450192293,-73.97543113407868
53219879,other,40.70796697991266,-73.92024459110444
53220715,other,40.65694758253317,-73.8797267215099
53218694,other,40.8708970496833,-73.87923488967775
53223134,other,40.59083589355055,-73.94299598753597
53221881,other,40.86322331224371,-73.9029652341188
53219462,other,40.71370608373422,-73.96324991044497
53219630,other,40.841848991950336,-73.91906128054971
53230803,other,40.6553362083541,-73.87192687753935
53223804,other,40.700863973250456,-73.8878558907511
53222485,other,40.705717931887186,-73.92687651179789
53226508,other,40.71682929398298,-73.88409540460307
53228837,other,40.88959410578062,-73.89950530491406
53223284,other,40.68166801483423,-73.91834712197895
53221271,other,40.64259606207288,-73.95256910986376
53224521,other,40.84230322896037,-73.92102322115785
53219208,drainage,40.757682398042924,-73.77623136693144
53224927,other,40.602688351506266,-73.93355073332833
53224947,other,40.64230781841433,-73.96843119181742
53219486,water,40.843515202688536,-73.8866720963765
53220596,drainage,40.64165640580381,-74.11488039990266
53234582,other,40.8239143562033,-73.94048028201136
53224598,other,40.87789645757858,-73.88503687258934
53229207,other,40.84072290722596,-73.92611733894246
53225809,streetlights,40.821540354220254,-73.90084735190378
53223863,other,40.716703611107576,-74.00542546318111
53220773,other,40.86210369301845,-73.91734469528863
53220421,other,40.608948714726246,-74.01085141971679
53222780,other,40.64487694012726,-73.98090519879553
53223106,water,40.5724310038187,-74.09231084301518
53224953,other,40.693620189457626,-73.96419496336601
53224610,other,40.72733536478693,-73.98099702541708
53221773,other,40.762582261975396,-74.00038625294978
53222951,other,40.635697586033466,-73.97662748871362
53229057,other,40.64639576247312,-73.96248699567796
53224852,other,40.687627808360894,-73.92364393267817
53222436,other,40.89187241649303,-73.86016845296459
53223139,other,40.640961326602415,-74.00947657670358
53219116,other,40.62883350891303,-73.9678971744
53220167,other,40.6781195445492,-73.98481460791562
53228181,other,40.70236919242691,-73.83611329444606
53234471,streetlights,40.75533652791472,-73.84324519957711
53229337,other,40.694665360595735,-73.81832496119009
53220276,other,40.87532233740715,-73.8354989729282
53224240,streetlights,40.66612028874303,-73.82224163785928
53219820,other,40.7860933469566,-73.97333552376644
53218850,other,40.66105986933078,-73.95879510650572
53218967,other,40.61824384393963,-73.92578366661559
53219154,other,40.62903088285389,-73.96701083562357
53220171,other,40.700252002640255,-73.90640859227098
53221367,other,40.728885516104064,-73.95097067779339
53224134,other,40.63466203823029,-73.96321777875157
53224656,other,40.901317206845796,-73.86273139185647
53223228,other,40.8475546438764,-73.92218445465508
53225974,other,40.84766400810433,-73.90680118675989
53221993,water,40.81330911448408,-73.88618164261699
53220897,other,40.66030139302054,-73.99619745742007
53224217,other,40.7140618829546,-73.9529114410158
53219785,other,40.878790215257844,-73.90177088166034
53221394,other,40.65716917030205,-73.91982957579546
53219963,other,40.673454894741894,-73.96599748254368
53222620,other,40.709176678432776,-73.82704670700579
53220075,other,40.812605416985384,-73.88791326079414
53226142,other,40.85167635379225,-73.93904571564656
53230278,other,40.840491766656,-73.90985428172824
53233634,other,40.63288659192996,-73.89645478207055
53225717,other,40.73894449686077,-74.00058819527789
53221324,other,40.67349419383125,-73.91851574995016
53231014,other,40.80247682307909,-73.94933802677194
53220761,other,40.89187241649303,-73.86016845296459
53233556,other,40.71272188627833,-73.7672670310973
53228482,other,40.60342145543533,-73.74767911429015
53220552,other,40.651191465444874,-73.94960426772421
53231840,other,40.66677169641655,-73.89130158867503
53226105,other,40.6678818970187,-73.93241878910723
53219482,water,40.6566704128912,-73.95728048738387
53218595,other,40.835751845115745,-73.8604381859852
53219483,water,40.78578671772618,-73.95071572193234
53225527,drainage,40.61196435857996,-74.1020648828483
45598874,other,40.72263039600567,-73.88830990860217
53218990,other,40.621502367893385,-74.04021147860065
53224693,other,40.839981216536934,-73.87712258494513
53233757,other,40.67696653437602,-73.98333313058772
53219177,other,40.58703458690206,-73.95604330766605
53225250,other,40.61372042310925,-74.099625552084
53229089,other,40.809310780485426,-73.93733973727973
53223630,other,40.611475712638594,-74.0642177744291
53230504,other,40.70802676957424,-73.9544522380101
53222176,other,40.727284592760306,-73.89312952031709
53220754,other,40.6896911019798,-73.95290341059851
53222535,other,40.67409152184616,-73.91334537461792
53220707,other,40.79878493667658,-73.96320655319226
53221209,other,40.85175353625021,-73.90669786017015
53220086,other,40.72091604374775,-73.85928613177038
53224628,other,40.87943716046651,-73.88322973055384
53225327,other,40.73232746682261,-73.95798249019961
53219248,other,40.70023624268685,-73.94605810270801
53229995,other,40.8269036677528,-73.93594649094929
53221837,other,40.79356112502301,-73.97071418026441
53223232,other,40.7184624813724,-73.98777795585599
53221953,other,40.68198784923183,-73.94363195475012
53227763,other,40.65099388458564,-73.96440523742638
53224104,other,40.65759158062353,-73.95446865284168
53224774,other,40.837926665868146,-73.85900973391
53225958,other,40.671709631129865,-73.95179137205524
53222228,other,40.82610277661496,-73.81808895302727
53218588,other,40.76916248662936,-73.92621838858115
53229619,other,40.64471910743772,-74.00712044492738
53233107,other,40.63505012316166,-73.95132425213963
53224582,other,40.84680773163434,-73.89415916749294
53226279,other,40.76290362919386,-73.97593668580453
53224748,other,40.73733470573327,-73.86344089990737
53219780,other,40.8614995374538,-73.92924672138538
53224123,other,40.82336591645331,-73.94714701361305
53220789,other,40.89187241649303,-73.86016845296459
53221591,other,40.59098956062464,-73.97287334545605
53222308,other,40.62450945483079,-74.0007204745836
53226796,other,40.59821859417691,-73.9697987941941
53219002,other,40.84797749408941,-73.8633185768017
53222968,other,40.77116881296572,-73.95204791215495
53220721,other,40.85656077001446,-73.89536549793606
53218479,other,40.667635722033154,-73.95705357759245
53228023,other,40.68410413473766,-74.00195783662761
53225812,infrastructure,40.574991234160066,-73.9667099527749
54092589,other,40.87047189248189,-73.8995631299925
53218425,other,40.84754419647218,-73.93169047721095
53225704,other,40.80228208692473,-73.96437851816516
53221894,other,40.822300773091754,-73.87299296026107
53220542,drainage,40.60313329195743,-73.75531481949572
53224817,water,40.712246135770165,-73.99494282532837
53221330,other,40.88239015743386,-73.88294246874136
53226103,other,40.67427502491574,-73.94952553906852
53225791,water,40.56403395973135,-74.09969182009011
53221961,other,40.68269329869711,-73.99697136653134
53223947,other,40.52210733837537,-74.21685457610245
53225278,other,40.70598950009603,-73.9075655262815
53223781,other,40.65547593615663,-73.9492982913342
53223006,other,40.581256895352176,-74.16279750065928
53234588,other,40.70645693582352,-73.78490097236117
53220399,other,40.746896215091326,-73.798939342605
53233052,other,40.660102023844665,-73.75681069606225
53228393,other,40.6944738803682,-73.99831953265728
53225186,other,40.660338573109456,-73.83053976015229
53224911,other,40.67634313622726,-73.91092698207576
53218458,other,40.583511602379126,-73.95969979077275
53224950,other,40.768700747733355,-73.90313905763853
53218708,other,40.636124260877125,-73.98379010328941
53233127,other,40.85276061492511,-73.86488115928101
53228622,other,40.72645166887514,-73.98171163835781
53218714,other,40.63008961042443,-73.99902007263886
53230878,other,40.68967047405908,-73.97453518106423
53218507,other,40.67473206936749,-73.96010972602168
53228914,other,40.680896003154736,-73.94481545527344
53220907,other,40.88113710491987,-73.9052679730594
53218853,other,40.655685744277605,-73.95923091264818
53232993,other,40.70220585594886,-73.96430576242824
53225437,other,40.71034788473819,-73.87524063101554
53222689,other,40.85120621118821,-73.93267351623494
53218772,other,40.64677364110901,-73.98123978846584
53225092,other,40.66579165034472,-73.85397027863361
45599314,infrastructure,40.72934454691368,-73.98112273387284
53220826,water,40.65188082572639,-73.93912374662081
53219039,other,40.603560922699764,-73.99211687990359
53225838,other,40.88504149149842,-73.90368923540154
53220028,other,40.62160358023526,-73.91411595032739
53224671,other,40.66703322612265,-73.73354241754816
53223710,other,40.78206540233939,-73.80575886324019
53218936,other,40.75116885401731,-73.98677580990558
53220798,other,40.68799741506668,-73.90741017748854
53221161,other,40.75905822710191,-73.88775791291204
53220440,other,40.827110496494356,-73.91607652053013
53220975,other,40.742298555023446,-74.00260551147174
53224263,other,40.7140618829546,-73.9529114410158
53224632,other,40.86193738190631,-73.92714580413967
53231961,other,40.88442949051457,-73.89739386681174
59379411,other,40.60187561608433,-73.99209547197714
53221458,other,40.81200506790863,-73.95959756064472
53225016,other,40.68273516303572,-73.81232181250553
53220953,other,40.89187241649303,-73.86016845296459
53221746,streetlights,40.66612028874303,-73.82224163785928
53224747,other,40.82450393285031,-73.87727762769661
53218632,other,40.67572461917655,-73.869641720217
53220829,infrastructure,40.785870616439354,-73.82166193019815
53223639,other,40.71757490788848,-73.90392040938895
54277287,other,40.726268650596374,-73.7954297729987
53224753,other,40.65099388458564,-73.96440523742638
53231007,other,40.872729111271745,-73.9008107951519
53224387,other,40.66420754696583,-73.92936227605021
59384510,other,40.81407761172236,-73.8948253677055
53219708,other,40.670518408171745,-73.86309825635868
53219005,other,40.773187723118454,-73.89014585756999
53220869,other,40.753812797840126,-73.94969266191669
53225582,infrastructure,40.70301583963574,-73.88782341790954
53220087,other,40.82808988238997,-73.93684869791007
53219479,other,40.63584173287859,-73.96149490168872
53233259,other,40.70682748270426,-73.94836474201284
53225622,other,40.80029610120122,-73.95247480385893
53223619,other,40.609030131678345,-73.96898715869506
53222528,other,40.84442741065044,-73.8905125271831
53234135,other,40.672840272777016,-73.96670797766903
53221512,other,40.84571880577458,-73.94137520366428
53222551,other,40.85167635379225,-73.93904571564656
53219625,other,40.852492262115156,-73.92202685973932
53220616,water,40.65188082572639,-73.93912374662081
53232606,other,40.63155645026359,-73.96829577020803
53221620,other,40.63554587582819,-73.96326773315737
53218300,other,40.70055396499139,-73.93421415603811
53219537,other,40.89187241649303,-73.86016845296459
53224427,other,40.62096137147885,-73.94576195078893
53218517,other,40.82810974802932,-73.93805194010815
53220384,other,40.73440164975223,-73.99193180996154
53222433,other,40.89187241649303,-73.86016845296459
53222560,other,40.83192412618967,-73.88933699883728
53221217,other,40.80403914016248,-73.95753989281675
53223707,other,40.75343724623392,-73.93429186669192
53227587,other,40.8338655128177,-73.9127470003725
53221112,other,40.6205847570366,-74.07893056475126
53218943,other,40.821874581289215,-73.93961497255573
53218664,other,40.770232873791926,-73.82462089850777
53222675,other,40.83445032900388,-73.90943604587814
53223894,other,40.82546202939433,-73.88273548934029
53228921,other,40.747060436157525,-73.874009780677
53224167,other,40.73574937484077,-73.8532107502099
53229524,other,40.68082955863207,-73.99572758290569
53221127,other,40.7855917566664,-73.97653514888074
53220633,other,40.62760314430234,-73.92100349432386
53223703,other,40.678905451838204,-74.0047986692692
53226316,water,40.67430017210823,-73.94452890278387
53225222,other,40.70073424824792,-73.98972871152452
53224359,streetlights,40.76213238593203,-73.80374134484566
53219487,water,40.8012971107959,-73.96563238859217
53222082,other,40.68788336112631,-73.95557658311836
53225803,other,40.845948351646115,-73.9065361273612
53219939,other,40.833763293683774,-73.94225302703232
53218262,other,40.89187241649303,-73.86016845296459
53225046,other,40.62661084268521,-73.93639809807796
53225727,water,40.71420589838205,-73.99500760660776
53222550,other,40.887820315108186,-73.91575033091165
53220228,other,40.62409827613412,-74.03374322008011
53222407,other,40.89187241649303,-73.86016845296459
53224392,other,40.76854254741868,-73.9111863471733
53220900,other,40.747689034045315,-73.97378397918352
53219799,other,40.82127039726054,-73.89972048984208
53222177,other,40.59544038045344,-73.98022438067312
53218321,other,40.531712296235575,-74.2028919249479
53232479,other,40.841898080623764,-73.93603686370562
53218925,other,40.67565806385691,-73.9631230658918
53224402,other,40.70278560500338,-73.91008016550087
53226193,other,40.81067332885121,-73.91740495406697
53221770,water,40.734436446632444,-73.89504489176187
53226003,other,40.810757565503245,-73.91622718913823
53219900,other,40.84587583239976,-73.94252443222676
53224596,other,40.879228024835,-73.87235263653268
54082826,other,40.62352798084708,-73.94624978072031
53222045,other,40.72632633583728,-73.94271412929247
53219029,other,40.85167635379225,-73.93904571564656
53221300,other,40.85601955156794,-73.86571319913351
53218201,other,40.86915904820484,-73.88399259888972
53224445,other,40.66744212960837,-73.96065118488112
53227897,other,40.89235138503465,-73.85905705946995
53220692,other,40.72023519816055,-73.98447672523356
53221048,other,40.75537598878257,-73.88345082097005
53223816,other,40.659899540758296,-73.98354283893377
53234739,other,40.81366129692933,-73.95530838522431
53222549,other,40.871975702920814,-73.88736482567883
53218385,other,40.83120523901346,-73.94806224528304
53229401,other,40.67696653437602,-73.98333313058772
53222836,other,40.62585532526228,-73.93514516665297
53218755,other,40.73167992014164,-73.89721052675432
53220640,other,40.69943678558501,-73.93411067217612
53226900,other,40.7195477709843,-73.74137364078607
53222721,other,40.85443910241399,-73.8984233658015
53218604,other,40.874963810513094,-73.8758212827964
53221747,other,40.8718017021353,-73.88625869390397
53224939,other,40.554587820329246,-74.14901102445721
53219853,other,40.67252027160067,-73.96155303546777
53218569,other,40.65023070460669,-73.9742006695313
53231380,other,40.64242013684622,-73.94577333476862
53219788,other,40.73773183781953,-73.79915103065638
53218905,other,40.78764839205892,-73.98104842381197
53223468,other,40.74910993321269,-73.82870067318392
53223039,other,40.63813804302246,-73.94529399786347
53230425,other,40.65632294977704,-73.91122762395894
53219733,other,40.71251218274396,-73.99160621081074
53223497,other,40.72766459450237,-73.8265008265235
53224556,other,40.84775825869232,-73.83236471954034
53225964,other,40.725263450658694,-73.983440109858
53219593,other,40.89187241649303,-73.86016845296459
53219594,other,40.89187241649303,-73.86016845296459
53227750,other,40.624032370082816,-73.93441566132527
51099578,other,40.639025502495386,-73.94153157406532
54091810,other,40.77117765224805,-73.95352452139042
53219379,other,40.76154468058854,-73.92445081254765
53218254,other,40.86031793251947,-73.92702466318532
53228997,other,40.87174255826784,-73.87937075335041
53220990,other,40.89187241649303,-73.86016845296459
53221473,other,40.67315879219607,-73.94546354742667
53225125,other,40.78560980350062,-73.95434138691049
53220441,other,40.85548770907988,-73.83072576742336
53220877,other,40.68927473695387,-73.86417035651053
53224869,other,40.66141726830729,-73.89799281322153
53221342,other,40.86958584547678,-73.88263236892325
53223354,water,40.63206091601973,-74.10298190268813
53223720,other,40.61340815978208,-74.14097348918891
53222972,other,40.76514338803653,-73.81366715938006
53224408,other,40.70775736225015,-73.79978598436149
53222653,other,40.876780436002754,-73.88068146935485
53221033,other,40.84429226250634,-73.8290157864395
53219280,other,40.7222179088672,-74.00344530986908
53220525,other,40.697237959088355,-73.9167520981928
53229168,other,40.66141726830729,-73.89799281322153
53222848,other,40.81298782545684,-73.91838108985878
53221152,other,40.71444508262168,-73.88508071895389
53223353,water,40.88453177269159,-73.89217153366205
53225553,other,40.822983320216565,-73.89685631770723
53222708,other,40.8161131344278,-73.95742741985539
53220395,other,40.72222880101653,-73.9943540200747
53228783,other,40.839793440935914,-73.94228754703161
53224847,other,40.69534653288488,-73.78221773360109
53225027,other,40.75254762665551,-73.87440725356583
53224633,other,40.753939997619135,-73.88296967711675
53228575,other,40.85761801143528,-73.90222872194933
53224032,water,40.74444741407468,-73.95563630613543
53218544,other,40.83749465762864,-73.93943816920431
53225875,other,40.59165436698576,-73.79601859607651
53224289,other,40.68349849847838,-73.93515400522416
53218806,other,40.58012627324116,-73.83737085456595
53219000,other,40.853888146026186,-73.88460483116522
53222988,other,40.591099126037996,-73.97192995141364
53220358,other,40.827110496494356,-73.91607652053013
53220258,other,40.68102724002904,-73.8933478684562
53222386,other,40.84146255084295,-73.93764195256516
53224713,other,40.88187740987159,-73.88075911354107
53221109,other,40.746996555853485,-73.8810474508291
53221066,other,40.89187241649303,-73.86016845296459
53226260,other,40.807900150004926,-73.91601043525816
53218454,other,40.7018491222736,-73.82587555263595
53230660,other,40.70424854604789,-73.80724073268362
53224150,other,40.871821535093204,-73.8594223793041
53224011,other,40.712131121569016,-73.95686980340959
53232094,other,40.806048204260044,-73.95047315099791
53223936,roads,40.737086148791384,-73.99407851821431
53230993,other,40.861583766787966,-73.90850975317962
53223189,other,40.76230443033977,-73.9881128442816
53218744,other,40.83477163127759,-73.94434451783218
53222807,other,40.803805319761864,-73.93818653393225
53218233,other,40.89187241649303,-73.86016845296459
53219159,other,40.7164130262823,-73.97594625585157
53218777,other,40.70619877246928,-73.91941353840024
53224059,water,40.88112928298726,-73.91275368203333
53219556,other,40.79902351451313,-73.9425432144577
53229915,other,40.67022341192569,-73.99020924926666
53221670,other,40.73414006374959,-73.82506950941602
53223827,other,40.69055327905644,-73.9151557996503
53225304,other,40.68925608460441,-74.00065266263353
53222111,other,40.633076468003175,-73.95096540810518
53230831,other,40.691731379387164,-73.8596542343681
53218932,other,40.8531676132662,-73.83204383122353
53219756,other,40.72923355138068,-74.00134940476254
53232778,other,40.7140618829546,-73.9529114410158
53232240,other,40.68553192852582,-73.76180196673539
53222157,other,40.71931932534464,-74.00625179302118
53219266,other,40.83843642539645,-73.87004930395817
53218640,other,40.608424933642496,-74.00293522657196
53221860,other,40.69145918728997,-73.86154074248375
53221242,other,40.71097754145741,-73.81488265701564
53224350,other,40.80286978687309,-73.96545819936648
53219431,other,40.79521150956743,-73.94339884466672
53227332,other,40.6468793675077,-73.94950662445166
53221942,other,40.52420633385221,-74.20225405918747
53225355,other,40.83553379197542,-73.82711575105989
53228034,other,40.544562317013956,-74.20817693070302
53222547,other,40.819404407689625,-73.93975450510197
53219289,other,40.65063865026945,-73.953475149636
53220876,other,40.72935291988371,-73.98198866126111
53225329,other,40.85619150113077,-73.85363538447994
53222739,other,40.728885516104064,-73.95097067779339
53225585,other,40.88837148880593,-73.86354294201914
53219351,other,40.74458921934627,-73.88911035315601
53225124,other,40.55309600621489,-74.19565903580585
53221644,other,40.591104565319206,-73.9717247165778
53224707,other,40.82783107833019,-73.92207743925039
53218749,other,40.639767274174396,-73.9630059792081
53219747,other,40.63750406875177,-74.16611624240521
53218301,other,40.67556950453366,-73.98375528003855
53225748,other,40.7140618829546,-73.9529114410158
53222591,other,40.64403787574192,-74.01309485463135
53219867,other,40.795200516881145,-73.94926410873198
53218225,other,40.72614575920444,-73.86006160517164
53221948,water,40.74444741407468,-73.95563630613543
53222802,other,40.807271952361354,-73.9164844348149
53218962,other,40.830820983289755,-73.85932471545999
53219574,other,40.59214530324277,-73.95577709764795
53219974,other,40.67159805465037,-73.94197886889226
53220151,other,40.75233783875398,-73.86604492538446
53219219,infrastructure,40.746948189254454,-74.00056300298833
53225685,other,40.7140618829546,-73.9529114410158
53218503,other,40.56236217383555,-74.1146144798054
53224617,other,40.866705031077046,-73.90142718374899
53227381,other,40.65259445572948,-73.9505402193245
53232294,other,40.689959215506846,-73.84746636935061
53234475,other,40.63274732038419,-73.97858485199262
53224661,other,40.887625421964486,-73.86395676982622
53220598,other,40.65632809026737,-73.72865475592272
53225217,streetlights,40.865347221569195,-73.8510157432694
53230223,other,40.63916424495327,-73.97659384600426
53221019,other,40.78123194463493,-73.94785568731834
53221148,other,40.7079971498025,-73.92021209303189
53219374,other,40.69977821848639,-73.9826385976589
53219489,other,40.67393358419363,-73.7967150772441
53226110,other,40.66939761366467,-73.95637474115432
53227965,other,40.835234463323296,-73.87104573564581
53226659,other,40.57663046585556,-73.98146827786938
53225203,other,40.58783462704879,-74.06918518891939
53223419,other,40.650302576438804,-74.02342808040646
53231822,other,40.64237008958395,-73.97627562777207
53218837,other,40.68601392333893,-73.91967230258771
53223152,other,40.77253112018823,-73.78763363338376
53220848,other,40.777416188111125,-73.98208759100878
53222543,other,40.85615376619668,-73.89754593605456
53231988,other,40.69279807170382,-73.92232179839621
53223149,other,40.77211130009335,-73.89552706945217
53234615,other,40.82720730867556,-73.92513506214082
53221944,other,40.785870616439354,-73.82166193019815
53221557,other,40.74505563006182,-73.74664828128553
53230476,other,40.852363562147,-73.8656772037218
53219996,other,40.853888146026186,-73.88460483116522
53219916,other,40.82215385559872,-73.8621720769862
53224634,other,40.71036086432717,-73.78243920558405
53221934,other,40.662864386733716,-73.94240818563954
53218773,other,40.629625133072665,-74.13811481379616
53224365,other,40.83045666572972,-73.94377357689385
53221823,other,40.62585532526228,-73.93514516665297
53225988,other,40.85443910241399,-73.8984233658015
53224234,other,40.7140618829546,-73.9529114410158
53224132,other,40.82022862378156,-73.9533204551628
53218553,other,40.76784698417174,-73.82415786407424
53221091,other,40.84794906526492,-73.91333937308377
53223411,infrastructure,40.68954818326782,-73.91824371898736
53220653,other,40.6703392190494,-73.89349833852482
53223091,other,40.884203821814445,-73.86483171925777
53218532,other,40.854232345350745,-73.88572121272556
53220212,other,40.67618994220232,-73.90808992074761
53222198,other,40.8246680290586,-73.93834058778813
53224331,infrastructure,40.640694410010305,-73.92723602810364
53220280,other,40.820824785434944,-73.91565450049423
53224892,other,40.87012568705433,-73.86432159961997
53226726,other,40.77651535090865,-73.97876969555985
53224058,infrastructure,40.680908962475456,-73.99206086611586
53222285,other,40.735729957258535,-73.85965177046633
53220650,other,40.54783584909826,-74.19789613698902
53219950,other,40.7399572870709,-74.00238529440949
53223828,other,40.752028747620855,-73.92892266245497
53220952,other,40.89187241649303,-73.86016845296459
53219695,other,40.83655656640166,-73.9039401169488
53221801,other,40.61379345178193,-74.00880278610202
53220049,other,40.670953467314575,-73.93756705375614
53222173,other,40.828140776974166,-73.85166635581604
53223885,other,40.63050385649642,-73.97388405280167
53218366,other,40.84682844762728,-73.85513066863177
53219809,other,40.652461128591106,-73.9533333272863
53220019,other,40.58525947486128,-73.96648161840824
53222976,other,40.690248323746694,-73.8249610933792
53220431,water,40.674606662010916,-73.8898539965495
53218335,other,40.723493674063505,-73.98825686038411
53226039,other,40.87914134996611,-73.87340149307286
53229431,other,40.84429905361251,-73.88011807458439
53225352,other,40.6435027918748,-73.91217796092056
53221191,other,40.83719762959903,-73.92446609200726
53222137,other,40.83018108184639,-73.87571695998837
53225720,other,40.82098584510517,-73.8916133211247
53218370,other,40.75537598878257,-73.88345082097005
53218878,other,40.59205814327016,-73.96579408754134
53226335,other,40.60692445160011,-73.95889334437521
53228112,other,40.76238006951449,-73.80412686776086
53225981,other,40.741460379903295,-73.85913808983162
53225318,other,40.68443685749042,-73.97772453928852
53233042,other,40.74702503890001,-73.92455750321088
53220529,other,40.77443098425964,-73.9055028115467
53219578,other,40.61409480924048,-73.94200363673573
53218843,other,40.693557110777796,-73.99740721157508
53225902,other,40.831361062316724,-73.87805635296453
53226180,other,40.65225953213826,-73.957236461429
53222091,streetlights,40.67131094645842,-73.94418892326354
53220784,other,40.65189279257851,-73.94101936202976
53227827,other,40.83028707339001,-73.86040267280335
53218683,other,40.811296766637156,-73.80409850542243
53221281,other,40.640269393073254,-73.972107444611
53226023,other,40.834081994828864,-73.90534220022118
53222854,other,40.64399187878589,-74.00432050628162
53226753,other,40.726135351917364,-73.85174548375475
53224554,other,40.786191898482066,-73.94254345433353
53230463,other,40.653931271028036,-73.86742822160925
53233732,other,40.88403476236139,-73.89796587318172
53218276,other,40.749744431293465,-73.98768920636152
53221279,other,40.63986806064265,-74.01683055693401
53219152,other,40.83803086785193,-73.91128150717147
53231317,water,40.79284032335736,-73.96470860348215
53218547,other,40.66458086659981,-73.9572754212185
53234117,other,40.6020240776167,-74.00259643615956
53222665,other,40.8493413369639,-73.9353393271728
53221819,other,40.785200884703514,-73.81813931526725
53223991,other,40.76039831569638,-73.83189873948581
53231652,other,40.6204931449581,-74.1512474079191
53224722,other,40.856596575724254,-73.84035678608014
53224298,streetlights,40.73550094724906,-73.92212046458074
53232101,other,40.58768455456925,-73.98710341564707
53227753,other,40.62552367438654,-74.09228340642143
53231528,other,40.86796004264542,-73.89295405807148
53221168,other,40.80346527143851,-73.96505695190305
53225761,other,40.66880852588666,-73.77715315813982
53218662,other,40.707220876408506,-73.77251617686116
53229221,other,40.83564040977872,-73.91517676434246
53223835,other,40.72868943184103,-73.98761732795217
53223591,other,40.81569991402216,-73.8635546664704
53219749,other,40.81893932615144,-73.88698130286163
53221867,other,40.539375945519296,-74.21781365752855
53224719,other,40.837935518509404,-73.91590023822336
53222795,other,40.7002144042812,-73.94631417934247
53233554,other,40.775760408825754,-73.91014771189879
53230411,other,40.83936944606976,-73.91754641355783
53226209,other,40.79963082772893,-73.94402354896373
53220080,other,40.76387972999366,-73.96194431731679
53221820,other,40.683493012054186,-73.88037111170821
53226340,other,40.597433168931346,-73.94615195676336
53221432,other,40.863154824278624,-73.92962818220569
53221550,other,40.72874556452143,-73.87481652212328
53220033,other,40.85844908543241,-73.87093565311815
53220034,other,40.58225595277286,-74.10366832558398
53225284,other,40.697733049025736,-73.96827511972579
53220954,other,40.89187241649303,-73.86016845296459
53218885,other,40.732337876220505,-74.00049793190519
53221853,other,40.6277385971525,-73.98156576577298
53222352,other,40.89187241649303,-73.86016845296459
53225858,other,40.64242196516786,-73.92465775521508
53219430,other,40.705508768140184,-73.86778010014714
53218868,other,40.6678818970187,-73.93241878910723
54082473,other,40.667940911262306,-73.89417985555775
53225052,other,40.633931886648945,-73.94877422722617
53222140,other,40.74337341241254,-73.86598716452751
53221731,other,40.68275183564692,-73.77564271706753
53218436,other,40.755565644321905,-73.83059347975004
53218754,other,40.671264184737645,-73.93365905220439
53219153,other,40.871235602201345,-73.88555820825009
53232229,other,40.587396329139935,-73.94809344936995
53223633,other,40.536662026541535,-74.22316171214653
53218926,other,40.67411189727014,-73.75573937731222
53223766,other,40.67872530355283,-73.75162323585477
53224974,other,40.716106789729196,-73.8028740317472
53223068,other,40.83275969828856,-73.89651954698697
53220916,other,40.833445471521706,-73.94339161403293
53230882,other,40.63305810599137,-73.94671047347403
53220922,other,40.62625453575505,-73.96255595573979
53223247,other,40.72338505979056,-73.81221816062715
53227389,other,40.78873922619366,-73.94882484764729
53223239,other,40.733696600415,-73.7473517874503
53227572,other,40.82473618294532,-73.92379011362037
53233437,water,40.670047237718656,-73.9540924570335
53219148,other,40.827110496494356,-73.91607652053013
53231603,other,40.70519559958017,-73.79927430744581
53225071,other,40.672506043103645,-73.90757948704588
53223222,other,40.62761287738602,-73.91539432491153
53225104,other,40.631374828050724,-73.91024843817424
53224468,roads,40.71398916344898,-73.99872665524848
53218263,other,40.89187241649303,-73.86016845296459
53231430,other,40.7140618829546,-73.9529114410158
53231408,other,40.88272909830255,-73.8789240876119
53220884,other,40.5864729121362,-73.80433678466484
53220842,other,40.6791809682598,-73.78430393507122
53218567,other,40.613903528338646,-74.07543972234727
53224545,other,40.66648249957602,-73.93807588830035
53225063,other,40.6765443801799,-73.97198411771943
53224133,other,40.67499646526198,-73.90871885321977
53221929,other,40.80620064637726,-73.95405273448591
53233067,other,40.73080820401031,-73.98605101040371
53219928,other,40.6822147540861,-73.90812848839629
53222119,other,40.89187241649303,-73.86016845296459
53222183,other,40.668975522692,-73.74895595079379
53222000,other,40.82557253312548,-73.94119783727703
53223176,other,40.63821942108572,-73.95581502290973
53221737,other,40.88106264674276,-73.89840077133333
53224538,other,40.846968319307265,-73.90863467345714
53222973,other,40.75485618139685,-73.82970014570739
53219991,other,40.70525940726069,-73.80771029332841
53222306,other,40.89187241649303,-73.86016845296459
53220140,other,40.69725251699294,-73.9179133102238
53223367,other,40.607963309321924,-73.7435958601593
53226050,other,40.87789645757858,-73.88503687258934
53219980,other,40.84568010074702,-73.91455675121453
53219386,other,40.85167635379225,-73.93904571564656
53226277,other,40.692694174911225,-73.91892861855938
53231850,other,40.84587214574811,-73.93554871798106
53224763,other,40.67080111777069,-73.93506180885333
53221447,other,40.66736766206035,-73.85655499745121
53228534,other,40.70765844435364,-73.79972496457482
53231867,other,40.61246540873713,-74.08317460128792
53219137,other,40.72992646032319,-73.81092607497038
53231556,other,40.58460514228505,-73.81859916286264
53222409,other,40.89187241649303,-73.86016845296459
53219411,other,40.70005517587663,-73.9222267877883
53219330,other,40.67944075301086,-73.87182290002946
53218516,other,40.868228557459354,-73.88954775096116
53225631,other,40.82046589935983,-73.89327614030358
53220839,other,40.67732017840016,-73.90732766009248
53218443,other,40.660731855608134,-73.92380807922973
53222446,other,40.727123935300355,-73.98049919274871
53233562,other,40.76135559185645,-73.81027734083415
53220307,other,40.63516319104108,-74.15802178316987
53223700,other,40.68937812454771,-73.8267050200366
53225141,other,40.63400466494756,-74.03219538535201
53232394,other,40.62039640522112,-74.03070113306839
53223169,other,40.698361816717174,-73.89480596085944
53221583,other,40.6139089810127,-73.99547253630668
53219440,other,40.89187241649303,-73.86016845296459
53224252,other,40.72432865638317,-73.99770545918592
53219513,other,40.75880572781899,-73.91691699612622
53221188,other,40.63282246807878,-73.97082795253202
53231835,other,40.82473618294532,-73.92379011362037
53222193,other,40.655130846729016,-73.87237417153659
53233679,other,40.7223227728521,-73.88258145518338
53220705,other,40.80225484364876,-73.95693421623459
53221164,other,40.66936158020848,-73.92401811382635
53232555,streetlights,40.86301889208413,-73.85687051056469
53222522,other,40.63838094134733,-73.94245093507828
53219737,other,40.582706104444256,-73.95622616248556
53220265,other,40.7020566853598,-73.77890661691907
53224353,other,40.617485356318696,-73.99358124696198
53219849,other,40.67295723636811,-73.72916390203108
59389872,other,40.59823053931436,-73.94917971750843
53224438,other,40.793701093747316,-73.94176410629078
53226263,other,40.74329317230181,-73.97988457357077
53234696,other,40.631724923041055,-73.98839550227002
53222281,other,40.89187241649303,-73.86016845296459
53221156,other,40.7079971498025,-73.92021209303189
53229485,other,40.543631714507555,-74.14594626851584
53218502,other,40.68269329869711,-73.99697136653134
53225893,other,40.77156979077409,-73.92647927553604
53219054,other,40.60780725152857,-74.00568672377686
53224177,other,40.7140618829546,-73.9529114410158
53228513,other,40.848560857376505,-73.90597582220016
53222405,other,40.78360418499796,-73.94963043215569
53219701,other,40.60365159116164,-73.99356457070047
53225747,other,40.72340051149166,-73.98993807355491
53233279,other,40.85443910241399,-73.8984233658015
53223893,other,40.77202514485779,-73.97980007751978
53218894,other,40.604431166741776,-73.97430839993523
53220133,other,40.62585532526228,-73.93514516665297
53221873,other,40.733265489146454,-74.00514897623658
53221139,other,40.839416361810436,-73.85189419592929
53218771,other,40.81430567643093,-73.9473167779798
53218298,other,40.89187241649303,-73.86016845296459
53220781,other,40.83314074259606,-73.92845296220612
53225762,streetlights,40.61960532878832,-73.94551810926144
53225404,other,40.79004880710789,-73.97467013170102
53225039,other,40.596331184859906,-73.96380062685692
53218587,other,40.64193460115792,-73.98133483512869
53231656,other,40.624249568010825,-74.16219630175284
53222565,other,40.821004538223384,-73.93967718323563
53220735,other,40.708878414145865,-73.99855722705524
53224912,other,40.65138052340503,-73.97312988917385
53219221,other,40.61651382366276,-74.02537207572033
53227755,other,40.85312519106169,-73.91653530315506
53221437,other,40.722868932451526,-73.89384010120041
53222420,other,40.81420351571146,-73.95938669284003
53221952,other,40.62903088285389,-73.96701083562357
53221194,other,40.769106596739036,-73.92468050717366
53233832,other,40.82433062847737,-73.87436932610971
53225888,other,40.68186874489509,-73.8095480314343
53220988,other,40.89187241649303,-73.86016845296459
53224061,roads,40.73091405200682,-73.88276115563855
53220448,other,40.85517945631178,-73.88591117347879
53224486,other,40.71816345845766,-73.98934724486317
53231445,other,40.7140618829546,-73.9529114410158
53229369,other,40.63562278039903,-74.03657377835515
53222237,other,40.69462465635153,-73.90241725637043
53220298,other,40.749576952977044,-73.98724170445155
53218815,other,40.608182380329715,-73.74833100055571
53223079,other,40.67284974353703,-73.97129711772588
53223610,other,40.776219080747076,-73.94574381246505
53221874,other,40.814971886050564,-73.91048132929174
53220496,other,40.775963891680334,-73.82104577944713
53221888,other,40.76958062747012,-73.91559304356464
53225212,other,40.87163806818829,-73.89919617642913
53223812,other,40.83554441135106,-73.91526723176317
53218984,other,40.86985259751534,-73.83775060409742
53222660,other,40.64732813801519,-73.95273151174922
53221474,other,40.75110854400235,-73.90180396065647
53226195,other,40.88959410578062,-73.89950530491406
53219791,other,40.660905078924074,-73.94922207805784
53223052,other,40.8100053398173,-73.94290220029173
53219157,other,40.74448884364011,-73.99655353842132
53229036,other,40.865735666335645,-73.89466412764233
53226256,other,40.66821332136448,-73.89491839423789
53221107,other,40.75533887421228,-73.998585096338
53222227,other,40.66768485127479,-73.94368729861056
53226205,other,40.612692132959964,-73.95394100797147
53231860,other,40.854073015423,-73.90360756019193
53220226,other,40.67289128714317,-73.92390233801905
53219767,other,40.7855917566664,-73.97653514888074
53224257,other,40.6140978751121,-73.9883949647302
53230182,other,40.69764392828136,-73.99372499525661
53219656,other,40.82703110843397,-73.93811437106463
53224174,other,40.7140618829546,-73.9529114410158
53219547,other,40.810135406917674,-73.913717339293
53220459,other,40.79949890665925,-73.94366608740741
53218522,other,40.67931178063735,-73.91294200460561
53221198,other,40.63573606360285,-73.950722054224
53225544,infrastructure,40.671548214315536,-73.98243325617722
53221219,other,40.80852984312962,-73.92154012431767
53219205,other,40.6297452067038,-74.03053250623685
53234701,other,40.87505891796133,-73.8749351972518
53234435,other,40.71323265304137,-73.79635714787311
53227313,other,40.67249434317143,-73.83754577837165
53222151,other,40.69990189058058,-73.92706321342791
53221568,other,40.64386773155288,-73.9871934522071
53220846,other,40.69462465635153,-73.90241725637043
53231864,other,40.60265000373804,-73.96474791605162
53221256,other,40.83318991198576,-73.94278112085219
53222143,other,40.89187241649303,-73.86016845296459
53219721,other,40.89187241649303,-73.86016845296459
53226358,water,40.85810121375355,-73.90910740831123
54082838,other,40.84470301722179,-73.89171563538243
53223667,other,40.67669279124,-73.95523793878783
53222065,other,40.683265300442145,-73.86093038976577
53218215,other,40.89187241649303,-73.86016845296459
53224771,other,40.831195914300594,-73.93037024266778
53222544,other,40.823562528881716,-73.94499342041004
53224746,other,40.795233730752535,-73.97526046314282
53221368,other,40.58423743915334,-73.97325050893596
53219142,other,40.8412659969709,-73.93964435436651
53224564,other,40.72074931968905,-73.74476732819518
53224492,other,40.87259705326843,-73.88844490217402
53220176,other,40.72224038601967,-73.8825383084309
53226186,other,40.68394528875708,-73.95736036516126
53225725,other,40.7140618829546,-73.9529114410158
53219927,other,40.82044163511422,-73.85365620697301
53221236,other,40.57587011420834,-73.96863898066053
53222634,other,40.76744862291508,-73.92445133545704
54111877,other,40.86206643515698,-73.92722881332645
53227550,other,40.74537017040455,-73.92488778793211
53222615,other,40.85443910241399,-73.8984233658015
53219753,other,40.85819291013477,-73.89431457067663
53220688,other,40.57882073828569,-73.95970982100647
53221418,other,40.620166685142166,-73.9891467565503
53224826,infrastructure,40.671181858103964,-73.93368797325004
53218793,other,40.70067296046682,-73.84202850876635
53219339,other,40.874282060826,-73.87739186025902
53226096,other,40.86712348965904,-73.89358088935846
53232244,other,40.68834459976971,-73.97386500456523
53223526,other,40.76775889116189,-73.91294191202533
53222036,other,40.735621785012405,-73.95969800191561
53222751,other,40.811307671445824,-73.94011947016831
53224658,other,40.74408495837241,-73.98972202817579
53219477,other,40.77253112018823,-73.78763363338376
53221648,other,40.715790023205976,-73.79748563883133
53223450,other,40.6779074669149,-73.91805609503666
53224495,other,40.847304709563886,-73.83379718271301
53227286,other,40.843553530235326,-73.82874300286802
53220836,infrastructure,40.727054569392784,-73.86726471403819
53223783,other,40.86071862772004,-73.83416855960925
53221312,other,40.762802246264215,-73.79592401977689
53222541,other,40.76235703750358,-73.99400046511897
53226086,other,40.83920980381351,-73.87698306368515
53224994,other,40.66842566161654,-73.92409487966248
53221627,other,40.68079394707625,-73.97482700369477
53220168,other,40.64323905643925,-73.98616300500497
53226408,infrastructure,40.70418981095894,-73.87132808523087
53222247,other,40.75050114108838,-73.82300178904647
53222452,other,40.719582684092195,-73.9915800677551
53222577,other,40.85443910241399,-73.8984233658015
53218762,other,40.610723845122536,-74.06861103983442
45602675,other,40.74665956377592,-73.99006809285453
53220150,other,40.677540435552345,-73.94757623909004
53218196,other,40.79835320314698,-73.9607471691232
53221575,other,40.594468493387275,-74.0929750411652
53220318,other,40.746983660766944,-73.86915582179347
53227146,other,40.654074231138665,-73.95133199564049
53223673,other,40.64918983747766,-73.97167487435144
53219337,other,40.75268205845097,-73.80690207104912
53224330,other,40.889666800970794,-73.84802082370895
53220359,other,40.72944556337895,-73.97807751468483
53222558,other,40.658262177214354,-73.92067164435866
53218374,other,40.61157738422847,-73.9823445886919
53224896,water,40.84774206696452,-73.93211678066837
53227044,other,40.85564387743712,-73.88648514506828
53225265,other,40.64538514159256,-73.96999725842761
53218586,other,40.60990706779692,-73.74502543312549
53234690,other,40.88916153730489,-73.86089026553373
53232367,other,40.694442698487634,-73.92308078055608
53221375,other,40.742891962155205,-73.88256324807392
53223709,other,40.627049273192085,-74.02067840762182
53222314,other,40.89187241649303,-73.86016845296459
53225755,other,40.7140618829546,-73.9529114410158
53228456,other,40.735449331605714,-73.84830762830181
53222513,other,40.693752631409524,-73.9214083390647
53223024,other,40.768443398810334,-73.93541787155637
53220215,other,40.824141760547946,-73.85384679462477
53225789,other,40.66387595484403,-73.95159878616775
53220373,other,40.807462634839666,-73.94074062850945
53225144,other,40.873239511871404,-73.90067986315618
53220385,other,40.881979297320136,-73.82869103372353
53224436,other,40.8309935459408,-73.92290485288783
53230914,other,40.74368642066049,-73.88377080240176
53219382,other,40.83113106985418,-73.94792498788648
53221982,water,40.60611652107651,-73.97453103697258
53228815,other,40.85249092762839,-73.93300838489216
53223136,other,40.67083967902187,-73.86790650617311
53220454,other,40.61492455099246,-73.99538242103526
53227464,other,40.59784648920786,-74.00288074752882
53225910,other,40.8574561415755,-73.90230848973643
53223180,other,40.7894557492784,-73.9432773425135
53220219,other,40.74294835560605,-73.98699035941927
53220057,other,40.64062680319475,-73.96430627352869
53225598,other,40.73424850479617,-73.95719466810365
53221931,drainage,40.6378449758229,-73.98199894813277
53221005,other,40.85600140794536,-73.866635039132
53221114,other,40.65497427433474,-73.95764918337527
53220555,other,40.703429845891876,-73.89019949731798
53220090,other,40.73714998181595,-73.72480013188945
53222342,other,40.64310353877601,-73.91790425480598
53234054,drainage,40.752687456971174,-74.00052695845008
53219983,other,40.574897042198685,-73.97397778873605
53221698,other,40.60538655134568,-73.95667586490549
53223218,other,40.76754409395394,-73.91201078406542
54094745,other,40.773850902178346,-73.89796139677534
53226258,other,40.65224316895134,-73.95752117771423
51115556,other,40.69366669890858,-73.93800015525011
53233737,other,40.66226781877715,-73.95232804435604
53222885,other,40.83803086785193,-73.91128150717147
45608200,other,40.642543862608974,-73.89169418497917
53221598,other,40.645533277091126,-73.89502257985487
53218351,other,40.77072323102476,-73.920566566059
53218686,other,40.676174182071755,-73.7654297504064
53224308,streetlights,40.828645283870905,-73.83131800318009
53222835,other,40.65084517791528,-73.94278614805258
53233074,other,40.81297270285091,-73.93819608236085
53219745,other,40.70061862439761,-73.91935897334801
53221520,other,40.652461128591106,-73.9533333272863
53219786,other,40.85443910241399,-73.8984233658015
53225668,other,40.7140618829546,-73.9529114410158
53229053,other,40.677070828995085,-73.98328623676551
53220205,other,40.65497427433474,-73.95764918337527
53222100,other,40.86739505807879,-73.92476442058863
53228400,other,40.728279629213354,-73.9814152821255
53224706,other,40.581607788277346,-73.95520086543944
53228305,roads,40.6843677255838,-73.91303636089765
53229212,other,40.69342363348763,-73.84579242461339
53223684,other,40.70550471181509,-73.88717722773042
53223047,other,40.73041926203133,-73.80686194832558
53222218,other,40.73424850479617,-73.95719466810365
53225718,other,40.659035522713545,-73.91584825302265
53220248,other,40.820278732626136,-73.87627017398431
53219317,water,40.73347934683617,-73.99104428868257
53224148,other,40.83971431784294,-73.94324171872209
53223422,other,40.70957827965989,-73.99634253218356
53222586,other,40.74088397848108,-73.85255709453148
53223058,other,40.80133536650071,-73.96506529386701
