tamil_id,text_tamil,category_id,category_name,language,district_tamil,clean_text
TN-NLP-5122,அண்ணா சாலையில் உள்ள பெரும் பள்ளத்தால் போக்குவரத்து நெரிசல் மற்றும் விபத்துக்கள் ஏற்படுகிறது. (மண்டலம்: தாம்பரம்),roads,Road Damage & Potholes,ta,தாம்பரம்,அண்ணா சாலையில் உள்ள பெரும் பள்ளத்தால் போக்குவரத்து நெரிசல் மற்றும் விபத்துக்கள் ஏற்படுகிறது. (மண்டலம்: தாம்பரம்)
TN-NLP-5400,கோடம்பாக்கம் தெருவில் கழிவுநீர் குழாய் உடைந்து துர்நாற்றம் வீசுவதுடன் சுகாதார சீர்கேடு ஏற்பட்டுள்ளது. (மண்டலம்: தாம்பரம்),drainage,Drainage & Sewage Overflow,ta,தாம்பரம்,கோடம்பாக்கம் தெருவில் கழிவுநீர் குழாய் உடைந்து துர்நாற்றம் வீசுவதுடன் சுகாதார சீர்கேடு ஏற்பட்டுள்ளது. (மண்டலம்: தாம்பரம்)
TN-NLP-6447,பெருங்குடி ஓஎம்ஆர் சாலையில் மின்கம்பத்தில் இருந்து ஆபத்தான முறையில் மின்வயர் தொங்குகிறது. (மண்டலம்: தாம்பரம்),streetlights,Streetlights & Electrical Hazards,ta,தாம்பரம்,பெருங்குடி ஓஎம்ஆர் சாலையில் மின்கம்பத்தில் இருந்து ஆபத்தான முறையில் மின்வயர் தொங்குகிறது. (மண்டலம்: தாம்பரம்)
TN-NLP-5556,அசோக் நகர் 4வது அவென்யூவில் மழைநீர் வடிகால் அடைப்பால் வீடுகளுக்குள் தண்ணீர் புகுந்துள்ளது. (மண்டலம்: சென்னை தெற்கு),drainage,Drainage & Sewage Overflow,ta,சென்னை தெற்கு,அசோக் நகர் 4வது அவென்யூவில் மழைநீர் வடிகால் அடைப்பால் வீடுகளுக்குள் தண்ணீர் புகுந்துள்ளது. (மண்டலம்: சென்னை தெற்கு)
TN-NLP-5837,கோயம்பேடு சந்தை சாலையில் குப்பைத் தொட்டிகள் நிரம்பி வழிந்து சுகாதாரக் கேடு விளைவிக்கிறது. (மண்டலம்: ஆவடி),garbage,Garbage & Waste Disposal,ta,ஆவடி,கோயம்பேடு சந்தை சாலையில் குப்பைத் தொட்டிகள் நிரம்பி வழிந்து சுகாதாரக் கேடு விளைவிக்கிறது. (மண்டலம்: ஆவடி)
TN-NLP-6629,சிந்தாதிரிப்பேட்டை கூவம் நதி பாலத்தின் சிமெண்ட் கைப்பிடி சுவர் உடைந்து அபாயகரமாக உள்ளது. (மண்டலம்: சென்னை தெற்கு),infrastructure,Public Infrastructure Damage,ta,சென்னை தெற்கு,சிந்தாதிரிப்பேட்டை கூவம் நதி பாலத்தின் சிமெண்ட் கைப்பிடி சுவர் உடைந்து அபாயகரமாக உள்ளது. (மண்டலம்: சென்னை தெற்கு)
TN-NLP-6737,கோயம்பேடு மேம்பாலம் அருகில் உள்ள நகராட்சி பேருந்து நிழற்கூரை சேதமடைந்துள்ளது. (மண்டலம்: தாம்பரம்),infrastructure,Public Infrastructure Damage,ta,தாம்பரம்,கோயம்பேடு மேம்பாலம் அருகில் உள்ள நகராட்சி பேருந்து நிழற்கூரை சேதமடைந்துள்ளது. (மண்டலம்: தாம்பரம்)
TN-NLP-5617,கோயம்பேடு சந்தை சாலையில் குப்பைத் தொட்டிகள் நிரம்பி வழிந்து சுகாதாரக் கேடு விளைவிக்கிறது. (மண்டலம்: சென்னை வடக்கு),garbage,Garbage & Waste Disposal,ta,சென்னை வடக்கு,கோயம்பேடு சந்தை சாலையில் குப்பைத் தொட்டிகள் நிரம்பி வழிந்து சுகாதாரக் கேடு விளைவிக்கிறது. (மண்டலம்: சென்னை வடக்கு)
TN-NLP-5605,கோயம்பேடு சந்தை சாலையில் குப்பைத் தொட்டிகள் நிரம்பி வழிந்து சுகாதாரக் கேடு விளைவிக்கிறது. (மண்டலம்: ஆவடி),garbage,Garbage & Waste Disposal,ta,ஆவடி,கோயம்பேடு சந்தை சாலையில் குப்பைத் தொட்டிகள் நிரம்பி வழிந்து சுகாதாரக் கேடு விளைவிக்கிறது. (மண்டலம்: ஆவடி)
TN-NLP-5531,ராயப்பேட்டையில் திறந்தவெளி கழிவுநீர் கால்வாயில் இருந்து சாக்கடை நீர் சாலையில் வழிகிறது. (மண்டலம்: சென்னை வடக்கு),drainage,Drainage & Sewage Overflow,ta,சென்னை வடக்கு,ராயப்பேட்டையில் திறந்தவெளி கழிவுநீர் கால்வாயில் இருந்து சாக்கடை நீர் சாலையில் வழிகிறது. (மண்டலம்: சென்னை வடக்கு)
TN-NLP-6919,வேளச்சேரி குடியிருப்பு பகுதியில் தெருநாய்களின் தொல்லை அதிகரித்து பொதுமக்கள் அச்சமடைந்துள்ளனர். (மண்டலம்: சென்னை மத்திய மண்டலம்),other,Other / General Municipal Operations,ta,சென்னை மத்திய மண்டலம்,வேளச்சேரி குடியிருப்பு பகுதியில் தெருநாய்களின் தொல்லை அதிகரித்து பொதுமக்கள் அச்சமடைந்துள்ளனர். (மண்டலம்: சென்னை மத்திய மண்டலம்)
TN-NLP-5118,தி. நகர் உஸ்மான் சாலை சந்திப்பில் தார் தளம் அடித்துச் செல்லப்பட்டு பெரிய குழி உருவாகியுள்ளது. (மண்டலம்: சென்னை தெற்கு),roads,Road Damage & Potholes,ta,சென்னை தெற்கு,தி. நகர் உஸ்மான் சாலை சந்திப்பில் தார் தளம் அடித்துச் செல்லப்பட்டு பெரிய குழி உருவாகியுள்ளது. (மண்டலம்: சென்னை தெற்கு)
TN-NLP-6767,சிந்தாதிரிப்பேட்டை கூவம் நதி பாலத்தின் சிமெண்ட் கைப்பிடி சுவர் உடைந்து அபாயகரமாக உள்ளது. (மண்டலம்: ஆவடி),infrastructure,Public Infrastructure Damage,ta,ஆவடி,சிந்தாதிரிப்பேட்டை கூவம் நதி பாலத்தின் சிமெண்ட் கைப்பிடி சுவர் உடைந்து அபாயகரமாக உள்ளது. (மண்டலம்: ஆவடி)
TN-NLP-5707,திருவான்மியூர் கடற்கரை சாலையில் கட்டுமானக் கழிவுகள் சட்டவிரோதமாகக் கொட்டப்பட்டுள்ளன. (மண்டலம்: சென்னை மத்திய மண்டலம்),garbage,Garbage & Waste Disposal,ta,சென்னை மத்திய மண்டலம்,திருவான்மியூர் கடற்கரை சாலையில் கட்டுமானக் கழிவுகள் சட்டவிரோதமாகக் கொட்டப்பட்டுள்ளன. (மண்டலம்: சென்னை மத்திய மண்டலம்)
TN-NLP-5935,பெசன்ட் நகரில் விநியோகிக்கப்படும் குடிநீரில் துர்நாற்றமும் கலங்கலான நிறமும் உள்ளது. (மண்டலம்: ஆவடி),water,Water Supply Contamination / Burst,ta,ஆவடி,பெசன்ட் நகரில் விநியோகிக்கப்படும் குடிநீரில் துர்நாற்றமும் கலங்கலான நிறமும் உள்ளது. (மண்டலம்: ஆவடி)
TN-NLP-6442,ஜிஎஸ்டி சாலையில் பல தெருவிளக்குகள் எரியாமல் இருள் சூழ்ந்து விபத்து அபாயம் நிலவுகிறது. (மண்டலம்: ஆவடி),streetlights,Streetlights & Electrical Hazards,ta,ஆவடி,ஜிஎஸ்டி சாலையில் பல தெருவிளக்குகள் எரியாமல் இருள் சூழ்ந்து விபத்து அபாயம் நிலவுகிறது. (மண்டலம்: ஆவடி)
TN-NLP-6204,பெருங்குடி ஓஎம்ஆர் சாலையில் மின்கம்பத்தில் இருந்து ஆபத்தான முறையில் மின்வயர் தொங்குகிறது. (மண்டலம்: சென்னை வடக்கு),streetlights,Streetlights & Electrical Hazards,ta,சென்னை வடக்கு,பெருங்குடி ஓஎம்ஆர் சாலையில் மின்கம்பத்தில் இருந்து ஆபத்தான முறையில் மின்வயர் தொங்குகிறது. (மண்டலம்: சென்னை வடக்கு)
TN-NLP-6984,வேளச்சேரி குடியிருப்பு பகுதியில் தெருநாய்களின் தொல்லை அதிகரித்து பொதுமக்கள் அச்சமடைந்துள்ளனர். (மண்டலம்: தாம்பரம்),other,Other / General Municipal Operations,ta,தாம்பரம்,வேளச்சேரி குடியிருப்பு பகுதியில் தெருநாய்களின் தொல்லை அதிகரித்து பொதுமக்கள் அச்சமடைந்துள்ளனர். (மண்டலம்: தாம்பரம்)
TN-NLP-5659,கோயம்பேடு சந்தை சாலையில் குப்பைத் தொட்டிகள் நிரம்பி வழிந்து சுகாதாரக் கேடு விளைவிக்கிறது. (மண்டலம்: சென்னை மத்திய மண்டலம்),garbage,Garbage & Waste Disposal,ta,சென்னை மத்திய மண்டலம்,கோயம்பேடு சந்தை சாலையில் குப்பைத் தொட்டிகள் நிரம்பி வழிந்து சுகாதாரக் கேடு விளைவிக்கிறது. (மண்டலம்: சென்னை மத்திய மண்டலம்)
TN-NLP-6426,ஜிஎஸ்டி சாலையில் பல தெருவிளக்குகள் எரியாமல் இருள் சூழ்ந்து விபத்து அபாயம் நிலவுகிறது. (மண்டலம்: சென்னை தெற்கு),streetlights,Streetlights & Electrical Hazards,ta,சென்னை தெற்கு,ஜிஎஸ்டி சாலையில் பல தெருவிளக்குகள் எரியாமல் இருள் சூழ்ந்து விபத்து அபாயம் நிலவுகிறது. (மண்டலம்: சென்னை தெற்கு)
TN-NLP-5831,திருவான்மியூர் கடற்கரை சாலையில் கட்டுமானக் கழிவுகள் சட்டவிரோதமாகக் கொட்டப்பட்டுள்ளன. (மண்டலம்: தாம்பரம்),garbage,Garbage & Waste Disposal,ta,தாம்பரம்,திருவான்மியூர் கடற்கரை சாலையில் கட்டுமானக் கழிவுகள் சட்டவிரோதமாகக் கொட்டப்பட்டுள்ளன. (மண்டலம்: தாம்பரம்)
TN-NLP-6505,சிந்தாதிரிப்பேட்டை கூவம் நதி பாலத்தின் சிமெண்ட் கைப்பிடி சுவர் உடைந்து அபாயகரமாக உள்ளது. (மண்டலம்: சென்னை வடக்கு),infrastructure,Public Infrastructure Damage,ta,சென்னை வடக்கு,சிந்தாதிரிப்பேட்டை கூவம் நதி பாலத்தின் சிமெண்ட் கைப்பிடி சுவர் உடைந்து அபாயகரமாக உள்ளது. (மண்டலம்: சென்னை வடக்கு)
TN-NLP-5255,வேளச்சேரி மெயின் ரோட்டில் மழைநீரால் சாலை முற்றிலும் சேதமடைந்து இருசக்கர வாகன ஓட்டிகளுக்கு பேராபத்தை ஏற்படுத்துகிறது. (மண்டலம்: சென்னை தெற்கு),roads,Road Damage & Potholes,ta,சென்னை தெற்கு,வேளச்சேரி மெயின் ரோட்டில் மழைநீரால் சாலை முற்றிலும் சேதமடைந்து இருசக்கர வாகன ஓட்டிகளுக்கு பேராபத்தை ஏற்படுத்துகிறது. (மண்டலம்: சென்னை தெற்கு)
TN-NLP-5856,திருவான்மியூர் கடற்கரை சாலையில் கட்டுமானக் கழிவுகள் சட்டவிரோதமாகக் கொட்டப்பட்டுள்ளன. (மண்டலம்: சென்னை தெற்கு),garbage,Garbage & Waste Disposal,ta,சென்னை தெற்கு,திருவான்மியூர் கடற்கரை சாலையில் கட்டுமானக் கழிவுகள் சட்டவிரோதமாகக் கொட்டப்பட்டுள்ளன. (மண்டலம்: சென்னை தெற்கு)
TN-NLP-6478,பெருங்குடி ஓஎம்ஆர் சாலையில் மின்கம்பத்தில் இருந்து ஆபத்தான முறையில் மின்வயர் தொங்குகிறது. (மண்டலம்: தாம்பரம்),streetlights,Streetlights & Electrical Hazards,ta,தாம்பரம்,பெருங்குடி ஓஎம்ஆர் சாலையில் மின்கம்பத்தில் இருந்து ஆபத்தான முறையில் மின்வயர் தொங்குகிறது. (மண்டலம்: தாம்பரம்)
TN-NLP-6222,பெருங்குடி ஓஎம்ஆர் சாலையில் மின்கம்பத்தில் இருந்து ஆபத்தான முறையில் மின்வயர் தொங்குகிறது. (மண்டலம்: தாம்பரம்),streetlights,Streetlights & Electrical Hazards,ta,தாம்பரம்,பெருங்குடி ஓஎம்ஆர் சாலையில் மின்கம்பத்தில் இருந்து ஆபத்தான முறையில் மின்வயர் தொங்குகிறது. (மண்டலம்: தாம்பரம்)
TN-NLP-6893,வேளச்சேரி குடியிருப்பு பகுதியில் தெருநாய்களின் தொல்லை அதிகரித்து பொதுமக்கள் அச்சமடைந்துள்ளனர். (மண்டலம்: சென்னை தெற்கு),other,Other / General Municipal Operations,ta,சென்னை தெற்கு,வேளச்சேரி குடியிருப்பு பகுதியில் தெருநாய்களின் தொல்லை அதிகரித்து பொதுமக்கள் அச்சமடைந்துள்ளனர். (மண்டலம்: சென்னை தெற்கு)
TN-NLP-6719,கோயம்பேடு மேம்பாலம் அருகில் உள்ள நகராட்சி பேருந்து நிழற்கூரை சேதமடைந்துள்ளது. (மண்டலம்: தாம்பரம்),infrastructure,Public Infrastructure Damage,ta,தாம்பரம்,கோயம்பேடு மேம்பாலம் அருகில் உள்ள நகராட்சி பேருந்து நிழற்கூரை சேதமடைந்துள்ளது. (மண்டலம்: தாம்பரம்)
TN-NLP-5285,வேளச்சேரி மெயின் ரோட்டில் மழைநீரால் சாலை முற்றிலும் சேதமடைந்து இருசக்கர வாகன ஓட்டிகளுக்கு பேராபத்தை ஏற்படுத்துகிறது. (மண்டலம்: தாம்பரம்),roads,Road Damage & Potholes,ta,தாம்பரம்,வேளச்சேரி மெயின் ரோட்டில் மழைநீரால் சாலை முற்றிலும் சேதமடைந்து இருசக்கர வாகன ஓட்டிகளுக்கு பேராபத்தை ஏற்படுத்துகிறது. (மண்டலம்: தாம்பரம்)
TN-NLP-5690,திருவான்மியூர் கடற்கரை சாலையில் கட்டுமானக் கழிவுகள் சட்டவிரோதமாகக் கொட்டப்பட்டுள்ளன. (மண்டலம்: தாம்பரம்),garbage,Garbage & Waste Disposal,ta,தாம்பரம்,திருவான்மியூர் கடற்கரை சாலையில் கட்டுமானக் கழிவுகள் சட்டவிரோதமாகக் கொட்டப்பட்டுள்ளன. (மண்டலம்: தாம்பரம்)
TN-NLP-6335,ஜிஎஸ்டி சாலையில் பல தெருவிளக்குகள் எரியாமல் இருள் சூழ்ந்து விபத்து அபாயம் நிலவுகிறது. (மண்டலம்: சென்னை மத்திய மண்டலம்),streetlights,Streetlights & Electrical Hazards,ta,சென்னை மத்திய மண்டலம்,ஜிஎஸ்டி சாலையில் பல தெருவிளக்குகள் எரியாமல் இருள் சூழ்ந்து விபத்து அபாயம் நிலவுகிறது. (மண்டலம்: சென்னை மத்திய மண்டலம்)
TN-NLP-6983,வேளச்சேரி குடியிருப்பு பகுதியில் தெருநாய்களின் தொல்லை அதிகரித்து பொதுமக்கள் அச்சமடைந்துள்ளனர். (மண்டலம்: தாம்பரம்),other,Other / General Municipal Operations,ta,தாம்பரம்,வேளச்சேரி குடியிருப்பு பகுதியில் தெருநாய்களின் தொல்லை அதிகரித்து பொதுமக்கள் அச்சமடைந்துள்ளனர். (மண்டலம்: தாம்பரம்)
TN-NLP-6512,கோயம்பேடு மேம்பாலம் அருகில் உள்ள நகராட்சி பேருந்து நிழற்கூரை சேதமடைந்துள்ளது. (மண்டலம்: சென்னை வடக்கு),infrastructure,Public Infrastructure Damage,ta,சென்னை வடக்கு,கோயம்பேடு மேம்பாலம் அருகில் உள்ள நகராட்சி பேருந்து நிழற்கூரை சேதமடைந்துள்ளது. (மண்டலம்: சென்னை வடக்கு)
TN-NLP-6577,சிந்தாதிரிப்பேட்டை கூவம் நதி பாலத்தின் சிமெண்ட் கைப்பிடி சுவர் உடைந்து அபாயகரமாக உள்ளது. (மண்டலம்: சென்னை தெற்கு),infrastructure,Public Infrastructure Damage,ta,சென்னை தெற்கு,சிந்தாதிரிப்பேட்டை கூவம் நதி பாலத்தின் சிமெண்ட் கைப்பிடி சுவர் உடைந்து அபாயகரமாக உள்ளது. (மண்டலம்: சென்னை தெற்கு)
TN-NLP-6455,பெருங்குடி ஓஎம்ஆர் சாலையில் மின்கம்பத்தில் இருந்து ஆபத்தான முறையில் மின்வயர் தொங்குகிறது. (மண்டலம்: சென்னை தெற்கு),streetlights,Streetlights & Electrical Hazards,ta,சென்னை தெற்கு,பெருங்குடி ஓஎம்ஆர் சாலையில் மின்கம்பத்தில் இருந்து ஆபத்தான முறையில் மின்வயர் தொங்குகிறது. (மண்டலம்: சென்னை தெற்கு)
TN-NLP-6929,வேளச்சேரி குடியிருப்பு பகுதியில் தெருநாய்களின் தொல்லை அதிகரித்து பொதுமக்கள் அச்சமடைந்துள்ளனர். (மண்டலம்: சென்னை வடக்கு),other,Other / General Municipal Operations,ta,சென்னை வடக்கு,வேளச்சேரி குடியிருப்பு பகுதியில் தெருநாய்களின் தொல்லை அதிகரித்து பொதுமக்கள் அச்சமடைந்துள்ளனர். (மண்டலம்: சென்னை வடக்கு)
TN-NLP-5004,வேளச்சேரி மெயின் ரோட்டில் மழைநீரால் சாலை முற்றிலும் சேதமடைந்து இருசக்கர வாகன ஓட்டிகளுக்கு பேராபத்தை ஏற்படுத்துகிறது. (மண்டலம்: தாம்பரம்),roads,Road Damage & Potholes,ta,தாம்பரம்,வேளச்சேரி மெயின் ரோட்டில் மழைநீரால் சாலை முற்றிலும் சேதமடைந்து இருசக்கர வாகன ஓட்டிகளுக்கு பேராபத்தை ஏற்படுத்துகிறது. (மண்டலம்: தாம்பரம்)
TN-NLP-5104,பெருங்குடியில் கடந்த 3 மாதங்களாக சாலைப் பணி அரைகுறையாக விடப்பட்டு பலத்த தூசு மாசுபாடு ஏற்படுகிறது. (மண்டலம்: ஆவடி),roads,Road Damage & Potholes,ta,ஆவடி,பெருங்குடியில் கடந்த 3 மாதங்களாக சாலைப் பணி அரைகுறையாக விடப்பட்டு பலத்த தூசு மாசுபாடு ஏற்படுகிறது. (மண்டலம்: ஆவடி)
TN-NLP-5444,அசோக் நகர் 4வது அவென்யூவில் மழைநீர் வடிகால் அடைப்பால் வீடுகளுக்குள் தண்ணீர் புகுந்துள்ளது. (மண்டலம்: சென்னை வடக்கு),drainage,Drainage & Sewage Overflow,ta,சென்னை வடக்கு,அசோக் நகர் 4வது அவென்யூவில் மழைநீர் வடிகால் அடைப்பால் வீடுகளுக்குள் தண்ணீர் புகுந்துள்ளது. (மண்டலம்: சென்னை வடக்கு)
TN-NLP-6129,திருவல்லிக்கேணி தெருவில் கடந்த 48 மணி நேரமாக குடிநீர் விநியோகம் முற்றிலும் நிறுத்தப்பட்டுள்ளது. (மண்டலம்: சென்னை மத்திய மண்டலம்),water,Water Supply Contamination / Burst,ta,சென்னை மத்திய மண்டலம்,திருவல்லிக்கேணி தெருவில் கடந்த 48 மணி நேரமாக குடிநீர் விநியோகம் முற்றிலும் நிறுத்தப்பட்டுள்ளது. (மண்டலம்: சென்னை மத்திய மண்டலம்)
TN-NLP-5470,கோடம்பாக்கம் தெருவில் கழிவுநீர் குழாய் உடைந்து துர்நாற்றம் வீசுவதுடன் சுகாதார சீர்கேடு ஏற்பட்டுள்ளது. (மண்டலம்: ஆவடி),drainage,Drainage & Sewage Overflow,ta,ஆவடி,கோடம்பாக்கம் தெருவில் கழிவுநீர் குழாய் உடைந்து துர்நாற்றம் வீசுவதுடன் சுகாதார சீர்கேடு ஏற்பட்டுள்ளது. (மண்டலம்: ஆவடி)
TN-NLP-6277,ஜிஎஸ்டி சாலையில் பல தெருவிளக்குகள் எரியாமல் இருள் சூழ்ந்து விபத்து அபாயம் நிலவுகிறது. (மண்டலம்: தாம்பரம்),streetlights,Streetlights & Electrical Hazards,ta,தாம்பரம்,ஜிஎஸ்டி சாலையில் பல தெருவிளக்குகள் எரியாமல் இருள் சூழ்ந்து விபத்து அபாயம் நிலவுகிறது. (மண்டலம்: தாம்பரம்)
TN-NLP-6385,ஜிஎஸ்டி சாலையில் பல தெருவிளக்குகள் எரியாமல் இருள் சூழ்ந்து விபத்து அபாயம் நிலவுகிறது. (மண்டலம்: சென்னை வடக்கு),streetlights,Streetlights & Electrical Hazards,ta,சென்னை வடக்கு,ஜிஎஸ்டி சாலையில் பல தெருவிளக்குகள் எரியாமல் இருள் சூழ்ந்து விபத்து அபாயம் நிலவுகிறது. (மண்டலம்: சென்னை வடக்கு)
TN-NLP-7071,வேளச்சேரி குடியிருப்பு பகுதியில் தெருநாய்களின் தொல்லை அதிகரித்து பொதுமக்கள் அச்சமடைந்துள்ளனர். (மண்டலம்: சென்னை மத்திய மண்டலம்),other,Other / General Municipal Operations,ta,சென்னை மத்திய மண்டலம்,வேளச்சேரி குடியிருப்பு பகுதியில் தெருநாய்களின் தொல்லை அதிகரித்து பொதுமக்கள் அச்சமடைந்துள்ளனர். (மண்டலம்: சென்னை மத்திய மண்டலம்)
TN-NLP-5758,நுங்கம்பாக்கம் பஸ் நிறுத்தம் அருகில் குப்பைகள் அகற்றப்படாமல் 4 நாட்களாக தேங்கியுள்ளது. (மண்டலம்: தாம்பரம்),garbage,Garbage & Waste Disposal,ta,தாம்பரம்,நுங்கம்பாக்கம் பஸ் நிறுத்தம் அருகில் குப்பைகள் அகற்றப்படாமல் 4 நாட்களாக தேங்கியுள்ளது. (மண்டலம்: தாம்பரம்)
TN-NLP-5744,நுங்கம்பாக்கம் பஸ் நிறுத்தம் அருகில் குப்பைகள் அகற்றப்படாமல் 4 நாட்களாக தேங்கியுள்ளது. (மண்டலம்: சென்னை வடக்கு),garbage,Garbage & Waste Disposal,ta,சென்னை வடக்கு,நுங்கம்பாக்கம் பஸ் நிறுத்தம் அருகில் குப்பைகள் அகற்றப்படாமல் 4 நாட்களாக தேங்கியுள்ளது. (மண்டலம்: சென்னை வடக்கு)
TN-NLP-5140,பெருங்குடியில் கடந்த 3 மாதங்களாக சாலைப் பணி அரைகுறையாக விடப்பட்டு பலத்த தூசு மாசுபாடு ஏற்படுகிறது. (மண்டலம்: தாம்பரம்),roads,Road Damage & Potholes,ta,தாம்பரம்,பெருங்குடியில் கடந்த 3 மாதங்களாக சாலைப் பணி அரைகுறையாக விடப்பட்டு பலத்த தூசு மாசுபாடு ஏற்படுகிறது. (மண்டலம்: தாம்பரம்)
TN-NLP-6708,சிந்தாதிரிப்பேட்டை கூவம் நதி பாலத்தின் சிமெண்ட் கைப்பிடி சுவர் உடைந்து அபாயகரமாக உள்ளது. (மண்டலம்: ஆவடி),infrastructure,Public Infrastructure Damage,ta,ஆவடி,சிந்தாதிரிப்பேட்டை கூவம் நதி பாலத்தின் சிமெண்ட் கைப்பிடி சுவர் உடைந்து அபாயகரமாக உள்ளது. (மண்டலம்: ஆவடி)
TN-NLP-6681,சிந்தாதிரிப்பேட்டை கூவம் நதி பாலத்தின் சிமெண்ட் கைப்பிடி சுவர் உடைந்து அபாயகரமாக உள்ளது. (மண்டலம்: ஆவடி),infrastructure,Public Infrastructure Damage,ta,ஆவடி,சிந்தாதிரிப்பேட்டை கூவம் நதி பாலத்தின் சிமெண்ட் கைப்பிடி சுவர் உடைந்து அபாயகரமாக உள்ளது. (மண்டலம்: ஆவடி)
TN-NLP-5239,பெருங்குடியில் கடந்த 3 மாதங்களாக சாலைப் பணி அரைகுறையாக விடப்பட்டு பலத்த தூசு மாசுபாடு ஏற்படுகிறது. (மண்டலம்: சென்னை மத்திய மண்டலம்),roads,Road Damage & Potholes,ta,சென்னை மத்திய மண்டலம்,பெருங்குடியில் கடந்த 3 மாதங்களாக சாலைப் பணி அரைகுறையாக விடப்பட்டு பலத்த தூசு மாசுபாடு ஏற்படுகிறது. (மண்டலம்: சென்னை மத்திய மண்டலம்)
TN-NLP-6675,சிந்தாதிரிப்பேட்டை கூவம் நதி பாலத்தின் சிமெண்ட் கைப்பிடி சுவர் உடைந்து அபாயகரமாக உள்ளது. (மண்டலம்: சென்னை மத்திய மண்டலம்),infrastructure,Public Infrastructure Damage,ta,சென்னை மத்திய மண்டலம்,சிந்தாதிரிப்பேட்டை கூவம் நதி பாலத்தின் சிமெண்ட் கைப்பிடி சுவர் உடைந்து அபாயகரமாக உள்ளது. (மண்டலம்: சென்னை மத்திய மண்டலம்)
TN-NLP-5667,திருவான்மியூர் கடற்கரை சாலையில் கட்டுமானக் கழிவுகள் சட்டவிரோதமாகக் கொட்டப்பட்டுள்ளன. (மண்டலம்: சென்னை தெற்கு),garbage,Garbage & Waste Disposal,ta,சென்னை தெற்கு,திருவான்மியூர் கடற்கரை சாலையில் கட்டுமானக் கழிவுகள் சட்டவிரோதமாகக் கொட்டப்பட்டுள்ளன. (மண்டலம்: சென்னை தெற்கு)
TN-NLP-5467,ராயப்பேட்டையில் திறந்தவெளி கழிவுநீர் கால்வாயில் இருந்து சாக்கடை நீர் சாலையில் வழிகிறது. (மண்டலம்: சென்னை தெற்கு),drainage,Drainage & Sewage Overflow,ta,சென்னை தெற்கு,ராயப்பேட்டையில் திறந்தவெளி கழிவுநீர் கால்வாயில் இருந்து சாக்கடை நீர் சாலையில் வழிகிறது. (மண்டலம்: சென்னை தெற்கு)
TN-NLP-5139,வேளச்சேரி மெயின் ரோட்டில் மழைநீரால் சாலை முற்றிலும் சேதமடைந்து இருசக்கர வாகன ஓட்டிகளுக்கு பேராபத்தை ஏற்படுத்துகிறது. (மண்டலம்: தாம்பரம்),roads,Road Damage & Potholes,ta,தாம்பரம்,வேளச்சேரி மெயின் ரோட்டில் மழைநீரால் சாலை முற்றிலும் சேதமடைந்து இருசக்கர வாகன ஓட்டிகளுக்கு பேராபத்தை ஏற்படுத்துகிறது. (மண்டலம்: தாம்பரம்)
TN-NLP-6251,ஜிஎஸ்டி சாலையில் பல தெருவிளக்குகள் எரியாமல் இருள் சூழ்ந்து விபத்து அபாயம் நிலவுகிறது. (மண்டலம்: ஆவடி),streetlights,Streetlights & Electrical Hazards,ta,ஆவடி,ஜிஎஸ்டி சாலையில் பல தெருவிளக்குகள் எரியாமல் இருள் சூழ்ந்து விபத்து அபாயம் நிலவுகிறது. (மண்டலம்: ஆவடி)
TN-NLP-5076,வேளச்சேரி மெயின் ரோட்டில் மழைநீரால் சாலை முற்றிலும் சேதமடைந்து இருசக்கர வாகன ஓட்டிகளுக்கு பேராபத்தை ஏற்படுத்துகிறது. (மண்டலம்: தாம்பரம்),roads,Road Damage & Potholes,ta,தாம்பரம்,வேளச்சேரி மெயின் ரோட்டில் மழைநீரால் சாலை முற்றிலும் சேதமடைந்து இருசக்கர வாகன ஓட்டிகளுக்கு பேராபத்தை ஏற்படுத்துகிறது. (மண்டலம்: தாம்பரம்)
TN-NLP-5504,அசோக் நகர் 4வது அவென்யூவில் மழைநீர் வடிகால் அடைப்பால் வீடுகளுக்குள் தண்ணீர் புகுந்துள்ளது. (மண்டலம்: ஆவடி),drainage,Drainage & Sewage Overflow,ta,ஆவடி,அசோக் நகர் 4வது அவென்யூவில் மழைநீர் வடிகால் அடைப்பால் வீடுகளுக்குள் தண்ணீர் புகுந்துள்ளது. (மண்டலம்: ஆவடி)
TN-NLP-6078,அண்ணா நகர் 2வது அவென்யூவில் குடிநீர் குழாய் உடைந்து குடிநீர் வீணாகி வருகிறது. (மண்டலம்: சென்னை மத்திய மண்டலம்),water,Water Supply Contamination / Burst,ta,சென்னை மத்திய மண்டலம்,அண்ணா நகர் 2வது அவென்யூவில் குடிநீர் குழாய் உடைந்து குடிநீர் வீணாகி வருகிறது. (மண்டலம்: சென்னை மத்திய மண்டலம்)
TN-NLP-6783,சிந்தாதிரிப்பேட்டை கூவம் நதி பாலத்தின் சிமெண்ட் கைப்பிடி சுவர் உடைந்து அபாயகரமாக உள்ளது. (மண்டலம்: சென்னை தெற்கு),infrastructure,Public Infrastructure Damage,ta,சென்னை தெற்கு,சிந்தாதிரிப்பேட்டை கூவம் நதி பாலத்தின் சிமெண்ட் கைப்பிடி சுவர் உடைந்து அபாயகரமாக உள்ளது. (மண்டலம்: சென்னை தெற்கு)
TN-NLP-6296,பெருங்குடி ஓஎம்ஆர் சாலையில் மின்கம்பத்தில் இருந்து ஆபத்தான முறையில் மின்வயர் தொங்குகிறது. (மண்டலம்: சென்னை மத்திய மண்டலம்),streetlights,Streetlights & Electrical Hazards,ta,சென்னை மத்திய மண்டலம்,பெருங்குடி ஓஎம்ஆர் சாலையில் மின்கம்பத்தில் இருந்து ஆபத்தான முறையில் மின்வயர் தொங்குகிறது. (மண்டலம்: சென்னை மத்திய மண்டலம்)
TN-NLP-6402,ஜிஎஸ்டி சாலையில் பல தெருவிளக்குகள் எரியாமல் இருள் சூழ்ந்து விபத்து அபாயம் நிலவுகிறது. (மண்டலம்: தாம்பரம்),streetlights,Streetlights & Electrical Hazards,ta,தாம்பரம்,ஜிஎஸ்டி சாலையில் பல தெருவிளக்குகள் எரியாமல் இருள் சூழ்ந்து விபத்து அபாயம் நிலவுகிறது. (மண்டலம்: தாம்பரம்)
TN-NLP-6874,வேளச்சேரி குடியிருப்பு பகுதியில் தெருநாய்களின் தொல்லை அதிகரித்து பொதுமக்கள் அச்சமடைந்துள்ளனர். (மண்டலம்: சென்னை மத்திய மண்டலம்),other,Other / General Municipal Operations,ta,சென்னை மத்திய மண்டலம்,வேளச்சேரி குடியிருப்பு பகுதியில் தெருநாய்களின் தொல்லை அதிகரித்து பொதுமக்கள் அச்சமடைந்துள்ளனர். (மண்டலம்: சென்னை மத்திய மண்டலம்)
TN-NLP-5202,பெருங்குடியில் கடந்த 3 மாதங்களாக சாலைப் பணி அரைகுறையாக விடப்பட்டு பலத்த தூசு மாசுபாடு ஏற்படுகிறது. (மண்டலம்: சென்னை தெற்கு),roads,Road Damage & Potholes,ta,சென்னை தெற்கு,பெருங்குடியில் கடந்த 3 மாதங்களாக சாலைப் பணி அரைகுறையாக விடப்பட்டு பலத்த தூசு மாசுபாடு ஏற்படுகிறது. (மண்டலம்: சென்னை தெற்கு)
TN-NLP-6670,சிந்தாதிரிப்பேட்டை கூவம் நதி பாலத்தின் சிமெண்ட் கைப்பிடி சுவர் உடைந்து அபாயகரமாக உள்ளது. (மண்டலம்: சென்னை தெற்கு),infrastructure,Public Infrastructure Damage,ta,சென்னை தெற்கு,சிந்தாதிரிப்பேட்டை கூவம் நதி பாலத்தின் சிமெண்ட் கைப்பிடி சுவர் உடைந்து அபாயகரமாக உள்ளது. (மண்டலம்: சென்னை தெற்கு)
TN-NLP-7045,வேளச்சேரி குடியிருப்பு பகுதியில் தெருநாய்களின் தொல்லை அதிகரித்து பொதுமக்கள் அச்சமடைந்துள்ளனர். (மண்டலம்: தாம்பரம்),other,Other / General Municipal Operations,ta,தாம்பரம்,வேளச்சேரி குடியிருப்பு பகுதியில் தெருநாய்களின் தொல்லை அதிகரித்து பொதுமக்கள் அச்சமடைந்துள்ளனர். (மண்டலம்: தாம்பரம்)
TN-NLP-5536,அசோக் நகர் 4வது அவென்யூவில் மழைநீர் வடிகால் அடைப்பால் வீடுகளுக்குள் தண்ணீர் புகுந்துள்ளது. (மண்டலம்: தாம்பரம்),drainage,Drainage & Sewage Overflow,ta,தாம்பரம்,அசோக் நகர் 4வது அவென்யூவில் மழைநீர் வடிகால் அடைப்பால் வீடுகளுக்குள் தண்ணீர் புகுந்துள்ளது. (மண்டலம்: தாம்பரம்)
TN-NLP-5883,கோயம்பேடு சந்தை சாலையில் குப்பைத் தொட்டிகள் நிரம்பி வழிந்து சுகாதாரக் கேடு விளைவிக்கிறது. (மண்டலம்: சென்னை வடக்கு),garbage,Garbage & Waste Disposal,ta,சென்னை வடக்கு,கோயம்பேடு சந்தை சாலையில் குப்பைத் தொட்டிகள் நிரம்பி வழிந்து சுகாதாரக் கேடு விளைவிக்கிறது. (மண்டலம்: சென்னை வடக்கு)
TN-NLP-5979,திருவல்லிக்கேணி தெருவில் கடந்த 48 மணி நேரமாக குடிநீர் விநியோகம் முற்றிலும் நிறுத்தப்பட்டுள்ளது. (மண்டலம்: சென்னை மத்திய மண்டலம்),water,Water Supply Contamination / Burst,ta,சென்னை மத்திய மண்டலம்,திருவல்லிக்கேணி தெருவில் கடந்த 48 மணி நேரமாக குடிநீர் விநியோகம் முற்றிலும் நிறுத்தப்பட்டுள்ளது. (மண்டலம்: சென்னை மத்திய மண்டலம்)
TN-NLP-5888,திருவான்மியூர் கடற்கரை சாலையில் கட்டுமானக் கழிவுகள் சட்டவிரோதமாகக் கொட்டப்பட்டுள்ளன. (மண்டலம்: சென்னை தெற்கு),garbage,Garbage & Waste Disposal,ta,சென்னை தெற்கு,திருவான்மியூர் கடற்கரை சாலையில் கட்டுமானக் கழிவுகள் சட்டவிரோதமாகக் கொட்டப்பட்டுள்ளன. (மண்டலம்: சென்னை தெற்கு)
TN-NLP-6434,ஜிஎஸ்டி சாலையில் பல தெருவிளக்குகள் எரியாமல் இருள் சூழ்ந்து விபத்து அபாயம் நிலவுகிறது. (மண்டலம்: தாம்பரம்),streetlights,Streetlights & Electrical Hazards,ta,தாம்பரம்,ஜிஎஸ்டி சாலையில் பல தெருவிளக்குகள் எரியாமல் இருள் சூழ்ந்து விபத்து அபாயம் நிலவுகிறது. (மண்டலம்: தாம்பரம்)
TN-NLP-5916,அண்ணா நகர் 2வது அவென்யூவில் குடிநீர் குழாய் உடைந்து குடிநீர் வீணாகி வருகிறது. (மண்டலம்: தாம்பரம்),water,Water Supply Contamination / Burst,ta,தாம்பரம்,அண்ணா நகர் 2வது அவென்யூவில் குடிநீர் குழாய் உடைந்து குடிநீர் வீணாகி வருகிறது. (மண்டலம்: தாம்பரம்)
TN-NLP-5538,அசோக் நகர் 4வது அவென்யூவில் மழைநீர் வடிகால் அடைப்பால் வீடுகளுக்குள் தண்ணீர் புகுந்துள்ளது. (மண்டலம்: தாம்பரம்),drainage,Drainage & Sewage Overflow,ta,தாம்பரம்,அசோக் நகர் 4வது அவென்யூவில் மழைநீர் வடிகால் அடைப்பால் வீடுகளுக்குள் தண்ணீர் புகுந்துள்ளது. (மண்டலம்: தாம்பரம்)
TN-NLP-6522,சிந்தாதிரிப்பேட்டை கூவம் நதி பாலத்தின் சிமெண்ட் கைப்பிடி சுவர் உடைந்து அபாயகரமாக உள்ளது. (மண்டலம்: சென்னை மத்திய மண்டலம்),infrastructure,Public Infrastructure Damage,ta,சென்னை மத்திய மண்டலம்,சிந்தாதிரிப்பேட்டை கூவம் நதி பாலத்தின் சிமெண்ட் கைப்பிடி சுவர் உடைந்து அபாயகரமாக உள்ளது. (மண்டலம்: சென்னை மத்திய மண்டலம்)
TN-NLP-5382,கோடம்பாக்கம் தெருவில் கழிவுநீர் குழாய் உடைந்து துர்நாற்றம் வீசுவதுடன் சுகாதார சீர்கேடு ஏற்பட்டுள்ளது. (மண்டலம்: தாம்பரம்),drainage,Drainage & Sewage Overflow,ta,தாம்பரம்,கோடம்பாக்கம் தெருவில் கழிவுநீர் குழாய் உடைந்து துர்நாற்றம் வீசுவதுடன் சுகாதார சீர்கேடு ஏற்பட்டுள்ளது. (மண்டலம்: தாம்பரம்)
TN-NLP-5185,பெருங்குடியில் கடந்த 3 மாதங்களாக சாலைப் பணி அரைகுறையாக விடப்பட்டு பலத்த தூசு மாசுபாடு ஏற்படுகிறது. (மண்டலம்: தாம்பரம்),roads,Road Damage & Potholes,ta,தாம்பரம்,பெருங்குடியில் கடந்த 3 மாதங்களாக சாலைப் பணி அரைகுறையாக விடப்பட்டு பலத்த தூசு மாசுபாடு ஏற்படுகிறது. (மண்டலம்: தாம்பரம்)
TN-NLP-5330,கோடம்பாக்கம் தெருவில் கழிவுநீர் குழாய் உடைந்து துர்நாற்றம் வீசுவதுடன் சுகாதார சீர்கேடு ஏற்பட்டுள்ளது. (மண்டலம்: ஆவடி),drainage,Drainage & Sewage Overflow,ta,ஆவடி,கோடம்பாக்கம் தெருவில் கழிவுநீர் குழாய் உடைந்து துர்நாற்றம் வீசுவதுடன் சுகாதார சீர்கேடு ஏற்பட்டுள்ளது. (மண்டலம்: ஆவடி)
TN-NLP-6379,ஜிஎஸ்டி சாலையில் பல தெருவிளக்குகள் எரியாமல் இருள் சூழ்ந்து விபத்து அபாயம் நிலவுகிறது. (மண்டலம்: சென்னை வடக்கு),streetlights,Streetlights & Electrical Hazards,ta,சென்னை வடக்கு,ஜிஎஸ்டி சாலையில் பல தெருவிளக்குகள் எரியாமல் இருள் சூழ்ந்து விபத்து அபாயம் நிலவுகிறது. (மண்டலம்: சென்னை வடக்கு)
TN-NLP-6535,கோயம்பேடு மேம்பாலம் அருகில் உள்ள நகராட்சி பேருந்து நிழற்கூரை சேதமடைந்துள்ளது. (மண்டலம்: தாம்பரம்),infrastructure,Public Infrastructure Damage,ta,தாம்பரம்,கோயம்பேடு மேம்பாலம் அருகில் உள்ள நகராட்சி பேருந்து நிழற்கூரை சேதமடைந்துள்ளது. (மண்டலம்: தாம்பரம்)
TN-NLP-5286,அண்ணா சாலையில் உள்ள பெரும் பள்ளத்தால் போக்குவரத்து நெரிசல் மற்றும் விபத்துக்கள் ஏற்படுகிறது. (மண்டலம்: சென்னை வடக்கு),roads,Road Damage & Potholes,ta,சென்னை வடக்கு,அண்ணா சாலையில் உள்ள பெரும் பள்ளத்தால் போக்குவரத்து நெரிசல் மற்றும் விபத்துக்கள் ஏற்படுகிறது. (மண்டலம்: சென்னை வடக்கு)
TN-NLP-5181,தி. நகர் உஸ்மான் சாலை சந்திப்பில் தார் தளம் அடித்துச் செல்லப்பட்டு பெரிய குழி உருவாகியுள்ளது. (மண்டலம்: ஆவடி),roads,Road Damage & Potholes,ta,ஆவடி,தி. நகர் உஸ்மான் சாலை சந்திப்பில் தார் தளம் அடித்துச் செல்லப்பட்டு பெரிய குழி உருவாகியுள்ளது. (மண்டலம்: ஆவடி)
TN-NLP-5148,தி. நகர் உஸ்மான் சாலை சந்திப்பில் தார் தளம் அடித்துச் செல்லப்பட்டு பெரிய குழி உருவாகியுள்ளது. (மண்டலம்: சென்னை மத்திய மண்டலம்),roads,Road Damage & Potholes,ta,சென்னை மத்திய மண்டலம்,தி. நகர் உஸ்மான் சாலை சந்திப்பில் தார் தளம் அடித்துச் செல்லப்பட்டு பெரிய குழி உருவாகியுள்ளது. (மண்டலம்: சென்னை மத்திய மண்டலம்)
TN-NLP-6612,கோயம்பேடு மேம்பாலம் அருகில் உள்ள நகராட்சி பேருந்து நிழற்கூரை சேதமடைந்துள்ளது. (மண்டலம்: சென்னை தெற்கு),infrastructure,Public Infrastructure Damage,ta,சென்னை தெற்கு,கோயம்பேடு மேம்பாலம் அருகில் உள்ள நகராட்சி பேருந்து நிழற்கூரை சேதமடைந்துள்ளது. (மண்டலம்: சென்னை தெற்கு)
TN-NLP-6145,அண்ணா நகர் 2வது அவென்யூவில் குடிநீர் குழாய் உடைந்து குடிநீர் வீணாகி வருகிறது. (மண்டலம்: ஆவடி),water,Water Supply Contamination / Burst,ta,ஆவடி,அண்ணா நகர் 2வது அவென்யூவில் குடிநீர் குழாய் உடைந்து குடிநீர் வீணாகி வருகிறது. (மண்டலம்: ஆவடி)
TN-NLP-6692,சிந்தாதிரிப்பேட்டை கூவம் நதி பாலத்தின் சிமெண்ட் கைப்பிடி சுவர் உடைந்து அபாயகரமாக உள்ளது. (மண்டலம்: சென்னை தெற்கு),infrastructure,Public Infrastructure Damage,ta,சென்னை தெற்கு,சிந்தாதிரிப்பேட்டை கூவம் நதி பாலத்தின் சிமெண்ட் கைப்பிடி சுவர் உடைந்து அபாயகரமாக உள்ளது. (மண்டலம்: சென்னை தெற்கு)
TN-NLP-7085,தி. நகரில் நள்ளிரவிலும் அதிக சத்தத்துடன் ஒலிபெருக்கி பயன்படுத்துவதால் ஒலி மாசுபாடு ஏற்படுகிறது. (மண்டலம்: சென்னை வடக்கு),other,Other / General Municipal Operations,ta,சென்னை வடக்கு,தி. நகரில் நள்ளிரவிலும் அதிக சத்தத்துடன் ஒலிபெருக்கி பயன்படுத்துவதால் ஒலி மாசுபாடு ஏற்படுகிறது. (மண்டலம்: சென்னை வடக்கு)
TN-NLP-5032,பெருங்குடியில் கடந்த 3 மாதங்களாக சாலைப் பணி அரைகுறையாக விடப்பட்டு பலத்த தூசு மாசுபாடு ஏற்படுகிறது. (மண்டலம்: சென்னை தெற்கு),roads,Road Damage & Potholes,ta,சென்னை தெற்கு,பெருங்குடியில் கடந்த 3 மாதங்களாக சாலைப் பணி அரைகுறையாக விடப்பட்டு பலத்த தூசு மாசுபாடு ஏற்படுகிறது. (மண்டலம்: சென்னை தெற்கு)
TN-NLP-6327,பெருங்குடி ஓஎம்ஆர் சாலையில் மின்கம்பத்தில் இருந்து ஆபத்தான முறையில் மின்வயர் தொங்குகிறது. (மண்டலம்: சென்னை வடக்கு),streetlights,Streetlights & Electrical Hazards,ta,சென்னை வடக்கு,பெருங்குடி ஓஎம்ஆர் சாலையில் மின்கம்பத்தில் இருந்து ஆபத்தான முறையில் மின்வயர் தொங்குகிறது. (மண்டலம்: சென்னை வடக்கு)
TN-NLP-6693,கோயம்பேடு மேம்பாலம் அருகில் உள்ள நகராட்சி பேருந்து நிழற்கூரை சேதமடைந்துள்ளது. (மண்டலம்: சென்னை தெற்கு),infrastructure,Public Infrastructure Damage,ta,சென்னை தெற்கு,கோயம்பேடு மேம்பாலம் அருகில் உள்ள நகராட்சி பேருந்து நிழற்கூரை சேதமடைந்துள்ளது. (மண்டலம்: சென்னை தெற்கு)
TN-NLP-6785,கோயம்பேடு மேம்பாலம் அருகில் உள்ள நகராட்சி பேருந்து நிழற்கூரை சேதமடைந்துள்ளது. (மண்டலம்: சென்னை வடக்கு),infrastructure,Public Infrastructure Damage,ta,சென்னை வடக்கு,கோயம்பேடு மேம்பாலம் அருகில் உள்ள நகராட்சி பேருந்து நிழற்கூரை சேதமடைந்துள்ளது. (மண்டலம்: சென்னை வடக்கு)
TN-NLP-5377,கோடம்பாக்கம் தெருவில் கழிவுநீர் குழாய் உடைந்து துர்நாற்றம் வீசுவதுடன் சுகாதார சீர்கேடு ஏற்பட்டுள்ளது. (மண்டலம்: சென்னை தெற்கு),drainage,Drainage & Sewage Overflow,ta,சென்னை தெற்கு,கோடம்பாக்கம் தெருவில் கழிவுநீர் குழாய் உடைந்து துர்நாற்றம் வீசுவதுடன் சுகாதார சீர்கேடு ஏற்பட்டுள்ளது. (மண்டலம்: சென்னை தெற்கு)
TN-NLP-5325,கோடம்பாக்கம் தெருவில் கழிவுநீர் குழாய் உடைந்து துர்நாற்றம் வீசுவதுடன் சுகாதார சீர்கேடு ஏற்பட்டுள்ளது. (மண்டலம்: சென்னை மத்திய மண்டலம்),drainage,Drainage & Sewage Overflow,ta,சென்னை மத்திய மண்டலம்,கோடம்பாக்கம் தெருவில் கழிவுநீர் குழாய் உடைந்து துர்நாற்றம் வீசுவதுடன் சுகாதார சீர்கேடு ஏற்பட்டுள்ளது. (மண்டலம்: சென்னை மத்திய மண்டலம்)
TN-NLP-5550,கோடம்பாக்கம் தெருவில் கழிவுநீர் குழாய் உடைந்து துர்நாற்றம் வீசுவதுடன் சுகாதார சீர்கேடு ஏற்பட்டுள்ளது. (மண்டலம்: சென்னை வடக்கு),drainage,Drainage & Sewage Overflow,ta,சென்னை வடக்கு,கோடம்பாக்கம் தெருவில் கழிவுநீர் குழாய் உடைந்து துர்நாற்றம் வீசுவதுடன் சுகாதார சீர்கேடு ஏற்பட்டுள்ளது. (மண்டலம்: சென்னை வடக்கு)
TN-NLP-6020,பெசன்ட் நகரில் விநியோகிக்கப்படும் குடிநீரில் துர்நாற்றமும் கலங்கலான நிறமும் உள்ளது. (மண்டலம்: சென்னை வடக்கு),water,Water Supply Contamination / Burst,ta,சென்னை வடக்கு,பெசன்ட் நகரில் விநியோகிக்கப்படும் குடிநீரில் துர்நாற்றமும் கலங்கலான நிறமும் உள்ளது. (மண்டலம்: சென்னை வடக்கு)
TN-NLP-5808,கோயம்பேடு சந்தை சாலையில் குப்பைத் தொட்டிகள் நிரம்பி வழிந்து சுகாதாரக் கேடு விளைவிக்கிறது. (மண்டலம்: ஆவடி),garbage,Garbage & Waste Disposal,ta,ஆவடி,கோயம்பேடு சந்தை சாலையில் குப்பைத் தொட்டிகள் நிரம்பி வழிந்து சுகாதாரக் கேடு விளைவிக்கிறது. (மண்டலம்: ஆவடி)
TN-NLP-5416,அசோக் நகர் 4வது அவென்யூவில் மழைநீர் வடிகால் அடைப்பால் வீடுகளுக்குள் தண்ணீர் புகுந்துள்ளது. (மண்டலம்: சென்னை தெற்கு),drainage,Drainage & Sewage Overflow,ta,சென்னை தெற்கு,அசோக் நகர் 4வது அவென்யூவில் மழைநீர் வடிகால் அடைப்பால் வீடுகளுக்குள் தண்ணீர் புகுந்துள்ளது. (மண்டலம்: சென்னை தெற்கு)
TN-NLP-5768,திருவான்மியூர் கடற்கரை சாலையில் கட்டுமானக் கழிவுகள் சட்டவிரோதமாகக் கொட்டப்பட்டுள்ளன. (மண்டலம்: ஆவடி),garbage,Garbage & Waste Disposal,ta,ஆவடி,திருவான்மியூர் கடற்கரை சாலையில் கட்டுமானக் கழிவுகள் சட்டவிரோதமாகக் கொட்டப்பட்டுள்ளன. (மண்டலம்: ஆவடி)
TN-NLP-6245,ஜிஎஸ்டி சாலையில் பல தெருவிளக்குகள் எரியாமல் இருள் சூழ்ந்து விபத்து அபாயம் நிலவுகிறது. (மண்டலம்: தாம்பரம்),streetlights,Streetlights & Electrical Hazards,ta,தாம்பரம்,ஜிஎஸ்டி சாலையில் பல தெருவிளக்குகள் எரியாமல் இருள் சூழ்ந்து விபத்து அபாயம் நிலவுகிறது. (மண்டலம்: தாம்பரம்)
TN-NLP-5698,திருவான்மியூர் கடற்கரை சாலையில் கட்டுமானக் கழிவுகள் சட்டவிரோதமாகக் கொட்டப்பட்டுள்ளன. (மண்டலம்: சென்னை மத்திய மண்டலம்),garbage,Garbage & Waste Disposal,ta,சென்னை மத்திய மண்டலம்,திருவான்மியூர் கடற்கரை சாலையில் கட்டுமானக் கழிவுகள் சட்டவிரோதமாகக் கொட்டப்பட்டுள்ளன. (மண்டலம்: சென்னை மத்திய மண்டலம்)
TN-NLP-6411,பெருங்குடி ஓஎம்ஆர் சாலையில் மின்கம்பத்தில் இருந்து ஆபத்தான முறையில் மின்வயர் தொங்குகிறது. (மண்டலம்: சென்னை மத்திய மண்டலம்),streetlights,Streetlights & Electrical Hazards,ta,சென்னை மத்திய மண்டலம்,பெருங்குடி ஓஎம்ஆர் சாலையில் மின்கம்பத்தில் இருந்து ஆபத்தான முறையில் மின்வயர் தொங்குகிறது. (மண்டலம்: சென்னை மத்திய மண்டலம்)
TN-NLP-6545,கோயம்பேடு மேம்பாலம் அருகில் உள்ள நகராட்சி பேருந்து நிழற்கூரை சேதமடைந்துள்ளது. (மண்டலம்: சென்னை வடக்கு),infrastructure,Public Infrastructure Damage,ta,சென்னை வடக்கு,கோயம்பேடு மேம்பாலம் அருகில் உள்ள நகராட்சி பேருந்து நிழற்கூரை சேதமடைந்துள்ளது. (மண்டலம்: சென்னை வடக்கு)
TN-NLP-5832,நுங்கம்பாக்கம் பஸ் நிறுத்தம் அருகில் குப்பைகள் அகற்றப்படாமல் 4 நாட்களாக தேங்கியுள்ளது. (மண்டலம்: சென்னை வடக்கு),garbage,Garbage & Waste Disposal,ta,சென்னை வடக்கு,நுங்கம்பாக்கம் பஸ் நிறுத்தம் அருகில் குப்பைகள் அகற்றப்படாமல் 4 நாட்களாக தேங்கியுள்ளது. (மண்டலம்: சென்னை வடக்கு)
TN-NLP-6941,தி. நகரில் நள்ளிரவிலும் அதிக சத்தத்துடன் ஒலிபெருக்கி பயன்படுத்துவதால் ஒலி மாசுபாடு ஏற்படுகிறது. (மண்டலம்: ஆவடி),other,Other / General Municipal Operations,ta,ஆவடி,தி. நகரில் நள்ளிரவிலும் அதிக சத்தத்துடன் ஒலிபெருக்கி பயன்படுத்துவதால் ஒலி மாசுபாடு ஏற்படுகிறது. (மண்டலம்: ஆவடி)
TN-NLP-6671,கோயம்பேடு மேம்பாலம் அருகில் உள்ள நகராட்சி பேருந்து நிழற்கூரை சேதமடைந்துள்ளது. (மண்டலம்: தாம்பரம்),infrastructure,Public Infrastructure Damage,ta,தாம்பரம்,கோயம்பேடு மேம்பாலம் அருகில் உள்ள நகராட்சி பேருந்து நிழற்கூரை சேதமடைந்துள்ளது. (மண்டலம்: தாம்பரம்)
TN-NLP-5137,அண்ணா சாலையில் உள்ள பெரும் பள்ளத்தால் போக்குவரத்து நெரிசல் மற்றும் விபத்துக்கள் ஏற்படுகிறது. (மண்டலம்: ஆவடி),roads,Road Damage & Potholes,ta,ஆவடி,அண்ணா சாலையில் உள்ள பெரும் பள்ளத்தால் போக்குவரத்து நெரிசல் மற்றும் விபத்துக்கள் ஏற்படுகிறது. (மண்டலம்: ஆவடி)
TN-NLP-6940,வேளச்சேரி குடியிருப்பு பகுதியில் தெருநாய்களின் தொல்லை அதிகரித்து பொதுமக்கள் அச்சமடைந்துள்ளனர். (மண்டலம்: சென்னை தெற்கு),other,Other / General Municipal Operations,ta,சென்னை தெற்கு,வேளச்சேரி குடியிருப்பு பகுதியில் தெருநாய்களின் தொல்லை அதிகரித்து பொதுமக்கள் அச்சமடைந்துள்ளனர். (மண்டலம்: சென்னை தெற்கு)
TN-NLP-6826,வேளச்சேரி குடியிருப்பு பகுதியில் தெருநாய்களின் தொல்லை அதிகரித்து பொதுமக்கள் அச்சமடைந்துள்ளனர். (மண்டலம்: தாம்பரம்),other,Other / General Municipal Operations,ta,தாம்பரம்,வேளச்சேரி குடியிருப்பு பகுதியில் தெருநாய்களின் தொல்லை அதிகரித்து பொதுமக்கள் அச்சமடைந்துள்ளனர். (மண்டலம்: தாம்பரம்)
TN-NLP-5846,நுங்கம்பாக்கம் பஸ் நிறுத்தம் அருகில் குப்பைகள் அகற்றப்படாமல் 4 நாட்களாக தேங்கியுள்ளது. (மண்டலம்: சென்னை தெற்கு),garbage,Garbage & Waste Disposal,ta,சென்னை தெற்கு,நுங்கம்பாக்கம் பஸ் நிறுத்தம் அருகில் குப்பைகள் அகற்றப்படாமல் 4 நாட்களாக தேங்கியுள்ளது. (மண்டலம்: சென்னை தெற்கு)
TN-NLP-5925,திருவல்லிக்கேணி தெருவில் கடந்த 48 மணி நேரமாக குடிநீர் விநியோகம் முற்றிலும் நிறுத்தப்பட்டுள்ளது. (மண்டலம்: சென்னை வடக்கு),water,Water Supply Contamination / Burst,ta,சென்னை வடக்கு,திருவல்லிக்கேணி தெருவில் கடந்த 48 மணி நேரமாக குடிநீர் விநியோகம் முற்றிலும் நிறுத்தப்பட்டுள்ளது. (மண்டலம்: சென்னை வடக்கு)
TN-NLP-5366,ராயப்பேட்டையில் திறந்தவெளி கழிவுநீர் கால்வாயில் இருந்து சாக்கடை நீர் சாலையில் வழிகிறது. (மண்டலம்: தாம்பரம்),drainage,Drainage & Sewage Overflow,ta,தாம்பரம்,ராயப்பேட்டையில் திறந்தவெளி கழிவுநீர் கால்வாயில் இருந்து சாக்கடை நீர் சாலையில் வழிகிறது. (மண்டலம்: தாம்பரம்)
TN-NLP-5815,கோயம்பேடு சந்தை சாலையில் குப்பைத் தொட்டிகள் நிரம்பி வழிந்து சுகாதாரக் கேடு விளைவிக்கிறது. (மண்டலம்: சென்னை மத்திய மண்டலம்),garbage,Garbage & Waste Disposal,ta,சென்னை மத்திய மண்டலம்,கோயம்பேடு சந்தை சாலையில் குப்பைத் தொட்டிகள் நிரம்பி வழிந்து சுகாதாரக் கேடு விளைவிக்கிறது. (மண்டலம்: சென்னை மத்திய மண்டலம்)
TN-NLP-6492,பெருங்குடி ஓஎம்ஆர் சாலையில் மின்கம்பத்தில் இருந்து ஆபத்தான முறையில் மின்வயர் தொங்குகிறது. (மண்டலம்: ஆவடி),streetlights,Streetlights & Electrical Hazards,ta,ஆவடி,பெருங்குடி ஓஎம்ஆர் சாலையில் மின்கம்பத்தில் இருந்து ஆபத்தான முறையில் மின்வயர் தொங்குகிறது. (மண்டலம்: ஆவடி)
TN-NLP-6268,ஜிஎஸ்டி சாலையில் பல தெருவிளக்குகள் எரியாமல் இருள் சூழ்ந்து விபத்து அபாயம் நிலவுகிறது. (மண்டலம்: தாம்பரம்),streetlights,Streetlights & Electrical Hazards,ta,தாம்பரம்,ஜிஎஸ்டி சாலையில் பல தெருவிளக்குகள் எரியாமல் இருள் சூழ்ந்து விபத்து அபாயம் நிலவுகிறது. (மண்டலம்: தாம்பரம்)
TN-NLP-7031,வேளச்சேரி குடியிருப்பு பகுதியில் தெருநாய்களின் தொல்லை அதிகரித்து பொதுமக்கள் அச்சமடைந்துள்ளனர். (மண்டலம்: ஆவடி),other,Other / General Municipal Operations,ta,ஆவடி,வேளச்சேரி குடியிருப்பு பகுதியில் தெருநாய்களின் தொல்லை அதிகரித்து பொதுமக்கள் அச்சமடைந்துள்ளனர். (மண்டலம்: ஆவடி)
TN-NLP-7023,வேளச்சேரி குடியிருப்பு பகுதியில் தெருநாய்களின் தொல்லை அதிகரித்து பொதுமக்கள் அச்சமடைந்துள்ளனர். (மண்டலம்: சென்னை தெற்கு),other,Other / General Municipal Operations,ta,சென்னை தெற்கு,வேளச்சேரி குடியிருப்பு பகுதியில் தெருநாய்களின் தொல்லை அதிகரித்து பொதுமக்கள் அச்சமடைந்துள்ளனர். (மண்டலம்: சென்னை தெற்கு)
TN-NLP-5885,நுங்கம்பாக்கம் பஸ் நிறுத்தம் அருகில் குப்பைகள் அகற்றப்படாமல் 4 நாட்களாக தேங்கியுள்ளது. (மண்டலம்: சென்னை மத்திய மண்டலம்),garbage,Garbage & Waste Disposal,ta,சென்னை மத்திய மண்டலம்,நுங்கம்பாக்கம் பஸ் நிறுத்தம் அருகில் குப்பைகள் அகற்றப்படாமல் 4 நாட்களாக தேங்கியுள்ளது. (மண்டலம்: சென்னை மத்திய மண்டலம்)
TN-NLP-5443,ராயப்பேட்டையில் திறந்தவெளி கழிவுநீர் கால்வாயில் இருந்து சாக்கடை நீர் சாலையில் வழிகிறது. (மண்டலம்: சென்னை மத்திய மண்டலம்),drainage,Drainage & Sewage Overflow,ta,சென்னை மத்திய மண்டலம்,ராயப்பேட்டையில் திறந்தவெளி கழிவுநீர் கால்வாயில் இருந்து சாக்கடை நீர் சாலையில் வழிகிறது. (மண்டலம்: சென்னை மத்திய மண்டலம்)
TN-NLP-5408,கோடம்பாக்கம் தெருவில் கழிவுநீர் குழாய் உடைந்து துர்நாற்றம் வீசுவதுடன் சுகாதார சீர்கேடு ஏற்பட்டுள்ளது. (மண்டலம்: தாம்பரம்),drainage,Drainage & Sewage Overflow,ta,தாம்பரம்,கோடம்பாக்கம் தெருவில் கழிவுநீர் குழாய் உடைந்து துர்நாற்றம் வீசுவதுடன் சுகாதார சீர்கேடு ஏற்பட்டுள்ளது. (மண்டலம்: தாம்பரம்)
TN-NLP-5521,கோடம்பாக்கம் தெருவில் கழிவுநீர் குழாய் உடைந்து துர்நாற்றம் வீசுவதுடன் சுகாதார சீர்கேடு ஏற்பட்டுள்ளது. (மண்டலம்: ஆவடி),drainage,Drainage & Sewage Overflow,ta,ஆவடி,கோடம்பாக்கம் தெருவில் கழிவுநீர் குழாய் உடைந்து துர்நாற்றம் வீசுவதுடன் சுகாதார சீர்கேடு ஏற்பட்டுள்ளது. (மண்டலம்: ஆவடி)
TN-NLP-6460,ஜிஎஸ்டி சாலையில் பல தெருவிளக்குகள் எரியாமல் இருள் சூழ்ந்து விபத்து அபாயம் நிலவுகிறது. (மண்டலம்: சென்னை வடக்கு),streetlights,Streetlights & Electrical Hazards,ta,சென்னை வடக்கு,ஜிஎஸ்டி சாலையில் பல தெருவிளக்குகள் எரியாமல் இருள் சூழ்ந்து விபத்து அபாயம் நிலவுகிறது. (மண்டலம்: சென்னை வடக்கு)
TN-NLP-6489,பெருங்குடி ஓஎம்ஆர் சாலையில் மின்கம்பத்தில் இருந்து ஆபத்தான முறையில் மின்வயர் தொங்குகிறது. (மண்டலம்: சென்னை மத்திய மண்டலம்),streetlights,Streetlights & Electrical Hazards,ta,சென்னை மத்திய மண்டலம்,பெருங்குடி ஓஎம்ஆர் சாலையில் மின்கம்பத்தில் இருந்து ஆபத்தான முறையில் மின்வயர் தொங்குகிறது. (மண்டலம்: சென்னை மத்திய மண்டலம்)
TN-NLP-5272,அண்ணா சாலையில் உள்ள பெரும் பள்ளத்தால் போக்குவரத்து நெரிசல் மற்றும் விபத்துக்கள் ஏற்படுகிறது. (மண்டலம்: சென்னை தெற்கு),roads,Road Damage & Potholes,ta,சென்னை தெற்கு,அண்ணா சாலையில் உள்ள பெரும் பள்ளத்தால் போக்குவரத்து நெரிசல் மற்றும் விபத்துக்கள் ஏற்படுகிறது. (மண்டலம்: சென்னை தெற்கு)
TN-NLP-5197,தி. நகர் உஸ்மான் சாலை சந்திப்பில் தார் தளம் அடித்துச் செல்லப்பட்டு பெரிய குழி உருவாகியுள்ளது. (மண்டலம்: சென்னை வடக்கு),roads,Road Damage & Potholes,ta,சென்னை வடக்கு,தி. நகர் உஸ்மான் சாலை சந்திப்பில் தார் தளம் அடித்துச் செல்லப்பட்டு பெரிய குழி உருவாகியுள்ளது. (மண்டலம்: சென்னை வடக்கு)
TN-NLP-5194,தி. நகர் உஸ்மான் சாலை சந்திப்பில் தார் தளம் அடித்துச் செல்லப்பட்டு பெரிய குழி உருவாகியுள்ளது. (மண்டலம்: ஆவடி),roads,Road Damage & Potholes,ta,ஆவடி,தி. நகர் உஸ்மான் சாலை சந்திப்பில் தார் தளம் அடித்துச் செல்லப்பட்டு பெரிய குழி உருவாகியுள்ளது. (மண்டலம்: ஆவடி)
TN-NLP-5905,அண்ணா நகர் 2வது அவென்யூவில் குடிநீர் குழாய் உடைந்து குடிநீர் வீணாகி வருகிறது. (மண்டலம்: சென்னை தெற்கு),water,Water Supply Contamination / Burst,ta,சென்னை தெற்கு,அண்ணா நகர் 2வது அவென்யூவில் குடிநீர் குழாய் உடைந்து குடிநீர் வீணாகி வருகிறது. (மண்டலம்: சென்னை தெற்கு)
TN-NLP-6698,கோயம்பேடு மேம்பாலம் அருகில் உள்ள நகராட்சி பேருந்து நிழற்கூரை சேதமடைந்துள்ளது. (மண்டலம்: ஆவடி),infrastructure,Public Infrastructure Damage,ta,ஆவடி,கோயம்பேடு மேம்பாலம் அருகில் உள்ள நகராட்சி பேருந்து நிழற்கூரை சேதமடைந்துள்ளது. (மண்டலம்: ஆவடி)
TN-NLP-6652,சிந்தாதிரிப்பேட்டை கூவம் நதி பாலத்தின் சிமெண்ட் கைப்பிடி சுவர் உடைந்து அபாயகரமாக உள்ளது. (மண்டலம்: சென்னை மத்திய மண்டலம்),infrastructure,Public Infrastructure Damage,ta,சென்னை மத்திய மண்டலம்,சிந்தாதிரிப்பேட்டை கூவம் நதி பாலத்தின் சிமெண்ட் கைப்பிடி சுவர் உடைந்து அபாயகரமாக உள்ளது. (மண்டலம்: சென்னை மத்திய மண்டலம்)
TN-NLP-5063,பெருங்குடியில் கடந்த 3 மாதங்களாக சாலைப் பணி அரைகுறையாக விடப்பட்டு பலத்த தூசு மாசுபாடு ஏற்படுகிறது. (மண்டலம்: சென்னை தெற்கு),roads,Road Damage & Potholes,ta,சென்னை தெற்கு,பெருங்குடியில் கடந்த 3 மாதங்களாக சாலைப் பணி அரைகுறையாக விடப்பட்டு பலத்த தூசு மாசுபாடு ஏற்படுகிறது. (மண்டலம்: சென்னை தெற்கு)
TN-NLP-7072,வேளச்சேரி குடியிருப்பு பகுதியில் தெருநாய்களின் தொல்லை அதிகரித்து பொதுமக்கள் அச்சமடைந்துள்ளனர். (மண்டலம்: சென்னை மத்திய மண்டலம்),other,Other / General Municipal Operations,ta,சென்னை மத்திய மண்டலம்,வேளச்சேரி குடியிருப்பு பகுதியில் தெருநாய்களின் தொல்லை அதிகரித்து பொதுமக்கள் அச்சமடைந்துள்ளனர். (மண்டலம்: சென்னை மத்திய மண்டலம்)
TN-NLP-6640,சிந்தாதிரிப்பேட்டை கூவம் நதி பாலத்தின் சிமெண்ட் கைப்பிடி சுவர் உடைந்து அபாயகரமாக உள்ளது. (மண்டலம்: தாம்பரம்),infrastructure,Public Infrastructure Damage,ta,தாம்பரம்,சிந்தாதிரிப்பேட்டை கூவம் நதி பாலத்தின் சிமெண்ட் கைப்பிடி சுவர் உடைந்து அபாயகரமாக உள்ளது. (மண்டலம்: தாம்பரம்)
TN-NLP-5824,நுங்கம்பாக்கம் பஸ் நிறுத்தம் அருகில் குப்பைகள் அகற்றப்படாமல் 4 நாட்களாக தேங்கியுள்ளது. (மண்டலம்: சென்னை தெற்கு),garbage,Garbage & Waste Disposal,ta,சென்னை தெற்கு,நுங்கம்பாக்கம் பஸ் நிறுத்தம் அருகில் குப்பைகள் அகற்றப்படாமல் 4 நாட்களாக தேங்கியுள்ளது. (மண்டலம்: சென்னை தெற்கு)
TN-NLP-6092,அண்ணா நகர் 2வது அவென்யூவில் குடிநீர் குழாய் உடைந்து குடிநீர் வீணாகி வருகிறது. (மண்டலம்: தாம்பரம்),water,Water Supply Contamination / Burst,ta,தாம்பரம்,அண்ணா நகர் 2வது அவென்யூவில் குடிநீர் குழாய் உடைந்து குடிநீர் வீணாகி வருகிறது. (மண்டலம்: தாம்பரம்)
TN-NLP-6044,அண்ணா நகர் 2வது அவென்யூவில் குடிநீர் குழாய் உடைந்து குடிநீர் வீணாகி வருகிறது. (மண்டலம்: சென்னை வடக்கு),water,Water Supply Contamination / Burst,ta,சென்னை வடக்கு,அண்ணா நகர் 2வது அவென்யூவில் குடிநீர் குழாய் உடைந்து குடிநீர் வீணாகி வருகிறது. (மண்டலம்: சென்னை வடக்கு)
TN-NLP-6609,கோயம்பேடு மேம்பாலம் அருகில் உள்ள நகராட்சி பேருந்து நிழற்கூரை சேதமடைந்துள்ளது. (மண்டலம்: ஆவடி),infrastructure,Public Infrastructure Damage,ta,ஆவடி,கோயம்பேடு மேம்பாலம் அருகில் உள்ள நகராட்சி பேருந்து நிழற்கூரை சேதமடைந்துள்ளது. (மண்டலம்: ஆவடி)
TN-NLP-6812,வேளச்சேரி குடியிருப்பு பகுதியில் தெருநாய்களின் தொல்லை அதிகரித்து பொதுமக்கள் அச்சமடைந்துள்ளனர். (மண்டலம்: சென்னை மத்திய மண்டலம்),other,Other / General Municipal Operations,ta,சென்னை மத்திய மண்டலம்,வேளச்சேரி குடியிருப்பு பகுதியில் தெருநாய்களின் தொல்லை அதிகரித்து பொதுமக்கள் அச்சமடைந்துள்ளனர். (மண்டலம்: சென்னை மத்திய மண்டலம்)
TN-NLP-5009,தி. நகர் உஸ்மான் சாலை சந்திப்பில் தார் தளம் அடித்துச் செல்லப்பட்டு பெரிய குழி உருவாகியுள்ளது. (மண்டலம்: சென்னை வடக்கு),roads,Road Damage & Potholes,ta,சென்னை வடக்கு,தி. நகர் உஸ்மான் சாலை சந்திப்பில் தார் தளம் அடித்துச் செல்லப்பட்டு பெரிய குழி உருவாகியுள்ளது. (மண்டலம்: சென்னை வடக்கு)
TN-NLP-5002,தி. நகர் உஸ்மான் சாலை சந்திப்பில் தார் தளம் அடித்துச் செல்லப்பட்டு பெரிய குழி உருவாகியுள்ளது. (மண்டலம்: ஆவடி),roads,Road Damage & Potholes,ta,ஆவடி,தி. நகர் உஸ்மான் சாலை சந்திப்பில் தார் தளம் அடித்துச் செல்லப்பட்டு பெரிய குழி உருவாகியுள்ளது. (மண்டலம்: ஆவடி)
TN-NLP-5773,திருவான்மியூர் கடற்கரை சாலையில் கட்டுமானக் கழிவுகள் சட்டவிரோதமாகக் கொட்டப்பட்டுள்ளன. (மண்டலம்: ஆவடி),garbage,Garbage & Waste Disposal,ta,ஆவடி,திருவான்மியூர் கடற்கரை சாலையில் கட்டுமானக் கழிவுகள் சட்டவிரோதமாகக் கொட்டப்பட்டுள்ளன. (மண்டலம்: ஆவடி)
TN-NLP-6665,சிந்தாதிரிப்பேட்டை கூவம் நதி பாலத்தின் சிமெண்ட் கைப்பிடி சுவர் உடைந்து அபாயகரமாக உள்ளது. (மண்டலம்: சென்னை மத்திய மண்டலம்),infrastructure,Public Infrastructure Damage,ta,சென்னை மத்திய மண்டலம்,சிந்தாதிரிப்பேட்டை கூவம் நதி பாலத்தின் சிமெண்ட் கைப்பிடி சுவர் உடைந்து அபாயகரமாக உள்ளது. (மண்டலம்: சென்னை மத்திய மண்டலம்)
TN-NLP-5715,நுங்கம்பாக்கம் பஸ் நிறுத்தம் அருகில் குப்பைகள் அகற்றப்படாமல் 4 நாட்களாக தேங்கியுள்ளது. (மண்டலம்: ஆவடி),garbage,Garbage & Waste Disposal,ta,ஆவடி,நுங்கம்பாக்கம் பஸ் நிறுத்தம் அருகில் குப்பைகள் அகற்றப்படாமல் 4 நாட்களாக தேங்கியுள்ளது. (மண்டலம்: ஆவடி)
TN-NLP-6901,வேளச்சேரி குடியிருப்பு பகுதியில் தெருநாய்களின் தொல்லை அதிகரித்து பொதுமக்கள் அச்சமடைந்துள்ளனர். (மண்டலம்: சென்னை மத்திய மண்டலம்),other,Other / General Municipal Operations,ta,சென்னை மத்திய மண்டலம்,வேளச்சேரி குடியிருப்பு பகுதியில் தெருநாய்களின் தொல்லை அதிகரித்து பொதுமக்கள் அச்சமடைந்துள்ளனர். (மண்டலம்: சென்னை மத்திய மண்டலம்)
TN-NLP-5154,அண்ணா சாலையில் உள்ள பெரும் பள்ளத்தால் போக்குவரத்து நெரிசல் மற்றும் விபத்துக்கள் ஏற்படுகிறது. (மண்டலம்: சென்னை வடக்கு),roads,Road Damage & Potholes,ta,சென்னை வடக்கு,அண்ணா சாலையில் உள்ள பெரும் பள்ளத்தால் போக்குவரத்து நெரிசல் மற்றும் விபத்துக்கள் ஏற்படுகிறது. (மண்டலம்: சென்னை வடக்கு)
TN-NLP-6664,சிந்தாதிரிப்பேட்டை கூவம் நதி பாலத்தின் சிமெண்ட் கைப்பிடி சுவர் உடைந்து அபாயகரமாக உள்ளது. (மண்டலம்: சென்னை தெற்கு),infrastructure,Public Infrastructure Damage,ta,சென்னை தெற்கு,சிந்தாதிரிப்பேட்டை கூவம் நதி பாலத்தின் சிமெண்ட் கைப்பிடி சுவர் உடைந்து அபாயகரமாக உள்ளது. (மண்டலம்: சென்னை தெற்கு)
TN-NLP-6368,ஜிஎஸ்டி சாலையில் பல தெருவிளக்குகள் எரியாமல் இருள் சூழ்ந்து விபத்து அபாயம் நிலவுகிறது. (மண்டலம்: சென்னை மத்திய மண்டலம்),streetlights,Streetlights & Electrical Hazards,ta,சென்னை மத்திய மண்டலம்,ஜிஎஸ்டி சாலையில் பல தெருவிளக்குகள் எரியாமல் இருள் சூழ்ந்து விபத்து அபாயம் நிலவுகிறது. (மண்டலம்: சென்னை மத்திய மண்டலம்)
TN-NLP-5360,அசோக் நகர் 4வது அவென்யூவில் மழைநீர் வடிகால் அடைப்பால் வீடுகளுக்குள் தண்ணீர் புகுந்துள்ளது. (மண்டலம்: சென்னை மத்திய மண்டலம்),drainage,Drainage & Sewage Overflow,ta,சென்னை மத்திய மண்டலம்,அசோக் நகர் 4வது அவென்யூவில் மழைநீர் வடிகால் அடைப்பால் வீடுகளுக்குள் தண்ணீர் புகுந்துள்ளது. (மண்டலம்: சென்னை மத்திய மண்டலம்)
TN-NLP-6312,ஜிஎஸ்டி சாலையில் பல தெருவிளக்குகள் எரியாமல் இருள் சூழ்ந்து விபத்து அபாயம் நிலவுகிறது. (மண்டலம்: தாம்பரம்),streetlights,Streetlights & Electrical Hazards,ta,தாம்பரம்,ஜிஎஸ்டி சாலையில் பல தெருவிளக்குகள் எரியாமல் இருள் சூழ்ந்து விபத்து அபாயம் நிலவுகிறது. (மண்டலம்: தாம்பரம்)
TN-NLP-6103,அண்ணா நகர் 2வது அவென்யூவில் குடிநீர் குழாய் உடைந்து குடிநீர் வீணாகி வருகிறது. (மண்டலம்: சென்னை வடக்கு),water,Water Supply Contamination / Burst,ta,சென்னை வடக்கு,அண்ணா நகர் 2வது அவென்யூவில் குடிநீர் குழாய் உடைந்து குடிநீர் வீணாகி வருகிறது. (மண்டலம்: சென்னை வடக்கு)
TN-NLP-5784,திருவான்மியூர் கடற்கரை சாலையில் கட்டுமானக் கழிவுகள் சட்டவிரோதமாகக் கொட்டப்பட்டுள்ளன. (மண்டலம்: சென்னை மத்திய மண்டலம்),garbage,Garbage & Waste Disposal,ta,சென்னை மத்திய மண்டலம்,திருவான்மியூர் கடற்கரை சாலையில் கட்டுமானக் கழிவுகள் சட்டவிரோதமாகக் கொட்டப்பட்டுள்ளன. (மண்டலம்: சென்னை மத்திய மண்டலம்)
TN-NLP-5282,அண்ணா சாலையில் உள்ள பெரும் பள்ளத்தால் போக்குவரத்து நெரிசல் மற்றும் விபத்துக்கள் ஏற்படுகிறது. (மண்டலம்: ஆவடி),roads,Road Damage & Potholes,ta,ஆவடி,அண்ணா சாலையில் உள்ள பெரும் பள்ளத்தால் போக்குவரத்து நெரிசல் மற்றும் விபத்துக்கள் ஏற்படுகிறது. (மண்டலம்: ஆவடி)
TN-NLP-5369,ராயப்பேட்டையில் திறந்தவெளி கழிவுநீர் கால்வாயில் இருந்து சாக்கடை நீர் சாலையில் வழிகிறது. (மண்டலம்: சென்னை தெற்கு),drainage,Drainage & Sewage Overflow,ta,சென்னை தெற்கு,ராயப்பேட்டையில் திறந்தவெளி கழிவுநீர் கால்வாயில் இருந்து சாக்கடை நீர் சாலையில் வழிகிறது. (மண்டலம்: சென்னை தெற்கு)
TN-NLP-5318,ராயப்பேட்டையில் திறந்தவெளி கழிவுநீர் கால்வாயில் இருந்து சாக்கடை நீர் சாலையில் வழிகிறது. (மண்டலம்: ஆவடி),drainage,Drainage & Sewage Overflow,ta,ஆவடி,ராயப்பேட்டையில் திறந்தவெளி கழிவுநீர் கால்வாயில் இருந்து சாக்கடை நீர் சாலையில் வழிகிறது. (மண்டலம்: ஆவடி)
TN-NLP-5779,நுங்கம்பாக்கம் பஸ் நிறுத்தம் அருகில் குப்பைகள் அகற்றப்படாமல் 4 நாட்களாக தேங்கியுள்ளது. (மண்டலம்: சென்னை மத்திய மண்டலம்),garbage,Garbage & Waste Disposal,ta,சென்னை மத்திய மண்டலம்,நுங்கம்பாக்கம் பஸ் நிறுத்தம் அருகில் குப்பைகள் அகற்றப்படாமல் 4 நாட்களாக தேங்கியுள்ளது. (மண்டலம்: சென்னை மத்திய மண்டலம்)
TN-NLP-5150,தி. நகர் உஸ்மான் சாலை சந்திப்பில் தார் தளம் அடித்துச் செல்லப்பட்டு பெரிய குழி உருவாகியுள்ளது. (மண்டலம்: ஆவடி),roads,Road Damage & Potholes,ta,ஆவடி,தி. நகர் உஸ்மான் சாலை சந்திப்பில் தார் தளம் அடித்துச் செல்லப்பட்டு பெரிய குழி உருவாகியுள்ளது. (மண்டலம்: ஆவடி)
TN-NLP-5544,ராயப்பேட்டையில் திறந்தவெளி கழிவுநீர் கால்வாயில் இருந்து சாக்கடை நீர் சாலையில் வழிகிறது. (மண்டலம்: சென்னை தெற்கு),drainage,Drainage & Sewage Overflow,ta,சென்னை தெற்கு,ராயப்பேட்டையில் திறந்தவெளி கழிவுநீர் கால்வாயில் இருந்து சாக்கடை நீர் சாலையில் வழிகிறது. (மண்டலம்: சென்னை தெற்கு)
TN-NLP-5838,கோயம்பேடு சந்தை சாலையில் குப்பைத் தொட்டிகள் நிரம்பி வழிந்து சுகாதாரக் கேடு விளைவிக்கிறது. (மண்டலம்: சென்னை வடக்கு),garbage,Garbage & Waste Disposal,ta,சென்னை வடக்கு,கோயம்பேடு சந்தை சாலையில் குப்பைத் தொட்டிகள் நிரம்பி வழிந்து சுகாதாரக் கேடு விளைவிக்கிறது. (மண்டலம்: சென்னை வடக்கு)
TN-NLP-5127,வேளச்சேரி மெயின் ரோட்டில் மழைநீரால் சாலை முற்றிலும் சேதமடைந்து இருசக்கர வாகன ஓட்டிகளுக்கு பேராபத்தை ஏற்படுத்துகிறது. (மண்டலம்: சென்னை மத்திய மண்டலம்),roads,Road Damage & Potholes,ta,சென்னை மத்திய மண்டலம்,வேளச்சேரி மெயின் ரோட்டில் மழைநீரால் சாலை முற்றிலும் சேதமடைந்து இருசக்கர வாகன ஓட்டிகளுக்கு பேராபத்தை ஏற்படுத்துகிறது. (மண்டலம்: சென்னை மத்திய மண்டலம்)
TN-NLP-5611,திருவான்மியூர் கடற்கரை சாலையில் கட்டுமானக் கழிவுகள் சட்டவிரோதமாகக் கொட்டப்பட்டுள்ளன. (மண்டலம்: சென்னை மத்திய மண்டலம்),garbage,Garbage & Waste Disposal,ta,சென்னை மத்திய மண்டலம்,திருவான்மியூர் கடற்கரை சாலையில் கட்டுமானக் கழிவுகள் சட்டவிரோதமாகக் கொட்டப்பட்டுள்ளன. (மண்டலம்: சென்னை மத்திய மண்டலம்)
TN-NLP-6467,ஜிஎஸ்டி சாலையில் பல தெருவிளக்குகள் எரியாமல் இருள் சூழ்ந்து விபத்து அபாயம் நிலவுகிறது. (மண்டலம்: சென்னை தெற்கு),streetlights,Streetlights & Electrical Hazards,ta,சென்னை தெற்கு,ஜிஎஸ்டி சாலையில் பல தெருவிளக்குகள் எரியாமல் இருள் சூழ்ந்து விபத்து அபாயம் நிலவுகிறது. (மண்டலம்: சென்னை தெற்கு)
TN-NLP-5495,ராயப்பேட்டையில் திறந்தவெளி கழிவுநீர் கால்வாயில் இருந்து சாக்கடை நீர் சாலையில் வழிகிறது. (மண்டலம்: சென்னை மத்திய மண்டலம்),drainage,Drainage & Sewage Overflow,ta,சென்னை மத்திய மண்டலம்,ராயப்பேட்டையில் திறந்தவெளி கழிவுநீர் கால்வாயில் இருந்து சாக்கடை நீர் சாலையில் வழிகிறது. (மண்டலம்: சென்னை மத்திய மண்டலம்)
TN-NLP-6915,வேளச்சேரி குடியிருப்பு பகுதியில் தெருநாய்களின் தொல்லை அதிகரித்து பொதுமக்கள் அச்சமடைந்துள்ளனர். (மண்டலம்: சென்னை மத்திய மண்டலம்),other,Other / General Municipal Operations,ta,சென்னை மத்திய மண்டலம்,வேளச்சேரி குடியிருப்பு பகுதியில் தெருநாய்களின் தொல்லை அதிகரித்து பொதுமக்கள் அச்சமடைந்துள்ளனர். (மண்டலம்: சென்னை மத்திய மண்டலம்)
TN-NLP-5743,கோயம்பேடு சந்தை சாலையில் குப்பைத் தொட்டிகள் நிரம்பி வழிந்து சுகாதாரக் கேடு விளைவிக்கிறது. (மண்டலம்: சென்னை தெற்கு),garbage,Garbage & Waste Disposal,ta,சென்னை தெற்கு,கோயம்பேடு சந்தை சாலையில் குப்பைத் தொட்டிகள் நிரம்பி வழிந்து சுகாதாரக் கேடு விளைவிக்கிறது. (மண்டலம்: சென்னை தெற்கு)
TN-NLP-6206,ஜிஎஸ்டி சாலையில் பல தெருவிளக்குகள் எரியாமல் இருள் சூழ்ந்து விபத்து அபாயம் நிலவுகிறது. (மண்டலம்: சென்னை வடக்கு),streetlights,Streetlights & Electrical Hazards,ta,சென்னை வடக்கு,ஜிஎஸ்டி சாலையில் பல தெருவிளக்குகள் எரியாமல் இருள் சூழ்ந்து விபத்து அபாயம் நிலவுகிறது. (மண்டலம்: சென்னை வடக்கு)
TN-NLP-6786,சிந்தாதிரிப்பேட்டை கூவம் நதி பாலத்தின் சிமெண்ட் கைப்பிடி சுவர் உடைந்து அபாயகரமாக உள்ளது. (மண்டலம்: சென்னை தெற்கு),infrastructure,Public Infrastructure Damage,ta,சென்னை தெற்கு,சிந்தாதிரிப்பேட்டை கூவம் நதி பாலத்தின் சிமெண்ட் கைப்பிடி சுவர் உடைந்து அபாயகரமாக உள்ளது. (மண்டலம்: சென்னை தெற்கு)
TN-NLP-6197,திருவல்லிக்கேணி தெருவில் கடந்த 48 மணி நேரமாக குடிநீர் விநியோகம் முற்றிலும் நிறுத்தப்பட்டுள்ளது. (மண்டலம்: சென்னை வடக்கு),water,Water Supply Contamination / Burst,ta,சென்னை வடக்கு,திருவல்லிக்கேணி தெருவில் கடந்த 48 மணி நேரமாக குடிநீர் விநியோகம் முற்றிலும் நிறுத்தப்பட்டுள்ளது. (மண்டலம்: சென்னை வடக்கு)
TN-NLP-6377,பெருங்குடி ஓஎம்ஆர் சாலையில் மின்கம்பத்தில் இருந்து ஆபத்தான முறையில் மின்வயர் தொங்குகிறது. (மண்டலம்: சென்னை மத்திய மண்டலம்),streetlights,Streetlights & Electrical Hazards,ta,சென்னை மத்திய மண்டலம்,பெருங்குடி ஓஎம்ஆர் சாலையில் மின்கம்பத்தில் இருந்து ஆபத்தான முறையில் மின்வயர் தொங்குகிறது. (மண்டலம்: சென்னை மத்திய மண்டலம்)
TN-NLP-6398,பெருங்குடி ஓஎம்ஆர் சாலையில் மின்கம்பத்தில் இருந்து ஆபத்தான முறையில் மின்வயர் தொங்குகிறது. (மண்டலம்: சென்னை மத்திய மண்டலம்),streetlights,Streetlights & Electrical Hazards,ta,சென்னை மத்திய மண்டலம்,பெருங்குடி ஓஎம்ஆர் சாலையில் மின்கம்பத்தில் இருந்து ஆபத்தான முறையில் மின்வயர் தொங்குகிறது. (மண்டலம்: சென்னை மத்திய மண்டலம்)
TN-NLP-6768,சிந்தாதிரிப்பேட்டை கூவம் நதி பாலத்தின் சிமெண்ட் கைப்பிடி சுவர் உடைந்து அபாயகரமாக உள்ளது. (மண்டலம்: சென்னை தெற்கு),infrastructure,Public Infrastructure Damage,ta,சென்னை தெற்கு,சிந்தாதிரிப்பேட்டை கூவம் நதி பாலத்தின் சிமெண்ட் கைப்பிடி சுவர் உடைந்து அபாயகரமாக உள்ளது. (மண்டலம்: சென்னை தெற்கு)
TN-NLP-5333,ராயப்பேட்டையில் திறந்தவெளி கழிவுநீர் கால்வாயில் இருந்து சாக்கடை நீர் சாலையில் வழிகிறது. (மண்டலம்: ஆவடி),drainage,Drainage & Sewage Overflow,ta,ஆவடி,ராயப்பேட்டையில் திறந்தவெளி கழிவுநீர் கால்வாயில் இருந்து சாக்கடை நீர் சாலையில் வழிகிறது. (மண்டலம்: ஆவடி)
TN-NLP-6182,பெசன்ட் நகரில் விநியோகிக்கப்படும் குடிநீரில் துர்நாற்றமும் கலங்கலான நிறமும் உள்ளது. (மண்டலம்: சென்னை தெற்கு),water,Water Supply Contamination / Burst,ta,சென்னை தெற்கு,பெசன்ட் நகரில் விநியோகிக்கப்படும் குடிநீரில் துர்நாற்றமும் கலங்கலான நிறமும் உள்ளது. (மண்டலம்: சென்னை தெற்கு)
TN-NLP-6726,சிந்தாதிரிப்பேட்டை கூவம் நதி பாலத்தின் சிமெண்ட் கைப்பிடி சுவர் உடைந்து அபாயகரமாக உள்ளது. (மண்டலம்: சென்னை வடக்கு),infrastructure,Public Infrastructure Damage,ta,சென்னை வடக்கு,சிந்தாதிரிப்பேட்டை கூவம் நதி பாலத்தின் சிமெண்ட் கைப்பிடி சுவர் உடைந்து அபாயகரமாக உள்ளது. (மண்டலம்: சென்னை வடக்கு)
TN-NLP-5877,கோயம்பேடு சந்தை சாலையில் குப்பைத் தொட்டிகள் நிரம்பி வழிந்து சுகாதாரக் கேடு விளைவிக்கிறது. (மண்டலம்: தாம்பரம்),garbage,Garbage & Waste Disposal,ta,தாம்பரம்,கோயம்பேடு சந்தை சாலையில் குப்பைத் தொட்டிகள் நிரம்பி வழிந்து சுகாதாரக் கேடு விளைவிக்கிறது. (மண்டலம்: தாம்பரம்)
TN-NLP-5720,கோயம்பேடு சந்தை சாலையில் குப்பைத் தொட்டிகள் நிரம்பி வழிந்து சுகாதாரக் கேடு விளைவிக்கிறது. (மண்டலம்: சென்னை மத்திய மண்டலம்),garbage,Garbage & Waste Disposal,ta,சென்னை மத்திய மண்டலம்,கோயம்பேடு சந்தை சாலையில் குப்பைத் தொட்டிகள் நிரம்பி வழிந்து சுகாதாரக் கேடு விளைவிக்கிறது. (மண்டலம்: சென்னை மத்திய மண்டலம்)
TN-NLP-5915,அண்ணா நகர் 2வது அவென்யூவில் குடிநீர் குழாய் உடைந்து குடிநீர் வீணாகி வருகிறது. (மண்டலம்: தாம்பரம்),water,Water Supply Contamination / Burst,ta,தாம்பரம்,அண்ணா நகர் 2வது அவென்யூவில் குடிநீர் குழாய் உடைந்து குடிநீர் வீணாகி வருகிறது. (மண்டலம்: தாம்பரம்)
TN-NLP-5912,திருவல்லிக்கேணி தெருவில் கடந்த 48 மணி நேரமாக குடிநீர் விநியோகம் முற்றிலும் நிறுத்தப்பட்டுள்ளது. (மண்டலம்: தாம்பரம்),water,Water Supply Contamination / Burst,ta,தாம்பரம்,திருவல்லிக்கேணி தெருவில் கடந்த 48 மணி நேரமாக குடிநீர் விநியோகம் முற்றிலும் நிறுத்தப்பட்டுள்ளது. (மண்டலம்: தாம்பரம்)
TN-NLP-5266,பெருங்குடியில் கடந்த 3 மாதங்களாக சாலைப் பணி அரைகுறையாக விடப்பட்டு பலத்த தூசு மாசுபாடு ஏற்படுகிறது. (மண்டலம்: சென்னை மத்திய மண்டலம்),roads,Road Damage & Potholes,ta,சென்னை மத்திய மண்டலம்,பெருங்குடியில் கடந்த 3 மாதங்களாக சாலைப் பணி அரைகுறையாக விடப்பட்டு பலத்த தூசு மாசுபாடு ஏற்படுகிறது. (மண்டலம்: சென்னை மத்திய மண்டலம்)
TN-NLP-5686,திருவான்மியூர் கடற்கரை சாலையில் கட்டுமானக் கழிவுகள் சட்டவிரோதமாகக் கொட்டப்பட்டுள்ளன. (மண்டலம்: ஆவடி),garbage,Garbage & Waste Disposal,ta,ஆவடி,திருவான்மியூர் கடற்கரை சாலையில் கட்டுமானக் கழிவுகள் சட்டவிரோதமாகக் கொட்டப்பட்டுள்ளன. (மண்டலம்: ஆவடி)
TN-NLP-6290,ஜிஎஸ்டி சாலையில் பல தெருவிளக்குகள் எரியாமல் இருள் சூழ்ந்து விபத்து அபாயம் நிலவுகிறது. (மண்டலம்: சென்னை தெற்கு),streetlights,Streetlights & Electrical Hazards,ta,சென்னை தெற்கு,ஜிஎஸ்டி சாலையில் பல தெருவிளக்குகள் எரியாமல் இருள் சூழ்ந்து விபத்து அபாயம் நிலவுகிறது. (மண்டலம்: சென்னை தெற்கு)
TN-NLP-6456,ஜிஎஸ்டி சாலையில் பல தெருவிளக்குகள் எரியாமல் இருள் சூழ்ந்து விபத்து அபாயம் நிலவுகிறது. (மண்டலம்: சென்னை வடக்கு),streetlights,Streetlights & Electrical Hazards,ta,சென்னை வடக்கு,ஜிஎஸ்டி சாலையில் பல தெருவிளக்குகள் எரியாமல் இருள் சூழ்ந்து விபத்து அபாயம் நிலவுகிறது. (மண்டலம்: சென்னை வடக்கு)
TN-NLP-5335,கோடம்பாக்கம் தெருவில் கழிவுநீர் குழாய் உடைந்து துர்நாற்றம் வீசுவதுடன் சுகாதார சீர்கேடு ஏற்பட்டுள்ளது. (மண்டலம்: ஆவடி),drainage,Drainage & Sewage Overflow,ta,ஆவடி,கோடம்பாக்கம் தெருவில் கழிவுநீர் குழாய் உடைந்து துர்நாற்றம் வீசுவதுடன் சுகாதார சீர்கேடு ஏற்பட்டுள்ளது. (மண்டலம்: ஆவடி)
TN-NLP-6019,திருவல்லிக்கேணி தெருவில் கடந்த 48 மணி நேரமாக குடிநீர் விநியோகம் முற்றிலும் நிறுத்தப்பட்டுள்ளது. (மண்டலம்: சென்னை மத்திய மண்டலம்),water,Water Supply Contamination / Burst,ta,சென்னை மத்திய மண்டலம்,திருவல்லிக்கேணி தெருவில் கடந்த 48 மணி நேரமாக குடிநீர் விநியோகம் முற்றிலும் நிறுத்தப்பட்டுள்ளது. (மண்டலம்: சென்னை மத்திய மண்டலம்)
TN-NLP-6397,பெருங்குடி ஓஎம்ஆர் சாலையில் மின்கம்பத்தில் இருந்து ஆபத்தான முறையில் மின்வயர் தொங்குகிறது. (மண்டலம்: சென்னை வடக்கு),streetlights,Streetlights & Electrical Hazards,ta,சென்னை வடக்கு,பெருங்குடி ஓஎம்ஆர் சாலையில் மின்கம்பத்தில் இருந்து ஆபத்தான முறையில் மின்வயர் தொங்குகிறது. (மண்டலம்: சென்னை வடக்கு)
TN-NLP-5155,அண்ணா சாலையில் உள்ள பெரும் பள்ளத்தால் போக்குவரத்து நெரிசல் மற்றும் விபத்துக்கள் ஏற்படுகிறது. (மண்டலம்: சென்னை மத்திய மண்டலம்),roads,Road Damage & Potholes,ta,சென்னை மத்திய மண்டலம்,அண்ணா சாலையில் உள்ள பெரும் பள்ளத்தால் போக்குவரத்து நெரிசல் மற்றும் விபத்துக்கள் ஏற்படுகிறது. (மண்டலம்: சென்னை மத்திய மண்டலம்)
TN-NLP-5628,கோயம்பேடு சந்தை சாலையில் குப்பைத் தொட்டிகள் நிரம்பி வழிந்து சுகாதாரக் கேடு விளைவிக்கிறது. (மண்டலம்: தாம்பரம்),garbage,Garbage & Waste Disposal,ta,தாம்பரம்,கோயம்பேடு சந்தை சாலையில் குப்பைத் தொட்டிகள் நிரம்பி வழிந்து சுகாதாரக் கேடு விளைவிக்கிறது. (மண்டலம்: தாம்பரம்)
TN-NLP-5713,கோயம்பேடு சந்தை சாலையில் குப்பைத் தொட்டிகள் நிரம்பி வழிந்து சுகாதாரக் கேடு விளைவிக்கிறது. (மண்டலம்: சென்னை தெற்கு),garbage,Garbage & Waste Disposal,ta,சென்னை தெற்கு,கோயம்பேடு சந்தை சாலையில் குப்பைத் தொட்டிகள் நிரம்பி வழிந்து சுகாதாரக் கேடு விளைவிக்கிறது. (மண்டலம்: சென்னை தெற்கு)
TN-NLP-6438,ஜிஎஸ்டி சாலையில் பல தெருவிளக்குகள் எரியாமல் இருள் சூழ்ந்து விபத்து அபாயம் நிலவுகிறது. (மண்டலம்: சென்னை வடக்கு),streetlights,Streetlights & Electrical Hazards,ta,சென்னை வடக்கு,ஜிஎஸ்டி சாலையில் பல தெருவிளக்குகள் எரியாமல் இருள் சூழ்ந்து விபத்து அபாயம் நிலவுகிறது. (மண்டலம்: சென்னை வடக்கு)
TN-NLP-5672,கோயம்பேடு சந்தை சாலையில் குப்பைத் தொட்டிகள் நிரம்பி வழிந்து சுகாதாரக் கேடு விளைவிக்கிறது. (மண்டலம்: சென்னை தெற்கு),garbage,Garbage & Waste Disposal,ta,சென்னை தெற்கு,கோயம்பேடு சந்தை சாலையில் குப்பைத் தொட்டிகள் நிரம்பி வழிந்து சுகாதாரக் கேடு விளைவிக்கிறது. (மண்டலம்: சென்னை தெற்கு)
TN-NLP-6511,சிந்தாதிரிப்பேட்டை கூவம் நதி பாலத்தின் சிமெண்ட் கைப்பிடி சுவர் உடைந்து அபாயகரமாக உள்ளது. (மண்டலம்: தாம்பரம்),infrastructure,Public Infrastructure Damage,ta,தாம்பரம்,சிந்தாதிரிப்பேட்டை கூவம் நதி பாலத்தின் சிமெண்ட் கைப்பிடி சுவர் உடைந்து அபாயகரமாக உள்ளது. (மண்டலம்: தாம்பரம்)
TN-NLP-6445,ஜிஎஸ்டி சாலையில் பல தெருவிளக்குகள் எரியாமல் இருள் சூழ்ந்து விபத்து அபாயம் நிலவுகிறது. (மண்டலம்: சென்னை மத்திய மண்டலம்),streetlights,Streetlights & Electrical Hazards,ta,சென்னை மத்திய மண்டலம்,ஜிஎஸ்டி சாலையில் பல தெருவிளக்குகள் எரியாமல் இருள் சூழ்ந்து விபத்து அபாயம் நிலவுகிறது. (மண்டலம்: சென்னை மத்திய மண்டலம்)
TN-NLP-5665,நுங்கம்பாக்கம் பஸ் நிறுத்தம் அருகில் குப்பைகள் அகற்றப்படாமல் 4 நாட்களாக தேங்கியுள்ளது. (மண்டலம்: ஆவடி),garbage,Garbage & Waste Disposal,ta,ஆவடி,நுங்கம்பாக்கம் பஸ் நிறுத்தம் அருகில் குப்பைகள் அகற்றப்படாமல் 4 நாட்களாக தேங்கியுள்ளது. (மண்டலம்: ஆவடி)
TN-NLP-5946,திருவல்லிக்கேணி தெருவில் கடந்த 48 மணி நேரமாக குடிநீர் விநியோகம் முற்றிலும் நிறுத்தப்பட்டுள்ளது. (மண்டலம்: சென்னை தெற்கு),water,Water Supply Contamination / Burst,ta,சென்னை தெற்கு,திருவல்லிக்கேணி தெருவில் கடந்த 48 மணி நேரமாக குடிநீர் விநியோகம் முற்றிலும் நிறுத்தப்பட்டுள்ளது. (மண்டலம்: சென்னை தெற்கு)
TN-NLP-6998,தி. நகரில் நள்ளிரவிலும் அதிக சத்தத்துடன் ஒலிபெருக்கி பயன்படுத்துவதால் ஒலி மாசுபாடு ஏற்படுகிறது. (மண்டலம்: ஆவடி),other,Other / General Municipal Operations,ta,ஆவடி,தி. நகரில் நள்ளிரவிலும் அதிக சத்தத்துடன் ஒலிபெருக்கி பயன்படுத்துவதால் ஒலி மாசுபாடு ஏற்படுகிறது. (மண்டலம்: ஆவடி)
TN-NLP-5973,பெசன்ட் நகரில் விநியோகிக்கப்படும் குடிநீரில் துர்நாற்றமும் கலங்கலான நிறமும் உள்ளது. (மண்டலம்: ஆவடி),water,Water Supply Contamination / Burst,ta,ஆவடி,பெசன்ட் நகரில் விநியோகிக்கப்படும் குடிநீரில் துர்நாற்றமும் கலங்கலான நிறமும் உள்ளது. (மண்டலம்: ஆவடி)
TN-NLP-5485,கோடம்பாக்கம் தெருவில் கழிவுநீர் குழாய் உடைந்து துர்நாற்றம் வீசுவதுடன் சுகாதார சீர்கேடு ஏற்பட்டுள்ளது. (மண்டலம்: தாம்பரம்),drainage,Drainage & Sewage Overflow,ta,தாம்பரம்,கோடம்பாக்கம் தெருவில் கழிவுநீர் குழாய் உடைந்து துர்நாற்றம் வீசுவதுடன் சுகாதார சீர்கேடு ஏற்பட்டுள்ளது. (மண்டலம்: தாம்பரம்)
TN-NLP-5142,அண்ணா சாலையில் உள்ள பெரும் பள்ளத்தால் போக்குவரத்து நெரிசல் மற்றும் விபத்துக்கள் ஏற்படுகிறது. (மண்டலம்: ஆவடி),roads,Road Damage & Potholes,ta,ஆவடி,அண்ணா சாலையில் உள்ள பெரும் பள்ளத்தால் போக்குவரத்து நெரிசல் மற்றும் விபத்துக்கள் ஏற்படுகிறது. (மண்டலம்: ஆவடி)
TN-NLP-5985,பெசன்ட் நகரில் விநியோகிக்கப்படும் குடிநீரில் துர்நாற்றமும் கலங்கலான நிறமும் உள்ளது. (மண்டலம்: சென்னை தெற்கு),water,Water Supply Contamination / Burst,ta,சென்னை தெற்கு,பெசன்ட் நகரில் விநியோகிக்கப்படும் குடிநீரில் துர்நாற்றமும் கலங்கலான நிறமும் உள்ளது. (மண்டலம்: சென்னை தெற்கு)
TN-NLP-6450,பெருங்குடி ஓஎம்ஆர் சாலையில் மின்கம்பத்தில் இருந்து ஆபத்தான முறையில் மின்வயர் தொங்குகிறது. (மண்டலம்: சென்னை தெற்கு),streetlights,Streetlights & Electrical Hazards,ta,சென்னை தெற்கு,பெருங்குடி ஓஎம்ஆர் சாலையில் மின்கம்பத்தில் இருந்து ஆபத்தான முறையில் மின்வயர் தொங்குகிறது. (மண்டலம்: சென்னை தெற்கு)
TN-NLP-5249,பெருங்குடியில் கடந்த 3 மாதங்களாக சாலைப் பணி அரைகுறையாக விடப்பட்டு பலத்த தூசு மாசுபாடு ஏற்படுகிறது. (மண்டலம்: ஆவடி),roads,Road Damage & Potholes,ta,ஆவடி,பெருங்குடியில் கடந்த 3 மாதங்களாக சாலைப் பணி அரைகுறையாக விடப்பட்டு பலத்த தூசு மாசுபாடு ஏற்படுகிறது. (மண்டலம்: ஆவடி)
TN-NLP-5059,தி. நகர் உஸ்மான் சாலை சந்திப்பில் தார் தளம் அடித்துச் செல்லப்பட்டு பெரிய குழி உருவாகியுள்ளது. (மண்டலம்: ஆவடி),roads,Road Damage & Potholes,ta,ஆவடி,தி. நகர் உஸ்மான் சாலை சந்திப்பில் தார் தளம் அடித்துச் செல்லப்பட்டு பெரிய குழி உருவாகியுள்ளது. (மண்டலம்: ஆவடி)
TN-NLP-6528,சிந்தாதிரிப்பேட்டை கூவம் நதி பாலத்தின் சிமெண்ட் கைப்பிடி சுவர் உடைந்து அபாயகரமாக உள்ளது. (மண்டலம்: சென்னை வடக்கு),infrastructure,Public Infrastructure Damage,ta,சென்னை வடக்கு,சிந்தாதிரிப்பேட்டை கூவம் நதி பாலத்தின் சிமெண்ட் கைப்பிடி சுவர் உடைந்து அபாயகரமாக உள்ளது. (மண்டலம்: சென்னை வடக்கு)
TN-NLP-5117,வேளச்சேரி மெயின் ரோட்டில் மழைநீரால் சாலை முற்றிலும் சேதமடைந்து இருசக்கர வாகன ஓட்டிகளுக்கு பேராபத்தை ஏற்படுத்துகிறது. (மண்டலம்: தாம்பரம்),roads,Road Damage & Potholes,ta,தாம்பரம்,வேளச்சேரி மெயின் ரோட்டில் மழைநீரால் சாலை முற்றிலும் சேதமடைந்து இருசக்கர வாகன ஓட்டிகளுக்கு பேராபத்தை ஏற்படுத்துகிறது. (மண்டலம்: தாம்பரம்)
TN-NLP-5327,கோடம்பாக்கம் தெருவில் கழிவுநீர் குழாய் உடைந்து துர்நாற்றம் வீசுவதுடன் சுகாதார சீர்கேடு ஏற்பட்டுள்ளது. (மண்டலம்: சென்னை தெற்கு),drainage,Drainage & Sewage Overflow,ta,சென்னை தெற்கு,கோடம்பாக்கம் தெருவில் கழிவுநீர் குழாய் உடைந்து துர்நாற்றம் வீசுவதுடன் சுகாதார சீர்கேடு ஏற்பட்டுள்ளது. (மண்டலம்: சென்னை தெற்கு)
TN-NLP-6667,சிந்தாதிரிப்பேட்டை கூவம் நதி பாலத்தின் சிமெண்ட் கைப்பிடி சுவர் உடைந்து அபாயகரமாக உள்ளது. (மண்டலம்: சென்னை மத்திய மண்டலம்),infrastructure,Public Infrastructure Damage,ta,சென்னை மத்திய மண்டலம்,சிந்தாதிரிப்பேட்டை கூவம் நதி பாலத்தின் சிமெண்ட் கைப்பிடி சுவர் உடைந்து அபாயகரமாக உள்ளது. (மண்டலம்: சென்னை மத்திய மண்டலம்)
TN-NLP-6861,வேளச்சேரி குடியிருப்பு பகுதியில் தெருநாய்களின் தொல்லை அதிகரித்து பொதுமக்கள் அச்சமடைந்துள்ளனர். (மண்டலம்: ஆவடி),other,Other / General Municipal Operations,ta,ஆவடி,வேளச்சேரி குடியிருப்பு பகுதியில் தெருநாய்களின் தொல்லை அதிகரித்து பொதுமக்கள் அச்சமடைந்துள்ளனர். (மண்டலம்: ஆவடி)
TN-NLP-5084,தி. நகர் உஸ்மான் சாலை சந்திப்பில் தார் தளம் அடித்துச் செல்லப்பட்டு பெரிய குழி உருவாகியுள்ளது. (மண்டலம்: சென்னை வடக்கு),roads,Road Damage & Potholes,ta,சென்னை வடக்கு,தி. நகர் உஸ்மான் சாலை சந்திப்பில் தார் தளம் அடித்துச் செல்லப்பட்டு பெரிய குழி உருவாகியுள்ளது. (மண்டலம்: சென்னை வடக்கு)
TN-NLP-6697,கோயம்பேடு மேம்பாலம் அருகில் உள்ள நகராட்சி பேருந்து நிழற்கூரை சேதமடைந்துள்ளது. (மண்டலம்: சென்னை மத்திய மண்டலம்),infrastructure,Public Infrastructure Damage,ta,சென்னை மத்திய மண்டலம்,கோயம்பேடு மேம்பாலம் அருகில் உள்ள நகராட்சி பேருந்து நிழற்கூரை சேதமடைந்துள்ளது. (மண்டலம்: சென்னை மத்திய மண்டலம்)
TN-NLP-6745,சிந்தாதிரிப்பேட்டை கூவம் நதி பாலத்தின் சிமெண்ட் கைப்பிடி சுவர் உடைந்து அபாயகரமாக உள்ளது. (மண்டலம்: தாம்பரம்),infrastructure,Public Infrastructure Damage,ta,தாம்பரம்,சிந்தாதிரிப்பேட்டை கூவம் நதி பாலத்தின் சிமெண்ட் கைப்பிடி சுவர் உடைந்து அபாயகரமாக உள்ளது. (மண்டலம்: தாம்பரம்)
TN-NLP-5317,அசோக் நகர் 4வது அவென்யூவில் மழைநீர் வடிகால் அடைப்பால் வீடுகளுக்குள் தண்ணீர் புகுந்துள்ளது. (மண்டலம்: சென்னை மத்திய மண்டலம்),drainage,Drainage & Sewage Overflow,ta,சென்னை மத்திய மண்டலம்,அசோக் நகர் 4வது அவென்யூவில் மழைநீர் வடிகால் அடைப்பால் வீடுகளுக்குள் தண்ணீர் புகுந்துள்ளது. (மண்டலம்: சென்னை மத்திய மண்டலம்)
TN-NLP-5397,ராயப்பேட்டையில் திறந்தவெளி கழிவுநீர் கால்வாயில் இருந்து சாக்கடை நீர் சாலையில் வழிகிறது. (மண்டலம்: சென்னை தெற்கு),drainage,Drainage & Sewage Overflow,ta,சென்னை தெற்கு,ராயப்பேட்டையில் திறந்தவெளி கழிவுநீர் கால்வாயில் இருந்து சாக்கடை நீர் சாலையில் வழிகிறது. (மண்டலம்: சென்னை தெற்கு)
TN-NLP-6422,ஜிஎஸ்டி சாலையில் பல தெருவிளக்குகள் எரியாமல் இருள் சூழ்ந்து விபத்து அபாயம் நிலவுகிறது. (மண்டலம்: தாம்பரம்),streetlights,Streetlights & Electrical Hazards,ta,தாம்பரம்,ஜிஎஸ்டி சாலையில் பல தெருவிளக்குகள் எரியாமல் இருள் சூழ்ந்து விபத்து அபாயம் நிலவுகிறது. (மண்டலம்: தாம்பரம்)
TN-NLP-6403,பெருங்குடி ஓஎம்ஆர் சாலையில் மின்கம்பத்தில் இருந்து ஆபத்தான முறையில் மின்வயர் தொங்குகிறது. (மண்டலம்: ஆவடி),streetlights,Streetlights & Electrical Hazards,ta,ஆவடி,பெருங்குடி ஓஎம்ஆர் சாலையில் மின்கம்பத்தில் இருந்து ஆபத்தான முறையில் மின்வயர் தொங்குகிறது. (மண்டலம்: ஆவடி)
TN-NLP-5722,திருவான்மியூர் கடற்கரை சாலையில் கட்டுமானக் கழிவுகள் சட்டவிரோதமாகக் கொட்டப்பட்டுள்ளன. (மண்டலம்: தாம்பரம்),garbage,Garbage & Waste Disposal,ta,தாம்பரம்,திருவான்மியூர் கடற்கரை சாலையில் கட்டுமானக் கழிவுகள் சட்டவிரோதமாகக் கொட்டப்பட்டுள்ளன. (மண்டலம்: தாம்பரம்)
TN-NLP-6260,ஜிஎஸ்டி சாலையில் பல தெருவிளக்குகள் எரியாமல் இருள் சூழ்ந்து விபத்து அபாயம் நிலவுகிறது. (மண்டலம்: தாம்பரம்),streetlights,Streetlights & Electrical Hazards,ta,தாம்பரம்,ஜிஎஸ்டி சாலையில் பல தெருவிளக்குகள் எரியாமல் இருள் சூழ்ந்து விபத்து அபாயம் நிலவுகிறது. (மண்டலம்: தாம்பரம்)
TN-NLP-5809,நுங்கம்பாக்கம் பஸ் நிறுத்தம் அருகில் குப்பைகள் அகற்றப்படாமல் 4 நாட்களாக தேங்கியுள்ளது. (மண்டலம்: தாம்பரம்),garbage,Garbage & Waste Disposal,ta,தாம்பரம்,நுங்கம்பாக்கம் பஸ் நிறுத்தம் அருகில் குப்பைகள் அகற்றப்படாமல் 4 நாட்களாக தேங்கியுள்ளது. (மண்டலம்: தாம்பரம்)
TN-NLP-5253,அண்ணா சாலையில் உள்ள பெரும் பள்ளத்தால் போக்குவரத்து நெரிசல் மற்றும் விபத்துக்கள் ஏற்படுகிறது. (மண்டலம்: சென்னை மத்திய மண்டலம்),roads,Road Damage & Potholes,ta,சென்னை மத்திய மண்டலம்,அண்ணா சாலையில் உள்ள பெரும் பள்ளத்தால் போக்குவரத்து நெரிசல் மற்றும் விபத்துக்கள் ஏற்படுகிறது. (மண்டலம்: சென்னை மத்திய மண்டலம்)
TN-NLP-6800,வேளச்சேரி குடியிருப்பு பகுதியில் தெருநாய்களின் தொல்லை அதிகரித்து பொதுமக்கள் அச்சமடைந்துள்ளனர். (மண்டலம்: சென்னை மத்திய மண்டலம்),other,Other / General Municipal Operations,ta,சென்னை மத்திய மண்டலம்,வேளச்சேரி குடியிருப்பு பகுதியில் தெருநாய்களின் தொல்லை அதிகரித்து பொதுமக்கள் அச்சமடைந்துள்ளனர். (மண்டலம்: சென்னை மத்திய மண்டலம்)
TN-NLP-6104,திருவல்லிக்கேணி தெருவில் கடந்த 48 மணி நேரமாக குடிநீர் விநியோகம் முற்றிலும் நிறுத்தப்பட்டுள்ளது. (மண்டலம்: சென்னை மத்திய மண்டலம்),water,Water Supply Contamination / Burst,ta,சென்னை மத்திய மண்டலம்,திருவல்லிக்கேணி தெருவில் கடந்த 48 மணி நேரமாக குடிநீர் விநியோகம் முற்றிலும் நிறுத்தப்பட்டுள்ளது. (மண்டலம்: சென்னை மத்திய மண்டலம்)
TN-NLP-6696,சிந்தாதிரிப்பேட்டை கூவம் நதி பாலத்தின் சிமெண்ட் கைப்பிடி சுவர் உடைந்து அபாயகரமாக உள்ளது. (மண்டலம்: சென்னை வடக்கு),infrastructure,Public Infrastructure Damage,ta,சென்னை வடக்கு,சிந்தாதிரிப்பேட்டை கூவம் நதி பாலத்தின் சிமெண்ட் கைப்பிடி சுவர் உடைந்து அபாயகரமாக உள்ளது. (மண்டலம்: சென்னை வடக்கு)
TN-NLP-5629,கோயம்பேடு சந்தை சாலையில் குப்பைத் தொட்டிகள் நிரம்பி வழிந்து சுகாதாரக் கேடு விளைவிக்கிறது. (மண்டலம்: சென்னை வடக்கு),garbage,Garbage & Waste Disposal,ta,சென்னை வடக்கு,கோயம்பேடு சந்தை சாலையில் குப்பைத் தொட்டிகள் நிரம்பி வழிந்து சுகாதாரக் கேடு விளைவிக்கிறது. (மண்டலம்: சென்னை வடக்கு)
TN-NLP-5178,வேளச்சேரி மெயின் ரோட்டில் மழைநீரால் சாலை முற்றிலும் சேதமடைந்து இருசக்கர வாகன ஓட்டிகளுக்கு பேராபத்தை ஏற்படுத்துகிறது. (மண்டலம்: தாம்பரம்),roads,Road Damage & Potholes,ta,தாம்பரம்,வேளச்சேரி மெயின் ரோட்டில் மழைநீரால் சாலை முற்றிலும் சேதமடைந்து இருசக்கர வாகன ஓட்டிகளுக்கு பேராபத்தை ஏற்படுத்துகிறது. (மண்டலம்: தாம்பரம்)
TN-NLP-5828,திருவான்மியூர் கடற்கரை சாலையில் கட்டுமானக் கழிவுகள் சட்டவிரோதமாகக் கொட்டப்பட்டுள்ளன. (மண்டலம்: ஆவடி),garbage,Garbage & Waste Disposal,ta,ஆவடி,திருவான்மியூர் கடற்கரை சாலையில் கட்டுமானக் கழிவுகள் சட்டவிரோதமாகக் கொட்டப்பட்டுள்ளன. (மண்டலம்: ஆவடி)
TN-NLP-6433,ஜிஎஸ்டி சாலையில் பல தெருவிளக்குகள் எரியாமல் இருள் சூழ்ந்து விபத்து அபாயம் நிலவுகிறது. (மண்டலம்: சென்னை மத்திய மண்டலம்),streetlights,Streetlights & Electrical Hazards,ta,சென்னை மத்திய மண்டலம்,ஜிஎஸ்டி சாலையில் பல தெருவிளக்குகள் எரியாமல் இருள் சூழ்ந்து விபத்து அபாயம் நிலவுகிறது. (மண்டலம்: சென்னை மத்திய மண்டலம்)
TN-NLP-5367,கோடம்பாக்கம் தெருவில் கழிவுநீர் குழாய் உடைந்து துர்நாற்றம் வீசுவதுடன் சுகாதார சீர்கேடு ஏற்பட்டுள்ளது. (மண்டலம்: ஆவடி),drainage,Drainage & Sewage Overflow,ta,ஆவடி,கோடம்பாக்கம் தெருவில் கழிவுநீர் குழாய் உடைந்து துர்நாற்றம் வீசுவதுடன் சுகாதார சீர்கேடு ஏற்பட்டுள்ளது. (மண்டலம்: ஆவடி)
TN-NLP-6525,கோயம்பேடு மேம்பாலம் அருகில் உள்ள நகராட்சி பேருந்து நிழற்கூரை சேதமடைந்துள்ளது. (மண்டலம்: ஆவடி),infrastructure,Public Infrastructure Damage,ta,ஆவடி,கோயம்பேடு மேம்பாலம் அருகில் உள்ள நகராட்சி பேருந்து நிழற்கூரை சேதமடைந்துள்ளது. (மண்டலம்: ஆவடி)
TN-NLP-5630,கோயம்பேடு சந்தை சாலையில் குப்பைத் தொட்டிகள் நிரம்பி வழிந்து சுகாதாரக் கேடு விளைவிக்கிறது. (மண்டலம்: ஆவடி),garbage,Garbage & Waste Disposal,ta,ஆவடி,கோயம்பேடு சந்தை சாலையில் குப்பைத் தொட்டிகள் நிரம்பி வழிந்து சுகாதாரக் கேடு விளைவிக்கிறது. (மண்டலம்: ஆவடி)
TN-NLP-6309,பெருங்குடி ஓஎம்ஆர் சாலையில் மின்கம்பத்தில் இருந்து ஆபத்தான முறையில் மின்வயர் தொங்குகிறது. (மண்டலம்: சென்னை மத்திய மண்டலம்),streetlights,Streetlights & Electrical Hazards,ta,சென்னை மத்திய மண்டலம்,பெருங்குடி ஓஎம்ஆர் சாலையில் மின்கம்பத்தில் இருந்து ஆபத்தான முறையில் மின்வயர் தொங்குகிறது. (மண்டலம்: சென்னை மத்திய மண்டலம்)
TN-NLP-6098,அண்ணா நகர் 2வது அவென்யூவில் குடிநீர் குழாய் உடைந்து குடிநீர் வீணாகி வருகிறது. (மண்டலம்: சென்னை வடக்கு),water,Water Supply Contamination / Burst,ta,சென்னை வடக்கு,அண்ணா நகர் 2வது அவென்யூவில் குடிநீர் குழாய் உடைந்து குடிநீர் வீணாகி வருகிறது. (மண்டலம்: சென்னை வடக்கு)
TN-NLP-5231,தி. நகர் உஸ்மான் சாலை சந்திப்பில் தார் தளம் அடித்துச் செல்லப்பட்டு பெரிய குழி உருவாகியுள்ளது. (மண்டலம்: ஆவடி),roads,Road Damage & Potholes,ta,ஆவடி,தி. நகர் உஸ்மான் சாலை சந்திப்பில் தார் தளம் அடித்துச் செல்லப்பட்டு பெரிய குழி உருவாகியுள்ளது. (மண்டலம்: ஆவடி)
TN-NLP-5041,பெருங்குடியில் கடந்த 3 மாதங்களாக சாலைப் பணி அரைகுறையாக விடப்பட்டு பலத்த தூசு மாசுபாடு ஏற்படுகிறது. (மண்டலம்: தாம்பரம்),roads,Road Damage & Potholes,ta,தாம்பரம்,பெருங்குடியில் கடந்த 3 மாதங்களாக சாலைப் பணி அரைகுறையாக விடப்பட்டு பலத்த தூசு மாசுபாடு ஏற்படுகிறது. (மண்டலம்: தாம்பரம்)
TN-NLP-6344,ஜிஎஸ்டி சாலையில் பல தெருவிளக்குகள் எரியாமல் இருள் சூழ்ந்து விபத்து அபாயம் நிலவுகிறது. (மண்டலம்: தாம்பரம்),streetlights,Streetlights & Electrical Hazards,ta,தாம்பரம்,ஜிஎஸ்டி சாலையில் பல தெருவிளக்குகள் எரியாமல் இருள் சூழ்ந்து விபத்து அபாயம் நிலவுகிறது. (மண்டலம்: தாம்பரம்)
TN-NLP-5111,வேளச்சேரி மெயின் ரோட்டில் மழைநீரால் சாலை முற்றிலும் சேதமடைந்து இருசக்கர வாகன ஓட்டிகளுக்கு பேராபத்தை ஏற்படுத்துகிறது. (மண்டலம்: ஆவடி),roads,Road Damage & Potholes,ta,ஆவடி,வேளச்சேரி மெயின் ரோட்டில் மழைநீரால் சாலை முற்றிலும் சேதமடைந்து இருசக்கர வாகன ஓட்டிகளுக்கு பேராபத்தை ஏற்படுத்துகிறது. (மண்டலம்: ஆவடி)
TN-NLP-6819,தி. நகரில் நள்ளிரவிலும் அதிக சத்தத்துடன் ஒலிபெருக்கி பயன்படுத்துவதால் ஒலி மாசுபாடு ஏற்படுகிறது. (மண்டலம்: தாம்பரம்),other,Other / General Municipal Operations,ta,தாம்பரம்,தி. நகரில் நள்ளிரவிலும் அதிக சத்தத்துடன் ஒலிபெருக்கி பயன்படுத்துவதால் ஒலி மாசுபாடு ஏற்படுகிறது. (மண்டலம்: தாம்பரம்)
TN-NLP-6500,சிந்தாதிரிப்பேட்டை கூவம் நதி பாலத்தின் சிமெண்ட் கைப்பிடி சுவர் உடைந்து அபாயகரமாக உள்ளது. (மண்டலம்: சென்னை வடக்கு),infrastructure,Public Infrastructure Damage,ta,சென்னை வடக்கு,சிந்தாதிரிப்பேட்டை கூவம் நதி பாலத்தின் சிமெண்ட் கைப்பிடி சுவர் உடைந்து அபாயகரமாக உள்ளது. (மண்டலம்: சென்னை வடக்கு)
TN-NLP-6506,கோயம்பேடு மேம்பாலம் அருகில் உள்ள நகராட்சி பேருந்து நிழற்கூரை சேதமடைந்துள்ளது. (மண்டலம்: தாம்பரம்),infrastructure,Public Infrastructure Damage,ta,தாம்பரம்,கோயம்பேடு மேம்பாலம் அருகில் உள்ள நகராட்சி பேருந்து நிழற்கூரை சேதமடைந்துள்ளது. (மண்டலம்: தாம்பரம்)
TN-NLP-5179,தி. நகர் உஸ்மான் சாலை சந்திப்பில் தார் தளம் அடித்துச் செல்லப்பட்டு பெரிய குழி உருவாகியுள்ளது. (மண்டலம்: ஆவடி),roads,Road Damage & Potholes,ta,ஆவடி,தி. நகர் உஸ்மான் சாலை சந்திப்பில் தார் தளம் அடித்துச் செல்லப்பட்டு பெரிய குழி உருவாகியுள்ளது. (மண்டலம்: ஆவடி)
TN-NLP-6039,பெசன்ட் நகரில் விநியோகிக்கப்படும் குடிநீரில் துர்நாற்றமும் கலங்கலான நிறமும் உள்ளது. (மண்டலம்: சென்னை தெற்கு),water,Water Supply Contamination / Burst,ta,சென்னை தெற்கு,பெசன்ட் நகரில் விநியோகிக்கப்படும் குடிநீரில் துர்நாற்றமும் கலங்கலான நிறமும் உள்ளது. (மண்டலம்: சென்னை தெற்கு)
TN-NLP-7042,வேளச்சேரி குடியிருப்பு பகுதியில் தெருநாய்களின் தொல்லை அதிகரித்து பொதுமக்கள் அச்சமடைந்துள்ளனர். (மண்டலம்: சென்னை வடக்கு),other,Other / General Municipal Operations,ta,சென்னை வடக்கு,வேளச்சேரி குடியிருப்பு பகுதியில் தெருநாய்களின் தொல்லை அதிகரித்து பொதுமக்கள் அச்சமடைந்துள்ளனர். (மண்டலம்: சென்னை வடக்கு)
TN-NLP-6425,பெருங்குடி ஓஎம்ஆர் சாலையில் மின்கம்பத்தில் இருந்து ஆபத்தான முறையில் மின்வயர் தொங்குகிறது. (மண்டலம்: சென்னை தெற்கு),streetlights,Streetlights & Electrical Hazards,ta,சென்னை தெற்கு,பெருங்குடி ஓஎம்ஆர் சாலையில் மின்கம்பத்தில் இருந்து ஆபத்தான முறையில் மின்வயர் தொங்குகிறது. (மண்டலம்: சென்னை தெற்கு)
TN-NLP-5900,அண்ணா நகர் 2வது அவென்யூவில் குடிநீர் குழாய் உடைந்து குடிநீர் வீணாகி வருகிறது. (மண்டலம்: தாம்பரம்),water,Water Supply Contamination / Burst,ta,தாம்பரம்,அண்ணா நகர் 2வது அவென்யூவில் குடிநீர் குழாய் உடைந்து குடிநீர் வீணாகி வருகிறது. (மண்டலம்: தாம்பரம்)
TN-NLP-7084,வேளச்சேரி குடியிருப்பு பகுதியில் தெருநாய்களின் தொல்லை அதிகரித்து பொதுமக்கள் அச்சமடைந்துள்ளனர். (மண்டலம்: சென்னை மத்திய மண்டலம்),other,Other / General Municipal Operations,ta,சென்னை மத்திய மண்டலம்,வேளச்சேரி குடியிருப்பு பகுதியில் தெருநாய்களின் தொல்லை அதிகரித்து பொதுமக்கள் அச்சமடைந்துள்ளனர். (மண்டலம்: சென்னை மத்திய மண்டலம்)
TN-NLP-7048,வேளச்சேரி குடியிருப்பு பகுதியில் தெருநாய்களின் தொல்லை அதிகரித்து பொதுமக்கள் அச்சமடைந்துள்ளனர். (மண்டலம்: சென்னை தெற்கு),other,Other / General Municipal Operations,ta,சென்னை தெற்கு,வேளச்சேரி குடியிருப்பு பகுதியில் தெருநாய்களின் தொல்லை அதிகரித்து பொதுமக்கள் அச்சமடைந்துள்ளனர். (மண்டலம்: சென்னை தெற்கு)
TN-NLP-6584,கோயம்பேடு மேம்பாலம் அருகில் உள்ள நகராட்சி பேருந்து நிழற்கூரை சேதமடைந்துள்ளது. (மண்டலம்: தாம்பரம்),infrastructure,Public Infrastructure Damage,ta,தாம்பரம்,கோயம்பேடு மேம்பாலம் அருகில் உள்ள நகராட்சி பேருந்து நிழற்கூரை சேதமடைந்துள்ளது. (மண்டலம்: தாம்பரம்)
TN-NLP-5881,திருவான்மியூர் கடற்கரை சாலையில் கட்டுமானக் கழிவுகள் சட்டவிரோதமாகக் கொட்டப்பட்டுள்ளன. (மண்டலம்: ஆவடி),garbage,Garbage & Waste Disposal,ta,ஆவடி,திருவான்மியூர் கடற்கரை சாலையில் கட்டுமானக் கழிவுகள் சட்டவிரோதமாகக் கொட்டப்பட்டுள்ளன. (மண்டலம்: ஆவடி)
TN-NLP-5124,வேளச்சேரி மெயின் ரோட்டில் மழைநீரால் சாலை முற்றிலும் சேதமடைந்து இருசக்கர வாகன ஓட்டிகளுக்கு பேராபத்தை ஏற்படுத்துகிறது. (மண்டலம்: ஆவடி),roads,Road Damage & Potholes,ta,ஆவடி,வேளச்சேரி மெயின் ரோட்டில் மழைநீரால் சாலை முற்றிலும் சேதமடைந்து இருசக்கர வாகன ஓட்டிகளுக்கு பேராபத்தை ஏற்படுத்துகிறது. (மண்டலம்: ஆவடி)
TN-NLP-6658,கோயம்பேடு மேம்பாலம் அருகில் உள்ள நகராட்சி பேருந்து நிழற்கூரை சேதமடைந்துள்ளது. (மண்டலம்: தாம்பரம்),infrastructure,Public Infrastructure Damage,ta,தாம்பரம்,கோயம்பேடு மேம்பாலம் அருகில் உள்ள நகராட்சி பேருந்து நிழற்கூரை சேதமடைந்துள்ளது. (மண்டலம்: தாம்பரம்)
TN-NLP-5019,வேளச்சேரி மெயின் ரோட்டில் மழைநீரால் சாலை முற்றிலும் சேதமடைந்து இருசக்கர வாகன ஓட்டிகளுக்கு பேராபத்தை ஏற்படுத்துகிறது. (மண்டலம்: தாம்பரம்),roads,Road Damage & Potholes,ta,தாம்பரம்,வேளச்சேரி மெயின் ரோட்டில் மழைநீரால் சாலை முற்றிலும் சேதமடைந்து இருசக்கர வாகன ஓட்டிகளுக்கு பேராபத்தை ஏற்படுத்துகிறது. (மண்டலம்: தாம்பரம்)
TN-NLP-6618,சிந்தாதிரிப்பேட்டை கூவம் நதி பாலத்தின் சிமெண்ட் கைப்பிடி சுவர் உடைந்து அபாயகரமாக உள்ளது. (மண்டலம்: சென்னை தெற்கு),infrastructure,Public Infrastructure Damage,ta,சென்னை தெற்கு,சிந்தாதிரிப்பேட்டை கூவம் நதி பாலத்தின் சிமெண்ட் கைப்பிடி சுவர் உடைந்து அபாயகரமாக உள்ளது. (மண்டலம்: சென்னை தெற்கு)
TN-NLP-6027,அண்ணா நகர் 2வது அவென்யூவில் குடிநீர் குழாய் உடைந்து குடிநீர் வீணாகி வருகிறது. (மண்டலம்: தாம்பரம்),water,Water Supply Contamination / Burst,ta,தாம்பரம்,அண்ணா நகர் 2வது அவென்யூவில் குடிநீர் குழாய் உடைந்து குடிநீர் வீணாகி வருகிறது. (மண்டலம்: தாம்பரம்)
TN-NLP-6718,கோயம்பேடு மேம்பாலம் அருகில் உள்ள நகராட்சி பேருந்து நிழற்கூரை சேதமடைந்துள்ளது. (மண்டலம்: சென்னை வடக்கு),infrastructure,Public Infrastructure Damage,ta,சென்னை வடக்கு,கோயம்பேடு மேம்பாலம் அருகில் உள்ள நகராட்சி பேருந்து நிழற்கூரை சேதமடைந்துள்ளது. (மண்டலம்: சென்னை வடக்கு)
TN-NLP-6266,பெருங்குடி ஓஎம்ஆர் சாலையில் மின்கம்பத்தில் இருந்து ஆபத்தான முறையில் மின்வயர் தொங்குகிறது. (மண்டலம்: சென்னை வடக்கு),streetlights,Streetlights & Electrical Hazards,ta,சென்னை வடக்கு,பெருங்குடி ஓஎம்ஆர் சாலையில் மின்கம்பத்தில் இருந்து ஆபத்தான முறையில் மின்வயர் தொங்குகிறது. (மண்டலம்: சென்னை வடக்கு)
TN-NLP-5362,ராயப்பேட்டையில் திறந்தவெளி கழிவுநீர் கால்வாயில் இருந்து சாக்கடை நீர் சாலையில் வழிகிறது. (மண்டலம்: சென்னை தெற்கு),drainage,Drainage & Sewage Overflow,ta,சென்னை தெற்கு,ராயப்பேட்டையில் திறந்தவெளி கழிவுநீர் கால்வாயில் இருந்து சாக்கடை நீர் சாலையில் வழிகிறது. (மண்டலம்: சென்னை தெற்கு)
TN-NLP-5962,பெசன்ட் நகரில் விநியோகிக்கப்படும் குடிநீரில் துர்நாற்றமும் கலங்கலான நிறமும் உள்ளது. (மண்டலம்: சென்னை தெற்கு),water,Water Supply Contamination / Burst,ta,சென்னை தெற்கு,பெசன்ட் நகரில் விநியோகிக்கப்படும் குடிநீரில் துர்நாற்றமும் கலங்கலான நிறமும் உள்ளது. (மண்டலம்: சென்னை தெற்கு)
TN-NLP-7055,தி. நகரில் நள்ளிரவிலும் அதிக சத்தத்துடன் ஒலிபெருக்கி பயன்படுத்துவதால் ஒலி மாசுபாடு ஏற்படுகிறது. (மண்டலம்: சென்னை தெற்கு),other,Other / General Municipal Operations,ta,சென்னை தெற்கு,தி. நகரில் நள்ளிரவிலும் அதிக சத்தத்துடன் ஒலிபெருக்கி பயன்படுத்துவதால் ஒலி மாசுபாடு ஏற்படுகிறது. (மண்டலம்: சென்னை தெற்கு)
TN-NLP-6616,கோயம்பேடு மேம்பாலம் அருகில் உள்ள நகராட்சி பேருந்து நிழற்கூரை சேதமடைந்துள்ளது. (மண்டலம்: சென்னை மத்திய மண்டலம்),infrastructure,Public Infrastructure Damage,ta,சென்னை மத்திய மண்டலம்,கோயம்பேடு மேம்பாலம் அருகில் உள்ள நகராட்சி பேருந்து நிழற்கூரை சேதமடைந்துள்ளது. (மண்டலம்: சென்னை மத்திய மண்டலம்)
TN-NLP-5895,திருவான்மியூர் கடற்கரை சாலையில் கட்டுமானக் கழிவுகள் சட்டவிரோதமாகக் கொட்டப்பட்டுள்ளன. (மண்டலம்: சென்னை மத்திய மண்டலம்),garbage,Garbage & Waste Disposal,ta,சென்னை மத்திய மண்டலம்,திருவான்மியூர் கடற்கரை சாலையில் கட்டுமானக் கழிவுகள் சட்டவிரோதமாகக் கொட்டப்பட்டுள்ளன. (மண்டலம்: சென்னை மத்திய மண்டலம்)
TN-NLP-5492,கோடம்பாக்கம் தெருவில் கழிவுநீர் குழாய் உடைந்து துர்நாற்றம் வீசுவதுடன் சுகாதார சீர்கேடு ஏற்பட்டுள்ளது. (மண்டலம்: சென்னை வடக்கு),drainage,Drainage & Sewage Overflow,ta,சென்னை வடக்கு,கோடம்பாக்கம் தெருவில் கழிவுநீர் குழாய் உடைந்து துர்நாற்றம் வீசுவதுடன் சுகாதார சீர்கேடு ஏற்பட்டுள்ளது. (மண்டலம்: சென்னை வடக்கு)
TN-NLP-6341,ஜிஎஸ்டி சாலையில் பல தெருவிளக்குகள் எரியாமல் இருள் சூழ்ந்து விபத்து அபாயம் நிலவுகிறது. (மண்டலம்: சென்னை தெற்கு),streetlights,Streetlights & Electrical Hazards,ta,சென்னை தெற்கு,ஜிஎஸ்டி சாலையில் பல தெருவிளக்குகள் எரியாமல் இருள் சூழ்ந்து விபத்து அபாயம் நிலவுகிறது. (மண்டலம்: சென்னை தெற்கு)
TN-NLP-5845,நுங்கம்பாக்கம் பஸ் நிறுத்தம் அருகில் குப்பைகள் அகற்றப்படாமல் 4 நாட்களாக தேங்கியுள்ளது. (மண்டலம்: ஆவடி),garbage,Garbage & Waste Disposal,ta,ஆவடி,நுங்கம்பாக்கம் பஸ் நிறுத்தம் அருகில் குப்பைகள் அகற்றப்படாமல் 4 நாட்களாக தேங்கியுள்ளது. (மண்டலம்: ஆவடி)
TN-NLP-5759,நுங்கம்பாக்கம் பஸ் நிறுத்தம் அருகில் குப்பைகள் அகற்றப்படாமல் 4 நாட்களாக தேங்கியுள்ளது. (மண்டலம்: சென்னை தெற்கு),garbage,Garbage & Waste Disposal,ta,சென்னை தெற்கு,நுங்கம்பாக்கம் பஸ் நிறுத்தம் அருகில் குப்பைகள் அகற்றப்படாமல் 4 நாட்களாக தேங்கியுள்ளது. (மண்டலம்: சென்னை தெற்கு)
TN-NLP-6908,தி. நகரில் நள்ளிரவிலும் அதிக சத்தத்துடன் ஒலிபெருக்கி பயன்படுத்துவதால் ஒலி மாசுபாடு ஏற்படுகிறது. (மண்டலம்: தாம்பரம்),other,Other / General Municipal Operations,ta,தாம்பரம்,தி. நகரில் நள்ளிரவிலும் அதிக சத்தத்துடன் ஒலிபெருக்கி பயன்படுத்துவதால் ஒலி மாசுபாடு ஏற்படுகிறது. (மண்டலம்: தாம்பரம்)
TN-NLP-6859,தி. நகரில் நள்ளிரவிலும் அதிக சத்தத்துடன் ஒலிபெருக்கி பயன்படுத்துவதால் ஒலி மாசுபாடு ஏற்படுகிறது. (மண்டலம்: தாம்பரம்),other,Other / General Municipal Operations,ta,தாம்பரம்,தி. நகரில் நள்ளிரவிலும் அதிக சத்தத்துடன் ஒலிபெருக்கி பயன்படுத்துவதால் ஒலி மாசுபாடு ஏற்படுகிறது. (மண்டலம்: தாம்பரம்)
TN-NLP-6471,ஜிஎஸ்டி சாலையில் பல தெருவிளக்குகள் எரியாமல் இருள் சூழ்ந்து விபத்து அபாயம் நிலவுகிறது. (மண்டலம்: ஆவடி),streetlights,Streetlights & Electrical Hazards,ta,ஆவடி,ஜிஎஸ்டி சாலையில் பல தெருவிளக்குகள் எரியாமல் இருள் சூழ்ந்து விபத்து அபாயம் நிலவுகிறது. (மண்டலம்: ஆவடி)
TN-NLP-6562,கோயம்பேடு மேம்பாலம் அருகில் உள்ள நகராட்சி பேருந்து நிழற்கூரை சேதமடைந்துள்ளது. (மண்டலம்: சென்னை மத்திய மண்டலம்),infrastructure,Public Infrastructure Damage,ta,சென்னை மத்திய மண்டலம்,கோயம்பேடு மேம்பாலம் அருகில் உள்ள நகராட்சி பேருந்து நிழற்கூரை சேதமடைந்துள்ளது. (மண்டலம்: சென்னை மத்திய மண்டலம்)
TN-NLP-5234,அண்ணா சாலையில் உள்ள பெரும் பள்ளத்தால் போக்குவரத்து நெரிசல் மற்றும் விபத்துக்கள் ஏற்படுகிறது. (மண்டலம்: சென்னை வடக்கு),roads,Road Damage & Potholes,ta,சென்னை வடக்கு,அண்ணா சாலையில் உள்ள பெரும் பள்ளத்தால் போக்குவரத்து நெரிசல் மற்றும் விபத்துக்கள் ஏற்படுகிறது. (மண்டலம்: சென்னை வடக்கு)
TN-NLP-6352,ஜிஎஸ்டி சாலையில் பல தெருவிளக்குகள் எரியாமல் இருள் சூழ்ந்து விபத்து அபாயம் நிலவுகிறது. (மண்டலம்: சென்னை வடக்கு),streetlights,Streetlights & Electrical Hazards,ta,சென்னை வடக்கு,ஜிஎஸ்டி சாலையில் பல தெருவிளக்குகள் எரியாமல் இருள் சூழ்ந்து விபத்து அபாயம் நிலவுகிறது. (மண்டலம்: சென்னை வடக்கு)
TN-NLP-6354,ஜிஎஸ்டி சாலையில் பல தெருவிளக்குகள் எரியாமல் இருள் சூழ்ந்து விபத்து அபாயம் நிலவுகிறது. (மண்டலம்: தாம்பரம்),streetlights,Streetlights & Electrical Hazards,ta,தாம்பரம்,ஜிஎஸ்டி சாலையில் பல தெருவிளக்குகள் எரியாமல் இருள் சூழ்ந்து விபத்து அபாயம் நிலவுகிறது. (மண்டலம்: தாம்பரம்)
TN-NLP-5269,அண்ணா சாலையில் உள்ள பெரும் பள்ளத்தால் போக்குவரத்து நெரிசல் மற்றும் விபத்துக்கள் ஏற்படுகிறது. (மண்டலம்: சென்னை வடக்கு),roads,Road Damage & Potholes,ta,சென்னை வடக்கு,அண்ணா சாலையில் உள்ள பெரும் பள்ளத்தால் போக்குவரத்து நெரிசல் மற்றும் விபத்துக்கள் ஏற்படுகிறது. (மண்டலம்: சென்னை வடக்கு)
TN-NLP-7029,தி. நகரில் நள்ளிரவிலும் அதிக சத்தத்துடன் ஒலிபெருக்கி பயன்படுத்துவதால் ஒலி மாசுபாடு ஏற்படுகிறது. (மண்டலம்: சென்னை தெற்கு),other,Other / General Municipal Operations,ta,சென்னை தெற்கு,தி. நகரில் நள்ளிரவிலும் அதிக சத்தத்துடன் ஒலிபெருக்கி பயன்படுத்துவதால் ஒலி மாசுபாடு ஏற்படுகிறது. (மண்டலம்: சென்னை தெற்கு)
TN-NLP-5850,திருவான்மியூர் கடற்கரை சாலையில் கட்டுமானக் கழிவுகள் சட்டவிரோதமாகக் கொட்டப்பட்டுள்ளன. (மண்டலம்: சென்னை வடக்கு),garbage,Garbage & Waste Disposal,ta,சென்னை வடக்கு,திருவான்மியூர் கடற்கரை சாலையில் கட்டுமானக் கழிவுகள் சட்டவிரோதமாகக் கொட்டப்பட்டுள்ளன. (மண்டலம்: சென்னை வடக்கு)
TN-NLP-6509,கோயம்பேடு மேம்பாலம் அருகில் உள்ள நகராட்சி பேருந்து நிழற்கூரை சேதமடைந்துள்ளது. (மண்டலம்: தாம்பரம்),infrastructure,Public Infrastructure Damage,ta,தாம்பரம்,கோயம்பேடு மேம்பாலம் அருகில் உள்ள நகராட்சி பேருந்து நிழற்கூரை சேதமடைந்துள்ளது. (மண்டலம்: தாம்பரம்)
TN-NLP-5596,ராயப்பேட்டையில் திறந்தவெளி கழிவுநீர் கால்வாயில் இருந்து சாக்கடை நீர் சாலையில் வழிகிறது. (மண்டலம்: தாம்பரம்),drainage,Drainage & Sewage Overflow,ta,தாம்பரம்,ராயப்பேட்டையில் திறந்தவெளி கழிவுநீர் கால்வாயில் இருந்து சாக்கடை நீர் சாலையில் வழிகிறது. (மண்டலம்: தாம்பரம்)
TN-NLP-6300,பெருங்குடி ஓஎம்ஆர் சாலையில் மின்கம்பத்தில் இருந்து ஆபத்தான முறையில் மின்வயர் தொங்குகிறது. (மண்டலம்: சென்னை வடக்கு),streetlights,Streetlights & Electrical Hazards,ta,சென்னை வடக்கு,பெருங்குடி ஓஎம்ஆர் சாலையில் மின்கம்பத்தில் இருந்து ஆபத்தான முறையில் மின்வயர் தொங்குகிறது. (மண்டலம்: சென்னை வடக்கு)
TN-NLP-5454,ராயப்பேட்டையில் திறந்தவெளி கழிவுநீர் கால்வாயில் இருந்து சாக்கடை நீர் சாலையில் வழிகிறது. (மண்டலம்: ஆவடி),drainage,Drainage & Sewage Overflow,ta,ஆவடி,ராயப்பேட்டையில் திறந்தவெளி கழிவுநீர் கால்வாயில் இருந்து சாக்கடை நீர் சாலையில் வழிகிறது. (மண்டலம்: ஆவடி)
TN-NLP-6192,அண்ணா நகர் 2வது அவென்யூவில் குடிநீர் குழாய் உடைந்து குடிநீர் வீணாகி வருகிறது. (மண்டலம்: சென்னை வடக்கு),water,Water Supply Contamination / Burst,ta,சென்னை வடக்கு,அண்ணா நகர் 2வது அவென்யூவில் குடிநீர் குழாய் உடைந்து குடிநீர் வீணாகி வருகிறது. (மண்டலம்: சென்னை வடக்கு)
TN-NLP-6324,ஜிஎஸ்டி சாலையில் பல தெருவிளக்குகள் எரியாமல் இருள் சூழ்ந்து விபத்து அபாயம் நிலவுகிறது. (மண்டலம்: சென்னை மத்திய மண்டலம்),streetlights,Streetlights & Electrical Hazards,ta,சென்னை மத்திய மண்டலம்,ஜிஎஸ்டி சாலையில் பல தெருவிளக்குகள் எரியாமல் இருள் சூழ்ந்து விபத்து அபாயம் நிலவுகிறது. (மண்டலம்: சென்னை மத்திய மண்டலம்)
TN-NLP-5562,ராயப்பேட்டையில் திறந்தவெளி கழிவுநீர் கால்வாயில் இருந்து சாக்கடை நீர் சாலையில் வழிகிறது. (மண்டலம்: சென்னை வடக்கு),drainage,Drainage & Sewage Overflow,ta,சென்னை வடக்கு,ராயப்பேட்டையில் திறந்தவெளி கழிவுநீர் கால்வாயில் இருந்து சாக்கடை நீர் சாலையில் வழிகிறது. (மண்டலம்: சென்னை வடக்கு)
TN-NLP-6322,ஜிஎஸ்டி சாலையில் பல தெருவிளக்குகள் எரியாமல் இருள் சூழ்ந்து விபத்து அபாயம் நிலவுகிறது. (மண்டலம்: சென்னை தெற்கு),streetlights,Streetlights & Electrical Hazards,ta,சென்னை தெற்கு,ஜிஎஸ்டி சாலையில் பல தெருவிளக்குகள் எரியாமல் இருள் சூழ்ந்து விபத்து அபாயம் நிலவுகிறது. (மண்டலம்: சென்னை தெற்கு)
TN-NLP-6343,பெருங்குடி ஓஎம்ஆர் சாலையில் மின்கம்பத்தில் இருந்து ஆபத்தான முறையில் மின்வயர் தொங்குகிறது. (மண்டலம்: தாம்பரம்),streetlights,Streetlights & Electrical Hazards,ta,தாம்பரம்,பெருங்குடி ஓஎம்ஆர் சாலையில் மின்கம்பத்தில் இருந்து ஆபத்தான முறையில் மின்வயர் தொங்குகிறது. (மண்டலம்: தாம்பரம்)
TN-NLP-5183,வேளச்சேரி மெயின் ரோட்டில் மழைநீரால் சாலை முற்றிலும் சேதமடைந்து இருசக்கர வாகன ஓட்டிகளுக்கு பேராபத்தை ஏற்படுத்துகிறது. (மண்டலம்: ஆவடி),roads,Road Damage & Potholes,ta,ஆவடி,வேளச்சேரி மெயின் ரோட்டில் மழைநீரால் சாலை முற்றிலும் சேதமடைந்து இருசக்கர வாகன ஓட்டிகளுக்கு பேராபத்தை ஏற்படுத்துகிறது. (மண்டலம்: ஆவடி)
TN-NLP-6964,வேளச்சேரி குடியிருப்பு பகுதியில் தெருநாய்களின் தொல்லை அதிகரித்து பொதுமக்கள் அச்சமடைந்துள்ளனர். (மண்டலம்: சென்னை தெற்கு),other,Other / General Municipal Operations,ta,சென்னை தெற்கு,வேளச்சேரி குடியிருப்பு பகுதியில் தெருநாய்களின் தொல்லை அதிகரித்து பொதுமக்கள் அச்சமடைந்துள்ளனர். (மண்டலம்: சென்னை தெற்கு)
TN-NLP-6261,பெருங்குடி ஓஎம்ஆர் சாலையில் மின்கம்பத்தில் இருந்து ஆபத்தான முறையில் மின்வயர் தொங்குகிறது. (மண்டலம்: சென்னை வடக்கு),streetlights,Streetlights & Electrical Hazards,ta,சென்னை வடக்கு,பெருங்குடி ஓஎம்ஆர் சாலையில் மின்கம்பத்தில் இருந்து ஆபத்தான முறையில் மின்வயர் தொங்குகிறது. (மண்டலம்: சென்னை வடக்கு)
TN-NLP-6370,ஜிஎஸ்டி சாலையில் பல தெருவிளக்குகள் எரியாமல் இருள் சூழ்ந்து விபத்து அபாயம் நிலவுகிறது. (மண்டலம்: ஆவடி),streetlights,Streetlights & Electrical Hazards,ta,ஆவடி,ஜிஎஸ்டி சாலையில் பல தெருவிளக்குகள் எரியாமல் இருள் சூழ்ந்து விபத்து அபாயம் நிலவுகிறது. (மண்டலம்: ஆவடி)
TN-NLP-6769,கோயம்பேடு மேம்பாலம் அருகில் உள்ள நகராட்சி பேருந்து நிழற்கூரை சேதமடைந்துள்ளது. (மண்டலம்: சென்னை மத்திய மண்டலம்),infrastructure,Public Infrastructure Damage,ta,சென்னை மத்திய மண்டலம்,கோயம்பேடு மேம்பாலம் அருகில் உள்ள நகராட்சி பேருந்து நிழற்கூரை சேதமடைந்துள்ளது. (மண்டலம்: சென்னை மத்திய மண்டலம்)
TN-NLP-5810,நுங்கம்பாக்கம் பஸ் நிறுத்தம் அருகில் குப்பைகள் அகற்றப்படாமல் 4 நாட்களாக தேங்கியுள்ளது. (மண்டலம்: சென்னை மத்திய மண்டலம்),garbage,Garbage & Waste Disposal,ta,சென்னை மத்திய மண்டலம்,நுங்கம்பாக்கம் பஸ் நிறுத்தம் அருகில் குப்பைகள் அகற்றப்படாமல் 4 நாட்களாக தேங்கியுள்ளது. (மண்டலம்: சென்னை மத்திய மண்டலம்)
TN-NLP-6373,பெருங்குடி ஓஎம்ஆர் சாலையில் மின்கம்பத்தில் இருந்து ஆபத்தான முறையில் மின்வயர் தொங்குகிறது. (மண்டலம்: சென்னை தெற்கு),streetlights,Streetlights & Electrical Hazards,ta,சென்னை தெற்கு,பெருங்குடி ஓஎம்ஆர் சாலையில் மின்கம்பத்தில் இருந்து ஆபத்தான முறையில் மின்வயர் தொங்குகிறது. (மண்டலம்: சென்னை தெற்கு)
TN-NLP-6293,ஜிஎஸ்டி சாலையில் பல தெருவிளக்குகள் எரியாமல் இருள் சூழ்ந்து விபத்து அபாயம் நிலவுகிறது. (மண்டலம்: ஆவடி),streetlights,Streetlights & Electrical Hazards,ta,ஆவடி,ஜிஎஸ்டி சாலையில் பல தெருவிளக்குகள் எரியாமல் இருள் சூழ்ந்து விபத்து அபாயம் நிலவுகிறது. (மண்டலம்: ஆவடி)
TN-NLP-5740,கோயம்பேடு சந்தை சாலையில் குப்பைத் தொட்டிகள் நிரம்பி வழிந்து சுகாதாரக் கேடு விளைவிக்கிறது. (மண்டலம்: சென்னை தெற்கு),garbage,Garbage & Waste Disposal,ta,சென்னை தெற்கு,கோயம்பேடு சந்தை சாலையில் குப்பைத் தொட்டிகள் நிரம்பி வழிந்து சுகாதாரக் கேடு விளைவிக்கிறது. (மண்டலம்: சென்னை தெற்கு)
TN-NLP-5927,திருவல்லிக்கேணி தெருவில் கடந்த 48 மணி நேரமாக குடிநீர் விநியோகம் முற்றிலும் நிறுத்தப்பட்டுள்ளது. (மண்டலம்: ஆவடி),water,Water Supply Contamination / Burst,ta,ஆவடி,திருவல்லிக்கேணி தெருவில் கடந்த 48 மணி நேரமாக குடிநீர் விநியோகம் முற்றிலும் நிறுத்தப்பட்டுள்ளது. (மண்டலம்: ஆவடி)
TN-NLP-6278,ஜிஎஸ்டி சாலையில் பல தெருவிளக்குகள் எரியாமல் இருள் சூழ்ந்து விபத்து அபாயம் நிலவுகிறது. (மண்டலம்: சென்னை தெற்கு),streetlights,Streetlights & Electrical Hazards,ta,சென்னை தெற்கு,ஜிஎஸ்டி சாலையில் பல தெருவிளக்குகள் எரியாமல் இருள் சூழ்ந்து விபத்து அபாயம் நிலவுகிறது. (மண்டலம்: சென்னை தெற்கு)
TN-NLP-7039,வேளச்சேரி குடியிருப்பு பகுதியில் தெருநாய்களின் தொல்லை அதிகரித்து பொதுமக்கள் அச்சமடைந்துள்ளனர். (மண்டலம்: தாம்பரம்),other,Other / General Municipal Operations,ta,தாம்பரம்,வேளச்சேரி குடியிருப்பு பகுதியில் தெருநாய்களின் தொல்லை அதிகரித்து பொதுமக்கள் அச்சமடைந்துள்ளனர். (மண்டலம்: தாம்பரம்)
TN-NLP-5700,கோயம்பேடு சந்தை சாலையில் குப்பைத் தொட்டிகள் நிரம்பி வழிந்து சுகாதாரக் கேடு விளைவிக்கிறது. (மண்டலம்: சென்னை மத்திய மண்டலம்),garbage,Garbage & Waste Disposal,ta,சென்னை மத்திய மண்டலம்,கோயம்பேடு சந்தை சாலையில் குப்பைத் தொட்டிகள் நிரம்பி வழிந்து சுகாதாரக் கேடு விளைவிக்கிறது. (மண்டலம்: சென்னை மத்திய மண்டலம்)
TN-NLP-6574,கோயம்பேடு மேம்பாலம் அருகில் உள்ள நகராட்சி பேருந்து நிழற்கூரை சேதமடைந்துள்ளது. (மண்டலம்: ஆவடி),infrastructure,Public Infrastructure Damage,ta,ஆவடி,கோயம்பேடு மேம்பாலம் அருகில் உள்ள நகராட்சி பேருந்து நிழற்கூரை சேதமடைந்துள்ளது. (மண்டலம்: ஆவடி)
TN-NLP-6615,சிந்தாதிரிப்பேட்டை கூவம் நதி பாலத்தின் சிமெண்ட் கைப்பிடி சுவர் உடைந்து அபாயகரமாக உள்ளது. (மண்டலம்: சென்னை மத்திய மண்டலம்),infrastructure,Public Infrastructure Damage,ta,சென்னை மத்திய மண்டலம்,சிந்தாதிரிப்பேட்டை கூவம் நதி பாலத்தின் சிமெண்ட் கைப்பிடி சுவர் உடைந்து அபாயகரமாக உள்ளது. (மண்டலம்: சென்னை மத்திய மண்டலம்)
TN-NLP-5225,அண்ணா சாலையில் உள்ள பெரும் பள்ளத்தால் போக்குவரத்து நெரிசல் மற்றும் விபத்துக்கள் ஏற்படுகிறது. (மண்டலம்: சென்னை தெற்கு),roads,Road Damage & Potholes,ta,சென்னை தெற்கு,அண்ணா சாலையில் உள்ள பெரும் பள்ளத்தால் போக்குவரத்து நெரிசல் மற்றும் விபத்துக்கள் ஏற்படுகிறது. (மண்டலம்: சென்னை தெற்கு)
TN-NLP-6531,சிந்தாதிரிப்பேட்டை கூவம் நதி பாலத்தின் சிமெண்ட் கைப்பிடி சுவர் உடைந்து அபாயகரமாக உள்ளது. (மண்டலம்: சென்னை தெற்கு),infrastructure,Public Infrastructure Damage,ta,சென்னை தெற்கு,சிந்தாதிரிப்பேட்டை கூவம் நதி பாலத்தின் சிமெண்ட் கைப்பிடி சுவர் உடைந்து அபாயகரமாக உள்ளது. (மண்டலம்: சென்னை தெற்கு)
TN-NLP-6913,தி. நகரில் நள்ளிரவிலும் அதிக சத்தத்துடன் ஒலிபெருக்கி பயன்படுத்துவதால் ஒலி மாசுபாடு ஏற்படுகிறது. (மண்டலம்: தாம்பரம்),other,Other / General Municipal Operations,ta,தாம்பரம்,தி. நகரில் நள்ளிரவிலும் அதிக சத்தத்துடன் ஒலிபெருக்கி பயன்படுத்துவதால் ஒலி மாசுபாடு ஏற்படுகிறது. (மண்டலம்: தாம்பரம்)
TN-NLP-6429,பெருங்குடி ஓஎம்ஆர் சாலையில் மின்கம்பத்தில் இருந்து ஆபத்தான முறையில் மின்வயர் தொங்குகிறது. (மண்டலம்: சென்னை தெற்கு),streetlights,Streetlights & Electrical Hazards,ta,சென்னை தெற்கு,பெருங்குடி ஓஎம்ஆர் சாலையில் மின்கம்பத்தில் இருந்து ஆபத்தான முறையில் மின்வயர் தொங்குகிறது. (மண்டலம்: சென்னை தெற்கு)
TN-NLP-6947,தி. நகரில் நள்ளிரவிலும் அதிக சத்தத்துடன் ஒலிபெருக்கி பயன்படுத்துவதால் ஒலி மாசுபாடு ஏற்படுகிறது. (மண்டலம்: ஆவடி),other,Other / General Municipal Operations,ta,ஆவடி,தி. நகரில் நள்ளிரவிலும் அதிக சத்தத்துடன் ஒலிபெருக்கி பயன்படுத்துவதால் ஒலி மாசுபாடு ஏற்படுகிறது. (மண்டலம்: ஆவடி)
TN-NLP-5677,திருவான்மியூர் கடற்கரை சாலையில் கட்டுமானக் கழிவுகள் சட்டவிரோதமாகக் கொட்டப்பட்டுள்ளன. (மண்டலம்: ஆவடி),garbage,Garbage & Waste Disposal,ta,ஆவடி,திருவான்மியூர் கடற்கரை சாலையில் கட்டுமானக் கழிவுகள் சட்டவிரோதமாகக் கொட்டப்பட்டுள்ளன. (மண்டலம்: ஆவடி)
TN-NLP-6453,பெருங்குடி ஓஎம்ஆர் சாலையில் மின்கம்பத்தில் இருந்து ஆபத்தான முறையில் மின்வயர் தொங்குகிறது. (மண்டலம்: தாம்பரம்),streetlights,Streetlights & Electrical Hazards,ta,தாம்பரம்,பெருங்குடி ஓஎம்ஆர் சாலையில் மின்கம்பத்தில் இருந்து ஆபத்தான முறையில் மின்வயர் தொங்குகிறது. (மண்டலம்: தாம்பரம்)
TN-NLP-6054,அண்ணா நகர் 2வது அவென்யூவில் குடிநீர் குழாய் உடைந்து குடிநீர் வீணாகி வருகிறது. (மண்டலம்: ஆவடி),water,Water Supply Contamination / Burst,ta,ஆவடி,அண்ணா நகர் 2வது அவென்யூவில் குடிநீர் குழாய் உடைந்து குடிநீர் வீணாகி வருகிறது. (மண்டலம்: ஆவடி)
TN-NLP-5972,திருவல்லிக்கேணி தெருவில் கடந்த 48 மணி நேரமாக குடிநீர் விநியோகம் முற்றிலும் நிறுத்தப்பட்டுள்ளது. (மண்டலம்: தாம்பரம்),water,Water Supply Contamination / Burst,ta,தாம்பரம்,திருவல்லிக்கேணி தெருவில் கடந்த 48 மணி நேரமாக குடிநீர் விநியோகம் முற்றிலும் நிறுத்தப்பட்டுள்ளது. (மண்டலம்: தாம்பரம்)
TN-NLP-5120,வேளச்சேரி மெயின் ரோட்டில் மழைநீரால் சாலை முற்றிலும் சேதமடைந்து இருசக்கர வாகன ஓட்டிகளுக்கு பேராபத்தை ஏற்படுத்துகிறது. (மண்டலம்: சென்னை தெற்கு),roads,Road Damage & Potholes,ta,சென்னை தெற்கு,வேளச்சேரி மெயின் ரோட்டில் மழைநீரால் சாலை முற்றிலும் சேதமடைந்து இருசக்கர வாகன ஓட்டிகளுக்கு பேராபத்தை ஏற்படுத்துகிறது. (மண்டலம்: சென்னை தெற்கு)
TN-NLP-7083,வேளச்சேரி குடியிருப்பு பகுதியில் தெருநாய்களின் தொல்லை அதிகரித்து பொதுமக்கள் அச்சமடைந்துள்ளனர். (மண்டலம்: தாம்பரம்),other,Other / General Municipal Operations,ta,தாம்பரம்,வேளச்சேரி குடியிருப்பு பகுதியில் தெருநாய்களின் தொல்லை அதிகரித்து பொதுமக்கள் அச்சமடைந்துள்ளனர். (மண்டலம்: தாம்பரம்)
TN-NLP-5418,அசோக் நகர் 4வது அவென்யூவில் மழைநீர் வடிகால் அடைப்பால் வீடுகளுக்குள் தண்ணீர் புகுந்துள்ளது. (மண்டலம்: ஆவடி),drainage,Drainage & Sewage Overflow,ta,ஆவடி,அசோக் நகர் 4வது அவென்யூவில் மழைநீர் வடிகால் அடைப்பால் வீடுகளுக்குள் தண்ணீர் புகுந்துள்ளது. (மண்டலம்: ஆவடி)
TN-NLP-6177,அண்ணா நகர் 2வது அவென்யூவில் குடிநீர் குழாய் உடைந்து குடிநீர் வீணாகி வருகிறது. (மண்டலம்: சென்னை வடக்கு),water,Water Supply Contamination / Burst,ta,சென்னை வடக்கு,அண்ணா நகர் 2வது அவென்யூவில் குடிநீர் குழாய் உடைந்து குடிநீர் வீணாகி வருகிறது. (மண்டலம்: சென்னை வடக்கு)
TN-NLP-5878,கோயம்பேடு சந்தை சாலையில் குப்பைத் தொட்டிகள் நிரம்பி வழிந்து சுகாதாரக் கேடு விளைவிக்கிறது. (மண்டலம்: சென்னை மத்திய மண்டலம்),garbage,Garbage & Waste Disposal,ta,சென்னை மத்திய மண்டலம்,கோயம்பேடு சந்தை சாலையில் குப்பைத் தொட்டிகள் நிரம்பி வழிந்து சுகாதாரக் கேடு விளைவிக்கிறது. (மண்டலம்: சென்னை மத்திய மண்டலம்)
TN-NLP-6622,சிந்தாதிரிப்பேட்டை கூவம் நதி பாலத்தின் சிமெண்ட் கைப்பிடி சுவர் உடைந்து அபாயகரமாக உள்ளது. (மண்டலம்: ஆவடி),infrastructure,Public Infrastructure Damage,ta,ஆவடி,சிந்தாதிரிப்பேட்டை கூவம் நதி பாலத்தின் சிமெண்ட் கைப்பிடி சுவர் உடைந்து அபாயகரமாக உள்ளது. (மண்டலம்: ஆவடி)
TN-NLP-6142,அண்ணா நகர் 2வது அவென்யூவில் குடிநீர் குழாய் உடைந்து குடிநீர் வீணாகி வருகிறது. (மண்டலம்: ஆவடி),water,Water Supply Contamination / Burst,ta,ஆவடி,அண்ணா நகர் 2வது அவென்யூவில் குடிநீர் குழாய் உடைந்து குடிநீர் வீணாகி வருகிறது. (மண்டலம்: ஆவடி)
TN-NLP-6454,ஜிஎஸ்டி சாலையில் பல தெருவிளக்குகள் எரியாமல் இருள் சூழ்ந்து விபத்து அபாயம் நிலவுகிறது. (மண்டலம்: சென்னை வடக்கு),streetlights,Streetlights & Electrical Hazards,ta,சென்னை வடக்கு,ஜிஎஸ்டி சாலையில் பல தெருவிளக்குகள் எரியாமல் இருள் சூழ்ந்து விபத்து அபாயம் நிலவுகிறது. (மண்டலம்: சென்னை வடக்கு)
TN-NLP-6292,பெருங்குடி ஓஎம்ஆர் சாலையில் மின்கம்பத்தில் இருந்து ஆபத்தான முறையில் மின்வயர் தொங்குகிறது. (மண்டலம்: தாம்பரம்),streetlights,Streetlights & Electrical Hazards,ta,தாம்பரம்,பெருங்குடி ஓஎம்ஆர் சாலையில் மின்கம்பத்தில் இருந்து ஆபத்தான முறையில் மின்வயர் தொங்குகிறது. (மண்டலம்: தாம்பரம்)
TN-NLP-6537,சிந்தாதிரிப்பேட்டை கூவம் நதி பாலத்தின் சிமெண்ட் கைப்பிடி சுவர் உடைந்து அபாயகரமாக உள்ளது. (மண்டலம்: சென்னை மத்திய மண்டலம்),infrastructure,Public Infrastructure Damage,ta,சென்னை மத்திய மண்டலம்,சிந்தாதிரிப்பேட்டை கூவம் நதி பாலத்தின் சிமெண்ட் கைப்பிடி சுவர் உடைந்து அபாயகரமாக உள்ளது. (மண்டலம்: சென்னை மத்திய மண்டலம்)
TN-NLP-6882,வேளச்சேரி குடியிருப்பு பகுதியில் தெருநாய்களின் தொல்லை அதிகரித்து பொதுமக்கள் அச்சமடைந்துள்ளனர். (மண்டலம்: தாம்பரம்),other,Other / General Municipal Operations,ta,தாம்பரம்,வேளச்சேரி குடியிருப்பு பகுதியில் தெருநாய்களின் தொல்லை அதிகரித்து பொதுமக்கள் அச்சமடைந்துள்ளனர். (மண்டலம்: தாம்பரம்)
TN-NLP-5657,திருவான்மியூர் கடற்கரை சாலையில் கட்டுமானக் கழிவுகள் சட்டவிரோதமாகக் கொட்டப்பட்டுள்ளன. (மண்டலம்: சென்னை வடக்கு),garbage,Garbage & Waste Disposal,ta,சென்னை வடக்கு,திருவான்மியூர் கடற்கரை சாலையில் கட்டுமானக் கழிவுகள் சட்டவிரோதமாகக் கொட்டப்பட்டுள்ளன. (மண்டலம்: சென்னை வடக்கு)
TN-NLP-5548,அசோக் நகர் 4வது அவென்யூவில் மழைநீர் வடிகால் அடைப்பால் வீடுகளுக்குள் தண்ணீர் புகுந்துள்ளது. (மண்டலம்: தாம்பரம்),drainage,Drainage & Sewage Overflow,ta,தாம்பரம்,அசோக் நகர் 4வது அவென்யூவில் மழைநீர் வடிகால் அடைப்பால் வீடுகளுக்குள் தண்ணீர் புகுந்துள்ளது. (மண்டலம்: தாம்பரம்)
TN-NLP-6898,தி. நகரில் நள்ளிரவிலும் அதிக சத்தத்துடன் ஒலிபெருக்கி பயன்படுத்துவதால் ஒலி மாசுபாடு ஏற்படுகிறது. (மண்டலம்: ஆவடி),other,Other / General Municipal Operations,ta,ஆவடி,தி. நகரில் நள்ளிரவிலும் அதிக சத்தத்துடன் ஒலிபெருக்கி பயன்படுத்துவதால் ஒலி மாசுபாடு ஏற்படுகிறது. (மண்டலம்: ஆவடி)
TN-NLP-6643,சிந்தாதிரிப்பேட்டை கூவம் நதி பாலத்தின் சிமெண்ட் கைப்பிடி சுவர் உடைந்து அபாயகரமாக உள்ளது. (மண்டலம்: சென்னை வடக்கு),infrastructure,Public Infrastructure Damage,ta,சென்னை வடக்கு,சிந்தாதிரிப்பேட்டை கூவம் நதி பாலத்தின் சிமெண்ட் கைப்பிடி சுவர் உடைந்து அபாயகரமாக உள்ளது. (மண்டலம்: சென்னை வடக்கு)
TN-NLP-5389,கோடம்பாக்கம் தெருவில் கழிவுநீர் குழாய் உடைந்து துர்நாற்றம் வீசுவதுடன் சுகாதார சீர்கேடு ஏற்பட்டுள்ளது. (மண்டலம்: சென்னை தெற்கு),drainage,Drainage & Sewage Overflow,ta,சென்னை தெற்கு,கோடம்பாக்கம் தெருவில் கழிவுநீர் குழாய் உடைந்து துர்நாற்றம் வீசுவதுடன் சுகாதார சீர்கேடு ஏற்பட்டுள்ளது. (மண்டலம்: சென்னை தெற்கு)
TN-NLP-5256,அண்ணா சாலையில் உள்ள பெரும் பள்ளத்தால் போக்குவரத்து நெரிசல் மற்றும் விபத்துக்கள் ஏற்படுகிறது. (மண்டலம்: தாம்பரம்),roads,Road Damage & Potholes,ta,தாம்பரம்,அண்ணா சாலையில் உள்ள பெரும் பள்ளத்தால் போக்குவரத்து நெரிசல் மற்றும் விபத்துக்கள் ஏற்படுகிறது. (மண்டலம்: தாம்பரம்)
TN-NLP-6835,தி. நகரில் நள்ளிரவிலும் அதிக சத்தத்துடன் ஒலிபெருக்கி பயன்படுத்துவதால் ஒலி மாசுபாடு ஏற்படுகிறது. (மண்டலம்: சென்னை தெற்கு),other,Other / General Municipal Operations,ta,சென்னை தெற்கு,தி. நகரில் நள்ளிரவிலும் அதிக சத்தத்துடன் ஒலிபெருக்கி பயன்படுத்துவதால் ஒலி மாசுபாடு ஏற்படுகிறது. (மண்டலம்: சென்னை தெற்கு)
TN-NLP-6111,திருவல்லிக்கேணி தெருவில் கடந்த 48 மணி நேரமாக குடிநீர் விநியோகம் முற்றிலும் நிறுத்தப்பட்டுள்ளது. (மண்டலம்: தாம்பரம்),water,Water Supply Contamination / Burst,ta,தாம்பரம்,திருவல்லிக்கேணி தெருவில் கடந்த 48 மணி நேரமாக குடிநீர் விநியோகம் முற்றிலும் நிறுத்தப்பட்டுள்ளது. (மண்டலம்: தாம்பரம்)
TN-NLP-5976,அண்ணா நகர் 2வது அவென்யூவில் குடிநீர் குழாய் உடைந்து குடிநீர் வீணாகி வருகிறது. (மண்டலம்: சென்னை மத்திய மண்டலம்),water,Water Supply Contamination / Burst,ta,சென்னை மத்திய மண்டலம்,அண்ணா நகர் 2வது அவென்யூவில் குடிநீர் குழாய் உடைந்து குடிநீர் வீணாகி வருகிறது. (மண்டலம்: சென்னை மத்திய மண்டலம்)
TN-NLP-5031,தி. நகர் உஸ்மான் சாலை சந்திப்பில் தார் தளம் அடித்துச் செல்லப்பட்டு பெரிய குழி உருவாகியுள்ளது. (மண்டலம்: தாம்பரம்),roads,Road Damage & Potholes,ta,தாம்பரம்,தி. நகர் உஸ்மான் சாலை சந்திப்பில் தார் தளம் அடித்துச் செல்லப்பட்டு பெரிய குழி உருவாகியுள்ளது. (மண்டலம்: தாம்பரம்)
TN-NLP-5882,திருவான்மியூர் கடற்கரை சாலையில் கட்டுமானக் கழிவுகள் சட்டவிரோதமாகக் கொட்டப்பட்டுள்ளன. (மண்டலம்: சென்னை தெற்கு),garbage,Garbage & Waste Disposal,ta,சென்னை தெற்கு,திருவான்மியூர் கடற்கரை சாலையில் கட்டுமானக் கழிவுகள் சட்டவிரோதமாகக் கொட்டப்பட்டுள்ளன. (மண்டலம்: சென்னை தெற்கு)
TN-NLP-6273,ஜிஎஸ்டி சாலையில் பல தெருவிளக்குகள் எரியாமல் இருள் சூழ்ந்து விபத்து அபாயம் நிலவுகிறது. (மண்டலம்: சென்னை மத்திய மண்டலம்),streetlights,Streetlights & Electrical Hazards,ta,சென்னை மத்திய மண்டலம்,ஜிஎஸ்டி சாலையில் பல தெருவிளக்குகள் எரியாமல் இருள் சூழ்ந்து விபத்து அபாயம் நிலவுகிறது. (மண்டலம்: சென்னை மத்திய மண்டலம்)
TN-NLP-6703,கோயம்பேடு மேம்பாலம் அருகில் உள்ள நகராட்சி பேருந்து நிழற்கூரை சேதமடைந்துள்ளது. (மண்டலம்: சென்னை மத்திய மண்டலம்),infrastructure,Public Infrastructure Damage,ta,சென்னை மத்திய மண்டலம்,கோயம்பேடு மேம்பாலம் அருகில் உள்ள நகராட்சி பேருந்து நிழற்கூரை சேதமடைந்துள்ளது. (மண்டலம்: சென்னை மத்திய மண்டலம்)
TN-NLP-6367,ஜிஎஸ்டி சாலையில் பல தெருவிளக்குகள் எரியாமல் இருள் சூழ்ந்து விபத்து அபாயம் நிலவுகிறது. (மண்டலம்: ஆவடி),streetlights,Streetlights & Electrical Hazards,ta,ஆவடி,ஜிஎஸ்டி சாலையில் பல தெருவிளக்குகள் எரியாமல் இருள் சூழ்ந்து விபத்து அபாயம் நிலவுகிறது. (மண்டலம்: ஆவடி)
TN-NLP-5464,ராயப்பேட்டையில் திறந்தவெளி கழிவுநீர் கால்வாயில் இருந்து சாக்கடை நீர் சாலையில் வழிகிறது. (மண்டலம்: சென்னை மத்திய மண்டலம்),drainage,Drainage & Sewage Overflow,ta,சென்னை மத்திய மண்டலம்,ராயப்பேட்டையில் திறந்தவெளி கழிவுநீர் கால்வாயில் இருந்து சாக்கடை நீர் சாலையில் வழிகிறது. (மண்டலம்: சென்னை மத்திய மண்டலம்)
TN-NLP-6586,கோயம்பேடு மேம்பாலம் அருகில் உள்ள நகராட்சி பேருந்து நிழற்கூரை சேதமடைந்துள்ளது. (மண்டலம்: சென்னை தெற்கு),infrastructure,Public Infrastructure Damage,ta,சென்னை தெற்கு,கோயம்பேடு மேம்பாலம் அருகில் உள்ள நகராட்சி பேருந்து நிழற்கூரை சேதமடைந்துள்ளது. (மண்டலம்: சென்னை தெற்கு)
TN-NLP-5803,நுங்கம்பாக்கம் பஸ் நிறுத்தம் அருகில் குப்பைகள் அகற்றப்படாமல் 4 நாட்களாக தேங்கியுள்ளது. (மண்டலம்: சென்னை தெற்கு),garbage,Garbage & Waste Disposal,ta,சென்னை தெற்கு,நுங்கம்பாக்கம் பஸ் நிறுத்தம் அருகில் குப்பைகள் அகற்றப்படாமல் 4 நாட்களாக தேங்கியுள்ளது. (மண்டலம்: சென்னை தெற்கு)
TN-NLP-5968,பெசன்ட் நகரில் விநியோகிக்கப்படும் குடிநீரில் துர்நாற்றமும் கலங்கலான நிறமும் உள்ளது. (மண்டலம்: சென்னை தெற்கு),water,Water Supply Contamination / Burst,ta,சென்னை தெற்கு,பெசன்ட் நகரில் விநியோகிக்கப்படும் குடிநீரில் துர்நாற்றமும் கலங்கலான நிறமும் உள்ளது. (மண்டலம்: சென்னை தெற்கு)
TN-NLP-6242,பெருங்குடி ஓஎம்ஆர் சாலையில் மின்கம்பத்தில் இருந்து ஆபத்தான முறையில் மின்வயர் தொங்குகிறது. (மண்டலம்: சென்னை தெற்கு),streetlights,Streetlights & Electrical Hazards,ta,சென்னை தெற்கு,பெருங்குடி ஓஎம்ஆர் சாலையில் மின்கம்பத்தில் இருந்து ஆபத்தான முறையில் மின்வயர் தொங்குகிறது. (மண்டலம்: சென்னை தெற்கு)
TN-NLP-5171,வேளச்சேரி மெயின் ரோட்டில் மழைநீரால் சாலை முற்றிலும் சேதமடைந்து இருசக்கர வாகன ஓட்டிகளுக்கு பேராபத்தை ஏற்படுத்துகிறது. (மண்டலம்: சென்னை மத்திய மண்டலம்),roads,Road Damage & Potholes,ta,சென்னை மத்திய மண்டலம்,வேளச்சேரி மெயின் ரோட்டில் மழைநீரால் சாலை முற்றிலும் சேதமடைந்து இருசக்கர வாகன ஓட்டிகளுக்கு பேராபத்தை ஏற்படுத்துகிறது. (மண்டலம்: சென்னை மத்திய மண்டலம்)
TN-NLP-7066,தி. நகரில் நள்ளிரவிலும் அதிக சத்தத்துடன் ஒலிபெருக்கி பயன்படுத்துவதால் ஒலி மாசுபாடு ஏற்படுகிறது. (மண்டலம்: சென்னை தெற்கு),other,Other / General Municipal Operations,ta,சென்னை தெற்கு,தி. நகரில் நள்ளிரவிலும் அதிக சத்தத்துடன் ஒலிபெருக்கி பயன்படுத்துவதால் ஒலி மாசுபாடு ஏற்படுகிறது. (மண்டலம்: சென்னை தெற்கு)
TN-NLP-5297,பெருங்குடியில் கடந்த 3 மாதங்களாக சாலைப் பணி அரைகுறையாக விடப்பட்டு பலத்த தூசு மாசுபாடு ஏற்படுகிறது. (மண்டலம்: தாம்பரம்),roads,Road Damage & Potholes,ta,தாம்பரம்,பெருங்குடியில் கடந்த 3 மாதங்களாக சாலைப் பணி அரைகுறையாக விடப்பட்டு பலத்த தூசு மாசுபாடு ஏற்படுகிறது. (மண்டலம்: தாம்பரம்)
TN-NLP-5192,அண்ணா சாலையில் உள்ள பெரும் பள்ளத்தால் போக்குவரத்து நெரிசல் மற்றும் விபத்துக்கள் ஏற்படுகிறது. (மண்டலம்: சென்னை வடக்கு),roads,Road Damage & Potholes,ta,சென்னை வடக்கு,அண்ணா சாலையில் உள்ள பெரும் பள்ளத்தால் போக்குவரத்து நெரிசல் மற்றும் விபத்துக்கள் ஏற்படுகிறது. (மண்டலம்: சென்னை வடக்கு)
TN-NLP-5398,ராயப்பேட்டையில் திறந்தவெளி கழிவுநீர் கால்வாயில் இருந்து சாக்கடை நீர் சாலையில் வழிகிறது. (மண்டலம்: சென்னை வடக்கு),drainage,Drainage & Sewage Overflow,ta,சென்னை வடக்கு,ராயப்பேட்டையில் திறந்தவெளி கழிவுநீர் கால்வாயில் இருந்து சாக்கடை நீர் சாலையில் வழிகிறது. (மண்டலம்: சென்னை வடக்கு)
TN-NLP-5847,கோயம்பேடு சந்தை சாலையில் குப்பைத் தொட்டிகள் நிரம்பி வழிந்து சுகாதாரக் கேடு விளைவிக்கிறது. (மண்டலம்: சென்னை தெற்கு),garbage,Garbage & Waste Disposal,ta,சென்னை தெற்கு,கோயம்பேடு சந்தை சாலையில் குப்பைத் தொட்டிகள் நிரம்பி வழிந்து சுகாதாரக் கேடு விளைவிக்கிறது. (மண்டலம்: சென்னை தெற்கு)
TN-NLP-5167,பெருங்குடியில் கடந்த 3 மாதங்களாக சாலைப் பணி அரைகுறையாக விடப்பட்டு பலத்த தூசு மாசுபாடு ஏற்படுகிறது. (மண்டலம்: தாம்பரம்),roads,Road Damage & Potholes,ta,தாம்பரம்,பெருங்குடியில் கடந்த 3 மாதங்களாக சாலைப் பணி அரைகுறையாக விடப்பட்டு பலத்த தூசு மாசுபாடு ஏற்படுகிறது. (மண்டலம்: தாம்பரம்)
TN-NLP-6165,திருவல்லிக்கேணி தெருவில் கடந்த 48 மணி நேரமாக குடிநீர் விநியோகம் முற்றிலும் நிறுத்தப்பட்டுள்ளது. (மண்டலம்: சென்னை வடக்கு),water,Water Supply Contamination / Burst,ta,சென்னை வடக்கு,திருவல்லிக்கேணி தெருவில் கடந்த 48 மணி நேரமாக குடிநீர் விநியோகம் முற்றிலும் நிறுத்தப்பட்டுள்ளது. (மண்டலம்: சென்னை வடக்கு)
TN-NLP-5159,அண்ணா சாலையில் உள்ள பெரும் பள்ளத்தால் போக்குவரத்து நெரிசல் மற்றும் விபத்துக்கள் ஏற்படுகிறது. (மண்டலம்: ஆவடி),roads,Road Damage & Potholes,ta,ஆவடி,அண்ணா சாலையில் உள்ள பெரும் பள்ளத்தால் போக்குவரத்து நெரிசல் மற்றும் விபத்துக்கள் ஏற்படுகிறது. (மண்டலம்: ஆவடி)
TN-NLP-5424,கோடம்பாக்கம் தெருவில் கழிவுநீர் குழாய் உடைந்து துர்நாற்றம் வீசுவதுடன் சுகாதார சீர்கேடு ஏற்பட்டுள்ளது. (மண்டலம்: சென்னை தெற்கு),drainage,Drainage & Sewage Overflow,ta,சென்னை தெற்கு,கோடம்பாக்கம் தெருவில் கழிவுநீர் குழாய் உடைந்து துர்நாற்றம் வீசுவதுடன் சுகாதார சீர்கேடு ஏற்பட்டுள்ளது. (மண்டலம்: சென்னை தெற்கு)
TN-NLP-6131,அண்ணா நகர் 2வது அவென்யூவில் குடிநீர் குழாய் உடைந்து குடிநீர் வீணாகி வருகிறது. (மண்டலம்: சென்னை தெற்கு),water,Water Supply Contamination / Burst,ta,சென்னை தெற்கு,அண்ணா நகர் 2வது அவென்யூவில் குடிநீர் குழாய் உடைந்து குடிநீர் வீணாகி வருகிறது. (மண்டலம்: சென்னை தெற்கு)
TN-NLP-5411,அசோக் நகர் 4வது அவென்யூவில் மழைநீர் வடிகால் அடைப்பால் வீடுகளுக்குள் தண்ணீர் புகுந்துள்ளது. (மண்டலம்: சென்னை தெற்கு),drainage,Drainage & Sewage Overflow,ta,சென்னை தெற்கு,அசோக் நகர் 4வது அவென்யூவில் மழைநீர் வடிகால் அடைப்பால் வீடுகளுக்குள் தண்ணீர் புகுந்துள்ளது. (மண்டலம்: சென்னை தெற்கு)
TN-NLP-5546,கோடம்பாக்கம் தெருவில் கழிவுநீர் குழாய் உடைந்து துர்நாற்றம் வீசுவதுடன் சுகாதார சீர்கேடு ஏற்பட்டுள்ளது. (மண்டலம்: சென்னை தெற்கு),drainage,Drainage & Sewage Overflow,ta,சென்னை தெற்கு,கோடம்பாக்கம் தெருவில் கழிவுநீர் குழாய் உடைந்து துர்நாற்றம் வீசுவதுடன் சுகாதார சீர்கேடு ஏற்பட்டுள்ளது. (மண்டலம்: சென்னை தெற்கு)
TN-NLP-6589,சிந்தாதிரிப்பேட்டை கூவம் நதி பாலத்தின் சிமெண்ட் கைப்பிடி சுவர் உடைந்து அபாயகரமாக உள்ளது. (மண்டலம்: தாம்பரம்),infrastructure,Public Infrastructure Damage,ta,தாம்பரம்,சிந்தாதிரிப்பேட்டை கூவம் நதி பாலத்தின் சிமெண்ட் கைப்பிடி சுவர் உடைந்து அபாயகரமாக உள்ளது. (மண்டலம்: தாம்பரம்)
TN-NLP-6256,பெருங்குடி ஓஎம்ஆர் சாலையில் மின்கம்பத்தில் இருந்து ஆபத்தான முறையில் மின்வயர் தொங்குகிறது. (மண்டலம்: ஆவடி),streetlights,Streetlights & Electrical Hazards,ta,ஆவடி,பெருங்குடி ஓஎம்ஆர் சாலையில் மின்கம்பத்தில் இருந்து ஆபத்தான முறையில் மின்வயர் தொங்குகிறது. (மண்டலம்: ஆவடி)
TN-NLP-5974,பெசன்ட் நகரில் விநியோகிக்கப்படும் குடிநீரில் துர்நாற்றமும் கலங்கலான நிறமும் உள்ளது. (மண்டலம்: ஆவடி),water,Water Supply Contamination / Burst,ta,ஆவடி,பெசன்ட் நகரில் விநியோகிக்கப்படும் குடிநீரில் துர்நாற்றமும் கலங்கலான நிறமும் உள்ளது. (மண்டலம்: ஆவடி)
TN-NLP-5296,அண்ணா சாலையில் உள்ள பெரும் பள்ளத்தால் போக்குவரத்து நெரிசல் மற்றும் விபத்துக்கள் ஏற்படுகிறது. (மண்டலம்: சென்னை தெற்கு),roads,Road Damage & Potholes,ta,சென்னை தெற்கு,அண்ணா சாலையில் உள்ள பெரும் பள்ளத்தால் போக்குவரத்து நெரிசல் மற்றும் விபத்துக்கள் ஏற்படுகிறது. (மண்டலம்: சென்னை தெற்கு)
TN-NLP-6275,ஜிஎஸ்டி சாலையில் பல தெருவிளக்குகள் எரியாமல் இருள் சூழ்ந்து விபத்து அபாயம் நிலவுகிறது. (மண்டலம்: சென்னை தெற்கு),streetlights,Streetlights & Electrical Hazards,ta,சென்னை தெற்கு,ஜிஎஸ்டி சாலையில் பல தெருவிளக்குகள் எரியாமல் இருள் சூழ்ந்து விபத்து அபாயம் நிலவுகிறது. (மண்டலம்: சென்னை தெற்கு)
TN-NLP-6480,ஜிஎஸ்டி சாலையில் பல தெருவிளக்குகள் எரியாமல் இருள் சூழ்ந்து விபத்து அபாயம் நிலவுகிறது. (மண்டலம்: சென்னை வடக்கு),streetlights,Streetlights & Electrical Hazards,ta,சென்னை வடக்கு,ஜிஎஸ்டி சாலையில் பல தெருவிளக்குகள் எரியாமல் இருள் சூழ்ந்து விபத்து அபாயம் நிலவுகிறது. (மண்டலம்: சென்னை வடக்கு)
TN-NLP-6050,திருவல்லிக்கேணி தெருவில் கடந்த 48 மணி நேரமாக குடிநீர் விநியோகம் முற்றிலும் நிறுத்தப்பட்டுள்ளது. (மண்டலம்: சென்னை மத்திய மண்டலம்),water,Water Supply Contamination / Burst,ta,சென்னை மத்திய மண்டலம்,திருவல்லிக்கேணி தெருவில் கடந்த 48 மணி நேரமாக குடிநீர் விநியோகம் முற்றிலும் நிறுத்தப்பட்டுள்ளது. (மண்டலம்: சென்னை மத்திய மண்டலம்)
TN-NLP-6530,கோயம்பேடு மேம்பாலம் அருகில் உள்ள நகராட்சி பேருந்து நிழற்கூரை சேதமடைந்துள்ளது. (மண்டலம்: சென்னை தெற்கு),infrastructure,Public Infrastructure Damage,ta,சென்னை தெற்கு,கோயம்பேடு மேம்பாலம் அருகில் உள்ள நகராட்சி பேருந்து நிழற்கூரை சேதமடைந்துள்ளது. (மண்டலம்: சென்னை தெற்கு)
TN-NLP-5441,கோடம்பாக்கம் தெருவில் கழிவுநீர் குழாய் உடைந்து துர்நாற்றம் வீசுவதுடன் சுகாதார சீர்கேடு ஏற்பட்டுள்ளது. (மண்டலம்: சென்னை மத்திய மண்டலம்),drainage,Drainage & Sewage Overflow,ta,சென்னை மத்திய மண்டலம்,கோடம்பாக்கம் தெருவில் கழிவுநீர் குழாய் உடைந்து துர்நாற்றம் வீசுவதுடன் சுகாதார சீர்கேடு ஏற்பட்டுள்ளது. (மண்டலம்: சென்னை மத்திய மண்டலம்)
TN-NLP-7062,தி. நகரில் நள்ளிரவிலும் அதிக சத்தத்துடன் ஒலிபெருக்கி பயன்படுத்துவதால் ஒலி மாசுபாடு ஏற்படுகிறது. (மண்டலம்: சென்னை வடக்கு),other,Other / General Municipal Operations,ta,சென்னை வடக்கு,தி. நகரில் நள்ளிரவிலும் அதிக சத்தத்துடன் ஒலிபெருக்கி பயன்படுத்துவதால் ஒலி மாசுபாடு ஏற்படுகிறது. (மண்டலம்: சென்னை வடக்கு)
TN-NLP-6408,ஜிஎஸ்டி சாலையில் பல தெருவிளக்குகள் எரியாமல் இருள் சூழ்ந்து விபத்து அபாயம் நிலவுகிறது. (மண்டலம்: சென்னை மத்திய மண்டலம்),streetlights,Streetlights & Electrical Hazards,ta,சென்னை மத்திய மண்டலம்,ஜிஎஸ்டி சாலையில் பல தெருவிளக்குகள் எரியாமல் இருள் சூழ்ந்து விபத்து அபாயம் நிலவுகிறது. (மண்டலம்: சென்னை மத்திய மண்டலம்)
TN-NLP-5695,நுங்கம்பாக்கம் பஸ் நிறுத்தம் அருகில் குப்பைகள் அகற்றப்படாமல் 4 நாட்களாக தேங்கியுள்ளது. (மண்டலம்: தாம்பரம்),garbage,Garbage & Waste Disposal,ta,தாம்பரம்,நுங்கம்பாக்கம் பஸ் நிறுத்தம் அருகில் குப்பைகள் அகற்றப்படாமல் 4 நாட்களாக தேங்கியுள்ளது. (மண்டலம்: தாம்பரம்)
TN-NLP-6559,சிந்தாதிரிப்பேட்டை கூவம் நதி பாலத்தின் சிமெண்ட் கைப்பிடி சுவர் உடைந்து அபாயகரமாக உள்ளது. (மண்டலம்: சென்னை மத்திய மண்டலம்),infrastructure,Public Infrastructure Damage,ta,சென்னை மத்திய மண்டலம்,சிந்தாதிரிப்பேட்டை கூவம் நதி பாலத்தின் சிமெண்ட் கைப்பிடி சுவர் உடைந்து அபாயகரமாக உள்ளது. (மண்டலம்: சென்னை மத்திய மண்டலம்)
TN-NLP-6907,தி. நகரில் நள்ளிரவிலும் அதிக சத்தத்துடன் ஒலிபெருக்கி பயன்படுத்துவதால் ஒலி மாசுபாடு ஏற்படுகிறது. (மண்டலம்: சென்னை வடக்கு),other,Other / General Municipal Operations,ta,சென்னை வடக்கு,தி. நகரில் நள்ளிரவிலும் அதிக சத்தத்துடன் ஒலிபெருக்கி பயன்படுத்துவதால் ஒலி மாசுபாடு ஏற்படுகிறது. (மண்டலம்: சென்னை வடக்கு)
TN-NLP-6241,பெருங்குடி ஓஎம்ஆர் சாலையில் மின்கம்பத்தில் இருந்து ஆபத்தான முறையில் மின்வயர் தொங்குகிறது. (மண்டலம்: தாம்பரம்),streetlights,Streetlights & Electrical Hazards,ta,தாம்பரம்,பெருங்குடி ஓஎம்ஆர் சாலையில் மின்கம்பத்தில் இருந்து ஆபத்தான முறையில் மின்வயர் தொங்குகிறது. (மண்டலம்: தாம்பரம்)
TN-NLP-6339,ஜிஎஸ்டி சாலையில் பல தெருவிளக்குகள் எரியாமல் இருள் சூழ்ந்து விபத்து அபாயம் நிலவுகிறது. (மண்டலம்: சென்னை தெற்கு),streetlights,Streetlights & Electrical Hazards,ta,சென்னை தெற்கு,ஜிஎஸ்டி சாலையில் பல தெருவிளக்குகள் எரியாமல் இருள் சூழ்ந்து விபத்து அபாயம் நிலவுகிறது. (மண்டலம்: சென்னை தெற்கு)
TN-NLP-5755,கோயம்பேடு சந்தை சாலையில் குப்பைத் தொட்டிகள் நிரம்பி வழிந்து சுகாதாரக் கேடு விளைவிக்கிறது. (மண்டலம்: தாம்பரம்),garbage,Garbage & Waste Disposal,ta,தாம்பரம்,கோயம்பேடு சந்தை சாலையில் குப்பைத் தொட்டிகள் நிரம்பி வழிந்து சுகாதாரக் கேடு விளைவிக்கிறது. (மண்டலம்: தாம்பரம்)
TN-NLP-6395,பெருங்குடி ஓஎம்ஆர் சாலையில் மின்கம்பத்தில் இருந்து ஆபத்தான முறையில் மின்வயர் தொங்குகிறது. (மண்டலம்: சென்னை மத்திய மண்டலம்),streetlights,Streetlights & Electrical Hazards,ta,சென்னை மத்திய மண்டலம்,பெருங்குடி ஓஎம்ஆர் சாலையில் மின்கம்பத்தில் இருந்து ஆபத்தான முறையில் மின்வயர் தொங்குகிறது. (மண்டலம்: சென்னை மத்திய மண்டலம்)
TN-NLP-6524,கோயம்பேடு மேம்பாலம் அருகில் உள்ள நகராட்சி பேருந்து நிழற்கூரை சேதமடைந்துள்ளது. (மண்டலம்: சென்னை மத்திய மண்டலம்),infrastructure,Public Infrastructure Damage,ta,சென்னை மத்திய மண்டலம்,கோயம்பேடு மேம்பாலம் அருகில் உள்ள நகராட்சி பேருந்து நிழற்கூரை சேதமடைந்துள்ளது. (மண்டலம்: சென்னை மத்திய மண்டலம்)
TN-NLP-6627,கோயம்பேடு மேம்பாலம் அருகில் உள்ள நகராட்சி பேருந்து நிழற்கூரை சேதமடைந்துள்ளது. (மண்டலம்: சென்னை தெற்கு),infrastructure,Public Infrastructure Damage,ta,சென்னை தெற்கு,கோயம்பேடு மேம்பாலம் அருகில் உள்ள நகராட்சி பேருந்து நிழற்கூரை சேதமடைந்துள்ளது. (மண்டலம்: சென்னை தெற்கு)
TN-NLP-6607,சிந்தாதிரிப்பேட்டை கூவம் நதி பாலத்தின் சிமெண்ட் கைப்பிடி சுவர் உடைந்து அபாயகரமாக உள்ளது. (மண்டலம்: சென்னை வடக்கு),infrastructure,Public Infrastructure Damage,ta,சென்னை வடக்கு,சிந்தாதிரிப்பேட்டை கூவம் நதி பாலத்தின் சிமெண்ட் கைப்பிடி சுவர் உடைந்து அபாயகரமாக உள்ளது. (மண்டலம்: சென்னை வடக்கு)
TN-NLP-6448,பெருங்குடி ஓஎம்ஆர் சாலையில் மின்கம்பத்தில் இருந்து ஆபத்தான முறையில் மின்வயர் தொங்குகிறது. (மண்டலம்: சென்னை வடக்கு),streetlights,Streetlights & Electrical Hazards,ta,சென்னை வடக்கு,பெருங்குடி ஓஎம்ஆர் சாலையில் மின்கம்பத்தில் இருந்து ஆபத்தான முறையில் மின்வயர் தொங்குகிறது. (மண்டலம்: சென்னை வடக்கு)
TN-NLP-5624,கோயம்பேடு சந்தை சாலையில் குப்பைத் தொட்டிகள் நிரம்பி வழிந்து சுகாதாரக் கேடு விளைவிக்கிறது. (மண்டலம்: சென்னை தெற்கு),garbage,Garbage & Waste Disposal,ta,சென்னை தெற்கு,கோயம்பேடு சந்தை சாலையில் குப்பைத் தொட்டிகள் நிரம்பி வழிந்து சுகாதாரக் கேடு விளைவிக்கிறது. (மண்டலம்: சென்னை தெற்கு)
TN-NLP-6007,அண்ணா நகர் 2வது அவென்யூவில் குடிநீர் குழாய் உடைந்து குடிநீர் வீணாகி வருகிறது. (மண்டலம்: சென்னை வடக்கு),water,Water Supply Contamination / Burst,ta,சென்னை வடக்கு,அண்ணா நகர் 2வது அவென்யூவில் குடிநீர் குழாய் உடைந்து குடிநீர் வீணாகி வருகிறது. (மண்டலம்: சென்னை வடக்கு)
TN-NLP-6032,திருவல்லிக்கேணி தெருவில் கடந்த 48 மணி நேரமாக குடிநீர் விநியோகம் முற்றிலும் நிறுத்தப்பட்டுள்ளது. (மண்டலம்: சென்னை தெற்கு),water,Water Supply Contamination / Burst,ta,சென்னை தெற்கு,திருவல்லிக்கேணி தெருவில் கடந்த 48 மணி நேரமாக குடிநீர் விநியோகம் முற்றிலும் நிறுத்தப்பட்டுள்ளது. (மண்டலம்: சென்னை தெற்கு)
TN-NLP-6024,பெசன்ட் நகரில் விநியோகிக்கப்படும் குடிநீரில் துர்நாற்றமும் கலங்கலான நிறமும் உள்ளது. (மண்டலம்: சென்னை தெற்கு),water,Water Supply Contamination / Burst,ta,சென்னை தெற்கு,பெசன்ட் நகரில் விநியோகிக்கப்படும் குடிநீரில் துர்நாற்றமும் கலங்கலான நிறமும் உள்ளது. (மண்டலம்: சென்னை தெற்கு)
TN-NLP-6326,பெருங்குடி ஓஎம்ஆர் சாலையில் மின்கம்பத்தில் இருந்து ஆபத்தான முறையில் மின்வயர் தொங்குகிறது. (மண்டலம்: தாம்பரம்),streetlights,Streetlights & Electrical Hazards,ta,தாம்பரம்,பெருங்குடி ஓஎம்ஆர் சாலையில் மின்கம்பத்தில் இருந்து ஆபத்தான முறையில் மின்வயர் தொங்குகிறது. (மண்டலம்: தாம்பரம்)
TN-NLP-5062,அண்ணா சாலையில் உள்ள பெரும் பள்ளத்தால் போக்குவரத்து நெரிசல் மற்றும் விபத்துக்கள் ஏற்படுகிறது. (மண்டலம்: சென்னை மத்திய மண்டலம்),roads,Road Damage & Potholes,ta,சென்னை மத்திய மண்டலம்,அண்ணா சாலையில் உள்ள பெரும் பள்ளத்தால் போக்குவரத்து நெரிசல் மற்றும் விபத்துக்கள் ஏற்படுகிறது. (மண்டலம்: சென்னை மத்திய மண்டலம்)
TN-NLP-6017,பெசன்ட் நகரில் விநியோகிக்கப்படும் குடிநீரில் துர்நாற்றமும் கலங்கலான நிறமும் உள்ளது. (மண்டலம்: சென்னை மத்திய மண்டலம்),water,Water Supply Contamination / Burst,ta,சென்னை மத்திய மண்டலம்,பெசன்ட் நகரில் விநியோகிக்கப்படும் குடிநீரில் துர்நாற்றமும் கலங்கலான நிறமும் உள்ளது. (மண்டலம்: சென்னை மத்திய மண்டலம்)
TN-NLP-6518,சிந்தாதிரிப்பேட்டை கூவம் நதி பாலத்தின் சிமெண்ட் கைப்பிடி சுவர் உடைந்து அபாயகரமாக உள்ளது. (மண்டலம்: சென்னை வடக்கு),infrastructure,Public Infrastructure Damage,ta,சென்னை வடக்கு,சிந்தாதிரிப்பேட்டை கூவம் நதி பாலத்தின் சிமெண்ட் கைப்பிடி சுவர் உடைந்து அபாயகரமாக உள்ளது. (மண்டலம்: சென்னை வடக்கு)
TN-NLP-6215,ஜிஎஸ்டி சாலையில் பல தெருவிளக்குகள் எரியாமல் இருள் சூழ்ந்து விபத்து அபாயம் நிலவுகிறது. (மண்டலம்: சென்னை மத்திய மண்டலம்),streetlights,Streetlights & Electrical Hazards,ta,சென்னை மத்திய மண்டலம்,ஜிஎஸ்டி சாலையில் பல தெருவிளக்குகள் எரியாமல் இருள் சூழ்ந்து விபத்து அபாயம் நிலவுகிறது. (மண்டலம்: சென்னை மத்திய மண்டலம்)
TN-NLP-5233,தி. நகர் உஸ்மான் சாலை சந்திப்பில் தார் தளம் அடித்துச் செல்லப்பட்டு பெரிய குழி உருவாகியுள்ளது. (மண்டலம்: சென்னை தெற்கு),roads,Road Damage & Potholes,ta,சென்னை தெற்கு,தி. நகர் உஸ்மான் சாலை சந்திப்பில் தார் தளம் அடித்துச் செல்லப்பட்டு பெரிய குழி உருவாகியுள்ளது. (மண்டலம்: சென்னை தெற்கு)
TN-NLP-5813,திருவான்மியூர் கடற்கரை சாலையில் கட்டுமானக் கழிவுகள் சட்டவிரோதமாகக் கொட்டப்பட்டுள்ளன. (மண்டலம்: தாம்பரம்),garbage,Garbage & Waste Disposal,ta,தாம்பரம்,திருவான்மியூர் கடற்கரை சாலையில் கட்டுமானக் கழிவுகள் சட்டவிரோதமாகக் கொட்டப்பட்டுள்ளன. (மண்டலம்: தாம்பரம்)
TN-NLP-5597,அசோக் நகர் 4வது அவென்யூவில் மழைநீர் வடிகால் அடைப்பால் வீடுகளுக்குள் தண்ணீர் புகுந்துள்ளது. (மண்டலம்: சென்னை வடக்கு),drainage,Drainage & Sewage Overflow,ta,சென்னை வடக்கு,அசோக் நகர் 4வது அவென்யூவில் மழைநீர் வடிகால் அடைப்பால் வீடுகளுக்குள் தண்ணீர் புகுந்துள்ளது. (மண்டலம்: சென்னை வடக்கு)
TN-NLP-6561,கோயம்பேடு மேம்பாலம் அருகில் உள்ள நகராட்சி பேருந்து நிழற்கூரை சேதமடைந்துள்ளது. (மண்டலம்: சென்னை வடக்கு),infrastructure,Public Infrastructure Damage,ta,சென்னை வடக்கு,கோயம்பேடு மேம்பாலம் அருகில் உள்ள நகராட்சி பேருந்து நிழற்கூரை சேதமடைந்துள்ளது. (மண்டலம்: சென்னை வடக்கு)
TN-NLP-6695,சிந்தாதிரிப்பேட்டை கூவம் நதி பாலத்தின் சிமெண்ட் கைப்பிடி சுவர் உடைந்து அபாயகரமாக உள்ளது. (மண்டலம்: தாம்பரம்),infrastructure,Public Infrastructure Damage,ta,தாம்பரம்,சிந்தாதிரிப்பேட்டை கூவம் நதி பாலத்தின் சிமெண்ட் கைப்பிடி சுவர் உடைந்து அபாயகரமாக உள்ளது. (மண்டலம்: தாம்பரம்)
TN-NLP-5631,நுங்கம்பாக்கம் பஸ் நிறுத்தம் அருகில் குப்பைகள் அகற்றப்படாமல் 4 நாட்களாக தேங்கியுள்ளது. (மண்டலம்: தாம்பரம்),garbage,Garbage & Waste Disposal,ta,தாம்பரம்,நுங்கம்பாக்கம் பஸ் நிறுத்தம் அருகில் குப்பைகள் அகற்றப்படாமல் 4 நாட்களாக தேங்கியுள்ளது. (மண்டலம்: தாம்பரம்)
TN-NLP-6380,ஜிஎஸ்டி சாலையில் பல தெருவிளக்குகள் எரியாமல் இருள் சூழ்ந்து விபத்து அபாயம் நிலவுகிறது. (மண்டலம்: சென்னை தெற்கு),streetlights,Streetlights & Electrical Hazards,ta,சென்னை தெற்கு,ஜிஎஸ்டி சாலையில் பல தெருவிளக்குகள் எரியாமல் இருள் சூழ்ந்து விபத்து அபாயம் நிலவுகிறது. (மண்டலம்: சென்னை தெற்கு)
TN-NLP-5396,அசோக் நகர் 4வது அவென்யூவில் மழைநீர் வடிகால் அடைப்பால் வீடுகளுக்குள் தண்ணீர் புகுந்துள்ளது. (மண்டலம்: தாம்பரம்),drainage,Drainage & Sewage Overflow,ta,தாம்பரம்,அசோக் நகர் 4வது அவென்யூவில் மழைநீர் வடிகால் அடைப்பால் வீடுகளுக்குள் தண்ணீர் புகுந்துள்ளது. (மண்டலம்: தாம்பரம்)
TN-NLP-6228,பெருங்குடி ஓஎம்ஆர் சாலையில் மின்கம்பத்தில் இருந்து ஆபத்தான முறையில் மின்வயர் தொங்குகிறது. (மண்டலம்: ஆவடி),streetlights,Streetlights & Electrical Hazards,ta,ஆவடி,பெருங்குடி ஓஎம்ஆர் சாலையில் மின்கம்பத்தில் இருந்து ஆபத்தான முறையில் மின்வயர் தொங்குகிறது. (மண்டலம்: ஆவடி)
TN-NLP-5528,ராயப்பேட்டையில் திறந்தவெளி கழிவுநீர் கால்வாயில் இருந்து சாக்கடை நீர் சாலையில் வழிகிறது. (மண்டலம்: சென்னை வடக்கு),drainage,Drainage & Sewage Overflow,ta,சென்னை வடக்கு,ராயப்பேட்டையில் திறந்தவெளி கழிவுநீர் கால்வாயில் இருந்து சாக்கடை நீர் சாலையில் வழிகிறது. (மண்டலம்: சென்னை வடக்கு)
TN-NLP-5804,நுங்கம்பாக்கம் பஸ் நிறுத்தம் அருகில் குப்பைகள் அகற்றப்படாமல் 4 நாட்களாக தேங்கியுள்ளது. (மண்டலம்: சென்னை தெற்கு),garbage,Garbage & Waste Disposal,ta,சென்னை தெற்கு,நுங்கம்பாக்கம் பஸ் நிறுத்தம் அருகில் குப்பைகள் அகற்றப்படாமல் 4 நாட்களாக தேங்கியுள்ளது. (மண்டலம்: சென்னை தெற்கு)
TN-NLP-6845,வேளச்சேரி குடியிருப்பு பகுதியில் தெருநாய்களின் தொல்லை அதிகரித்து பொதுமக்கள் அச்சமடைந்துள்ளனர். (மண்டலம்: ஆவடி),other,Other / General Municipal Operations,ta,ஆவடி,வேளச்சேரி குடியிருப்பு பகுதியில் தெருநாய்களின் தொல்லை அதிகரித்து பொதுமக்கள் அச்சமடைந்துள்ளனர். (மண்டலம்: ஆவடி)
TN-NLP-5697,திருவான்மியூர் கடற்கரை சாலையில் கட்டுமானக் கழிவுகள் சட்டவிரோதமாகக் கொட்டப்பட்டுள்ளன. (மண்டலம்: சென்னை வடக்கு),garbage,Garbage & Waste Disposal,ta,சென்னை வடக்கு,திருவான்மியூர் கடற்கரை சாலையில் கட்டுமானக் கழிவுகள் சட்டவிரோதமாகக் கொட்டப்பட்டுள்ளன. (மண்டலம்: சென்னை வடக்கு)
TN-NLP-5024,வேளச்சேரி மெயின் ரோட்டில் மழைநீரால் சாலை முற்றிலும் சேதமடைந்து இருசக்கர வாகன ஓட்டிகளுக்கு பேராபத்தை ஏற்படுத்துகிறது. (மண்டலம்: தாம்பரம்),roads,Road Damage & Potholes,ta,தாம்பரம்,வேளச்சேரி மெயின் ரோட்டில் மழைநீரால் சாலை முற்றிலும் சேதமடைந்து இருசக்கர வாகன ஓட்டிகளுக்கு பேராபத்தை ஏற்படுத்துகிறது. (மண்டலம்: தாம்பரம்)
TN-NLP-5718,கோயம்பேடு சந்தை சாலையில் குப்பைத் தொட்டிகள் நிரம்பி வழிந்து சுகாதாரக் கேடு விளைவிக்கிறது. (மண்டலம்: சென்னை வடக்கு),garbage,Garbage & Waste Disposal,ta,சென்னை வடக்கு,கோயம்பேடு சந்தை சாலையில் குப்பைத் தொட்டிகள் நிரம்பி வழிந்து சுகாதாரக் கேடு விளைவிக்கிறது. (மண்டலம்: சென்னை வடக்கு)
TN-NLP-6639,சிந்தாதிரிப்பேட்டை கூவம் நதி பாலத்தின் சிமெண்ட் கைப்பிடி சுவர் உடைந்து அபாயகரமாக உள்ளது. (மண்டலம்: ஆவடி),infrastructure,Public Infrastructure Damage,ta,ஆவடி,சிந்தாதிரிப்பேட்டை கூவம் நதி பாலத்தின் சிமெண்ட் கைப்பிடி சுவர் உடைந்து அபாயகரமாக உள்ளது. (மண்டலம்: ஆவடி)
TN-NLP-5022,தி. நகர் உஸ்மான் சாலை சந்திப்பில் தார் தளம் அடித்துச் செல்லப்பட்டு பெரிய குழி உருவாகியுள்ளது. (மண்டலம்: ஆவடி),roads,Road Damage & Potholes,ta,ஆவடி,தி. நகர் உஸ்மான் சாலை சந்திப்பில் தார் தளம் அடித்துச் செல்லப்பட்டு பெரிய குழி உருவாகியுள்ளது. (மண்டலம்: ஆவடி)
TN-NLP-6877,தி. நகரில் நள்ளிரவிலும் அதிக சத்தத்துடன் ஒலிபெருக்கி பயன்படுத்துவதால் ஒலி மாசுபாடு ஏற்படுகிறது. (மண்டலம்: ஆவடி),other,Other / General Municipal Operations,ta,ஆவடி,தி. நகரில் நள்ளிரவிலும் அதிக சத்தத்துடன் ஒலிபெருக்கி பயன்படுத்துவதால் ஒலி மாசுபாடு ஏற்படுகிறது. (மண்டலம்: ஆவடி)
TN-NLP-5854,கோயம்பேடு சந்தை சாலையில் குப்பைத் தொட்டிகள் நிரம்பி வழிந்து சுகாதாரக் கேடு விளைவிக்கிறது. (மண்டலம்: தாம்பரம்),garbage,Garbage & Waste Disposal,ta,தாம்பரம்,கோயம்பேடு சந்தை சாலையில் குப்பைத் தொட்டிகள் நிரம்பி வழிந்து சுகாதாரக் கேடு விளைவிக்கிறது. (மண்டலம்: தாம்பரம்)
TN-NLP-5682,திருவான்மியூர் கடற்கரை சாலையில் கட்டுமானக் கழிவுகள் சட்டவிரோதமாகக் கொட்டப்பட்டுள்ளன. (மண்டலம்: தாம்பரம்),garbage,Garbage & Waste Disposal,ta,தாம்பரம்,திருவான்மியூர் கடற்கரை சாலையில் கட்டுமானக் கழிவுகள் சட்டவிரோதமாகக் கொட்டப்பட்டுள்ளன. (மண்டலம்: தாம்பரம்)
TN-NLP-5983,அண்ணா நகர் 2வது அவென்யூவில் குடிநீர் குழாய் உடைந்து குடிநீர் வீணாகி வருகிறது. (மண்டலம்: தாம்பரம்),water,Water Supply Contamination / Burst,ta,தாம்பரம்,அண்ணா நகர் 2வது அவென்யூவில் குடிநீர் குழாய் உடைந்து குடிநீர் வீணாகி வருகிறது. (மண்டலம்: தாம்பரம்)
TN-NLP-6076,பெசன்ட் நகரில் விநியோகிக்கப்படும் குடிநீரில் துர்நாற்றமும் கலங்கலான நிறமும் உள்ளது. (மண்டலம்: ஆவடி),water,Water Supply Contamination / Burst,ta,ஆவடி,பெசன்ட் நகரில் விநியோகிக்கப்படும் குடிநீரில் துர்நாற்றமும் கலங்கலான நிறமும் உள்ளது. (மண்டலம்: ஆவடி)
TN-NLP-5338,அசோக் நகர் 4வது அவென்யூவில் மழைநீர் வடிகால் அடைப்பால் வீடுகளுக்குள் தண்ணீர் புகுந்துள்ளது. (மண்டலம்: சென்னை வடக்கு),drainage,Drainage & Sewage Overflow,ta,சென்னை வடக்கு,அசோக் நகர் 4வது அவென்யூவில் மழைநீர் வடிகால் அடைப்பால் வீடுகளுக்குள் தண்ணீர் புகுந்துள்ளது. (மண்டலம்: சென்னை வடக்கு)
TN-NLP-6235,பெருங்குடி ஓஎம்ஆர் சாலையில் மின்கம்பத்தில் இருந்து ஆபத்தான முறையில் மின்வயர் தொங்குகிறது. (மண்டலம்: ஆவடி),streetlights,Streetlights & Electrical Hazards,ta,ஆவடி,பெருங்குடி ஓஎம்ஆர் சாலையில் மின்கம்பத்தில் இருந்து ஆபத்தான முறையில் மின்வயர் தொங்குகிறது. (மண்டலம்: ஆவடி)
TN-NLP-5619,நுங்கம்பாக்கம் பஸ் நிறுத்தம் அருகில் குப்பைகள் அகற்றப்படாமல் 4 நாட்களாக தேங்கியுள்ளது. (மண்டலம்: சென்னை தெற்கு),garbage,Garbage & Waste Disposal,ta,சென்னை தெற்கு,நுங்கம்பாக்கம் பஸ் நிறுத்தம் அருகில் குப்பைகள் அகற்றப்படாமல் 4 நாட்களாக தேங்கியுள்ளது. (மண்டலம்: சென்னை தெற்கு)
TN-NLP-6596,சிந்தாதிரிப்பேட்டை கூவம் நதி பாலத்தின் சிமெண்ட் கைப்பிடி சுவர் உடைந்து அபாயகரமாக உள்ளது. (மண்டலம்: சென்னை தெற்கு),infrastructure,Public Infrastructure Damage,ta,சென்னை தெற்கு,சிந்தாதிரிப்பேட்டை கூவம் நதி பாலத்தின் சிமெண்ட் கைப்பிடி சுவர் உடைந்து அபாயகரமாக உள்ளது. (மண்டலம்: சென்னை தெற்கு)
TN-NLP-6462,பெருங்குடி ஓஎம்ஆர் சாலையில் மின்கம்பத்தில் இருந்து ஆபத்தான முறையில் மின்வயர் தொங்குகிறது. (மண்டலம்: சென்னை மத்திய மண்டலம்),streetlights,Streetlights & Electrical Hazards,ta,சென்னை மத்திய மண்டலம்,பெருங்குடி ஓஎம்ஆர் சாலையில் மின்கம்பத்தில் இருந்து ஆபத்தான முறையில் மின்வயர் தொங்குகிறது. (மண்டலம்: சென்னை மத்திய மண்டலம்)
TN-NLP-6846,தி. நகரில் நள்ளிரவிலும் அதிக சத்தத்துடன் ஒலிபெருக்கி பயன்படுத்துவதால் ஒலி மாசுபாடு ஏற்படுகிறது. (மண்டலம்: சென்னை வடக்கு),other,Other / General Municipal Operations,ta,சென்னை வடக்கு,தி. நகரில் நள்ளிரவிலும் அதிக சத்தத்துடன் ஒலிபெருக்கி பயன்படுத்துவதால் ஒலி மாசுபாடு ஏற்படுகிறது. (மண்டலம்: சென்னை வடக்கு)
TN-NLP-5860,நுங்கம்பாக்கம் பஸ் நிறுத்தம் அருகில் குப்பைகள் அகற்றப்படாமல் 4 நாட்களாக தேங்கியுள்ளது. (மண்டலம்: தாம்பரம்),garbage,Garbage & Waste Disposal,ta,தாம்பரம்,நுங்கம்பாக்கம் பஸ் நிறுத்தம் அருகில் குப்பைகள் அகற்றப்படாமல் 4 நாட்களாக தேங்கியுள்ளது. (மண்டலம்: தாம்பரம்)
TN-NLP-5395,ராயப்பேட்டையில் திறந்தவெளி கழிவுநீர் கால்வாயில் இருந்து சாக்கடை நீர் சாலையில் வழிகிறது. (மண்டலம்: சென்னை மத்திய மண்டலம்),drainage,Drainage & Sewage Overflow,ta,சென்னை மத்திய மண்டலம்,ராயப்பேட்டையில் திறந்தவெளி கழிவுநீர் கால்வாயில் இருந்து சாக்கடை நீர் சாலையில் வழிகிறது. (மண்டலம்: சென்னை மத்திய மண்டலம்)
TN-NLP-5936,திருவல்லிக்கேணி தெருவில் கடந்த 48 மணி நேரமாக குடிநீர் விநியோகம் முற்றிலும் நிறுத்தப்பட்டுள்ளது. (மண்டலம்: தாம்பரம்),water,Water Supply Contamination / Burst,ta,தாம்பரம்,திருவல்லிக்கேணி தெருவில் கடந்த 48 மணி நேரமாக குடிநீர் விநியோகம் முற்றிலும் நிறுத்தப்பட்டுள்ளது. (மண்டலம்: தாம்பரம்)
TN-NLP-5221,வேளச்சேரி மெயின் ரோட்டில் மழைநீரால் சாலை முற்றிலும் சேதமடைந்து இருசக்கர வாகன ஓட்டிகளுக்கு பேராபத்தை ஏற்படுத்துகிறது. (மண்டலம்: ஆவடி),roads,Road Damage & Potholes,ta,ஆவடி,வேளச்சேரி மெயின் ரோட்டில் மழைநீரால் சாலை முற்றிலும் சேதமடைந்து இருசக்கர வாகன ஓட்டிகளுக்கு பேராபத்தை ஏற்படுத்துகிறது. (மண்டலம்: ஆவடி)
TN-NLP-6384,பெருங்குடி ஓஎம்ஆர் சாலையில் மின்கம்பத்தில் இருந்து ஆபத்தான முறையில் மின்வயர் தொங்குகிறது. (மண்டலம்: சென்னை வடக்கு),streetlights,Streetlights & Electrical Hazards,ta,சென்னை வடக்கு,பெருங்குடி ஓஎம்ஆர் சாலையில் மின்கம்பத்தில் இருந்து ஆபத்தான முறையில் மின்வயர் தொங்குகிறது. (மண்டலம்: சென்னை வடக்கு)
TN-NLP-5435,கோடம்பாக்கம் தெருவில் கழிவுநீர் குழாய் உடைந்து துர்நாற்றம் வீசுவதுடன் சுகாதார சீர்கேடு ஏற்பட்டுள்ளது. (மண்டலம்: சென்னை வடக்கு),drainage,Drainage & Sewage Overflow,ta,சென்னை வடக்கு,கோடம்பாக்கம் தெருவில் கழிவுநீர் குழாய் உடைந்து துர்நாற்றம் வீசுவதுடன் சுகாதார சீர்கேடு ஏற்பட்டுள்ளது. (மண்டலம்: சென்னை வடக்கு)
TN-NLP-6216,ஜிஎஸ்டி சாலையில் பல தெருவிளக்குகள் எரியாமல் இருள் சூழ்ந்து விபத்து அபாயம் நிலவுகிறது. (மண்டலம்: ஆவடி),streetlights,Streetlights & Electrical Hazards,ta,ஆவடி,ஜிஎஸ்டி சாலையில் பல தெருவிளக்குகள் எரியாமல் இருள் சூழ்ந்து விபத்து அபாயம் நிலவுகிறது. (மண்டலம்: ஆவடி)
TN-NLP-5415,கோடம்பாக்கம் தெருவில் கழிவுநீர் குழாய் உடைந்து துர்நாற்றம் வீசுவதுடன் சுகாதார சீர்கேடு ஏற்பட்டுள்ளது. (மண்டலம்: ஆவடி),drainage,Drainage & Sewage Overflow,ta,ஆவடி,கோடம்பாக்கம் தெருவில் கழிவுநீர் குழாய் உடைந்து துர்நாற்றம் வீசுவதுடன் சுகாதார சீர்கேடு ஏற்பட்டுள்ளது. (மண்டலம்: ஆவடி)
TN-NLP-6301,ஜிஎஸ்டி சாலையில் பல தெருவிளக்குகள் எரியாமல் இருள் சூழ்ந்து விபத்து அபாயம் நிலவுகிறது. (மண்டலம்: ஆவடி),streetlights,Streetlights & Electrical Hazards,ta,ஆவடி,ஜிஎஸ்டி சாலையில் பல தெருவிளக்குகள் எரியாமல் இருள் சூழ்ந்து விபத்து அபாயம் நிலவுகிறது. (மண்டலம்: ஆவடி)
TN-NLP-5132,தி. நகர் உஸ்மான் சாலை சந்திப்பில் தார் தளம் அடித்துச் செல்லப்பட்டு பெரிய குழி உருவாகியுள்ளது. (மண்டலம்: ஆவடி),roads,Road Damage & Potholes,ta,ஆவடி,தி. நகர் உஸ்மான் சாலை சந்திப்பில் தார் தளம் அடித்துச் செல்லப்பட்டு பெரிய குழி உருவாகியுள்ளது. (மண்டலம்: ஆவடி)
TN-NLP-5993,திருவல்லிக்கேணி தெருவில் கடந்த 48 மணி நேரமாக குடிநீர் விநியோகம் முற்றிலும் நிறுத்தப்பட்டுள்ளது. (மண்டலம்: தாம்பரம்),water,Water Supply Contamination / Burst,ta,தாம்பரம்,திருவல்லிக்கேணி தெருவில் கடந்த 48 மணி நேரமாக குடிநீர் விநியோகம் முற்றிலும் நிறுத்தப்பட்டுள்ளது. (மண்டலம்: தாம்பரம்)
TN-NLP-6316,ஜிஎஸ்டி சாலையில் பல தெருவிளக்குகள் எரியாமல் இருள் சூழ்ந்து விபத்து அபாயம் நிலவுகிறது. (மண்டலம்: தாம்பரம்),streetlights,Streetlights & Electrical Hazards,ta,தாம்பரம்,ஜிஎஸ்டி சாலையில் பல தெருவிளக்குகள் எரியாமல் இருள் சூழ்ந்து விபத்து அபாயம் நிலவுகிறது. (மண்டலம்: தாம்பரம்)
TN-NLP-6817,வேளச்சேரி குடியிருப்பு பகுதியில் தெருநாய்களின் தொல்லை அதிகரித்து பொதுமக்கள் அச்சமடைந்துள்ளனர். (மண்டலம்: சென்னை தெற்கு),other,Other / General Municipal Operations,ta,சென்னை தெற்கு,வேளச்சேரி குடியிருப்பு பகுதியில் தெருநாய்களின் தொல்லை அதிகரித்து பொதுமக்கள் அச்சமடைந்துள்ளனர். (மண்டலம்: சென்னை தெற்கு)
TN-NLP-5248,பெருங்குடியில் கடந்த 3 மாதங்களாக சாலைப் பணி அரைகுறையாக விடப்பட்டு பலத்த தூசு மாசுபாடு ஏற்படுகிறது. (மண்டலம்: தாம்பரம்),roads,Road Damage & Potholes,ta,தாம்பரம்,பெருங்குடியில் கடந்த 3 மாதங்களாக சாலைப் பணி அரைகுறையாக விடப்பட்டு பலத்த தூசு மாசுபாடு ஏற்படுகிறது. (மண்டலம்: தாம்பரம்)
TN-NLP-6174,பெசன்ட் நகரில் விநியோகிக்கப்படும் குடிநீரில் துர்நாற்றமும் கலங்கலான நிறமும் உள்ளது. (மண்டலம்: சென்னை மத்திய மண்டலம்),water,Water Supply Contamination / Burst,ta,சென்னை மத்திய மண்டலம்,பெசன்ட் நகரில் விநியோகிக்கப்படும் குடிநீரில் துர்நாற்றமும் கலங்கலான நிறமும் உள்ளது. (மண்டலம்: சென்னை மத்திய மண்டலம்)
TN-NLP-5519,ராயப்பேட்டையில் திறந்தவெளி கழிவுநீர் கால்வாயில் இருந்து சாக்கடை நீர் சாலையில் வழிகிறது. (மண்டலம்: சென்னை தெற்கு),drainage,Drainage & Sewage Overflow,ta,சென்னை தெற்கு,ராயப்பேட்டையில் திறந்தவெளி கழிவுநீர் கால்வாயில் இருந்து சாக்கடை நீர் சாலையில் வழிகிறது. (மண்டலம்: சென்னை தெற்கு)
TN-NLP-6527,கோயம்பேடு மேம்பாலம் அருகில் உள்ள நகராட்சி பேருந்து நிழற்கூரை சேதமடைந்துள்ளது. (மண்டலம்: சென்னை வடக்கு),infrastructure,Public Infrastructure Damage,ta,சென்னை வடக்கு,கோயம்பேடு மேம்பாலம் அருகில் உள்ள நகராட்சி பேருந்து நிழற்கூரை சேதமடைந்துள்ளது. (மண்டலம்: சென்னை வடக்கு)
TN-NLP-6636,சிந்தாதிரிப்பேட்டை கூவம் நதி பாலத்தின் சிமெண்ட் கைப்பிடி சுவர் உடைந்து அபாயகரமாக உள்ளது. (மண்டலம்: ஆவடி),infrastructure,Public Infrastructure Damage,ta,ஆவடி,சிந்தாதிரிப்பேட்டை கூவம் நதி பாலத்தின் சிமெண்ட் கைப்பிடி சுவர் உடைந்து அபாயகரமாக உள்ளது. (மண்டலம்: ஆவடி)
TN-NLP-6980,வேளச்சேரி குடியிருப்பு பகுதியில் தெருநாய்களின் தொல்லை அதிகரித்து பொதுமக்கள் அச்சமடைந்துள்ளனர். (மண்டலம்: ஆவடி),other,Other / General Municipal Operations,ta,ஆவடி,வேளச்சேரி குடியிருப்பு பகுதியில் தெருநாய்களின் தொல்லை அதிகரித்து பொதுமக்கள் அச்சமடைந்துள்ளனர். (மண்டலம்: ஆவடி)
TN-NLP-6041,பெசன்ட் நகரில் விநியோகிக்கப்படும் குடிநீரில் துர்நாற்றமும் கலங்கலான நிறமும் உள்ளது. (மண்டலம்: ஆவடி),water,Water Supply Contamination / Burst,ta,ஆவடி,பெசன்ட் நகரில் விநியோகிக்கப்படும் குடிநீரில் துர்நாற்றமும் கலங்கலான நிறமும் உள்ளது. (மண்டலம்: ஆவடி)
TN-NLP-5933,அண்ணா நகர் 2வது அவென்யூவில் குடிநீர் குழாய் உடைந்து குடிநீர் வீணாகி வருகிறது. (மண்டலம்: தாம்பரம்),water,Water Supply Contamination / Burst,ta,தாம்பரம்,அண்ணா நகர் 2வது அவென்யூவில் குடிநீர் குழாய் உடைந்து குடிநீர் வீணாகி வருகிறது. (மண்டலம்: தாம்பரம்)
TN-NLP-5537,ராயப்பேட்டையில் திறந்தவெளி கழிவுநீர் கால்வாயில் இருந்து சாக்கடை நீர் சாலையில் வழிகிறது. (மண்டலம்: சென்னை தெற்கு),drainage,Drainage & Sewage Overflow,ta,சென்னை தெற்கு,ராயப்பேட்டையில் திறந்தவெளி கழிவுநீர் கால்வாயில் இருந்து சாக்கடை நீர் சாலையில் வழிகிறது. (மண்டலம்: சென்னை தெற்கு)
TN-NLP-5374,கோடம்பாக்கம் தெருவில் கழிவுநீர் குழாய் உடைந்து துர்நாற்றம் வீசுவதுடன் சுகாதார சீர்கேடு ஏற்பட்டுள்ளது. (மண்டலம்: சென்னை வடக்கு),drainage,Drainage & Sewage Overflow,ta,சென்னை வடக்கு,கோடம்பாக்கம் தெருவில் கழிவுநீர் குழாய் உடைந்து துர்நாற்றம் வீசுவதுடன் சுகாதார சீர்கேடு ஏற்பட்டுள்ளது. (மண்டலம்: சென்னை வடக்கு)
TN-NLP-6985,தி. நகரில் நள்ளிரவிலும் அதிக சத்தத்துடன் ஒலிபெருக்கி பயன்படுத்துவதால் ஒலி மாசுபாடு ஏற்படுகிறது. (மண்டலம்: சென்னை தெற்கு),other,Other / General Municipal Operations,ta,சென்னை தெற்கு,தி. நகரில் நள்ளிரவிலும் அதிக சத்தத்துடன் ஒலிபெருக்கி பயன்படுத்துவதால் ஒலி மாசுபாடு ஏற்படுகிறது. (மண்டலம்: சென்னை தெற்கு)
TN-NLP-5830,கோயம்பேடு சந்தை சாலையில் குப்பைத் தொட்டிகள் நிரம்பி வழிந்து சுகாதாரக் கேடு விளைவிக்கிறது. (மண்டலம்: சென்னை தெற்கு),garbage,Garbage & Waste Disposal,ta,சென்னை தெற்கு,கோயம்பேடு சந்தை சாலையில் குப்பைத் தொட்டிகள் நிரம்பி வழிந்து சுகாதாரக் கேடு விளைவிக்கிறது. (மண்டலம்: சென்னை தெற்கு)
TN-NLP-5615,கோயம்பேடு சந்தை சாலையில் குப்பைத் தொட்டிகள் நிரம்பி வழிந்து சுகாதாரக் கேடு விளைவிக்கிறது. (மண்டலம்: சென்னை வடக்கு),garbage,Garbage & Waste Disposal,ta,சென்னை வடக்கு,கோயம்பேடு சந்தை சாலையில் குப்பைத் தொட்டிகள் நிரம்பி வழிந்து சுகாதாரக் கேடு விளைவிக்கிறது. (மண்டலம்: சென்னை வடக்கு)
TN-NLP-6595,சிந்தாதிரிப்பேட்டை கூவம் நதி பாலத்தின் சிமெண்ட் கைப்பிடி சுவர் உடைந்து அபாயகரமாக உள்ளது. (மண்டலம்: சென்னை மத்திய மண்டலம்),infrastructure,Public Infrastructure Damage,ta,சென்னை மத்திய மண்டலம்,சிந்தாதிரிப்பேட்டை கூவம் நதி பாலத்தின் சிமெண்ட் கைப்பிடி சுவர் உடைந்து அபாயகரமாக உள்ளது. (மண்டலம்: சென்னை மத்திய மண்டலம்)
TN-NLP-5754,திருவான்மியூர் கடற்கரை சாலையில் கட்டுமானக் கழிவுகள் சட்டவிரோதமாகக் கொட்டப்பட்டுள்ளன. (மண்டலம்: சென்னை வடக்கு),garbage,Garbage & Waste Disposal,ta,சென்னை வடக்கு,திருவான்மியூர் கடற்கரை சாலையில் கட்டுமானக் கழிவுகள் சட்டவிரோதமாகக் கொட்டப்பட்டுள்ளன. (மண்டலம்: சென்னை வடக்கு)
TN-NLP-6644,சிந்தாதிரிப்பேட்டை கூவம் நதி பாலத்தின் சிமெண்ட் கைப்பிடி சுவர் உடைந்து அபாயகரமாக உள்ளது. (மண்டலம்: சென்னை வடக்கு),infrastructure,Public Infrastructure Damage,ta,சென்னை வடக்கு,சிந்தாதிரிப்பேட்டை கூவம் நதி பாலத்தின் சிமெண்ட் கைப்பிடி சுவர் உடைந்து அபாயகரமாக உள்ளது. (மண்டலம்: சென்னை வடக்கு)
TN-NLP-6746,கோயம்பேடு மேம்பாலம் அருகில் உள்ள நகராட்சி பேருந்து நிழற்கூரை சேதமடைந்துள்ளது. (மண்டலம்: சென்னை தெற்கு),infrastructure,Public Infrastructure Damage,ta,சென்னை தெற்கு,கோயம்பேடு மேம்பாலம் அருகில் உள்ள நகராட்சி பேருந்து நிழற்கூரை சேதமடைந்துள்ளது. (மண்டலம்: சென்னை தெற்கு)
TN-NLP-5268,தி. நகர் உஸ்மான் சாலை சந்திப்பில் தார் தளம் அடித்துச் செல்லப்பட்டு பெரிய குழி உருவாகியுள்ளது. (மண்டலம்: சென்னை வடக்கு),roads,Road Damage & Potholes,ta,சென்னை வடக்கு,தி. நகர் உஸ்மான் சாலை சந்திப்பில் தார் தளம் அடித்துச் செல்லப்பட்டு பெரிய குழி உருவாகியுள்ளது. (மண்டலம்: சென்னை வடக்கு)
TN-NLP-6939,வேளச்சேரி குடியிருப்பு பகுதியில் தெருநாய்களின் தொல்லை அதிகரித்து பொதுமக்கள் அச்சமடைந்துள்ளனர். (மண்டலம்: ஆவடி),other,Other / General Municipal Operations,ta,ஆவடி,வேளச்சேரி குடியிருப்பு பகுதியில் தெருநாய்களின் தொல்லை அதிகரித்து பொதுமக்கள் அச்சமடைந்துள்ளனர். (மண்டலம்: ஆவடி)
TN-NLP-6022,பெசன்ட் நகரில் விநியோகிக்கப்படும் குடிநீரில் துர்நாற்றமும் கலங்கலான நிறமும் உள்ளது. (மண்டலம்: ஆவடி),water,Water Supply Contamination / Burst,ta,ஆவடி,பெசன்ட் நகரில் விநியோகிக்கப்படும் குடிநீரில் துர்நாற்றமும் கலங்கலான நிறமும் உள்ளது. (மண்டலம்: ஆவடி)
TN-NLP-5583,ராயப்பேட்டையில் திறந்தவெளி கழிவுநீர் கால்வாயில் இருந்து சாக்கடை நீர் சாலையில் வழிகிறது. (மண்டலம்: சென்னை தெற்கு),drainage,Drainage & Sewage Overflow,ta,சென்னை தெற்கு,ராயப்பேட்டையில் திறந்தவெளி கழிவுநீர் கால்வாயில் இருந்து சாக்கடை நீர் சாலையில் வழிகிறது. (மண்டலம்: சென்னை தெற்கு)
TN-NLP-5138,பெருங்குடியில் கடந்த 3 மாதங்களாக சாலைப் பணி அரைகுறையாக விடப்பட்டு பலத்த தூசு மாசுபாடு ஏற்படுகிறது. (மண்டலம்: சென்னை தெற்கு),roads,Road Damage & Potholes,ta,சென்னை தெற்கு,பெருங்குடியில் கடந்த 3 மாதங்களாக சாலைப் பணி அரைகுறையாக விடப்பட்டு பலத்த தூசு மாசுபாடு ஏற்படுகிறது. (மண்டலம்: சென்னை தெற்கு)
TN-NLP-5772,நுங்கம்பாக்கம் பஸ் நிறுத்தம் அருகில் குப்பைகள் அகற்றப்படாமல் 4 நாட்களாக தேங்கியுள்ளது. (மண்டலம்: சென்னை மத்திய மண்டலம்),garbage,Garbage & Waste Disposal,ta,சென்னை மத்திய மண்டலம்,நுங்கம்பாக்கம் பஸ் நிறுத்தம் அருகில் குப்பைகள் அகற்றப்படாமல் 4 நாட்களாக தேங்கியுள்ளது. (மண்டலம்: சென்னை மத்திய மண்டலம்)
TN-NLP-5848,திருவான்மியூர் கடற்கரை சாலையில் கட்டுமானக் கழிவுகள் சட்டவிரோதமாகக் கொட்டப்பட்டுள்ளன. (மண்டலம்: சென்னை தெற்கு),garbage,Garbage & Waste Disposal,ta,சென்னை தெற்கு,திருவான்மியூர் கடற்கரை சாலையில் கட்டுமானக் கழிவுகள் சட்டவிரோதமாகக் கொட்டப்பட்டுள்ளன. (மண்டலம்: சென்னை தெற்கு)
TN-NLP-6904,தி. நகரில் நள்ளிரவிலும் அதிக சத்தத்துடன் ஒலிபெருக்கி பயன்படுத்துவதால் ஒலி மாசுபாடு ஏற்படுகிறது. (மண்டலம்: ஆவடி),other,Other / General Municipal Operations,ta,ஆவடி,தி. நகரில் நள்ளிரவிலும் அதிக சத்தத்துடன் ஒலிபெருக்கி பயன்படுத்துவதால் ஒலி மாசுபாடு ஏற்படுகிறது. (மண்டலம்: ஆவடி)
TN-NLP-6432,பெருங்குடி ஓஎம்ஆர் சாலையில் மின்கம்பத்தில் இருந்து ஆபத்தான முறையில் மின்வயர் தொங்குகிறது. (மண்டலம்: தாம்பரம்),streetlights,Streetlights & Electrical Hazards,ta,தாம்பரம்,பெருங்குடி ஓஎம்ஆர் சாலையில் மின்கம்பத்தில் இருந்து ஆபத்தான முறையில் மின்வயர் தொங்குகிறது. (மண்டலம்: தாம்பரம்)
TN-NLP-6879,வேளச்சேரி குடியிருப்பு பகுதியில் தெருநாய்களின் தொல்லை அதிகரித்து பொதுமக்கள் அச்சமடைந்துள்ளனர். (மண்டலம்: சென்னை தெற்கு),other,Other / General Municipal Operations,ta,சென்னை தெற்கு,வேளச்சேரி குடியிருப்பு பகுதியில் தெருநாய்களின் தொல்லை அதிகரித்து பொதுமக்கள் அச்சமடைந்துள்ளனர். (மண்டலம்: சென்னை தெற்கு)
TN-NLP-5571,கோடம்பாக்கம் தெருவில் கழிவுநீர் குழாய் உடைந்து துர்நாற்றம் வீசுவதுடன் சுகாதார சீர்கேடு ஏற்பட்டுள்ளது. (மண்டலம்: ஆவடி),drainage,Drainage & Sewage Overflow,ta,ஆவடி,கோடம்பாக்கம் தெருவில் கழிவுநீர் குழாய் உடைந்து துர்நாற்றம் வீசுவதுடன் சுகாதார சீர்கேடு ஏற்பட்டுள்ளது. (மண்டலம்: ஆவடி)
TN-NLP-5957,பெசன்ட் நகரில் விநியோகிக்கப்படும் குடிநீரில் துர்நாற்றமும் கலங்கலான நிறமும் உள்ளது. (மண்டலம்: சென்னை மத்திய மண்டலம்),water,Water Supply Contamination / Burst,ta,சென்னை மத்திய மண்டலம்,பெசன்ட் நகரில் விநியோகிக்கப்படும் குடிநீரில் துர்நாற்றமும் கலங்கலான நிறமும் உள்ளது. (மண்டலம்: சென்னை மத்திய மண்டலம்)
TN-NLP-6592,சிந்தாதிரிப்பேட்டை கூவம் நதி பாலத்தின் சிமெண்ட் கைப்பிடி சுவர் உடைந்து அபாயகரமாக உள்ளது. (மண்டலம்: தாம்பரம்),infrastructure,Public Infrastructure Damage,ta,தாம்பரம்,சிந்தாதிரிப்பேட்டை கூவம் நதி பாலத்தின் சிமெண்ட் கைப்பிடி சுவர் உடைந்து அபாயகரமாக உள்ளது. (மண்டலம்: தாம்பரம்)
TN-NLP-6936,வேளச்சேரி குடியிருப்பு பகுதியில் தெருநாய்களின் தொல்லை அதிகரித்து பொதுமக்கள் அச்சமடைந்துள்ளனர். (மண்டலம்: சென்னை தெற்கு),other,Other / General Municipal Operations,ta,சென்னை தெற்கு,வேளச்சேரி குடியிருப்பு பகுதியில் தெருநாய்களின் தொல்லை அதிகரித்து பொதுமக்கள் அச்சமடைந்துள்ளனர். (மண்டலம்: சென்னை தெற்கு)
TN-NLP-6721,சிந்தாதிரிப்பேட்டை கூவம் நதி பாலத்தின் சிமெண்ட் கைப்பிடி சுவர் உடைந்து அபாயகரமாக உள்ளது. (மண்டலம்: சென்னை மத்திய மண்டலம்),infrastructure,Public Infrastructure Damage,ta,சென்னை மத்திய மண்டலம்,சிந்தாதிரிப்பேட்டை கூவம் நதி பாலத்தின் சிமெண்ட் கைப்பிடி சுவர் உடைந்து அபாயகரமாக உள்ளது. (மண்டலம்: சென்னை மத்திய மண்டலம்)
TN-NLP-5960,அண்ணா நகர் 2வது அவென்யூவில் குடிநீர் குழாய் உடைந்து குடிநீர் வீணாகி வருகிறது. (மண்டலம்: சென்னை மத்திய மண்டலம்),water,Water Supply Contamination / Burst,ta,சென்னை மத்திய மண்டலம்,அண்ணா நகர் 2வது அவென்யூவில் குடிநீர் குழாய் உடைந்து குடிநீர் வீணாகி வருகிறது. (மண்டலம்: சென்னை மத்திய மண்டலம்)
TN-NLP-7003,தி. நகரில் நள்ளிரவிலும் அதிக சத்தத்துடன் ஒலிபெருக்கி பயன்படுத்துவதால் ஒலி மாசுபாடு ஏற்படுகிறது. (மண்டலம்: சென்னை வடக்கு),other,Other / General Municipal Operations,ta,சென்னை வடக்கு,தி. நகரில் நள்ளிரவிலும் அதிக சத்தத்துடன் ஒலிபெருக்கி பயன்படுத்துவதால் ஒலி மாசுபாடு ஏற்படுகிறது. (மண்டலம்: சென்னை வடக்கு)
TN-NLP-6793,சிந்தாதிரிப்பேட்டை கூவம் நதி பாலத்தின் சிமெண்ட் கைப்பிடி சுவர் உடைந்து அபாயகரமாக உள்ளது. (மண்டலம்: சென்னை தெற்கு),infrastructure,Public Infrastructure Damage,ta,சென்னை தெற்கு,சிந்தாதிரிப்பேட்டை கூவம் நதி பாலத்தின் சிமெண்ட் கைப்பிடி சுவர் உடைந்து அபாயகரமாக உள்ளது. (மண்டலம்: சென்னை தெற்கு)
TN-NLP-6229,பெருங்குடி ஓஎம்ஆர் சாலையில் மின்கம்பத்தில் இருந்து ஆபத்தான முறையில் மின்வயர் தொங்குகிறது. (மண்டலம்: சென்னை வடக்கு),streetlights,Streetlights & Electrical Hazards,ta,சென்னை வடக்கு,பெருங்குடி ஓஎம்ஆர் சாலையில் மின்கம்பத்தில் இருந்து ஆபத்தான முறையில் மின்வயர் தொங்குகிறது. (மண்டலம்: சென்னை வடக்கு)
TN-NLP-5498,ராயப்பேட்டையில் திறந்தவெளி கழிவுநீர் கால்வாயில் இருந்து சாக்கடை நீர் சாலையில் வழிகிறது. (மண்டலம்: சென்னை தெற்கு),drainage,Drainage & Sewage Overflow,ta,சென்னை தெற்கு,ராயப்பேட்டையில் திறந்தவெளி கழிவுநீர் கால்வாயில் இருந்து சாக்கடை நீர் சாலையில் வழிகிறது. (மண்டலம்: சென்னை தெற்கு)
TN-NLP-5277,தி. நகர் உஸ்மான் சாலை சந்திப்பில் தார் தளம் அடித்துச் செல்லப்பட்டு பெரிய குழி உருவாகியுள்ளது. (மண்டலம்: சென்னை தெற்கு),roads,Road Damage & Potholes,ta,சென்னை தெற்கு,தி. நகர் உஸ்மான் சாலை சந்திப்பில் தார் தளம் அடித்துச் செல்லப்பட்டு பெரிய குழி உருவாகியுள்ளது. (மண்டலம்: சென்னை தெற்கு)
TN-NLP-6154,திருவல்லிக்கேணி தெருவில் கடந்த 48 மணி நேரமாக குடிநீர் விநியோகம் முற்றிலும் நிறுத்தப்பட்டுள்ளது. (மண்டலம்: தாம்பரம்),water,Water Supply Contamination / Burst,ta,தாம்பரம்,திருவல்லிக்கேணி தெருவில் கடந்த 48 மணி நேரமாக குடிநீர் விநியோகம் முற்றிலும் நிறுத்தப்பட்டுள்ளது. (மண்டலம்: தாம்பரம்)
TN-NLP-6865,தி. நகரில் நள்ளிரவிலும் அதிக சத்தத்துடன் ஒலிபெருக்கி பயன்படுத்துவதால் ஒலி மாசுபாடு ஏற்படுகிறது. (மண்டலம்: சென்னை மத்திய மண்டலம்),other,Other / General Municipal Operations,ta,சென்னை மத்திய மண்டலம்,தி. நகரில் நள்ளிரவிலும் அதிக சத்தத்துடன் ஒலிபெருக்கி பயன்படுத்துவதால் ஒலி மாசுபாடு ஏற்படுகிறது. (மண்டலம்: சென்னை மத்திய மண்டலம்)
TN-NLP-6970,தி. நகரில் நள்ளிரவிலும் அதிக சத்தத்துடன் ஒலிபெருக்கி பயன்படுத்துவதால் ஒலி மாசுபாடு ஏற்படுகிறது. (மண்டலம்: ஆவடி),other,Other / General Municipal Operations,ta,ஆவடி,தி. நகரில் நள்ளிரவிலும் அதிக சத்தத்துடன் ஒலிபெருக்கி பயன்படுத்துவதால் ஒலி மாசுபாடு ஏற்படுகிறது. (மண்டலம்: ஆவடி)
TN-NLP-6830,தி. நகரில் நள்ளிரவிலும் அதிக சத்தத்துடன் ஒலிபெருக்கி பயன்படுத்துவதால் ஒலி மாசுபாடு ஏற்படுகிறது. (மண்டலம்: சென்னை தெற்கு),other,Other / General Municipal Operations,ta,சென்னை தெற்கு,தி. நகரில் நள்ளிரவிலும் அதிக சத்தத்துடன் ஒலிபெருக்கி பயன்படுத்துவதால் ஒலி மாசுபாடு ஏற்படுகிறது. (மண்டலம்: சென்னை தெற்கு)
TN-NLP-6137,பெசன்ட் நகரில் விநியோகிக்கப்படும் குடிநீரில் துர்நாற்றமும் கலங்கலான நிறமும் உள்ளது. (மண்டலம்: சென்னை தெற்கு),water,Water Supply Contamination / Burst,ta,சென்னை தெற்கு,பெசன்ட் நகரில் விநியோகிக்கப்படும் குடிநீரில் துர்நாற்றமும் கலங்கலான நிறமும் உள்ளது. (மண்டலம்: சென்னை தெற்கு)
TN-NLP-5082,தி. நகர் உஸ்மான் சாலை சந்திப்பில் தார் தளம் அடித்துச் செல்லப்பட்டு பெரிய குழி உருவாகியுள்ளது. (மண்டலம்: சென்னை வடக்கு),roads,Road Damage & Potholes,ta,சென்னை வடக்கு,தி. நகர் உஸ்மான் சாலை சந்திப்பில் தார் தளம் அடித்துச் செல்லப்பட்டு பெரிய குழி உருவாகியுள்ளது. (மண்டலம்: சென்னை வடக்கு)
TN-NLP-6386,ஜிஎஸ்டி சாலையில் பல தெருவிளக்குகள் எரியாமல் இருள் சூழ்ந்து விபத்து அபாயம் நிலவுகிறது. (மண்டலம்: சென்னை மத்திய மண்டலம்),streetlights,Streetlights & Electrical Hazards,ta,சென்னை மத்திய மண்டலம்,ஜிஎஸ்டி சாலையில் பல தெருவிளக்குகள் எரியாமல் இருள் சூழ்ந்து விபத்து அபாயம் நிலவுகிறது. (மண்டலம்: சென்னை மத்திய மண்டலம்)
TN-NLP-5069,வேளச்சேரி மெயின் ரோட்டில் மழைநீரால் சாலை முற்றிலும் சேதமடைந்து இருசக்கர வாகன ஓட்டிகளுக்கு பேராபத்தை ஏற்படுத்துகிறது. (மண்டலம்: ஆவடி),roads,Road Damage & Potholes,ta,ஆவடி,வேளச்சேரி மெயின் ரோட்டில் மழைநீரால் சாலை முற்றிலும் சேதமடைந்து இருசக்கர வாகன ஓட்டிகளுக்கு பேராபத்தை ஏற்படுத்துகிறது. (மண்டலம்: ஆவடி)
TN-NLP-6702,கோயம்பேடு மேம்பாலம் அருகில் உள்ள நகராட்சி பேருந்து நிழற்கூரை சேதமடைந்துள்ளது. (மண்டலம்: சென்னை வடக்கு),infrastructure,Public Infrastructure Damage,ta,சென்னை வடக்கு,கோயம்பேடு மேம்பாலம் அருகில் உள்ள நகராட்சி பேருந்து நிழற்கூரை சேதமடைந்துள்ளது. (மண்டலம்: சென்னை வடக்கு)
TN-NLP-6483,பெருங்குடி ஓஎம்ஆர் சாலையில் மின்கம்பத்தில் இருந்து ஆபத்தான முறையில் மின்வயர் தொங்குகிறது. (மண்டலம்: சென்னை வடக்கு),streetlights,Streetlights & Electrical Hazards,ta,சென்னை வடக்கு,பெருங்குடி ஓஎம்ஆர் சாலையில் மின்கம்பத்தில் இருந்து ஆபத்தான முறையில் மின்வயர் தொங்குகிறது. (மண்டலம்: சென்னை வடக்கு)
TN-NLP-6071,பெசன்ட் நகரில் விநியோகிக்கப்படும் குடிநீரில் துர்நாற்றமும் கலங்கலான நிறமும் உள்ளது. (மண்டலம்: ஆவடி),water,Water Supply Contamination / Burst,ta,ஆவடி,பெசன்ட் நகரில் விநியோகிக்கப்படும் குடிநீரில் துர்நாற்றமும் கலங்கலான நிறமும் உள்ளது. (மண்டலம்: ஆவடி)
TN-NLP-5961,அண்ணா நகர் 2வது அவென்யூவில் குடிநீர் குழாய் உடைந்து குடிநீர் வீணாகி வருகிறது. (மண்டலம்: சென்னை மத்திய மண்டலம்),water,Water Supply Contamination / Burst,ta,சென்னை மத்திய மண்டலம்,அண்ணா நகர் 2வது அவென்யூவில் குடிநீர் குழாய் உடைந்து குடிநீர் வீணாகி வருகிறது. (மண்டலம்: சென்னை மத்திய மண்டலம்)
TN-NLP-6648,கோயம்பேடு மேம்பாலம் அருகில் உள்ள நகராட்சி பேருந்து நிழற்கூரை சேதமடைந்துள்ளது. (மண்டலம்: ஆவடி),infrastructure,Public Infrastructure Damage,ta,ஆவடி,கோயம்பேடு மேம்பாலம் அருகில் உள்ள நகராட்சி பேருந்து நிழற்கூரை சேதமடைந்துள்ளது. (மண்டலம்: ஆவடி)
TN-NLP-6436,ஜிஎஸ்டி சாலையில் பல தெருவிளக்குகள் எரியாமல் இருள் சூழ்ந்து விபத்து அபாயம் நிலவுகிறது. (மண்டலம்: சென்னை தெற்கு),streetlights,Streetlights & Electrical Hazards,ta,சென்னை தெற்கு,ஜிஎஸ்டி சாலையில் பல தெருவிளக்குகள் எரியாமல் இருள் சூழ்ந்து விபத்து அபாயம் நிலவுகிறது. (மண்டலம்: சென்னை தெற்கு)
TN-NLP-5479,கோடம்பாக்கம் தெருவில் கழிவுநீர் குழாய் உடைந்து துர்நாற்றம் வீசுவதுடன் சுகாதார சீர்கேடு ஏற்பட்டுள்ளது. (மண்டலம்: சென்னை தெற்கு),drainage,Drainage & Sewage Overflow,ta,சென்னை தெற்கு,கோடம்பாக்கம் தெருவில் கழிவுநீர் குழாய் உடைந்து துர்நாற்றம் வீசுவதுடன் சுகாதார சீர்கேடு ஏற்பட்டுள்ளது. (மண்டலம்: சென்னை தெற்கு)
TN-NLP-6926,தி. நகரில் நள்ளிரவிலும் அதிக சத்தத்துடன் ஒலிபெருக்கி பயன்படுத்துவதால் ஒலி மாசுபாடு ஏற்படுகிறது. (மண்டலம்: சென்னை தெற்கு),other,Other / General Municipal Operations,ta,சென்னை தெற்கு,தி. நகரில் நள்ளிரவிலும் அதிக சத்தத்துடன் ஒலிபெருக்கி பயன்படுத்துவதால் ஒலி மாசுபாடு ஏற்படுகிறது. (மண்டலம்: சென்னை தெற்கு)
TN-NLP-6315,ஜிஎஸ்டி சாலையில் பல தெருவிளக்குகள் எரியாமல் இருள் சூழ்ந்து விபத்து அபாயம் நிலவுகிறது. (மண்டலம்: சென்னை தெற்கு),streetlights,Streetlights & Electrical Hazards,ta,சென்னை தெற்கு,ஜிஎஸ்டி சாலையில் பல தெருவிளக்குகள் எரியாமல் இருள் சூழ்ந்து விபத்து அபாயம் நிலவுகிறது. (மண்டலம்: சென்னை தெற்கு)
TN-NLP-6348,ஜிஎஸ்டி சாலையில் பல தெருவிளக்குகள் எரியாமல் இருள் சூழ்ந்து விபத்து அபாயம் நிலவுகிறது. (மண்டலம்: சென்னை வடக்கு),streetlights,Streetlights & Electrical Hazards,ta,சென்னை வடக்கு,ஜிஎஸ்டி சாலையில் பல தெருவிளக்குகள் எரியாமல் இருள் சூழ்ந்து விபத்து அபாயம் நிலவுகிறது. (மண்டலம்: சென்னை வடக்கு)
TN-NLP-6421,பெருங்குடி ஓஎம்ஆர் சாலையில் மின்கம்பத்தில் இருந்து ஆபத்தான முறையில் மின்வயர் தொங்குகிறது. (மண்டலம்: தாம்பரம்),streetlights,Streetlights & Electrical Hazards,ta,தாம்பரம்,பெருங்குடி ஓஎம்ஆர் சாலையில் மின்கம்பத்தில் இருந்து ஆபத்தான முறையில் மின்வயர் தொங்குகிறது. (மண்டலம்: தாம்பரம்)
TN-NLP-5604,நுங்கம்பாக்கம் பஸ் நிறுத்தம் அருகில் குப்பைகள் அகற்றப்படாமல் 4 நாட்களாக தேங்கியுள்ளது. (மண்டலம்: சென்னை தெற்கு),garbage,Garbage & Waste Disposal,ta,சென்னை தெற்கு,நுங்கம்பாக்கம் பஸ் நிறுத்தம் அருகில் குப்பைகள் அகற்றப்படாமல் 4 நாட்களாக தேங்கியுள்ளது. (மண்டலம்: சென்னை தெற்கு)
TN-NLP-6742,கோயம்பேடு மேம்பாலம் அருகில் உள்ள நகராட்சி பேருந்து நிழற்கூரை சேதமடைந்துள்ளது. (மண்டலம்: சென்னை வடக்கு),infrastructure,Public Infrastructure Damage,ta,சென்னை வடக்கு,கோயம்பேடு மேம்பாலம் அருகில் உள்ள நகராட்சி பேருந்து நிழற்கூரை சேதமடைந்துள்ளது. (மண்டலம்: சென்னை வடக்கு)
TN-NLP-6642,கோயம்பேடு மேம்பாலம் அருகில் உள்ள நகராட்சி பேருந்து நிழற்கூரை சேதமடைந்துள்ளது. (மண்டலம்: சென்னை தெற்கு),infrastructure,Public Infrastructure Damage,ta,சென்னை தெற்கு,கோயம்பேடு மேம்பாலம் அருகில் உள்ள நகராட்சி பேருந்து நிழற்கூரை சேதமடைந்துள்ளது. (மண்டலம்: சென்னை தெற்கு)
TN-NLP-5522,ராயப்பேட்டையில் திறந்தவெளி கழிவுநீர் கால்வாயில் இருந்து சாக்கடை நீர் சாலையில் வழிகிறது. (மண்டலம்: சென்னை தெற்கு),drainage,Drainage & Sewage Overflow,ta,சென்னை தெற்கு,ராயப்பேட்டையில் திறந்தவெளி கழிவுநீர் கால்வாயில் இருந்து சாக்கடை நீர் சாலையில் வழிகிறது. (மண்டலம்: சென்னை தெற்கு)
TN-NLP-6526,சிந்தாதிரிப்பேட்டை கூவம் நதி பாலத்தின் சிமெண்ட் கைப்பிடி சுவர் உடைந்து அபாயகரமாக உள்ளது. (மண்டலம்: சென்னை வடக்கு),infrastructure,Public Infrastructure Damage,ta,சென்னை வடக்கு,சிந்தாதிரிப்பேட்டை கூவம் நதி பாலத்தின் சிமெண்ட் கைப்பிடி சுவர் உடைந்து அபாயகரமாக உள்ளது. (மண்டலம்: சென்னை வடக்கு)
TN-NLP-6504,சிந்தாதிரிப்பேட்டை கூவம் நதி பாலத்தின் சிமெண்ட் கைப்பிடி சுவர் உடைந்து அபாயகரமாக உள்ளது. (மண்டலம்: தாம்பரம்),infrastructure,Public Infrastructure Damage,ta,தாம்பரம்,சிந்தாதிரிப்பேட்டை கூவம் நதி பாலத்தின் சிமெண்ட் கைப்பிடி சுவர் உடைந்து அபாயகரமாக உள்ளது. (மண்டலம்: தாம்பரம்)
TN-NLP-6795,சிந்தாதிரிப்பேட்டை கூவம் நதி பாலத்தின் சிமெண்ட் கைப்பிடி சுவர் உடைந்து அபாயகரமாக உள்ளது. (மண்டலம்: தாம்பரம்),infrastructure,Public Infrastructure Damage,ta,தாம்பரம்,சிந்தாதிரிப்பேட்டை கூவம் நதி பாலத்தின் சிமெண்ட் கைப்பிடி சுவர் உடைந்து அபாயகரமாக உள்ளது. (மண்டலம்: தாம்பரம்)
TN-NLP-6724,சிந்தாதிரிப்பேட்டை கூவம் நதி பாலத்தின் சிமெண்ட் கைப்பிடி சுவர் உடைந்து அபாயகரமாக உள்ளது. (மண்டலம்: சென்னை தெற்கு),infrastructure,Public Infrastructure Damage,ta,சென்னை தெற்கு,சிந்தாதிரிப்பேட்டை கூவம் நதி பாலத்தின் சிமெண்ட் கைப்பிடி சுவர் உடைந்து அபாயகரமாக உள்ளது. (மண்டலம்: சென்னை தெற்கு)
TN-NLP-5210,பெருங்குடியில் கடந்த 3 மாதங்களாக சாலைப் பணி அரைகுறையாக விடப்பட்டு பலத்த தூசு மாசுபாடு ஏற்படுகிறது. (மண்டலம்: தாம்பரம்),roads,Road Damage & Potholes,ta,தாம்பரம்,பெருங்குடியில் கடந்த 3 மாதங்களாக சாலைப் பணி அரைகுறையாக விடப்பட்டு பலத்த தூசு மாசுபாடு ஏற்படுகிறது. (மண்டலம்: தாம்பரம்)
TN-NLP-5165,பெருங்குடியில் கடந்த 3 மாதங்களாக சாலைப் பணி அரைகுறையாக விடப்பட்டு பலத்த தூசு மாசுபாடு ஏற்படுகிறது. (மண்டலம்: தாம்பரம்),roads,Road Damage & Potholes,ta,தாம்பரம்,பெருங்குடியில் கடந்த 3 மாதங்களாக சாலைப் பணி அரைகுறையாக விடப்பட்டு பலத்த தூசு மாசுபாடு ஏற்படுகிறது. (மண்டலம்: தாம்பரம்)
TN-NLP-5800,நுங்கம்பாக்கம் பஸ் நிறுத்தம் அருகில் குப்பைகள் அகற்றப்படாமல் 4 நாட்களாக தேங்கியுள்ளது. (மண்டலம்: சென்னை வடக்கு),garbage,Garbage & Waste Disposal,ta,சென்னை வடக்கு,நுங்கம்பாக்கம் பஸ் நிறுத்தம் அருகில் குப்பைகள் அகற்றப்படாமல் 4 நாட்களாக தேங்கியுள்ளது. (மண்டலம்: சென்னை வடக்கு)
TN-NLP-5226,தி. நகர் உஸ்மான் சாலை சந்திப்பில் தார் தளம் அடித்துச் செல்லப்பட்டு பெரிய குழி உருவாகியுள்ளது. (மண்டலம்: சென்னை மத்திய மண்டலம்),roads,Road Damage & Potholes,ta,சென்னை மத்திய மண்டலம்,தி. நகர் உஸ்மான் சாலை சந்திப்பில் தார் தளம் அடித்துச் செல்லப்பட்டு பெரிய குழி உருவாகியுள்ளது. (மண்டலம்: சென்னை மத்திய மண்டலம்)
TN-NLP-5218,தி. நகர் உஸ்மான் சாலை சந்திப்பில் தார் தளம் அடித்துச் செல்லப்பட்டு பெரிய குழி உருவாகியுள்ளது. (மண்டலம்: ஆவடி),roads,Road Damage & Potholes,ta,ஆவடி,தி. நகர் உஸ்மான் சாலை சந்திப்பில் தார் தளம் அடித்துச் செல்லப்பட்டு பெரிய குழி உருவாகியுள்ளது. (மண்டலம்: ஆவடி)
TN-NLP-6156,திருவல்லிக்கேணி தெருவில் கடந்த 48 மணி நேரமாக குடிநீர் விநியோகம் முற்றிலும் நிறுத்தப்பட்டுள்ளது. (மண்டலம்: தாம்பரம்),water,Water Supply Contamination / Burst,ta,தாம்பரம்,திருவல்லிக்கேணி தெருவில் கடந்த 48 மணி நேரமாக குடிநீர் விநியோகம் முற்றிலும் நிறுத்தப்பட்டுள்ளது. (மண்டலம்: தாம்பரம்)
TN-NLP-6065,அண்ணா நகர் 2வது அவென்யூவில் குடிநீர் குழாய் உடைந்து குடிநீர் வீணாகி வருகிறது. (மண்டலம்: சென்னை வடக்கு),water,Water Supply Contamination / Burst,ta,சென்னை வடக்கு,அண்ணா நகர் 2வது அவென்யூவில் குடிநீர் குழாய் உடைந்து குடிநீர் வீணாகி வருகிறது. (மண்டலம்: சென்னை வடக்கு)
TN-NLP-5100,தி. நகர் உஸ்மான் சாலை சந்திப்பில் தார் தளம் அடித்துச் செல்லப்பட்டு பெரிய குழி உருவாகியுள்ளது. (மண்டலம்: சென்னை வடக்கு),roads,Road Damage & Potholes,ta,சென்னை வடக்கு,தி. நகர் உஸ்மான் சாலை சந்திப்பில் தார் தளம் அடித்துச் செல்லப்பட்டு பெரிய குழி உருவாகியுள்ளது. (மண்டலம்: சென்னை வடக்கு)
TN-NLP-6678,சிந்தாதிரிப்பேட்டை கூவம் நதி பாலத்தின் சிமெண்ட் கைப்பிடி சுவர் உடைந்து அபாயகரமாக உள்ளது. (மண்டலம்: தாம்பரம்),infrastructure,Public Infrastructure Damage,ta,தாம்பரம்,சிந்தாதிரிப்பேட்டை கூவம் நதி பாலத்தின் சிமெண்ட் கைப்பிடி சுவர் உடைந்து அபாயகரமாக உள்ளது. (மண்டலம்: தாம்பரம்)
TN-NLP-6608,சிந்தாதிரிப்பேட்டை கூவம் நதி பாலத்தின் சிமெண்ட் கைப்பிடி சுவர் உடைந்து அபாயகரமாக உள்ளது. (மண்டலம்: சென்னை தெற்கு),infrastructure,Public Infrastructure Damage,ta,சென்னை தெற்கு,சிந்தாதிரிப்பேட்டை கூவம் நதி பாலத்தின் சிமெண்ட் கைப்பிடி சுவர் உடைந்து அபாயகரமாக உள்ளது. (மண்டலம்: சென்னை தெற்கு)
TN-NLP-5184,தி. நகர் உஸ்மான் சாலை சந்திப்பில் தார் தளம் அடித்துச் செல்லப்பட்டு பெரிய குழி உருவாகியுள்ளது. (மண்டலம்: சென்னை மத்திய மண்டலம்),roads,Road Damage & Potholes,ta,சென்னை மத்திய மண்டலம்,தி. நகர் உஸ்மான் சாலை சந்திப்பில் தார் தளம் அடித்துச் செல்லப்பட்டு பெரிய குழி உருவாகியுள்ளது. (மண்டலம்: சென்னை மத்திய மண்டலம்)
TN-NLP-5874,கோயம்பேடு சந்தை சாலையில் குப்பைத் தொட்டிகள் நிரம்பி வழிந்து சுகாதாரக் கேடு விளைவிக்கிறது. (மண்டலம்: ஆவடி),garbage,Garbage & Waste Disposal,ta,ஆவடி,கோயம்பேடு சந்தை சாலையில் குப்பைத் தொட்டிகள் நிரம்பி வழிந்து சுகாதாரக் கேடு விளைவிக்கிறது. (மண்டலம்: ஆவடி)
TN-NLP-6576,கோயம்பேடு மேம்பாலம் அருகில் உள்ள நகராட்சி பேருந்து நிழற்கூரை சேதமடைந்துள்ளது. (மண்டலம்: சென்னை மத்திய மண்டலம்),infrastructure,Public Infrastructure Damage,ta,சென்னை மத்திய மண்டலம்,கோயம்பேடு மேம்பாலம் அருகில் உள்ள நகராட்சி பேருந்து நிழற்கூரை சேதமடைந்துள்ளது. (மண்டலம்: சென்னை மத்திய மண்டலம்)
TN-NLP-5267,அண்ணா சாலையில் உள்ள பெரும் பள்ளத்தால் போக்குவரத்து நெரிசல் மற்றும் விபத்துக்கள் ஏற்படுகிறது. (மண்டலம்: சென்னை வடக்கு),roads,Road Damage & Potholes,ta,சென்னை வடக்கு,அண்ணா சாலையில் உள்ள பெரும் பள்ளத்தால் போக்குவரத்து நெரிசல் மற்றும் விபத்துக்கள் ஏற்படுகிறது. (மண்டலம்: சென்னை வடக்கு)
TN-NLP-6668,கோயம்பேடு மேம்பாலம் அருகில் உள்ள நகராட்சி பேருந்து நிழற்கூரை சேதமடைந்துள்ளது. (மண்டலம்: தாம்பரம்),infrastructure,Public Infrastructure Damage,ta,தாம்பரம்,கோயம்பேடு மேம்பாலம் அருகில் உள்ள நகராட்சி பேருந்து நிழற்கூரை சேதமடைந்துள்ளது. (மண்டலம்: தாம்பரம்)
TN-NLP-6976,தி. நகரில் நள்ளிரவிலும் அதிக சத்தத்துடன் ஒலிபெருக்கி பயன்படுத்துவதால் ஒலி மாசுபாடு ஏற்படுகிறது. (மண்டலம்: சென்னை மத்திய மண்டலம்),other,Other / General Municipal Operations,ta,சென்னை மத்திய மண்டலம்,தி. நகரில் நள்ளிரவிலும் அதிக சத்தத்துடன் ஒலிபெருக்கி பயன்படுத்துவதால் ஒலி மாசுபாடு ஏற்படுகிறது. (மண்டலம்: சென்னை மத்திய மண்டலம்)
TN-NLP-6359,ஜிஎஸ்டி சாலையில் பல தெருவிளக்குகள் எரியாமல் இருள் சூழ்ந்து விபத்து அபாயம் நிலவுகிறது. (மண்டலம்: சென்னை மத்திய மண்டலம்),streetlights,Streetlights & Electrical Hazards,ta,சென்னை மத்திய மண்டலம்,ஜிஎஸ்டி சாலையில் பல தெருவிளக்குகள் எரியாமல் இருள் சூழ்ந்து விபத்து அபாயம் நிலவுகிறது. (மண்டலம்: சென்னை மத்திய மண்டலம்)
TN-NLP-7082,தி. நகரில் நள்ளிரவிலும் அதிக சத்தத்துடன் ஒலிபெருக்கி பயன்படுத்துவதால் ஒலி மாசுபாடு ஏற்படுகிறது. (மண்டலம்: சென்னை வடக்கு),other,Other / General Municipal Operations,ta,சென்னை வடக்கு,தி. நகரில் நள்ளிரவிலும் அதிக சத்தத்துடன் ஒலிபெருக்கி பயன்படுத்துவதால் ஒலி மாசுபாடு ஏற்படுகிறது. (மண்டலம்: சென்னை வடக்கு)
TN-NLP-5196,வேளச்சேரி மெயின் ரோட்டில் மழைநீரால் சாலை முற்றிலும் சேதமடைந்து இருசக்கர வாகன ஓட்டிகளுக்கு பேராபத்தை ஏற்படுத்துகிறது. (மண்டலம்: சென்னை தெற்கு),roads,Road Damage & Potholes,ta,சென்னை தெற்கு,வேளச்சேரி மெயின் ரோட்டில் மழைநீரால் சாலை முற்றிலும் சேதமடைந்து இருசக்கர வாகன ஓட்டிகளுக்கு பேராபத்தை ஏற்படுத்துகிறது. (மண்டலம்: சென்னை தெற்கு)
TN-NLP-6943,தி. நகரில் நள்ளிரவிலும் அதிக சத்தத்துடன் ஒலிபெருக்கி பயன்படுத்துவதால் ஒலி மாசுபாடு ஏற்படுகிறது. (மண்டலம்: ஆவடி),other,Other / General Municipal Operations,ta,ஆவடி,தி. நகரில் நள்ளிரவிலும் அதிக சத்தத்துடன் ஒலிபெருக்கி பயன்படுத்துவதால் ஒலி மாசுபாடு ஏற்படுகிறது. (மண்டலம்: ஆவடி)
TN-NLP-6838,வேளச்சேரி குடியிருப்பு பகுதியில் தெருநாய்களின் தொல்லை அதிகரித்து பொதுமக்கள் அச்சமடைந்துள்ளனர். (மண்டலம்: ஆவடி),other,Other / General Municipal Operations,ta,ஆவடி,வேளச்சேரி குடியிருப்பு பகுதியில் தெருநாய்களின் தொல்லை அதிகரித்து பொதுமக்கள் அச்சமடைந்துள்ளனர். (மண்டலம்: ஆவடி)
TN-NLP-5777,திருவான்மியூர் கடற்கரை சாலையில் கட்டுமானக் கழிவுகள் சட்டவிரோதமாகக் கொட்டப்பட்டுள்ளன. (மண்டலம்: தாம்பரம்),garbage,Garbage & Waste Disposal,ta,தாம்பரம்,திருவான்மியூர் கடற்கரை சாலையில் கட்டுமானக் கழிவுகள் சட்டவிரோதமாகக் கொட்டப்பட்டுள்ளன. (மண்டலம்: தாம்பரம்)
TN-NLP-6914,தி. நகரில் நள்ளிரவிலும் அதிக சத்தத்துடன் ஒலிபெருக்கி பயன்படுத்துவதால் ஒலி மாசுபாடு ஏற்படுகிறது. (மண்டலம்: சென்னை வடக்கு),other,Other / General Municipal Operations,ta,சென்னை வடக்கு,தி. நகரில் நள்ளிரவிலும் அதிக சத்தத்துடன் ஒலிபெருக்கி பயன்படுத்துவதால் ஒலி மாசுபாடு ஏற்படுகிறது. (மண்டலம்: சென்னை வடக்கு)
TN-NLP-5439,ராயப்பேட்டையில் திறந்தவெளி கழிவுநீர் கால்வாயில் இருந்து சாக்கடை நீர் சாலையில் வழிகிறது. (மண்டலம்: சென்னை வடக்கு),drainage,Drainage & Sewage Overflow,ta,சென்னை வடக்கு,ராயப்பேட்டையில் திறந்தவெளி கழிவுநீர் கால்வாயில் இருந்து சாக்கடை நீர் சாலையில் வழிகிறது. (மண்டலம்: சென்னை வடக்கு)
TN-NLP-5593,கோடம்பாக்கம் தெருவில் கழிவுநீர் குழாய் உடைந்து துர்நாற்றம் வீசுவதுடன் சுகாதார சீர்கேடு ஏற்பட்டுள்ளது. (மண்டலம்: ஆவடி),drainage,Drainage & Sewage Overflow,ta,ஆவடி,கோடம்பாக்கம் தெருவில் கழிவுநீர் குழாய் உடைந்து துர்நாற்றம் வீசுவதுடன் சுகாதார சீர்கேடு ஏற்பட்டுள்ளது. (மண்டலம்: ஆவடி)
TN-NLP-5684,திருவான்மியூர் கடற்கரை சாலையில் கட்டுமானக் கழிவுகள் சட்டவிரோதமாகக் கொட்டப்பட்டுள்ளன. (மண்டலம்: தாம்பரம்),garbage,Garbage & Waste Disposal,ta,தாம்பரம்,திருவான்மியூர் கடற்கரை சாலையில் கட்டுமானக் கழிவுகள் சட்டவிரோதமாகக் கொட்டப்பட்டுள்ளன. (மண்டலம்: தாம்பரம்)
TN-NLP-6122,பெசன்ட் நகரில் விநியோகிக்கப்படும் குடிநீரில் துர்நாற்றமும் கலங்கலான நிறமும் உள்ளது. (மண்டலம்: ஆவடி),water,Water Supply Contamination / Burst,ta,ஆவடி,பெசன்ட் நகரில் விநியோகிக்கப்படும் குடிநீரில் துர்நாற்றமும் கலங்கலான நிறமும் உள்ளது. (மண்டலம்: ஆவடி)
TN-NLP-6484,பெருங்குடி ஓஎம்ஆர் சாலையில் மின்கம்பத்தில் இருந்து ஆபத்தான முறையில் மின்வயர் தொங்குகிறது. (மண்டலம்: தாம்பரம்),streetlights,Streetlights & Electrical Hazards,ta,தாம்பரம்,பெருங்குடி ஓஎம்ஆர் சாலையில் மின்கம்பத்தில் இருந்து ஆபத்தான முறையில் மின்வயர் தொங்குகிறது. (மண்டலம்: தாம்பரம்)
TN-NLP-5679,கோயம்பேடு சந்தை சாலையில் குப்பைத் தொட்டிகள் நிரம்பி வழிந்து சுகாதாரக் கேடு விளைவிக்கிறது. (மண்டலம்: சென்னை மத்திய மண்டலம்),garbage,Garbage & Waste Disposal,ta,சென்னை மத்திய மண்டலம்,கோயம்பேடு சந்தை சாலையில் குப்பைத் தொட்டிகள் நிரம்பி வழிந்து சுகாதாரக் கேடு விளைவிக்கிறது. (மண்டலம்: சென்னை மத்திய மண்டலம்)
TN-NLP-5892,திருவான்மியூர் கடற்கரை சாலையில் கட்டுமானக் கழிவுகள் சட்டவிரோதமாகக் கொட்டப்பட்டுள்ளன. (மண்டலம்: தாம்பரம்),garbage,Garbage & Waste Disposal,ta,தாம்பரம்,திருவான்மியூர் கடற்கரை சாலையில் கட்டுமானக் கழிவுகள் சட்டவிரோதமாகக் கொட்டப்பட்டுள்ளன. (மண்டலம்: தாம்பரம்)
TN-NLP-6635,கோயம்பேடு மேம்பாலம் அருகில் உள்ள நகராட்சி பேருந்து நிழற்கூரை சேதமடைந்துள்ளது. (மண்டலம்: ஆவடி),infrastructure,Public Infrastructure Damage,ta,ஆவடி,கோயம்பேடு மேம்பாலம் அருகில் உள்ள நகராட்சி பேருந்து நிழற்கூரை சேதமடைந்துள்ளது. (மண்டலம்: ஆவடி)
TN-NLP-6196,அண்ணா நகர் 2வது அவென்யூவில் குடிநீர் குழாய் உடைந்து குடிநீர் வீணாகி வருகிறது. (மண்டலம்: சென்னை வடக்கு),water,Water Supply Contamination / Burst,ta,சென்னை வடக்கு,அண்ணா நகர் 2வது அவென்யூவில் குடிநீர் குழாய் உடைந்து குடிநீர் வீணாகி வருகிறது. (மண்டலம்: சென்னை வடக்கு)
TN-NLP-5315,ராயப்பேட்டையில் திறந்தவெளி கழிவுநீர் கால்வாயில் இருந்து சாக்கடை நீர் சாலையில் வழிகிறது. (மண்டலம்: சென்னை தெற்கு),drainage,Drainage & Sewage Overflow,ta,சென்னை தெற்கு,ராயப்பேட்டையில் திறந்தவெளி கழிவுநீர் கால்வாயில் இருந்து சாக்கடை நீர் சாலையில் வழிகிறது. (மண்டலம்: சென்னை தெற்கு)
TN-NLP-5147,பெருங்குடியில் கடந்த 3 மாதங்களாக சாலைப் பணி அரைகுறையாக விடப்பட்டு பலத்த தூசு மாசுபாடு ஏற்படுகிறது. (மண்டலம்: சென்னை வடக்கு),roads,Road Damage & Potholes,ta,சென்னை வடக்கு,பெருங்குடியில் கடந்த 3 மாதங்களாக சாலைப் பணி அரைகுறையாக விடப்பட்டு பலத்த தூசு மாசுபாடு ஏற்படுகிறது. (மண்டலம்: சென்னை வடக்கு)
TN-NLP-6008,அண்ணா நகர் 2வது அவென்யூவில் குடிநீர் குழாய் உடைந்து குடிநீர் வீணாகி வருகிறது. (மண்டலம்: சென்னை மத்திய மண்டலம்),water,Water Supply Contamination / Burst,ta,சென்னை மத்திய மண்டலம்,அண்ணா நகர் 2வது அவென்யூவில் குடிநீர் குழாய் உடைந்து குடிநீர் வீணாகி வருகிறது. (மண்டலம்: சென்னை மத்திய மண்டலம்)
TN-NLP-6777,கோயம்பேடு மேம்பாலம் அருகில் உள்ள நகராட்சி பேருந்து நிழற்கூரை சேதமடைந்துள்ளது. (மண்டலம்: சென்னை தெற்கு),infrastructure,Public Infrastructure Damage,ta,சென்னை தெற்கு,கோயம்பேடு மேம்பாலம் அருகில் உள்ள நகராட்சி பேருந்து நிழற்கூரை சேதமடைந்துள்ளது. (மண்டலம்: சென்னை தெற்கு)
TN-NLP-7086,தி. நகரில் நள்ளிரவிலும் அதிக சத்தத்துடன் ஒலிபெருக்கி பயன்படுத்துவதால் ஒலி மாசுபாடு ஏற்படுகிறது. (மண்டலம்: ஆவடி),other,Other / General Municipal Operations,ta,ஆவடி,தி. நகரில் நள்ளிரவிலும் அதிக சத்தத்துடன் ஒலிபெருக்கி பயன்படுத்துவதால் ஒலி மாசுபாடு ஏற்படுகிறது. (மண்டலம்: ஆவடி)
TN-NLP-6128,திருவல்லிக்கேணி தெருவில் கடந்த 48 மணி நேரமாக குடிநீர் விநியோகம் முற்றிலும் நிறுத்தப்பட்டுள்ளது. (மண்டலம்: தாம்பரம்),water,Water Supply Contamination / Burst,ta,தாம்பரம்,திருவல்லிக்கேணி தெருவில் கடந்த 48 மணி நேரமாக குடிநீர் விநியோகம் முற்றிலும் நிறுத்தப்பட்டுள்ளது. (மண்டலம்: தாம்பரம்)
TN-NLP-6873,தி. நகரில் நள்ளிரவிலும் அதிக சத்தத்துடன் ஒலிபெருக்கி பயன்படுத்துவதால் ஒலி மாசுபாடு ஏற்படுகிறது. (மண்டலம்: சென்னை வடக்கு),other,Other / General Municipal Operations,ta,சென்னை வடக்கு,தி. நகரில் நள்ளிரவிலும் அதிக சத்தத்துடன் ஒலிபெருக்கி பயன்படுத்துவதால் ஒலி மாசுபாடு ஏற்படுகிறது. (மண்டலம்: சென்னை வடக்கு)
TN-NLP-5030,தி. நகர் உஸ்மான் சாலை சந்திப்பில் தார் தளம் அடித்துச் செல்லப்பட்டு பெரிய குழி உருவாகியுள்ளது. (மண்டலம்: சென்னை வடக்கு),roads,Road Damage & Potholes,ta,சென்னை வடக்கு,தி. நகர் உஸ்மான் சாலை சந்திப்பில் தார் தளம் அடித்துச் செல்லப்பட்டு பெரிய குழி உருவாகியுள்ளது. (மண்டலம்: சென்னை வடக்கு)
TN-NLP-5763,திருவான்மியூர் கடற்கரை சாலையில் கட்டுமானக் கழிவுகள் சட்டவிரோதமாகக் கொட்டப்பட்டுள்ளன. (மண்டலம்: தாம்பரம்),garbage,Garbage & Waste Disposal,ta,தாம்பரம்,திருவான்மியூர் கடற்கரை சாலையில் கட்டுமானக் கழிவுகள் சட்டவிரோதமாகக் கொட்டப்பட்டுள்ளன. (மண்டலம்: தாம்பரம்)
TN-NLP-6012,பெசன்ட் நகரில் விநியோகிக்கப்படும் குடிநீரில் துர்நாற்றமும் கலங்கலான நிறமும் உள்ளது. (மண்டலம்: சென்னை மத்திய மண்டலம்),water,Water Supply Contamination / Burst,ta,சென்னை மத்திய மண்டலம்,பெசன்ட் நகரில் விநியோகிக்கப்படும் குடிநீரில் துர்நாற்றமும் கலங்கலான நிறமும் உள்ளது. (மண்டலம்: சென்னை மத்திய மண்டலம்)
TN-NLP-5928,திருவல்லிக்கேணி தெருவில் கடந்த 48 மணி நேரமாக குடிநீர் விநியோகம் முற்றிலும் நிறுத்தப்பட்டுள்ளது. (மண்டலம்: தாம்பரம்),water,Water Supply Contamination / Burst,ta,தாம்பரம்,திருவல்லிக்கேணி தெருவில் கடந்த 48 மணி நேரமாக குடிநீர் விநியோகம் முற்றிலும் நிறுத்தப்பட்டுள்ளது. (மண்டலம்: தாம்பரம்)
TN-NLP-5778,திருவான்மியூர் கடற்கரை சாலையில் கட்டுமானக் கழிவுகள் சட்டவிரோதமாகக் கொட்டப்பட்டுள்ளன. (மண்டலம்: தாம்பரம்),garbage,Garbage & Waste Disposal,ta,தாம்பரம்,திருவான்மியூர் கடற்கரை சாலையில் கட்டுமானக் கழிவுகள் சட்டவிரோதமாகக் கொட்டப்பட்டுள்ளன. (மண்டலம்: தாம்பரம்)
TN-NLP-6319,ஜிஎஸ்டி சாலையில் பல தெருவிளக்குகள் எரியாமல் இருள் சூழ்ந்து விபத்து அபாயம் நிலவுகிறது. (மண்டலம்: சென்னை தெற்கு),streetlights,Streetlights & Electrical Hazards,ta,சென்னை தெற்கு,ஜிஎஸ்டி சாலையில் பல தெருவிளக்குகள் எரியாமல் இருள் சூழ்ந்து விபத்து அபாயம் நிலவுகிறது. (மண்டலம்: சென்னை தெற்கு)
TN-NLP-6153,திருவல்லிக்கேணி தெருவில் கடந்த 48 மணி நேரமாக குடிநீர் விநியோகம் முற்றிலும் நிறுத்தப்பட்டுள்ளது. (மண்டலம்: சென்னை தெற்கு),water,Water Supply Contamination / Burst,ta,சென்னை தெற்கு,திருவல்லிக்கேணி தெருவில் கடந்த 48 மணி நேரமாக குடிநீர் விநியோகம் முற்றிலும் நிறுத்தப்பட்டுள்ளது. (மண்டலம்: சென்னை தெற்கு)
TN-NLP-7015,வேளச்சேரி குடியிருப்பு பகுதியில் தெருநாய்களின் தொல்லை அதிகரித்து பொதுமக்கள் அச்சமடைந்துள்ளனர். (மண்டலம்: ஆவடி),other,Other / General Municipal Operations,ta,ஆவடி,வேளச்சேரி குடியிருப்பு பகுதியில் தெருநாய்களின் தொல்லை அதிகரித்து பொதுமக்கள் அச்சமடைந்துள்ளனர். (மண்டலம்: ஆவடி)
TN-NLP-6722,கோயம்பேடு மேம்பாலம் அருகில் உள்ள நகராட்சி பேருந்து நிழற்கூரை சேதமடைந்துள்ளது. (மண்டலம்: தாம்பரம்),infrastructure,Public Infrastructure Damage,ta,தாம்பரம்,கோயம்பேடு மேம்பாலம் அருகில் உள்ள நகராட்சி பேருந்து நிழற்கூரை சேதமடைந்துள்ளது. (மண்டலம்: தாம்பரம்)
TN-NLP-6546,கோயம்பேடு மேம்பாலம் அருகில் உள்ள நகராட்சி பேருந்து நிழற்கூரை சேதமடைந்துள்ளது. (மண்டலம்: சென்னை வடக்கு),infrastructure,Public Infrastructure Damage,ta,சென்னை வடக்கு,கோயம்பேடு மேம்பாலம் அருகில் உள்ள நகராட்சி பேருந்து நிழற்கூரை சேதமடைந்துள்ளது. (மண்டலம்: சென்னை வடக்கு)
TN-NLP-6415,ஜிஎஸ்டி சாலையில் பல தெருவிளக்குகள் எரியாமல் இருள் சூழ்ந்து விபத்து அபாயம் நிலவுகிறது. (மண்டலம்: தாம்பரம்),streetlights,Streetlights & Electrical Hazards,ta,தாம்பரம்,ஜிஎஸ்டி சாலையில் பல தெருவிளக்குகள் எரியாமல் இருள் சூழ்ந்து விபத்து அபாயம் நிலவுகிறது. (மண்டலம்: தாம்பரம்)
TN-NLP-5767,திருவான்மியூர் கடற்கரை சாலையில் கட்டுமானக் கழிவுகள் சட்டவிரோதமாகக் கொட்டப்பட்டுள்ளன. (மண்டலம்: ஆவடி),garbage,Garbage & Waste Disposal,ta,ஆவடி,திருவான்மியூர் கடற்கரை சாலையில் கட்டுமானக் கழிவுகள் சட்டவிரோதமாகக் கொட்டப்பட்டுள்ளன. (மண்டலம்: ஆவடி)
TN-NLP-5061,அண்ணா சாலையில் உள்ள பெரும் பள்ளத்தால் போக்குவரத்து நெரிசல் மற்றும் விபத்துக்கள் ஏற்படுகிறது. (மண்டலம்: தாம்பரம்),roads,Road Damage & Potholes,ta,தாம்பரம்,அண்ணா சாலையில் உள்ள பெரும் பள்ளத்தால் போக்குவரத்து நெரிசல் மற்றும் விபத்துக்கள் ஏற்படுகிறது. (மண்டலம்: தாம்பரம்)
TN-NLP-6113,அண்ணா நகர் 2வது அவென்யூவில் குடிநீர் குழாய் உடைந்து குடிநீர் வீணாகி வருகிறது. (மண்டலம்: ஆவடி),water,Water Supply Contamination / Burst,ta,ஆவடி,அண்ணா நகர் 2வது அவென்யூவில் குடிநீர் குழாய் உடைந்து குடிநீர் வீணாகி வருகிறது. (மண்டலம்: ஆவடி)
TN-NLP-6183,அண்ணா நகர் 2வது அவென்யூவில் குடிநீர் குழாய் உடைந்து குடிநீர் வீணாகி வருகிறது. (மண்டலம்: சென்னை மத்திய மண்டலம்),water,Water Supply Contamination / Burst,ta,சென்னை மத்திய மண்டலம்,அண்ணா நகர் 2வது அவென்யூவில் குடிநீர் குழாய் உடைந்து குடிநீர் வீணாகி வருகிறது. (மண்டலம்: சென்னை மத்திய மண்டலம்)
TN-NLP-5931,அண்ணா நகர் 2வது அவென்யூவில் குடிநீர் குழாய் உடைந்து குடிநீர் வீணாகி வருகிறது. (மண்டலம்: சென்னை வடக்கு),water,Water Supply Contamination / Burst,ta,சென்னை வடக்கு,அண்ணா நகர் 2வது அவென்யூவில் குடிநீர் குழாய் உடைந்து குடிநீர் வீணாகி வருகிறது. (மண்டலம்: சென்னை வடக்கு)
TN-NLP-5797,திருவான்மியூர் கடற்கரை சாலையில் கட்டுமானக் கழிவுகள் சட்டவிரோதமாகக் கொட்டப்பட்டுள்ளன. (மண்டலம்: ஆவடி),garbage,Garbage & Waste Disposal,ta,ஆவடி,திருவான்மியூர் கடற்கரை சாலையில் கட்டுமானக் கழிவுகள் சட்டவிரோதமாகக் கொட்டப்பட்டுள்ளன. (மண்டலம்: ஆவடி)
TN-NLP-5781,திருவான்மியூர் கடற்கரை சாலையில் கட்டுமானக் கழிவுகள் சட்டவிரோதமாகக் கொட்டப்பட்டுள்ளன. (மண்டலம்: சென்னை மத்திய மண்டலம்),garbage,Garbage & Waste Disposal,ta,சென்னை மத்திய மண்டலம்,திருவான்மியூர் கடற்கரை சாலையில் கட்டுமானக் கழிவுகள் சட்டவிரோதமாகக் கொட்டப்பட்டுள்ளன. (மண்டலம்: சென்னை மத்திய மண்டலம்)
TN-NLP-6109,பெசன்ட் நகரில் விநியோகிக்கப்படும் குடிநீரில் துர்நாற்றமும் கலங்கலான நிறமும் உள்ளது. (மண்டலம்: சென்னை மத்திய மண்டலம்),water,Water Supply Contamination / Burst,ta,சென்னை மத்திய மண்டலம்,பெசன்ட் நகரில் விநியோகிக்கப்படும் குடிநீரில் துர்நாற்றமும் கலங்கலான நிறமும் உள்ளது. (மண்டலம்: சென்னை மத்திய மண்டலம்)
TN-NLP-6413,பெருங்குடி ஓஎம்ஆர் சாலையில் மின்கம்பத்தில் இருந்து ஆபத்தான முறையில் மின்வயர் தொங்குகிறது. (மண்டலம்: சென்னை மத்திய மண்டலம்),streetlights,Streetlights & Electrical Hazards,ta,சென்னை மத்திய மண்டலம்,பெருங்குடி ஓஎம்ஆர் சாலையில் மின்கம்பத்தில் இருந்து ஆபத்தான முறையில் மின்வயர் தொங்குகிறது. (மண்டலம்: சென்னை மத்திய மண்டலம்)
TN-NLP-5518,ராயப்பேட்டையில் திறந்தவெளி கழிவுநீர் கால்வாயில் இருந்து சாக்கடை நீர் சாலையில் வழிகிறது. (மண்டலம்: தாம்பரம்),drainage,Drainage & Sewage Overflow,ta,தாம்பரம்,ராயப்பேட்டையில் திறந்தவெளி கழிவுநீர் கால்வாயில் இருந்து சாக்கடை நீர் சாலையில் வழிகிறது. (மண்டலம்: தாம்பரம்)
TN-NLP-5508,அசோக் நகர் 4வது அவென்யூவில் மழைநீர் வடிகால் அடைப்பால் வீடுகளுக்குள் தண்ணீர் புகுந்துள்ளது. (மண்டலம்: சென்னை மத்திய மண்டலம்),drainage,Drainage & Sewage Overflow,ta,சென்னை மத்திய மண்டலம்,அசோக் நகர் 4வது அவென்யூவில் மழைநீர் வடிகால் அடைப்பால் வீடுகளுக்குள் தண்ணீர் புகுந்துள்ளது. (மண்டலம்: சென்னை மத்திய மண்டலம்)
TN-NLP-5780,கோயம்பேடு சந்தை சாலையில் குப்பைத் தொட்டிகள் நிரம்பி வழிந்து சுகாதாரக் கேடு விளைவிக்கிறது. (மண்டலம்: சென்னை வடக்கு),garbage,Garbage & Waste Disposal,ta,சென்னை வடக்கு,கோயம்பேடு சந்தை சாலையில் குப்பைத் தொட்டிகள் நிரம்பி வழிந்து சுகாதாரக் கேடு விளைவிக்கிறது. (மண்டலம்: சென்னை வடக்கு)
TN-NLP-6971,தி. நகரில் நள்ளிரவிலும் அதிக சத்தத்துடன் ஒலிபெருக்கி பயன்படுத்துவதால் ஒலி மாசுபாடு ஏற்படுகிறது. (மண்டலம்: சென்னை வடக்கு),other,Other / General Municipal Operations,ta,சென்னை வடக்கு,தி. நகரில் நள்ளிரவிலும் அதிக சத்தத்துடன் ஒலிபெருக்கி பயன்படுத்துவதால் ஒலி மாசுபாடு ஏற்படுகிறது. (மண்டலம்: சென்னை வடக்கு)
TN-NLP-5978,பெசன்ட் நகரில் விநியோகிக்கப்படும் குடிநீரில் துர்நாற்றமும் கலங்கலான நிறமும் உள்ளது. (மண்டலம்: தாம்பரம்),water,Water Supply Contamination / Burst,ta,தாம்பரம்,பெசன்ட் நகரில் விநியோகிக்கப்படும் குடிநீரில் துர்நாற்றமும் கலங்கலான நிறமும் உள்ளது. (மண்டலம்: தாம்பரம்)
TN-NLP-7077,தி. நகரில் நள்ளிரவிலும் அதிக சத்தத்துடன் ஒலிபெருக்கி பயன்படுத்துவதால் ஒலி மாசுபாடு ஏற்படுகிறது. (மண்டலம்: சென்னை வடக்கு),other,Other / General Municipal Operations,ta,சென்னை வடக்கு,தி. நகரில் நள்ளிரவிலும் அதிக சத்தத்துடன் ஒலிபெருக்கி பயன்படுத்துவதால் ஒலி மாசுபாடு ஏற்படுகிறது. (மண்டலம்: சென்னை வடக்கு)
TN-NLP-5478,ராயப்பேட்டையில் திறந்தவெளி கழிவுநீர் கால்வாயில் இருந்து சாக்கடை நீர் சாலையில் வழிகிறது. (மண்டலம்: சென்னை மத்திய மண்டலம்),drainage,Drainage & Sewage Overflow,ta,சென்னை மத்திய மண்டலம்,ராயப்பேட்டையில் திறந்தவெளி கழிவுநீர் கால்வாயில் இருந்து சாக்கடை நீர் சாலையில் வழிகிறது. (மண்டலம்: சென்னை மத்திய மண்டலம்)
TN-NLP-6551,கோயம்பேடு மேம்பாலம் அருகில் உள்ள நகராட்சி பேருந்து நிழற்கூரை சேதமடைந்துள்ளது. (மண்டலம்: ஆவடி),infrastructure,Public Infrastructure Damage,ta,ஆவடி,கோயம்பேடு மேம்பாலம் அருகில் உள்ள நகராட்சி பேருந்து நிழற்கூரை சேதமடைந்துள்ளது. (மண்டலம்: ஆவடி)
TN-NLP-7093,தி. நகரில் நள்ளிரவிலும் அதிக சத்தத்துடன் ஒலிபெருக்கி பயன்படுத்துவதால் ஒலி மாசுபாடு ஏற்படுகிறது. (மண்டலம்: தாம்பரம்),other,Other / General Municipal Operations,ta,தாம்பரம்,தி. நகரில் நள்ளிரவிலும் அதிக சத்தத்துடன் ஒலிபெருக்கி பயன்படுத்துவதால் ஒலி மாசுபாடு ஏற்படுகிறது. (மண்டலம்: தாம்பரம்)
TN-NLP-6946,தி. நகரில் நள்ளிரவிலும் அதிக சத்தத்துடன் ஒலிபெருக்கி பயன்படுத்துவதால் ஒலி மாசுபாடு ஏற்படுகிறது. (மண்டலம்: சென்னை தெற்கு),other,Other / General Municipal Operations,ta,சென்னை தெற்கு,தி. நகரில் நள்ளிரவிலும் அதிக சத்தத்துடன் ஒலிபெருக்கி பயன்படுத்துவதால் ஒலி மாசுபாடு ஏற்படுகிறது. (மண்டலம்: சென்னை தெற்கு)
TN-NLP-5302,அசோக் நகர் 4வது அவென்யூவில் மழைநீர் வடிகால் அடைப்பால் வீடுகளுக்குள் தண்ணீர் புகுந்துள்ளது. (மண்டலம்: சென்னை தெற்கு),drainage,Drainage & Sewage Overflow,ta,சென்னை தெற்கு,அசோக் நகர் 4வது அவென்யூவில் மழைநீர் வடிகால் அடைப்பால் வீடுகளுக்குள் தண்ணீர் புகுந்துள்ளது. (மண்டலம்: சென்னை தெற்கு)
TN-NLP-6004,திருவல்லிக்கேணி தெருவில் கடந்த 48 மணி நேரமாக குடிநீர் விநியோகம் முற்றிலும் நிறுத்தப்பட்டுள்ளது. (மண்டலம்: சென்னை மத்திய மண்டலம்),water,Water Supply Contamination / Burst,ta,சென்னை மத்திய மண்டலம்,திருவல்லிக்கேணி தெருவில் கடந்த 48 மணி நேரமாக குடிநீர் விநியோகம் முற்றிலும் நிறுத்தப்பட்டுள்ளது. (மண்டலம்: சென்னை மத்திய மண்டலம்)
TN-NLP-5945,பெசன்ட் நகரில் விநியோகிக்கப்படும் குடிநீரில் துர்நாற்றமும் கலங்கலான நிறமும் உள்ளது. (மண்டலம்: சென்னை மத்திய மண்டலம்),water,Water Supply Contamination / Burst,ta,சென்னை மத்திய மண்டலம்,பெசன்ட் நகரில் விநியோகிக்கப்படும் குடிநீரில் துர்நாற்றமும் கலங்கலான நிறமும் உள்ளது. (மண்டலம்: சென்னை மத்திய மண்டலம்)
TN-NLP-5782,நுங்கம்பாக்கம் பஸ் நிறுத்தம் அருகில் குப்பைகள் அகற்றப்படாமல் 4 நாட்களாக தேங்கியுள்ளது. (மண்டலம்: சென்னை வடக்கு),garbage,Garbage & Waste Disposal,ta,சென்னை வடக்கு,நுங்கம்பாக்கம் பஸ் நிறுத்தம் அருகில் குப்பைகள் அகற்றப்படாமல் 4 நாட்களாக தேங்கியுள்ளது. (மண்டலம்: சென்னை வடக்கு)
TN-NLP-7053,தி. நகரில் நள்ளிரவிலும் அதிக சத்தத்துடன் ஒலிபெருக்கி பயன்படுத்துவதால் ஒலி மாசுபாடு ஏற்படுகிறது. (மண்டலம்: சென்னை மத்திய மண்டலம்),other,Other / General Municipal Operations,ta,சென்னை மத்திய மண்டலம்,தி. நகரில் நள்ளிரவிலும் அதிக சத்தத்துடன் ஒலிபெருக்கி பயன்படுத்துவதால் ஒலி மாசுபாடு ஏற்படுகிறது. (மண்டலம்: சென்னை மத்திய மண்டலம்)
TN-NLP-5819,நுங்கம்பாக்கம் பஸ் நிறுத்தம் அருகில் குப்பைகள் அகற்றப்படாமல் 4 நாட்களாக தேங்கியுள்ளது. (மண்டலம்: சென்னை மத்திய மண்டலம்),garbage,Garbage & Waste Disposal,ta,சென்னை மத்திய மண்டலம்,நுங்கம்பாக்கம் பஸ் நிறுத்தம் அருகில் குப்பைகள் அகற்றப்படாமல் 4 நாட்களாக தேங்கியுள்ளது. (மண்டலம்: சென்னை மத்திய மண்டலம்)
TN-NLP-5716,நுங்கம்பாக்கம் பஸ் நிறுத்தம் அருகில் குப்பைகள் அகற்றப்படாமல் 4 நாட்களாக தேங்கியுள்ளது. (மண்டலம்: தாம்பரம்),garbage,Garbage & Waste Disposal,ta,தாம்பரம்,நுங்கம்பாக்கம் பஸ் நிறுத்தம் அருகில் குப்பைகள் அகற்றப்படாமல் 4 நாட்களாக தேங்கியுள்ளது. (மண்டலம்: தாம்பரம்)
TN-NLP-5610,நுங்கம்பாக்கம் பஸ் நிறுத்தம் அருகில் குப்பைகள் அகற்றப்படாமல் 4 நாட்களாக தேங்கியுள்ளது. (மண்டலம்: சென்னை வடக்கு),garbage,Garbage & Waste Disposal,ta,சென்னை வடக்கு,நுங்கம்பாக்கம் பஸ் நிறுத்தம் அருகில் குப்பைகள் அகற்றப்படாமல் 4 நாட்களாக தேங்கியுள்ளது. (மண்டலம்: சென்னை வடக்கு)
TN-NLP-5109,அண்ணா சாலையில் உள்ள பெரும் பள்ளத்தால் போக்குவரத்து நெரிசல் மற்றும் விபத்துக்கள் ஏற்படுகிறது. (மண்டலம்: சென்னை தெற்கு),roads,Road Damage & Potholes,ta,சென்னை தெற்கு,அண்ணா சாலையில் உள்ள பெரும் பள்ளத்தால் போக்குவரத்து நெரிசல் மற்றும் விபத்துக்கள் ஏற்படுகிறது. (மண்டலம்: சென்னை தெற்கு)
TN-NLP-6963,வேளச்சேரி குடியிருப்பு பகுதியில் தெருநாய்களின் தொல்லை அதிகரித்து பொதுமக்கள் அச்சமடைந்துள்ளனர். (மண்டலம்: சென்னை தெற்கு),other,Other / General Municipal Operations,ta,சென்னை தெற்கு,வேளச்சேரி குடியிருப்பு பகுதியில் தெருநாய்களின் தொல்லை அதிகரித்து பொதுமக்கள் அச்சமடைந்துள்ளனர். (மண்டலம்: சென்னை தெற்கு)
TN-NLP-6068,திருவல்லிக்கேணி தெருவில் கடந்த 48 மணி நேரமாக குடிநீர் விநியோகம் முற்றிலும் நிறுத்தப்பட்டுள்ளது. (மண்டலம்: ஆவடி),water,Water Supply Contamination / Burst,ta,ஆவடி,திருவல்லிக்கேணி தெருவில் கடந்த 48 மணி நேரமாக குடிநீர் விநியோகம் முற்றிலும் நிறுத்தப்பட்டுள்ளது. (மண்டலம்: ஆவடி)
TN-NLP-6169,அண்ணா நகர் 2வது அவென்யூவில் குடிநீர் குழாய் உடைந்து குடிநீர் வீணாகி வருகிறது. (மண்டலம்: தாம்பரம்),water,Water Supply Contamination / Burst,ta,தாம்பரம்,அண்ணா நகர் 2வது அவென்யூவில் குடிநீர் குழாய் உடைந்து குடிநீர் வீணாகி வருகிறது. (மண்டலம்: தாம்பரம்)
TN-NLP-5056,பெருங்குடியில் கடந்த 3 மாதங்களாக சாலைப் பணி அரைகுறையாக விடப்பட்டு பலத்த தூசு மாசுபாடு ஏற்படுகிறது. (மண்டலம்: தாம்பரம்),roads,Road Damage & Potholes,ta,தாம்பரம்,பெருங்குடியில் கடந்த 3 மாதங்களாக சாலைப் பணி அரைகுறையாக விடப்பட்டு பலத்த தூசு மாசுபாடு ஏற்படுகிறது. (மண்டலம்: தாம்பரம்)
TN-NLP-6962,வேளச்சேரி குடியிருப்பு பகுதியில் தெருநாய்களின் தொல்லை அதிகரித்து பொதுமக்கள் அச்சமடைந்துள்ளனர். (மண்டலம்: சென்னை மத்திய மண்டலம்),other,Other / General Municipal Operations,ta,சென்னை மத்திய மண்டலம்,வேளச்சேரி குடியிருப்பு பகுதியில் தெருநாய்களின் தொல்லை அதிகரித்து பொதுமக்கள் அச்சமடைந்துள்ளனர். (மண்டலம்: சென்னை மத்திய மண்டலம்)
TN-NLP-6624,கோயம்பேடு மேம்பாலம் அருகில் உள்ள நகராட்சி பேருந்து நிழற்கூரை சேதமடைந்துள்ளது. (மண்டலம்: ஆவடி),infrastructure,Public Infrastructure Damage,ta,ஆவடி,கோயம்பேடு மேம்பாலம் அருகில் உள்ள நகராட்சி பேருந்து நிழற்கூரை சேதமடைந்துள்ளது. (மண்டலம்: ஆவடி)
TN-NLP-7028,தி. நகரில் நள்ளிரவிலும் அதிக சத்தத்துடன் ஒலிபெருக்கி பயன்படுத்துவதால் ஒலி மாசுபாடு ஏற்படுகிறது. (மண்டலம்: சென்னை மத்திய மண்டலம்),other,Other / General Municipal Operations,ta,சென்னை மத்திய மண்டலம்,தி. நகரில் நள்ளிரவிலும் அதிக சத்தத்துடன் ஒலிபெருக்கி பயன்படுத்துவதால் ஒலி மாசுபாடு ஏற்படுகிறது. (மண்டலம்: சென்னை மத்திய மண்டலம்)
TN-NLP-5309,அசோக் நகர் 4வது அவென்யூவில் மழைநீர் வடிகால் அடைப்பால் வீடுகளுக்குள் தண்ணீர் புகுந்துள்ளது. (மண்டலம்: சென்னை தெற்கு),drainage,Drainage & Sewage Overflow,ta,சென்னை தெற்கு,அசோக் நகர் 4வது அவென்யூவில் மழைநீர் வடிகால் அடைப்பால் வீடுகளுக்குள் தண்ணீர் புகுந்துள்ளது. (மண்டலம்: சென்னை தெற்கு)
TN-NLP-6815,வேளச்சேரி குடியிருப்பு பகுதியில் தெருநாய்களின் தொல்லை அதிகரித்து பொதுமக்கள் அச்சமடைந்துள்ளனர். (மண்டலம்: தாம்பரம்),other,Other / General Municipal Operations,ta,தாம்பரம்,வேளச்சேரி குடியிருப்பு பகுதியில் தெருநாய்களின் தொல்லை அதிகரித்து பொதுமக்கள் அச்சமடைந்துள்ளனர். (மண்டலம்: தாம்பரம்)
TN-NLP-6729,கோயம்பேடு மேம்பாலம் அருகில் உள்ள நகராட்சி பேருந்து நிழற்கூரை சேதமடைந்துள்ளது. (மண்டலம்: சென்னை தெற்கு),infrastructure,Public Infrastructure Damage,ta,சென்னை தெற்கு,கோயம்பேடு மேம்பாலம் அருகில் உள்ள நகராட்சி பேருந்து நிழற்கூரை சேதமடைந்துள்ளது. (மண்டலம்: சென்னை தெற்கு)
TN-NLP-5862,திருவான்மியூர் கடற்கரை சாலையில் கட்டுமானக் கழிவுகள் சட்டவிரோதமாகக் கொட்டப்பட்டுள்ளன. (மண்டலம்: ஆவடி),garbage,Garbage & Waste Disposal,ta,ஆவடி,திருவான்மியூர் கடற்கரை சாலையில் கட்டுமானக் கழிவுகள் சட்டவிரோதமாகக் கொட்டப்பட்டுள்ளன. (மண்டலம்: ஆவடி)
TN-NLP-5526,அசோக் நகர் 4வது அவென்யூவில் மழைநீர் வடிகால் அடைப்பால் வீடுகளுக்குள் தண்ணீர் புகுந்துள்ளது. (மண்டலம்: சென்னை மத்திய மண்டலம்),drainage,Drainage & Sewage Overflow,ta,சென்னை மத்திய மண்டலம்,அசோக் நகர் 4வது அவென்யூவில் மழைநீர் வடிகால் அடைப்பால் வீடுகளுக்குள் தண்ணீர் புகுந்துள்ளது. (மண்டலம்: சென்னை மத்திய மண்டலம்)
TN-NLP-5224,அண்ணா சாலையில் உள்ள பெரும் பள்ளத்தால் போக்குவரத்து நெரிசல் மற்றும் விபத்துக்கள் ஏற்படுகிறது. (மண்டலம்: சென்னை தெற்கு),roads,Road Damage & Potholes,ta,சென்னை தெற்கு,அண்ணா சாலையில் உள்ள பெரும் பள்ளத்தால் போக்குவரத்து நெரிசல் மற்றும் விபத்துக்கள் ஏற்படுகிறது. (மண்டலம்: சென்னை தெற்கு)
TN-NLP-5198,பெருங்குடியில் கடந்த 3 மாதங்களாக சாலைப் பணி அரைகுறையாக விடப்பட்டு பலத்த தூசு மாசுபாடு ஏற்படுகிறது. (மண்டலம்: சென்னை வடக்கு),roads,Road Damage & Potholes,ta,சென்னை வடக்கு,பெருங்குடியில் கடந்த 3 மாதங்களாக சாலைப் பணி அரைகுறையாக விடப்பட்டு பலத்த தூசு மாசுபாடு ஏற்படுகிறது. (மண்டலம்: சென்னை வடக்கு)
TN-NLP-6994,தி. நகரில் நள்ளிரவிலும் அதிக சத்தத்துடன் ஒலிபெருக்கி பயன்படுத்துவதால் ஒலி மாசுபாடு ஏற்படுகிறது. (மண்டலம்: சென்னை தெற்கு),other,Other / General Municipal Operations,ta,சென்னை தெற்கு,தி. நகரில் நள்ளிரவிலும் அதிக சத்தத்துடன் ஒலிபெருக்கி பயன்படுத்துவதால் ஒலி மாசுபாடு ஏற்படுகிறது. (மண்டலம்: சென்னை தெற்கு)
TN-NLP-5373,கோடம்பாக்கம் தெருவில் கழிவுநீர் குழாய் உடைந்து துர்நாற்றம் வீசுவதுடன் சுகாதார சீர்கேடு ஏற்பட்டுள்ளது. (மண்டலம்: சென்னை தெற்கு),drainage,Drainage & Sewage Overflow,ta,சென்னை தெற்கு,கோடம்பாக்கம் தெருவில் கழிவுநீர் குழாய் உடைந்து துர்நாற்றம் வீசுவதுடன் சுகாதார சீர்கேடு ஏற்பட்டுள்ளது. (மண்டலம்: சென்னை தெற்கு)
TN-NLP-6684,சிந்தாதிரிப்பேட்டை கூவம் நதி பாலத்தின் சிமெண்ட் கைப்பிடி சுவர் உடைந்து அபாயகரமாக உள்ளது. (மண்டலம்: சென்னை மத்திய மண்டலம்),infrastructure,Public Infrastructure Damage,ta,சென்னை மத்திய மண்டலம்,சிந்தாதிரிப்பேட்டை கூவம் நதி பாலத்தின் சிமெண்ட் கைப்பிடி சுவர் உடைந்து அபாயகரமாக உள்ளது. (மண்டலம்: சென்னை மத்திய மண்டலம்)
TN-NLP-5633,நுங்கம்பாக்கம் பஸ் நிறுத்தம் அருகில் குப்பைகள் அகற்றப்படாமல் 4 நாட்களாக தேங்கியுள்ளது. (மண்டலம்: சென்னை வடக்கு),garbage,Garbage & Waste Disposal,ta,சென்னை வடக்கு,நுங்கம்பாக்கம் பஸ் நிறுத்தம் அருகில் குப்பைகள் அகற்றப்படாமல் 4 நாட்களாக தேங்கியுள்ளது. (மண்டலம்: சென்னை வடக்கு)
TN-NLP-5455,அசோக் நகர் 4வது அவென்யூவில் மழைநீர் வடிகால் அடைப்பால் வீடுகளுக்குள் தண்ணீர் புகுந்துள்ளது. (மண்டலம்: சென்னை தெற்கு),drainage,Drainage & Sewage Overflow,ta,சென்னை தெற்கு,அசோக் நகர் 4வது அவென்யூவில் மழைநீர் வடிகால் அடைப்பால் வீடுகளுக்குள் தண்ணீர் புகுந்துள்ளது. (மண்டலம்: சென்னை தெற்கு)
TN-NLP-6759,கோயம்பேடு மேம்பாலம் அருகில் உள்ள நகராட்சி பேருந்து நிழற்கூரை சேதமடைந்துள்ளது. (மண்டலம்: ஆவடி),infrastructure,Public Infrastructure Damage,ta,ஆவடி,கோயம்பேடு மேம்பாலம் அருகில் உள்ள நகராட்சி பேருந்து நிழற்கூரை சேதமடைந்துள்ளது. (மண்டலம்: ஆவடி)
TN-NLP-5956,பெசன்ட் நகரில் விநியோகிக்கப்படும் குடிநீரில் துர்நாற்றமும் கலங்கலான நிறமும் உள்ளது. (மண்டலம்: சென்னை தெற்கு),water,Water Supply Contamination / Burst,ta,சென்னை தெற்கு,பெசன்ட் நகரில் விநியோகிக்கப்படும் குடிநீரில் துர்நாற்றமும் கலங்கலான நிறமும் உள்ளது. (மண்டலம்: சென்னை தெற்கு)
TN-NLP-6965,தி. நகரில் நள்ளிரவிலும் அதிக சத்தத்துடன் ஒலிபெருக்கி பயன்படுத்துவதால் ஒலி மாசுபாடு ஏற்படுகிறது. (மண்டலம்: ஆவடி),other,Other / General Municipal Operations,ta,ஆவடி,தி. நகரில் நள்ளிரவிலும் அதிக சத்தத்துடன் ஒலிபெருக்கி பயன்படுத்துவதால் ஒலி மாசுபாடு ஏற்படுகிறது. (மண்டலம்: ஆவடி)
TN-NLP-5135,அண்ணா சாலையில் உள்ள பெரும் பள்ளத்தால் போக்குவரத்து நெரிசல் மற்றும் விபத்துக்கள் ஏற்படுகிறது. (மண்டலம்: தாம்பரம்),roads,Road Damage & Potholes,ta,தாம்பரம்,அண்ணா சாலையில் உள்ள பெரும் பள்ளத்தால் போக்குவரத்து நெரிசல் மற்றும் விபத்துக்கள் ஏற்படுகிறது. (மண்டலம்: தாம்பரம்)
TN-NLP-5966,அண்ணா நகர் 2வது அவென்யூவில் குடிநீர் குழாய் உடைந்து குடிநீர் வீணாகி வருகிறது. (மண்டலம்: சென்னை வடக்கு),water,Water Supply Contamination / Burst,ta,சென்னை வடக்கு,அண்ணா நகர் 2வது அவென்யூவில் குடிநீர் குழாய் உடைந்து குடிநீர் வீணாகி வருகிறது. (மண்டலம்: சென்னை வடக்கு)
TN-NLP-6659,சிந்தாதிரிப்பேட்டை கூவம் நதி பாலத்தின் சிமெண்ட் கைப்பிடி சுவர் உடைந்து அபாயகரமாக உள்ளது. (மண்டலம்: சென்னை மத்திய மண்டலம்),infrastructure,Public Infrastructure Damage,ta,சென்னை மத்திய மண்டலம்,சிந்தாதிரிப்பேட்டை கூவம் நதி பாலத்தின் சிமெண்ட் கைப்பிடி சுவர் உடைந்து அபாயகரமாக உள்ளது. (மண்டலம்: சென்னை மத்திய மண்டலம்)
TN-NLP-5051,தி. நகர் உஸ்மான் சாலை சந்திப்பில் தார் தளம் அடித்துச் செல்லப்பட்டு பெரிய குழி உருவாகியுள்ளது. (மண்டலம்: ஆவடி),roads,Road Damage & Potholes,ta,ஆவடி,தி. நகர் உஸ்மான் சாலை சந்திப்பில் தார் தளம் அடித்துச் செல்லப்பட்டு பெரிய குழி உருவாகியுள்ளது. (மண்டலம்: ஆவடி)
TN-NLP-6925,தி. நகரில் நள்ளிரவிலும் அதிக சத்தத்துடன் ஒலிபெருக்கி பயன்படுத்துவதால் ஒலி மாசுபாடு ஏற்படுகிறது. (மண்டலம்: சென்னை தெற்கு),other,Other / General Municipal Operations,ta,சென்னை தெற்கு,தி. நகரில் நள்ளிரவிலும் அதிக சத்தத்துடன் ஒலிபெருக்கி பயன்படுத்துவதால் ஒலி மாசுபாடு ஏற்படுகிறது. (மண்டலம்: சென்னை தெற்கு)
TN-NLP-5969,பெசன்ட் நகரில் விநியோகிக்கப்படும் குடிநீரில் துர்நாற்றமும் கலங்கலான நிறமும் உள்ளது. (மண்டலம்: தாம்பரம்),water,Water Supply Contamination / Burst,ta,தாம்பரம்,பெசன்ட் நகரில் விநியோகிக்கப்படும் குடிநீரில் துர்நாற்றமும் கலங்கலான நிறமும் உள்ளது. (மண்டலம்: தாம்பரம்)
TN-NLP-5884,கோயம்பேடு சந்தை சாலையில் குப்பைத் தொட்டிகள் நிரம்பி வழிந்து சுகாதாரக் கேடு விளைவிக்கிறது. (மண்டலம்: ஆவடி),garbage,Garbage & Waste Disposal,ta,ஆவடி,கோயம்பேடு சந்தை சாலையில் குப்பைத் தொட்டிகள் நிரம்பி வழிந்து சுகாதாரக் கேடு விளைவிக்கிறது. (மண்டலம்: ஆவடி)
TN-NLP-5865,நுங்கம்பாக்கம் பஸ் நிறுத்தம் அருகில் குப்பைகள் அகற்றப்படாமல் 4 நாட்களாக தேங்கியுள்ளது. (மண்டலம்: தாம்பரம்),garbage,Garbage & Waste Disposal,ta,தாம்பரம்,நுங்கம்பாக்கம் பஸ் நிறுத்தம் அருகில் குப்பைகள் அகற்றப்படாமல் 4 நாட்களாக தேங்கியுள்ளது. (மண்டலம்: தாம்பரம்)
TN-NLP-6749,கோயம்பேடு மேம்பாலம் அருகில் உள்ள நகராட்சி பேருந்து நிழற்கூரை சேதமடைந்துள்ளது. (மண்டலம்: சென்னை தெற்கு),infrastructure,Public Infrastructure Damage,ta,சென்னை தெற்கு,கோயம்பேடு மேம்பாலம் அருகில் உள்ள நகராட்சி பேருந்து நிழற்கூரை சேதமடைந்துள்ளது. (மண்டலம்: சென்னை தெற்கு)
TN-NLP-5696,திருவான்மியூர் கடற்கரை சாலையில் கட்டுமானக் கழிவுகள் சட்டவிரோதமாகக் கொட்டப்பட்டுள்ளன. (மண்டலம்: சென்னை தெற்கு),garbage,Garbage & Waste Disposal,ta,சென்னை தெற்கு,திருவான்மியூர் கடற்கரை சாலையில் கட்டுமானக் கழிவுகள் சட்டவிரோதமாகக் கொட்டப்பட்டுள்ளன. (மண்டலம்: சென்னை தெற்கு)
TN-NLP-6977,வேளச்சேரி குடியிருப்பு பகுதியில் தெருநாய்களின் தொல்லை அதிகரித்து பொதுமக்கள் அச்சமடைந்துள்ளனர். (மண்டலம்: சென்னை தெற்கு),other,Other / General Municipal Operations,ta,சென்னை தெற்கு,வேளச்சேரி குடியிருப்பு பகுதியில் தெருநாய்களின் தொல்லை அதிகரித்து பொதுமக்கள் அச்சமடைந்துள்ளனர். (மண்டலம்: சென்னை தெற்கு)
TN-NLP-6209,பெருங்குடி ஓஎம்ஆர் சாலையில் மின்கம்பத்தில் இருந்து ஆபத்தான முறையில் மின்வயர் தொங்குகிறது. (மண்டலம்: சென்னை தெற்கு),streetlights,Streetlights & Electrical Hazards,ta,சென்னை தெற்கு,பெருங்குடி ஓஎம்ஆர் சாலையில் மின்கம்பத்தில் இருந்து ஆபத்தான முறையில் மின்வயர் தொங்குகிறது. (மண்டலம்: சென்னை தெற்கு)
TN-NLP-6733,சிந்தாதிரிப்பேட்டை கூவம் நதி பாலத்தின் சிமெண்ட் கைப்பிடி சுவர் உடைந்து அபாயகரமாக உள்ளது. (மண்டலம்: ஆவடி),infrastructure,Public Infrastructure Damage,ta,ஆவடி,சிந்தாதிரிப்பேட்டை கூவம் நதி பாலத்தின் சிமெண்ட் கைப்பிடி சுவர் உடைந்து அபாயகரமாக உள்ளது. (மண்டலம்: ஆவடி)
TN-NLP-6617,கோயம்பேடு மேம்பாலம் அருகில் உள்ள நகராட்சி பேருந்து நிழற்கூரை சேதமடைந்துள்ளது. (மண்டலம்: தாம்பரம்),infrastructure,Public Infrastructure Damage,ta,தாம்பரம்,கோயம்பேடு மேம்பாலம் அருகில் உள்ள நகராட்சி பேருந்து நிழற்கூரை சேதமடைந்துள்ளது. (மண்டலம்: தாம்பரம்)
TN-NLP-6193,பெசன்ட் நகரில் விநியோகிக்கப்படும் குடிநீரில் துர்நாற்றமும் கலங்கலான நிறமும் உள்ளது. (மண்டலம்: சென்னை தெற்கு),water,Water Supply Contamination / Burst,ta,சென்னை தெற்கு,பெசன்ட் நகரில் விநியோகிக்கப்படும் குடிநீரில் துர்நாற்றமும் கலங்கலான நிறமும் உள்ளது. (மண்டலம்: சென்னை தெற்கு)
TN-NLP-6358,பெருங்குடி ஓஎம்ஆர் சாலையில் மின்கம்பத்தில் இருந்து ஆபத்தான முறையில் மின்வயர் தொங்குகிறது. (மண்டலம்: சென்னை தெற்கு),streetlights,Streetlights & Electrical Hazards,ta,சென்னை தெற்கு,பெருங்குடி ஓஎம்ஆர் சாலையில் மின்கம்பத்தில் இருந்து ஆபத்தான முறையில் மின்வயர் தொங்குகிறது. (மண்டலம்: சென்னை தெற்கு)
TN-NLP-6320,பெருங்குடி ஓஎம்ஆர் சாலையில் மின்கம்பத்தில் இருந்து ஆபத்தான முறையில் மின்வயர் தொங்குகிறது. (மண்டலம்: சென்னை வடக்கு),streetlights,Streetlights & Electrical Hazards,ta,சென்னை வடக்கு,பெருங்குடி ஓஎம்ஆர் சாலையில் மின்கம்பத்தில் இருந்து ஆபத்தான முறையில் மின்வயர் தொங்குகிறது. (மண்டலம்: சென்னை வடக்கு)
TN-NLP-6641,கோயம்பேடு மேம்பாலம் அருகில் உள்ள நகராட்சி பேருந்து நிழற்கூரை சேதமடைந்துள்ளது. (மண்டலம்: தாம்பரம்),infrastructure,Public Infrastructure Damage,ta,தாம்பரம்,கோயம்பேடு மேம்பாலம் அருகில் உள்ள நகராட்சி பேருந்து நிழற்கூரை சேதமடைந்துள்ளது. (மண்டலம்: தாம்பரம்)
TN-NLP-5811,நுங்கம்பாக்கம் பஸ் நிறுத்தம் அருகில் குப்பைகள் அகற்றப்படாமல் 4 நாட்களாக தேங்கியுள்ளது. (மண்டலம்: சென்னை தெற்கு),garbage,Garbage & Waste Disposal,ta,சென்னை தெற்கு,நுங்கம்பாக்கம் பஸ் நிறுத்தம் அருகில் குப்பைகள் அகற்றப்படாமல் 4 நாட்களாக தேங்கியுள்ளது. (மண்டலம்: சென்னை தெற்கு)
TN-NLP-5995,திருவல்லிக்கேணி தெருவில் கடந்த 48 மணி நேரமாக குடிநீர் விநியோகம் முற்றிலும் நிறுத்தப்பட்டுள்ளது. (மண்டலம்: சென்னை வடக்கு),water,Water Supply Contamination / Burst,ta,சென்னை வடக்கு,திருவல்லிக்கேணி தெருவில் கடந்த 48 மணி நேரமாக குடிநீர் விநியோகம் முற்றிலும் நிறுத்தப்பட்டுள்ளது. (மண்டலம்: சென்னை வடக்கு)
TN-NLP-6180,அண்ணா நகர் 2வது அவென்யூவில் குடிநீர் குழாய் உடைந்து குடிநீர் வீணாகி வருகிறது. (மண்டலம்: சென்னை தெற்கு),water,Water Supply Contamination / Burst,ta,சென்னை தெற்கு,அண்ணா நகர் 2வது அவென்யூவில் குடிநீர் குழாய் உடைந்து குடிநீர் வீணாகி வருகிறது. (மண்டலம்: சென்னை தெற்கு)
TN-NLP-5067,வேளச்சேரி மெயின் ரோட்டில் மழைநீரால் சாலை முற்றிலும் சேதமடைந்து இருசக்கர வாகன ஓட்டிகளுக்கு பேராபத்தை ஏற்படுத்துகிறது. (மண்டலம்: சென்னை தெற்கு),roads,Road Damage & Potholes,ta,சென்னை தெற்கு,வேளச்சேரி மெயின் ரோட்டில் மழைநீரால் சாலை முற்றிலும் சேதமடைந்து இருசக்கர வாகன ஓட்டிகளுக்கு பேராபத்தை ஏற்படுத்துகிறது. (மண்டலம்: சென்னை தெற்கு)
TN-NLP-6428,பெருங்குடி ஓஎம்ஆர் சாலையில் மின்கம்பத்தில் இருந்து ஆபத்தான முறையில் மின்வயர் தொங்குகிறது. (மண்டலம்: சென்னை வடக்கு),streetlights,Streetlights & Electrical Hazards,ta,சென்னை வடக்கு,பெருங்குடி ஓஎம்ஆர் சாலையில் மின்கம்பத்தில் இருந்து ஆபத்தான முறையில் மின்வயர் தொங்குகிறது. (மண்டலம்: சென்னை வடக்கு)
TN-NLP-5322,அசோக் நகர் 4வது அவென்யூவில் மழைநீர் வடிகால் அடைப்பால் வீடுகளுக்குள் தண்ணீர் புகுந்துள்ளது. (மண்டலம்: சென்னை தெற்கு),drainage,Drainage & Sewage Overflow,ta,சென்னை தெற்கு,அசோக் நகர் 4வது அவென்யூவில் மழைநீர் வடிகால் அடைப்பால் வீடுகளுக்குள் தண்ணீர் புகுந்துள்ளது. (மண்டலம்: சென்னை தெற்கு)
TN-NLP-5284,பெருங்குடியில் கடந்த 3 மாதங்களாக சாலைப் பணி அரைகுறையாக விடப்பட்டு பலத்த தூசு மாசுபாடு ஏற்படுகிறது. (மண்டலம்: சென்னை வடக்கு),roads,Road Damage & Potholes,ta,சென்னை வடக்கு,பெருங்குடியில் கடந்த 3 மாதங்களாக சாலைப் பணி அரைகுறையாக விடப்பட்டு பலத்த தூசு மாசுபாடு ஏற்படுகிறது. (மண்டலம்: சென்னை வடக்கு)
TN-NLP-6585,சிந்தாதிரிப்பேட்டை கூவம் நதி பாலத்தின் சிமெண்ட் கைப்பிடி சுவர் உடைந்து அபாயகரமாக உள்ளது. (மண்டலம்: சென்னை தெற்கு),infrastructure,Public Infrastructure Damage,ta,சென்னை தெற்கு,சிந்தாதிரிப்பேட்டை கூவம் நதி பாலத்தின் சிமெண்ட் கைப்பிடி சுவர் உடைந்து அபாயகரமாக உள்ளது. (மண்டலம்: சென்னை தெற்கு)
TN-NLP-5096,அண்ணா சாலையில் உள்ள பெரும் பள்ளத்தால் போக்குவரத்து நெரிசல் மற்றும் விபத்துக்கள் ஏற்படுகிறது. (மண்டலம்: சென்னை மத்திய மண்டலம்),roads,Road Damage & Potholes,ta,சென்னை மத்திய மண்டலம்,அண்ணா சாலையில் உள்ள பெரும் பள்ளத்தால் போக்குவரத்து நெரிசல் மற்றும் விபத்துக்கள் ஏற்படுகிறது. (மண்டலம்: சென்னை மத்திய மண்டலம்)
TN-NLP-5866,திருவான்மியூர் கடற்கரை சாலையில் கட்டுமானக் கழிவுகள் சட்டவிரோதமாகக் கொட்டப்பட்டுள்ளன. (மண்டலம்: ஆவடி),garbage,Garbage & Waste Disposal,ta,ஆவடி,திருவான்மியூர் கடற்கரை சாலையில் கட்டுமானக் கழிவுகள் சட்டவிரோதமாகக் கொட்டப்பட்டுள்ளன. (மண்டலம்: ஆவடி)
TN-NLP-5074,வேளச்சேரி மெயின் ரோட்டில் மழைநீரால் சாலை முற்றிலும் சேதமடைந்து இருசக்கர வாகன ஓட்டிகளுக்கு பேராபத்தை ஏற்படுத்துகிறது. (மண்டலம்: தாம்பரம்),roads,Road Damage & Potholes,ta,தாம்பரம்,வேளச்சேரி மெயின் ரோட்டில் மழைநீரால் சாலை முற்றிலும் சேதமடைந்து இருசக்கர வாகன ஓட்டிகளுக்கு பேராபத்தை ஏற்படுத்துகிறது. (மண்டலம்: தாம்பரம்)
TN-NLP-5079,அண்ணா சாலையில் உள்ள பெரும் பள்ளத்தால் போக்குவரத்து நெரிசல் மற்றும் விபத்துக்கள் ஏற்படுகிறது. (மண்டலம்: தாம்பரம்),roads,Road Damage & Potholes,ta,தாம்பரம்,அண்ணா சாலையில் உள்ள பெரும் பள்ளத்தால் போக்குவரத்து நெரிசல் மற்றும் விபத்துக்கள் ஏற்படுகிறது. (மண்டலம்: தாம்பரம்)
TN-NLP-6646,கோயம்பேடு மேம்பாலம் அருகில் உள்ள நகராட்சி பேருந்து நிழற்கூரை சேதமடைந்துள்ளது. (மண்டலம்: சென்னை வடக்கு),infrastructure,Public Infrastructure Damage,ta,சென்னை வடக்கு,கோயம்பேடு மேம்பாலம் அருகில் உள்ள நகராட்சி பேருந்து நிழற்கூரை சேதமடைந்துள்ளது. (மண்டலம்: சென்னை வடக்கு)
TN-NLP-6136,திருவல்லிக்கேணி தெருவில் கடந்த 48 மணி நேரமாக குடிநீர் விநியோகம் முற்றிலும் நிறுத்தப்பட்டுள்ளது. (மண்டலம்: தாம்பரம்),water,Water Supply Contamination / Burst,ta,தாம்பரம்,திருவல்லிக்கேணி தெருவில் கடந்த 48 மணி நேரமாக குடிநீர் விநியோகம் முற்றிலும் நிறுத்தப்பட்டுள்ளது. (மண்டலம்: தாம்பரம்)
TN-NLP-6486,பெருங்குடி ஓஎம்ஆர் சாலையில் மின்கம்பத்தில் இருந்து ஆபத்தான முறையில் மின்வயர் தொங்குகிறது. (மண்டலம்: ஆவடி),streetlights,Streetlights & Electrical Hazards,ta,ஆவடி,பெருங்குடி ஓஎம்ஆர் சாலையில் மின்கம்பத்தில் இருந்து ஆபத்தான முறையில் மின்வயர் தொங்குகிறது. (மண்டலம்: ஆவடி)
TN-NLP-5414,ராயப்பேட்டையில் திறந்தவெளி கழிவுநீர் கால்வாயில் இருந்து சாக்கடை நீர் சாலையில் வழிகிறது. (மண்டலம்: தாம்பரம்),drainage,Drainage & Sewage Overflow,ta,தாம்பரம்,ராயப்பேட்டையில் திறந்தவெளி கழிவுநீர் கால்வாயில் இருந்து சாக்கடை நீர் சாலையில் வழிகிறது. (மண்டலம்: தாம்பரம்)
TN-NLP-5906,திருவல்லிக்கேணி தெருவில் கடந்த 48 மணி நேரமாக குடிநீர் விநியோகம் முற்றிலும் நிறுத்தப்பட்டுள்ளது. (மண்டலம்: ஆவடி),water,Water Supply Contamination / Burst,ta,ஆவடி,திருவல்லிக்கேணி தெருவில் கடந்த 48 மணி நேரமாக குடிநீர் விநியோகம் முற்றிலும் நிறுத்தப்பட்டுள்ளது. (மண்டலம்: ஆவடி)
TN-NLP-5909,திருவல்லிக்கேணி தெருவில் கடந்த 48 மணி நேரமாக குடிநீர் விநியோகம் முற்றிலும் நிறுத்தப்பட்டுள்ளது. (மண்டலம்: ஆவடி),water,Water Supply Contamination / Burst,ta,ஆவடி,திருவல்லிக்கேணி தெருவில் கடந்த 48 மணி நேரமாக குடிநீர் விநியோகம் முற்றிலும் நிறுத்தப்பட்டுள்ளது. (மண்டலம்: ஆவடி)
TN-NLP-6285,பெருங்குடி ஓஎம்ஆர் சாலையில் மின்கம்பத்தில் இருந்து ஆபத்தான முறையில் மின்வயர் தொங்குகிறது. (மண்டலம்: ஆவடி),streetlights,Streetlights & Electrical Hazards,ta,ஆவடி,பெருங்குடி ஓஎம்ஆர் சாலையில் மின்கம்பத்தில் இருந்து ஆபத்தான முறையில் மின்வயர் தொங்குகிறது. (மண்டலம்: ஆவடி)
TN-NLP-7033,வேளச்சேரி குடியிருப்பு பகுதியில் தெருநாய்களின் தொல்லை அதிகரித்து பொதுமக்கள் அச்சமடைந்துள்ளனர். (மண்டலம்: சென்னை தெற்கு),other,Other / General Municipal Operations,ta,சென்னை தெற்கு,வேளச்சேரி குடியிருப்பு பகுதியில் தெருநாய்களின் தொல்லை அதிகரித்து பொதுமக்கள் அச்சமடைந்துள்ளனர். (மண்டலம்: சென்னை தெற்கு)
TN-NLP-6085,பெசன்ட் நகரில் விநியோகிக்கப்படும் குடிநீரில் துர்நாற்றமும் கலங்கலான நிறமும் உள்ளது. (மண்டலம்: சென்னை மத்திய மண்டலம்),water,Water Supply Contamination / Burst,ta,சென்னை மத்திய மண்டலம்,பெசன்ட் நகரில் விநியோகிக்கப்படும் குடிநீரில் துர்நாற்றமும் கலங்கலான நிறமும் உள்ளது. (மண்டலம்: சென்னை மத்திய மண்டலம்)
TN-NLP-6259,பெருங்குடி ஓஎம்ஆர் சாலையில் மின்கம்பத்தில் இருந்து ஆபத்தான முறையில் மின்வயர் தொங்குகிறது. (மண்டலம்: சென்னை தெற்கு),streetlights,Streetlights & Electrical Hazards,ta,சென்னை தெற்கு,பெருங்குடி ஓஎம்ஆர் சாலையில் மின்கம்பத்தில் இருந்து ஆபத்தான முறையில் மின்வயர் தொங்குகிறது. (மண்டலம்: சென்னை தெற்கு)
TN-NLP-5986,அண்ணா நகர் 2வது அவென்யூவில் குடிநீர் குழாய் உடைந்து குடிநீர் வீணாகி வருகிறது. (மண்டலம்: தாம்பரம்),water,Water Supply Contamination / Burst,ta,தாம்பரம்,அண்ணா நகர் 2வது அவென்யூவில் குடிநீர் குழாய் உடைந்து குடிநீர் வீணாகி வருகிறது. (மண்டலம்: தாம்பரம்)
TN-NLP-6026,பெசன்ட் நகரில் விநியோகிக்கப்படும் குடிநீரில் துர்நாற்றமும் கலங்கலான நிறமும் உள்ளது. (மண்டலம்: ஆவடி),water,Water Supply Contamination / Burst,ta,ஆவடி,பெசன்ட் நகரில் விநியோகிக்கப்படும் குடிநீரில் துர்நாற்றமும் கலங்கலான நிறமும் உள்ளது. (மண்டலம்: ஆவடி)
TN-NLP-5785,திருவான்மியூர் கடற்கரை சாலையில் கட்டுமானக் கழிவுகள் சட்டவிரோதமாகக் கொட்டப்பட்டுள்ளன. (மண்டலம்: சென்னை தெற்கு),garbage,Garbage & Waste Disposal,ta,சென்னை தெற்கு,திருவான்மியூர் கடற்கரை சாலையில் கட்டுமானக் கழிவுகள் சட்டவிரோதமாகக் கொட்டப்பட்டுள்ளன. (மண்டலம்: சென்னை தெற்கு)
TN-NLP-5029,பெருங்குடியில் கடந்த 3 மாதங்களாக சாலைப் பணி அரைகுறையாக விடப்பட்டு பலத்த தூசு மாசுபாடு ஏற்படுகிறது. (மண்டலம்: சென்னை தெற்கு),roads,Road Damage & Potholes,ta,சென்னை தெற்கு,பெருங்குடியில் கடந்த 3 மாதங்களாக சாலைப் பணி அரைகுறையாக விடப்பட்டு பலத்த தூசு மாசுபாடு ஏற்படுகிறது. (மண்டலம்: சென்னை தெற்கு)
TN-NLP-5823,திருவான்மியூர் கடற்கரை சாலையில் கட்டுமானக் கழிவுகள் சட்டவிரோதமாகக் கொட்டப்பட்டுள்ளன. (மண்டலம்: சென்னை வடக்கு),garbage,Garbage & Waste Disposal,ta,சென்னை வடக்கு,திருவான்மியூர் கடற்கரை சாலையில் கட்டுமானக் கழிவுகள் சட்டவிரோதமாகக் கொட்டப்பட்டுள்ளன. (மண்டலம்: சென்னை வடக்கு)
TN-NLP-6532,சிந்தாதிரிப்பேட்டை கூவம் நதி பாலத்தின் சிமெண்ட் கைப்பிடி சுவர் உடைந்து அபாயகரமாக உள்ளது. (மண்டலம்: சென்னை வடக்கு),infrastructure,Public Infrastructure Damage,ta,சென்னை வடக்கு,சிந்தாதிரிப்பேட்டை கூவம் நதி பாலத்தின் சிமெண்ட் கைப்பிடி சுவர் உடைந்து அபாயகரமாக உள்ளது. (மண்டலம்: சென்னை வடக்கு)
TN-NLP-5452,அசோக் நகர் 4வது அவென்யூவில் மழைநீர் வடிகால் அடைப்பால் வீடுகளுக்குள் தண்ணீர் புகுந்துள்ளது. (மண்டலம்: சென்னை தெற்கு),drainage,Drainage & Sewage Overflow,ta,சென்னை தெற்கு,அசோக் நகர் 4வது அவென்யூவில் மழைநீர் வடிகால் அடைப்பால் வீடுகளுக்குள் தண்ணீர் புகுந்துள்ளது. (மண்டலம்: சென்னை தெற்கு)
TN-NLP-5496,கோடம்பாக்கம் தெருவில் கழிவுநீர் குழாய் உடைந்து துர்நாற்றம் வீசுவதுடன் சுகாதார சீர்கேடு ஏற்பட்டுள்ளது. (மண்டலம்: சென்னை தெற்கு),drainage,Drainage & Sewage Overflow,ta,சென்னை தெற்கு,கோடம்பாக்கம் தெருவில் கழிவுநீர் குழாய் உடைந்து துர்நாற்றம் வீசுவதுடன் சுகாதார சீர்கேடு ஏற்பட்டுள்ளது. (மண்டலம்: சென்னை தெற்கு)
TN-NLP-5669,கோயம்பேடு சந்தை சாலையில் குப்பைத் தொட்டிகள் நிரம்பி வழிந்து சுகாதாரக் கேடு விளைவிக்கிறது. (மண்டலம்: ஆவடி),garbage,Garbage & Waste Disposal,ta,ஆவடி,கோயம்பேடு சந்தை சாலையில் குப்பைத் தொட்டிகள் நிரம்பி வழிந்து சுகாதாரக் கேடு விளைவிக்கிறது. (மண்டலம்: ஆவடி)
TN-NLP-6996,வேளச்சேரி குடியிருப்பு பகுதியில் தெருநாய்களின் தொல்லை அதிகரித்து பொதுமக்கள் அச்சமடைந்துள்ளனர். (மண்டலம்: சென்னை வடக்கு),other,Other / General Municipal Operations,ta,சென்னை வடக்கு,வேளச்சேரி குடியிருப்பு பகுதியில் தெருநாய்களின் தொல்லை அதிகரித்து பொதுமக்கள் அச்சமடைந்துள்ளனர். (மண்டலம்: சென்னை வடக்கு)
TN-NLP-5232,அண்ணா சாலையில் உள்ள பெரும் பள்ளத்தால் போக்குவரத்து நெரிசல் மற்றும் விபத்துக்கள் ஏற்படுகிறது. (மண்டலம்: சென்னை வடக்கு),roads,Road Damage & Potholes,ta,சென்னை வடக்கு,அண்ணா சாலையில் உள்ள பெரும் பள்ளத்தால் போக்குவரத்து நெரிசல் மற்றும் விபத்துக்கள் ஏற்படுகிறது. (மண்டலம்: சென்னை வடக்கு)
TN-NLP-5998,அண்ணா நகர் 2வது அவென்யூவில் குடிநீர் குழாய் உடைந்து குடிநீர் வீணாகி வருகிறது. (மண்டலம்: சென்னை தெற்கு),water,Water Supply Contamination / Burst,ta,சென்னை தெற்கு,அண்ணா நகர் 2வது அவென்யூவில் குடிநீர் குழாய் உடைந்து குடிநீர் வீணாகி வருகிறது. (மண்டலம்: சென்னை தெற்கு)
TN-NLP-5826,திருவான்மியூர் கடற்கரை சாலையில் கட்டுமானக் கழிவுகள் சட்டவிரோதமாகக் கொட்டப்பட்டுள்ளன. (மண்டலம்: சென்னை வடக்கு),garbage,Garbage & Waste Disposal,ta,சென்னை வடக்கு,திருவான்மியூர் கடற்கரை சாலையில் கட்டுமானக் கழிவுகள் சட்டவிரோதமாகக் கொட்டப்பட்டுள்ளன. (மண்டலம்: சென்னை வடக்கு)
TN-NLP-5114,பெருங்குடியில் கடந்த 3 மாதங்களாக சாலைப் பணி அரைகுறையாக விடப்பட்டு பலத்த தூசு மாசுபாடு ஏற்படுகிறது. (மண்டலம்: சென்னை தெற்கு),roads,Road Damage & Potholes,ta,சென்னை தெற்கு,பெருங்குடியில் கடந்த 3 மாதங்களாக சாலைப் பணி அரைகுறையாக விடப்பட்டு பலத்த தூசு மாசுபாடு ஏற்படுகிறது. (மண்டலம்: சென்னை தெற்கு)
TN-NLP-5595,கோடம்பாக்கம் தெருவில் கழிவுநீர் குழாய் உடைந்து துர்நாற்றம் வீசுவதுடன் சுகாதார சீர்கேடு ஏற்பட்டுள்ளது. (மண்டலம்: சென்னை தெற்கு),drainage,Drainage & Sewage Overflow,ta,சென்னை தெற்கு,கோடம்பாக்கம் தெருவில் கழிவுநீர் குழாய் உடைந்து துர்நாற்றம் வீசுவதுடன் சுகாதார சீர்கேடு ஏற்பட்டுள்ளது. (மண்டலம்: சென்னை தெற்கு)
TN-NLP-6257,ஜிஎஸ்டி சாலையில் பல தெருவிளக்குகள் எரியாமல் இருள் சூழ்ந்து விபத்து அபாயம் நிலவுகிறது. (மண்டலம்: சென்னை மத்திய மண்டலம்),streetlights,Streetlights & Electrical Hazards,ta,சென்னை மத்திய மண்டலம்,ஜிஎஸ்டி சாலையில் பல தெருவிளக்குகள் எரியாமல் இருள் சூழ்ந்து விபத்து அபாயம் நிலவுகிறது. (மண்டலம்: சென்னை மத்திய மண்டலம்)
TN-NLP-7019,தி. நகரில் நள்ளிரவிலும் அதிக சத்தத்துடன் ஒலிபெருக்கி பயன்படுத்துவதால் ஒலி மாசுபாடு ஏற்படுகிறது. (மண்டலம்: சென்னை தெற்கு),other,Other / General Municipal Operations,ta,சென்னை தெற்கு,தி. நகரில் நள்ளிரவிலும் அதிக சத்தத்துடன் ஒலிபெருக்கி பயன்படுத்துவதால் ஒலி மாசுபாடு ஏற்படுகிறது. (மண்டலம்: சென்னை தெற்கு)
TN-NLP-6878,வேளச்சேரி குடியிருப்பு பகுதியில் தெருநாய்களின் தொல்லை அதிகரித்து பொதுமக்கள் அச்சமடைந்துள்ளனர். (மண்டலம்: சென்னை வடக்கு),other,Other / General Municipal Operations,ta,சென்னை வடக்கு,வேளச்சேரி குடியிருப்பு பகுதியில் தெருநாய்களின் தொல்லை அதிகரித்து பொதுமக்கள் அச்சமடைந்துள்ளனர். (மண்டலம்: சென்னை வடக்கு)
TN-NLP-6805,வேளச்சேரி குடியிருப்பு பகுதியில் தெருநாய்களின் தொல்லை அதிகரித்து பொதுமக்கள் அச்சமடைந்துள்ளனர். (மண்டலம்: ஆவடி),other,Other / General Municipal Operations,ta,ஆவடி,வேளச்சேரி குடியிருப்பு பகுதியில் தெருநாய்களின் தொல்லை அதிகரித்து பொதுமக்கள் அச்சமடைந்துள்ளனர். (மண்டலம்: ஆவடி)
TN-NLP-6868,தி. நகரில் நள்ளிரவிலும் அதிக சத்தத்துடன் ஒலிபெருக்கி பயன்படுத்துவதால் ஒலி மாசுபாடு ஏற்படுகிறது. (மண்டலம்: சென்னை தெற்கு),other,Other / General Municipal Operations,ta,சென்னை தெற்கு,தி. நகரில் நள்ளிரவிலும் அதிக சத்தத்துடன் ஒலிபெருக்கி பயன்படுத்துவதால் ஒலி மாசுபாடு ஏற்படுகிறது. (மண்டலம்: சென்னை தெற்கு)
TN-NLP-6304,பெருங்குடி ஓஎம்ஆர் சாலையில் மின்கம்பத்தில் இருந்து ஆபத்தான முறையில் மின்வயர் தொங்குகிறது. (மண்டலம்: சென்னை தெற்கு),streetlights,Streetlights & Electrical Hazards,ta,சென்னை தெற்கு,பெருங்குடி ஓஎம்ஆர் சாலையில் மின்கம்பத்தில் இருந்து ஆபத்தான முறையில் மின்வயர் தொங்குகிறது. (மண்டலம்: சென்னை தெற்கு)
TN-NLP-6662,கோயம்பேடு மேம்பாலம் அருகில் உள்ள நகராட்சி பேருந்து நிழற்கூரை சேதமடைந்துள்ளது. (மண்டலம்: சென்னை தெற்கு),infrastructure,Public Infrastructure Damage,ta,சென்னை தெற்கு,கோயம்பேடு மேம்பாலம் அருகில் உள்ள நகராட்சி பேருந்து நிழற்கூரை சேதமடைந்துள்ளது. (மண்டலம்: சென்னை தெற்கு)
TN-NLP-7068,தி. நகரில் நள்ளிரவிலும் அதிக சத்தத்துடன் ஒலிபெருக்கி பயன்படுத்துவதால் ஒலி மாசுபாடு ஏற்படுகிறது. (மண்டலம்: ஆவடி),other,Other / General Municipal Operations,ta,ஆவடி,தி. நகரில் நள்ளிரவிலும் அதிக சத்தத்துடன் ஒலிபெருக்கி பயன்படுத்துவதால் ஒலி மாசுபாடு ஏற்படுகிறது. (மண்டலம்: ஆவடி)
TN-NLP-5834,நுங்கம்பாக்கம் பஸ் நிறுத்தம் அருகில் குப்பைகள் அகற்றப்படாமல் 4 நாட்களாக தேங்கியுள்ளது. (மண்டலம்: தாம்பரம்),garbage,Garbage & Waste Disposal,ta,தாம்பரம்,நுங்கம்பாக்கம் பஸ் நிறுத்தம் அருகில் குப்பைகள் அகற்றப்படாமல் 4 நாட்களாக தேங்கியுள்ளது. (மண்டலம்: தாம்பரம்)
TN-NLP-5342,ராயப்பேட்டையில் திறந்தவெளி கழிவுநீர் கால்வாயில் இருந்து சாக்கடை நீர் சாலையில் வழிகிறது. (மண்டலம்: தாம்பரம்),drainage,Drainage & Sewage Overflow,ta,தாம்பரம்,ராயப்பேட்டையில் திறந்தவெளி கழிவுநீர் கால்வாயில் இருந்து சாக்கடை நீர் சாலையில் வழிகிறது. (மண்டலம்: தாம்பரம்)
TN-NLP-5638,கோயம்பேடு சந்தை சாலையில் குப்பைத் தொட்டிகள் நிரம்பி வழிந்து சுகாதாரக் கேடு விளைவிக்கிறது. (மண்டலம்: தாம்பரம்),garbage,Garbage & Waste Disposal,ta,தாம்பரம்,கோயம்பேடு சந்தை சாலையில் குப்பைத் தொட்டிகள் நிரம்பி வழிந்து சுகாதாரக் கேடு விளைவிக்கிறது. (மண்டலம்: தாம்பரம்)
TN-NLP-6723,சிந்தாதிரிப்பேட்டை கூவம் நதி பாலத்தின் சிமெண்ட் கைப்பிடி சுவர் உடைந்து அபாயகரமாக உள்ளது. (மண்டலம்: தாம்பரம்),infrastructure,Public Infrastructure Damage,ta,தாம்பரம்,சிந்தாதிரிப்பேட்டை கூவம் நதி பாலத்தின் சிமெண்ட் கைப்பிடி சுவர் உடைந்து அபாயகரமாக உள்ளது. (மண்டலம்: தாம்பரம்)
TN-NLP-5529,அசோக் நகர் 4வது அவென்யூவில் மழைநீர் வடிகால் அடைப்பால் வீடுகளுக்குள் தண்ணீர் புகுந்துள்ளது. (மண்டலம்: சென்னை மத்திய மண்டலம்),drainage,Drainage & Sewage Overflow,ta,சென்னை மத்திய மண்டலம்,அசோக் நகர் 4வது அவென்யூவில் மழைநீர் வடிகால் அடைப்பால் வீடுகளுக்குள் தண்ணீர் புகுந்துள்ளது. (மண்டலம்: சென்னை மத்திய மண்டலம்)
TN-NLP-5440,ராயப்பேட்டையில் திறந்தவெளி கழிவுநீர் கால்வாயில் இருந்து சாக்கடை நீர் சாலையில் வழிகிறது. (மண்டலம்: சென்னை தெற்கு),drainage,Drainage & Sewage Overflow,ta,சென்னை தெற்கு,ராயப்பேட்டையில் திறந்தவெளி கழிவுநீர் கால்வாயில் இருந்து சாக்கடை நீர் சாலையில் வழிகிறது. (மண்டலம்: சென்னை தெற்கு)
TN-NLP-5602,கோயம்பேடு சந்தை சாலையில் குப்பைத் தொட்டிகள் நிரம்பி வழிந்து சுகாதாரக் கேடு விளைவிக்கிறது. (மண்டலம்: தாம்பரம்),garbage,Garbage & Waste Disposal,ta,தாம்பரம்,கோயம்பேடு சந்தை சாலையில் குப்பைத் தொட்டிகள் நிரம்பி வழிந்து சுகாதாரக் கேடு விளைவிக்கிறது. (மண்டலம்: தாம்பரம்)
TN-NLP-5578,அசோக் நகர் 4வது அவென்யூவில் மழைநீர் வடிகால் அடைப்பால் வீடுகளுக்குள் தண்ணீர் புகுந்துள்ளது. (மண்டலம்: சென்னை வடக்கு),drainage,Drainage & Sewage Overflow,ta,சென்னை வடக்கு,அசோக் நகர் 4வது அவென்யூவில் மழைநீர் வடிகால் அடைப்பால் வீடுகளுக்குள் தண்ணீர் புகுந்துள்ளது. (மண்டலம்: சென்னை வடக்கு)
TN-NLP-7010,வேளச்சேரி குடியிருப்பு பகுதியில் தெருநாய்களின் தொல்லை அதிகரித்து பொதுமக்கள் அச்சமடைந்துள்ளனர். (மண்டலம்: சென்னை தெற்கு),other,Other / General Municipal Operations,ta,சென்னை தெற்கு,வேளச்சேரி குடியிருப்பு பகுதியில் தெருநாய்களின் தொல்லை அதிகரித்து பொதுமக்கள் அச்சமடைந்துள்ளனர். (மண்டலம்: சென்னை தெற்கு)
TN-NLP-5609,நுங்கம்பாக்கம் பஸ் நிறுத்தம் அருகில் குப்பைகள் அகற்றப்படாமல் 4 நாட்களாக தேங்கியுள்ளது. (மண்டலம்: தாம்பரம்),garbage,Garbage & Waste Disposal,ta,தாம்பரம்,நுங்கம்பாக்கம் பஸ் நிறுத்தம் அருகில் குப்பைகள் அகற்றப்படாமல் 4 நாட்களாக தேங்கியுள்ளது. (மண்டலம்: தாம்பரம்)
TN-NLP-5355,ராயப்பேட்டையில் திறந்தவெளி கழிவுநீர் கால்வாயில் இருந்து சாக்கடை நீர் சாலையில் வழிகிறது. (மண்டலம்: சென்னை வடக்கு),drainage,Drainage & Sewage Overflow,ta,சென்னை வடக்கு,ராயப்பேட்டையில் திறந்தவெளி கழிவுநீர் கால்வாயில் இருந்து சாக்கடை நீர் சாலையில் வழிகிறது. (மண்டலம்: சென்னை வடக்கு)
TN-NLP-5025,பெருங்குடியில் கடந்த 3 மாதங்களாக சாலைப் பணி அரைகுறையாக விடப்பட்டு பலத்த தூசு மாசுபாடு ஏற்படுகிறது. (மண்டலம்: சென்னை வடக்கு),roads,Road Damage & Potholes,ta,சென்னை வடக்கு,பெருங்குடியில் கடந்த 3 மாதங்களாக சாலைப் பணி அரைகுறையாக விடப்பட்டு பலத்த தூசு மாசுபாடு ஏற்படுகிறது. (மண்டலம்: சென்னை வடக்கு)
TN-NLP-6884,தி. நகரில் நள்ளிரவிலும் அதிக சத்தத்துடன் ஒலிபெருக்கி பயன்படுத்துவதால் ஒலி மாசுபாடு ஏற்படுகிறது. (மண்டலம்: தாம்பரம்),other,Other / General Municipal Operations,ta,தாம்பரம்,தி. நகரில் நள்ளிரவிலும் அதிக சத்தத்துடன் ஒலிபெருக்கி பயன்படுத்துவதால் ஒலி மாசுபாடு ஏற்படுகிறது. (மண்டலம்: தாம்பரம்)
TN-NLP-5530,அசோக் நகர் 4வது அவென்யூவில் மழைநீர் வடிகால் அடைப்பால் வீடுகளுக்குள் தண்ணீர் புகுந்துள்ளது. (மண்டலம்: சென்னை தெற்கு),drainage,Drainage & Sewage Overflow,ta,சென்னை தெற்கு,அசோக் நகர் 4வது அவென்யூவில் மழைநீர் வடிகால் அடைப்பால் வீடுகளுக்குள் தண்ணீர் புகுந்துள்ளது. (மண்டலம்: சென்னை தெற்கு)
TN-NLP-5959,அண்ணா நகர் 2வது அவென்யூவில் குடிநீர் குழாய் உடைந்து குடிநீர் வீணாகி வருகிறது. (மண்டலம்: சென்னை தெற்கு),water,Water Supply Contamination / Burst,ta,சென்னை தெற்கு,அண்ணா நகர் 2வது அவென்யூவில் குடிநீர் குழாய் உடைந்து குடிநீர் வீணாகி வருகிறது. (மண்டலம்: சென்னை தெற்கு)
TN-NLP-5274,பெருங்குடியில் கடந்த 3 மாதங்களாக சாலைப் பணி அரைகுறையாக விடப்பட்டு பலத்த தூசு மாசுபாடு ஏற்படுகிறது. (மண்டலம்: தாம்பரம்),roads,Road Damage & Potholes,ta,தாம்பரம்,பெருங்குடியில் கடந்த 3 மாதங்களாக சாலைப் பணி அரைகுறையாக விடப்பட்டு பலத்த தூசு மாசுபாடு ஏற்படுகிறது. (மண்டலம்: தாம்பரம்)
TN-NLP-5363,அசோக் நகர் 4வது அவென்யூவில் மழைநீர் வடிகால் அடைப்பால் வீடுகளுக்குள் தண்ணீர் புகுந்துள்ளது. (மண்டலம்: தாம்பரம்),drainage,Drainage & Sewage Overflow,ta,தாம்பரம்,அசோக் நகர் 4வது அவென்யூவில் மழைநீர் வடிகால் அடைப்பால் வீடுகளுக்குள் தண்ணீர் புகுந்துள்ளது. (மண்டலம்: தாம்பரம்)
TN-NLP-5904,திருவல்லிக்கேணி தெருவில் கடந்த 48 மணி நேரமாக குடிநீர் விநியோகம் முற்றிலும் நிறுத்தப்பட்டுள்ளது. (மண்டலம்: சென்னை தெற்கு),water,Water Supply Contamination / Burst,ta,சென்னை தெற்கு,திருவல்லிக்கேணி தெருவில் கடந்த 48 மணி நேரமாக குடிநீர் விநியோகம் முற்றிலும் நிறுத்தப்பட்டுள்ளது. (மண்டலம்: சென்னை தெற்கு)
TN-NLP-6683,கோயம்பேடு மேம்பாலம் அருகில் உள்ள நகராட்சி பேருந்து நிழற்கூரை சேதமடைந்துள்ளது. (மண்டலம்: சென்னை மத்திய மண்டலம்),infrastructure,Public Infrastructure Damage,ta,சென்னை மத்திய மண்டலம்,கோயம்பேடு மேம்பாலம் அருகில் உள்ள நகராட்சி பேருந்து நிழற்கூரை சேதமடைந்துள்ளது. (மண்டலம்: சென்னை மத்திய மண்டலம்)
TN-NLP-6184,அண்ணா நகர் 2வது அவென்யூவில் குடிநீர் குழாய் உடைந்து குடிநீர் வீணாகி வருகிறது. (மண்டலம்: சென்னை மத்திய மண்டலம்),water,Water Supply Contamination / Burst,ta,சென்னை மத்திய மண்டலம்,அண்ணா நகர் 2வது அவென்யூவில் குடிநீர் குழாய் உடைந்து குடிநீர் வீணாகி வருகிறது. (மண்டலம்: சென்னை மத்திய மண்டலம்)
TN-NLP-6394,பெருங்குடி ஓஎம்ஆர் சாலையில் மின்கம்பத்தில் இருந்து ஆபத்தான முறையில் மின்வயர் தொங்குகிறது. (மண்டலம்: ஆவடி),streetlights,Streetlights & Electrical Hazards,ta,ஆவடி,பெருங்குடி ஓஎம்ஆர் சாலையில் மின்கம்பத்தில் இருந்து ஆபத்தான முறையில் மின்வயர் தொங்குகிறது. (மண்டலம்: ஆவடி)
TN-NLP-7096,தி. நகரில் நள்ளிரவிலும் அதிக சத்தத்துடன் ஒலிபெருக்கி பயன்படுத்துவதால் ஒலி மாசுபாடு ஏற்படுகிறது. (மண்டலம்: சென்னை வடக்கு),other,Other / General Municipal Operations,ta,சென்னை வடக்கு,தி. நகரில் நள்ளிரவிலும் அதிக சத்தத்துடன் ஒலிபெருக்கி பயன்படுத்துவதால் ஒலி மாசுபாடு ஏற்படுகிறது. (மண்டலம்: சென்னை வடக்கு)
TN-NLP-6968,தி. நகரில் நள்ளிரவிலும் அதிக சத்தத்துடன் ஒலிபெருக்கி பயன்படுத்துவதால் ஒலி மாசுபாடு ஏற்படுகிறது. (மண்டலம்: தாம்பரம்),other,Other / General Municipal Operations,ta,தாம்பரம்,தி. நகரில் நள்ளிரவிலும் அதிக சத்தத்துடன் ஒலிபெருக்கி பயன்படுத்துவதால் ஒலி மாசுபாடு ஏற்படுகிறது. (மண்டலம்: தாம்பரம்)
TN-NLP-6748,சிந்தாதிரிப்பேட்டை கூவம் நதி பாலத்தின் சிமெண்ட் கைப்பிடி சுவர் உடைந்து அபாயகரமாக உள்ளது. (மண்டலம்: ஆவடி),infrastructure,Public Infrastructure Damage,ta,ஆவடி,சிந்தாதிரிப்பேட்டை கூவம் நதி பாலத்தின் சிமெண்ட் கைப்பிடி சுவர் உடைந்து அபாயகரமாக உள்ளது. (மண்டலம்: ஆவடி)
TN-NLP-6772,கோயம்பேடு மேம்பாலம் அருகில் உள்ள நகராட்சி பேருந்து நிழற்கூரை சேதமடைந்துள்ளது. (மண்டலம்: தாம்பரம்),infrastructure,Public Infrastructure Damage,ta,தாம்பரம்,கோயம்பேடு மேம்பாலம் அருகில் உள்ள நகராட்சி பேருந்து நிழற்கூரை சேதமடைந்துள்ளது. (மண்டலம்: தாம்பரம்)
TN-NLP-6563,கோயம்பேடு மேம்பாலம் அருகில் உள்ள நகராட்சி பேருந்து நிழற்கூரை சேதமடைந்துள்ளது. (மண்டலம்: தாம்பரம்),infrastructure,Public Infrastructure Damage,ta,தாம்பரம்,கோயம்பேடு மேம்பாலம் அருகில் உள்ள நகராட்சி பேருந்து நிழற்கூரை சேதமடைந்துள்ளது. (மண்டலம்: தாம்பரம்)
TN-NLP-7069,தி. நகரில் நள்ளிரவிலும் அதிக சத்தத்துடன் ஒலிபெருக்கி பயன்படுத்துவதால் ஒலி மாசுபாடு ஏற்படுகிறது. (மண்டலம்: சென்னை மத்திய மண்டலம்),other,Other / General Municipal Operations,ta,சென்னை மத்திய மண்டலம்,தி. நகரில் நள்ளிரவிலும் அதிக சத்தத்துடன் ஒலிபெருக்கி பயன்படுத்துவதால் ஒலி மாசுபாடு ஏற்படுகிறது. (மண்டலம்: சென்னை மத்திய மண்டலம்)
TN-NLP-6232,ஜிஎஸ்டி சாலையில் பல தெருவிளக்குகள் எரியாமல் இருள் சூழ்ந்து விபத்து அபாயம் நிலவுகிறது. (மண்டலம்: சென்னை மத்திய மண்டலம்),streetlights,Streetlights & Electrical Hazards,ta,சென்னை மத்திய மண்டலம்,ஜிஎஸ்டி சாலையில் பல தெருவிளக்குகள் எரியாமல் இருள் சூழ்ந்து விபத்து அபாயம் நிலவுகிறது. (மண்டலம்: சென்னை மத்திய மண்டலம்)
TN-NLP-6916,தி. நகரில் நள்ளிரவிலும் அதிக சத்தத்துடன் ஒலிபெருக்கி பயன்படுத்துவதால் ஒலி மாசுபாடு ஏற்படுகிறது. (மண்டலம்: ஆவடி),other,Other / General Municipal Operations,ta,ஆவடி,தி. நகரில் நள்ளிரவிலும் அதிக சத்தத்துடன் ஒலிபெருக்கி பயன்படுத்துவதால் ஒலி மாசுபாடு ஏற்படுகிறது. (மண்டலம்: ஆவடி)
TN-NLP-5186,வேளச்சேரி மெயின் ரோட்டில் மழைநீரால் சாலை முற்றிலும் சேதமடைந்து இருசக்கர வாகன ஓட்டிகளுக்கு பேராபத்தை ஏற்படுத்துகிறது. (மண்டலம்: சென்னை வடக்கு),roads,Road Damage & Potholes,ta,சென்னை வடக்கு,வேளச்சேரி மெயின் ரோட்டில் மழைநீரால் சாலை முற்றிலும் சேதமடைந்து இருசக்கர வாகன ஓட்டிகளுக்கு பேராபத்தை ஏற்படுத்துகிறது. (மண்டலம்: சென்னை வடக்கு)
TN-NLP-5532,கோடம்பாக்கம் தெருவில் கழிவுநீர் குழாய் உடைந்து துர்நாற்றம் வீசுவதுடன் சுகாதார சீர்கேடு ஏற்பட்டுள்ளது. (மண்டலம்: சென்னை மத்திய மண்டலம்),drainage,Drainage & Sewage Overflow,ta,சென்னை மத்திய மண்டலம்,கோடம்பாக்கம் தெருவில் கழிவுநீர் குழாய் உடைந்து துர்நாற்றம் வீசுவதுடன் சுகாதார சீர்கேடு ஏற்பட்டுள்ளது. (மண்டலம்: சென்னை மத்திய மண்டலம்)
TN-NLP-5036,பெருங்குடியில் கடந்த 3 மாதங்களாக சாலைப் பணி அரைகுறையாக விடப்பட்டு பலத்த தூசு மாசுபாடு ஏற்படுகிறது. (மண்டலம்: ஆவடி),roads,Road Damage & Potholes,ta,ஆவடி,பெருங்குடியில் கடந்த 3 மாதங்களாக சாலைப் பணி அரைகுறையாக விடப்பட்டு பலத்த தூசு மாசுபாடு ஏற்படுகிறது. (மண்டலம்: ஆவடி)
TN-NLP-5368,கோடம்பாக்கம் தெருவில் கழிவுநீர் குழாய் உடைந்து துர்நாற்றம் வீசுவதுடன் சுகாதார சீர்கேடு ஏற்பட்டுள்ளது. (மண்டலம்: சென்னை தெற்கு),drainage,Drainage & Sewage Overflow,ta,சென்னை தெற்கு,கோடம்பாக்கம் தெருவில் கழிவுநீர் குழாய் உடைந்து துர்நாற்றம் வீசுவதுடன் சுகாதார சீர்கேடு ஏற்பட்டுள்ளது. (மண்டலம்: சென்னை தெற்கு)
TN-NLP-6807,தி. நகரில் நள்ளிரவிலும் அதிக சத்தத்துடன் ஒலிபெருக்கி பயன்படுத்துவதால் ஒலி மாசுபாடு ஏற்படுகிறது. (மண்டலம்: தாம்பரம்),other,Other / General Municipal Operations,ta,தாம்பரம்,தி. நகரில் நள்ளிரவிலும் அதிக சத்தத்துடன் ஒலிபெருக்கி பயன்படுத்துவதால் ஒலி மாசுபாடு ஏற்படுகிறது. (மண்டலம்: தாம்பரம்)
TN-NLP-6911,வேளச்சேரி குடியிருப்பு பகுதியில் தெருநாய்களின் தொல்லை அதிகரித்து பொதுமக்கள் அச்சமடைந்துள்ளனர். (மண்டலம்: சென்னை தெற்கு),other,Other / General Municipal Operations,ta,சென்னை தெற்கு,வேளச்சேரி குடியிருப்பு பகுதியில் தெருநாய்களின் தொல்லை அதிகரித்து பொதுமக்கள் அச்சமடைந்துள்ளனர். (மண்டலம்: சென்னை தெற்கு)
TN-NLP-5542,ராயப்பேட்டையில் திறந்தவெளி கழிவுநீர் கால்வாயில் இருந்து சாக்கடை நீர் சாலையில் வழிகிறது. (மண்டலம்: சென்னை மத்திய மண்டலம்),drainage,Drainage & Sewage Overflow,ta,சென்னை மத்திய மண்டலம்,ராயப்பேட்டையில் திறந்தவெளி கழிவுநீர் கால்வாயில் இருந்து சாக்கடை நீர் சாலையில் வழிகிறது. (மண்டலம்: சென்னை மத்திய மண்டலம்)
TN-NLP-5708,திருவான்மியூர் கடற்கரை சாலையில் கட்டுமானக் கழிவுகள் சட்டவிரோதமாகக் கொட்டப்பட்டுள்ளன. (மண்டலம்: தாம்பரம்),garbage,Garbage & Waste Disposal,ta,தாம்பரம்,திருவான்மியூர் கடற்கரை சாலையில் கட்டுமானக் கழிவுகள் சட்டவிரோதமாகக் கொட்டப்பட்டுள்ளன. (மண்டலம்: தாம்பரம்)
TN-NLP-5683,திருவான்மியூர் கடற்கரை சாலையில் கட்டுமானக் கழிவுகள் சட்டவிரோதமாகக் கொட்டப்பட்டுள்ளன. (மண்டலம்: ஆவடி),garbage,Garbage & Waste Disposal,ta,ஆவடி,திருவான்மியூர் கடற்கரை சாலையில் கட்டுமானக் கழிவுகள் சட்டவிரோதமாகக் கொட்டப்பட்டுள்ளன. (மண்டலம்: ஆவடி)
TN-NLP-6567,கோயம்பேடு மேம்பாலம் அருகில் உள்ள நகராட்சி பேருந்து நிழற்கூரை சேதமடைந்துள்ளது. (மண்டலம்: தாம்பரம்),infrastructure,Public Infrastructure Damage,ta,தாம்பரம்,கோயம்பேடு மேம்பாலம் அருகில் உள்ள நகராட்சி பேருந்து நிழற்கூரை சேதமடைந்துள்ளது. (மண்டலம்: தாம்பரம்)
TN-NLP-6829,வேளச்சேரி குடியிருப்பு பகுதியில் தெருநாய்களின் தொல்லை அதிகரித்து பொதுமக்கள் அச்சமடைந்துள்ளனர். (மண்டலம்: சென்னை மத்திய மண்டலம்),other,Other / General Municipal Operations,ta,சென்னை மத்திய மண்டலம்,வேளச்சேரி குடியிருப்பு பகுதியில் தெருநாய்களின் தொல்லை அதிகரித்து பொதுமக்கள் அச்சமடைந்துள்ளனர். (மண்டலம்: சென்னை மத்திய மண்டலம்)
TN-NLP-6818,தி. நகரில் நள்ளிரவிலும் அதிக சத்தத்துடன் ஒலிபெருக்கி பயன்படுத்துவதால் ஒலி மாசுபாடு ஏற்படுகிறது. (மண்டலம்: ஆவடி),other,Other / General Municipal Operations,ta,ஆவடி,தி. நகரில் நள்ளிரவிலும் அதிக சத்தத்துடன் ஒலிபெருக்கி பயன்படுத்துவதால் ஒலி மாசுபாடு ஏற்படுகிறது. (மண்டலம்: ஆவடி)
TN-NLP-5568,அசோக் நகர் 4வது அவென்யூவில் மழைநீர் வடிகால் அடைப்பால் வீடுகளுக்குள் தண்ணீர் புகுந்துள்ளது. (மண்டலம்: சென்னை வடக்கு),drainage,Drainage & Sewage Overflow,ta,சென்னை வடக்கு,அசோக் நகர் 4வது அவென்யூவில் மழைநீர் வடிகால் அடைப்பால் வீடுகளுக்குள் தண்ணீர் புகுந்துள்ளது. (மண்டலம்: சென்னை வடக்கு)
TN-NLP-5280,வேளச்சேரி மெயின் ரோட்டில் மழைநீரால் சாலை முற்றிலும் சேதமடைந்து இருசக்கர வாகன ஓட்டிகளுக்கு பேராபத்தை ஏற்படுத்துகிறது. (மண்டலம்: சென்னை தெற்கு),roads,Road Damage & Potholes,ta,சென்னை தெற்கு,வேளச்சேரி மெயின் ரோட்டில் மழைநீரால் சாலை முற்றிலும் சேதமடைந்து இருசக்கர வாகன ஓட்டிகளுக்கு பேராபத்தை ஏற்படுத்துகிறது. (மண்டலம்: சென்னை தெற்கு)
TN-NLP-5432,அசோக் நகர் 4வது அவென்யூவில் மழைநீர் வடிகால் அடைப்பால் வீடுகளுக்குள் தண்ணீர் புகுந்துள்ளது. (மண்டலம்: சென்னை தெற்கு),drainage,Drainage & Sewage Overflow,ta,சென்னை தெற்கு,அசோக் நகர் 4வது அவென்யூவில் மழைநீர் வடிகால் அடைப்பால் வீடுகளுக்குள் தண்ணீர் புகுந்துள்ளது. (மண்டலம்: சென்னை தெற்கு)
TN-NLP-5586,கோடம்பாக்கம் தெருவில் கழிவுநீர் குழாய் உடைந்து துர்நாற்றம் வீசுவதுடன் சுகாதார சீர்கேடு ஏற்பட்டுள்ளது. (மண்டலம்: சென்னை மத்திய மண்டலம்),drainage,Drainage & Sewage Overflow,ta,சென்னை மத்திய மண்டலம்,கோடம்பாக்கம் தெருவில் கழிவுநீர் குழாய் உடைந்து துர்நாற்றம் வீசுவதுடன் சுகாதார சீர்கேடு ஏற்பட்டுள்ளது. (மண்டலம்: சென்னை மத்திய மண்டலம்)
TN-NLP-6439,ஜிஎஸ்டி சாலையில் பல தெருவிளக்குகள் எரியாமல் இருள் சூழ்ந்து விபத்து அபாயம் நிலவுகிறது. (மண்டலம்: சென்னை தெற்கு),streetlights,Streetlights & Electrical Hazards,ta,சென்னை தெற்கு,ஜிஎஸ்டி சாலையில் பல தெருவிளக்குகள் எரியாமல் இருள் சூழ்ந்து விபத்து அபாயம் நிலவுகிறது. (மண்டலம்: சென்னை தெற்கு)
TN-NLP-5462,அசோக் நகர் 4வது அவென்யூவில் மழைநீர் வடிகால் அடைப்பால் வீடுகளுக்குள் தண்ணீர் புகுந்துள்ளது. (மண்டலம்: சென்னை மத்திய மண்டலம்),drainage,Drainage & Sewage Overflow,ta,சென்னை மத்திய மண்டலம்,அசோக் நகர் 4வது அவென்யூவில் மழைநீர் வடிகால் அடைப்பால் வீடுகளுக்குள் தண்ணீர் புகுந்துள்ளது. (மண்டலம்: சென்னை மத்திய மண்டலம்)
TN-NLP-6237,பெருங்குடி ஓஎம்ஆர் சாலையில் மின்கம்பத்தில் இருந்து ஆபத்தான முறையில் மின்வயர் தொங்குகிறது. (மண்டலம்: தாம்பரம்),streetlights,Streetlights & Electrical Hazards,ta,தாம்பரம்,பெருங்குடி ஓஎம்ஆர் சாலையில் மின்கம்பத்தில் இருந்து ஆபத்தான முறையில் மின்வயர் தொங்குகிறது. (மண்டலம்: தாம்பரம்)
TN-NLP-5539,கோடம்பாக்கம் தெருவில் கழிவுநீர் குழாய் உடைந்து துர்நாற்றம் வீசுவதுடன் சுகாதார சீர்கேடு ஏற்பட்டுள்ளது. (மண்டலம்: சென்னை வடக்கு),drainage,Drainage & Sewage Overflow,ta,சென்னை வடக்கு,கோடம்பாக்கம் தெருவில் கழிவுநீர் குழாய் உடைந்து துர்நாற்றம் வீசுவதுடன் சுகாதார சீர்கேடு ஏற்பட்டுள்ளது. (மண்டலம்: சென்னை வடக்கு)
TN-NLP-6753,கோயம்பேடு மேம்பாலம் அருகில் உள்ள நகராட்சி பேருந்து நிழற்கூரை சேதமடைந்துள்ளது. (மண்டலம்: சென்னை மத்திய மண்டலம்),infrastructure,Public Infrastructure Damage,ta,சென்னை மத்திய மண்டலம்,கோயம்பேடு மேம்பாலம் அருகில் உள்ள நகராட்சி பேருந்து நிழற்கூரை சேதமடைந்துள்ளது. (மண்டலம்: சென்னை மத்திய மண்டலம்)
TN-NLP-5086,வேளச்சேரி மெயின் ரோட்டில் மழைநீரால் சாலை முற்றிலும் சேதமடைந்து இருசக்கர வாகன ஓட்டிகளுக்கு பேராபத்தை ஏற்படுத்துகிறது. (மண்டலம்: சென்னை தெற்கு),roads,Road Damage & Potholes,ta,சென்னை தெற்கு,வேளச்சேரி மெயின் ரோட்டில் மழைநீரால் சாலை முற்றிலும் சேதமடைந்து இருசக்கர வாகன ஓட்டிகளுக்கு பேராபத்தை ஏற்படுத்துகிறது. (மண்டலம்: சென்னை தெற்கு)
TN-NLP-5065,அண்ணா சாலையில் உள்ள பெரும் பள்ளத்தால் போக்குவரத்து நெரிசல் மற்றும் விபத்துக்கள் ஏற்படுகிறது. (மண்டலம்: தாம்பரம்),roads,Road Damage & Potholes,ta,தாம்பரம்,அண்ணா சாலையில் உள்ள பெரும் பள்ளத்தால் போக்குவரத்து நெரிசல் மற்றும் விபத்துக்கள் ஏற்படுகிறது. (மண்டலம்: தாம்பரம்)
TN-NLP-6836,வேளச்சேரி குடியிருப்பு பகுதியில் தெருநாய்களின் தொல்லை அதிகரித்து பொதுமக்கள் அச்சமடைந்துள்ளனர். (மண்டலம்: சென்னை தெற்கு),other,Other / General Municipal Operations,ta,சென்னை தெற்கு,வேளச்சேரி குடியிருப்பு பகுதியில் தெருநாய்களின் தொல்லை அதிகரித்து பொதுமக்கள் அச்சமடைந்துள்ளனர். (மண்டலம்: சென்னை தெற்கு)
TN-NLP-6837,தி. நகரில் நள்ளிரவிலும் அதிக சத்தத்துடன் ஒலிபெருக்கி பயன்படுத்துவதால் ஒலி மாசுபாடு ஏற்படுகிறது. (மண்டலம்: சென்னை வடக்கு),other,Other / General Municipal Operations,ta,சென்னை வடக்கு,தி. நகரில் நள்ளிரவிலும் அதிக சத்தத்துடன் ஒலிபெருக்கி பயன்படுத்துவதால் ஒலி மாசுபாடு ஏற்படுகிறது. (மண்டலம்: சென்னை வடக்கு)
TN-NLP-5572,கோடம்பாக்கம் தெருவில் கழிவுநீர் குழாய் உடைந்து துர்நாற்றம் வீசுவதுடன் சுகாதார சீர்கேடு ஏற்பட்டுள்ளது. (மண்டலம்: சென்னை மத்திய மண்டலம்),drainage,Drainage & Sewage Overflow,ta,சென்னை மத்திய மண்டலம்,கோடம்பாக்கம் தெருவில் கழிவுநீர் குழாய் உடைந்து துர்நாற்றம் வீசுவதுடன் சுகாதார சீர்கேடு ஏற்பட்டுள்ளது. (மண்டலம்: சென்னை மத்திய மண்டலம்)
TN-NLP-5476,அசோக் நகர் 4வது அவென்யூவில் மழைநீர் வடிகால் அடைப்பால் வீடுகளுக்குள் தண்ணீர் புகுந்துள்ளது. (மண்டலம்: சென்னை வடக்கு),drainage,Drainage & Sewage Overflow,ta,சென்னை வடக்கு,அசோக் நகர் 4வது அவென்யூவில் மழைநீர் வடிகால் அடைப்பால் வீடுகளுக்குள் தண்ணீர் புகுந்துள்ளது. (மண்டலம்: சென்னை வடக்கு)
TN-NLP-5101,அண்ணா சாலையில் உள்ள பெரும் பள்ளத்தால் போக்குவரத்து நெரிசல் மற்றும் விபத்துக்கள் ஏற்படுகிறது. (மண்டலம்: சென்னை வடக்கு),roads,Road Damage & Potholes,ta,சென்னை வடக்கு,அண்ணா சாலையில் உள்ள பெரும் பள்ளத்தால் போக்குவரத்து நெரிசல் மற்றும் விபத்துக்கள் ஏற்படுகிறது. (மண்டலம்: சென்னை வடக்கு)
TN-NLP-5463,ராயப்பேட்டையில் திறந்தவெளி கழிவுநீர் கால்வாயில் இருந்து சாக்கடை நீர் சாலையில் வழிகிறது. (மண்டலம்: ஆவடி),drainage,Drainage & Sewage Overflow,ta,ஆவடி,ராயப்பேட்டையில் திறந்தவெளி கழிவுநீர் கால்வாயில் இருந்து சாக்கடை நீர் சாலையில் வழிகிறது. (மண்டலம்: ஆவடி)
TN-NLP-6378,பெருங்குடி ஓஎம்ஆர் சாலையில் மின்கம்பத்தில் இருந்து ஆபத்தான முறையில் மின்வயர் தொங்குகிறது. (மண்டலம்: சென்னை வடக்கு),streetlights,Streetlights & Electrical Hazards,ta,சென்னை வடக்கு,பெருங்குடி ஓஎம்ஆர் சாலையில் மின்கம்பத்தில் இருந்து ஆபத்தான முறையில் மின்வயர் தொங்குகிறது. (மண்டலம்: சென்னை வடக்கு)
TN-NLP-5525,ராயப்பேட்டையில் திறந்தவெளி கழிவுநீர் கால்வாயில் இருந்து சாக்கடை நீர் சாலையில் வழிகிறது. (மண்டலம்: தாம்பரம்),drainage,Drainage & Sewage Overflow,ta,தாம்பரம்,ராயப்பேட்டையில் திறந்தவெளி கழிவுநீர் கால்வாயில் இருந்து சாக்கடை நீர் சாலையில் வழிகிறது. (மண்டலம்: தாம்பரம்)
TN-NLP-6672,கோயம்பேடு மேம்பாலம் அருகில் உள்ள நகராட்சி பேருந்து நிழற்கூரை சேதமடைந்துள்ளது. (மண்டலம்: சென்னை மத்திய மண்டலம்),infrastructure,Public Infrastructure Damage,ta,சென்னை மத்திய மண்டலம்,கோயம்பேடு மேம்பாலம் அருகில் உள்ள நகராட்சி பேருந்து நிழற்கூரை சேதமடைந்துள்ளது. (மண்டலம்: சென்னை மத்திய மண்டலம்)
TN-NLP-6954,வேளச்சேரி குடியிருப்பு பகுதியில் தெருநாய்களின் தொல்லை அதிகரித்து பொதுமக்கள் அச்சமடைந்துள்ளனர். (மண்டலம்: தாம்பரம்),other,Other / General Municipal Operations,ta,தாம்பரம்,வேளச்சேரி குடியிருப்பு பகுதியில் தெருநாய்களின் தொல்லை அதிகரித்து பொதுமக்கள் அச்சமடைந்துள்ளனர். (மண்டலம்: தாம்பரம்)
TN-NLP-6732,கோயம்பேடு மேம்பாலம் அருகில் உள்ள நகராட்சி பேருந்து நிழற்கூரை சேதமடைந்துள்ளது. (மண்டலம்: ஆவடி),infrastructure,Public Infrastructure Damage,ta,ஆவடி,கோயம்பேடு மேம்பாலம் அருகில் உள்ள நகராட்சி பேருந்து நிழற்கூரை சேதமடைந்துள்ளது. (மண்டலம்: ஆவடி)
TN-NLP-5442,கோடம்பாக்கம் தெருவில் கழிவுநீர் குழாய் உடைந்து துர்நாற்றம் வீசுவதுடன் சுகாதார சீர்கேடு ஏற்பட்டுள்ளது. (மண்டலம்: சென்னை தெற்கு),drainage,Drainage & Sewage Overflow,ta,சென்னை தெற்கு,கோடம்பாக்கம் தெருவில் கழிவுநீர் குழாய் உடைந்து துர்நாற்றம் வீசுவதுடன் சுகாதார சீர்கேடு ஏற்பட்டுள்ளது. (மண்டலம்: சென்னை தெற்கு)
TN-NLP-5646,திருவான்மியூர் கடற்கரை சாலையில் கட்டுமானக் கழிவுகள் சட்டவிரோதமாகக் கொட்டப்பட்டுள்ளன. (மண்டலம்: ஆவடி),garbage,Garbage & Waste Disposal,ta,ஆவடி,திருவான்மியூர் கடற்கரை சாலையில் கட்டுமானக் கழிவுகள் சட்டவிரோதமாகக் கொட்டப்பட்டுள்ளன. (மண்டலம்: ஆவடி)
TN-NLP-5747,திருவான்மியூர் கடற்கரை சாலையில் கட்டுமானக் கழிவுகள் சட்டவிரோதமாகக் கொட்டப்பட்டுள்ளன. (மண்டலம்: ஆவடி),garbage,Garbage & Waste Disposal,ta,ஆவடி,திருவான்மியூர் கடற்கரை சாலையில் கட்டுமானக் கழிவுகள் சட்டவிரோதமாகக் கொட்டப்பட்டுள்ளன. (மண்டலம்: ஆவடி)
TN-NLP-6781,கோயம்பேடு மேம்பாலம் அருகில் உள்ள நகராட்சி பேருந்து நிழற்கூரை சேதமடைந்துள்ளது. (மண்டலம்: தாம்பரம்),infrastructure,Public Infrastructure Damage,ta,தாம்பரம்,கோயம்பேடு மேம்பாலம் அருகில் உள்ள நகராட்சி பேருந்து நிழற்கூரை சேதமடைந்துள்ளது. (மண்டலம்: தாம்பரம்)
TN-NLP-6262,ஜிஎஸ்டி சாலையில் பல தெருவிளக்குகள் எரியாமல் இருள் சூழ்ந்து விபத்து அபாயம் நிலவுகிறது. (மண்டலம்: சென்னை மத்திய மண்டலம்),streetlights,Streetlights & Electrical Hazards,ta,சென்னை மத்திய மண்டலம்,ஜிஎஸ்டி சாலையில் பல தெருவிளக்குகள் எரியாமல் இருள் சூழ்ந்து விபத்து அபாயம் நிலவுகிறது. (மண்டலம்: சென்னை மத்திய மண்டலம்)
TN-NLP-5739,திருவான்மியூர் கடற்கரை சாலையில் கட்டுமானக் கழிவுகள் சட்டவிரோதமாகக் கொட்டப்பட்டுள்ளன. (மண்டலம்: சென்னை தெற்கு),garbage,Garbage & Waste Disposal,ta,சென்னை தெற்கு,திருவான்மியூர் கடற்கரை சாலையில் கட்டுமானக் கழிவுகள் சட்டவிரோதமாகக் கொட்டப்பட்டுள்ளன. (மண்டலம்: சென்னை தெற்கு)
TN-NLP-5447,ராயப்பேட்டையில் திறந்தவெளி கழிவுநீர் கால்வாயில் இருந்து சாக்கடை நீர் சாலையில் வழிகிறது. (மண்டலம்: தாம்பரம்),drainage,Drainage & Sewage Overflow,ta,தாம்பரம்,ராயப்பேட்டையில் திறந்தவெளி கழிவுநீர் கால்வாயில் இருந்து சாக்கடை நீர் சாலையில் வழிகிறது. (மண்டலம்: தாம்பரம்)
TN-NLP-6025,திருவல்லிக்கேணி தெருவில் கடந்த 48 மணி நேரமாக குடிநீர் விநியோகம் முற்றிலும் நிறுத்தப்பட்டுள்ளது. (மண்டலம்: தாம்பரம்),water,Water Supply Contamination / Burst,ta,தாம்பரம்,திருவல்லிக்கேணி தெருவில் கடந்த 48 மணி நேரமாக குடிநீர் விநியோகம் முற்றிலும் நிறுத்தப்பட்டுள்ளது. (மண்டலம்: தாம்பரம்)
TN-NLP-6851,வேளச்சேரி குடியிருப்பு பகுதியில் தெருநாய்களின் தொல்லை அதிகரித்து பொதுமக்கள் அச்சமடைந்துள்ளனர். (மண்டலம்: சென்னை தெற்கு),other,Other / General Municipal Operations,ta,சென்னை தெற்கு,வேளச்சேரி குடியிருப்பு பகுதியில் தெருநாய்களின் தொல்லை அதிகரித்து பொதுமக்கள் அச்சமடைந்துள்ளனர். (மண்டலம்: சென்னை தெற்கு)
TN-NLP-5173,தி. நகர் உஸ்மான் சாலை சந்திப்பில் தார் தளம் அடித்துச் செல்லப்பட்டு பெரிய குழி உருவாகியுள்ளது. (மண்டலம்: சென்னை வடக்கு),roads,Road Damage & Potholes,ta,சென்னை வடக்கு,தி. நகர் உஸ்மான் சாலை சந்திப்பில் தார் தளம் அடித்துச் செல்லப்பட்டு பெரிய குழி உருவாகியுள்ளது. (மண்டலம்: சென்னை வடக்கு)
TN-NLP-5331,அசோக் நகர் 4வது அவென்யூவில் மழைநீர் வடிகால் அடைப்பால் வீடுகளுக்குள் தண்ணீர் புகுந்துள்ளது. (மண்டலம்: சென்னை தெற்கு),drainage,Drainage & Sewage Overflow,ta,சென்னை தெற்கு,அசோக் நகர் 4வது அவென்யூவில் மழைநீர் வடிகால் அடைப்பால் வீடுகளுக்குள் தண்ணீர் புகுந்துள்ளது. (மண்டலம்: சென்னை தெற்கு)
TN-NLP-6682,சிந்தாதிரிப்பேட்டை கூவம் நதி பாலத்தின் சிமெண்ட் கைப்பிடி சுவர் உடைந்து அபாயகரமாக உள்ளது. (மண்டலம்: சென்னை வடக்கு),infrastructure,Public Infrastructure Damage,ta,சென்னை வடக்கு,சிந்தாதிரிப்பேட்டை கூவம் நதி பாலத்தின் சிமெண்ட் கைப்பிடி சுவர் உடைந்து அபாயகரமாக உள்ளது. (மண்டலம்: சென்னை வடக்கு)
TN-NLP-6493,பெருங்குடி ஓஎம்ஆர் சாலையில் மின்கம்பத்தில் இருந்து ஆபத்தான முறையில் மின்வயர் தொங்குகிறது. (மண்டலம்: சென்னை மத்திய மண்டலம்),streetlights,Streetlights & Electrical Hazards,ta,சென்னை மத்திய மண்டலம்,பெருங்குடி ஓஎம்ஆர் சாலையில் மின்கம்பத்தில் இருந்து ஆபத்தான முறையில் மின்வயர் தொங்குகிறது. (மண்டலம்: சென்னை மத்திய மண்டலம்)
TN-NLP-5975,அண்ணா நகர் 2வது அவென்யூவில் குடிநீர் குழாய் உடைந்து குடிநீர் வீணாகி வருகிறது. (மண்டலம்: சென்னை வடக்கு),water,Water Supply Contamination / Burst,ta,சென்னை வடக்கு,அண்ணா நகர் 2வது அவென்யூவில் குடிநீர் குழாய் உடைந்து குடிநீர் வீணாகி வருகிறது. (மண்டலம்: சென்னை வடக்கு)
TN-NLP-6935,தி. நகரில் நள்ளிரவிலும் அதிக சத்தத்துடன் ஒலிபெருக்கி பயன்படுத்துவதால் ஒலி மாசுபாடு ஏற்படுகிறது. (மண்டலம்: ஆவடி),other,Other / General Municipal Operations,ta,ஆவடி,தி. நகரில் நள்ளிரவிலும் அதிக சத்தத்துடன் ஒலிபெருக்கி பயன்படுத்துவதால் ஒலி மாசுபாடு ஏற்படுகிறது. (மண்டலம்: ஆவடி)
TN-NLP-6102,திருவல்லிக்கேணி தெருவில் கடந்த 48 மணி நேரமாக குடிநீர் விநியோகம் முற்றிலும் நிறுத்தப்பட்டுள்ளது. (மண்டலம்: சென்னை தெற்கு),water,Water Supply Contamination / Burst,ta,சென்னை தெற்கு,திருவல்லிக்கேணி தெருவில் கடந்த 48 மணி நேரமாக குடிநீர் விநியோகம் முற்றிலும் நிறுத்தப்பட்டுள்ளது. (மண்டலம்: சென்னை தெற்கு)
TN-NLP-5668,திருவான்மியூர் கடற்கரை சாலையில் கட்டுமானக் கழிவுகள் சட்டவிரோதமாகக் கொட்டப்பட்டுள்ளன. (மண்டலம்: சென்னை தெற்கு),garbage,Garbage & Waste Disposal,ta,சென்னை தெற்கு,திருவான்மியூர் கடற்கரை சாலையில் கட்டுமானக் கழிவுகள் சட்டவிரோதமாகக் கொட்டப்பட்டுள்ளன. (மண்டலம்: சென்னை தெற்கு)
TN-NLP-6371,பெருங்குடி ஓஎம்ஆர் சாலையில் மின்கம்பத்தில் இருந்து ஆபத்தான முறையில் மின்வயர் தொங்குகிறது. (மண்டலம்: சென்னை மத்திய மண்டலம்),streetlights,Streetlights & Electrical Hazards,ta,சென்னை மத்திய மண்டலம்,பெருங்குடி ஓஎம்ஆர் சாலையில் மின்கம்பத்தில் இருந்து ஆபத்தான முறையில் மின்வயர் தொங்குகிறது. (மண்டலம்: சென்னை மத்திய மண்டலம்)
TN-NLP-6283,பெருங்குடி ஓஎம்ஆர் சாலையில் மின்கம்பத்தில் இருந்து ஆபத்தான முறையில் மின்வயர் தொங்குகிறது. (மண்டலம்: சென்னை வடக்கு),streetlights,Streetlights & Electrical Hazards,ta,சென்னை வடக்கு,பெருங்குடி ஓஎம்ஆர் சாலையில் மின்கம்பத்தில் இருந்து ஆபத்தான முறையில் மின்வயர் தொங்குகிறது. (மண்டலம்: சென்னை வடக்கு)
TN-NLP-5893,நுங்கம்பாக்கம் பஸ் நிறுத்தம் அருகில் குப்பைகள் அகற்றப்படாமல் 4 நாட்களாக தேங்கியுள்ளது. (மண்டலம்: தாம்பரம்),garbage,Garbage & Waste Disposal,ta,தாம்பரம்,நுங்கம்பாக்கம் பஸ் நிறுத்தம் அருகில் குப்பைகள் அகற்றப்படாமல் 4 நாட்களாக தேங்கியுள்ளது. (மண்டலம்: தாம்பரம்)
TN-NLP-5642,கோயம்பேடு சந்தை சாலையில் குப்பைத் தொட்டிகள் நிரம்பி வழிந்து சுகாதாரக் கேடு விளைவிக்கிறது. (மண்டலம்: ஆவடி),garbage,Garbage & Waste Disposal,ta,ஆவடி,கோயம்பேடு சந்தை சாலையில் குப்பைத் தொட்டிகள் நிரம்பி வழிந்து சுகாதாரக் கேடு விளைவிக்கிறது. (மண்டலம்: ஆவடி)
TN-NLP-6295,பெருங்குடி ஓஎம்ஆர் சாலையில் மின்கம்பத்தில் இருந்து ஆபத்தான முறையில் மின்வயர் தொங்குகிறது. (மண்டலம்: சென்னை வடக்கு),streetlights,Streetlights & Electrical Hazards,ta,சென்னை வடக்கு,பெருங்குடி ஓஎம்ஆர் சாலையில் மின்கம்பத்தில் இருந்து ஆபத்தான முறையில் மின்வயர் தொங்குகிறது. (மண்டலம்: சென்னை வடக்கு)
TN-NLP-5692,திருவான்மியூர் கடற்கரை சாலையில் கட்டுமானக் கழிவுகள் சட்டவிரோதமாகக் கொட்டப்பட்டுள்ளன. (மண்டலம்: ஆவடி),garbage,Garbage & Waste Disposal,ta,ஆவடி,திருவான்மியூர் கடற்கரை சாலையில் கட்டுமானக் கழிவுகள் சட்டவிரோதமாகக் கொட்டப்பட்டுள்ளன. (மண்டலம்: ஆவடி)
TN-NLP-5616,திருவான்மியூர் கடற்கரை சாலையில் கட்டுமானக் கழிவுகள் சட்டவிரோதமாகக் கொட்டப்பட்டுள்ளன. (மண்டலம்: ஆவடி),garbage,Garbage & Waste Disposal,ta,ஆவடி,திருவான்மியூர் கடற்கரை சாலையில் கட்டுமானக் கழிவுகள் சட்டவிரோதமாகக் கொட்டப்பட்டுள்ளன. (மண்டலம்: ஆவடி)
TN-NLP-5592,ராயப்பேட்டையில் திறந்தவெளி கழிவுநீர் கால்வாயில் இருந்து சாக்கடை நீர் சாலையில் வழிகிறது. (மண்டலம்: சென்னை தெற்கு),drainage,Drainage & Sewage Overflow,ta,சென்னை தெற்கு,ராயப்பேட்டையில் திறந்தவெளி கழிவுநீர் கால்வாயில் இருந்து சாக்கடை நீர் சாலையில் வழிகிறது. (மண்டலம்: சென்னை தெற்கு)
TN-NLP-6376,பெருங்குடி ஓஎம்ஆர் சாலையில் மின்கம்பத்தில் இருந்து ஆபத்தான முறையில் மின்வயர் தொங்குகிறது. (மண்டலம்: தாம்பரம்),streetlights,Streetlights & Electrical Hazards,ta,தாம்பரம்,பெருங்குடி ஓஎம்ஆர் சாலையில் மின்கம்பத்தில் இருந்து ஆபத்தான முறையில் மின்வயர் தொங்குகிறது. (மண்டலம்: தாம்பரம்)
TN-NLP-6860,தி. நகரில் நள்ளிரவிலும் அதிக சத்தத்துடன் ஒலிபெருக்கி பயன்படுத்துவதால் ஒலி மாசுபாடு ஏற்படுகிறது. (மண்டலம்: தாம்பரம்),other,Other / General Municipal Operations,ta,தாம்பரம்,தி. நகரில் நள்ளிரவிலும் அதிக சத்தத்துடன் ஒலிபெருக்கி பயன்படுத்துவதால் ஒலி மாசுபாடு ஏற்படுகிறது. (மண்டலம்: தாம்பரம்)
TN-NLP-5673,நுங்கம்பாக்கம் பஸ் நிறுத்தம் அருகில் குப்பைகள் அகற்றப்படாமல் 4 நாட்களாக தேங்கியுள்ளது. (மண்டலம்: சென்னை தெற்கு),garbage,Garbage & Waste Disposal,ta,சென்னை தெற்கு,நுங்கம்பாக்கம் பஸ் நிறுத்தம் அருகில் குப்பைகள் அகற்றப்படாமல் 4 நாட்களாக தேங்கியுள்ளது. (மண்டலம்: சென்னை தெற்கு)
TN-NLP-6094,திருவல்லிக்கேணி தெருவில் கடந்த 48 மணி நேரமாக குடிநீர் விநியோகம் முற்றிலும் நிறுத்தப்பட்டுள்ளது. (மண்டலம்: ஆவடி),water,Water Supply Contamination / Burst,ta,ஆவடி,திருவல்லிக்கேணி தெருவில் கடந்த 48 மணி நேரமாக குடிநீர் விநியோகம் முற்றிலும் நிறுத்தப்பட்டுள்ளது. (மண்டலம்: ஆவடி)
TN-NLP-6205,ஜிஎஸ்டி சாலையில் பல தெருவிளக்குகள் எரியாமல் இருள் சூழ்ந்து விபத்து அபாயம் நிலவுகிறது. (மண்டலம்: ஆவடி),streetlights,Streetlights & Electrical Hazards,ta,ஆவடி,ஜிஎஸ்டி சாலையில் பல தெருவிளக்குகள் எரியாமல் இருள் சூழ்ந்து விபத்து அபாயம் நிலவுகிறது. (மண்டலம்: ஆவடி)
TN-NLP-5426,கோடம்பாக்கம் தெருவில் கழிவுநீர் குழாய் உடைந்து துர்நாற்றம் வீசுவதுடன் சுகாதார சீர்கேடு ஏற்பட்டுள்ளது. (மண்டலம்: தாம்பரம்),drainage,Drainage & Sewage Overflow,ta,தாம்பரம்,கோடம்பாக்கம் தெருவில் கழிவுநீர் குழாய் உடைந்து துர்நாற்றம் வீசுவதுடன் சுகாதார சீர்கேடு ஏற்பட்டுள்ளது. (மண்டலம்: தாம்பரம்)
TN-NLP-5337,ராயப்பேட்டையில் திறந்தவெளி கழிவுநீர் கால்வாயில் இருந்து சாக்கடை நீர் சாலையில் வழிகிறது. (மண்டலம்: தாம்பரம்),drainage,Drainage & Sewage Overflow,ta,தாம்பரம்,ராயப்பேட்டையில் திறந்தவெளி கழிவுநீர் கால்வாயில் இருந்து சாக்கடை நீர் சாலையில் வழிகிறது. (மண்டலம்: தாம்பரம்)
TN-NLP-7000,வேளச்சேரி குடியிருப்பு பகுதியில் தெருநாய்களின் தொல்லை அதிகரித்து பொதுமக்கள் அச்சமடைந்துள்ளனர். (மண்டலம்: சென்னை வடக்கு),other,Other / General Municipal Operations,ta,சென்னை வடக்கு,வேளச்சேரி குடியிருப்பு பகுதியில் தெருநாய்களின் தொல்லை அதிகரித்து பொதுமக்கள் அச்சமடைந்துள்ளனர். (மண்டலம்: சென்னை வடக்கு)
TN-NLP-5324,அசோக் நகர் 4வது அவென்யூவில் மழைநீர் வடிகால் அடைப்பால் வீடுகளுக்குள் தண்ணீர் புகுந்துள்ளது. (மண்டலம்: சென்னை தெற்கு),drainage,Drainage & Sewage Overflow,ta,சென்னை தெற்கு,அசோக் நகர் 4வது அவென்யூவில் மழைநீர் வடிகால் அடைப்பால் வீடுகளுக்குள் தண்ணீர் புகுந்துள்ளது. (மண்டலம்: சென்னை தெற்கு)
TN-NLP-6357,ஜிஎஸ்டி சாலையில் பல தெருவிளக்குகள் எரியாமல் இருள் சூழ்ந்து விபத்து அபாயம் நிலவுகிறது. (மண்டலம்: சென்னை வடக்கு),streetlights,Streetlights & Electrical Hazards,ta,சென்னை வடக்கு,ஜிஎஸ்டி சாலையில் பல தெருவிளக்குகள் எரியாமல் இருள் சூழ்ந்து விபத்து அபாயம் நிலவுகிறது. (மண்டலம்: சென்னை வடக்கு)
TN-NLP-6657,சிந்தாதிரிப்பேட்டை கூவம் நதி பாலத்தின் சிமெண்ட் கைப்பிடி சுவர் உடைந்து அபாயகரமாக உள்ளது. (மண்டலம்: ஆவடி),infrastructure,Public Infrastructure Damage,ta,ஆவடி,சிந்தாதிரிப்பேட்டை கூவம் நதி பாலத்தின் சிமெண்ட் கைப்பிடி சுவர் உடைந்து அபாயகரமாக உள்ளது. (மண்டலம்: ஆவடி)
TN-NLP-6542,கோயம்பேடு மேம்பாலம் அருகில் உள்ள நகராட்சி பேருந்து நிழற்கூரை சேதமடைந்துள்ளது. (மண்டலம்: சென்னை மத்திய மண்டலம்),infrastructure,Public Infrastructure Damage,ta,சென்னை மத்திய மண்டலம்,கோயம்பேடு மேம்பாலம் அருகில் உள்ள நகராட்சி பேருந்து நிழற்கூரை சேதமடைந்துள்ளது. (மண்டலம்: சென்னை மத்திய மண்டலம்)
TN-NLP-6918,வேளச்சேரி குடியிருப்பு பகுதியில் தெருநாய்களின் தொல்லை அதிகரித்து பொதுமக்கள் அச்சமடைந்துள்ளனர். (மண்டலம்: தாம்பரம்),other,Other / General Municipal Operations,ta,தாம்பரம்,வேளச்சேரி குடியிருப்பு பகுதியில் தெருநாய்களின் தொல்லை அதிகரித்து பொதுமக்கள் அச்சமடைந்துள்ளனர். (மண்டலம்: தாம்பரம்)
TN-NLP-5175,அண்ணா சாலையில் உள்ள பெரும் பள்ளத்தால் போக்குவரத்து நெரிசல் மற்றும் விபத்துக்கள் ஏற்படுகிறது. (மண்டலம்: ஆவடி),roads,Road Damage & Potholes,ta,ஆவடி,அண்ணா சாலையில் உள்ள பெரும் பள்ளத்தால் போக்குவரத்து நெரிசல் மற்றும் விபத்துக்கள் ஏற்படுகிறது. (மண்டலம்: ஆவடி)
TN-NLP-6308,ஜிஎஸ்டி சாலையில் பல தெருவிளக்குகள் எரியாமல் இருள் சூழ்ந்து விபத்து அபாயம் நிலவுகிறது. (மண்டலம்: தாம்பரம்),streetlights,Streetlights & Electrical Hazards,ta,தாம்பரம்,ஜிஎஸ்டி சாலையில் பல தெருவிளக்குகள் எரியாமல் இருள் சூழ்ந்து விபத்து அபாயம் நிலவுகிறது. (மண்டலம்: தாம்பரம்)
TN-NLP-6419,பெருங்குடி ஓஎம்ஆர் சாலையில் மின்கம்பத்தில் இருந்து ஆபத்தான முறையில் மின்வயர் தொங்குகிறது. (மண்டலம்: தாம்பரம்),streetlights,Streetlights & Electrical Hazards,ta,தாம்பரம்,பெருங்குடி ஓஎம்ஆர் சாலையில் மின்கம்பத்தில் இருந்து ஆபத்தான முறையில் மின்வயர் தொங்குகிறது. (மண்டலம்: தாம்பரம்)
TN-NLP-5028,அண்ணா சாலையில் உள்ள பெரும் பள்ளத்தால் போக்குவரத்து நெரிசல் மற்றும் விபத்துக்கள் ஏற்படுகிறது. (மண்டலம்: தாம்பரம்),roads,Road Damage & Potholes,ta,தாம்பரம்,அண்ணா சாலையில் உள்ள பெரும் பள்ளத்தால் போக்குவரத்து நெரிசல் மற்றும் விபத்துக்கள் ஏற்படுகிறது. (மண்டலம்: தாம்பரம்)
TN-NLP-5384,ராயப்பேட்டையில் திறந்தவெளி கழிவுநீர் கால்வாயில் இருந்து சாக்கடை நீர் சாலையில் வழிகிறது. (மண்டலம்: சென்னை தெற்கு),drainage,Drainage & Sewage Overflow,ta,சென்னை தெற்கு,ராயப்பேட்டையில் திறந்தவெளி கழிவுநீர் கால்வாயில் இருந்து சாக்கடை நீர் சாலையில் வழிகிறது. (மண்டலம்: சென்னை தெற்கு)
TN-NLP-5379,அசோக் நகர் 4வது அவென்யூவில் மழைநீர் வடிகால் அடைப்பால் வீடுகளுக்குள் தண்ணீர் புகுந்துள்ளது. (மண்டலம்: ஆவடி),drainage,Drainage & Sewage Overflow,ta,ஆவடி,அசோக் நகர் 4வது அவென்யூவில் மழைநீர் வடிகால் அடைப்பால் வீடுகளுக்குள் தண்ணீர் புகுந்துள்ளது. (மண்டலம்: ஆவடி)
TN-NLP-5177,தி. நகர் உஸ்மான் சாலை சந்திப்பில் தார் தளம் அடித்துச் செல்லப்பட்டு பெரிய குழி உருவாகியுள்ளது. (மண்டலம்: சென்னை தெற்கு),roads,Road Damage & Potholes,ta,சென்னை தெற்கு,தி. நகர் உஸ்மான் சாலை சந்திப்பில் தார் தளம் அடித்துச் செல்லப்பட்டு பெரிய குழி உருவாகியுள்ளது. (மண்டலம்: சென்னை தெற்கு)
TN-NLP-5319,அசோக் நகர் 4வது அவென்யூவில் மழைநீர் வடிகால் அடைப்பால் வீடுகளுக்குள் தண்ணீர் புகுந்துள்ளது. (மண்டலம்: சென்னை மத்திய மண்டலம்),drainage,Drainage & Sewage Overflow,ta,சென்னை மத்திய மண்டலம்,அசோக் நகர் 4வது அவென்யூவில் மழைநீர் வடிகால் அடைப்பால் வீடுகளுக்குள் தண்ணீர் புகுந்துள்ளது. (மண்டலம்: சென்னை மத்திய மண்டலம்)
TN-NLP-6590,கோயம்பேடு மேம்பாலம் அருகில் உள்ள நகராட்சி பேருந்து நிழற்கூரை சேதமடைந்துள்ளது. (மண்டலம்: தாம்பரம்),infrastructure,Public Infrastructure Damage,ta,தாம்பரம்,கோயம்பேடு மேம்பாலம் அருகில் உள்ள நகராட்சி பேருந்து நிழற்கூரை சேதமடைந்துள்ளது. (மண்டலம்: தாம்பரம்)
TN-NLP-6340,ஜிஎஸ்டி சாலையில் பல தெருவிளக்குகள் எரியாமல் இருள் சூழ்ந்து விபத்து அபாயம் நிலவுகிறது. (மண்டலம்: சென்னை மத்திய மண்டலம்),streetlights,Streetlights & Electrical Hazards,ta,சென்னை மத்திய மண்டலம்,ஜிஎஸ்டி சாலையில் பல தெருவிளக்குகள் எரியாமல் இருள் சூழ்ந்து விபத்து அபாயம் நிலவுகிறது. (மண்டலம்: சென்னை மத்திய மண்டலம்)
TN-NLP-7034,வேளச்சேரி குடியிருப்பு பகுதியில் தெருநாய்களின் தொல்லை அதிகரித்து பொதுமக்கள் அச்சமடைந்துள்ளனர். (மண்டலம்: சென்னை மத்திய மண்டலம்),other,Other / General Municipal Operations,ta,சென்னை மத்திய மண்டலம்,வேளச்சேரி குடியிருப்பு பகுதியில் தெருநாய்களின் தொல்லை அதிகரித்து பொதுமக்கள் அச்சமடைந்துள்ளனர். (மண்டலம்: சென்னை மத்திய மண்டலம்)
TN-NLP-5265,வேளச்சேரி மெயின் ரோட்டில் மழைநீரால் சாலை முற்றிலும் சேதமடைந்து இருசக்கர வாகன ஓட்டிகளுக்கு பேராபத்தை ஏற்படுத்துகிறது. (மண்டலம்: சென்னை மத்திய மண்டலம்),roads,Road Damage & Potholes,ta,சென்னை மத்திய மண்டலம்,வேளச்சேரி மெயின் ரோட்டில் மழைநீரால் சாலை முற்றிலும் சேதமடைந்து இருசக்கர வாகன ஓட்டிகளுக்கு பேராபத்தை ஏற்படுத்துகிறது. (மண்டலம்: சென்னை மத்திய மண்டலம்)
TN-NLP-6274,ஜிஎஸ்டி சாலையில் பல தெருவிளக்குகள் எரியாமல் இருள் சூழ்ந்து விபத்து அபாயம் நிலவுகிறது. (மண்டலம்: ஆவடி),streetlights,Streetlights & Electrical Hazards,ta,ஆவடி,ஜிஎஸ்டி சாலையில் பல தெருவிளக்குகள் எரியாமல் இருள் சூழ்ந்து விபத்து அபாயம் நிலவுகிறது. (மண்டலம்: ஆவடி)
TN-NLP-6789,கோயம்பேடு மேம்பாலம் அருகில் உள்ள நகராட்சி பேருந்து நிழற்கூரை சேதமடைந்துள்ளது. (மண்டலம்: தாம்பரம்),infrastructure,Public Infrastructure Damage,ta,தாம்பரம்,கோயம்பேடு மேம்பாலம் அருகில் உள்ள நகராட்சி பேருந்து நிழற்கூரை சேதமடைந்துள்ளது. (மண்டலம்: தாம்பரம்)
TN-NLP-6982,தி. நகரில் நள்ளிரவிலும் அதிக சத்தத்துடன் ஒலிபெருக்கி பயன்படுத்துவதால் ஒலி மாசுபாடு ஏற்படுகிறது. (மண்டலம்: சென்னை வடக்கு),other,Other / General Municipal Operations,ta,சென்னை வடக்கு,தி. நகரில் நள்ளிரவிலும் அதிக சத்தத்துடன் ஒலிபெருக்கி பயன்படுத்துவதால் ஒலி மாசுபாடு ஏற்படுகிறது. (மண்டலம்: சென்னை வடக்கு)
TN-NLP-7046,வேளச்சேரி குடியிருப்பு பகுதியில் தெருநாய்களின் தொல்லை அதிகரித்து பொதுமக்கள் அச்சமடைந்துள்ளனர். (மண்டலம்: சென்னை தெற்கு),other,Other / General Municipal Operations,ta,சென்னை தெற்கு,வேளச்சேரி குடியிருப்பு பகுதியில் தெருநாய்களின் தொல்லை அதிகரித்து பொதுமக்கள் அச்சமடைந்துள்ளனர். (மண்டலம்: சென்னை தெற்கு)
TN-NLP-5295,வேளச்சேரி மெயின் ரோட்டில் மழைநீரால் சாலை முற்றிலும் சேதமடைந்து இருசக்கர வாகன ஓட்டிகளுக்கு பேராபத்தை ஏற்படுத்துகிறது. (மண்டலம்: சென்னை மத்திய மண்டலம்),roads,Road Damage & Potholes,ta,சென்னை மத்திய மண்டலம்,வேளச்சேரி மெயின் ரோட்டில் மழைநீரால் சாலை முற்றிலும் சேதமடைந்து இருசக்கர வாகன ஓட்டிகளுக்கு பேராபத்தை ஏற்படுத்துகிறது. (மண்டலம்: சென்னை மத்திய மண்டலம்)
TN-NLP-6255,ஜிஎஸ்டி சாலையில் பல தெருவிளக்குகள் எரியாமல் இருள் சூழ்ந்து விபத்து அபாயம் நிலவுகிறது. (மண்டலம்: தாம்பரம்),streetlights,Streetlights & Electrical Hazards,ta,தாம்பரம்,ஜிஎஸ்டி சாலையில் பல தெருவிளக்குகள் எரியாமல் இருள் சூழ்ந்து விபத்து அபாயம் நிலவுகிறது. (மண்டலம்: தாம்பரம்)
TN-NLP-5842,நுங்கம்பாக்கம் பஸ் நிறுத்தம் அருகில் குப்பைகள் அகற்றப்படாமல் 4 நாட்களாக தேங்கியுள்ளது. (மண்டலம்: தாம்பரம்),garbage,Garbage & Waste Disposal,ta,தாம்பரம்,நுங்கம்பாக்கம் பஸ் நிறுத்தம் அருகில் குப்பைகள் அகற்றப்படாமல் 4 நாட்களாக தேங்கியுள்ளது. (மண்டலம்: தாம்பரம்)
TN-NLP-6048,அண்ணா நகர் 2வது அவென்யூவில் குடிநீர் குழாய் உடைந்து குடிநீர் வீணாகி வருகிறது. (மண்டலம்: சென்னை தெற்கு),water,Water Supply Contamination / Burst,ta,சென்னை தெற்கு,அண்ணா நகர் 2வது அவென்யூவில் குடிநீர் குழாய் உடைந்து குடிநீர் வீணாகி வருகிறது. (மண்டலம்: சென்னை தெற்கு)
TN-NLP-5204,பெருங்குடியில் கடந்த 3 மாதங்களாக சாலைப் பணி அரைகுறையாக விடப்பட்டு பலத்த தூசு மாசுபாடு ஏற்படுகிறது. (மண்டலம்: சென்னை வடக்கு),roads,Road Damage & Potholes,ta,சென்னை வடக்கு,பெருங்குடியில் கடந்த 3 மாதங்களாக சாலைப் பணி அரைகுறையாக விடப்பட்டு பலத்த தூசு மாசுபாடு ஏற்படுகிறது. (மண்டலம்: சென்னை வடக்கு)
TN-NLP-6195,அண்ணா நகர் 2வது அவென்யூவில் குடிநீர் குழாய் உடைந்து குடிநீர் வீணாகி வருகிறது. (மண்டலம்: ஆவடி),water,Water Supply Contamination / Burst,ta,ஆவடி,அண்ணா நகர் 2வது அவென்யூவில் குடிநீர் குழாய் உடைந்து குடிநீர் வீணாகி வருகிறது. (மண்டலம்: ஆவடி)
TN-NLP-5565,கோடம்பாக்கம் தெருவில் கழிவுநீர் குழாய் உடைந்து துர்நாற்றம் வீசுவதுடன் சுகாதார சீர்கேடு ஏற்பட்டுள்ளது. (மண்டலம்: ஆவடி),drainage,Drainage & Sewage Overflow,ta,ஆவடி,கோடம்பாக்கம் தெருவில் கழிவுநீர் குழாய் உடைந்து துர்நாற்றம் வீசுவதுடன் சுகாதார சீர்கேடு ஏற்பட்டுள்ளது. (மண்டலம்: ஆவடி)
TN-NLP-6536,கோயம்பேடு மேம்பாலம் அருகில் உள்ள நகராட்சி பேருந்து நிழற்கூரை சேதமடைந்துள்ளது. (மண்டலம்: சென்னை மத்திய மண்டலம்),infrastructure,Public Infrastructure Damage,ta,சென்னை மத்திய மண்டலம்,கோயம்பேடு மேம்பாலம் அருகில் உள்ள நகராட்சி பேருந்து நிழற்கூரை சேதமடைந்துள்ளது. (மண்டலம்: சென்னை மத்திய மண்டலம்)
TN-NLP-5108,தி. நகர் உஸ்மான் சாலை சந்திப்பில் தார் தளம் அடித்துச் செல்லப்பட்டு பெரிய குழி உருவாகியுள்ளது. (மண்டலம்: ஆவடி),roads,Road Damage & Potholes,ta,ஆவடி,தி. நகர் உஸ்மான் சாலை சந்திப்பில் தார் தளம் அடித்துச் செல்லப்பட்டு பெரிய குழி உருவாகியுள்ளது. (மண்டலம்: ஆவடி)
TN-NLP-5213,வேளச்சேரி மெயின் ரோட்டில் மழைநீரால் சாலை முற்றிலும் சேதமடைந்து இருசக்கர வாகன ஓட்டிகளுக்கு பேராபத்தை ஏற்படுத்துகிறது. (மண்டலம்: சென்னை மத்திய மண்டலம்),roads,Road Damage & Potholes,ta,சென்னை மத்திய மண்டலம்,வேளச்சேரி மெயின் ரோட்டில் மழைநீரால் சாலை முற்றிலும் சேதமடைந்து இருசக்கர வாகன ஓட்டிகளுக்கு பேராபத்தை ஏற்படுத்துகிறது. (மண்டலம்: சென்னை மத்திய மண்டலம்)
TN-NLP-5075,அண்ணா சாலையில் உள்ள பெரும் பள்ளத்தால் போக்குவரத்து நெரிசல் மற்றும் விபத்துக்கள் ஏற்படுகிறது. (மண்டலம்: ஆவடி),roads,Road Damage & Potholes,ta,ஆவடி,அண்ணா சாலையில் உள்ள பெரும் பள்ளத்தால் போக்குவரத்து நெரிசல் மற்றும் விபத்துக்கள் ஏற்படுகிறது. (மண்டலம்: ஆவடி)
TN-NLP-5306,அசோக் நகர் 4வது அவென்யூவில் மழைநீர் வடிகால் அடைப்பால் வீடுகளுக்குள் தண்ணீர் புகுந்துள்ளது. (மண்டலம்: சென்னை தெற்கு),drainage,Drainage & Sewage Overflow,ta,சென்னை தெற்கு,அசோக் நகர் 4வது அவென்யூவில் மழைநீர் வடிகால் அடைப்பால் வீடுகளுக்குள் தண்ணீர் புகுந்துள்ளது. (மண்டலம்: சென்னை தெற்கு)
TN-NLP-5726,திருவான்மியூர் கடற்கரை சாலையில் கட்டுமானக் கழிவுகள் சட்டவிரோதமாகக் கொட்டப்பட்டுள்ளன. (மண்டலம்: ஆவடி),garbage,Garbage & Waste Disposal,ta,ஆவடி,திருவான்மியூர் கடற்கரை சாலையில் கட்டுமானக் கழிவுகள் சட்டவிரோதமாகக் கொட்டப்பட்டுள்ளன. (மண்டலம்: ஆவடி)
TN-NLP-6035,திருவல்லிக்கேணி தெருவில் கடந்த 48 மணி நேரமாக குடிநீர் விநியோகம் முற்றிலும் நிறுத்தப்பட்டுள்ளது. (மண்டலம்: சென்னை மத்திய மண்டலம்),water,Water Supply Contamination / Burst,ta,சென்னை மத்திய மண்டலம்,திருவல்லிக்கேணி தெருவில் கடந்த 48 மணி நேரமாக குடிநீர் விநியோகம் முற்றிலும் நிறுத்தப்பட்டுள்ளது. (மண்டலம்: சென்னை மத்திய மண்டலம்)
TN-NLP-5757,கோயம்பேடு சந்தை சாலையில் குப்பைத் தொட்டிகள் நிரம்பி வழிந்து சுகாதாரக் கேடு விளைவிக்கிறது. (மண்டலம்: சென்னை தெற்கு),garbage,Garbage & Waste Disposal,ta,சென்னை தெற்கு,கோயம்பேடு சந்தை சாலையில் குப்பைத் தொட்டிகள் நிரம்பி வழிந்து சுகாதாரக் கேடு விளைவிக்கிறது. (மண்டலம்: சென்னை தெற்கு)
TN-NLP-5645,திருவான்மியூர் கடற்கரை சாலையில் கட்டுமானக் கழிவுகள் சட்டவிரோதமாகக் கொட்டப்பட்டுள்ளன. (மண்டலம்: சென்னை வடக்கு),garbage,Garbage & Waste Disposal,ta,சென்னை வடக்கு,திருவான்மியூர் கடற்கரை சாலையில் கட்டுமானக் கழிவுகள் சட்டவிரோதமாகக் கொட்டப்பட்டுள்ளன. (மண்டலம்: சென்னை வடக்கு)
TN-NLP-5560,அசோக் நகர் 4வது அவென்யூவில் மழைநீர் வடிகால் அடைப்பால் வீடுகளுக்குள் தண்ணீர் புகுந்துள்ளது. (மண்டலம்: தாம்பரம்),drainage,Drainage & Sewage Overflow,ta,தாம்பரம்,அசோக் நகர் 4வது அவென்யூவில் மழைநீர் வடிகால் அடைப்பால் வீடுகளுக்குள் தண்ணீர் புகுந்துள்ளது. (மண்டலம்: தாம்பரம்)
TN-NLP-6162,திருவல்லிக்கேணி தெருவில் கடந்த 48 மணி நேரமாக குடிநீர் விநியோகம் முற்றிலும் நிறுத்தப்பட்டுள்ளது. (மண்டலம்: ஆவடி),water,Water Supply Contamination / Burst,ta,ஆவடி,திருவல்லிக்கேணி தெருவில் கடந்த 48 மணி நேரமாக குடிநீர் விநியோகம் முற்றிலும் நிறுத்தப்பட்டுள்ளது. (மண்டலம்: ஆவடி)
TN-NLP-5635,நுங்கம்பாக்கம் பஸ் நிறுத்தம் அருகில் குப்பைகள் அகற்றப்படாமல் 4 நாட்களாக தேங்கியுள்ளது. (மண்டலம்: ஆவடி),garbage,Garbage & Waste Disposal,ta,ஆவடி,நுங்கம்பாக்கம் பஸ் நிறுத்தம் அருகில் குப்பைகள் அகற்றப்படாமல் 4 நாட்களாக தேங்கியுள்ளது. (மண்டலம்: ஆவடி)
TN-NLP-5497,அசோக் நகர் 4வது அவென்யூவில் மழைநீர் வடிகால் அடைப்பால் வீடுகளுக்குள் தண்ணீர் புகுந்துள்ளது. (மண்டலம்: சென்னை வடக்கு),drainage,Drainage & Sewage Overflow,ta,சென்னை வடக்கு,அசோக் நகர் 4வது அவென்யூவில் மழைநீர் வடிகால் அடைப்பால் வீடுகளுக்குள் தண்ணீர் புகுந்துள்ளது. (மண்டலம்: சென்னை வடக்கு)
TN-NLP-6181,பெசன்ட் நகரில் விநியோகிக்கப்படும் குடிநீரில் துர்நாற்றமும் கலங்கலான நிறமும் உள்ளது. (மண்டலம்: தாம்பரம்),water,Water Supply Contamination / Burst,ta,தாம்பரம்,பெசன்ட் நகரில் விநியோகிக்கப்படும் குடிநீரில் துர்நாற்றமும் கலங்கலான நிறமும் உள்ளது. (மண்டலம்: தாம்பரம்)
TN-NLP-5693,கோயம்பேடு சந்தை சாலையில் குப்பைத் தொட்டிகள் நிரம்பி வழிந்து சுகாதாரக் கேடு விளைவிக்கிறது. (மண்டலம்: சென்னை தெற்கு),garbage,Garbage & Waste Disposal,ta,சென்னை தெற்கு,கோயம்பேடு சந்தை சாலையில் குப்பைத் தொட்டிகள் நிரம்பி வழிந்து சுகாதாரக் கேடு விளைவிக்கிறது. (மண்டலம்: சென்னை தெற்கு)
TN-NLP-6146,அண்ணா நகர் 2வது அவென்யூவில் குடிநீர் குழாய் உடைந்து குடிநீர் வீணாகி வருகிறது. (மண்டலம்: சென்னை மத்திய மண்டலம்),water,Water Supply Contamination / Burst,ta,சென்னை மத்திய மண்டலம்,அண்ணா நகர் 2வது அவென்யூவில் குடிநீர் குழாய் உடைந்து குடிநீர் வீணாகி வருகிறது. (மண்டலம்: சென்னை மத்திய மண்டலம்)
TN-NLP-5475,அசோக் நகர் 4வது அவென்யூவில் மழைநீர் வடிகால் அடைப்பால் வீடுகளுக்குள் தண்ணீர் புகுந்துள்ளது. (மண்டலம்: தாம்பரம்),drainage,Drainage & Sewage Overflow,ta,தாம்பரம்,அசோக் நகர் 4வது அவென்யூவில் மழைநீர் வடிகால் அடைப்பால் வீடுகளுக்குள் தண்ணீர் புகுந்துள்ளது. (மண்டலம்: தாம்பரம்)
TN-NLP-6738,சிந்தாதிரிப்பேட்டை கூவம் நதி பாலத்தின் சிமெண்ட் கைப்பிடி சுவர் உடைந்து அபாயகரமாக உள்ளது. (மண்டலம்: ஆவடி),infrastructure,Public Infrastructure Damage,ta,ஆவடி,சிந்தாதிரிப்பேட்டை கூவம் நதி பாலத்தின் சிமெண்ட் கைப்பிடி சுவர் உடைந்து அபாயகரமாக உள்ளது. (மண்டலம்: ஆவடி)
TN-NLP-6866,தி. நகரில் நள்ளிரவிலும் அதிக சத்தத்துடன் ஒலிபெருக்கி பயன்படுத்துவதால் ஒலி மாசுபாடு ஏற்படுகிறது. (மண்டலம்: தாம்பரம்),other,Other / General Municipal Operations,ta,தாம்பரம்,தி. நகரில் நள்ளிரவிலும் அதிக சத்தத்துடன் ஒலிபெருக்கி பயன்படுத்துவதால் ஒலி மாசுபாடு ஏற்படுகிறது. (மண்டலம்: தாம்பரம்)
TN-NLP-5663,கோயம்பேடு சந்தை சாலையில் குப்பைத் தொட்டிகள் நிரம்பி வழிந்து சுகாதாரக் கேடு விளைவிக்கிறது. (மண்டலம்: சென்னை தெற்கு),garbage,Garbage & Waste Disposal,ta,சென்னை தெற்கு,கோயம்பேடு சந்தை சாலையில் குப்பைத் தொட்டிகள் நிரம்பி வழிந்து சுகாதாரக் கேடு விளைவிக்கிறது. (மண்டலம்: சென்னை தெற்கு)
TN-NLP-6541,சிந்தாதிரிப்பேட்டை கூவம் நதி பாலத்தின் சிமெண்ட் கைப்பிடி சுவர் உடைந்து அபாயகரமாக உள்ளது. (மண்டலம்: சென்னை தெற்கு),infrastructure,Public Infrastructure Damage,ta,சென்னை தெற்கு,சிந்தாதிரிப்பேட்டை கூவம் நதி பாலத்தின் சிமெண்ட் கைப்பிடி சுவர் உடைந்து அபாயகரமாக உள்ளது. (மண்டலம்: சென்னை தெற்கு)
TN-NLP-5741,கோயம்பேடு சந்தை சாலையில் குப்பைத் தொட்டிகள் நிரம்பி வழிந்து சுகாதாரக் கேடு விளைவிக்கிறது. (மண்டலம்: தாம்பரம்),garbage,Garbage & Waste Disposal,ta,தாம்பரம்,கோயம்பேடு சந்தை சாலையில் குப்பைத் தொட்டிகள் நிரம்பி வழிந்து சுகாதாரக் கேடு விளைவிக்கிறது. (மண்டலம்: தாம்பரம்)
TN-NLP-5066,பெருங்குடியில் கடந்த 3 மாதங்களாக சாலைப் பணி அரைகுறையாக விடப்பட்டு பலத்த தூசு மாசுபாடு ஏற்படுகிறது. (மண்டலம்: சென்னை வடக்கு),roads,Road Damage & Potholes,ta,சென்னை வடக்கு,பெருங்குடியில் கடந்த 3 மாதங்களாக சாலைப் பணி அரைகுறையாக விடப்பட்டு பலத்த தூசு மாசுபாடு ஏற்படுகிறது. (மண்டலம்: சென்னை வடக்கு)
TN-NLP-6238,ஜிஎஸ்டி சாலையில் பல தெருவிளக்குகள் எரியாமல் இருள் சூழ்ந்து விபத்து அபாயம் நிலவுகிறது. (மண்டலம்: சென்னை மத்திய மண்டலம்),streetlights,Streetlights & Electrical Hazards,ta,சென்னை மத்திய மண்டலம்,ஜிஎஸ்டி சாலையில் பல தெருவிளக்குகள் எரியாமல் இருள் சூழ்ந்து விபத்து அபாயம் நிலவுகிறது. (மண்டலம்: சென்னை மத்திய மண்டலம்)
TN-NLP-6676,சிந்தாதிரிப்பேட்டை கூவம் நதி பாலத்தின் சிமெண்ட் கைப்பிடி சுவர் உடைந்து அபாயகரமாக உள்ளது. (மண்டலம்: சென்னை மத்திய மண்டலம்),infrastructure,Public Infrastructure Damage,ta,சென்னை மத்திய மண்டலம்,சிந்தாதிரிப்பேட்டை கூவம் நதி பாலத்தின் சிமெண்ட் கைப்பிடி சுவர் உடைந்து அபாயகரமாக உள்ளது. (மண்டலம்: சென்னை மத்திய மண்டலம்)
TN-NLP-6052,திருவல்லிக்கேணி தெருவில் கடந்த 48 மணி நேரமாக குடிநீர் விநியோகம் முற்றிலும் நிறுத்தப்பட்டுள்ளது. (மண்டலம்: ஆவடி),water,Water Supply Contamination / Burst,ta,ஆவடி,திருவல்லிக்கேணி தெருவில் கடந்த 48 மணி நேரமாக குடிநீர் விநியோகம் முற்றிலும் நிறுத்தப்பட்டுள்ளது. (மண்டலம்: ஆவடி)
TN-NLP-7047,வேளச்சேரி குடியிருப்பு பகுதியில் தெருநாய்களின் தொல்லை அதிகரித்து பொதுமக்கள் அச்சமடைந்துள்ளனர். (மண்டலம்: தாம்பரம்),other,Other / General Municipal Operations,ta,தாம்பரம்,வேளச்சேரி குடியிருப்பு பகுதியில் தெருநாய்களின் தொல்லை அதிகரித்து பொதுமக்கள் அச்சமடைந்துள்ளனர். (மண்டலம்: தாம்பரம்)
TN-NLP-6593,சிந்தாதிரிப்பேட்டை கூவம் நதி பாலத்தின் சிமெண்ட் கைப்பிடி சுவர் உடைந்து அபாயகரமாக உள்ளது. (மண்டலம்: தாம்பரம்),infrastructure,Public Infrastructure Damage,ta,தாம்பரம்,சிந்தாதிரிப்பேட்டை கூவம் நதி பாலத்தின் சிமெண்ட் கைப்பிடி சுவர் உடைந்து அபாயகரமாக உள்ளது. (மண்டலம்: தாம்பரம்)
TN-NLP-7024,வேளச்சேரி குடியிருப்பு பகுதியில் தெருநாய்களின் தொல்லை அதிகரித்து பொதுமக்கள் அச்சமடைந்துள்ளனர். (மண்டலம்: சென்னை மத்திய மண்டலம்),other,Other / General Municipal Operations,ta,சென்னை மத்திய மண்டலம்,வேளச்சேரி குடியிருப்பு பகுதியில் தெருநாய்களின் தொல்லை அதிகரித்து பொதுமக்கள் அச்சமடைந்துள்ளனர். (மண்டலம்: சென்னை மத்திய மண்டலம்)
TN-NLP-5937,திருவல்லிக்கேணி தெருவில் கடந்த 48 மணி நேரமாக குடிநீர் விநியோகம் முற்றிலும் நிறுத்தப்பட்டுள்ளது. (மண்டலம்: சென்னை வடக்கு),water,Water Supply Contamination / Burst,ta,சென்னை வடக்கு,திருவல்லிக்கேணி தெருவில் கடந்த 48 மணி நேரமாக குடிநீர் விநியோகம் முற்றிலும் நிறுத்தப்பட்டுள்ளது. (மண்டலம்: சென்னை வடக்கு)
TN-NLP-5510,கோடம்பாக்கம் தெருவில் கழிவுநீர் குழாய் உடைந்து துர்நாற்றம் வீசுவதுடன் சுகாதார சீர்கேடு ஏற்பட்டுள்ளது. (மண்டலம்: ஆவடி),drainage,Drainage & Sewage Overflow,ta,ஆவடி,கோடம்பாக்கம் தெருவில் கழிவுநீர் குழாய் உடைந்து துர்நாற்றம் வீசுவதுடன் சுகாதார சீர்கேடு ஏற்பட்டுள்ளது. (மண்டலம்: ஆவடி)
TN-NLP-6654,கோயம்பேடு மேம்பாலம் அருகில் உள்ள நகராட்சி பேருந்து நிழற்கூரை சேதமடைந்துள்ளது. (மண்டலம்: சென்னை வடக்கு),infrastructure,Public Infrastructure Damage,ta,சென்னை வடக்கு,கோயம்பேடு மேம்பாலம் அருகில் உள்ள நகராட்சி பேருந்து நிழற்கூரை சேதமடைந்துள்ளது. (மண்டலம்: சென்னை வடக்கு)
TN-NLP-6297,ஜிஎஸ்டி சாலையில் பல தெருவிளக்குகள் எரியாமல் இருள் சூழ்ந்து விபத்து அபாயம் நிலவுகிறது. (மண்டலம்: ஆவடி),streetlights,Streetlights & Electrical Hazards,ta,ஆவடி,ஜிஎஸ்டி சாலையில் பல தெருவிளக்குகள் எரியாமல் இருள் சூழ்ந்து விபத்து அபாயம் நிலவுகிறது. (மண்டலம்: ஆவடி)
TN-NLP-6896,வேளச்சேரி குடியிருப்பு பகுதியில் தெருநாய்களின் தொல்லை அதிகரித்து பொதுமக்கள் அச்சமடைந்துள்ளனர். (மண்டலம்: சென்னை மத்திய மண்டலம்),other,Other / General Municipal Operations,ta,சென்னை மத்திய மண்டலம்,வேளச்சேரி குடியிருப்பு பகுதியில் தெருநாய்களின் தொல்லை அதிகரித்து பொதுமக்கள் அச்சமடைந்துள்ளனர். (மண்டலம்: சென்னை மத்திய மண்டலம்)
TN-NLP-6047,பெசன்ட் நகரில் விநியோகிக்கப்படும் குடிநீரில் துர்நாற்றமும் கலங்கலான நிறமும் உள்ளது. (மண்டலம்: சென்னை வடக்கு),water,Water Supply Contamination / Burst,ta,சென்னை வடக்கு,பெசன்ட் நகரில் விநியோகிக்கப்படும் குடிநீரில் துர்நாற்றமும் கலங்கலான நிறமும் உள்ளது. (மண்டலம்: சென்னை வடக்கு)
TN-NLP-6869,தி. நகரில் நள்ளிரவிலும் அதிக சத்தத்துடன் ஒலிபெருக்கி பயன்படுத்துவதால் ஒலி மாசுபாடு ஏற்படுகிறது. (மண்டலம்: ஆவடி),other,Other / General Municipal Operations,ta,ஆவடி,தி. நகரில் நள்ளிரவிலும் அதிக சத்தத்துடன் ஒலிபெருக்கி பயன்படுத்துவதால் ஒலி மாசுபாடு ஏற்படுகிறது. (மண்டலம்: ஆவடி)
TN-NLP-6706,கோயம்பேடு மேம்பாலம் அருகில் உள்ள நகராட்சி பேருந்து நிழற்கூரை சேதமடைந்துள்ளது. (மண்டலம்: சென்னை வடக்கு),infrastructure,Public Infrastructure Damage,ta,சென்னை வடக்கு,கோயம்பேடு மேம்பாலம் அருகில் உள்ள நகராட்சி பேருந்து நிழற்கூரை சேதமடைந்துள்ளது. (மண்டலம்: சென்னை வடக்கு)
TN-NLP-5326,கோடம்பாக்கம் தெருவில் கழிவுநீர் குழாய் உடைந்து துர்நாற்றம் வீசுவதுடன் சுகாதார சீர்கேடு ஏற்பட்டுள்ளது. (மண்டலம்: ஆவடி),drainage,Drainage & Sewage Overflow,ta,ஆவடி,கோடம்பாக்கம் தெருவில் கழிவுநீர் குழாய் உடைந்து துர்நாற்றம் வீசுவதுடன் சுகாதார சீர்கேடு ஏற்பட்டுள்ளது. (மண்டலம்: ஆவடி)
TN-NLP-5965,திருவல்லிக்கேணி தெருவில் கடந்த 48 மணி நேரமாக குடிநீர் விநியோகம் முற்றிலும் நிறுத்தப்பட்டுள்ளது. (மண்டலம்: சென்னை மத்திய மண்டலம்),water,Water Supply Contamination / Burst,ta,சென்னை மத்திய மண்டலம்,திருவல்லிக்கேணி தெருவில் கடந்த 48 மணி நேரமாக குடிநீர் விநியோகம் முற்றிலும் நிறுத்தப்பட்டுள்ளது. (மண்டலம்: சென்னை மத்திய மண்டலம்)
TN-NLP-7056,தி. நகரில் நள்ளிரவிலும் அதிக சத்தத்துடன் ஒலிபெருக்கி பயன்படுத்துவதால் ஒலி மாசுபாடு ஏற்படுகிறது. (மண்டலம்: தாம்பரம்),other,Other / General Municipal Operations,ta,தாம்பரம்,தி. நகரில் நள்ளிரவிலும் அதிக சத்தத்துடன் ஒலிபெருக்கி பயன்படுத்துவதால் ஒலி மாசுபாடு ஏற்படுகிறது. (மண்டலம்: தாம்பரம்)
TN-NLP-5930,திருவல்லிக்கேணி தெருவில் கடந்த 48 மணி நேரமாக குடிநீர் விநியோகம் முற்றிலும் நிறுத்தப்பட்டுள்ளது. (மண்டலம்: தாம்பரம்),water,Water Supply Contamination / Burst,ta,தாம்பரம்,திருவல்லிக்கேணி தெருவில் கடந்த 48 மணி நேரமாக குடிநீர் விநியோகம் முற்றிலும் நிறுத்தப்பட்டுள்ளது. (மண்டலம்: தாம்பரம்)
TN-NLP-6063,அண்ணா நகர் 2வது அவென்யூவில் குடிநீர் குழாய் உடைந்து குடிநீர் வீணாகி வருகிறது. (மண்டலம்: சென்னை மத்திய மண்டலம்),water,Water Supply Contamination / Burst,ta,சென்னை மத்திய மண்டலம்,அண்ணா நகர் 2வது அவென்யூவில் குடிநீர் குழாய் உடைந்து குடிநீர் வீணாகி வருகிறது. (மண்டலம்: சென்னை மத்திய மண்டலம்)
TN-NLP-6862,தி. நகரில் நள்ளிரவிலும் அதிக சத்தத்துடன் ஒலிபெருக்கி பயன்படுத்துவதால் ஒலி மாசுபாடு ஏற்படுகிறது. (மண்டலம்: சென்னை தெற்கு),other,Other / General Municipal Operations,ta,சென்னை தெற்கு,தி. நகரில் நள்ளிரவிலும் அதிக சத்தத்துடன் ஒலிபெருக்கி பயன்படுத்துவதால் ஒலி மாசுபாடு ஏற்படுகிறது. (மண்டலம்: சென்னை தெற்கு)
TN-NLP-5113,அண்ணா சாலையில் உள்ள பெரும் பள்ளத்தால் போக்குவரத்து நெரிசல் மற்றும் விபத்துக்கள் ஏற்படுகிறது. (மண்டலம்: சென்னை வடக்கு),roads,Road Damage & Potholes,ta,சென்னை வடக்கு,அண்ணா சாலையில் உள்ள பெரும் பள்ளத்தால் போக்குவரத்து நெரிசல் மற்றும் விபத்துக்கள் ஏற்படுகிறது. (மண்டலம்: சென்னை வடக்கு)
TN-NLP-5932,திருவல்லிக்கேணி தெருவில் கடந்த 48 மணி நேரமாக குடிநீர் விநியோகம் முற்றிலும் நிறுத்தப்பட்டுள்ளது. (மண்டலம்: சென்னை மத்திய மண்டலம்),water,Water Supply Contamination / Burst,ta,சென்னை மத்திய மண்டலம்,திருவல்லிக்கேணி தெருவில் கடந்த 48 மணி நேரமாக குடிநீர் விநியோகம் முற்றிலும் நிறுத்தப்பட்டுள்ளது. (மண்டலம்: சென்னை மத்திய மண்டலம்)
TN-NLP-5409,கோடம்பாக்கம் தெருவில் கழிவுநீர் குழாய் உடைந்து துர்நாற்றம் வீசுவதுடன் சுகாதார சீர்கேடு ஏற்பட்டுள்ளது. (மண்டலம்: சென்னை வடக்கு),drainage,Drainage & Sewage Overflow,ta,சென்னை வடக்கு,கோடம்பாக்கம் தெருவில் கழிவுநீர் குழாய் உடைந்து துர்நாற்றம் வீசுவதுடன் சுகாதார சீர்கேடு ஏற்பட்டுள்ளது. (மண்டலம்: சென்னை வடக்கு)
TN-NLP-5293,அண்ணா சாலையில் உள்ள பெரும் பள்ளத்தால் போக்குவரத்து நெரிசல் மற்றும் விபத்துக்கள் ஏற்படுகிறது. (மண்டலம்: தாம்பரம்),roads,Road Damage & Potholes,ta,தாம்பரம்,அண்ணா சாலையில் உள்ள பெரும் பள்ளத்தால் போக்குவரத்து நெரிசல் மற்றும் விபத்துக்கள் ஏற்படுகிறது. (மண்டலம்: தாம்பரம்)
TN-NLP-6890,வேளச்சேரி குடியிருப்பு பகுதியில் தெருநாய்களின் தொல்லை அதிகரித்து பொதுமக்கள் அச்சமடைந்துள்ளனர். (மண்டலம்: சென்னை தெற்கு),other,Other / General Municipal Operations,ta,சென்னை தெற்கு,வேளச்சேரி குடியிருப்பு பகுதியில் தெருநாய்களின் தொல்லை அதிகரித்து பொதுமக்கள் அச்சமடைந்துள்ளனர். (மண்டலம்: சென்னை தெற்கு)
TN-NLP-6272,ஜிஎஸ்டி சாலையில் பல தெருவிளக்குகள் எரியாமல் இருள் சூழ்ந்து விபத்து அபாயம் நிலவுகிறது. (மண்டலம்: தாம்பரம்),streetlights,Streetlights & Electrical Hazards,ta,தாம்பரம்,ஜிஎஸ்டி சாலையில் பல தெருவிளக்குகள் எரியாமல் இருள் சூழ்ந்து விபத்து அபாயம் நிலவுகிறது. (மண்டலம்: தாம்பரம்)
TN-NLP-5674,நுங்கம்பாக்கம் பஸ் நிறுத்தம் அருகில் குப்பைகள் அகற்றப்படாமல் 4 நாட்களாக தேங்கியுள்ளது. (மண்டலம்: தாம்பரம்),garbage,Garbage & Waste Disposal,ta,தாம்பரம்,நுங்கம்பாக்கம் பஸ் நிறுத்தம் அருகில் குப்பைகள் அகற்றப்படாமல் 4 நாட்களாக தேங்கியுள்ளது. (மண்டலம்: தாம்பரம்)
TN-NLP-6958,வேளச்சேரி குடியிருப்பு பகுதியில் தெருநாய்களின் தொல்லை அதிகரித்து பொதுமக்கள் அச்சமடைந்துள்ளனர். (மண்டலம்: தாம்பரம்),other,Other / General Municipal Operations,ta,தாம்பரம்,வேளச்சேரி குடியிருப்பு பகுதியில் தெருநாய்களின் தொல்லை அதிகரித்து பொதுமக்கள் அச்சமடைந்துள்ளனர். (மண்டலம்: தாம்பரம்)
TN-NLP-6392,பெருங்குடி ஓஎம்ஆர் சாலையில் மின்கம்பத்தில் இருந்து ஆபத்தான முறையில் மின்வயர் தொங்குகிறது. (மண்டலம்: சென்னை வடக்கு),streetlights,Streetlights & Electrical Hazards,ta,சென்னை வடக்கு,பெருங்குடி ஓஎம்ஆர் சாலையில் மின்கம்பத்தில் இருந்து ஆபத்தான முறையில் மின்வயர் தொங்குகிறது. (மண்டலம்: சென்னை வடக்கு)
TN-NLP-5806,திருவான்மியூர் கடற்கரை சாலையில் கட்டுமானக் கழிவுகள் சட்டவிரோதமாகக் கொட்டப்பட்டுள்ளன. (மண்டலம்: சென்னை வடக்கு),garbage,Garbage & Waste Disposal,ta,சென்னை வடக்கு,திருவான்மியூர் கடற்கரை சாலையில் கட்டுமானக் கழிவுகள் சட்டவிரோதமாகக் கொட்டப்பட்டுள்ளன. (மண்டலம்: சென்னை வடக்கு)
TN-NLP-5242,தி. நகர் உஸ்மான் சாலை சந்திப்பில் தார் தளம் அடித்துச் செல்லப்பட்டு பெரிய குழி உருவாகியுள்ளது. (மண்டலம்: சென்னை தெற்கு),roads,Road Damage & Potholes,ta,சென்னை தெற்கு,தி. நகர் உஸ்மான் சாலை சந்திப்பில் தார் தளம் அடித்துச் செல்லப்பட்டு பெரிய குழி உருவாகியுள்ளது. (மண்டலம்: சென்னை தெற்கு)
TN-NLP-6482,ஜிஎஸ்டி சாலையில் பல தெருவிளக்குகள் எரியாமல் இருள் சூழ்ந்து விபத்து அபாயம் நிலவுகிறது. (மண்டலம்: சென்னை தெற்கு),streetlights,Streetlights & Electrical Hazards,ta,சென்னை தெற்கு,ஜிஎஸ்டி சாலையில் பல தெருவிளக்குகள் எரியாமல் இருள் சூழ்ந்து விபத்து அபாயம் நிலவுகிறது. (மண்டலம்: சென்னை தெற்கு)
TN-NLP-6062,பெசன்ட் நகரில் விநியோகிக்கப்படும் குடிநீரில் துர்நாற்றமும் கலங்கலான நிறமும் உள்ளது. (மண்டலம்: தாம்பரம்),water,Water Supply Contamination / Burst,ta,தாம்பரம்,பெசன்ட் நகரில் விநியோகிக்கப்படும் குடிநீரில் துர்நாற்றமும் கலங்கலான நிறமும் உள்ளது. (மண்டலம்: தாம்பரம்)
TN-NLP-5711,திருவான்மியூர் கடற்கரை சாலையில் கட்டுமானக் கழிவுகள் சட்டவிரோதமாகக் கொட்டப்பட்டுள்ளன. (மண்டலம்: தாம்பரம்),garbage,Garbage & Waste Disposal,ta,தாம்பரம்,திருவான்மியூர் கடற்கரை சாலையில் கட்டுமானக் கழிவுகள் சட்டவிரோதமாகக் கொட்டப்பட்டுள்ளன. (மண்டலம்: தாம்பரம்)
TN-NLP-6081,பெசன்ட் நகரில் விநியோகிக்கப்படும் குடிநீரில் துர்நாற்றமும் கலங்கலான நிறமும் உள்ளது. (மண்டலம்: சென்னை தெற்கு),water,Water Supply Contamination / Burst,ta,சென்னை தெற்கு,பெசன்ட் நகரில் விநியோகிக்கப்படும் குடிநீரில் துர்நாற்றமும் கலங்கலான நிறமும் உள்ளது. (மண்டலம்: சென்னை தெற்கு)
TN-NLP-5612,நுங்கம்பாக்கம் பஸ் நிறுத்தம் அருகில் குப்பைகள் அகற்றப்படாமல் 4 நாட்களாக தேங்கியுள்ளது. (மண்டலம்: சென்னை வடக்கு),garbage,Garbage & Waste Disposal,ta,சென்னை வடக்கு,நுங்கம்பாக்கம் பஸ் நிறுத்தம் அருகில் குப்பைகள் அகற்றப்படாமல் 4 நாட்களாக தேங்கியுள்ளது. (மண்டலம்: சென்னை வடக்கு)
TN-NLP-6224,ஜிஎஸ்டி சாலையில் பல தெருவிளக்குகள் எரியாமல் இருள் சூழ்ந்து விபத்து அபாயம் நிலவுகிறது. (மண்டலம்: சென்னை தெற்கு),streetlights,Streetlights & Electrical Hazards,ta,சென்னை தெற்கு,ஜிஎஸ்டி சாலையில் பல தெருவிளக்குகள் எரியாமல் இருள் சூழ்ந்து விபத்து அபாயம் நிலவுகிறது. (மண்டலம்: சென்னை தெற்கு)
TN-NLP-5229,அண்ணா சாலையில் உள்ள பெரும் பள்ளத்தால் போக்குவரத்து நெரிசல் மற்றும் விபத்துக்கள் ஏற்படுகிறது. (மண்டலம்: சென்னை மத்திய மண்டலம்),roads,Road Damage & Potholes,ta,சென்னை மத்திய மண்டலம்,அண்ணா சாலையில் உள்ள பெரும் பள்ளத்தால் போக்குவரத்து நெரிசல் மற்றும் விபத்துக்கள் ஏற்படுகிறது. (மண்டலம்: சென்னை மத்திய மண்டலம்)
TN-NLP-5477,கோடம்பாக்கம் தெருவில் கழிவுநீர் குழாய் உடைந்து துர்நாற்றம் வீசுவதுடன் சுகாதார சீர்கேடு ஏற்பட்டுள்ளது. (மண்டலம்: ஆவடி),drainage,Drainage & Sewage Overflow,ta,ஆவடி,கோடம்பாக்கம் தெருவில் கழிவுநீர் குழாய் உடைந்து துர்நாற்றம் வீசுவதுடன் சுகாதார சீர்கேடு ஏற்பட்டுள்ளது. (மண்டலம்: ஆவடி)
TN-NLP-6725,சிந்தாதிரிப்பேட்டை கூவம் நதி பாலத்தின் சிமெண்ட் கைப்பிடி சுவர் உடைந்து அபாயகரமாக உள்ளது. (மண்டலம்: சென்னை வடக்கு),infrastructure,Public Infrastructure Damage,ta,சென்னை வடக்கு,சிந்தாதிரிப்பேட்டை கூவம் நதி பாலத்தின் சிமெண்ட் கைப்பிடி சுவர் உடைந்து அபாயகரமாக உள்ளது. (மண்டலம்: சென்னை வடக்கு)
TN-NLP-6329,ஜிஎஸ்டி சாலையில் பல தெருவிளக்குகள் எரியாமல் இருள் சூழ்ந்து விபத்து அபாயம் நிலவுகிறது. (மண்டலம்: சென்னை மத்திய மண்டலம்),streetlights,Streetlights & Electrical Hazards,ta,சென்னை மத்திய மண்டலம்,ஜிஎஸ்டி சாலையில் பல தெருவிளக்குகள் எரியாமல் இருள் சூழ்ந்து விபத்து அபாயம் நிலவுகிறது. (மண்டலம்: சென்னை மத்திய மண்டலம்)
TN-NLP-5125,வேளச்சேரி மெயின் ரோட்டில் மழைநீரால் சாலை முற்றிலும் சேதமடைந்து இருசக்கர வாகன ஓட்டிகளுக்கு பேராபத்தை ஏற்படுத்துகிறது. (மண்டலம்: ஆவடி),roads,Road Damage & Potholes,ta,ஆவடி,வேளச்சேரி மெயின் ரோட்டில் மழைநீரால் சாலை முற்றிலும் சேதமடைந்து இருசக்கர வாகன ஓட்டிகளுக்கு பேராபத்தை ஏற்படுத்துகிறது. (மண்டலம்: ஆவடி)
TN-NLP-6431,ஜிஎஸ்டி சாலையில் பல தெருவிளக்குகள் எரியாமல் இருள் சூழ்ந்து விபத்து அபாயம் நிலவுகிறது. (மண்டலம்: சென்னை தெற்கு),streetlights,Streetlights & Electrical Hazards,ta,சென்னை தெற்கு,ஜிஎஸ்டி சாலையில் பல தெருவிளக்குகள் எரியாமல் இருள் சூழ்ந்து விபத்து அபாயம் நிலவுகிறது. (மண்டலம்: சென்னை தெற்கு)
TN-NLP-6167,பெசன்ட் நகரில் விநியோகிக்கப்படும் குடிநீரில் துர்நாற்றமும் கலங்கலான நிறமும் உள்ளது. (மண்டலம்: சென்னை மத்திய மண்டலம்),water,Water Supply Contamination / Burst,ta,சென்னை மத்திய மண்டலம்,பெசன்ட் நகரில் விநியோகிக்கப்படும் குடிநீரில் துர்நாற்றமும் கலங்கலான நிறமும் உள்ளது. (மண்டலம்: சென்னை மத்திய மண்டலம்)
TN-NLP-6578,கோயம்பேடு மேம்பாலம் அருகில் உள்ள நகராட்சி பேருந்து நிழற்கூரை சேதமடைந்துள்ளது. (மண்டலம்: சென்னை வடக்கு),infrastructure,Public Infrastructure Damage,ta,சென்னை வடக்கு,கோயம்பேடு மேம்பாலம் அருகில் உள்ள நகராட்சி பேருந்து நிழற்கூரை சேதமடைந்துள்ளது. (மண்டலம்: சென்னை வடக்கு)
TN-NLP-6762,சிந்தாதிரிப்பேட்டை கூவம் நதி பாலத்தின் சிமெண்ட் கைப்பிடி சுவர் உடைந்து அபாயகரமாக உள்ளது. (மண்டலம்: சென்னை தெற்கு),infrastructure,Public Infrastructure Damage,ta,சென்னை தெற்கு,சிந்தாதிரிப்பேட்டை கூவம் நதி பாலத்தின் சிமெண்ட் கைப்பிடி சுவர் உடைந்து அபாயகரமாக உள்ளது. (மண்டலம்: சென்னை தெற்கு)
TN-NLP-6325,பெருங்குடி ஓஎம்ஆர் சாலையில் மின்கம்பத்தில் இருந்து ஆபத்தான முறையில் மின்வயர் தொங்குகிறது. (மண்டலம்: சென்னை வடக்கு),streetlights,Streetlights & Electrical Hazards,ta,சென்னை வடக்கு,பெருங்குடி ஓஎம்ஆர் சாலையில் மின்கம்பத்தில் இருந்து ஆபத்தான முறையில் மின்வயர் தொங்குகிறது. (மண்டலம்: சென்னை வடக்கு)
TN-NLP-5889,திருவான்மியூர் கடற்கரை சாலையில் கட்டுமானக் கழிவுகள் சட்டவிரோதமாகக் கொட்டப்பட்டுள்ளன. (மண்டலம்: ஆவடி),garbage,Garbage & Waste Disposal,ta,ஆவடி,திருவான்மியூர் கடற்கரை சாலையில் கட்டுமானக் கழிவுகள் சட்டவிரோதமாகக் கொட்டப்பட்டுள்ளன. (மண்டலம்: ஆவடி)
TN-NLP-5254,பெருங்குடியில் கடந்த 3 மாதங்களாக சாலைப் பணி அரைகுறையாக விடப்பட்டு பலத்த தூசு மாசுபாடு ஏற்படுகிறது. (மண்டலம்: ஆவடி),roads,Road Damage & Potholes,ta,ஆவடி,பெருங்குடியில் கடந்த 3 மாதங்களாக சாலைப் பணி அரைகுறையாக விடப்பட்டு பலத்த தூசு மாசுபாடு ஏற்படுகிறது. (மண்டலம்: ஆவடி)
TN-NLP-5748,திருவான்மியூர் கடற்கரை சாலையில் கட்டுமானக் கழிவுகள் சட்டவிரோதமாகக் கொட்டப்பட்டுள்ளன. (மண்டலம்: தாம்பரம்),garbage,Garbage & Waste Disposal,ta,தாம்பரம்,திருவான்மியூர் கடற்கரை சாலையில் கட்டுமானக் கழிவுகள் சட்டவிரோதமாகக் கொட்டப்பட்டுள்ளன. (மண்டலம்: தாம்பரம்)
TN-NLP-6134,பெசன்ட் நகரில் விநியோகிக்கப்படும் குடிநீரில் துர்நாற்றமும் கலங்கலான நிறமும் உள்ளது. (மண்டலம்: சென்னை வடக்கு),water,Water Supply Contamination / Burst,ta,சென்னை வடக்கு,பெசன்ட் நகரில் விநியோகிக்கப்படும் குடிநீரில் துர்நாற்றமும் கலங்கலான நிறமும் உள்ளது. (மண்டலம்: சென்னை வடக்கு)
TN-NLP-6118,அண்ணா நகர் 2வது அவென்யூவில் குடிநீர் குழாய் உடைந்து குடிநீர் வீணாகி வருகிறது. (மண்டலம்: சென்னை மத்திய மண்டலம்),water,Water Supply Contamination / Burst,ta,சென்னை மத்திய மண்டலம்,அண்ணா நகர் 2வது அவென்யூவில் குடிநீர் குழாய் உடைந்து குடிநீர் வீணாகி வருகிறது. (மண்டலம்: சென்னை மத்திய மண்டலம்)
TN-NLP-5752,கோயம்பேடு சந்தை சாலையில் குப்பைத் தொட்டிகள் நிரம்பி வழிந்து சுகாதாரக் கேடு விளைவிக்கிறது. (மண்டலம்: ஆவடி),garbage,Garbage & Waste Disposal,ta,ஆவடி,கோயம்பேடு சந்தை சாலையில் குப்பைத் தொட்டிகள் நிரம்பி வழிந்து சுகாதாரக் கேடு விளைவிக்கிறது. (மண்டலம்: ஆவடி)
TN-NLP-5588,கோடம்பாக்கம் தெருவில் கழிவுநீர் குழாய் உடைந்து துர்நாற்றம் வீசுவதுடன் சுகாதார சீர்கேடு ஏற்பட்டுள்ளது. (மண்டலம்: தாம்பரம்),drainage,Drainage & Sewage Overflow,ta,தாம்பரம்,கோடம்பாக்கம் தெருவில் கழிவுநீர் குழாய் உடைந்து துர்நாற்றம் வீசுவதுடன் சுகாதார சீர்கேடு ஏற்பட்டுள்ளது. (மண்டலம்: தாம்பரம்)
TN-NLP-5329,அசோக் நகர் 4வது அவென்யூவில் மழைநீர் வடிகால் அடைப்பால் வீடுகளுக்குள் தண்ணீர் புகுந்துள்ளது. (மண்டலம்: சென்னை மத்திய மண்டலம்),drainage,Drainage & Sewage Overflow,ta,சென்னை மத்திய மண்டலம்,அசோக் நகர் 4வது அவென்யூவில் மழைநீர் வடிகால் அடைப்பால் வீடுகளுக்குள் தண்ணீர் புகுந்துள்ளது. (மண்டலம்: சென்னை மத்திய மண்டலம்)
TN-NLP-6900,தி. நகரில் நள்ளிரவிலும் அதிக சத்தத்துடன் ஒலிபெருக்கி பயன்படுத்துவதால் ஒலி மாசுபாடு ஏற்படுகிறது. (மண்டலம்: சென்னை மத்திய மண்டலம்),other,Other / General Municipal Operations,ta,சென்னை மத்திய மண்டலம்,தி. நகரில் நள்ளிரவிலும் அதிக சத்தத்துடன் ஒலிபெருக்கி பயன்படுத்துவதால் ஒலி மாசுபாடு ஏற்படுகிறது. (மண்டலம்: சென்னை மத்திய மண்டலம்)
TN-NLP-5042,அண்ணா சாலையில் உள்ள பெரும் பள்ளத்தால் போக்குவரத்து நெரிசல் மற்றும் விபத்துக்கள் ஏற்படுகிறது. (மண்டலம்: ஆவடி),roads,Road Damage & Potholes,ta,ஆவடி,அண்ணா சாலையில் உள்ள பெரும் பள்ளத்தால் போக்குவரத்து நெரிசல் மற்றும் விபத்துக்கள் ஏற்படுகிறது. (மண்டலம்: ஆவடி)
TN-NLP-5215,தி. நகர் உஸ்மான் சாலை சந்திப்பில் தார் தளம் அடித்துச் செல்லப்பட்டு பெரிய குழி உருவாகியுள்ளது. (மண்டலம்: சென்னை தெற்கு),roads,Road Damage & Potholes,ta,சென்னை தெற்கு,தி. நகர் உஸ்மான் சாலை சந்திப்பில் தார் தளம் அடித்துச் செல்லப்பட்டு பெரிய குழி உருவாகியுள்ளது. (மண்டலம்: சென்னை தெற்கு)
TN-NLP-6876,தி. நகரில் நள்ளிரவிலும் அதிக சத்தத்துடன் ஒலிபெருக்கி பயன்படுத்துவதால் ஒலி மாசுபாடு ஏற்படுகிறது. (மண்டலம்: சென்னை வடக்கு),other,Other / General Municipal Operations,ta,சென்னை வடக்கு,தி. நகரில் நள்ளிரவிலும் அதிக சத்தத்துடன் ஒலிபெருக்கி பயன்படுத்துவதால் ஒலி மாசுபாடு ஏற்படுகிறது. (மண்டலம்: சென்னை வடக்கு)
TN-NLP-6219,பெருங்குடி ஓஎம்ஆர் சாலையில் மின்கம்பத்தில் இருந்து ஆபத்தான முறையில் மின்வயர் தொங்குகிறது. (மண்டலம்: தாம்பரம்),streetlights,Streetlights & Electrical Hazards,ta,தாம்பரம்,பெருங்குடி ஓஎம்ஆர் சாலையில் மின்கம்பத்தில் இருந்து ஆபத்தான முறையில் மின்வயர் தொங்குகிறது. (மண்டலம்: தாம்பரம்)
TN-NLP-6771,கோயம்பேடு மேம்பாலம் அருகில் உள்ள நகராட்சி பேருந்து நிழற்கூரை சேதமடைந்துள்ளது. (மண்டலம்: சென்னை மத்திய மண்டலம்),infrastructure,Public Infrastructure Damage,ta,சென்னை மத்திய மண்டலம்,கோயம்பேடு மேம்பாலம் அருகில் உள்ள நகராட்சி பேருந்து நிழற்கூரை சேதமடைந்துள்ளது. (மண்டலம்: சென்னை மத்திய மண்டலம்)
TN-NLP-5238,அண்ணா சாலையில் உள்ள பெரும் பள்ளத்தால் போக்குவரத்து நெரிசல் மற்றும் விபத்துக்கள் ஏற்படுகிறது. (மண்டலம்: ஆவடி),roads,Road Damage & Potholes,ta,ஆவடி,அண்ணா சாலையில் உள்ள பெரும் பள்ளத்தால் போக்குவரத்து நெரிசல் மற்றும் விபத்துக்கள் ஏற்படுகிறது. (மண்டலம்: ஆவடி)
TN-NLP-5417,கோடம்பாக்கம் தெருவில் கழிவுநீர் குழாய் உடைந்து துர்நாற்றம் வீசுவதுடன் சுகாதார சீர்கேடு ஏற்பட்டுள்ளது. (மண்டலம்: சென்னை மத்திய மண்டலம்),drainage,Drainage & Sewage Overflow,ta,சென்னை மத்திய மண்டலம்,கோடம்பாக்கம் தெருவில் கழிவுநீர் குழாய் உடைந்து துர்நாற்றம் வீசுவதுடன் சுகாதார சீர்கேடு ஏற்பட்டுள்ளது. (மண்டலம்: சென்னை மத்திய மண்டலம்)
TN-NLP-6040,திருவல்லிக்கேணி தெருவில் கடந்த 48 மணி நேரமாக குடிநீர் விநியோகம் முற்றிலும் நிறுத்தப்பட்டுள்ளது. (மண்டலம்: ஆவடி),water,Water Supply Contamination / Burst,ta,ஆவடி,திருவல்லிக்கேணி தெருவில் கடந்த 48 மணி நேரமாக குடிநீர் விநியோகம் முற்றிலும் நிறுத்தப்பட்டுள்ளது. (மண்டலம்: ஆவடி)
TN-NLP-7002,தி. நகரில் நள்ளிரவிலும் அதிக சத்தத்துடன் ஒலிபெருக்கி பயன்படுத்துவதால் ஒலி மாசுபாடு ஏற்படுகிறது. (மண்டலம்: தாம்பரம்),other,Other / General Municipal Operations,ta,தாம்பரம்,தி. நகரில் நள்ளிரவிலும் அதிக சத்தத்துடன் ஒலிபெருக்கி பயன்படுத்துவதால் ஒலி மாசுபாடு ஏற்படுகிறது. (மண்டலம்: தாம்பரம்)
TN-NLP-5627,திருவான்மியூர் கடற்கரை சாலையில் கட்டுமானக் கழிவுகள் சட்டவிரோதமாகக் கொட்டப்பட்டுள்ளன. (மண்டலம்: சென்னை வடக்கு),garbage,Garbage & Waste Disposal,ta,சென்னை வடக்கு,திருவான்மியூர் கடற்கரை சாலையில் கட்டுமானக் கழிவுகள் சட்டவிரோதமாகக் கொட்டப்பட்டுள்ளன. (மண்டலம்: சென்னை வடக்கு)
TN-NLP-5083,பெருங்குடியில் கடந்த 3 மாதங்களாக சாலைப் பணி அரைகுறையாக விடப்பட்டு பலத்த தூசு மாசுபாடு ஏற்படுகிறது. (மண்டலம்: ஆவடி),roads,Road Damage & Potholes,ta,ஆவடி,பெருங்குடியில் கடந்த 3 மாதங்களாக சாலைப் பணி அரைகுறையாக விடப்பட்டு பலத்த தூசு மாசுபாடு ஏற்படுகிறது. (மண்டலம்: ஆவடி)
TN-NLP-6572,சிந்தாதிரிப்பேட்டை கூவம் நதி பாலத்தின் சிமெண்ட் கைப்பிடி சுவர் உடைந்து அபாயகரமாக உள்ளது. (மண்டலம்: சென்னை தெற்கு),infrastructure,Public Infrastructure Damage,ta,சென்னை தெற்கு,சிந்தாதிரிப்பேட்டை கூவம் நதி பாலத்தின் சிமெண்ட் கைப்பிடி சுவர் உடைந்து அபாயகரமாக உள்ளது. (மண்டலம்: சென்னை தெற்கு)
TN-NLP-6469,ஜிஎஸ்டி சாலையில் பல தெருவிளக்குகள் எரியாமல் இருள் சூழ்ந்து விபத்து அபாயம் நிலவுகிறது. (மண்டலம்: சென்னை தெற்கு),streetlights,Streetlights & Electrical Hazards,ta,சென்னை தெற்கு,ஜிஎஸ்டி சாலையில் பல தெருவிளக்குகள் எரியாமல் இருள் சூழ்ந்து விபத்து அபாயம் நிலவுகிறது. (மண்டலம்: சென்னை தெற்கு)
TN-NLP-6579,கோயம்பேடு மேம்பாலம் அருகில் உள்ள நகராட்சி பேருந்து நிழற்கூரை சேதமடைந்துள்ளது. (மண்டலம்: தாம்பரம்),infrastructure,Public Infrastructure Damage,ta,தாம்பரம்,கோயம்பேடு மேம்பாலம் அருகில் உள்ள நகராட்சி பேருந்து நிழற்கூரை சேதமடைந்துள்ளது. (மண்டலம்: தாம்பரம்)
TN-NLP-5158,வேளச்சேரி மெயின் ரோட்டில் மழைநீரால் சாலை முற்றிலும் சேதமடைந்து இருசக்கர வாகன ஓட்டிகளுக்கு பேராபத்தை ஏற்படுத்துகிறது. (மண்டலம்: தாம்பரம்),roads,Road Damage & Potholes,ta,தாம்பரம்,வேளச்சேரி மெயின் ரோட்டில் மழைநீரால் சாலை முற்றிலும் சேதமடைந்து இருசக்கர வாகன ஓட்டிகளுக்கு பேராபத்தை ஏற்படுத்துகிறது. (மண்டலம்: தாம்பரம்)
TN-NLP-5776,திருவான்மியூர் கடற்கரை சாலையில் கட்டுமானக் கழிவுகள் சட்டவிரோதமாகக் கொட்டப்பட்டுள்ளன. (மண்டலம்: தாம்பரம்),garbage,Garbage & Waste Disposal,ta,தாம்பரம்,திருவான்மியூர் கடற்கரை சாலையில் கட்டுமானக் கழிவுகள் சட்டவிரோதமாகக் கொட்டப்பட்டுள்ளன. (மண்டலம்: தாம்பரம்)
TN-NLP-5736,கோயம்பேடு சந்தை சாலையில் குப்பைத் தொட்டிகள் நிரம்பி வழிந்து சுகாதாரக் கேடு விளைவிக்கிறது. (மண்டலம்: ஆவடி),garbage,Garbage & Waste Disposal,ta,ஆவடி,கோயம்பேடு சந்தை சாலையில் குப்பைத் தொட்டிகள் நிரம்பி வழிந்து சுகாதாரக் கேடு விளைவிக்கிறது. (மண்டலம்: ஆவடி)
TN-NLP-5503,அசோக் நகர் 4வது அவென்யூவில் மழைநீர் வடிகால் அடைப்பால் வீடுகளுக்குள் தண்ணீர் புகுந்துள்ளது. (மண்டலம்: சென்னை தெற்கு),drainage,Drainage & Sewage Overflow,ta,சென்னை தெற்கு,அசோக் நகர் 4வது அவென்யூவில் மழைநீர் வடிகால் அடைப்பால் வீடுகளுக்குள் தண்ணீர் புகுந்துள்ளது. (மண்டலம்: சென்னை தெற்கு)
TN-NLP-5869,கோயம்பேடு சந்தை சாலையில் குப்பைத் தொட்டிகள் நிரம்பி வழிந்து சுகாதாரக் கேடு விளைவிக்கிறது. (மண்டலம்: சென்னை மத்திய மண்டலம்),garbage,Garbage & Waste Disposal,ta,சென்னை மத்திய மண்டலம்,கோயம்பேடு சந்தை சாலையில் குப்பைத் தொட்டிகள் நிரம்பி வழிந்து சுகாதாரக் கேடு விளைவிக்கிறது. (மண்டலம்: சென்னை மத்திய மண்டலம்)
TN-NLP-6827,வேளச்சேரி குடியிருப்பு பகுதியில் தெருநாய்களின் தொல்லை அதிகரித்து பொதுமக்கள் அச்சமடைந்துள்ளனர். (மண்டலம்: தாம்பரம்),other,Other / General Municipal Operations,ta,தாம்பரம்,வேளச்சேரி குடியிருப்பு பகுதியில் தெருநாய்களின் தொல்லை அதிகரித்து பொதுமக்கள் அச்சமடைந்துள்ளனர். (மண்டலம்: தாம்பரம்)
TN-NLP-6095,பெசன்ட் நகரில் விநியோகிக்கப்படும் குடிநீரில் துர்நாற்றமும் கலங்கலான நிறமும் உள்ளது. (மண்டலம்: தாம்பரம்),water,Water Supply Contamination / Burst,ta,தாம்பரம்,பெசன்ட் நகரில் விநியோகிக்கப்படும் குடிநீரில் துர்நாற்றமும் கலங்கலான நிறமும் உள்ளது. (மண்டலம்: தாம்பரம்)
TN-NLP-6778,சிந்தாதிரிப்பேட்டை கூவம் நதி பாலத்தின் சிமெண்ட் கைப்பிடி சுவர் உடைந்து அபாயகரமாக உள்ளது. (மண்டலம்: ஆவடி),infrastructure,Public Infrastructure Damage,ta,ஆவடி,சிந்தாதிரிப்பேட்டை கூவம் நதி பாலத்தின் சிமெண்ட் கைப்பிடி சுவர் உடைந்து அபாயகரமாக உள்ளது. (மண்டலம்: ஆவடி)
TN-NLP-6409,ஜிஎஸ்டி சாலையில் பல தெருவிளக்குகள் எரியாமல் இருள் சூழ்ந்து விபத்து அபாயம் நிலவுகிறது. (மண்டலம்: ஆவடி),streetlights,Streetlights & Electrical Hazards,ta,ஆவடி,ஜிஎஸ்டி சாலையில் பல தெருவிளக்குகள் எரியாமல் இருள் சூழ்ந்து விபத்து அபாயம் நிலவுகிறது. (மண்டலம்: ஆவடி)
TN-NLP-5392,ராயப்பேட்டையில் திறந்தவெளி கழிவுநீர் கால்வாயில் இருந்து சாக்கடை நீர் சாலையில் வழிகிறது. (மண்டலம்: சென்னை தெற்கு),drainage,Drainage & Sewage Overflow,ta,சென்னை தெற்கு,ராயப்பேட்டையில் திறந்தவெளி கழிவுநீர் கால்வாயில் இருந்து சாக்கடை நீர் சாலையில் வழிகிறது. (மண்டலம்: சென்னை தெற்கு)
TN-NLP-6909,தி. நகரில் நள்ளிரவிலும் அதிக சத்தத்துடன் ஒலிபெருக்கி பயன்படுத்துவதால் ஒலி மாசுபாடு ஏற்படுகிறது. (மண்டலம்: சென்னை வடக்கு),other,Other / General Municipal Operations,ta,சென்னை வடக்கு,தி. நகரில் நள்ளிரவிலும் அதிக சத்தத்துடன் ஒலிபெருக்கி பயன்படுத்துவதால் ஒலி மாசுபாடு ஏற்படுகிறது. (மண்டலம்: சென்னை வடக்கு)
TN-NLP-6013,திருவல்லிக்கேணி தெருவில் கடந்த 48 மணி நேரமாக குடிநீர் விநியோகம் முற்றிலும் நிறுத்தப்பட்டுள்ளது. (மண்டலம்: சென்னை வடக்கு),water,Water Supply Contamination / Burst,ta,சென்னை வடக்கு,திருவல்லிக்கேணி தெருவில் கடந்த 48 மணி நேரமாக குடிநீர் விநியோகம் முற்றிலும் நிறுத்தப்பட்டுள்ளது. (மண்டலம்: சென்னை வடக்கு)
TN-NLP-5236,வேளச்சேரி மெயின் ரோட்டில் மழைநீரால் சாலை முற்றிலும் சேதமடைந்து இருசக்கர வாகன ஓட்டிகளுக்கு பேராபத்தை ஏற்படுத்துகிறது. (மண்டலம்: ஆவடி),roads,Road Damage & Potholes,ta,ஆவடி,வேளச்சேரி மெயின் ரோட்டில் மழைநீரால் சாலை முற்றிலும் சேதமடைந்து இருசக்கர வாகன ஓட்டிகளுக்கு பேராபத்தை ஏற்படுத்துகிறது. (மண்டலம்: ஆவடி)
TN-NLP-5038,அண்ணா சாலையில் உள்ள பெரும் பள்ளத்தால் போக்குவரத்து நெரிசல் மற்றும் விபத்துக்கள் ஏற்படுகிறது. (மண்டலம்: தாம்பரம்),roads,Road Damage & Potholes,ta,தாம்பரம்,அண்ணா சாலையில் உள்ள பெரும் பள்ளத்தால் போக்குவரத்து நெரிசல் மற்றும் விபத்துக்கள் ஏற்படுகிறது. (மண்டலம்: தாம்பரம்)
TN-NLP-5547,ராயப்பேட்டையில் திறந்தவெளி கழிவுநீர் கால்வாயில் இருந்து சாக்கடை நீர் சாலையில் வழிகிறது. (மண்டலம்: சென்னை மத்திய மண்டலம்),drainage,Drainage & Sewage Overflow,ta,சென்னை மத்திய மண்டலம்,ராயப்பேட்டையில் திறந்தவெளி கழிவுநீர் கால்வாயில் இருந்து சாக்கடை நீர் சாலையில் வழிகிறது. (மண்டலம்: சென்னை மத்திய மண்டலம்)
TN-NLP-6517,கோயம்பேடு மேம்பாலம் அருகில் உள்ள நகராட்சி பேருந்து நிழற்கூரை சேதமடைந்துள்ளது. (மண்டலம்: ஆவடி),infrastructure,Public Infrastructure Damage,ta,ஆவடி,கோயம்பேடு மேம்பாலம் அருகில் உள்ள நகராட்சி பேருந்து நிழற்கூரை சேதமடைந்துள்ளது. (மண்டலம்: ஆவடி)
TN-NLP-5553,கோடம்பாக்கம் தெருவில் கழிவுநீர் குழாய் உடைந்து துர்நாற்றம் வீசுவதுடன் சுகாதார சீர்கேடு ஏற்பட்டுள்ளது. (மண்டலம்: சென்னை வடக்கு),drainage,Drainage & Sewage Overflow,ta,சென்னை வடக்கு,கோடம்பாக்கம் தெருவில் கழிவுநீர் குழாய் உடைந்து துர்நாற்றம் வீசுவதுடன் சுகாதார சீர்கேடு ஏற்பட்டுள்ளது. (மண்டலம்: சென்னை வடக்கு)
TN-NLP-5228,பெருங்குடியில் கடந்த 3 மாதங்களாக சாலைப் பணி அரைகுறையாக விடப்பட்டு பலத்த தூசு மாசுபாடு ஏற்படுகிறது. (மண்டலம்: சென்னை வடக்கு),roads,Road Damage & Potholes,ta,சென்னை வடக்கு,பெருங்குடியில் கடந்த 3 மாதங்களாக சாலைப் பணி அரைகுறையாக விடப்பட்டு பலத்த தூசு மாசுபாடு ஏற்படுகிறது. (மண்டலம்: சென்னை வடக்கு)
TN-NLP-6632,சிந்தாதிரிப்பேட்டை கூவம் நதி பாலத்தின் சிமெண்ட் கைப்பிடி சுவர் உடைந்து அபாயகரமாக உள்ளது. (மண்டலம்: சென்னை வடக்கு),infrastructure,Public Infrastructure Damage,ta,சென்னை வடக்கு,சிந்தாதிரிப்பேட்டை கூவம் நதி பாலத்தின் சிமெண்ட் கைப்பிடி சுவர் உடைந்து அபாயகரமாக உள்ளது. (மண்டலம்: சென்னை வடக்கு)
TN-NLP-5211,பெருங்குடியில் கடந்த 3 மாதங்களாக சாலைப் பணி அரைகுறையாக விடப்பட்டு பலத்த தூசு மாசுபாடு ஏற்படுகிறது. (மண்டலம்: தாம்பரம்),roads,Road Damage & Potholes,ta,தாம்பரம்,பெருங்குடியில் கடந்த 3 மாதங்களாக சாலைப் பணி அரைகுறையாக விடப்பட்டு பலத்த தூசு மாசுபாடு ஏற்படுகிறது. (மண்டலம்: தாம்பரம்)
TN-NLP-6924,வேளச்சேரி குடியிருப்பு பகுதியில் தெருநாய்களின் தொல்லை அதிகரித்து பொதுமக்கள் அச்சமடைந்துள்ளனர். (மண்டலம்: சென்னை மத்திய மண்டலம்),other,Other / General Municipal Operations,ta,சென்னை மத்திய மண்டலம்,வேளச்சேரி குடியிருப்பு பகுதியில் தெருநாய்களின் தொல்லை அதிகரித்து பொதுமக்கள் அச்சமடைந்துள்ளனர். (மண்டலம்: சென்னை மத்திய மண்டலம்)
TN-NLP-5494,கோடம்பாக்கம் தெருவில் கழிவுநீர் குழாய் உடைந்து துர்நாற்றம் வீசுவதுடன் சுகாதார சீர்கேடு ஏற்பட்டுள்ளது. (மண்டலம்: சென்னை மத்திய மண்டலம்),drainage,Drainage & Sewage Overflow,ta,சென்னை மத்திய மண்டலம்,கோடம்பாக்கம் தெருவில் கழிவுநீர் குழாய் உடைந்து துர்நாற்றம் வீசுவதுடன் சுகாதார சீர்கேடு ஏற்பட்டுள்ளது. (மண்டலம்: சென்னை மத்திய மண்டலம்)
TN-NLP-6059,பெசன்ட் நகரில் விநியோகிக்கப்படும் குடிநீரில் துர்நாற்றமும் கலங்கலான நிறமும் உள்ளது. (மண்டலம்: தாம்பரம்),water,Water Supply Contamination / Burst,ta,தாம்பரம்,பெசன்ட் நகரில் விநியோகிக்கப்படும் குடிநீரில் துர்நாற்றமும் கலங்கலான நிறமும் உள்ளது. (மண்டலம்: தாம்பரம்)
TN-NLP-5300,ராயப்பேட்டையில் திறந்தவெளி கழிவுநீர் கால்வாயில் இருந்து சாக்கடை நீர் சாலையில் வழிகிறது. (மண்டலம்: சென்னை தெற்கு),drainage,Drainage & Sewage Overflow,ta,சென்னை தெற்கு,ராயப்பேட்டையில் திறந்தவெளி கழிவுநீர் கால்வாயில் இருந்து சாக்கடை நீர் சாலையில் வழிகிறது. (மண்டலம்: சென்னை தெற்கு)
TN-NLP-5119,பெருங்குடியில் கடந்த 3 மாதங்களாக சாலைப் பணி அரைகுறையாக விடப்பட்டு பலத்த தூசு மாசுபாடு ஏற்படுகிறது. (மண்டலம்: சென்னை தெற்கு),roads,Road Damage & Potholes,ta,சென்னை தெற்கு,பெருங்குடியில் கடந்த 3 மாதங்களாக சாலைப் பணி அரைகுறையாக விடப்பட்டு பலத்த தூசு மாசுபாடு ஏற்படுகிறது. (மண்டலம்: சென்னை தெற்கு)
TN-NLP-5195,பெருங்குடியில் கடந்த 3 மாதங்களாக சாலைப் பணி அரைகுறையாக விடப்பட்டு பலத்த தூசு மாசுபாடு ஏற்படுகிறது. (மண்டலம்: சென்னை வடக்கு),roads,Road Damage & Potholes,ta,சென்னை வடக்கு,பெருங்குடியில் கடந்த 3 மாதங்களாக சாலைப் பணி அரைகுறையாக விடப்பட்டு பலத்த தூசு மாசுபாடு ஏற்படுகிறது. (மண்டலம்: சென்னை வடக்கு)
TN-NLP-7022,வேளச்சேரி குடியிருப்பு பகுதியில் தெருநாய்களின் தொல்லை அதிகரித்து பொதுமக்கள் அச்சமடைந்துள்ளனர். (மண்டலம்: சென்னை மத்திய மண்டலம்),other,Other / General Municipal Operations,ta,சென்னை மத்திய மண்டலம்,வேளச்சேரி குடியிருப்பு பகுதியில் தெருநாய்களின் தொல்லை அதிகரித்து பொதுமக்கள் அச்சமடைந்துள்ளனர். (மண்டலம்: சென்னை மத்திய மண்டலம்)
TN-NLP-5762,நுங்கம்பாக்கம் பஸ் நிறுத்தம் அருகில் குப்பைகள் அகற்றப்படாமல் 4 நாட்களாக தேங்கியுள்ளது. (மண்டலம்: ஆவடி),garbage,Garbage & Waste Disposal,ta,ஆவடி,நுங்கம்பாக்கம் பஸ் நிறுத்தம் அருகில் குப்பைகள் அகற்றப்படாமல் 4 நாட்களாக தேங்கியுள்ளது. (மண்டலம்: ஆவடி)
TN-NLP-5676,நுங்கம்பாக்கம் பஸ் நிறுத்தம் அருகில் குப்பைகள் அகற்றப்படாமல் 4 நாட்களாக தேங்கியுள்ளது. (மண்டலம்: சென்னை வடக்கு),garbage,Garbage & Waste Disposal,ta,சென்னை வடக்கு,நுங்கம்பாக்கம் பஸ் நிறுத்தம் அருகில் குப்பைகள் அகற்றப்படாமல் 4 நாட்களாக தேங்கியுள்ளது. (மண்டலம்: சென்னை வடக்கு)
TN-NLP-5486,கோடம்பாக்கம் தெருவில் கழிவுநீர் குழாய் உடைந்து துர்நாற்றம் வீசுவதுடன் சுகாதார சீர்கேடு ஏற்பட்டுள்ளது. (மண்டலம்: சென்னை மத்திய மண்டலம்),drainage,Drainage & Sewage Overflow,ta,சென்னை மத்திய மண்டலம்,கோடம்பாக்கம் தெருவில் கழிவுநீர் குழாய் உடைந்து துர்நாற்றம் வீசுவதுடன் சுகாதார சீர்கேடு ஏற்பட்டுள்ளது. (மண்டலம்: சென்னை மத்திய மண்டலம்)
TN-NLP-6841,வேளச்சேரி குடியிருப்பு பகுதியில் தெருநாய்களின் தொல்லை அதிகரித்து பொதுமக்கள் அச்சமடைந்துள்ளனர். (மண்டலம்: ஆவடி),other,Other / General Municipal Operations,ta,ஆவடி,வேளச்சேரி குடியிருப்பு பகுதியில் தெருநாய்களின் தொல்லை அதிகரித்து பொதுமக்கள் அச்சமடைந்துள்ளனர். (மண்டலம்: ஆவடி)
TN-NLP-5412,அசோக் நகர் 4வது அவென்யூவில் மழைநீர் வடிகால் அடைப்பால் வீடுகளுக்குள் தண்ணீர் புகுந்துள்ளது. (மண்டலம்: சென்னை வடக்கு),drainage,Drainage & Sewage Overflow,ta,சென்னை வடக்கு,அசோக் நகர் 4வது அவென்யூவில் மழைநீர் வடிகால் அடைப்பால் வீடுகளுக்குள் தண்ணீர் புகுந்துள்ளது. (மண்டலம்: சென்னை வடக்கு)
TN-NLP-5794,திருவான்மியூர் கடற்கரை சாலையில் கட்டுமானக் கழிவுகள் சட்டவிரோதமாகக் கொட்டப்பட்டுள்ளன. (மண்டலம்: சென்னை மத்திய மண்டலம்),garbage,Garbage & Waste Disposal,ta,சென்னை மத்திய மண்டலம்,திருவான்மியூர் கடற்கரை சாலையில் கட்டுமானக் கழிவுகள் சட்டவிரோதமாகக் கொட்டப்பட்டுள்ளன. (மண்டலம்: சென்னை மத்திய மண்டலம்)
TN-NLP-5260,அண்ணா சாலையில் உள்ள பெரும் பள்ளத்தால் போக்குவரத்து நெரிசல் மற்றும் விபத்துக்கள் ஏற்படுகிறது. (மண்டலம்: ஆவடி),roads,Road Damage & Potholes,ta,ஆவடி,அண்ணா சாலையில் உள்ள பெரும் பள்ளத்தால் போக்குவரத்து நெரிசல் மற்றும் விபத்துக்கள் ஏற்படுகிறது. (மண்டலம்: ஆவடி)
TN-NLP-5746,கோயம்பேடு சந்தை சாலையில் குப்பைத் தொட்டிகள் நிரம்பி வழிந்து சுகாதாரக் கேடு விளைவிக்கிறது. (மண்டலம்: சென்னை தெற்கு),garbage,Garbage & Waste Disposal,ta,சென்னை தெற்கு,கோயம்பேடு சந்தை சாலையில் குப்பைத் தொட்டிகள் நிரம்பி வழிந்து சுகாதாரக் கேடு விளைவிக்கிறது. (மண்டலம்: சென்னை தெற்கு)
TN-NLP-6144,அண்ணா நகர் 2வது அவென்யூவில் குடிநீர் குழாய் உடைந்து குடிநீர் வீணாகி வருகிறது. (மண்டலம்: சென்னை மத்திய மண்டலம்),water,Water Supply Contamination / Burst,ta,சென்னை மத்திய மண்டலம்,அண்ணா நகர் 2வது அவென்யூவில் குடிநீர் குழாய் உடைந்து குடிநீர் வீணாகி வருகிறது. (மண்டலம்: சென்னை மத்திய மண்டலம்)
TN-NLP-6276,பெருங்குடி ஓஎம்ஆர் சாலையில் மின்கம்பத்தில் இருந்து ஆபத்தான முறையில் மின்வயர் தொங்குகிறது. (மண்டலம்: ஆவடி),streetlights,Streetlights & Electrical Hazards,ta,ஆவடி,பெருங்குடி ஓஎம்ஆர் சாலையில் மின்கம்பத்தில் இருந்து ஆபத்தான முறையில் மின்வயர் தொங்குகிறது. (மண்டலம்: ஆவடி)
TN-NLP-6788,கோயம்பேடு மேம்பாலம் அருகில் உள்ள நகராட்சி பேருந்து நிழற்கூரை சேதமடைந்துள்ளது. (மண்டலம்: தாம்பரம்),infrastructure,Public Infrastructure Damage,ta,தாம்பரம்,கோயம்பேடு மேம்பாலம் அருகில் உள்ள நகராட்சி பேருந்து நிழற்கூரை சேதமடைந்துள்ளது. (மண்டலம்: தாம்பரம்)
TN-NLP-5941,பெசன்ட் நகரில் விநியோகிக்கப்படும் குடிநீரில் துர்நாற்றமும் கலங்கலான நிறமும் உள்ளது. (மண்டலம்: சென்னை வடக்கு),water,Water Supply Contamination / Burst,ta,சென்னை வடக்கு,பெசன்ட் நகரில் விநியோகிக்கப்படும் குடிநீரில் துர்நாற்றமும் கலங்கலான நிறமும் உள்ளது. (மண்டலம்: சென்னை வடக்கு)
TN-NLP-6832,வேளச்சேரி குடியிருப்பு பகுதியில் தெருநாய்களின் தொல்லை அதிகரித்து பொதுமக்கள் அச்சமடைந்துள்ளனர். (மண்டலம்: சென்னை மத்திய மண்டலம்),other,Other / General Municipal Operations,ta,சென்னை மத்திய மண்டலம்,வேளச்சேரி குடியிருப்பு பகுதியில் தெருநாய்களின் தொல்லை அதிகரித்து பொதுமக்கள் அச்சமடைந்துள்ளனர். (மண்டலம்: சென்னை மத்திய மண்டலம்)
TN-NLP-5880,திருவான்மியூர் கடற்கரை சாலையில் கட்டுமானக் கழிவுகள் சட்டவிரோதமாகக் கொட்டப்பட்டுள்ளன. (மண்டலம்: சென்னை தெற்கு),garbage,Garbage & Waste Disposal,ta,சென்னை தெற்கு,திருவான்மியூர் கடற்கரை சாலையில் கட்டுமானக் கழிவுகள் சட்டவிரோதமாகக் கொட்டப்பட்டுள்ளன. (மண்டலம்: சென்னை தெற்கு)
TN-NLP-6782,சிந்தாதிரிப்பேட்டை கூவம் நதி பாலத்தின் சிமெண்ட் கைப்பிடி சுவர் உடைந்து அபாயகரமாக உள்ளது. (மண்டலம்: ஆவடி),infrastructure,Public Infrastructure Damage,ta,ஆவடி,சிந்தாதிரிப்பேட்டை கூவம் நதி பாலத்தின் சிமெண்ட் கைப்பிடி சுவர் உடைந்து அபாயகரமாக உள்ளது. (மண்டலம்: ஆவடி)
TN-NLP-6058,திருவல்லிக்கேணி தெருவில் கடந்த 48 மணி நேரமாக குடிநீர் விநியோகம் முற்றிலும் நிறுத்தப்பட்டுள்ளது. (மண்டலம்: தாம்பரம்),water,Water Supply Contamination / Burst,ta,தாம்பரம்,திருவல்லிக்கேணி தெருவில் கடந்த 48 மணி நேரமாக குடிநீர் விநியோகம் முற்றிலும் நிறுத்தப்பட்டுள்ளது. (மண்டலம்: தாம்பரம்)
TN-NLP-5795,திருவான்மியூர் கடற்கரை சாலையில் கட்டுமானக் கழிவுகள் சட்டவிரோதமாகக் கொட்டப்பட்டுள்ளன. (மண்டலம்: சென்னை தெற்கு),garbage,Garbage & Waste Disposal,ta,சென்னை தெற்கு,திருவான்மியூர் கடற்கரை சாலையில் கட்டுமானக் கழிவுகள் சட்டவிரோதமாகக் கொட்டப்பட்டுள்ளன. (மண்டலம்: சென்னை தெற்கு)
TN-NLP-6766,சிந்தாதிரிப்பேட்டை கூவம் நதி பாலத்தின் சிமெண்ட் கைப்பிடி சுவர் உடைந்து அபாயகரமாக உள்ளது. (மண்டலம்: தாம்பரம்),infrastructure,Public Infrastructure Damage,ta,தாம்பரம்,சிந்தாதிரிப்பேட்டை கூவம் நதி பாலத்தின் சிமெண்ட் கைப்பிடி சுவர் உடைந்து அபாயகரமாக உள்ளது. (மண்டலம்: தாம்பரம்)
TN-NLP-5328,ராயப்பேட்டையில் திறந்தவெளி கழிவுநீர் கால்வாயில் இருந்து சாக்கடை நீர் சாலையில் வழிகிறது. (மண்டலம்: சென்னை மத்திய மண்டலம்),drainage,Drainage & Sewage Overflow,ta,சென்னை மத்திய மண்டலம்,ராயப்பேட்டையில் திறந்தவெளி கழிவுநீர் கால்வாயில் இருந்து சாக்கடை நீர் சாலையில் வழிகிறது. (மண்டலம்: சென்னை மத்திய மண்டலம்)
TN-NLP-5457,அசோக் நகர் 4வது அவென்யூவில் மழைநீர் வடிகால் அடைப்பால் வீடுகளுக்குள் தண்ணீர் புகுந்துள்ளது. (மண்டலம்: தாம்பரம்),drainage,Drainage & Sewage Overflow,ta,தாம்பரம்,அசோக் நகர் 4வது அவென்யூவில் மழைநீர் வடிகால் அடைப்பால் வீடுகளுக்குள் தண்ணீர் புகுந்துள்ளது. (மண்டலம்: தாம்பரம்)
TN-NLP-6679,சிந்தாதிரிப்பேட்டை கூவம் நதி பாலத்தின் சிமெண்ட் கைப்பிடி சுவர் உடைந்து அபாயகரமாக உள்ளது. (மண்டலம்: ஆவடி),infrastructure,Public Infrastructure Damage,ta,ஆவடி,சிந்தாதிரிப்பேட்டை கூவம் நதி பாலத்தின் சிமெண்ட் கைப்பிடி சுவர் உடைந்து அபாயகரமாக உள்ளது. (மண்டலம்: ஆவடி)
TN-NLP-5502,கோடம்பாக்கம் தெருவில் கழிவுநீர் குழாய் உடைந்து துர்நாற்றம் வீசுவதுடன் சுகாதார சீர்கேடு ஏற்பட்டுள்ளது. (மண்டலம்: சென்னை மத்திய மண்டலம்),drainage,Drainage & Sewage Overflow,ta,சென்னை மத்திய மண்டலம்,கோடம்பாக்கம் தெருவில் கழிவுநீர் குழாய் உடைந்து துர்நாற்றம் வீசுவதுடன் சுகாதார சீர்கேடு ஏற்பட்டுள்ளது. (மண்டலம்: சென்னை மத்திய மண்டலம்)
TN-NLP-5068,அண்ணா சாலையில் உள்ள பெரும் பள்ளத்தால் போக்குவரத்து நெரிசல் மற்றும் விபத்துக்கள் ஏற்படுகிறது. (மண்டலம்: தாம்பரம்),roads,Road Damage & Potholes,ta,தாம்பரம்,அண்ணா சாலையில் உள்ள பெரும் பள்ளத்தால் போக்குவரத்து நெரிசல் மற்றும் விபத்துக்கள் ஏற்படுகிறது. (மண்டலம்: தாம்பரம்)
TN-NLP-6029,அண்ணா நகர் 2வது அவென்யூவில் குடிநீர் குழாய் உடைந்து குடிநீர் வீணாகி வருகிறது. (மண்டலம்: சென்னை மத்திய மண்டலம்),water,Water Supply Contamination / Burst,ta,சென்னை மத்திய மண்டலம்,அண்ணா நகர் 2வது அவென்யூவில் குடிநீர் குழாய் உடைந்து குடிநீர் வீணாகி வருகிறது. (மண்டலம்: சென்னை மத்திய மண்டலம்)
TN-NLP-6093,அண்ணா நகர் 2வது அவென்யூவில் குடிநீர் குழாய் உடைந்து குடிநீர் வீணாகி வருகிறது. (மண்டலம்: சென்னை தெற்கு),water,Water Supply Contamination / Burst,ta,சென்னை தெற்கு,அண்ணா நகர் 2வது அவென்யூவில் குடிநீர் குழாய் உடைந்து குடிநீர் வீணாகி வருகிறது. (மண்டலம்: சென்னை தெற்கு)
TN-NLP-5351,கோடம்பாக்கம் தெருவில் கழிவுநீர் குழாய் உடைந்து துர்நாற்றம் வீசுவதுடன் சுகாதார சீர்கேடு ஏற்பட்டுள்ளது. (மண்டலம்: தாம்பரம்),drainage,Drainage & Sewage Overflow,ta,தாம்பரம்,கோடம்பாக்கம் தெருவில் கழிவுநீர் குழாய் உடைந்து துர்நாற்றம் வீசுவதுடன் சுகாதார சீர்கேடு ஏற்பட்டுள்ளது. (மண்டலம்: தாம்பரம்)
TN-NLP-5554,கோடம்பாக்கம் தெருவில் கழிவுநீர் குழாய் உடைந்து துர்நாற்றம் வீசுவதுடன் சுகாதார சீர்கேடு ஏற்பட்டுள்ளது. (மண்டலம்: ஆவடி),drainage,Drainage & Sewage Overflow,ta,ஆவடி,கோடம்பாக்கம் தெருவில் கழிவுநீர் குழாய் உடைந்து துர்நாற்றம் வீசுவதுடன் சுகாதார சீர்கேடு ஏற்பட்டுள்ளது. (மண்டலம்: ஆவடி)
TN-NLP-7049,வேளச்சேரி குடியிருப்பு பகுதியில் தெருநாய்களின் தொல்லை அதிகரித்து பொதுமக்கள் அச்சமடைந்துள்ளனர். (மண்டலம்: சென்னை மத்திய மண்டலம்),other,Other / General Municipal Operations,ta,சென்னை மத்திய மண்டலம்,வேளச்சேரி குடியிருப்பு பகுதியில் தெருநாய்களின் தொல்லை அதிகரித்து பொதுமக்கள் அச்சமடைந்துள்ளனர். (மண்டலம்: சென்னை மத்திய மண்டலம்)
TN-NLP-5341,அசோக் நகர் 4வது அவென்யூவில் மழைநீர் வடிகால் அடைப்பால் வீடுகளுக்குள் தண்ணீர் புகுந்துள்ளது. (மண்டலம்: ஆவடி),drainage,Drainage & Sewage Overflow,ta,ஆவடி,அசோக் நகர் 4வது அவென்யூவில் மழைநீர் வடிகால் அடைப்பால் வீடுகளுக்குள் தண்ணீர் புகுந்துள்ளது. (மண்டலம்: ஆவடி)
TN-NLP-6774,சிந்தாதிரிப்பேட்டை கூவம் நதி பாலத்தின் சிமெண்ட் கைப்பிடி சுவர் உடைந்து அபாயகரமாக உள்ளது. (மண்டலம்: சென்னை மத்திய மண்டலம்),infrastructure,Public Infrastructure Damage,ta,சென்னை மத்திய மண்டலம்,சிந்தாதிரிப்பேட்டை கூவம் நதி பாலத்தின் சிமெண்ட் கைப்பிடி சுவர் உடைந்து அபாயகரமாக உள்ளது. (மண்டலம்: சென்னை மத்திய மண்டலம்)
TN-NLP-6202,ஜிஎஸ்டி சாலையில் பல தெருவிளக்குகள் எரியாமல் இருள் சூழ்ந்து விபத்து அபாயம் நிலவுகிறது. (மண்டலம்: சென்னை வடக்கு),streetlights,Streetlights & Electrical Hazards,ta,சென்னை வடக்கு,ஜிஎஸ்டி சாலையில் பல தெருவிளக்குகள் எரியாமல் இருள் சூழ்ந்து விபத்து அபாயம் நிலவுகிறது. (மண்டலம்: சென்னை வடக்கு)
TN-NLP-6218,பெருங்குடி ஓஎம்ஆர் சாலையில் மின்கம்பத்தில் இருந்து ஆபத்தான முறையில் மின்வயர் தொங்குகிறது. (மண்டலம்: ஆவடி),streetlights,Streetlights & Electrical Hazards,ta,ஆவடி,பெருங்குடி ஓஎம்ஆர் சாலையில் மின்கம்பத்தில் இருந்து ஆபத்தான முறையில் மின்வயர் தொங்குகிறது. (மண்டலம்: ஆவடி)
TN-NLP-5230,வேளச்சேரி மெயின் ரோட்டில் மழைநீரால் சாலை முற்றிலும் சேதமடைந்து இருசக்கர வாகன ஓட்டிகளுக்கு பேராபத்தை ஏற்படுத்துகிறது. (மண்டலம்: சென்னை தெற்கு),roads,Road Damage & Potholes,ta,சென்னை தெற்கு,வேளச்சேரி மெயின் ரோட்டில் மழைநீரால் சாலை முற்றிலும் சேதமடைந்து இருசக்கர வாகன ஓட்டிகளுக்கு பேராபத்தை ஏற்படுத்துகிறது. (மண்டலம்: சென்னை தெற்கு)
TN-NLP-6626,கோயம்பேடு மேம்பாலம் அருகில் உள்ள நகராட்சி பேருந்து நிழற்கூரை சேதமடைந்துள்ளது. (மண்டலம்: சென்னை வடக்கு),infrastructure,Public Infrastructure Damage,ta,சென்னை வடக்கு,கோயம்பேடு மேம்பாலம் அருகில் உள்ள நகராட்சி பேருந்து நிழற்கூரை சேதமடைந்துள்ளது. (மண்டலம்: சென்னை வடக்கு)
TN-NLP-5493,கோடம்பாக்கம் தெருவில் கழிவுநீர் குழாய் உடைந்து துர்நாற்றம் வீசுவதுடன் சுகாதார சீர்கேடு ஏற்பட்டுள்ளது. (மண்டலம்: சென்னை மத்திய மண்டலம்),drainage,Drainage & Sewage Overflow,ta,சென்னை மத்திய மண்டலம்,கோடம்பாக்கம் தெருவில் கழிவுநீர் குழாய் உடைந்து துர்நாற்றம் வீசுவதுடன் சுகாதார சீர்கேடு ஏற்பட்டுள்ளது. (மண்டலம்: சென்னை மத்திய மண்டலம்)
TN-NLP-6226,பெருங்குடி ஓஎம்ஆர் சாலையில் மின்கம்பத்தில் இருந்து ஆபத்தான முறையில் மின்வயர் தொங்குகிறது. (மண்டலம்: தாம்பரம்),streetlights,Streetlights & Electrical Hazards,ta,தாம்பரம்,பெருங்குடி ஓஎம்ஆர் சாலையில் மின்கம்பத்தில் இருந்து ஆபத்தான முறையில் மின்வயர் தொங்குகிறது. (மண்டலம்: தாம்பரம்)
TN-NLP-6754,கோயம்பேடு மேம்பாலம் அருகில் உள்ள நகராட்சி பேருந்து நிழற்கூரை சேதமடைந்துள்ளது. (மண்டலம்: சென்னை தெற்கு),infrastructure,Public Infrastructure Damage,ta,சென்னை தெற்கு,கோயம்பேடு மேம்பாலம் அருகில் உள்ள நகராட்சி பேருந்து நிழற்கூரை சேதமடைந்துள்ளது. (மண்டலம்: சென்னை தெற்கு)
TN-NLP-6855,தி. நகரில் நள்ளிரவிலும் அதிக சத்தத்துடன் ஒலிபெருக்கி பயன்படுத்துவதால் ஒலி மாசுபாடு ஏற்படுகிறது. (மண்டலம்: சென்னை வடக்கு),other,Other / General Municipal Operations,ta,சென்னை வடக்கு,தி. நகரில் நள்ளிரவிலும் அதிக சத்தத்துடன் ஒலிபெருக்கி பயன்படுத்துவதால் ஒலி மாசுபாடு ஏற்படுகிறது. (மண்டலம்: சென்னை வடக்கு)
TN-NLP-7095,வேளச்சேரி குடியிருப்பு பகுதியில் தெருநாய்களின் தொல்லை அதிகரித்து பொதுமக்கள் அச்சமடைந்துள்ளனர். (மண்டலம்: சென்னை தெற்கு),other,Other / General Municipal Operations,ta,சென்னை தெற்கு,வேளச்சேரி குடியிருப்பு பகுதியில் தெருநாய்களின் தொல்லை அதிகரித்து பொதுமக்கள் அச்சமடைந்துள்ளனர். (மண்டலம்: சென்னை தெற்கு)
TN-NLP-5152,தி. நகர் உஸ்மான் சாலை சந்திப்பில் தார் தளம் அடித்துச் செல்லப்பட்டு பெரிய குழி உருவாகியுள்ளது. (மண்டலம்: சென்னை மத்திய மண்டலம்),roads,Road Damage & Potholes,ta,சென்னை மத்திய மண்டலம்,தி. நகர் உஸ்மான் சாலை சந்திப்பில் தார் தளம் அடித்துச் செல்லப்பட்டு பெரிய குழி உருவாகியுள்ளது. (மண்டலம்: சென்னை மத்திய மண்டலம்)
TN-NLP-5704,நுங்கம்பாக்கம் பஸ் நிறுத்தம் அருகில் குப்பைகள் அகற்றப்படாமல் 4 நாட்களாக தேங்கியுள்ளது. (மண்டலம்: சென்னை மத்திய மண்டலம்),garbage,Garbage & Waste Disposal,ta,சென்னை மத்திய மண்டலம்,நுங்கம்பாக்கம் பஸ் நிறுத்தம் அருகில் குப்பைகள் அகற்றப்படாமல் 4 நாட்களாக தேங்கியுள்ளது. (மண்டலம்: சென்னை மத்திய மண்டலம்)
TN-NLP-6831,தி. நகரில் நள்ளிரவிலும் அதிக சத்தத்துடன் ஒலிபெருக்கி பயன்படுத்துவதால் ஒலி மாசுபாடு ஏற்படுகிறது. (மண்டலம்: சென்னை தெற்கு),other,Other / General Municipal Operations,ta,சென்னை தெற்கு,தி. நகரில் நள்ளிரவிலும் அதிக சத்தத்துடன் ஒலிபெருக்கி பயன்படுத்துவதால் ஒலி மாசுபாடு ஏற்படுகிறது. (மண்டலம்: சென்னை தெற்கு)
TN-NLP-5833,திருவான்மியூர் கடற்கரை சாலையில் கட்டுமானக் கழிவுகள் சட்டவிரோதமாகக் கொட்டப்பட்டுள்ளன. (மண்டலம்: சென்னை வடக்கு),garbage,Garbage & Waste Disposal,ta,சென்னை வடக்கு,திருவான்மியூர் கடற்கரை சாலையில் கட்டுமானக் கழிவுகள் சட்டவிரோதமாகக் கொட்டப்பட்டுள்ளன. (மண்டலம்: சென்னை வடக்கு)
TN-NLP-5312,ராயப்பேட்டையில் திறந்தவெளி கழிவுநீர் கால்வாயில் இருந்து சாக்கடை நீர் சாலையில் வழிகிறது. (மண்டலம்: சென்னை தெற்கு),drainage,Drainage & Sewage Overflow,ta,சென்னை தெற்கு,ராயப்பேட்டையில் திறந்தவெளி கழிவுநீர் கால்வாயில் இருந்து சாக்கடை நீர் சாலையில் வழிகிறது. (மண்டலம்: சென்னை தெற்கு)
TN-NLP-5468,கோடம்பாக்கம் தெருவில் கழிவுநீர் குழாய் உடைந்து துர்நாற்றம் வீசுவதுடன் சுகாதார சீர்கேடு ஏற்பட்டுள்ளது. (மண்டலம்: ஆவடி),drainage,Drainage & Sewage Overflow,ta,ஆவடி,கோடம்பாக்கம் தெருவில் கழிவுநீர் குழாய் உடைந்து துர்நாற்றம் வீசுவதுடன் சுகாதார சீர்கேடு ஏற்பட்டுள்ளது. (மண்டலம்: ஆவடி)
TN-NLP-6036,அண்ணா நகர் 2வது அவென்யூவில் குடிநீர் குழாய் உடைந்து குடிநீர் வீணாகி வருகிறது. (மண்டலம்: சென்னை வடக்கு),water,Water Supply Contamination / Burst,ta,சென்னை வடக்கு,அண்ணா நகர் 2வது அவென்யூவில் குடிநீர் குழாய் உடைந்து குடிநீர் வீணாகி வருகிறது. (மண்டலம்: சென்னை வடக்கு)
TN-NLP-5818,திருவான்மியூர் கடற்கரை சாலையில் கட்டுமானக் கழிவுகள் சட்டவிரோதமாகக் கொட்டப்பட்டுள்ளன. (மண்டலம்: சென்னை மத்திய மண்டலம்),garbage,Garbage & Waste Disposal,ta,சென்னை மத்திய மண்டலம்,திருவான்மியூர் கடற்கரை சாலையில் கட்டுமானக் கழிவுகள் சட்டவிரோதமாகக் கொட்டப்பட்டுள்ளன. (மண்டலம்: சென்னை மத்திய மண்டலம்)
TN-NLP-6423,ஜிஎஸ்டி சாலையில் பல தெருவிளக்குகள் எரியாமல் இருள் சூழ்ந்து விபத்து அபாயம் நிலவுகிறது. (மண்டலம்: சென்னை தெற்கு),streetlights,Streetlights & Electrical Hazards,ta,சென்னை தெற்கு,ஜிஎஸ்டி சாலையில் பல தெருவிளக்குகள் எரியாமல் இருள் சூழ்ந்து விபத்து அபாயம் நிலவுகிறது. (மண்டலம்: சென்னை தெற்கு)
TN-NLP-5037,வேளச்சேரி மெயின் ரோட்டில் மழைநீரால் சாலை முற்றிலும் சேதமடைந்து இருசக்கர வாகன ஓட்டிகளுக்கு பேராபத்தை ஏற்படுத்துகிறது. (மண்டலம்: சென்னை வடக்கு),roads,Road Damage & Potholes,ta,சென்னை வடக்கு,வேளச்சேரி மெயின் ரோட்டில் மழைநீரால் சாலை முற்றிலும் சேதமடைந்து இருசக்கர வாகன ஓட்டிகளுக்கு பேராபத்தை ஏற்படுத்துகிறது. (மண்டலம்: சென்னை வடக்கு)
TN-NLP-5559,கோடம்பாக்கம் தெருவில் கழிவுநீர் குழாய் உடைந்து துர்நாற்றம் வீசுவதுடன் சுகாதார சீர்கேடு ஏற்பட்டுள்ளது. (மண்டலம்: சென்னை வடக்கு),drainage,Drainage & Sewage Overflow,ta,சென்னை வடக்கு,கோடம்பாக்கம் தெருவில் கழிவுநீர் குழாய் உடைந்து துர்நாற்றம் வீசுவதுடன் சுகாதார சீர்கேடு ஏற்பட்டுள்ளது. (மண்டலம்: சென்னை வடக்கு)
TN-NLP-5376,அசோக் நகர் 4வது அவென்யூவில் மழைநீர் வடிகால் அடைப்பால் வீடுகளுக்குள் தண்ணீர் புகுந்துள்ளது. (மண்டலம்: தாம்பரம்),drainage,Drainage & Sewage Overflow,ta,தாம்பரம்,அசோக் நகர் 4வது அவென்யூவில் மழைநீர் வடிகால் அடைப்பால் வீடுகளுக்குள் தண்ணீர் புகுந்துள்ளது. (மண்டலம்: தாம்பரம்)
TN-NLP-6806,தி. நகரில் நள்ளிரவிலும் அதிக சத்தத்துடன் ஒலிபெருக்கி பயன்படுத்துவதால் ஒலி மாசுபாடு ஏற்படுகிறது. (மண்டலம்: தாம்பரம்),other,Other / General Municipal Operations,ta,தாம்பரம்,தி. நகரில் நள்ளிரவிலும் அதிக சத்தத்துடன் ஒலிபெருக்கி பயன்படுத்துவதால் ஒலி மாசுபாடு ஏற்படுகிறது. (மண்டலம்: தாம்பரம்)
TN-NLP-5481,அசோக் நகர் 4வது அவென்யூவில் மழைநீர் வடிகால் அடைப்பால் வீடுகளுக்குள் தண்ணீர் புகுந்துள்ளது. (மண்டலம்: சென்னை தெற்கு),drainage,Drainage & Sewage Overflow,ta,சென்னை தெற்கு,அசோக் நகர் 4வது அவென்யூவில் மழைநீர் வடிகால் அடைப்பால் வீடுகளுக்குள் தண்ணீர் புகுந்துள்ளது. (மண்டலம்: சென்னை தெற்கு)
TN-NLP-5346,ராயப்பேட்டையில் திறந்தவெளி கழிவுநீர் கால்வாயில் இருந்து சாக்கடை நீர் சாலையில் வழிகிறது. (மண்டலம்: ஆவடி),drainage,Drainage & Sewage Overflow,ta,ஆவடி,ராயப்பேட்டையில் திறந்தவெளி கழிவுநீர் கால்வாயில் இருந்து சாக்கடை நீர் சாலையில் வழிகிறது. (மண்டலம்: ஆவடி)
TN-NLP-6529,கோயம்பேடு மேம்பாலம் அருகில் உள்ள நகராட்சி பேருந்து நிழற்கூரை சேதமடைந்துள்ளது. (மண்டலம்: சென்னை மத்திய மண்டலம்),infrastructure,Public Infrastructure Damage,ta,சென்னை மத்திய மண்டலம்,கோயம்பேடு மேம்பாலம் அருகில் உள்ள நகராட்சி பேருந்து நிழற்கூரை சேதமடைந்துள்ளது. (மண்டலம்: சென்னை மத்திய மண்டலம்)
TN-NLP-6132,பெசன்ட் நகரில் விநியோகிக்கப்படும் குடிநீரில் துர்நாற்றமும் கலங்கலான நிறமும் உள்ளது. (மண்டலம்: சென்னை தெற்கு),water,Water Supply Contamination / Burst,ta,சென்னை தெற்கு,பெசன்ட் நகரில் விநியோகிக்கப்படும் குடிநீரில் துர்நாற்றமும் கலங்கலான நிறமும் உள்ளது. (மண்டலம்: சென்னை தெற்கு)
TN-NLP-6188,பெசன்ட் நகரில் விநியோகிக்கப்படும் குடிநீரில் துர்நாற்றமும் கலங்கலான நிறமும் உள்ளது. (மண்டலம்: தாம்பரம்),water,Water Supply Contamination / Burst,ta,தாம்பரம்,பெசன்ட் நகரில் விநியோகிக்கப்படும் குடிநீரில் துர்நாற்றமும் கலங்கலான நிறமும் உள்ளது. (மண்டலம்: தாம்பரம்)
TN-NLP-6123,அண்ணா நகர் 2வது அவென்யூவில் குடிநீர் குழாய் உடைந்து குடிநீர் வீணாகி வருகிறது. (மண்டலம்: சென்னை வடக்கு),water,Water Supply Contamination / Burst,ta,சென்னை வடக்கு,அண்ணா நகர் 2வது அவென்யூவில் குடிநீர் குழாய் உடைந்து குடிநீர் வீணாகி வருகிறது. (மண்டலம்: சென்னை வடக்கு)
TN-NLP-6685,கோயம்பேடு மேம்பாலம் அருகில் உள்ள நகராட்சி பேருந்து நிழற்கூரை சேதமடைந்துள்ளது. (மண்டலம்: சென்னை தெற்கு),infrastructure,Public Infrastructure Damage,ta,சென்னை தெற்கு,கோயம்பேடு மேம்பாலம் அருகில் உள்ள நகராட்சி பேருந்து நிழற்கூரை சேதமடைந்துள்ளது. (மண்டலம்: சென்னை தெற்கு)
TN-NLP-6611,கோயம்பேடு மேம்பாலம் அருகில் உள்ள நகராட்சி பேருந்து நிழற்கூரை சேதமடைந்துள்ளது. (மண்டலம்: ஆவடி),infrastructure,Public Infrastructure Damage,ta,ஆவடி,கோயம்பேடு மேம்பாலம் அருகில் உள்ள நகராட்சி பேருந்து நிழற்கூரை சேதமடைந்துள்ளது. (மண்டலம்: ஆவடி)
TN-NLP-5180,வேளச்சேரி மெயின் ரோட்டில் மழைநீரால் சாலை முற்றிலும் சேதமடைந்து இருசக்கர வாகன ஓட்டிகளுக்கு பேராபத்தை ஏற்படுத்துகிறது. (மண்டலம்: சென்னை தெற்கு),roads,Road Damage & Potholes,ta,சென்னை தெற்கு,வேளச்சேரி மெயின் ரோட்டில் மழைநீரால் சாலை முற்றிலும் சேதமடைந்து இருசக்கர வாகன ஓட்டிகளுக்கு பேராபத்தை ஏற்படுத்துகிறது. (மண்டலம்: சென்னை தெற்கு)
TN-NLP-5018,வேளச்சேரி மெயின் ரோட்டில் மழைநீரால் சாலை முற்றிலும் சேதமடைந்து இருசக்கர வாகன ஓட்டிகளுக்கு பேராபத்தை ஏற்படுத்துகிறது. (மண்டலம்: தாம்பரம்),roads,Road Damage & Potholes,ta,தாம்பரம்,வேளச்சேரி மெயின் ரோட்டில் மழைநீரால் சாலை முற்றிலும் சேதமடைந்து இருசக்கர வாகன ஓட்டிகளுக்கு பேராபத்தை ஏற்படுத்துகிறது. (மண்டலம்: தாம்பரம்)
TN-NLP-5404,அசோக் நகர் 4வது அவென்யூவில் மழைநீர் வடிகால் அடைப்பால் வீடுகளுக்குள் தண்ணீர் புகுந்துள்ளது. (மண்டலம்: சென்னை வடக்கு),drainage,Drainage & Sewage Overflow,ta,சென்னை வடக்கு,அசோக் நகர் 4வது அவென்யூவில் மழைநீர் வடிகால் அடைப்பால் வீடுகளுக்குள் தண்ணீர் புகுந்துள்ளது. (மண்டலம்: சென்னை வடக்கு)
TN-NLP-6043,பெசன்ட் நகரில் விநியோகிக்கப்படும் குடிநீரில் துர்நாற்றமும் கலங்கலான நிறமும் உள்ளது. (மண்டலம்: சென்னை மத்திய மண்டலம்),water,Water Supply Contamination / Burst,ta,சென்னை மத்திய மண்டலம்,பெசன்ட் நகரில் விநியோகிக்கப்படும் குடிநீரில் துர்நாற்றமும் கலங்கலான நிறமும் உள்ளது. (மண்டலம்: சென்னை மத்திய மண்டலம்)
TN-NLP-5085,அண்ணா சாலையில் உள்ள பெரும் பள்ளத்தால் போக்குவரத்து நெரிசல் மற்றும் விபத்துக்கள் ஏற்படுகிறது. (மண்டலம்: சென்னை வடக்கு),roads,Road Damage & Potholes,ta,சென்னை வடக்கு,அண்ணா சாலையில் உள்ள பெரும் பள்ளத்தால் போக்குவரத்து நெரிசல் மற்றும் விபத்துக்கள் ஏற்படுகிறது. (மண்டலம்: சென்னை வடக்கு)
TN-NLP-5356,அசோக் நகர் 4வது அவென்யூவில் மழைநீர் வடிகால் அடைப்பால் வீடுகளுக்குள் தண்ணீர் புகுந்துள்ளது. (மண்டலம்: தாம்பரம்),drainage,Drainage & Sewage Overflow,ta,தாம்பரம்,அசோக் நகர் 4வது அவென்யூவில் மழைநீர் வடிகால் அடைப்பால் வீடுகளுக்குள் தண்ணீர் புகுந்துள்ளது. (மண்டலம்: தாம்பரம்)
TN-NLP-5077,தி. நகர் உஸ்மான் சாலை சந்திப்பில் தார் தளம் அடித்துச் செல்லப்பட்டு பெரிய குழி உருவாகியுள்ளது. (மண்டலம்: சென்னை வடக்கு),roads,Road Damage & Potholes,ta,சென்னை வடக்கு,தி. நகர் உஸ்மான் சாலை சந்திப்பில் தார் தளம் அடித்துச் செல்லப்பட்டு பெரிய குழி உருவாகியுள்ளது. (மண்டலம்: சென்னை வடக்கு)
TN-NLP-6236,ஜிஎஸ்டி சாலையில் பல தெருவிளக்குகள் எரியாமல் இருள் சூழ்ந்து விபத்து அபாயம் நிலவுகிறது. (மண்டலம்: சென்னை மத்திய மண்டலம்),streetlights,Streetlights & Electrical Hazards,ta,சென்னை மத்திய மண்டலம்,ஜிஎஸ்டி சாலையில் பல தெருவிளக்குகள் எரியாமல் இருள் சூழ்ந்து விபத்து அபாயம் நிலவுகிறது. (மண்டலம்: சென்னை மத்திய மண்டலம்)
TN-NLP-5822,திருவான்மியூர் கடற்கரை சாலையில் கட்டுமானக் கழிவுகள் சட்டவிரோதமாகக் கொட்டப்பட்டுள்ளன. (மண்டலம்: ஆவடி),garbage,Garbage & Waste Disposal,ta,ஆவடி,திருவான்மியூர் கடற்கரை சாலையில் கட்டுமானக் கழிவுகள் சட்டவிரோதமாகக் கொட்டப்பட்டுள்ளன. (மண்டலம்: ஆவடி)
TN-NLP-6614,சிந்தாதிரிப்பேட்டை கூவம் நதி பாலத்தின் சிமெண்ட் கைப்பிடி சுவர் உடைந்து அபாயகரமாக உள்ளது. (மண்டலம்: தாம்பரம்),infrastructure,Public Infrastructure Damage,ta,தாம்பரம்,சிந்தாதிரிப்பேட்டை கூவம் நதி பாலத்தின் சிமெண்ட் கைப்பிடி சுவர் உடைந்து அபாயகரமாக உள்ளது. (மண்டலம்: தாம்பரம்)
TN-NLP-5237,பெருங்குடியில் கடந்த 3 மாதங்களாக சாலைப் பணி அரைகுறையாக விடப்பட்டு பலத்த தூசு மாசுபாடு ஏற்படுகிறது. (மண்டலம்: சென்னை வடக்கு),roads,Road Damage & Potholes,ta,சென்னை வடக்கு,பெருங்குடியில் கடந்த 3 மாதங்களாக சாலைப் பணி அரைகுறையாக விடப்பட்டு பலத்த தூசு மாசுபாடு ஏற்படுகிறது. (மண்டலம்: சென்னை வடக்கு)
TN-NLP-6138,திருவல்லிக்கேணி தெருவில் கடந்த 48 மணி நேரமாக குடிநீர் விநியோகம் முற்றிலும் நிறுத்தப்பட்டுள்ளது. (மண்டலம்: சென்னை வடக்கு),water,Water Supply Contamination / Burst,ta,சென்னை வடக்கு,திருவல்லிக்கேணி தெருவில் கடந்த 48 மணி நேரமாக குடிநீர் விநியோகம் முற்றிலும் நிறுத்தப்பட்டுள்ளது. (மண்டலம்: சென்னை வடக்கு)
TN-NLP-5641,கோயம்பேடு சந்தை சாலையில் குப்பைத் தொட்டிகள் நிரம்பி வழிந்து சுகாதாரக் கேடு விளைவிக்கிறது. (மண்டலம்: சென்னை மத்திய மண்டலம்),garbage,Garbage & Waste Disposal,ta,சென்னை மத்திய மண்டலம்,கோயம்பேடு சந்தை சாலையில் குப்பைத் தொட்டிகள் நிரம்பி வழிந்து சுகாதாரக் கேடு விளைவிக்கிறது. (மண்டலம்: சென்னை மத்திய மண்டலம்)
TN-NLP-7065,வேளச்சேரி குடியிருப்பு பகுதியில் தெருநாய்களின் தொல்லை அதிகரித்து பொதுமக்கள் அச்சமடைந்துள்ளனர். (மண்டலம்: சென்னை மத்திய மண்டலம்),other,Other / General Municipal Operations,ta,சென்னை மத்திய மண்டலம்,வேளச்சேரி குடியிருப்பு பகுதியில் தெருநாய்களின் தொல்லை அதிகரித்து பொதுமக்கள் அச்சமடைந்துள்ளனர். (மண்டலம்: சென்னை மத்திய மண்டலம்)
TN-NLP-6872,வேளச்சேரி குடியிருப்பு பகுதியில் தெருநாய்களின் தொல்லை அதிகரித்து பொதுமக்கள் அச்சமடைந்துள்ளனர். (மண்டலம்: சென்னை தெற்கு),other,Other / General Municipal Operations,ta,சென்னை தெற்கு,வேளச்சேரி குடியிருப்பு பகுதியில் தெருநாய்களின் தொல்லை அதிகரித்து பொதுமக்கள் அச்சமடைந்துள்ளனர். (மண்டலம்: சென்னை தெற்கு)
TN-NLP-6011,அண்ணா நகர் 2வது அவென்யூவில் குடிநீர் குழாய் உடைந்து குடிநீர் வீணாகி வருகிறது. (மண்டலம்: ஆவடி),water,Water Supply Contamination / Burst,ta,ஆவடி,அண்ணா நகர் 2வது அவென்யூவில் குடிநீர் குழாய் உடைந்து குடிநீர் வீணாகி வருகிறது. (மண்டலம்: ஆவடி)
TN-NLP-6715,கோயம்பேடு மேம்பாலம் அருகில் உள்ள நகராட்சி பேருந்து நிழற்கூரை சேதமடைந்துள்ளது. (மண்டலம்: சென்னை வடக்கு),infrastructure,Public Infrastructure Damage,ta,சென்னை வடக்கு,கோயம்பேடு மேம்பாலம் அருகில் உள்ள நகராட்சி பேருந்து நிழற்கூரை சேதமடைந்துள்ளது. (மண்டலம்: சென்னை வடக்கு)
TN-NLP-5897,கோயம்பேடு சந்தை சாலையில் குப்பைத் தொட்டிகள் நிரம்பி வழிந்து சுகாதாரக் கேடு விளைவிக்கிறது. (மண்டலம்: தாம்பரம்),garbage,Garbage & Waste Disposal,ta,தாம்பரம்,கோயம்பேடு சந்தை சாலையில் குப்பைத் தொட்டிகள் நிரம்பி வழிந்து சுகாதாரக் கேடு விளைவிக்கிறது. (மண்டலம்: தாம்பரம்)
TN-NLP-5582,ராயப்பேட்டையில் திறந்தவெளி கழிவுநீர் கால்வாயில் இருந்து சாக்கடை நீர் சாலையில் வழிகிறது. (மண்டலம்: சென்னை வடக்கு),drainage,Drainage & Sewage Overflow,ta,சென்னை வடக்கு,ராயப்பேட்டையில் திறந்தவெளி கழிவுநீர் கால்வாயில் இருந்து சாக்கடை நீர் சாலையில் வழிகிறது. (மண்டலம்: சென்னை வடக்கு)
TN-NLP-5129,தி. நகர் உஸ்மான் சாலை சந்திப்பில் தார் தளம் அடித்துச் செல்லப்பட்டு பெரிய குழி உருவாகியுள்ளது. (மண்டலம்: சென்னை தெற்கு),roads,Road Damage & Potholes,ta,சென்னை தெற்கு,தி. நகர் உஸ்மான் சாலை சந்திப்பில் தார் தளம் அடித்துச் செல்லப்பட்டு பெரிய குழி உருவாகியுள்ளது. (மண்டலம்: சென்னை தெற்கு)
TN-NLP-5849,கோயம்பேடு சந்தை சாலையில் குப்பைத் தொட்டிகள் நிரம்பி வழிந்து சுகாதாரக் கேடு விளைவிக்கிறது. (மண்டலம்: ஆவடி),garbage,Garbage & Waste Disposal,ta,ஆவடி,கோயம்பேடு சந்தை சாலையில் குப்பைத் தொட்டிகள் நிரம்பி வழிந்து சுகாதாரக் கேடு விளைவிக்கிறது. (மண்டலம்: ஆவடி)
TN-NLP-6604,கோயம்பேடு மேம்பாலம் அருகில் உள்ள நகராட்சி பேருந்து நிழற்கூரை சேதமடைந்துள்ளது. (மண்டலம்: சென்னை மத்திய மண்டலம்),infrastructure,Public Infrastructure Damage,ta,சென்னை மத்திய மண்டலம்,கோயம்பேடு மேம்பாலம் அருகில் உள்ள நகராட்சி பேருந்து நிழற்கூரை சேதமடைந்துள்ளது. (மண்டலம்: சென்னை மத்திய மண்டலம்)
TN-NLP-5859,கோயம்பேடு சந்தை சாலையில் குப்பைத் தொட்டிகள் நிரம்பி வழிந்து சுகாதாரக் கேடு விளைவிக்கிறது. (மண்டலம்: சென்னை வடக்கு),garbage,Garbage & Waste Disposal,ta,சென்னை வடக்கு,கோயம்பேடு சந்தை சாலையில் குப்பைத் தொட்டிகள் நிரம்பி வழிந்து சுகாதாரக் கேடு விளைவிக்கிறது. (மண்டலம்: சென்னை வடக்கு)
TN-NLP-6650,கோயம்பேடு மேம்பாலம் அருகில் உள்ள நகராட்சி பேருந்து நிழற்கூரை சேதமடைந்துள்ளது. (மண்டலம்: சென்னை வடக்கு),infrastructure,Public Infrastructure Damage,ta,சென்னை வடக்கு,கோயம்பேடு மேம்பாலம் அருகில் உள்ள நகராட்சி பேருந்து நிழற்கூரை சேதமடைந்துள்ளது. (மண்டலம்: சென்னை வடக்கு)
TN-NLP-5436,ராயப்பேட்டையில் திறந்தவெளி கழிவுநீர் கால்வாயில் இருந்து சாக்கடை நீர் சாலையில் வழிகிறது. (மண்டலம்: சென்னை தெற்கு),drainage,Drainage & Sewage Overflow,ta,சென்னை தெற்கு,ராயப்பேட்டையில் திறந்தவெளி கழிவுநீர் கால்வாயில் இருந்து சாக்கடை நீர் சாலையில் வழிகிறது. (மண்டலம்: சென்னை தெற்கு)
TN-NLP-5448,ராயப்பேட்டையில் திறந்தவெளி கழிவுநீர் கால்வாயில் இருந்து சாக்கடை நீர் சாலையில் வழிகிறது. (மண்டலம்: ஆவடி),drainage,Drainage & Sewage Overflow,ta,ஆவடி,ராயப்பேட்டையில் திறந்தவெளி கழிவுநீர் கால்வாயில் இருந்து சாக்கடை நீர் சாலையில் வழிகிறது. (மண்டலம்: ஆவடி)
TN-NLP-5942,திருவல்லிக்கேணி தெருவில் கடந்த 48 மணி நேரமாக குடிநீர் விநியோகம் முற்றிலும் நிறுத்தப்பட்டுள்ளது. (மண்டலம்: சென்னை தெற்கு),water,Water Supply Contamination / Burst,ta,சென்னை தெற்கு,திருவல்லிக்கேணி தெருவில் கடந்த 48 மணி நேரமாக குடிநீர் விநியோகம் முற்றிலும் நிறுத்தப்பட்டுள்ளது. (மண்டலம்: சென்னை தெற்கு)
TN-NLP-5011,தி. நகர் உஸ்மான் சாலை சந்திப்பில் தார் தளம் அடித்துச் செல்லப்பட்டு பெரிய குழி உருவாகியுள்ளது. (மண்டலம்: சென்னை மத்திய மண்டலம்),roads,Road Damage & Potholes,ta,சென்னை மத்திய மண்டலம்,தி. நகர் உஸ்மான் சாலை சந்திப்பில் தார் தளம் அடித்துச் செல்லப்பட்டு பெரிய குழி உருவாகியுள்ளது. (மண்டலம்: சென்னை மத்திய மண்டலம்)
TN-NLP-5712,நுங்கம்பாக்கம் பஸ் நிறுத்தம் அருகில் குப்பைகள் அகற்றப்படாமல் 4 நாட்களாக தேங்கியுள்ளது. (மண்டலம்: சென்னை வடக்கு),garbage,Garbage & Waste Disposal,ta,சென்னை வடக்கு,நுங்கம்பாக்கம் பஸ் நிறுத்தம் அருகில் குப்பைகள் அகற்றப்படாமல் 4 நாட்களாக தேங்கியுள்ளது. (மண்டலம்: சென்னை வடக்கு)
TN-NLP-5095,பெருங்குடியில் கடந்த 3 மாதங்களாக சாலைப் பணி அரைகுறையாக விடப்பட்டு பலத்த தூசு மாசுபாடு ஏற்படுகிறது. (மண்டலம்: சென்னை வடக்கு),roads,Road Damage & Potholes,ta,சென்னை வடக்கு,பெருங்குடியில் கடந்த 3 மாதங்களாக சாலைப் பணி அரைகுறையாக விடப்பட்டு பலத்த தூசு மாசுபாடு ஏற்படுகிறது. (மண்டலம்: சென்னை வடக்கு)
TN-NLP-5073,அண்ணா சாலையில் உள்ள பெரும் பள்ளத்தால் போக்குவரத்து நெரிசல் மற்றும் விபத்துக்கள் ஏற்படுகிறது. (மண்டலம்: ஆவடி),roads,Road Damage & Potholes,ta,ஆவடி,அண்ணா சாலையில் உள்ள பெரும் பள்ளத்தால் போக்குவரத்து நெரிசல் மற்றும் விபத்துக்கள் ஏற்படுகிறது. (மண்டலம்: ஆவடி)
TN-NLP-6744,சிந்தாதிரிப்பேட்டை கூவம் நதி பாலத்தின் சிமெண்ட் கைப்பிடி சுவர் உடைந்து அபாயகரமாக உள்ளது. (மண்டலம்: சென்னை மத்திய மண்டலம்),infrastructure,Public Infrastructure Damage,ta,சென்னை மத்திய மண்டலம்,சிந்தாதிரிப்பேட்டை கூவம் நதி பாலத்தின் சிமெண்ட் கைப்பிடி சுவர் உடைந்து அபாயகரமாக உள்ளது. (மண்டலம்: சென்னை மத்திய மண்டலம்)
TN-NLP-5359,ராயப்பேட்டையில் திறந்தவெளி கழிவுநீர் கால்வாயில் இருந்து சாக்கடை நீர் சாலையில் வழிகிறது. (மண்டலம்: தாம்பரம்),drainage,Drainage & Sewage Overflow,ta,தாம்பரம்,ராயப்பேட்டையில் திறந்தவெளி கழிவுநீர் கால்வாயில் இருந்து சாக்கடை நீர் சாலையில் வழிகிறது. (மண்டலம்: தாம்பரம்)
TN-NLP-6459,பெருங்குடி ஓஎம்ஆர் சாலையில் மின்கம்பத்தில் இருந்து ஆபத்தான முறையில் மின்வயர் தொங்குகிறது. (மண்டலம்: தாம்பரம்),streetlights,Streetlights & Electrical Hazards,ta,தாம்பரம்,பெருங்குடி ஓஎம்ஆர் சாலையில் மின்கம்பத்தில் இருந்து ஆபத்தான முறையில் மின்வயர் தொங்குகிறது. (மண்டலம்: தாம்பரம்)
TN-NLP-5606,திருவான்மியூர் கடற்கரை சாலையில் கட்டுமானக் கழிவுகள் சட்டவிரோதமாகக் கொட்டப்பட்டுள்ளன. (மண்டலம்: சென்னை தெற்கு),garbage,Garbage & Waste Disposal,ta,சென்னை தெற்கு,திருவான்மியூர் கடற்கரை சாலையில் கட்டுமானக் கழிவுகள் சட்டவிரோதமாகக் கொட்டப்பட்டுள்ளன. (மண்டலம்: சென்னை தெற்கு)
TN-NLP-6000,திருவல்லிக்கேணி தெருவில் கடந்த 48 மணி நேரமாக குடிநீர் விநியோகம் முற்றிலும் நிறுத்தப்பட்டுள்ளது. (மண்டலம்: சென்னை வடக்கு),water,Water Supply Contamination / Burst,ta,சென்னை வடக்கு,திருவல்லிக்கேணி தெருவில் கடந்த 48 மணி நேரமாக குடிநீர் விநியோகம் முற்றிலும் நிறுத்தப்பட்டுள்ளது. (மண்டலம்: சென்னை வடக்கு)
TN-NLP-5033,தி. நகர் உஸ்மான் சாலை சந்திப்பில் தார் தளம் அடித்துச் செல்லப்பட்டு பெரிய குழி உருவாகியுள்ளது. (மண்டலம்: சென்னை தெற்கு),roads,Road Damage & Potholes,ta,சென்னை தெற்கு,தி. நகர் உஸ்மான் சாலை சந்திப்பில் தார் தளம் அடித்துச் செல்லப்பட்டு பெரிய குழி உருவாகியுள்ளது. (மண்டலம்: சென்னை தெற்கு)
TN-NLP-6311,பெருங்குடி ஓஎம்ஆர் சாலையில் மின்கம்பத்தில் இருந்து ஆபத்தான முறையில் மின்வயர் தொங்குகிறது. (மண்டலம்: தாம்பரம்),streetlights,Streetlights & Electrical Hazards,ta,தாம்பரம்,பெருங்குடி ஓஎம்ஆர் சாலையில் மின்கம்பத்தில் இருந்து ஆபத்தான முறையில் மின்வயர் தொங்குகிறது. (மண்டலம்: தாம்பரம்)
TN-NLP-6106,திருவல்லிக்கேணி தெருவில் கடந்த 48 மணி நேரமாக குடிநீர் விநியோகம் முற்றிலும் நிறுத்தப்பட்டுள்ளது. (மண்டலம்: சென்னை மத்திய மண்டலம்),water,Water Supply Contamination / Burst,ta,சென்னை மத்திய மண்டலம்,திருவல்லிக்கேணி தெருவில் கடந்த 48 மணி நேரமாக குடிநீர் விநியோகம் முற்றிலும் நிறுத்தப்பட்டுள்ளது. (மண்டலம்: சென்னை மத்திய மண்டலம்)
TN-NLP-5656,நுங்கம்பாக்கம் பஸ் நிறுத்தம் அருகில் குப்பைகள் அகற்றப்படாமல் 4 நாட்களாக தேங்கியுள்ளது. (மண்டலம்: சென்னை மத்திய மண்டலம்),garbage,Garbage & Waste Disposal,ta,சென்னை மத்திய மண்டலம்,நுங்கம்பாக்கம் பஸ் நிறுத்தம் அருகில் குப்பைகள் அகற்றப்படாமல் 4 நாட்களாக தேங்கியுள்ளது. (மண்டலம்: சென்னை மத்திய மண்டலம்)
TN-NLP-6057,பெசன்ட் நகரில் விநியோகிக்கப்படும் குடிநீரில் துர்நாற்றமும் கலங்கலான நிறமும் உள்ளது. (மண்டலம்: சென்னை தெற்கு),water,Water Supply Contamination / Burst,ta,சென்னை தெற்கு,பெசன்ட் நகரில் விநியோகிக்கப்படும் குடிநீரில் துர்நாற்றமும் கலங்கலான நிறமும் உள்ளது. (மண்டலம்: சென்னை தெற்கு)
TN-NLP-6973,வேளச்சேரி குடியிருப்பு பகுதியில் தெருநாய்களின் தொல்லை அதிகரித்து பொதுமக்கள் அச்சமடைந்துள்ளனர். (மண்டலம்: சென்னை மத்திய மண்டலம்),other,Other / General Municipal Operations,ta,சென்னை மத்திய மண்டலம்,வேளச்சேரி குடியிருப்பு பகுதியில் தெருநாய்களின் தொல்லை அதிகரித்து பொதுமக்கள் அச்சமடைந்துள்ளனர். (மண்டலம்: சென்னை மத்திய மண்டலம்)
TN-NLP-5798,நுங்கம்பாக்கம் பஸ் நிறுத்தம் அருகில் குப்பைகள் அகற்றப்படாமல் 4 நாட்களாக தேங்கியுள்ளது. (மண்டலம்: சென்னை வடக்கு),garbage,Garbage & Waste Disposal,ta,சென்னை வடக்கு,நுங்கம்பாக்கம் பஸ் நிறுத்தம் அருகில் குப்பைகள் அகற்றப்படாமல் 4 நாட்களாக தேங்கியுள்ளது. (மண்டலம்: சென்னை வடக்கு)
TN-NLP-6124,பெசன்ட் நகரில் விநியோகிக்கப்படும் குடிநீரில் துர்நாற்றமும் கலங்கலான நிறமும் உள்ளது. (மண்டலம்: சென்னை தெற்கு),water,Water Supply Contamination / Burst,ta,சென்னை தெற்கு,பெசன்ட் நகரில் விநியோகிக்கப்படும் குடிநீரில் துர்நாற்றமும் கலங்கலான நிறமும் உள்ளது. (மண்டலம்: சென்னை தெற்கு)
TN-NLP-5307,அசோக் நகர் 4வது அவென்யூவில் மழைநீர் வடிகால் அடைப்பால் வீடுகளுக்குள் தண்ணீர் புகுந்துள்ளது. (மண்டலம்: சென்னை மத்திய மண்டலம்),drainage,Drainage & Sewage Overflow,ta,சென்னை மத்திய மண்டலம்,அசோக் நகர் 4வது அவென்யூவில் மழைநீர் வடிகால் அடைப்பால் வீடுகளுக்குள் தண்ணீர் புகுந்துள்ளது. (மண்டலம்: சென்னை மத்திய மண்டலம்)
TN-NLP-7025,தி. நகரில் நள்ளிரவிலும் அதிக சத்தத்துடன் ஒலிபெருக்கி பயன்படுத்துவதால் ஒலி மாசுபாடு ஏற்படுகிறது. (மண்டலம்: ஆவடி),other,Other / General Municipal Operations,ta,ஆவடி,தி. நகரில் நள்ளிரவிலும் அதிக சத்தத்துடன் ஒலிபெருக்கி பயன்படுத்துவதால் ஒலி மாசுபாடு ஏற்படுகிறது. (மண்டலம்: ஆவடி)
TN-NLP-5963,திருவல்லிக்கேணி தெருவில் கடந்த 48 மணி நேரமாக குடிநீர் விநியோகம் முற்றிலும் நிறுத்தப்பட்டுள்ளது. (மண்டலம்: சென்னை தெற்கு),water,Water Supply Contamination / Burst,ta,சென்னை தெற்கு,திருவல்லிக்கேணி தெருவில் கடந்த 48 மணி நேரமாக குடிநீர் விநியோகம் முற்றிலும் நிறுத்தப்பட்டுள்ளது. (மண்டலம்: சென்னை தெற்கு)
TN-NLP-6833,வேளச்சேரி குடியிருப்பு பகுதியில் தெருநாய்களின் தொல்லை அதிகரித்து பொதுமக்கள் அச்சமடைந்துள்ளனர். (மண்டலம்: ஆவடி),other,Other / General Municipal Operations,ta,ஆவடி,வேளச்சேரி குடியிருப்பு பகுதியில் தெருநாய்களின் தொல்லை அதிகரித்து பொதுமக்கள் அச்சமடைந்துள்ளனர். (மண்டலம்: ஆவடி)
TN-NLP-5924,பெசன்ட் நகரில் விநியோகிக்கப்படும் குடிநீரில் துர்நாற்றமும் கலங்கலான நிறமும் உள்ளது. (மண்டலம்: ஆவடி),water,Water Supply Contamination / Burst,ta,ஆவடி,பெசன்ட் நகரில் விநியோகிக்கப்படும் குடிநீரில் துர்நாற்றமும் கலங்கலான நிறமும் உள்ளது. (மண்டலம்: ஆவடி)
TN-NLP-6073,பெசன்ட் நகரில் விநியோகிக்கப்படும் குடிநீரில் துர்நாற்றமும் கலங்கலான நிறமும் உள்ளது. (மண்டலம்: சென்னை மத்திய மண்டலம்),water,Water Supply Contamination / Burst,ta,சென்னை மத்திய மண்டலம்,பெசன்ட் நகரில் விநியோகிக்கப்படும் குடிநீரில் துர்நாற்றமும் கலங்கலான நிறமும் உள்ளது. (மண்டலம்: சென்னை மத்திய மண்டலம்)
TN-NLP-5176,பெருங்குடியில் கடந்த 3 மாதங்களாக சாலைப் பணி அரைகுறையாக விடப்பட்டு பலத்த தூசு மாசுபாடு ஏற்படுகிறது. (மண்டலம்: சென்னை மத்திய மண்டலம்),roads,Road Damage & Potholes,ta,சென்னை மத்திய மண்டலம்,பெருங்குடியில் கடந்த 3 மாதங்களாக சாலைப் பணி அரைகுறையாக விடப்பட்டு பலத்த தூசு மாசுபாடு ஏற்படுகிறது. (மண்டலம்: சென்னை மத்திய மண்டலம்)
TN-NLP-6625,கோயம்பேடு மேம்பாலம் அருகில் உள்ள நகராட்சி பேருந்து நிழற்கூரை சேதமடைந்துள்ளது. (மண்டலம்: சென்னை வடக்கு),infrastructure,Public Infrastructure Damage,ta,சென்னை வடக்கு,கோயம்பேடு மேம்பாலம் அருகில் உள்ள நகராட்சி பேருந்து நிழற்கூரை சேதமடைந்துள்ளது. (மண்டலம்: சென்னை வடக்கு)
TN-NLP-6406,பெருங்குடி ஓஎம்ஆர் சாலையில் மின்கம்பத்தில் இருந்து ஆபத்தான முறையில் மின்வயர் தொங்குகிறது. (மண்டலம்: ஆவடி),streetlights,Streetlights & Electrical Hazards,ta,ஆவடி,பெருங்குடி ஓஎம்ஆர் சாலையில் மின்கம்பத்தில் இருந்து ஆபத்தான முறையில் மின்வயர் தொங்குகிறது. (மண்டலம்: ஆவடி)
TN-NLP-6992,வேளச்சேரி குடியிருப்பு பகுதியில் தெருநாய்களின் தொல்லை அதிகரித்து பொதுமக்கள் அச்சமடைந்துள்ளனர். (மண்டலம்: ஆவடி),other,Other / General Municipal Operations,ta,ஆவடி,வேளச்சேரி குடியிருப்பு பகுதியில் தெருநாய்களின் தொல்லை அதிகரித்து பொதுமக்கள் அச்சமடைந்துள்ளனர். (மண்டலம்: ஆவடி)
TN-NLP-6981,தி. நகரில் நள்ளிரவிலும் அதிக சத்தத்துடன் ஒலிபெருக்கி பயன்படுத்துவதால் ஒலி மாசுபாடு ஏற்படுகிறது. (மண்டலம்: தாம்பரம்),other,Other / General Municipal Operations,ta,தாம்பரம்,தி. நகரில் நள்ளிரவிலும் அதிக சத்தத்துடன் ஒலிபெருக்கி பயன்படுத்துவதால் ஒலி மாசுபாடு ஏற்படுகிறது. (மண்டலம்: தாம்பரம்)
TN-NLP-5450,கோடம்பாக்கம் தெருவில் கழிவுநீர் குழாய் உடைந்து துர்நாற்றம் வீசுவதுடன் சுகாதார சீர்கேடு ஏற்பட்டுள்ளது. (மண்டலம்: ஆவடி),drainage,Drainage & Sewage Overflow,ta,ஆவடி,கோடம்பாக்கம் தெருவில் கழிவுநீர் குழாய் உடைந்து துர்நாற்றம் வீசுவதுடன் சுகாதார சீர்கேடு ஏற்பட்டுள்ளது. (மண்டலம்: ஆவடி)
TN-NLP-5288,தி. நகர் உஸ்மான் சாலை சந்திப்பில் தார் தளம் அடித்துச் செல்லப்பட்டு பெரிய குழி உருவாகியுள்ளது. (மண்டலம்: சென்னை மத்திய மண்டலம்),roads,Road Damage & Potholes,ta,சென்னை மத்திய மண்டலம்,தி. நகர் உஸ்மான் சாலை சந்திப்பில் தார் தளம் அடித்துச் செல்லப்பட்டு பெரிய குழி உருவாகியுள்ளது. (மண்டலம்: சென்னை மத்திய மண்டலம்)
TN-NLP-6507,சிந்தாதிரிப்பேட்டை கூவம் நதி பாலத்தின் சிமெண்ட் கைப்பிடி சுவர் உடைந்து அபாயகரமாக உள்ளது. (மண்டலம்: சென்னை மத்திய மண்டலம்),infrastructure,Public Infrastructure Damage,ta,சென்னை மத்திய மண்டலம்,சிந்தாதிரிப்பேட்டை கூவம் நதி பாலத்தின் சிமெண்ட் கைப்பிடி சுவர் உடைந்து அபாயகரமாக உள்ளது. (மண்டலம்: சென்னை மத்திய மண்டலம்)
TN-NLP-5157,வேளச்சேரி மெயின் ரோட்டில் மழைநீரால் சாலை முற்றிலும் சேதமடைந்து இருசக்கர வாகன ஓட்டிகளுக்கு பேராபத்தை ஏற்படுத்துகிறது. (மண்டலம்: சென்னை மத்திய மண்டலம்),roads,Road Damage & Potholes,ta,சென்னை மத்திய மண்டலம்,வேளச்சேரி மெயின் ரோட்டில் மழைநீரால் சாலை முற்றிலும் சேதமடைந்து இருசக்கர வாகன ஓட்டிகளுக்கு பேராபத்தை ஏற்படுத்துகிறது. (மண்டலம்: சென்னை மத்திய மண்டலம்)
TN-NLP-5872,நுங்கம்பாக்கம் பஸ் நிறுத்தம் அருகில் குப்பைகள் அகற்றப்படாமல் 4 நாட்களாக தேங்கியுள்ளது. (மண்டலம்: ஆவடி),garbage,Garbage & Waste Disposal,ta,ஆவடி,நுங்கம்பாக்கம் பஸ் நிறுத்தம் அருகில் குப்பைகள் அகற்றப்படாமல் 4 நாட்களாக தேங்கியுள்ளது. (மண்டலம்: ஆவடி)
TN-NLP-6863,தி. நகரில் நள்ளிரவிலும் அதிக சத்தத்துடன் ஒலிபெருக்கி பயன்படுத்துவதால் ஒலி மாசுபாடு ஏற்படுகிறது. (மண்டலம்: சென்னை தெற்கு),other,Other / General Municipal Operations,ta,சென்னை தெற்கு,தி. நகரில் நள்ளிரவிலும் அதிக சத்தத்துடன் ஒலிபெருக்கி பயன்படுத்துவதால் ஒலி மாசுபாடு ஏற்படுகிறது. (மண்டலம்: சென்னை தெற்கு)
TN-NLP-6937,வேளச்சேரி குடியிருப்பு பகுதியில் தெருநாய்களின் தொல்லை அதிகரித்து பொதுமக்கள் அச்சமடைந்துள்ளனர். (மண்டலம்: சென்னை தெற்கு),other,Other / General Municipal Operations,ta,சென்னை தெற்கு,வேளச்சேரி குடியிருப்பு பகுதியில் தெருநாய்களின் தொல்லை அதிகரித்து பொதுமக்கள் அச்சமடைந்துள்ளனர். (மண்டலம்: சென்னை தெற்கு)
TN-NLP-6159,பெசன்ட் நகரில் விநியோகிக்கப்படும் குடிநீரில் துர்நாற்றமும் கலங்கலான நிறமும் உள்ளது. (மண்டலம்: சென்னை வடக்கு),water,Water Supply Contamination / Burst,ta,சென்னை வடக்கு,பெசன்ட் நகரில் விநியோகிக்கப்படும் குடிநீரில் துர்நாற்றமும் கலங்கலான நிறமும் உள்ளது. (மண்டலம்: சென்னை வடக்கு)
TN-NLP-7074,தி. நகரில் நள்ளிரவிலும் அதிக சத்தத்துடன் ஒலிபெருக்கி பயன்படுத்துவதால் ஒலி மாசுபாடு ஏற்படுகிறது. (மண்டலம்: தாம்பரம்),other,Other / General Municipal Operations,ta,தாம்பரம்,தி. நகரில் நள்ளிரவிலும் அதிக சத்தத்துடன் ஒலிபெருக்கி பயன்படுத்துவதால் ஒலி மாசுபாடு ஏற்படுகிறது. (மண்டலம்: தாம்பரம்)
TN-NLP-5735,திருவான்மியூர் கடற்கரை சாலையில் கட்டுமானக் கழிவுகள் சட்டவிரோதமாகக் கொட்டப்பட்டுள்ளன. (மண்டலம்: தாம்பரம்),garbage,Garbage & Waste Disposal,ta,தாம்பரம்,திருவான்மியூர் கடற்கரை சாலையில் கட்டுமானக் கழிவுகள் சட்டவிரோதமாகக் கொட்டப்பட்டுள்ளன. (மண்டலம்: தாம்பரம்)
TN-NLP-5742,கோயம்பேடு சந்தை சாலையில் குப்பைத் தொட்டிகள் நிரம்பி வழிந்து சுகாதாரக் கேடு விளைவிக்கிறது. (மண்டலம்: சென்னை மத்திய மண்டலம்),garbage,Garbage & Waste Disposal,ta,சென்னை மத்திய மண்டலம்,கோயம்பேடு சந்தை சாலையில் குப்பைத் தொட்டிகள் நிரம்பி வழிந்து சுகாதாரக் கேடு விளைவிக்கிறது. (மண்டலம்: சென்னை மத்திய மண்டலம்)
TN-NLP-5632,நுங்கம்பாக்கம் பஸ் நிறுத்தம் அருகில் குப்பைகள் அகற்றப்படாமல் 4 நாட்களாக தேங்கியுள்ளது. (மண்டலம்: சென்னை தெற்கு),garbage,Garbage & Waste Disposal,ta,சென்னை தெற்கு,நுங்கம்பாக்கம் பஸ் நிறுத்தம் அருகில் குப்பைகள் அகற்றப்படாமல் 4 நாட்களாக தேங்கியுள்ளது. (மண்டலம்: சென்னை தெற்கு)
TN-NLP-5429,ராயப்பேட்டையில் திறந்தவெளி கழிவுநீர் கால்வாயில் இருந்து சாக்கடை நீர் சாலையில் வழிகிறது. (மண்டலம்: ஆவடி),drainage,Drainage & Sewage Overflow,ta,ஆவடி,ராயப்பேட்டையில் திறந்தவெளி கழிவுநீர் கால்வாயில் இருந்து சாக்கடை நீர் சாலையில் வழிகிறது. (மண்டலம்: ஆவடி)
TN-NLP-6016,பெசன்ட் நகரில் விநியோகிக்கப்படும் குடிநீரில் துர்நாற்றமும் கலங்கலான நிறமும் உள்ளது. (மண்டலம்: சென்னை வடக்கு),water,Water Supply Contamination / Burst,ta,சென்னை வடக்கு,பெசன்ட் நகரில் விநியோகிக்கப்படும் குடிநீரில் துர்நாற்றமும் கலங்கலான நிறமும் உள்ளது. (மண்டலம்: சென்னை வடக்கு)
TN-NLP-6267,ஜிஎஸ்டி சாலையில் பல தெருவிளக்குகள் எரியாமல் இருள் சூழ்ந்து விபத்து அபாயம் நிலவுகிறது. (மண்டலம்: தாம்பரம்),streetlights,Streetlights & Electrical Hazards,ta,தாம்பரம்,ஜிஎஸ்டி சாலையில் பல தெருவிளக்குகள் எரியாமல் இருள் சூழ்ந்து விபத்து அபாயம் நிலவுகிறது. (மண்டலம்: தாம்பரம்)
TN-NLP-6663,கோயம்பேடு மேம்பாலம் அருகில் உள்ள நகராட்சி பேருந்து நிழற்கூரை சேதமடைந்துள்ளது. (மண்டலம்: சென்னை தெற்கு),infrastructure,Public Infrastructure Damage,ta,சென்னை தெற்கு,கோயம்பேடு மேம்பாலம் அருகில் உள்ள நகராட்சி பேருந்து நிழற்கூரை சேதமடைந்துள்ளது. (மண்டலம்: சென்னை தெற்கு)
TN-NLP-6811,வேளச்சேரி குடியிருப்பு பகுதியில் தெருநாய்களின் தொல்லை அதிகரித்து பொதுமக்கள் அச்சமடைந்துள்ளனர். (மண்டலம்: ஆவடி),other,Other / General Municipal Operations,ta,ஆவடி,வேளச்சேரி குடியிருப்பு பகுதியில் தெருநாய்களின் தொல்லை அதிகரித்து பொதுமக்கள் அச்சமடைந்துள்ளனர். (மண்டலம்: ஆவடி)
TN-NLP-5311,ராயப்பேட்டையில் திறந்தவெளி கழிவுநீர் கால்வாயில் இருந்து சாக்கடை நீர் சாலையில் வழிகிறது. (மண்டலம்: சென்னை மத்திய மண்டலம்),drainage,Drainage & Sewage Overflow,ta,சென்னை மத்திய மண்டலம்,ராயப்பேட்டையில் திறந்தவெளி கழிவுநீர் கால்வாயில் இருந்து சாக்கடை நீர் சாலையில் வழிகிறது. (மண்டலம்: சென்னை மத்திய மண்டலம்)
TN-NLP-6279,ஜிஎஸ்டி சாலையில் பல தெருவிளக்குகள் எரியாமல் இருள் சூழ்ந்து விபத்து அபாயம் நிலவுகிறது. (மண்டலம்: சென்னை தெற்கு),streetlights,Streetlights & Electrical Hazards,ta,சென்னை தெற்கு,ஜிஎஸ்டி சாலையில் பல தெருவிளக்குகள் எரியாமல் இருள் சூழ்ந்து விபத்து அபாயம் நிலவுகிறது. (மண்டலம்: சென்னை தெற்கு)
TN-NLP-6796,சிந்தாதிரிப்பேட்டை கூவம் நதி பாலத்தின் சிமெண்ட் கைப்பிடி சுவர் உடைந்து அபாயகரமாக உள்ளது. (மண்டலம்: சென்னை மத்திய மண்டலம்),infrastructure,Public Infrastructure Damage,ta,சென்னை மத்திய மண்டலம்,சிந்தாதிரிப்பேட்டை கூவம் நதி பாலத்தின் சிமெண்ட் கைப்பிடி சுவர் உடைந்து அபாயகரமாக உள்ளது. (மண்டலம்: சென்னை மத்திய மண்டலம்)
TN-NLP-5545,ராயப்பேட்டையில் திறந்தவெளி கழிவுநீர் கால்வாயில் இருந்து சாக்கடை நீர் சாலையில் வழிகிறது. (மண்டலம்: சென்னை வடக்கு),drainage,Drainage & Sewage Overflow,ta,சென்னை வடக்கு,ராயப்பேட்டையில் திறந்தவெளி கழிவுநீர் கால்வாயில் இருந்து சாக்கடை நீர் சாலையில் வழிகிறது. (மண்டலம்: சென்னை வடக்கு)
TN-NLP-5738,நுங்கம்பாக்கம் பஸ் நிறுத்தம் அருகில் குப்பைகள் அகற்றப்படாமல் 4 நாட்களாக தேங்கியுள்ளது. (மண்டலம்: சென்னை மத்திய மண்டலம்),garbage,Garbage & Waste Disposal,ta,சென்னை மத்திய மண்டலம்,நுங்கம்பாக்கம் பஸ் நிறுத்தம் அருகில் குப்பைகள் அகற்றப்படாமல் 4 நாட்களாக தேங்கியுள்ளது. (மண்டலம்: சென்னை மத்திய மண்டலம்)
TN-NLP-6015,பெசன்ட் நகரில் விநியோகிக்கப்படும் குடிநீரில் துர்நாற்றமும் கலங்கலான நிறமும் உள்ளது. (மண்டலம்: சென்னை தெற்கு),water,Water Supply Contamination / Burst,ta,சென்னை தெற்கு,பெசன்ட் நகரில் விநியோகிக்கப்படும் குடிநீரில் துர்நாற்றமும் கலங்கலான நிறமும் உள்ளது. (மண்டலம்: சென்னை தெற்கு)
TN-NLP-5283,வேளச்சேரி மெயின் ரோட்டில் மழைநீரால் சாலை முற்றிலும் சேதமடைந்து இருசக்கர வாகன ஓட்டிகளுக்கு பேராபத்தை ஏற்படுத்துகிறது. (மண்டலம்: ஆவடி),roads,Road Damage & Potholes,ta,ஆவடி,வேளச்சேரி மெயின் ரோட்டில் மழைநீரால் சாலை முற்றிலும் சேதமடைந்து இருசக்கர வாகன ஓட்டிகளுக்கு பேராபத்தை ஏற்படுத்துகிறது. (மண்டலம்: ஆவடி)
TN-NLP-6600,சிந்தாதிரிப்பேட்டை கூவம் நதி பாலத்தின் சிமெண்ட் கைப்பிடி சுவர் உடைந்து அபாயகரமாக உள்ளது. (மண்டலம்: சென்னை வடக்கு),infrastructure,Public Infrastructure Damage,ta,சென்னை வடக்கு,சிந்தாதிரிப்பேட்டை கூவம் நதி பாலத்தின் சிமெண்ட் கைப்பிடி சுவர் உடைந்து அபாயகரமாக உள்ளது. (மண்டலம்: சென்னை வடக்கு)
TN-NLP-6160,பெசன்ட் நகரில் விநியோகிக்கப்படும் குடிநீரில் துர்நாற்றமும் கலங்கலான நிறமும் உள்ளது. (மண்டலம்: தாம்பரம்),water,Water Supply Contamination / Burst,ta,தாம்பரம்,பெசன்ட் நகரில் விநியோகிக்கப்படும் குடிநீரில் துர்நாற்றமும் கலங்கலான நிறமும் உள்ளது. (மண்டலம்: தாம்பரம்)
TN-NLP-5310,ராயப்பேட்டையில் திறந்தவெளி கழிவுநீர் கால்வாயில் இருந்து சாக்கடை நீர் சாலையில் வழிகிறது. (மண்டலம்: சென்னை தெற்கு),drainage,Drainage & Sewage Overflow,ta,சென்னை தெற்கு,ராயப்பேட்டையில் திறந்தவெளி கழிவுநீர் கால்வாயில் இருந்து சாக்கடை நீர் சாலையில் வழிகிறது. (மண்டலம்: சென்னை தெற்கு)
TN-NLP-5005,அண்ணா சாலையில் உள்ள பெரும் பள்ளத்தால் போக்குவரத்து நெரிசல் மற்றும் விபத்துக்கள் ஏற்படுகிறது. (மண்டலம்: சென்னை மத்திய மண்டலம்),roads,Road Damage & Potholes,ta,சென்னை மத்திய மண்டலம்,அண்ணா சாலையில் உள்ள பெரும் பள்ளத்தால் போக்குவரத்து நெரிசல் மற்றும் விபத்துக்கள் ஏற்படுகிறது. (மண்டலம்: சென்னை மத்திய மண்டலம்)
TN-NLP-6125,அண்ணா நகர் 2வது அவென்யூவில் குடிநீர் குழாய் உடைந்து குடிநீர் வீணாகி வருகிறது. (மண்டலம்: சென்னை மத்திய மண்டலம்),water,Water Supply Contamination / Burst,ta,சென்னை மத்திய மண்டலம்,அண்ணா நகர் 2வது அவென்யூவில் குடிநீர் குழாய் உடைந்து குடிநீர் வீணாகி வருகிறது. (மண்டலம்: சென்னை மத்திய மண்டலம்)
TN-NLP-6110,திருவல்லிக்கேணி தெருவில் கடந்த 48 மணி நேரமாக குடிநீர் விநியோகம் முற்றிலும் நிறுத்தப்பட்டுள்ளது. (மண்டலம்: சென்னை மத்திய மண்டலம்),water,Water Supply Contamination / Burst,ta,சென்னை மத்திய மண்டலம்,திருவல்லிக்கேணி தெருவில் கடந்த 48 மணி நேரமாக குடிநீர் விநியோகம் முற்றிலும் நிறுத்தப்பட்டுள்ளது. (மண்டலம்: சென்னை மத்திய மண்டலம்)
TN-NLP-6967,வேளச்சேரி குடியிருப்பு பகுதியில் தெருநாய்களின் தொல்லை அதிகரித்து பொதுமக்கள் அச்சமடைந்துள்ளனர். (மண்டலம்: ஆவடி),other,Other / General Municipal Operations,ta,ஆவடி,வேளச்சேரி குடியிருப்பு பகுதியில் தெருநாய்களின் தொல்லை அதிகரித்து பொதுமக்கள் அச்சமடைந்துள்ளனர். (மண்டலம்: ஆவடி)
TN-NLP-6566,சிந்தாதிரிப்பேட்டை கூவம் நதி பாலத்தின் சிமெண்ட் கைப்பிடி சுவர் உடைந்து அபாயகரமாக உள்ளது. (மண்டலம்: சென்னை வடக்கு),infrastructure,Public Infrastructure Damage,ta,சென்னை வடக்கு,சிந்தாதிரிப்பேட்டை கூவம் நதி பாலத்தின் சிமெண்ட் கைப்பிடி சுவர் உடைந்து அபாயகரமாக உள்ளது. (மண்டலம்: சென்னை வடக்கு)
TN-NLP-5357,கோடம்பாக்கம் தெருவில் கழிவுநீர் குழாய் உடைந்து துர்நாற்றம் வீசுவதுடன் சுகாதார சீர்கேடு ஏற்பட்டுள்ளது. (மண்டலம்: சென்னை வடக்கு),drainage,Drainage & Sewage Overflow,ta,சென்னை வடக்கு,கோடம்பாக்கம் தெருவில் கழிவுநீர் குழாய் உடைந்து துர்நாற்றம் வீசுவதுடன் சுகாதார சீர்கேடு ஏற்பட்டுள்ளது. (மண்டலம்: சென்னை வடக்கு)
TN-NLP-5855,திருவான்மியூர் கடற்கரை சாலையில் கட்டுமானக் கழிவுகள் சட்டவிரோதமாகக் கொட்டப்பட்டுள்ளன. (மண்டலம்: ஆவடி),garbage,Garbage & Waste Disposal,ta,ஆவடி,திருவான்மியூர் கடற்கரை சாலையில் கட்டுமானக் கழிவுகள் சட்டவிரோதமாகக் கொட்டப்பட்டுள்ளன. (மண்டலம்: ஆவடி)
TN-NLP-5729,கோயம்பேடு சந்தை சாலையில் குப்பைத் தொட்டிகள் நிரம்பி வழிந்து சுகாதாரக் கேடு விளைவிக்கிறது. (மண்டலம்: சென்னை மத்திய மண்டலம்),garbage,Garbage & Waste Disposal,ta,சென்னை மத்திய மண்டலம்,கோயம்பேடு சந்தை சாலையில் குப்பைத் தொட்டிகள் நிரம்பி வழிந்து சுகாதாரக் கேடு விளைவிக்கிறது. (மண்டலம்: சென்னை மத்திய மண்டலம்)
TN-NLP-7032,வேளச்சேரி குடியிருப்பு பகுதியில் தெருநாய்களின் தொல்லை அதிகரித்து பொதுமக்கள் அச்சமடைந்துள்ளனர். (மண்டலம்: சென்னை தெற்கு),other,Other / General Municipal Operations,ta,சென்னை தெற்கு,வேளச்சேரி குடியிருப்பு பகுதியில் தெருநாய்களின் தொல்லை அதிகரித்து பொதுமக்கள் அச்சமடைந்துள்ளனர். (மண்டலம்: சென்னை தெற்கு)
TN-NLP-6446,ஜிஎஸ்டி சாலையில் பல தெருவிளக்குகள் எரியாமல் இருள் சூழ்ந்து விபத்து அபாயம் நிலவுகிறது. (மண்டலம்: ஆவடி),streetlights,Streetlights & Electrical Hazards,ta,ஆவடி,ஜிஎஸ்டி சாலையில் பல தெருவிளக்குகள் எரியாமல் இருள் சூழ்ந்து விபத்து அபாயம் நிலவுகிறது. (மண்டலம்: ஆவடி)
TN-NLP-6046,திருவல்லிக்கேணி தெருவில் கடந்த 48 மணி நேரமாக குடிநீர் விநியோகம் முற்றிலும் நிறுத்தப்பட்டுள்ளது. (மண்டலம்: தாம்பரம்),water,Water Supply Contamination / Burst,ta,தாம்பரம்,திருவல்லிக்கேணி தெருவில் கடந்த 48 மணி நேரமாக குடிநீர் விநியோகம் முற்றிலும் நிறுத்தப்பட்டுள்ளது. (மண்டலம்: தாம்பரம்)
TN-NLP-6825,தி. நகரில் நள்ளிரவிலும் அதிக சத்தத்துடன் ஒலிபெருக்கி பயன்படுத்துவதால் ஒலி மாசுபாடு ஏற்படுகிறது. (மண்டலம்: சென்னை வடக்கு),other,Other / General Municipal Operations,ta,சென்னை வடக்கு,தி. நகரில் நள்ளிரவிலும் அதிக சத்தத்துடன் ஒலிபெருக்கி பயன்படுத்துவதால் ஒலி மாசுபாடு ஏற்படுகிறது. (மண்டலம்: சென்னை வடக்கு)
TN-NLP-5057,அண்ணா சாலையில் உள்ள பெரும் பள்ளத்தால் போக்குவரத்து நெரிசல் மற்றும் விபத்துக்கள் ஏற்படுகிறது. (மண்டலம்: சென்னை மத்திய மண்டலம்),roads,Road Damage & Potholes,ta,சென்னை மத்திய மண்டலம்,அண்ணா சாலையில் உள்ள பெரும் பள்ளத்தால் போக்குவரத்து நெரிசல் மற்றும் விபத்துக்கள் ஏற்படுகிறது. (மண்டலம்: சென்னை மத்திய மண்டலம்)
TN-NLP-5385,கோடம்பாக்கம் தெருவில் கழிவுநீர் குழாய் உடைந்து துர்நாற்றம் வீசுவதுடன் சுகாதார சீர்கேடு ஏற்பட்டுள்ளது. (மண்டலம்: ஆவடி),drainage,Drainage & Sewage Overflow,ta,ஆவடி,கோடம்பாக்கம் தெருவில் கழிவுநீர் குழாய் உடைந்து துர்நாற்றம் வீசுவதுடன் சுகாதார சீர்கேடு ஏற்பட்டுள்ளது. (மண்டலம்: ஆவடி)
TN-NLP-5278,வேளச்சேரி மெயின் ரோட்டில் மழைநீரால் சாலை முற்றிலும் சேதமடைந்து இருசக்கர வாகன ஓட்டிகளுக்கு பேராபத்தை ஏற்படுத்துகிறது. (மண்டலம்: தாம்பரம்),roads,Road Damage & Potholes,ta,தாம்பரம்,வேளச்சேரி மெயின் ரோட்டில் மழைநீரால் சாலை முற்றிலும் சேதமடைந்து இருசக்கர வாகன ஓட்டிகளுக்கு பேராபத்தை ஏற்படுத்துகிறது. (மண்டலம்: தாம்பரம்)
TN-NLP-6346,ஜிஎஸ்டி சாலையில் பல தெருவிளக்குகள் எரியாமல் இருள் சூழ்ந்து விபத்து அபாயம் நிலவுகிறது. (மண்டலம்: சென்னை வடக்கு),streetlights,Streetlights & Electrical Hazards,ta,சென்னை வடக்கு,ஜிஎஸ்டி சாலையில் பல தெருவிளக்குகள் எரியாமல் இருள் சூழ்ந்து விபத்து அபாயம் நிலவுகிறது. (மண்டலம்: சென்னை வடக்கு)
TN-NLP-5829,கோயம்பேடு சந்தை சாலையில் குப்பைத் தொட்டிகள் நிரம்பி வழிந்து சுகாதாரக் கேடு விளைவிக்கிறது. (மண்டலம்: ஆவடி),garbage,Garbage & Waste Disposal,ta,ஆவடி,கோயம்பேடு சந்தை சாலையில் குப்பைத் தொட்டிகள் நிரம்பி வழிந்து சுகாதாரக் கேடு விளைவிக்கிறது. (மண்டலம்: ஆவடி)
TN-NLP-5853,கோயம்பேடு சந்தை சாலையில் குப்பைத் தொட்டிகள் நிரம்பி வழிந்து சுகாதாரக் கேடு விளைவிக்கிறது. (மண்டலம்: ஆவடி),garbage,Garbage & Waste Disposal,ta,ஆவடி,கோயம்பேடு சந்தை சாலையில் குப்பைத் தொட்டிகள் நிரம்பி வழிந்து சுகாதாரக் கேடு விளைவிக்கிறது. (மண்டலம்: ஆவடி)
TN-NLP-5955,திருவல்லிக்கேணி தெருவில் கடந்த 48 மணி நேரமாக குடிநீர் விநியோகம் முற்றிலும் நிறுத்தப்பட்டுள்ளது. (மண்டலம்: சென்னை மத்திய மண்டலம்),water,Water Supply Contamination / Burst,ta,சென்னை மத்திய மண்டலம்,திருவல்லிக்கேணி தெருவில் கடந்த 48 மணி நேரமாக குடிநீர் விநியோகம் முற்றிலும் நிறுத்தப்பட்டுள்ளது. (மண்டலம்: சென்னை மத்திய மண்டலம்)
TN-NLP-5219,வேளச்சேரி மெயின் ரோட்டில் மழைநீரால் சாலை முற்றிலும் சேதமடைந்து இருசக்கர வாகன ஓட்டிகளுக்கு பேராபத்தை ஏற்படுத்துகிறது. (மண்டலம்: சென்னை தெற்கு),roads,Road Damage & Potholes,ta,சென்னை தெற்கு,வேளச்சேரி மெயின் ரோட்டில் மழைநீரால் சாலை முற்றிலும் சேதமடைந்து இருசக்கர வாகன ஓட்டிகளுக்கு பேராபத்தை ஏற்படுத்துகிறது. (மண்டலம்: சென்னை தெற்கு)
TN-NLP-6516,சிந்தாதிரிப்பேட்டை கூவம் நதி பாலத்தின் சிமெண்ட் கைப்பிடி சுவர் உடைந்து அபாயகரமாக உள்ளது. (மண்டலம்: சென்னை வடக்கு),infrastructure,Public Infrastructure Damage,ta,சென்னை வடக்கு,சிந்தாதிரிப்பேட்டை கூவம் நதி பாலத்தின் சிமெண்ட் கைப்பிடி சுவர் உடைந்து அபாயகரமாக உள்ளது. (மண்டலம்: சென்னை வடக்கு)
TN-NLP-5244,வேளச்சேரி மெயின் ரோட்டில் மழைநீரால் சாலை முற்றிலும் சேதமடைந்து இருசக்கர வாகன ஓட்டிகளுக்கு பேராபத்தை ஏற்படுத்துகிறது. (மண்டலம்: சென்னை தெற்கு),roads,Road Damage & Potholes,ta,சென்னை தெற்கு,வேளச்சேரி மெயின் ரோட்டில் மழைநீரால் சாலை முற்றிலும் சேதமடைந்து இருசக்கர வாகன ஓட்டிகளுக்கு பேராபத்தை ஏற்படுத்துகிறது. (மண்டலம்: சென்னை தெற்கு)
TN-NLP-6978,தி. நகரில் நள்ளிரவிலும் அதிக சத்தத்துடன் ஒலிபெருக்கி பயன்படுத்துவதால் ஒலி மாசுபாடு ஏற்படுகிறது. (மண்டலம்: தாம்பரம்),other,Other / General Municipal Operations,ta,தாம்பரம்,தி. நகரில் நள்ளிரவிலும் அதிக சத்தத்துடன் ஒலிபெருக்கி பயன்படுத்துவதால் ஒலி மாசுபாடு ஏற்படுகிறது. (மண்டலம்: தாம்பரம்)
TN-NLP-5917,பெசன்ட் நகரில் விநியோகிக்கப்படும் குடிநீரில் துர்நாற்றமும் கலங்கலான நிறமும் உள்ளது. (மண்டலம்: ஆவடி),water,Water Supply Contamination / Burst,ta,ஆவடி,பெசன்ட் நகரில் விநியோகிக்கப்படும் குடிநீரில் துர்நாற்றமும் கலங்கலான நிறமும் உள்ளது. (மண்டலம்: ஆவடி)
TN-NLP-6912,தி. நகரில் நள்ளிரவிலும் அதிக சத்தத்துடன் ஒலிபெருக்கி பயன்படுத்துவதால் ஒலி மாசுபாடு ஏற்படுகிறது. (மண்டலம்: சென்னை வடக்கு),other,Other / General Municipal Operations,ta,சென்னை வடக்கு,தி. நகரில் நள்ளிரவிலும் அதிக சத்தத்துடன் ஒலிபெருக்கி பயன்படுத்துவதால் ஒலி மாசுபாடு ஏற்படுகிறது. (மண்டலம்: சென்னை வடக்கு)
TN-NLP-6217,பெருங்குடி ஓஎம்ஆர் சாலையில் மின்கம்பத்தில் இருந்து ஆபத்தான முறையில் மின்வயர் தொங்குகிறது. (மண்டலம்: சென்னை மத்திய மண்டலம்),streetlights,Streetlights & Electrical Hazards,ta,சென்னை மத்திய மண்டலம்,பெருங்குடி ஓஎம்ஆர் சாலையில் மின்கம்பத்தில் இருந்து ஆபத்தான முறையில் மின்வயர் தொங்குகிறது. (மண்டலம்: சென்னை மத்திய மண்டலம்)
TN-NLP-6569,கோயம்பேடு மேம்பாலம் அருகில் உள்ள நகராட்சி பேருந்து நிழற்கூரை சேதமடைந்துள்ளது. (மண்டலம்: தாம்பரம்),infrastructure,Public Infrastructure Damage,ta,தாம்பரம்,கோயம்பேடு மேம்பாலம் அருகில் உள்ள நகராட்சி பேருந்து நிழற்கூரை சேதமடைந்துள்ளது. (மண்டலம்: தாம்பரம்)
TN-NLP-5549,கோடம்பாக்கம் தெருவில் கழிவுநீர் குழாய் உடைந்து துர்நாற்றம் வீசுவதுடன் சுகாதார சீர்கேடு ஏற்பட்டுள்ளது. (மண்டலம்: சென்னை வடக்கு),drainage,Drainage & Sewage Overflow,ta,சென்னை வடக்கு,கோடம்பாக்கம் தெருவில் கழிவுநீர் குழாய் உடைந்து துர்நாற்றம் வீசுவதுடன் சுகாதார சீர்கேடு ஏற்பட்டுள்ளது. (மண்டலம்: சென்னை வடக்கு)
TN-NLP-5727,கோயம்பேடு சந்தை சாலையில் குப்பைத் தொட்டிகள் நிரம்பி வழிந்து சுகாதாரக் கேடு விளைவிக்கிறது. (மண்டலம்: சென்னை மத்திய மண்டலம்),garbage,Garbage & Waste Disposal,ta,சென்னை மத்திய மண்டலம்,கோயம்பேடு சந்தை சாலையில் குப்பைத் தொட்டிகள் நிரம்பி வழிந்து சுகாதாரக் கேடு விளைவிக்கிறது. (மண்டலம்: சென்னை மத்திய மண்டலம்)
TN-NLP-6496,பெருங்குடி ஓஎம்ஆர் சாலையில் மின்கம்பத்தில் இருந்து ஆபத்தான முறையில் மின்வயர் தொங்குகிறது. (மண்டலம்: சென்னை வடக்கு),streetlights,Streetlights & Electrical Hazards,ta,சென்னை வடக்கு,பெருங்குடி ஓஎம்ஆர் சாலையில் மின்கம்பத்தில் இருந்து ஆபத்தான முறையில் மின்வயர் தொங்குகிறது. (மண்டலம்: சென்னை வடக்கு)
TN-NLP-5737,கோயம்பேடு சந்தை சாலையில் குப்பைத் தொட்டிகள் நிரம்பி வழிந்து சுகாதாரக் கேடு விளைவிக்கிறது. (மண்டலம்: ஆவடி),garbage,Garbage & Waste Disposal,ta,ஆவடி,கோயம்பேடு சந்தை சாலையில் குப்பைத் தொட்டிகள் நிரம்பி வழிந்து சுகாதாரக் கேடு விளைவிக்கிறது. (மண்டலம்: ஆவடி)
TN-NLP-6557,கோயம்பேடு மேம்பாலம் அருகில் உள்ள நகராட்சி பேருந்து நிழற்கூரை சேதமடைந்துள்ளது. (மண்டலம்: தாம்பரம்),infrastructure,Public Infrastructure Damage,ta,தாம்பரம்,கோயம்பேடு மேம்பாலம் அருகில் உள்ள நகராட்சி பேருந்து நிழற்கூரை சேதமடைந்துள்ளது. (மண்டலம்: தாம்பரம்)
TN-NLP-6575,கோயம்பேடு மேம்பாலம் அருகில் உள்ள நகராட்சி பேருந்து நிழற்கூரை சேதமடைந்துள்ளது. (மண்டலம்: ஆவடி),infrastructure,Public Infrastructure Damage,ta,ஆவடி,கோயம்பேடு மேம்பாலம் அருகில் உள்ள நகராட்சி பேருந்து நிழற்கூரை சேதமடைந்துள்ளது. (மண்டலம்: ஆவடி)
TN-NLP-5709,நுங்கம்பாக்கம் பஸ் நிறுத்தம் அருகில் குப்பைகள் அகற்றப்படாமல் 4 நாட்களாக தேங்கியுள்ளது. (மண்டலம்: ஆவடி),garbage,Garbage & Waste Disposal,ta,ஆவடி,நுங்கம்பாக்கம் பஸ் நிறுத்தம் அருகில் குப்பைகள் அகற்றப்படாமல் 4 நாட்களாக தேங்கியுள்ளது. (மண்டலம்: ஆவடி)
TN-NLP-5126,பெருங்குடியில் கடந்த 3 மாதங்களாக சாலைப் பணி அரைகுறையாக விடப்பட்டு பலத்த தூசு மாசுபாடு ஏற்படுகிறது. (மண்டலம்: ஆவடி),roads,Road Damage & Potholes,ta,ஆவடி,பெருங்குடியில் கடந்த 3 மாதங்களாக சாலைப் பணி அரைகுறையாக விடப்பட்டு பலத்த தூசு மாசுபாடு ஏற்படுகிறது. (மண்டலம்: ஆவடி)
TN-NLP-6148,பெசன்ட் நகரில் விநியோகிக்கப்படும் குடிநீரில் துர்நாற்றமும் கலங்கலான நிறமும் உள்ளது. (மண்டலம்: சென்னை வடக்கு),water,Water Supply Contamination / Burst,ta,சென்னை வடக்கு,பெசன்ட் நகரில் விநியோகிக்கப்படும் குடிநீரில் துர்நாற்றமும் கலங்கலான நிறமும் உள்ளது. (மண்டலம்: சென்னை வடக்கு)
TN-NLP-5208,வேளச்சேரி மெயின் ரோட்டில் மழைநீரால் சாலை முற்றிலும் சேதமடைந்து இருசக்கர வாகன ஓட்டிகளுக்கு பேராபத்தை ஏற்படுத்துகிறது. (மண்டலம்: சென்னை வடக்கு),roads,Road Damage & Potholes,ta,சென்னை வடக்கு,வேளச்சேரி மெயின் ரோட்டில் மழைநீரால் சாலை முற்றிலும் சேதமடைந்து இருசக்கர வாகன ஓட்டிகளுக்கு பேராபத்தை ஏற்படுத்துகிறது. (மண்டலம்: சென்னை வடக்கு)
TN-NLP-5951,திருவல்லிக்கேணி தெருவில் கடந்த 48 மணி நேரமாக குடிநீர் விநியோகம் முற்றிலும் நிறுத்தப்பட்டுள்ளது. (மண்டலம்: தாம்பரம்),water,Water Supply Contamination / Burst,ta,தாம்பரம்,திருவல்லிக்கேணி தெருவில் கடந்த 48 மணி நேரமாக குடிநீர் விநியோகம் முற்றிலும் நிறுத்தப்பட்டுள்ளது. (மண்டலம்: தாம்பரம்)
TN-NLP-5524,ராயப்பேட்டையில் திறந்தவெளி கழிவுநீர் கால்வாயில் இருந்து சாக்கடை நீர் சாலையில் வழிகிறது. (மண்டலம்: ஆவடி),drainage,Drainage & Sewage Overflow,ta,ஆவடி,ராயப்பேட்டையில் திறந்தவெளி கழிவுநீர் கால்வாயில் இருந்து சாக்கடை நீர் சாலையில் வழிகிறது. (மண்டலம்: ஆவடி)
TN-NLP-5170,பெருங்குடியில் கடந்த 3 மாதங்களாக சாலைப் பணி அரைகுறையாக விடப்பட்டு பலத்த தூசு மாசுபாடு ஏற்படுகிறது. (மண்டலம்: சென்னை மத்திய மண்டலம்),roads,Road Damage & Potholes,ta,சென்னை மத்திய மண்டலம்,பெருங்குடியில் கடந்த 3 மாதங்களாக சாலைப் பணி அரைகுறையாக விடப்பட்டு பலத்த தூசு மாசுபாடு ஏற்படுகிறது. (மண்டலம்: சென்னை மத்திய மண்டலம்)
TN-NLP-6822,வேளச்சேரி குடியிருப்பு பகுதியில் தெருநாய்களின் தொல்லை அதிகரித்து பொதுமக்கள் அச்சமடைந்துள்ளனர். (மண்டலம்: சென்னை தெற்கு),other,Other / General Municipal Operations,ta,சென்னை தெற்கு,வேளச்சேரி குடியிருப்பு பகுதியில் தெருநாய்களின் தொல்லை அதிகரித்து பொதுமக்கள் அச்சமடைந்துள்ளனர். (மண்டலம்: சென்னை தெற்கு)
TN-NLP-5222,அண்ணா சாலையில் உள்ள பெரும் பள்ளத்தால் போக்குவரத்து நெரிசல் மற்றும் விபத்துக்கள் ஏற்படுகிறது. (மண்டலம்: சென்னை வடக்கு),roads,Road Damage & Potholes,ta,சென்னை வடக்கு,அண்ணா சாலையில் உள்ள பெரும் பள்ளத்தால் போக்குவரத்து நெரிசல் மற்றும் விபத்துக்கள் ஏற்படுகிறது. (மண்டலம்: சென்னை வடக்கு)
TN-NLP-5458,அசோக் நகர் 4வது அவென்யூவில் மழைநீர் வடிகால் அடைப்பால் வீடுகளுக்குள் தண்ணீர் புகுந்துள்ளது. (மண்டலம்: சென்னை மத்திய மண்டலம்),drainage,Drainage & Sewage Overflow,ta,சென்னை மத்திய மண்டலம்,அசோக் நகர் 4வது அவென்யூவில் மழைநீர் வடிகால் அடைப்பால் வீடுகளுக்குள் தண்ணீர் புகுந்துள்ளது. (மண்டலம்: சென்னை மத்திய மண்டலம்)
TN-NLP-6082,திருவல்லிக்கேணி தெருவில் கடந்த 48 மணி நேரமாக குடிநீர் விநியோகம் முற்றிலும் நிறுத்தப்பட்டுள்ளது. (மண்டலம்: சென்னை வடக்கு),water,Water Supply Contamination / Burst,ta,சென்னை வடக்கு,திருவல்லிக்கேணி தெருவில் கடந்த 48 மணி நேரமாக குடிநீர் விநியோகம் முற்றிலும் நிறுத்தப்பட்டுள்ளது. (மண்டலம்: சென்னை வடக்கு)
TN-NLP-6038,திருவல்லிக்கேணி தெருவில் கடந்த 48 மணி நேரமாக குடிநீர் விநியோகம் முற்றிலும் நிறுத்தப்பட்டுள்ளது. (மண்டலம்: தாம்பரம்),water,Water Supply Contamination / Burst,ta,தாம்பரம்,திருவல்லிக்கேணி தெருவில் கடந்த 48 மணி நேரமாக குடிநீர் விநியோகம் முற்றிலும் நிறுத்தப்பட்டுள்ளது. (மண்டலம்: தாம்பரம்)
TN-NLP-6885,வேளச்சேரி குடியிருப்பு பகுதியில் தெருநாய்களின் தொல்லை அதிகரித்து பொதுமக்கள் அச்சமடைந்துள்ளனர். (மண்டலம்: தாம்பரம்),other,Other / General Municipal Operations,ta,தாம்பரம்,வேளச்சேரி குடியிருப்பு பகுதியில் தெருநாய்களின் தொல்லை அதிகரித்து பொதுமக்கள் அச்சமடைந்துள்ளனர். (மண்டலம்: தாம்பரம்)
TN-NLP-6713,சிந்தாதிரிப்பேட்டை கூவம் நதி பாலத்தின் சிமெண்ட் கைப்பிடி சுவர் உடைந்து அபாயகரமாக உள்ளது. (மண்டலம்: சென்னை தெற்கு),infrastructure,Public Infrastructure Damage,ta,சென்னை தெற்கு,சிந்தாதிரிப்பேட்டை கூவம் நதி பாலத்தின் சிமெண்ட் கைப்பிடி சுவர் உடைந்து அபாயகரமாக உள்ளது. (மண்டலம்: சென்னை தெற்கு)
TN-NLP-6993,வேளச்சேரி குடியிருப்பு பகுதியில் தெருநாய்களின் தொல்லை அதிகரித்து பொதுமக்கள் அச்சமடைந்துள்ளனர். (மண்டலம்: தாம்பரம்),other,Other / General Municipal Operations,ta,தாம்பரம்,வேளச்சேரி குடியிருப்பு பகுதியில் தெருநாய்களின் தொல்லை அதிகரித்து பொதுமக்கள் அச்சமடைந்துள்ளனர். (மண்டலம்: தாம்பரம்)
TN-NLP-6472,பெருங்குடி ஓஎம்ஆர் சாலையில் மின்கம்பத்தில் இருந்து ஆபத்தான முறையில் மின்வயர் தொங்குகிறது. (மண்டலம்: சென்னை மத்திய மண்டலம்),streetlights,Streetlights & Electrical Hazards,ta,சென்னை மத்திய மண்டலம்,பெருங்குடி ஓஎம்ஆர் சாலையில் மின்கம்பத்தில் இருந்து ஆபத்தான முறையில் மின்வயர் தொங்குகிறது. (மண்டலம்: சென்னை மத்திய மண்டலம்)
TN-NLP-6756,சிந்தாதிரிப்பேட்டை கூவம் நதி பாலத்தின் சிமெண்ட் கைப்பிடி சுவர் உடைந்து அபாயகரமாக உள்ளது. (மண்டலம்: சென்னை மத்திய மண்டலம்),infrastructure,Public Infrastructure Damage,ta,சென்னை மத்திய மண்டலம்,சிந்தாதிரிப்பேட்டை கூவம் நதி பாலத்தின் சிமெண்ட் கைப்பிடி சுவர் உடைந்து அபாயகரமாக உள்ளது. (மண்டலம்: சென்னை மத்திய மண்டலம்)
TN-NLP-6502,சிந்தாதிரிப்பேட்டை கூவம் நதி பாலத்தின் சிமெண்ட் கைப்பிடி சுவர் உடைந்து அபாயகரமாக உள்ளது. (மண்டலம்: சென்னை தெற்கு),infrastructure,Public Infrastructure Damage,ta,சென்னை தெற்கு,சிந்தாதிரிப்பேட்டை கூவம் நதி பாலத்தின் சிமெண்ட் கைப்பிடி சுவர் உடைந்து அபாயகரமாக உள்ளது. (மண்டலம்: சென்னை தெற்கு)
TN-NLP-7008,தி. நகரில் நள்ளிரவிலும் அதிக சத்தத்துடன் ஒலிபெருக்கி பயன்படுத்துவதால் ஒலி மாசுபாடு ஏற்படுகிறது. (மண்டலம்: ஆவடி),other,Other / General Municipal Operations,ta,ஆவடி,தி. நகரில் நள்ளிரவிலும் அதிக சத்தத்துடன் ஒலிபெருக்கி பயன்படுத்துவதால் ஒலி மாசுபாடு ஏற்படுகிறது. (மண்டலம்: ஆவடி)
TN-NLP-6568,சிந்தாதிரிப்பேட்டை கூவம் நதி பாலத்தின் சிமெண்ட் கைப்பிடி சுவர் உடைந்து அபாயகரமாக உள்ளது. (மண்டலம்: ஆவடி),infrastructure,Public Infrastructure Damage,ta,ஆவடி,சிந்தாதிரிப்பேட்டை கூவம் நதி பாலத்தின் சிமெண்ட் கைப்பிடி சுவர் உடைந்து அபாயகரமாக உள்ளது. (மண்டலம்: ஆவடி)
TN-NLP-6809,தி. நகரில் நள்ளிரவிலும் அதிக சத்தத்துடன் ஒலிபெருக்கி பயன்படுத்துவதால் ஒலி மாசுபாடு ஏற்படுகிறது. (மண்டலம்: சென்னை வடக்கு),other,Other / General Municipal Operations,ta,சென்னை வடக்கு,தி. நகரில் நள்ளிரவிலும் அதிக சத்தத்துடன் ஒலிபெருக்கி பயன்படுத்துவதால் ஒலி மாசுபாடு ஏற்படுகிறது. (மண்டலம்: சென்னை வடக்கு)
TN-NLP-6246,பெருங்குடி ஓஎம்ஆர் சாலையில் மின்கம்பத்தில் இருந்து ஆபத்தான முறையில் மின்வயர் தொங்குகிறது. (மண்டலம்: சென்னை வடக்கு),streetlights,Streetlights & Electrical Hazards,ta,சென்னை வடக்கு,பெருங்குடி ஓஎம்ஆர் சாலையில் மின்கம்பத்தில் இருந்து ஆபத்தான முறையில் மின்வயர் தொங்குகிறது. (மண்டலம்: சென்னை வடக்கு)
TN-NLP-6080,அண்ணா நகர் 2வது அவென்யூவில் குடிநீர் குழாய் உடைந்து குடிநீர் வீணாகி வருகிறது. (மண்டலம்: சென்னை மத்திய மண்டலம்),water,Water Supply Contamination / Burst,ta,சென்னை மத்திய மண்டலம்,அண்ணா நகர் 2வது அவென்யூவில் குடிநீர் குழாய் உடைந்து குடிநீர் வீணாகி வருகிறது. (மண்டலம்: சென்னை மத்திய மண்டலம்)
TN-NLP-7013,தி. நகரில் நள்ளிரவிலும் அதிக சத்தத்துடன் ஒலிபெருக்கி பயன்படுத்துவதால் ஒலி மாசுபாடு ஏற்படுகிறது. (மண்டலம்: சென்னை மத்திய மண்டலம்),other,Other / General Municipal Operations,ta,சென்னை மத்திய மண்டலம்,தி. நகரில் நள்ளிரவிலும் அதிக சத்தத்துடன் ஒலிபெருக்கி பயன்படுத்துவதால் ஒலி மாசுபாடு ஏற்படுகிறது. (மண்டலம்: சென்னை மத்திய மண்டலம்)
TN-NLP-5446,அசோக் நகர் 4வது அவென்யூவில் மழைநீர் வடிகால் அடைப்பால் வீடுகளுக்குள் தண்ணீர் புகுந்துள்ளது. (மண்டலம்: சென்னை மத்திய மண்டலம்),drainage,Drainage & Sewage Overflow,ta,சென்னை மத்திய மண்டலம்,அசோக் நகர் 4வது அவென்யூவில் மழைநீர் வடிகால் அடைப்பால் வீடுகளுக்குள் தண்ணீர் புகுந்துள்ளது. (மண்டலம்: சென்னை மத்திய மண்டலம்)
TN-NLP-6932,வேளச்சேரி குடியிருப்பு பகுதியில் தெருநாய்களின் தொல்லை அதிகரித்து பொதுமக்கள் அச்சமடைந்துள்ளனர். (மண்டலம்: சென்னை வடக்கு),other,Other / General Municipal Operations,ta,சென்னை வடக்கு,வேளச்சேரி குடியிருப்பு பகுதியில் தெருநாய்களின் தொல்லை அதிகரித்து பொதுமக்கள் அச்சமடைந்துள்ளனர். (மண்டலம்: சென்னை வடக்கு)
TN-NLP-6364,பெருங்குடி ஓஎம்ஆர் சாலையில் மின்கம்பத்தில் இருந்து ஆபத்தான முறையில் மின்வயர் தொங்குகிறது. (மண்டலம்: சென்னை தெற்கு),streetlights,Streetlights & Electrical Hazards,ta,சென்னை தெற்கு,பெருங்குடி ஓஎம்ஆர் சாலையில் மின்கம்பத்தில் இருந்து ஆபத்தான முறையில் மின்வயர் தொங்குகிறது. (மண்டலம்: சென்னை தெற்கு)
TN-NLP-6804,தி. நகரில் நள்ளிரவிலும் அதிக சத்தத்துடன் ஒலிபெருக்கி பயன்படுத்துவதால் ஒலி மாசுபாடு ஏற்படுகிறது. (மண்டலம்: ஆவடி),other,Other / General Municipal Operations,ta,ஆவடி,தி. நகரில் நள்ளிரவிலும் அதிக சத்தத்துடன் ஒலிபெருக்கி பயன்படுத்துவதால் ஒலி மாசுபாடு ஏற்படுகிறது. (மண்டலம்: ஆவடி)
TN-NLP-5506,கோடம்பாக்கம் தெருவில் கழிவுநீர் குழாய் உடைந்து துர்நாற்றம் வீசுவதுடன் சுகாதார சீர்கேடு ஏற்பட்டுள்ளது. (மண்டலம்: சென்னை மத்திய மண்டலம்),drainage,Drainage & Sewage Overflow,ta,சென்னை மத்திய மண்டலம்,கோடம்பாக்கம் தெருவில் கழிவுநீர் குழாய் உடைந்து துர்நாற்றம் வீசுவதுடன் சுகாதார சீர்கேடு ஏற்பட்டுள்ளது. (மண்டலம்: சென்னை மத்திய மண்டலம்)
TN-NLP-7081,தி. நகரில் நள்ளிரவிலும் அதிக சத்தத்துடன் ஒலிபெருக்கி பயன்படுத்துவதால் ஒலி மாசுபாடு ஏற்படுகிறது. (மண்டலம்: சென்னை தெற்கு),other,Other / General Municipal Operations,ta,சென்னை தெற்கு,தி. நகரில் நள்ளிரவிலும் அதிக சத்தத்துடன் ஒலிபெருக்கி பயன்படுத்துவதால் ஒலி மாசுபாடு ஏற்படுகிறது. (மண்டலம்: சென்னை தெற்கு)
TN-NLP-7026,வேளச்சேரி குடியிருப்பு பகுதியில் தெருநாய்களின் தொல்லை அதிகரித்து பொதுமக்கள் அச்சமடைந்துள்ளனர். (மண்டலம்: ஆவடி),other,Other / General Municipal Operations,ta,ஆவடி,வேளச்சேரி குடியிருப்பு பகுதியில் தெருநாய்களின் தொல்லை அதிகரித்து பொதுமக்கள் அச்சமடைந்துள்ளனர். (மண்டலம்: ஆவடி)
TN-NLP-5685,நுங்கம்பாக்கம் பஸ் நிறுத்தம் அருகில் குப்பைகள் அகற்றப்படாமல் 4 நாட்களாக தேங்கியுள்ளது. (மண்டலம்: ஆவடி),garbage,Garbage & Waste Disposal,ta,ஆவடி,நுங்கம்பாக்கம் பஸ் நிறுத்தம் அருகில் குப்பைகள் அகற்றப்படாமல் 4 நாட்களாக தேங்கியுள்ளது. (மண்டலம்: ஆவடி)
TN-NLP-5792,கோயம்பேடு சந்தை சாலையில் குப்பைத் தொட்டிகள் நிரம்பி வழிந்து சுகாதாரக் கேடு விளைவிக்கிறது. (மண்டலம்: தாம்பரம்),garbage,Garbage & Waste Disposal,ta,தாம்பரம்,கோயம்பேடு சந்தை சாலையில் குப்பைத் தொட்டிகள் நிரம்பி வழிந்து சுகாதாரக் கேடு விளைவிக்கிறது. (மண்டலம்: தாம்பரம்)
TN-NLP-6842,வேளச்சேரி குடியிருப்பு பகுதியில் தெருநாய்களின் தொல்லை அதிகரித்து பொதுமக்கள் அச்சமடைந்துள்ளனர். (மண்டலம்: தாம்பரம்),other,Other / General Municipal Operations,ta,தாம்பரம்,வேளச்சேரி குடியிருப்பு பகுதியில் தெருநாய்களின் தொல்லை அதிகரித்து பொதுமக்கள் அச்சமடைந்துள்ளனர். (மண்டலம்: தாம்பரம்)
TN-NLP-5016,பெருங்குடியில் கடந்த 3 மாதங்களாக சாலைப் பணி அரைகுறையாக விடப்பட்டு பலத்த தூசு மாசுபாடு ஏற்படுகிறது. (மண்டலம்: சென்னை மத்திய மண்டலம்),roads,Road Damage & Potholes,ta,சென்னை மத்திய மண்டலம்,பெருங்குடியில் கடந்த 3 மாதங்களாக சாலைப் பணி அரைகுறையாக விடப்பட்டு பலத்த தூசு மாசுபாடு ஏற்படுகிறது. (மண்டலம்: சென்னை மத்திய மண்டலம்)
TN-NLP-7036,தி. நகரில் நள்ளிரவிலும் அதிக சத்தத்துடன் ஒலிபெருக்கி பயன்படுத்துவதால் ஒலி மாசுபாடு ஏற்படுகிறது. (மண்டலம்: சென்னை தெற்கு),other,Other / General Municipal Operations,ta,சென்னை தெற்கு,தி. நகரில் நள்ளிரவிலும் அதிக சத்தத்துடன் ஒலிபெருக்கி பயன்படுத்துவதால் ஒலி மாசுபாடு ஏற்படுகிறது. (மண்டலம்: சென்னை தெற்கு)
TN-NLP-5281,வேளச்சேரி மெயின் ரோட்டில் மழைநீரால் சாலை முற்றிலும் சேதமடைந்து இருசக்கர வாகன ஓட்டிகளுக்கு பேராபத்தை ஏற்படுத்துகிறது. (மண்டலம்: சென்னை மத்திய மண்டலம்),roads,Road Damage & Potholes,ta,சென்னை மத்திய மண்டலம்,வேளச்சேரி மெயின் ரோட்டில் மழைநீரால் சாலை முற்றிலும் சேதமடைந்து இருசக்கர வாகன ஓட்டிகளுக்கு பேராபத்தை ஏற்படுத்துகிறது. (மண்டலம்: சென்னை மத்திய மண்டலம்)
TN-NLP-5534,அசோக் நகர் 4வது அவென்யூவில் மழைநீர் வடிகால் அடைப்பால் வீடுகளுக்குள் தண்ணீர் புகுந்துள்ளது. (மண்டலம்: சென்னை மத்திய மண்டலம்),drainage,Drainage & Sewage Overflow,ta,சென்னை மத்திய மண்டலம்,அசோக் நகர் 4வது அவென்யூவில் மழைநீர் வடிகால் அடைப்பால் வீடுகளுக்குள் தண்ணீர் புகுந்துள்ளது. (மண்டலம்: சென்னை மத்திய மண்டலம்)
TN-NLP-6126,திருவல்லிக்கேணி தெருவில் கடந்த 48 மணி நேரமாக குடிநீர் விநியோகம் முற்றிலும் நிறுத்தப்பட்டுள்ளது. (மண்டலம்: ஆவடி),water,Water Supply Contamination / Burst,ta,ஆவடி,திருவல்லிக்கேணி தெருவில் கடந்த 48 மணி நேரமாக குடிநீர் விநியோகம் முற்றிலும் நிறுத்தப்பட்டுள்ளது. (மண்டலம்: ஆவடி)
TN-NLP-5107,வேளச்சேரி மெயின் ரோட்டில் மழைநீரால் சாலை முற்றிலும் சேதமடைந்து இருசக்கர வாகன ஓட்டிகளுக்கு பேராபத்தை ஏற்படுத்துகிறது. (மண்டலம்: சென்னை தெற்கு),roads,Road Damage & Potholes,ta,சென்னை தெற்கு,வேளச்சேரி மெயின் ரோட்டில் மழைநீரால் சாலை முற்றிலும் சேதமடைந்து இருசக்கர வாகன ஓட்டிகளுக்கு பேராபத்தை ஏற்படுத்துகிறது. (மண்டலம்: சென்னை தெற்கு)
TN-NLP-5007,தி. நகர் உஸ்மான் சாலை சந்திப்பில் தார் தளம் அடித்துச் செல்லப்பட்டு பெரிய குழி உருவாகியுள்ளது. (மண்டலம்: தாம்பரம்),roads,Road Damage & Potholes,ta,தாம்பரம்,தி. நகர் உஸ்மான் சாலை சந்திப்பில் தார் தளம் அடித்துச் செல்லப்பட்டு பெரிய குழி உருவாகியுள்ளது. (மண்டலம்: தாம்பரம்)
TN-NLP-6920,வேளச்சேரி குடியிருப்பு பகுதியில் தெருநாய்களின் தொல்லை அதிகரித்து பொதுமக்கள் அச்சமடைந்துள்ளனர். (மண்டலம்: சென்னை தெற்கு),other,Other / General Municipal Operations,ta,சென்னை தெற்கு,வேளச்சேரி குடியிருப்பு பகுதியில் தெருநாய்களின் தொல்லை அதிகரித்து பொதுமக்கள் அச்சமடைந்துள்ளனர். (மண்டலம்: சென்னை தெற்கு)
TN-NLP-5533,ராயப்பேட்டையில் திறந்தவெளி கழிவுநீர் கால்வாயில் இருந்து சாக்கடை நீர் சாலையில் வழிகிறது. (மண்டலம்: ஆவடி),drainage,Drainage & Sewage Overflow,ta,ஆவடி,ராயப்பேட்டையில் திறந்தவெளி கழிவுநீர் கால்வாயில் இருந்து சாக்கடை நீர் சாலையில் வழிகிறது. (மண்டலம்: ஆவடி)
TN-NLP-5035,பெருங்குடியில் கடந்த 3 மாதங்களாக சாலைப் பணி அரைகுறையாக விடப்பட்டு பலத்த தூசு மாசுபாடு ஏற்படுகிறது. (மண்டலம்: சென்னை மத்திய மண்டலம்),roads,Road Damage & Potholes,ta,சென்னை மத்திய மண்டலம்,பெருங்குடியில் கடந்த 3 மாதங்களாக சாலைப் பணி அரைகுறையாக விடப்பட்டு பலத்த தூசு மாசுபாடு ஏற்படுகிறது. (மண்டலம்: சென்னை மத்திய மண்டலம்)
TN-NLP-6189,அண்ணா நகர் 2வது அவென்யூவில் குடிநீர் குழாய் உடைந்து குடிநீர் வீணாகி வருகிறது. (மண்டலம்: சென்னை வடக்கு),water,Water Supply Contamination / Burst,ta,சென்னை வடக்கு,அண்ணா நகர் 2வது அவென்யூவில் குடிநீர் குழாய் உடைந்து குடிநீர் வீணாகி வருகிறது. (மண்டலம்: சென்னை வடக்கு)
TN-NLP-5675,கோயம்பேடு சந்தை சாலையில் குப்பைத் தொட்டிகள் நிரம்பி வழிந்து சுகாதாரக் கேடு விளைவிக்கிறது. (மண்டலம்: சென்னை வடக்கு),garbage,Garbage & Waste Disposal,ta,சென்னை வடக்கு,கோயம்பேடு சந்தை சாலையில் குப்பைத் தொட்டிகள் நிரம்பி வழிந்து சுகாதாரக் கேடு விளைவிக்கிறது. (மண்டலம்: சென்னை வடக்கு)
TN-NLP-6332,ஜிஎஸ்டி சாலையில் பல தெருவிளக்குகள் எரியாமல் இருள் சூழ்ந்து விபத்து அபாயம் நிலவுகிறது. (மண்டலம்: சென்னை தெற்கு),streetlights,Streetlights & Electrical Hazards,ta,சென்னை தெற்கு,ஜிஎஸ்டி சாலையில் பல தெருவிளக்குகள் எரியாமல் இருள் சூழ்ந்து விபத்து அபாயம் நிலவுகிறது. (மண்டலம்: சென்னை தெற்கு)
TN-NLP-5919,அண்ணா நகர் 2வது அவென்யூவில் குடிநீர் குழாய் உடைந்து குடிநீர் வீணாகி வருகிறது. (மண்டலம்: தாம்பரம்),water,Water Supply Contamination / Burst,ta,தாம்பரம்,அண்ணா நகர் 2வது அவென்யூவில் குடிநீர் குழாய் உடைந்து குடிநீர் வீணாகி வருகிறது. (மண்டலம்: தாம்பரம்)
TN-NLP-6750,கோயம்பேடு மேம்பாலம் அருகில் உள்ள நகராட்சி பேருந்து நிழற்கூரை சேதமடைந்துள்ளது. (மண்டலம்: சென்னை வடக்கு),infrastructure,Public Infrastructure Damage,ta,சென்னை வடக்கு,கோயம்பேடு மேம்பாலம் அருகில் உள்ள நகராட்சி பேருந்து நிழற்கூரை சேதமடைந்துள்ளது. (மண்டலம்: சென்னை வடக்கு)
TN-NLP-5012,வேளச்சேரி மெயின் ரோட்டில் மழைநீரால் சாலை முற்றிலும் சேதமடைந்து இருசக்கர வாகன ஓட்டிகளுக்கு பேராபத்தை ஏற்படுத்துகிறது. (மண்டலம்: தாம்பரம்),roads,Road Damage & Potholes,ta,தாம்பரம்,வேளச்சேரி மெயின் ரோட்டில் மழைநீரால் சாலை முற்றிலும் சேதமடைந்து இருசக்கர வாகன ஓட்டிகளுக்கு பேராபத்தை ஏற்படுத்துகிறது. (மண்டலம்: தாம்பரம்)
TN-NLP-6495,பெருங்குடி ஓஎம்ஆர் சாலையில் மின்கம்பத்தில் இருந்து ஆபத்தான முறையில் மின்வயர் தொங்குகிறது. (மண்டலம்: சென்னை தெற்கு),streetlights,Streetlights & Electrical Hazards,ta,சென்னை தெற்கு,பெருங்குடி ஓஎம்ஆர் சாலையில் மின்கம்பத்தில் இருந்து ஆபத்தான முறையில் மின்வயர் தொங்குகிறது. (மண்டலம்: சென்னை தெற்கு)
TN-NLP-6938,வேளச்சேரி குடியிருப்பு பகுதியில் தெருநாய்களின் தொல்லை அதிகரித்து பொதுமக்கள் அச்சமடைந்துள்ளனர். (மண்டலம்: சென்னை தெற்கு),other,Other / General Municipal Operations,ta,சென்னை தெற்கு,வேளச்சேரி குடியிருப்பு பகுதியில் தெருநாய்களின் தொல்லை அதிகரித்து பொதுமக்கள் அச்சமடைந்துள்ளனர். (மண்டலம்: சென்னை தெற்கு)
TN-NLP-6139,அண்ணா நகர் 2வது அவென்யூவில் குடிநீர் குழாய் உடைந்து குடிநீர் வீணாகி வருகிறது. (மண்டலம்: ஆவடி),water,Water Supply Contamination / Burst,ta,ஆவடி,அண்ணா நகர் 2வது அவென்யூவில் குடிநீர் குழாய் உடைந்து குடிநீர் வீணாகி வருகிறது. (மண்டலம்: ஆவடி)
TN-NLP-5637,திருவான்மியூர் கடற்கரை சாலையில் கட்டுமானக் கழிவுகள் சட்டவிரோதமாகக் கொட்டப்பட்டுள்ளன. (மண்டலம்: தாம்பரம்),garbage,Garbage & Waste Disposal,ta,தாம்பரம்,திருவான்மியூர் கடற்கரை சாலையில் கட்டுமானக் கழிவுகள் சட்டவிரோதமாகக் கொட்டப்பட்டுள்ளன. (மண்டலம்: தாம்பரம்)
TN-NLP-6269,ஜிஎஸ்டி சாலையில் பல தெருவிளக்குகள் எரியாமல் இருள் சூழ்ந்து விபத்து அபாயம் நிலவுகிறது. (மண்டலம்: சென்னை மத்திய மண்டலம்),streetlights,Streetlights & Electrical Hazards,ta,சென்னை மத்திய மண்டலம்,ஜிஎஸ்டி சாலையில் பல தெருவிளக்குகள் எரியாமல் இருள் சூழ்ந்து விபத்து அபாயம் நிலவுகிறது. (மண்டலம்: சென்னை மத்திய மண்டலம்)
TN-NLP-5783,கோயம்பேடு சந்தை சாலையில் குப்பைத் தொட்டிகள் நிரம்பி வழிந்து சுகாதாரக் கேடு விளைவிக்கிறது. (மண்டலம்: தாம்பரம்),garbage,Garbage & Waste Disposal,ta,தாம்பரம்,கோயம்பேடு சந்தை சாலையில் குப்பைத் தொட்டிகள் நிரம்பி வழிந்து சுகாதாரக் கேடு விளைவிக்கிறது. (மண்டலம்: தாம்பரம்)
TN-NLP-5383,கோடம்பாக்கம் தெருவில் கழிவுநீர் குழாய் உடைந்து துர்நாற்றம் வீசுவதுடன் சுகாதார சீர்கேடு ஏற்பட்டுள்ளது. (மண்டலம்: சென்னை வடக்கு),drainage,Drainage & Sewage Overflow,ta,சென்னை வடக்கு,கோடம்பாக்கம் தெருவில் கழிவுநீர் குழாய் உடைந்து துர்நாற்றம் வீசுவதுடன் சுகாதார சீர்கேடு ஏற்பட்டுள்ளது. (மண்டலம்: சென்னை வடக்கு)
TN-NLP-6780,சிந்தாதிரிப்பேட்டை கூவம் நதி பாலத்தின் சிமெண்ட் கைப்பிடி சுவர் உடைந்து அபாயகரமாக உள்ளது. (மண்டலம்: தாம்பரம்),infrastructure,Public Infrastructure Damage,ta,தாம்பரம்,சிந்தாதிரிப்பேட்டை கூவம் நதி பாலத்தின் சிமெண்ட் கைப்பிடி சுவர் உடைந்து அபாயகரமாக உள்ளது. (மண்டலம்: தாம்பரம்)
TN-NLP-5480,அசோக் நகர் 4வது அவென்யூவில் மழைநீர் வடிகால் அடைப்பால் வீடுகளுக்குள் தண்ணீர் புகுந்துள்ளது. (மண்டலம்: ஆவடி),drainage,Drainage & Sewage Overflow,ta,ஆவடி,அசோக் நகர் 4வது அவென்யூவில் மழைநீர் வடிகால் அடைப்பால் வீடுகளுக்குள் தண்ணீர் புகுந்துள்ளது. (மண்டலம்: ஆவடி)
TN-NLP-6474,ஜிஎஸ்டி சாலையில் பல தெருவிளக்குகள் எரியாமல் இருள் சூழ்ந்து விபத்து அபாயம் நிலவுகிறது. (மண்டலம்: ஆவடி),streetlights,Streetlights & Electrical Hazards,ta,ஆவடி,ஜிஎஸ்டி சாலையில் பல தெருவிளக்குகள் எரியாமல் இருள் சூழ்ந்து விபத்து அபாயம் நிலவுகிறது. (மண்டலம்: ஆவடி)
TN-NLP-6979,தி. நகரில் நள்ளிரவிலும் அதிக சத்தத்துடன் ஒலிபெருக்கி பயன்படுத்துவதால் ஒலி மாசுபாடு ஏற்படுகிறது. (மண்டலம்: தாம்பரம்),other,Other / General Municipal Operations,ta,தாம்பரம்,தி. நகரில் நள்ளிரவிலும் அதிக சத்தத்துடன் ஒலிபெருக்கி பயன்படுத்துவதால் ஒலி மாசுபாடு ஏற்படுகிறது. (மண்டலம்: தாம்பரம்)
TN-NLP-7004,தி. நகரில் நள்ளிரவிலும் அதிக சத்தத்துடன் ஒலிபெருக்கி பயன்படுத்துவதால் ஒலி மாசுபாடு ஏற்படுகிறது. (மண்டலம்: சென்னை மத்திய மண்டலம்),other,Other / General Municipal Operations,ta,சென்னை மத்திய மண்டலம்,தி. நகரில் நள்ளிரவிலும் அதிக சத்தத்துடன் ஒலிபெருக்கி பயன்படுத்துவதால் ஒலி மாசுபாடு ஏற்படுகிறது. (மண்டலம்: சென்னை மத்திய மண்டலம்)
TN-NLP-6230,பெருங்குடி ஓஎம்ஆர் சாலையில் மின்கம்பத்தில் இருந்து ஆபத்தான முறையில் மின்வயர் தொங்குகிறது. (மண்டலம்: சென்னை வடக்கு),streetlights,Streetlights & Electrical Hazards,ta,சென்னை வடக்கு,பெருங்குடி ஓஎம்ஆர் சாலையில் மின்கம்பத்தில் இருந்து ஆபத்தான முறையில் மின்வயர் தொங்குகிறது. (மண்டலம்: சென்னை வடக்கு)
TN-NLP-6680,சிந்தாதிரிப்பேட்டை கூவம் நதி பாலத்தின் சிமெண்ட் கைப்பிடி சுவர் உடைந்து அபாயகரமாக உள்ளது. (மண்டலம்: ஆவடி),infrastructure,Public Infrastructure Damage,ta,ஆவடி,சிந்தாதிரிப்பேட்டை கூவம் நதி பாலத்தின் சிமெண்ட் கைப்பிடி சுவர் உடைந்து அபாயகரமாக உள்ளது. (மண்டலம்: ஆவடி)
TN-NLP-5112,அண்ணா சாலையில் உள்ள பெரும் பள்ளத்தால் போக்குவரத்து நெரிசல் மற்றும் விபத்துக்கள் ஏற்படுகிறது. (மண்டலம்: சென்னை மத்திய மண்டலம்),roads,Road Damage & Potholes,ta,சென்னை மத்திய மண்டலம்,அண்ணா சாலையில் உள்ள பெரும் பள்ளத்தால் போக்குவரத்து நெரிசல் மற்றும் விபத்துக்கள் ஏற்படுகிறது. (மண்டலம்: சென்னை மத்திய மண்டலம்)
TN-NLP-7050,வேளச்சேரி குடியிருப்பு பகுதியில் தெருநாய்களின் தொல்லை அதிகரித்து பொதுமக்கள் அச்சமடைந்துள்ளனர். (மண்டலம்: தாம்பரம்),other,Other / General Municipal Operations,ta,தாம்பரம்,வேளச்சேரி குடியிருப்பு பகுதியில் தெருநாய்களின் தொல்லை அதிகரித்து பொதுமக்கள் அச்சமடைந்துள்ளனர். (மண்டலம்: தாம்பரம்)
TN-NLP-5636,திருவான்மியூர் கடற்கரை சாலையில் கட்டுமானக் கழிவுகள் சட்டவிரோதமாகக் கொட்டப்பட்டுள்ளன. (மண்டலம்: சென்னை மத்திய மண்டலம்),garbage,Garbage & Waste Disposal,ta,சென்னை மத்திய மண்டலம்,திருவான்மியூர் கடற்கரை சாலையில் கட்டுமானக் கழிவுகள் சட்டவிரோதமாகக் கொட்டப்பட்டுள்ளன. (மண்டலம்: சென்னை மத்திய மண்டலம்)
TN-NLP-6601,கோயம்பேடு மேம்பாலம் அருகில் உள்ள நகராட்சி பேருந்து நிழற்கூரை சேதமடைந்துள்ளது. (மண்டலம்: சென்னை வடக்கு),infrastructure,Public Infrastructure Damage,ta,சென்னை வடக்கு,கோயம்பேடு மேம்பாலம் அருகில் உள்ள நகராட்சி பேருந்து நிழற்கூரை சேதமடைந்துள்ளது. (மண்டலம்: சென்னை வடக்கு)
TN-NLP-5732,கோயம்பேடு சந்தை சாலையில் குப்பைத் தொட்டிகள் நிரம்பி வழிந்து சுகாதாரக் கேடு விளைவிக்கிறது. (மண்டலம்: சென்னை மத்திய மண்டலம்),garbage,Garbage & Waste Disposal,ta,சென்னை மத்திய மண்டலம்,கோயம்பேடு சந்தை சாலையில் குப்பைத் தொட்டிகள் நிரம்பி வழிந்து சுகாதாரக் கேடு விளைவிக்கிறது. (மண்டலம்: சென்னை மத்திய மண்டலம்)
TN-NLP-5465,ராயப்பேட்டையில் திறந்தவெளி கழிவுநீர் கால்வாயில் இருந்து சாக்கடை நீர் சாலையில் வழிகிறது. (மண்டலம்: சென்னை மத்திய மண்டலம்),drainage,Drainage & Sewage Overflow,ta,சென்னை மத்திய மண்டலம்,ராயப்பேட்டையில் திறந்தவெளி கழிவுநீர் கால்வாயில் இருந்து சாக்கடை நீர் சாலையில் வழிகிறது. (மண்டலம்: சென்னை மத்திய மண்டலம்)
TN-NLP-7097,தி. நகரில் நள்ளிரவிலும் அதிக சத்தத்துடன் ஒலிபெருக்கி பயன்படுத்துவதால் ஒலி மாசுபாடு ஏற்படுகிறது. (மண்டலம்: சென்னை வடக்கு),other,Other / General Municipal Operations,ta,சென்னை வடக்கு,தி. நகரில் நள்ளிரவிலும் அதிக சத்தத்துடன் ஒலிபெருக்கி பயன்படுத்துவதால் ஒலி மாசுபாடு ஏற்படுகிறது. (மண்டலம்: சென்னை வடக்கு)
TN-NLP-5419,அசோக் நகர் 4வது அவென்யூவில் மழைநீர் வடிகால் அடைப்பால் வீடுகளுக்குள் தண்ணீர் புகுந்துள்ளது. (மண்டலம்: சென்னை தெற்கு),drainage,Drainage & Sewage Overflow,ta,சென்னை தெற்கு,அசோக் நகர் 4வது அவென்யூவில் மழைநீர் வடிகால் அடைப்பால் வீடுகளுக்குள் தண்ணீர் புகுந்துள்ளது. (மண்டலம்: சென்னை தெற்கு)
TN-NLP-5006,பெருங்குடியில் கடந்த 3 மாதங்களாக சாலைப் பணி அரைகுறையாக விடப்பட்டு பலத்த தூசு மாசுபாடு ஏற்படுகிறது. (மண்டலம்: சென்னை தெற்கு),roads,Road Damage & Potholes,ta,சென்னை தெற்கு,பெருங்குடியில் கடந்த 3 மாதங்களாக சாலைப் பணி அரைகுறையாக விடப்பட்டு பலத்த தூசு மாசுபாடு ஏற்படுகிறது. (மண்டலம்: சென்னை தெற்கு)
TN-NLP-7067,தி. நகரில் நள்ளிரவிலும் அதிக சத்தத்துடன் ஒலிபெருக்கி பயன்படுத்துவதால் ஒலி மாசுபாடு ஏற்படுகிறது. (மண்டலம்: தாம்பரம்),other,Other / General Municipal Operations,ta,தாம்பரம்,தி. நகரில் நள்ளிரவிலும் அதிக சத்தத்துடன் ஒலிபெருக்கி பயன்படுத்துவதால் ஒலி மாசுபாடு ஏற்படுகிறது. (மண்டலம்: தாம்பரம்)
TN-NLP-5992,அண்ணா நகர் 2வது அவென்யூவில் குடிநீர் குழாய் உடைந்து குடிநீர் வீணாகி வருகிறது. (மண்டலம்: சென்னை மத்திய மண்டலம்),water,Water Supply Contamination / Burst,ta,சென்னை மத்திய மண்டலம்,அண்ணா நகர் 2வது அவென்யூவில் குடிநீர் குழாய் உடைந்து குடிநீர் வீணாகி வருகிறது. (மண்டலம்: சென்னை மத்திய மண்டலம்)
TN-NLP-5867,நுங்கம்பாக்கம் பஸ் நிறுத்தம் அருகில் குப்பைகள் அகற்றப்படாமல் 4 நாட்களாக தேங்கியுள்ளது. (மண்டலம்: சென்னை தெற்கு),garbage,Garbage & Waste Disposal,ta,சென்னை தெற்கு,நுங்கம்பாக்கம் பஸ் நிறுத்தம் அருகில் குப்பைகள் அகற்றப்படாமல் 4 நாட்களாக தேங்கியுள்ளது. (மண்டலம்: சென்னை தெற்கு)
TN-NLP-5163,அண்ணா சாலையில் உள்ள பெரும் பள்ளத்தால் போக்குவரத்து நெரிசல் மற்றும் விபத்துக்கள் ஏற்படுகிறது. (மண்டலம்: சென்னை வடக்கு),roads,Road Damage & Potholes,ta,சென்னை வடக்கு,அண்ணா சாலையில் உள்ள பெரும் பள்ளத்தால் போக்குவரத்து நெரிசல் மற்றும் விபத்துக்கள் ஏற்படுகிறது. (மண்டலம்: சென்னை வடக்கு)
TN-NLP-6792,சிந்தாதிரிப்பேட்டை கூவம் நதி பாலத்தின் சிமெண்ட் கைப்பிடி சுவர் உடைந்து அபாயகரமாக உள்ளது. (மண்டலம்: தாம்பரம்),infrastructure,Public Infrastructure Damage,ta,தாம்பரம்,சிந்தாதிரிப்பேட்டை கூவம் நதி பாலத்தின் சிமெண்ட் கைப்பிடி சுவர் உடைந்து அபாயகரமாக உள்ளது. (மண்டலம்: தாம்பரம்)
TN-NLP-6995,தி. நகரில் நள்ளிரவிலும் அதிக சத்தத்துடன் ஒலிபெருக்கி பயன்படுத்துவதால் ஒலி மாசுபாடு ஏற்படுகிறது. (மண்டலம்: சென்னை மத்திய மண்டலம்),other,Other / General Municipal Operations,ta,சென்னை மத்திய மண்டலம்,தி. நகரில் நள்ளிரவிலும் அதிக சத்தத்துடன் ஒலிபெருக்கி பயன்படுத்துவதால் ஒலி மாசுபாடு ஏற்படுகிறது. (மண்டலம்: சென்னை மத்திய மண்டலம்)
TN-NLP-6418,பெருங்குடி ஓஎம்ஆர் சாலையில் மின்கம்பத்தில் இருந்து ஆபத்தான முறையில் மின்வயர் தொங்குகிறது. (மண்டலம்: சென்னை வடக்கு),streetlights,Streetlights & Electrical Hazards,ta,சென்னை வடக்கு,பெருங்குடி ஓஎம்ஆர் சாலையில் மின்கம்பத்தில் இருந்து ஆபத்தான முறையில் மின்வயர் தொங்குகிறது. (மண்டலம்: சென்னை வடக்கு)
TN-NLP-5719,நுங்கம்பாக்கம் பஸ் நிறுத்தம் அருகில் குப்பைகள் அகற்றப்படாமல் 4 நாட்களாக தேங்கியுள்ளது. (மண்டலம்: சென்னை தெற்கு),garbage,Garbage & Waste Disposal,ta,சென்னை தெற்கு,நுங்கம்பாக்கம் பஸ் நிறுத்தம் அருகில் குப்பைகள் அகற்றப்படாமல் 4 நாட்களாக தேங்கியுள்ளது. (மண்டலம்: சென்னை தெற்கு)
TN-NLP-6284,ஜிஎஸ்டி சாலையில் பல தெருவிளக்குகள் எரியாமல் இருள் சூழ்ந்து விபத்து அபாயம் நிலவுகிறது. (மண்டலம்: சென்னை தெற்கு),streetlights,Streetlights & Electrical Hazards,ta,சென்னை தெற்கு,ஜிஎஸ்டி சாலையில் பல தெருவிளக்குகள் எரியாமல் இருள் சூழ்ந்து விபத்து அபாயம் நிலவுகிறது. (மண்டலம்: சென்னை தெற்கு)
TN-NLP-7080,தி. நகரில் நள்ளிரவிலும் அதிக சத்தத்துடன் ஒலிபெருக்கி பயன்படுத்துவதால் ஒலி மாசுபாடு ஏற்படுகிறது. (மண்டலம்: ஆவடி),other,Other / General Municipal Operations,ta,ஆவடி,தி. நகரில் நள்ளிரவிலும் அதிக சத்தத்துடன் ஒலிபெருக்கி பயன்படுத்துவதால் ஒலி மாசுபாடு ஏற்படுகிறது. (மண்டலம்: ஆவடி)
TN-NLP-6686,சிந்தாதிரிப்பேட்டை கூவம் நதி பாலத்தின் சிமெண்ட் கைப்பிடி சுவர் உடைந்து அபாயகரமாக உள்ளது. (மண்டலம்: தாம்பரம்),infrastructure,Public Infrastructure Damage,ta,தாம்பரம்,சிந்தாதிரிப்பேட்டை கூவம் நதி பாலத்தின் சிமெண்ட் கைப்பிடி சுவர் உடைந்து அபாயகரமாக உள்ளது. (மண்டலம்: தாம்பரம்)
TN-NLP-5580,அசோக் நகர் 4வது அவென்யூவில் மழைநீர் வடிகால் அடைப்பால் வீடுகளுக்குள் தண்ணீர் புகுந்துள்ளது. (மண்டலம்: சென்னை தெற்கு),drainage,Drainage & Sewage Overflow,ta,சென்னை தெற்கு,அசோக் நகர் 4வது அவென்யூவில் மழைநீர் வடிகால் அடைப்பால் வீடுகளுக்குள் தண்ணீர் புகுந்துள்ளது. (மண்டலம்: சென்னை தெற்கு)
TN-NLP-5172,அண்ணா சாலையில் உள்ள பெரும் பள்ளத்தால் போக்குவரத்து நெரிசல் மற்றும் விபத்துக்கள் ஏற்படுகிறது. (மண்டலம்: சென்னை மத்திய மண்டலம்),roads,Road Damage & Potholes,ta,சென்னை மத்திய மண்டலம்,அண்ணா சாலையில் உள்ள பெரும் பள்ளத்தால் போக்குவரத்து நெரிசல் மற்றும் விபத்துக்கள் ஏற்படுகிறது. (மண்டலம்: சென்னை மத்திய மண்டலம்)
TN-NLP-5045,பெருங்குடியில் கடந்த 3 மாதங்களாக சாலைப் பணி அரைகுறையாக விடப்பட்டு பலத்த தூசு மாசுபாடு ஏற்படுகிறது. (மண்டலம்: தாம்பரம்),roads,Road Damage & Potholes,ta,தாம்பரம்,பெருங்குடியில் கடந்த 3 மாதங்களாக சாலைப் பணி அரைகுறையாக விடப்பட்டு பலத்த தூசு மாசுபாடு ஏற்படுகிறது. (மண்டலம்: தாம்பரம்)
TN-NLP-6709,கோயம்பேடு மேம்பாலம் அருகில் உள்ள நகராட்சி பேருந்து நிழற்கூரை சேதமடைந்துள்ளது. (மண்டலம்: சென்னை மத்திய மண்டலம்),infrastructure,Public Infrastructure Damage,ta,சென்னை மத்திய மண்டலம்,கோயம்பேடு மேம்பாலம் அருகில் உள்ள நகராட்சி பேருந்து நிழற்கூரை சேதமடைந்துள்ளது. (மண்டலம்: சென்னை மத்திய மண்டலம்)
TN-NLP-7078,வேளச்சேரி குடியிருப்பு பகுதியில் தெருநாய்களின் தொல்லை அதிகரித்து பொதுமக்கள் அச்சமடைந்துள்ளனர். (மண்டலம்: சென்னை தெற்கு),other,Other / General Municipal Operations,ta,சென்னை தெற்கு,வேளச்சேரி குடியிருப்பு பகுதியில் தெருநாய்களின் தொல்லை அதிகரித்து பொதுமக்கள் அச்சமடைந்துள்ளனர். (மண்டலம்: சென்னை தெற்கு)
TN-NLP-6583,கோயம்பேடு மேம்பாலம் அருகில் உள்ள நகராட்சி பேருந்து நிழற்கூரை சேதமடைந்துள்ளது. (மண்டலம்: சென்னை மத்திய மண்டலம்),infrastructure,Public Infrastructure Damage,ta,சென்னை மத்திய மண்டலம்,கோயம்பேடு மேம்பாலம் அருகில் உள்ள நகராட்சி பேருந்து நிழற்கூரை சேதமடைந்துள்ளது. (மண்டலம்: சென்னை மத்திய மண்டலம்)
TN-NLP-5902,அண்ணா நகர் 2வது அவென்யூவில் குடிநீர் குழாய் உடைந்து குடிநீர் வீணாகி வருகிறது. (மண்டலம்: சென்னை வடக்கு),water,Water Supply Contamination / Burst,ta,சென்னை வடக்கு,அண்ணா நகர் 2வது அவென்யூவில் குடிநீர் குழாய் உடைந்து குடிநீர் வீணாகி வருகிறது. (மண்டலம்: சென்னை வடக்கு)
TN-NLP-5511,அசோக் நகர் 4வது அவென்யூவில் மழைநீர் வடிகால் அடைப்பால் வீடுகளுக்குள் தண்ணீர் புகுந்துள்ளது. (மண்டலம்: சென்னை மத்திய மண்டலம்),drainage,Drainage & Sewage Overflow,ta,சென்னை மத்திய மண்டலம்,அசோக் நகர் 4வது அவென்யூவில் மழைநீர் வடிகால் அடைப்பால் வீடுகளுக்குள் தண்ணீர் புகுந்துள்ளது. (மண்டலம்: சென்னை மத்திய மண்டலம்)
TN-NLP-5425,அசோக் நகர் 4வது அவென்யூவில் மழைநீர் வடிகால் அடைப்பால் வீடுகளுக்குள் தண்ணீர் புகுந்துள்ளது. (மண்டலம்: தாம்பரம்),drainage,Drainage & Sewage Overflow,ta,தாம்பரம்,அசோக் நகர் 4வது அவென்யூவில் மழைநீர் வடிகால் அடைப்பால் வீடுகளுக்குள் தண்ணீர் புகுந்துள்ளது. (மண்டலம்: தாம்பரம்)
TN-NLP-5072,வேளச்சேரி மெயின் ரோட்டில் மழைநீரால் சாலை முற்றிலும் சேதமடைந்து இருசக்கர வாகன ஓட்டிகளுக்கு பேராபத்தை ஏற்படுத்துகிறது. (மண்டலம்: ஆவடி),roads,Road Damage & Potholes,ta,ஆவடி,வேளச்சேரி மெயின் ரோட்டில் மழைநீரால் சாலை முற்றிலும் சேதமடைந்து இருசக்கர வாகன ஓட்டிகளுக்கு பேராபத்தை ஏற்படுத்துகிறது. (மண்டலம்: ஆவடி)
TN-NLP-5115,அண்ணா சாலையில் உள்ள பெரும் பள்ளத்தால் போக்குவரத்து நெரிசல் மற்றும் விபத்துக்கள் ஏற்படுகிறது. (மண்டலம்: தாம்பரம்),roads,Road Damage & Potholes,ta,தாம்பரம்,அண்ணா சாலையில் உள்ள பெரும் பள்ளத்தால் போக்குவரத்து நெரிசல் மற்றும் விபத்துக்கள் ஏற்படுகிறது. (மண்டலம்: தாம்பரம்)
TN-NLP-6100,பெசன்ட் நகரில் விநியோகிக்கப்படும் குடிநீரில் துர்நாற்றமும் கலங்கலான நிறமும் உள்ளது. (மண்டலம்: சென்னை மத்திய மண்டலம்),water,Water Supply Contamination / Burst,ta,சென்னை மத்திய மண்டலம்,பெசன்ட் நகரில் விநியோகிக்கப்படும் குடிநீரில் துர்நாற்றமும் கலங்கலான நிறமும் உள்ளது. (மண்டலம்: சென்னை மத்திய மண்டலம்)
TN-NLP-5361,கோடம்பாக்கம் தெருவில் கழிவுநீர் குழாய் உடைந்து துர்நாற்றம் வீசுவதுடன் சுகாதார சீர்கேடு ஏற்பட்டுள்ளது. (மண்டலம்: ஆவடி),drainage,Drainage & Sewage Overflow,ta,ஆவடி,கோடம்பாக்கம் தெருவில் கழிவுநீர் குழாய் உடைந்து துர்நாற்றம் வீசுவதுடன் சுகாதார சீர்கேடு ஏற்பட்டுள்ளது. (மண்டலம்: ஆவடி)
TN-NLP-6210,ஜிஎஸ்டி சாலையில் பல தெருவிளக்குகள் எரியாமல் இருள் சூழ்ந்து விபத்து அபாயம் நிலவுகிறது. (மண்டலம்: சென்னை வடக்கு),streetlights,Streetlights & Electrical Hazards,ta,சென்னை வடக்கு,ஜிஎஸ்டி சாலையில் பல தெருவிளக்குகள் எரியாமல் இருள் சூழ்ந்து விபத்து அபாயம் நிலவுகிறது. (மண்டலம்: சென்னை வடக்கு)
TN-NLP-5223,வேளச்சேரி மெயின் ரோட்டில் மழைநீரால் சாலை முற்றிலும் சேதமடைந்து இருசக்கர வாகன ஓட்டிகளுக்கு பேராபத்தை ஏற்படுத்துகிறது. (மண்டலம்: தாம்பரம்),roads,Road Damage & Potholes,ta,தாம்பரம்,வேளச்சேரி மெயின் ரோட்டில் மழைநீரால் சாலை முற்றிலும் சேதமடைந்து இருசக்கர வாகன ஓட்டிகளுக்கு பேராபத்தை ஏற்படுத்துகிறது. (மண்டலம்: தாம்பரம்)
TN-NLP-5989,பெசன்ட் நகரில் விநியோகிக்கப்படும் குடிநீரில் துர்நாற்றமும் கலங்கலான நிறமும் உள்ளது. (மண்டலம்: சென்னை வடக்கு),water,Water Supply Contamination / Burst,ta,சென்னை வடக்கு,பெசன்ட் நகரில் விநியோகிக்கப்படும் குடிநீரில் துர்நாற்றமும் கலங்கலான நிறமும் உள்ளது. (மண்டலம்: சென்னை வடக்கு)
TN-NLP-6336,ஜிஎஸ்டி சாலையில் பல தெருவிளக்குகள் எரியாமல் இருள் சூழ்ந்து விபத்து அபாயம் நிலவுகிறது. (மண்டலம்: சென்னை தெற்கு),streetlights,Streetlights & Electrical Hazards,ta,சென்னை தெற்கு,ஜிஎஸ்டி சாலையில் பல தெருவிளக்குகள் எரியாமல் இருள் சூழ்ந்து விபத்து அபாயம் நிலவுகிறது. (மண்டலம்: சென்னை தெற்கு)
TN-NLP-6755,கோயம்பேடு மேம்பாலம் அருகில் உள்ள நகராட்சி பேருந்து நிழற்கூரை சேதமடைந்துள்ளது. (மண்டலம்: சென்னை தெற்கு),infrastructure,Public Infrastructure Damage,ta,சென்னை தெற்கு,கோயம்பேடு மேம்பாலம் அருகில் உள்ள நகராட்சி பேருந்து நிழற்கூரை சேதமடைந்துள்ளது. (மண்டலம்: சென்னை தெற்கு)
TN-NLP-5500,கோடம்பாக்கம் தெருவில் கழிவுநீர் குழாய் உடைந்து துர்நாற்றம் வீசுவதுடன் சுகாதார சீர்கேடு ஏற்பட்டுள்ளது. (மண்டலம்: சென்னை தெற்கு),drainage,Drainage & Sewage Overflow,ta,சென்னை தெற்கு,கோடம்பாக்கம் தெருவில் கழிவுநீர் குழாய் உடைந்து துர்நாற்றம் வீசுவதுடன் சுகாதார சீர்கேடு ஏற்பட்டுள்ளது. (மண்டலம்: சென்னை தெற்கு)
TN-NLP-5701,கோயம்பேடு சந்தை சாலையில் குப்பைத் தொட்டிகள் நிரம்பி வழிந்து சுகாதாரக் கேடு விளைவிக்கிறது. (மண்டலம்: ஆவடி),garbage,Garbage & Waste Disposal,ta,ஆவடி,கோயம்பேடு சந்தை சாலையில் குப்பைத் தொட்டிகள் நிரம்பி வழிந்து சுகாதாரக் கேடு விளைவிக்கிறது. (மண்டலம்: ஆவடி)
TN-NLP-6582,கோயம்பேடு மேம்பாலம் அருகில் உள்ள நகராட்சி பேருந்து நிழற்கூரை சேதமடைந்துள்ளது. (மண்டலம்: சென்னை வடக்கு),infrastructure,Public Infrastructure Damage,ta,சென்னை வடக்கு,கோயம்பேடு மேம்பாலம் அருகில் உள்ள நகராட்சி பேருந்து நிழற்கூரை சேதமடைந்துள்ளது. (மண்டலம்: சென்னை வடக்கு)
TN-NLP-6178,பெசன்ட் நகரில் விநியோகிக்கப்படும் குடிநீரில் துர்நாற்றமும் கலங்கலான நிறமும் உள்ளது. (மண்டலம்: சென்னை தெற்கு),water,Water Supply Contamination / Burst,ta,சென்னை தெற்கு,பெசன்ட் நகரில் விநியோகிக்கப்படும் குடிநீரில் துர்நாற்றமும் கலங்கலான நிறமும் உள்ளது. (மண்டலம்: சென்னை தெற்கு)
TN-NLP-6400,ஜிஎஸ்டி சாலையில் பல தெருவிளக்குகள் எரியாமல் இருள் சூழ்ந்து விபத்து அபாயம் நிலவுகிறது. (மண்டலம்: சென்னை மத்திய மண்டலம்),streetlights,Streetlights & Electrical Hazards,ta,சென்னை மத்திய மண்டலம்,ஜிஎஸ்டி சாலையில் பல தெருவிளக்குகள் எரியாமல் இருள் சூழ்ந்து விபத்து அபாயம் நிலவுகிறது. (மண்டலம்: சென்னை மத்திய மண்டலம்)
TN-NLP-6212,பெருங்குடி ஓஎம்ஆர் சாலையில் மின்கம்பத்தில் இருந்து ஆபத்தான முறையில் மின்வயர் தொங்குகிறது. (மண்டலம்: சென்னை மத்திய மண்டலம்),streetlights,Streetlights & Electrical Hazards,ta,சென்னை மத்திய மண்டலம்,பெருங்குடி ஓஎம்ஆர் சாலையில் மின்கம்பத்தில் இருந்து ஆபத்தான முறையில் மின்வயர் தொங்குகிறது. (மண்டலம்: சென்னை மத்திய மண்டலம்)
TN-NLP-6647,சிந்தாதிரிப்பேட்டை கூவம் நதி பாலத்தின் சிமெண்ட் கைப்பிடி சுவர் உடைந்து அபாயகரமாக உள்ளது. (மண்டலம்: சென்னை மத்திய மண்டலம்),infrastructure,Public Infrastructure Damage,ta,சென்னை மத்திய மண்டலம்,சிந்தாதிரிப்பேட்டை கூவம் நதி பாலத்தின் சிமெண்ட் கைப்பிடி சுவர் உடைந்து அபாயகரமாக உள்ளது. (மண்டலம்: சென்னை மத்திய மண்டலம்)
TN-NLP-6365,ஜிஎஸ்டி சாலையில் பல தெருவிளக்குகள் எரியாமல் இருள் சூழ்ந்து விபத்து அபாயம் நிலவுகிறது. (மண்டலம்: சென்னை மத்திய மண்டலம்),streetlights,Streetlights & Electrical Hazards,ta,சென்னை மத்திய மண்டலம்,ஜிஎஸ்டி சாலையில் பல தெருவிளக்குகள் எரியாமல் இருள் சூழ்ந்து விபத்து அபாயம் நிலவுகிறது. (மண்டலம்: சென்னை மத்திய மண்டலம்)
TN-NLP-6597,சிந்தாதிரிப்பேட்டை கூவம் நதி பாலத்தின் சிமெண்ட் கைப்பிடி சுவர் உடைந்து அபாயகரமாக உள்ளது. (மண்டலம்: ஆவடி),infrastructure,Public Infrastructure Damage,ta,ஆவடி,சிந்தாதிரிப்பேட்டை கூவம் நதி பாலத்தின் சிமெண்ட் கைப்பிடி சுவர் உடைந்து அபாயகரமாக உள்ளது. (மண்டலம்: ஆவடி)
TN-NLP-5365,ராயப்பேட்டையில் திறந்தவெளி கழிவுநீர் கால்வாயில் இருந்து சாக்கடை நீர் சாலையில் வழிகிறது. (மண்டலம்: ஆவடி),drainage,Drainage & Sewage Overflow,ta,ஆவடி,ராயப்பேட்டையில் திறந்தவெளி கழிவுநீர் கால்வாயில் இருந்து சாக்கடை நீர் சாலையில் வழிகிறது. (மண்டலம்: ஆவடி)
TN-NLP-5589,கோடம்பாக்கம் தெருவில் கழிவுநீர் குழாய் உடைந்து துர்நாற்றம் வீசுவதுடன் சுகாதார சீர்கேடு ஏற்பட்டுள்ளது. (மண்டலம்: தாம்பரம்),drainage,Drainage & Sewage Overflow,ta,தாம்பரம்,கோடம்பாக்கம் தெருவில் கழிவுநீர் குழாய் உடைந்து துர்நாற்றம் வீசுவதுடன் சுகாதார சீர்கேடு ஏற்பட்டுள்ளது. (மண்டலம்: தாம்பரம்)
TN-NLP-6449,ஜிஎஸ்டி சாலையில் பல தெருவிளக்குகள் எரியாமல் இருள் சூழ்ந்து விபத்து அபாயம் நிலவுகிறது. (மண்டலம்: சென்னை மத்திய மண்டலம்),streetlights,Streetlights & Electrical Hazards,ta,சென்னை மத்திய மண்டலம்,ஜிஎஸ்டி சாலையில் பல தெருவிளக்குகள் எரியாமல் இருள் சூழ்ந்து விபத்து அபாயம் நிலவுகிறது. (மண்டலம்: சென்னை மத்திய மண்டலம்)
TN-NLP-6538,சிந்தாதிரிப்பேட்டை கூவம் நதி பாலத்தின் சிமெண்ட் கைப்பிடி சுவர் உடைந்து அபாயகரமாக உள்ளது. (மண்டலம்: சென்னை மத்திய மண்டலம்),infrastructure,Public Infrastructure Damage,ta,சென்னை மத்திய மண்டலம்,சிந்தாதிரிப்பேட்டை கூவம் நதி பாலத்தின் சிமெண்ட் கைப்பிடி சுவர் உடைந்து அபாயகரமாக உள்ளது. (மண்டலம்: சென்னை மத்திய மண்டலம்)
TN-NLP-6957,வேளச்சேரி குடியிருப்பு பகுதியில் தெருநாய்களின் தொல்லை அதிகரித்து பொதுமக்கள் அச்சமடைந்துள்ளனர். (மண்டலம்: சென்னை வடக்கு),other,Other / General Municipal Operations,ta,சென்னை வடக்கு,வேளச்சேரி குடியிருப்பு பகுதியில் தெருநாய்களின் தொல்லை அதிகரித்து பொதுமக்கள் அச்சமடைந்துள்ளனர். (மண்டலம்: சென்னை வடக்கு)
TN-NLP-6307,ஜிஎஸ்டி சாலையில் பல தெருவிளக்குகள் எரியாமல் இருள் சூழ்ந்து விபத்து அபாயம் நிலவுகிறது. (மண்டலம்: சென்னை தெற்கு),streetlights,Streetlights & Electrical Hazards,ta,சென்னை தெற்கு,ஜிஎஸ்டி சாலையில் பல தெருவிளக்குகள் எரியாமல் இருள் சூழ்ந்து விபத்து அபாயம் நிலவுகிறது. (மண்டலம்: சென்னை தெற்கு)
TN-NLP-5141,வேளச்சேரி மெயின் ரோட்டில் மழைநீரால் சாலை முற்றிலும் சேதமடைந்து இருசக்கர வாகன ஓட்டிகளுக்கு பேராபத்தை ஏற்படுத்துகிறது. (மண்டலம்: சென்னை தெற்கு),roads,Road Damage & Potholes,ta,சென்னை தெற்கு,வேளச்சேரி மெயின் ரோட்டில் மழைநீரால் சாலை முற்றிலும் சேதமடைந்து இருசக்கர வாகன ஓட்டிகளுக்கு பேராபத்தை ஏற்படுத்துகிறது. (மண்டலம்: சென்னை தெற்கு)
TN-NLP-6200,ஜிஎஸ்டி சாலையில் பல தெருவிளக்குகள் எரியாமல் இருள் சூழ்ந்து விபத்து அபாயம் நிலவுகிறது. (மண்டலம்: சென்னை தெற்கு),streetlights,Streetlights & Electrical Hazards,ta,சென்னை தெற்கு,ஜிஎஸ்டி சாலையில் பல தெருவிளக்குகள் எரியாமல் இருள் சூழ்ந்து விபத்து அபாயம் நிலவுகிறது. (மண்டலம்: சென்னை தெற்கு)
TN-NLP-5206,பெருங்குடியில் கடந்த 3 மாதங்களாக சாலைப் பணி அரைகுறையாக விடப்பட்டு பலத்த தூசு மாசுபாடு ஏற்படுகிறது. (மண்டலம்: ஆவடி),roads,Road Damage & Potholes,ta,ஆவடி,பெருங்குடியில் கடந்த 3 மாதங்களாக சாலைப் பணி அரைகுறையாக விடப்பட்டு பலத்த தூசு மாசுபாடு ஏற்படுகிறது. (மண்டலம்: ஆவடி)
TN-NLP-6084,பெசன்ட் நகரில் விநியோகிக்கப்படும் குடிநீரில் துர்நாற்றமும் கலங்கலான நிறமும் உள்ளது. (மண்டலம்: சென்னை தெற்கு),water,Water Supply Contamination / Burst,ta,சென்னை தெற்கு,பெசன்ட் நகரில் விநியோகிக்கப்படும் குடிநீரில் துர்நாற்றமும் கலங்கலான நிறமும் உள்ளது. (மண்டலம்: சென்னை தெற்கு)
TN-NLP-5793,திருவான்மியூர் கடற்கரை சாலையில் கட்டுமானக் கழிவுகள் சட்டவிரோதமாகக் கொட்டப்பட்டுள்ளன. (மண்டலம்: சென்னை வடக்கு),garbage,Garbage & Waste Disposal,ta,சென்னை வடக்கு,திருவான்மியூர் கடற்கரை சாலையில் கட்டுமானக் கழிவுகள் சட்டவிரோதமாகக் கொட்டப்பட்டுள்ளன. (மண்டலம்: சென்னை வடக்கு)
TN-NLP-7054,வேளச்சேரி குடியிருப்பு பகுதியில் தெருநாய்களின் தொல்லை அதிகரித்து பொதுமக்கள் அச்சமடைந்துள்ளனர். (மண்டலம்: தாம்பரம்),other,Other / General Municipal Operations,ta,தாம்பரம்,வேளச்சேரி குடியிருப்பு பகுதியில் தெருநாய்களின் தொல்லை அதிகரித்து பொதுமக்கள் அச்சமடைந்துள்ளனர். (மண்டலம்: தாம்பரம்)
TN-NLP-5821,கோயம்பேடு சந்தை சாலையில் குப்பைத் தொட்டிகள் நிரம்பி வழிந்து சுகாதாரக் கேடு விளைவிக்கிறது. (மண்டலம்: சென்னை மத்திய மண்டலம்),garbage,Garbage & Waste Disposal,ta,சென்னை மத்திய மண்டலம்,கோயம்பேடு சந்தை சாலையில் குப்பைத் தொட்டிகள் நிரம்பி வழிந்து சுகாதாரக் கேடு விளைவிக்கிறது. (மண்டலம்: சென்னை மத்திய மண்டலம்)
TN-NLP-5581,ராயப்பேட்டையில் திறந்தவெளி கழிவுநீர் கால்வாயில் இருந்து சாக்கடை நீர் சாலையில் வழிகிறது. (மண்டலம்: ஆவடி),drainage,Drainage & Sewage Overflow,ta,ஆவடி,ராயப்பேட்டையில் திறந்தவெளி கழிவுநீர் கால்வாயில் இருந்து சாக்கடை நீர் சாலையில் வழிகிறது. (மண்டலம்: ஆவடி)
TN-NLP-6711,சிந்தாதிரிப்பேட்டை கூவம் நதி பாலத்தின் சிமெண்ட் கைப்பிடி சுவர் உடைந்து அபாயகரமாக உள்ளது. (மண்டலம்: சென்னை வடக்கு),infrastructure,Public Infrastructure Damage,ta,சென்னை வடக்கு,சிந்தாதிரிப்பேட்டை கூவம் நதி பாலத்தின் சிமெண்ட் கைப்பிடி சுவர் உடைந்து அபாயகரமாக உள்ளது. (மண்டலம்: சென்னை வடக்கு)
TN-NLP-6070,அண்ணா நகர் 2வது அவென்யூவில் குடிநீர் குழாய் உடைந்து குடிநீர் வீணாகி வருகிறது. (மண்டலம்: தாம்பரம்),water,Water Supply Contamination / Burst,ta,தாம்பரம்,அண்ணா நகர் 2வது அவென்யூவில் குடிநீர் குழாய் உடைந்து குடிநீர் வீணாகி வருகிறது. (மண்டலம்: தாம்பரம்)
TN-NLP-5765,நுங்கம்பாக்கம் பஸ் நிறுத்தம் அருகில் குப்பைகள் அகற்றப்படாமல் 4 நாட்களாக தேங்கியுள்ளது. (மண்டலம்: சென்னை மத்திய மண்டலம்),garbage,Garbage & Waste Disposal,ta,சென்னை மத்திய மண்டலம்,நுங்கம்பாக்கம் பஸ் நிறுத்தம் அருகில் குப்பைகள் அகற்றப்படாமல் 4 நாட்களாக தேங்கியுள்ளது. (மண்டலம்: சென்னை மத்திய மண்டலம்)
TN-NLP-5390,அசோக் நகர் 4வது அவென்யூவில் மழைநீர் வடிகால் அடைப்பால் வீடுகளுக்குள் தண்ணீர் புகுந்துள்ளது. (மண்டலம்: சென்னை வடக்கு),drainage,Drainage & Sewage Overflow,ta,சென்னை வடக்கு,அசோக் நகர் 4வது அவென்யூவில் மழைநீர் வடிகால் அடைப்பால் வீடுகளுக்குள் தண்ணீர் புகுந்துள்ளது. (மண்டலம்: சென்னை வடக்கு)
TN-NLP-7006,தி. நகரில் நள்ளிரவிலும் அதிக சத்தத்துடன் ஒலிபெருக்கி பயன்படுத்துவதால் ஒலி மாசுபாடு ஏற்படுகிறது. (மண்டலம்: சென்னை தெற்கு),other,Other / General Municipal Operations,ta,சென்னை தெற்கு,தி. நகரில் நள்ளிரவிலும் அதிக சத்தத்துடன் ஒலிபெருக்கி பயன்படுத்துவதால் ஒலி மாசுபாடு ஏற்படுகிறது. (மண்டலம்: சென்னை தெற்கு)
TN-NLP-5209,தி. நகர் உஸ்மான் சாலை சந்திப்பில் தார் தளம் அடித்துச் செல்லப்பட்டு பெரிய குழி உருவாகியுள்ளது. (மண்டலம்: ஆவடி),roads,Road Damage & Potholes,ta,ஆவடி,தி. நகர் உஸ்மான் சாலை சந்திப்பில் தார் தளம் அடித்துச் செல்லப்பட்டு பெரிய குழி உருவாகியுள்ளது. (மண்டலம்: ஆவடி)
TN-NLP-6731,கோயம்பேடு மேம்பாலம் அருகில் உள்ள நகராட்சி பேருந்து நிழற்கூரை சேதமடைந்துள்ளது. (மண்டலம்: சென்னை தெற்கு),infrastructure,Public Infrastructure Damage,ta,சென்னை தெற்கு,கோயம்பேடு மேம்பாலம் அருகில் உள்ள நகராட்சி பேருந்து நிழற்கூரை சேதமடைந்துள்ளது. (மண்டலம்: சென்னை தெற்கு)
TN-NLP-6404,பெருங்குடி ஓஎம்ஆர் சாலையில் மின்கம்பத்தில் இருந்து ஆபத்தான முறையில் மின்வயர் தொங்குகிறது. (மண்டலம்: தாம்பரம்),streetlights,Streetlights & Electrical Hazards,ta,தாம்பரம்,பெருங்குடி ஓஎம்ஆர் சாலையில் மின்கம்பத்தில் இருந்து ஆபத்தான முறையில் மின்வயர் தொங்குகிறது. (மண்டலம்: தாம்பரம்)
TN-NLP-6172,அண்ணா நகர் 2வது அவென்யூவில் குடிநீர் குழாய் உடைந்து குடிநீர் வீணாகி வருகிறது. (மண்டலம்: சென்னை வடக்கு),water,Water Supply Contamination / Burst,ta,சென்னை வடக்கு,அண்ணா நகர் 2வது அவென்யூவில் குடிநீர் குழாய் உடைந்து குடிநீர் வீணாகி வருகிறது. (மண்டலம்: சென்னை வடக்கு)
TN-NLP-6892,வேளச்சேரி குடியிருப்பு பகுதியில் தெருநாய்களின் தொல்லை அதிகரித்து பொதுமக்கள் அச்சமடைந்துள்ளனர். (மண்டலம்: தாம்பரம்),other,Other / General Municipal Operations,ta,தாம்பரம்,வேளச்சேரி குடியிருப்பு பகுதியில் தெருநாய்களின் தொல்லை அதிகரித்து பொதுமக்கள் அச்சமடைந்துள்ளனர். (மண்டலம்: தாம்பரம்)
TN-NLP-6001,திருவல்லிக்கேணி தெருவில் கடந்த 48 மணி நேரமாக குடிநீர் விநியோகம் முற்றிலும் நிறுத்தப்பட்டுள்ளது. (மண்டலம்: சென்னை தெற்கு),water,Water Supply Contamination / Burst,ta,சென்னை தெற்கு,திருவல்லிக்கேணி தெருவில் கடந்த 48 மணி நேரமாக குடிநீர் விநியோகம் முற்றிலும் நிறுத்தப்பட்டுள்ளது. (மண்டலம்: சென்னை தெற்கு)
TN-NLP-6975,வேளச்சேரி குடியிருப்பு பகுதியில் தெருநாய்களின் தொல்லை அதிகரித்து பொதுமக்கள் அச்சமடைந்துள்ளனர். (மண்டலம்: தாம்பரம்),other,Other / General Municipal Operations,ta,தாம்பரம்,வேளச்சேரி குடியிருப்பு பகுதியில் தெருநாய்களின் தொல்லை அதிகரித்து பொதுமக்கள் அச்சமடைந்துள்ளனர். (மண்டலம்: தாம்பரம்)
TN-NLP-6075,அண்ணா நகர் 2வது அவென்யூவில் குடிநீர் குழாய் உடைந்து குடிநீர் வீணாகி வருகிறது. (மண்டலம்: தாம்பரம்),water,Water Supply Contamination / Burst,ta,தாம்பரம்,அண்ணா நகர் 2வது அவென்யூவில் குடிநீர் குழாய் உடைந்து குடிநீர் வீணாகி வருகிறது. (மண்டலம்: தாம்பரம்)
TN-NLP-6381,பெருங்குடி ஓஎம்ஆர் சாலையில் மின்கம்பத்தில் இருந்து ஆபத்தான முறையில் மின்வயர் தொங்குகிறது. (மண்டலம்: சென்னை மத்திய மண்டலம்),streetlights,Streetlights & Electrical Hazards,ta,சென்னை மத்திய மண்டலம்,பெருங்குடி ஓஎம்ஆர் சாலையில் மின்கம்பத்தில் இருந்து ஆபத்தான முறையில் மின்வயர் தொங்குகிறது. (மண்டலம்: சென்னை மத்திய மண்டலம்)
TN-NLP-6444,ஜிஎஸ்டி சாலையில் பல தெருவிளக்குகள் எரியாமல் இருள் சூழ்ந்து விபத்து அபாயம் நிலவுகிறது. (மண்டலம்: ஆவடி),streetlights,Streetlights & Electrical Hazards,ta,ஆவடி,ஜிஎஸ்டி சாலையில் பல தெருவிளக்குகள் எரியாமல் இருள் சூழ்ந்து விபத்து அபாயம் நிலவுகிறது. (மண்டலம்: ஆவடி)
TN-NLP-5982,பெசன்ட் நகரில் விநியோகிக்கப்படும் குடிநீரில் துர்நாற்றமும் கலங்கலான நிறமும் உள்ளது. (மண்டலம்: சென்னை தெற்கு),water,Water Supply Contamination / Burst,ta,சென்னை தெற்கு,பெசன்ட் நகரில் விநியோகிக்கப்படும் குடிநீரில் துர்நாற்றமும் கலங்கலான நிறமும் உள்ளது. (மண்டலம்: சென்னை தெற்கு)
TN-NLP-6895,தி. நகரில் நள்ளிரவிலும் அதிக சத்தத்துடன் ஒலிபெருக்கி பயன்படுத்துவதால் ஒலி மாசுபாடு ஏற்படுகிறது. (மண்டலம்: சென்னை மத்திய மண்டலம்),other,Other / General Municipal Operations,ta,சென்னை மத்திய மண்டலம்,தி. நகரில் நள்ளிரவிலும் அதிக சத்தத்துடன் ஒலிபெருக்கி பயன்படுத்துவதால் ஒலி மாசுபாடு ஏற்படுகிறது. (மண்டலம்: சென்னை மத்திய மண்டலம்)
TN-NLP-5513,அசோக் நகர் 4வது அவென்யூவில் மழைநீர் வடிகால் அடைப்பால் வீடுகளுக்குள் தண்ணீர் புகுந்துள்ளது. (மண்டலம்: சென்னை தெற்கு),drainage,Drainage & Sewage Overflow,ta,சென்னை தெற்கு,அசோக் நகர் 4வது அவென்யூவில் மழைநீர் வடிகால் அடைப்பால் வீடுகளுக்குள் தண்ணீர் புகுந்துள்ளது. (மண்டலம்: சென்னை தெற்கு)
TN-NLP-5146,அண்ணா சாலையில் உள்ள பெரும் பள்ளத்தால் போக்குவரத்து நெரிசல் மற்றும் விபத்துக்கள் ஏற்படுகிறது. (மண்டலம்: சென்னை வடக்கு),roads,Road Damage & Potholes,ta,சென்னை வடக்கு,அண்ணா சாலையில் உள்ள பெரும் பள்ளத்தால் போக்குவரத்து நெரிசல் மற்றும் விபத்துக்கள் ஏற்படுகிறது. (மண்டலம்: சென்னை வடக்கு)
TN-NLP-6355,ஜிஎஸ்டி சாலையில் பல தெருவிளக்குகள் எரியாமல் இருள் சூழ்ந்து விபத்து அபாயம் நிலவுகிறது. (மண்டலம்: தாம்பரம்),streetlights,Streetlights & Electrical Hazards,ta,தாம்பரம்,ஜிஎஸ்டி சாலையில் பல தெருவிளக்குகள் எரியாமல் இருள் சூழ்ந்து விபத்து அபாயம் நிலவுகிறது. (மண்டலம்: தாம்பரம்)
TN-NLP-6950,வேளச்சேரி குடியிருப்பு பகுதியில் தெருநாய்களின் தொல்லை அதிகரித்து பொதுமக்கள் அச்சமடைந்துள்ளனர். (மண்டலம்: சென்னை தெற்கு),other,Other / General Municipal Operations,ta,சென்னை தெற்கு,வேளச்சேரி குடியிருப்பு பகுதியில் தெருநாய்களின் தொல்லை அதிகரித்து பொதுமக்கள் அச்சமடைந்துள்ளனர். (மண்டலம்: சென்னை தெற்கு)
TN-NLP-6211,ஜிஎஸ்டி சாலையில் பல தெருவிளக்குகள் எரியாமல் இருள் சூழ்ந்து விபத்து அபாயம் நிலவுகிறது. (மண்டலம்: ஆவடி),streetlights,Streetlights & Electrical Hazards,ta,ஆவடி,ஜிஎஸ்டி சாலையில் பல தெருவிளக்குகள் எரியாமல் இருள் சூழ்ந்து விபத்து அபாயம் நிலவுகிறது. (மண்டலம்: ஆவடி)
TN-NLP-5090,தி. நகர் உஸ்மான் சாலை சந்திப்பில் தார் தளம் அடித்துச் செல்லப்பட்டு பெரிய குழி உருவாகியுள்ளது. (மண்டலம்: சென்னை மத்திய மண்டலம்),roads,Road Damage & Potholes,ta,சென்னை மத்திய மண்டலம்,தி. நகர் உஸ்மான் சாலை சந்திப்பில் தார் தளம் அடித்துச் செல்லப்பட்டு பெரிய குழி உருவாகியுள்ளது. (மண்டலம்: சென்னை மத்திய மண்டலம்)
TN-NLP-5193,தி. நகர் உஸ்மான் சாலை சந்திப்பில் தார் தளம் அடித்துச் செல்லப்பட்டு பெரிய குழி உருவாகியுள்ளது. (மண்டலம்: ஆவடி),roads,Road Damage & Potholes,ta,ஆவடி,தி. நகர் உஸ்மான் சாலை சந்திப்பில் தார் தளம் அடித்துச் செல்லப்பட்டு பெரிய குழி உருவாகியுள்ளது. (மண்டலம்: ஆவடி)
TN-NLP-5523,ராயப்பேட்டையில் திறந்தவெளி கழிவுநீர் கால்வாயில் இருந்து சாக்கடை நீர் சாலையில் வழிகிறது. (மண்டலம்: ஆவடி),drainage,Drainage & Sewage Overflow,ta,ஆவடி,ராயப்பேட்டையில் திறந்தவெளி கழிவுநீர் கால்வாயில் இருந்து சாக்கடை நீர் சாலையில் வழிகிறது. (மண்டலம்: ஆவடி)
TN-NLP-6018,பெசன்ட் நகரில் விநியோகிக்கப்படும் குடிநீரில் துர்நாற்றமும் கலங்கலான நிறமும் உள்ளது. (மண்டலம்: தாம்பரம்),water,Water Supply Contamination / Burst,ta,தாம்பரம்,பெசன்ட் நகரில் விநியோகிக்கப்படும் குடிநீரில் துர்நாற்றமும் கலங்கலான நிறமும் உள்ளது. (மண்டலம்: தாம்பரம்)
TN-NLP-6510,சிந்தாதிரிப்பேட்டை கூவம் நதி பாலத்தின் சிமெண்ட் கைப்பிடி சுவர் உடைந்து அபாயகரமாக உள்ளது. (மண்டலம்: சென்னை வடக்கு),infrastructure,Public Infrastructure Damage,ta,சென்னை வடக்கு,சிந்தாதிரிப்பேட்டை கூவம் நதி பாலத்தின் சிமெண்ட் கைப்பிடி சுவர் உடைந்து அபாயகரமாக உள்ளது. (மண்டலம்: சென்னை வடக்கு)
TN-NLP-6314,பெருங்குடி ஓஎம்ஆர் சாலையில் மின்கம்பத்தில் இருந்து ஆபத்தான முறையில் மின்வயர் தொங்குகிறது. (மண்டலம்: சென்னை வடக்கு),streetlights,Streetlights & Electrical Hazards,ta,சென்னை வடக்கு,பெருங்குடி ஓஎம்ஆர் சாலையில் மின்கம்பத்தில் இருந்து ஆபத்தான முறையில் மின்வயர் தொங்குகிறது. (மண்டலம்: சென்னை வடக்கு)
TN-NLP-6468,ஜிஎஸ்டி சாலையில் பல தெருவிளக்குகள் எரியாமல் இருள் சூழ்ந்து விபத்து அபாயம் நிலவுகிறது. (மண்டலம்: ஆவடி),streetlights,Streetlights & Electrical Hazards,ta,ஆவடி,ஜிஎஸ்டி சாலையில் பல தெருவிளக்குகள் எரியாமல் இருள் சூழ்ந்து விபத்து அபாயம் நிலவுகிறது. (மண்டலம்: ஆவடி)
TN-NLP-5483,அசோக் நகர் 4வது அவென்யூவில் மழைநீர் வடிகால் அடைப்பால் வீடுகளுக்குள் தண்ணீர் புகுந்துள்ளது. (மண்டலம்: சென்னை தெற்கு),drainage,Drainage & Sewage Overflow,ta,சென்னை தெற்கு,அசோக் நகர் 4வது அவென்யூவில் மழைநீர் வடிகால் அடைப்பால் வீடுகளுக்குள் தண்ணீர் புகுந்துள்ளது. (மண்டலம்: சென்னை தெற்கு)
TN-NLP-6784,கோயம்பேடு மேம்பாலம் அருகில் உள்ள நகராட்சி பேருந்து நிழற்கூரை சேதமடைந்துள்ளது. (மண்டலம்: ஆவடி),infrastructure,Public Infrastructure Damage,ta,ஆவடி,கோயம்பேடு மேம்பாலம் அருகில் உள்ள நகராட்சி பேருந்து நிழற்கூரை சேதமடைந்துள்ளது. (மண்டலம்: ஆவடி)
TN-NLP-6186,திருவல்லிக்கேணி தெருவில் கடந்த 48 மணி நேரமாக குடிநீர் விநியோகம் முற்றிலும் நிறுத்தப்பட்டுள்ளது. (மண்டலம்: சென்னை வடக்கு),water,Water Supply Contamination / Burst,ta,சென்னை வடக்கு,திருவல்லிக்கேணி தெருவில் கடந்த 48 மணி நேரமாக குடிநீர் விநியோகம் முற்றிலும் நிறுத்தப்பட்டுள்ளது. (மண்டலம்: சென்னை வடக்கு)
TN-NLP-6424,ஜிஎஸ்டி சாலையில் பல தெருவிளக்குகள் எரியாமல் இருள் சூழ்ந்து விபத்து அபாயம் நிலவுகிறது. (மண்டலம்: சென்னை மத்திய மண்டலம்),streetlights,Streetlights & Electrical Hazards,ta,சென்னை மத்திய மண்டலம்,ஜிஎஸ்டி சாலையில் பல தெருவிளக்குகள் எரியாமல் இருள் சூழ்ந்து விபத்து அபாயம் நிலவுகிறது. (மண்டலம்: சென்னை மத்திய மண்டலம்)
TN-NLP-5375,ராயப்பேட்டையில் திறந்தவெளி கழிவுநீர் கால்வாயில் இருந்து சாக்கடை நீர் சாலையில் வழிகிறது. (மண்டலம்: சென்னை வடக்கு),drainage,Drainage & Sewage Overflow,ta,சென்னை வடக்கு,ராயப்பேட்டையில் திறந்தவெளி கழிவுநீர் கால்வாயில் இருந்து சாக்கடை நீர் சாலையில் வழிகிறது. (மண்டலம்: சென்னை வடக்கு)
TN-NLP-5407,அசோக் நகர் 4வது அவென்யூவில் மழைநீர் வடிகால் அடைப்பால் வீடுகளுக்குள் தண்ணீர் புகுந்துள்ளது. (மண்டலம்: தாம்பரம்),drainage,Drainage & Sewage Overflow,ta,தாம்பரம்,அசோக் நகர் 4வது அவென்யூவில் மழைநீர் வடிகால் அடைப்பால் வீடுகளுக்குள் தண்ணீர் புகுந்துள்ளது. (மண்டலம்: தாம்பரம்)
TN-NLP-5802,கோயம்பேடு சந்தை சாலையில் குப்பைத் தொட்டிகள் நிரம்பி வழிந்து சுகாதாரக் கேடு விளைவிக்கிறது. (மண்டலம்: சென்னை மத்திய மண்டலம்),garbage,Garbage & Waste Disposal,ta,சென்னை மத்திய மண்டலம்,கோயம்பேடு சந்தை சாலையில் குப்பைத் தொட்டிகள் நிரம்பி வழிந்து சுகாதாரக் கேடு விளைவிக்கிறது. (மண்டலம்: சென்னை மத்திய மண்டலம்)
TN-NLP-6042,அண்ணா நகர் 2வது அவென்யூவில் குடிநீர் குழாய் உடைந்து குடிநீர் வீணாகி வருகிறது. (மண்டலம்: தாம்பரம்),water,Water Supply Contamination / Burst,ta,தாம்பரம்,அண்ணா நகர் 2வது அவென்யூவில் குடிநீர் குழாய் உடைந்து குடிநீர் வீணாகி வருகிறது. (மண்டலம்: தாம்பரம்)
TN-NLP-5438,கோடம்பாக்கம் தெருவில் கழிவுநீர் குழாய் உடைந்து துர்நாற்றம் வீசுவதுடன் சுகாதார சீர்கேடு ஏற்பட்டுள்ளது. (மண்டலம்: சென்னை தெற்கு),drainage,Drainage & Sewage Overflow,ta,சென்னை தெற்கு,கோடம்பாக்கம் தெருவில் கழிவுநீர் குழாய் உடைந்து துர்நாற்றம் வீசுவதுடன் சுகாதார சீர்கேடு ஏற்பட்டுள்ளது. (மண்டலம்: சென்னை தெற்கு)
TN-NLP-5929,திருவல்லிக்கேணி தெருவில் கடந்த 48 மணி நேரமாக குடிநீர் விநியோகம் முற்றிலும் நிறுத்தப்பட்டுள்ளது. (மண்டலம்: சென்னை மத்திய மண்டலம்),water,Water Supply Contamination / Burst,ta,சென்னை மத்திய மண்டலம்,திருவல்லிக்கேணி தெருவில் கடந்த 48 மணி நேரமாக குடிநீர் விநியோகம் முற்றிலும் நிறுத்தப்பட்டுள்ளது. (மண்டலம்: சென்னை மத்திய மண்டலம்)
TN-NLP-6430,பெருங்குடி ஓஎம்ஆர் சாலையில் மின்கம்பத்தில் இருந்து ஆபத்தான முறையில் மின்வயர் தொங்குகிறது. (மண்டலம்: சென்னை தெற்கு),streetlights,Streetlights & Electrical Hazards,ta,சென்னை தெற்கு,பெருங்குடி ஓஎம்ஆர் சாலையில் மின்கம்பத்தில் இருந்து ஆபத்தான முறையில் மின்வயர் தொங்குகிறது. (மண்டலம்: சென்னை தெற்கு)
TN-NLP-5305,ராயப்பேட்டையில் திறந்தவெளி கழிவுநீர் கால்வாயில் இருந்து சாக்கடை நீர் சாலையில் வழிகிறது. (மண்டலம்: ஆவடி),drainage,Drainage & Sewage Overflow,ta,ஆவடி,ராயப்பேட்டையில் திறந்தவெளி கழிவுநீர் கால்வாயில் இருந்து சாக்கடை நீர் சாலையில் வழிகிறது. (மண்டலம்: ஆவடி)
TN-NLP-5089,அண்ணா சாலையில் உள்ள பெரும் பள்ளத்தால் போக்குவரத்து நெரிசல் மற்றும் விபத்துக்கள் ஏற்படுகிறது. (மண்டலம்: சென்னை தெற்கு),roads,Road Damage & Potholes,ta,சென்னை தெற்கு,அண்ணா சாலையில் உள்ள பெரும் பள்ளத்தால் போக்குவரத்து நெரிசல் மற்றும் விபத்துக்கள் ஏற்படுகிறது. (மண்டலம்: சென்னை தெற்கு)
TN-NLP-5997,திருவல்லிக்கேணி தெருவில் கடந்த 48 மணி நேரமாக குடிநீர் விநியோகம் முற்றிலும் நிறுத்தப்பட்டுள்ளது. (மண்டலம்: தாம்பரம்),water,Water Supply Contamination / Burst,ta,தாம்பரம்,திருவல்லிக்கேணி தெருவில் கடந்த 48 மணி நேரமாக குடிநீர் விநியோகம் முற்றிலும் நிறுத்தப்பட்டுள்ளது. (மண்டலம்: தாம்பரம்)
TN-NLP-6437,பெருங்குடி ஓஎம்ஆர் சாலையில் மின்கம்பத்தில் இருந்து ஆபத்தான முறையில் மின்வயர் தொங்குகிறது. (மண்டலம்: தாம்பரம்),streetlights,Streetlights & Electrical Hazards,ta,தாம்பரம்,பெருங்குடி ஓஎம்ஆர் சாலையில் மின்கம்பத்தில் இருந்து ஆபத்தான முறையில் மின்வயர் தொங்குகிறது. (மண்டலம்: தாம்பரம்)
TN-NLP-6533,சிந்தாதிரிப்பேட்டை கூவம் நதி பாலத்தின் சிமெண்ட் கைப்பிடி சுவர் உடைந்து அபாயகரமாக உள்ளது. (மண்டலம்: சென்னை தெற்கு),infrastructure,Public Infrastructure Damage,ta,சென்னை தெற்கு,சிந்தாதிரிப்பேட்டை கூவம் நதி பாலத்தின் சிமெண்ட் கைப்பிடி சுவர் உடைந்து அபாயகரமாக உள்ளது. (மண்டலம்: சென்னை தெற்கு)
TN-NLP-5660,நுங்கம்பாக்கம் பஸ் நிறுத்தம் அருகில் குப்பைகள் அகற்றப்படாமல் 4 நாட்களாக தேங்கியுள்ளது. (மண்டலம்: சென்னை வடக்கு),garbage,Garbage & Waste Disposal,ta,சென்னை வடக்கு,நுங்கம்பாக்கம் பஸ் நிறுத்தம் அருகில் குப்பைகள் அகற்றப்படாமல் 4 நாட்களாக தேங்கியுள்ளது. (மண்டலம்: சென்னை வடக்கு)
TN-NLP-5097,தி. நகர் உஸ்மான் சாலை சந்திப்பில் தார் தளம் அடித்துச் செல்லப்பட்டு பெரிய குழி உருவாகியுள்ளது. (மண்டலம்: ஆவடி),roads,Road Damage & Potholes,ta,ஆவடி,தி. நகர் உஸ்மான் சாலை சந்திப்பில் தார் தளம் அடித்துச் செல்லப்பட்டு பெரிய குழி உருவாகியுள்ளது. (மண்டலம்: ஆவடி)
TN-NLP-6150,திருவல்லிக்கேணி தெருவில் கடந்த 48 மணி நேரமாக குடிநீர் விநியோகம் முற்றிலும் நிறுத்தப்பட்டுள்ளது. (மண்டலம்: தாம்பரம்),water,Water Supply Contamination / Burst,ta,தாம்பரம்,திருவல்லிக்கேணி தெருவில் கடந்த 48 மணி நேரமாக குடிநீர் விநியோகம் முற்றிலும் நிறுத்தப்பட்டுள்ளது. (மண்டலம்: தாம்பரம்)
TN-NLP-5093,வேளச்சேரி மெயின் ரோட்டில் மழைநீரால் சாலை முற்றிலும் சேதமடைந்து இருசக்கர வாகன ஓட்டிகளுக்கு பேராபத்தை ஏற்படுத்துகிறது. (மண்டலம்: சென்னை தெற்கு),roads,Road Damage & Potholes,ta,சென்னை தெற்கு,வேளச்சேரி மெயின் ரோட்டில் மழைநீரால் சாலை முற்றிலும் சேதமடைந்து இருசக்கர வாகன ஓட்டிகளுக்கு பேராபத்தை ஏற்படுத்துகிறது. (மண்டலம்: சென்னை தெற்கு)
TN-NLP-5938,அண்ணா நகர் 2வது அவென்யூவில் குடிநீர் குழாய் உடைந்து குடிநீர் வீணாகி வருகிறது. (மண்டலம்: சென்னை மத்திய மண்டலம்),water,Water Supply Contamination / Burst,ta,சென்னை மத்திய மண்டலம்,அண்ணா நகர் 2வது அவென்யூவில் குடிநீர் குழாய் உடைந்து குடிநீர் வீணாகி வருகிறது. (மண்டலம்: சென்னை மத்திய மண்டலம்)
TN-NLP-6704,சிந்தாதிரிப்பேட்டை கூவம் நதி பாலத்தின் சிமெண்ட் கைப்பிடி சுவர் உடைந்து அபாயகரமாக உள்ளது. (மண்டலம்: சென்னை மத்திய மண்டலம்),infrastructure,Public Infrastructure Damage,ta,சென்னை மத்திய மண்டலம்,சிந்தாதிரிப்பேட்டை கூவம் நதி பாலத்தின் சிமெண்ட் கைப்பிடி சுவர் உடைந்து அபாயகரமாக உள்ளது. (மண்டலம்: சென்னை மத்திய மண்டலம்)
TN-NLP-5871,திருவான்மியூர் கடற்கரை சாலையில் கட்டுமானக் கழிவுகள் சட்டவிரோதமாகக் கொட்டப்பட்டுள்ளன. (மண்டலம்: தாம்பரம்),garbage,Garbage & Waste Disposal,ta,தாம்பரம்,திருவான்மியூர் கடற்கரை சாலையில் கட்டுமானக் கழிவுகள் சட்டவிரோதமாகக் கொட்டப்பட்டுள்ளன. (மண்டலம்: தாம்பரம்)
TN-NLP-6166,அண்ணா நகர் 2வது அவென்யூவில் குடிநீர் குழாய் உடைந்து குடிநீர் வீணாகி வருகிறது. (மண்டலம்: சென்னை தெற்கு),water,Water Supply Contamination / Burst,ta,சென்னை தெற்கு,அண்ணா நகர் 2வது அவென்யூவில் குடிநீர் குழாய் உடைந்து குடிநீர் வீணாகி வருகிறது. (மண்டலம்: சென்னை தெற்கு)
TN-NLP-5839,கோயம்பேடு சந்தை சாலையில் குப்பைத் தொட்டிகள் நிரம்பி வழிந்து சுகாதாரக் கேடு விளைவிக்கிறது. (மண்டலம்: தாம்பரம்),garbage,Garbage & Waste Disposal,ta,தாம்பரம்,கோயம்பேடு சந்தை சாலையில் குப்பைத் தொட்டிகள் நிரம்பி வழிந்து சுகாதாரக் கேடு விளைவிக்கிறது. (மண்டலம்: தாம்பரம்)
TN-NLP-5569,கோடம்பாக்கம் தெருவில் கழிவுநீர் குழாய் உடைந்து துர்நாற்றம் வீசுவதுடன் சுகாதார சீர்கேடு ஏற்பட்டுள்ளது. (மண்டலம்: சென்னை வடக்கு),drainage,Drainage & Sewage Overflow,ta,சென்னை வடக்கு,கோடம்பாக்கம் தெருவில் கழிவுநீர் குழாய் உடைந்து துர்நாற்றம் வீசுவதுடன் சுகாதார சீர்கேடு ஏற்பட்டுள்ளது. (மண்டலம்: சென்னை வடக்கு)
TN-NLP-6739,சிந்தாதிரிப்பேட்டை கூவம் நதி பாலத்தின் சிமெண்ட் கைப்பிடி சுவர் உடைந்து அபாயகரமாக உள்ளது. (மண்டலம்: சென்னை தெற்கு),infrastructure,Public Infrastructure Damage,ta,சென்னை தெற்கு,சிந்தாதிரிப்பேட்டை கூவம் நதி பாலத்தின் சிமெண்ட் கைப்பிடி சுவர் உடைந்து அபாயகரமாக உள்ளது. (மண்டலம்: சென்னை தெற்கு)
TN-NLP-7037,தி. நகரில் நள்ளிரவிலும் அதிக சத்தத்துடன் ஒலிபெருக்கி பயன்படுத்துவதால் ஒலி மாசுபாடு ஏற்படுகிறது. (மண்டலம்: சென்னை மத்திய மண்டலம்),other,Other / General Municipal Operations,ta,சென்னை மத்திய மண்டலம்,தி. நகரில் நள்ளிரவிலும் அதிக சத்தத்துடன் ஒலிபெருக்கி பயன்படுத்துவதால் ஒலி மாசுபாடு ஏற்படுகிறது. (மண்டலம்: சென்னை மத்திய மண்டலம்)
TN-NLP-5911,திருவல்லிக்கேணி தெருவில் கடந்த 48 மணி நேரமாக குடிநீர் விநியோகம் முற்றிலும் நிறுத்தப்பட்டுள்ளது. (மண்டலம்: ஆவடி),water,Water Supply Contamination / Burst,ta,ஆவடி,திருவல்லிக்கேணி தெருவில் கடந்த 48 மணி நேரமாக குடிநீர் விநியோகம் முற்றிலும் நிறுத்தப்பட்டுள்ளது. (மண்டலம்: ஆவடி)
TN-NLP-6067,பெசன்ட் நகரில் விநியோகிக்கப்படும் குடிநீரில் துர்நாற்றமும் கலங்கலான நிறமும் உள்ளது. (மண்டலம்: ஆவடி),water,Water Supply Contamination / Burst,ta,ஆவடி,பெசன்ட் நகரில் விநியோகிக்கப்படும் குடிநீரில் துர்நாற்றமும் கலங்கலான நிறமும் உள்ளது. (மண்டலம்: ஆவடி)
TN-NLP-6637,கோயம்பேடு மேம்பாலம் அருகில் உள்ள நகராட்சி பேருந்து நிழற்கூரை சேதமடைந்துள்ளது. (மண்டலம்: சென்னை தெற்கு),infrastructure,Public Infrastructure Damage,ta,சென்னை தெற்கு,கோயம்பேடு மேம்பாலம் அருகில் உள்ள நகராட்சி பேருந்து நிழற்கூரை சேதமடைந்துள்ளது. (மண்டலம்: சென்னை தெற்கு)
TN-NLP-5015,பெருங்குடியில் கடந்த 3 மாதங்களாக சாலைப் பணி அரைகுறையாக விடப்பட்டு பலத்த தூசு மாசுபாடு ஏற்படுகிறது. (மண்டலம்: சென்னை மத்திய மண்டலம்),roads,Road Damage & Potholes,ta,சென்னை மத்திய மண்டலம்,பெருங்குடியில் கடந்த 3 மாதங்களாக சாலைப் பணி அரைகுறையாக விடப்பட்டு பலத்த தூசு மாசுபாடு ஏற்படுகிறது. (மண்டலம்: சென்னை மத்திய மண்டலம்)
TN-NLP-6556,கோயம்பேடு மேம்பாலம் அருகில் உள்ள நகராட்சி பேருந்து நிழற்கூரை சேதமடைந்துள்ளது. (மண்டலம்: ஆவடி),infrastructure,Public Infrastructure Damage,ta,ஆவடி,கோயம்பேடு மேம்பாலம் அருகில் உள்ள நகராட்சி பேருந்து நிழற்கூரை சேதமடைந்துள்ளது. (மண்டலம்: ஆவடி)
TN-NLP-6086,பெசன்ட் நகரில் விநியோகிக்கப்படும் குடிநீரில் துர்நாற்றமும் கலங்கலான நிறமும் உள்ளது. (மண்டலம்: சென்னை மத்திய மண்டலம்),water,Water Supply Contamination / Burst,ta,சென்னை மத்திய மண்டலம்,பெசன்ட் நகரில் விநியோகிக்கப்படும் குடிநீரில் துர்நாற்றமும் கலங்கலான நிறமும் உள்ளது. (மண்டலம்: சென்னை மத்திய மண்டலம்)
TN-NLP-6372,பெருங்குடி ஓஎம்ஆர் சாலையில் மின்கம்பத்தில் இருந்து ஆபத்தான முறையில் மின்வயர் தொங்குகிறது. (மண்டலம்: சென்னை வடக்கு),streetlights,Streetlights & Electrical Hazards,ta,சென்னை வடக்கு,பெருங்குடி ஓஎம்ஆர் சாலையில் மின்கம்பத்தில் இருந்து ஆபத்தான முறையில் மின்வயர் தொங்குகிறது. (மண்டலம்: சென்னை வடக்கு)
TN-NLP-5427,கோடம்பாக்கம் தெருவில் கழிவுநீர் குழாய் உடைந்து துர்நாற்றம் வீசுவதுடன் சுகாதார சீர்கேடு ஏற்பட்டுள்ளது. (மண்டலம்: சென்னை மத்திய மண்டலம்),drainage,Drainage & Sewage Overflow,ta,சென்னை மத்திய மண்டலம்,கோடம்பாக்கம் தெருவில் கழிவுநீர் குழாய் உடைந்து துர்நாற்றம் வீசுவதுடன் சுகாதார சீர்கேடு ஏற்பட்டுள்ளது. (மண்டலம்: சென்னை மத்திய மண்டலம்)
TN-NLP-5836,திருவான்மியூர் கடற்கரை சாலையில் கட்டுமானக் கழிவுகள் சட்டவிரோதமாகக் கொட்டப்பட்டுள்ளன. (மண்டலம்: ஆவடி),garbage,Garbage & Waste Disposal,ta,ஆவடி,திருவான்மியூர் கடற்கரை சாலையில் கட்டுமானக் கழிவுகள் சட்டவிரோதமாகக் கொட்டப்பட்டுள்ளன. (மண்டலம்: ஆவடி)
TN-NLP-5245,வேளச்சேரி மெயின் ரோட்டில் மழைநீரால் சாலை முற்றிலும் சேதமடைந்து இருசக்கர வாகன ஓட்டிகளுக்கு பேராபத்தை ஏற்படுத்துகிறது. (மண்டலம்: சென்னை வடக்கு),roads,Road Damage & Potholes,ta,சென்னை வடக்கு,வேளச்சேரி மெயின் ரோட்டில் மழைநீரால் சாலை முற்றிலும் சேதமடைந்து இருசக்கர வாகன ஓட்டிகளுக்கு பேராபத்தை ஏற்படுத்துகிறது. (மண்டலம்: சென்னை வடக்கு)
TN-NLP-6097,பெசன்ட் நகரில் விநியோகிக்கப்படும் குடிநீரில் துர்நாற்றமும் கலங்கலான நிறமும் உள்ளது. (மண்டலம்: ஆவடி),water,Water Supply Contamination / Burst,ta,ஆவடி,பெசன்ட் நகரில் விநியோகிக்கப்படும் குடிநீரில் துர்நாற்றமும் கலங்கலான நிறமும் உள்ளது. (மண்டலம்: ஆவடி)
TN-NLP-7038,வேளச்சேரி குடியிருப்பு பகுதியில் தெருநாய்களின் தொல்லை அதிகரித்து பொதுமக்கள் அச்சமடைந்துள்ளனர். (மண்டலம்: ஆவடி),other,Other / General Municipal Operations,ta,ஆவடி,வேளச்சேரி குடியிருப்பு பகுதியில் தெருநாய்களின் தொல்லை அதிகரித்து பொதுமக்கள் அச்சமடைந்துள்ளனர். (மண்டலம்: ஆவடி)
TN-NLP-6560,கோயம்பேடு மேம்பாலம் அருகில் உள்ள நகராட்சி பேருந்து நிழற்கூரை சேதமடைந்துள்ளது. (மண்டலம்: ஆவடி),infrastructure,Public Infrastructure Damage,ta,ஆவடி,கோயம்பேடு மேம்பாலம் அருகில் உள்ள நகராட்சி பேருந்து நிழற்கூரை சேதமடைந்துள்ளது. (மண்டலம்: ஆவடி)
TN-NLP-5555,அசோக் நகர் 4வது அவென்யூவில் மழைநீர் வடிகால் அடைப்பால் வீடுகளுக்குள் தண்ணீர் புகுந்துள்ளது. (மண்டலம்: சென்னை மத்திய மண்டலம்),drainage,Drainage & Sewage Overflow,ta,சென்னை மத்திய மண்டலம்,அசோக் நகர் 4வது அவென்யூவில் மழைநீர் வடிகால் அடைப்பால் வீடுகளுக்குள் தண்ணீர் புகுந்துள்ளது. (மண்டலம்: சென்னை மத்திய மண்டலம்)
TN-NLP-6347,பெருங்குடி ஓஎம்ஆர் சாலையில் மின்கம்பத்தில் இருந்து ஆபத்தான முறையில் மின்வயர் தொங்குகிறது. (மண்டலம்: சென்னை வடக்கு),streetlights,Streetlights & Electrical Hazards,ta,சென்னை வடக்கு,பெருங்குடி ஓஎம்ஆர் சாலையில் மின்கம்பத்தில் இருந்து ஆபத்தான முறையில் மின்வயர் தொங்குகிறது. (மண்டலம்: சென்னை வடக்கு)
TN-NLP-6289,பெருங்குடி ஓஎம்ஆர் சாலையில் மின்கம்பத்தில் இருந்து ஆபத்தான முறையில் மின்வயர் தொங்குகிறது. (மண்டலம்: ஆவடி),streetlights,Streetlights & Electrical Hazards,ta,ஆவடி,பெருங்குடி ஓஎம்ஆர் சாலையில் மின்கம்பத்தில் இருந்து ஆபத்தான முறையில் மின்வயர் தொங்குகிறது. (மண்டலம்: ஆவடி)
TN-NLP-6598,கோயம்பேடு மேம்பாலம் அருகில் உள்ள நகராட்சி பேருந்து நிழற்கூரை சேதமடைந்துள்ளது. (மண்டலம்: சென்னை வடக்கு),infrastructure,Public Infrastructure Damage,ta,சென்னை வடக்கு,கோயம்பேடு மேம்பாலம் அருகில் உள்ள நகராட்சி பேருந்து நிழற்கூரை சேதமடைந்துள்ளது. (மண்டலம்: சென்னை வடக்கு)
TN-NLP-5420,கோடம்பாக்கம் தெருவில் கழிவுநீர் குழாய் உடைந்து துர்நாற்றம் வீசுவதுடன் சுகாதார சீர்கேடு ஏற்பட்டுள்ளது. (மண்டலம்: தாம்பரம்),drainage,Drainage & Sewage Overflow,ta,தாம்பரம்,கோடம்பாக்கம் தெருவில் கழிவுநீர் குழாய் உடைந்து துர்நாற்றம் வீசுவதுடன் சுகாதார சீர்கேடு ஏற்பட்டுள்ளது. (மண்டலம்: தாம்பரம்)
TN-NLP-6972,வேளச்சேரி குடியிருப்பு பகுதியில் தெருநாய்களின் தொல்லை அதிகரித்து பொதுமக்கள் அச்சமடைந்துள்ளனர். (மண்டலம்: ஆவடி),other,Other / General Municipal Operations,ta,ஆவடி,வேளச்சேரி குடியிருப்பு பகுதியில் தெருநாய்களின் தொல்லை அதிகரித்து பொதுமக்கள் அச்சமடைந்துள்ளனர். (மண்டலம்: ஆவடி)
TN-NLP-5143,வேளச்சேரி மெயின் ரோட்டில் மழைநீரால் சாலை முற்றிலும் சேதமடைந்து இருசக்கர வாகன ஓட்டிகளுக்கு பேராபத்தை ஏற்படுத்துகிறது. (மண்டலம்: சென்னை தெற்கு),roads,Road Damage & Potholes,ta,சென்னை தெற்கு,வேளச்சேரி மெயின் ரோட்டில் மழைநீரால் சாலை முற்றிலும் சேதமடைந்து இருசக்கர வாகன ஓட்டிகளுக்கு பேராபத்தை ஏற்படுத்துகிறது. (மண்டலம்: சென்னை தெற்கு)
TN-NLP-5567,கோடம்பாக்கம் தெருவில் கழிவுநீர் குழாய் உடைந்து துர்நாற்றம் வீசுவதுடன் சுகாதார சீர்கேடு ஏற்பட்டுள்ளது. (மண்டலம்: ஆவடி),drainage,Drainage & Sewage Overflow,ta,ஆவடி,கோடம்பாக்கம் தெருவில் கழிவுநீர் குழாய் உடைந்து துர்நாற்றம் வீசுவதுடன் சுகாதார சீர்கேடு ஏற்பட்டுள்ளது. (மண்டலம்: ஆவடி)
TN-NLP-5060,வேளச்சேரி மெயின் ரோட்டில் மழைநீரால் சாலை முற்றிலும் சேதமடைந்து இருசக்கர வாகன ஓட்டிகளுக்கு பேராபத்தை ஏற்படுத்துகிறது. (மண்டலம்: சென்னை வடக்கு),roads,Road Damage & Potholes,ta,சென்னை வடக்கு,வேளச்சேரி மெயின் ரோட்டில் மழைநீரால் சாலை முற்றிலும் சேதமடைந்து இருசக்கர வாகன ஓட்டிகளுக்கு பேராபத்தை ஏற்படுத்துகிறது. (மண்டலம்: சென்னை வடக்கு)
TN-NLP-5786,கோயம்பேடு சந்தை சாலையில் குப்பைத் தொட்டிகள் நிரம்பி வழிந்து சுகாதாரக் கேடு விளைவிக்கிறது. (மண்டலம்: சென்னை மத்திய மண்டலம்),garbage,Garbage & Waste Disposal,ta,சென்னை மத்திய மண்டலம்,கோயம்பேடு சந்தை சாலையில் குப்பைத் தொட்டிகள் நிரம்பி வழிந்து சுகாதாரக் கேடு விளைவிக்கிறது. (மண்டலம்: சென்னை மத்திய மண்டலம்)
TN-NLP-5724,கோயம்பேடு சந்தை சாலையில் குப்பைத் தொட்டிகள் நிரம்பி வழிந்து சுகாதாரக் கேடு விளைவிக்கிறது. (மண்டலம்: சென்னை மத்திய மண்டலம்),garbage,Garbage & Waste Disposal,ta,சென்னை மத்திய மண்டலம்,கோயம்பேடு சந்தை சாலையில் குப்பைத் தொட்டிகள் நிரம்பி வழிந்து சுகாதாரக் கேடு விளைவிக்கிறது. (மண்டலம்: சென்னை மத்திய மண்டலம்)
TN-NLP-6168,அண்ணா நகர் 2வது அவென்யூவில் குடிநீர் குழாய் உடைந்து குடிநீர் வீணாகி வருகிறது. (மண்டலம்: சென்னை வடக்கு),water,Water Supply Contamination / Burst,ta,சென்னை வடக்கு,அண்ணா நகர் 2வது அவென்யூவில் குடிநீர் குழாய் உடைந்து குடிநீர் வீணாகி வருகிறது. (மண்டலம்: சென்னை வடக்கு)
TN-NLP-5661,நுங்கம்பாக்கம் பஸ் நிறுத்தம் அருகில் குப்பைகள் அகற்றப்படாமல் 4 நாட்களாக தேங்கியுள்ளது. (மண்டலம்: சென்னை வடக்கு),garbage,Garbage & Waste Disposal,ta,சென்னை வடக்கு,நுங்கம்பாக்கம் பஸ் நிறுத்தம் அருகில் குப்பைகள் அகற்றப்படாமல் 4 நாட்களாக தேங்கியுள்ளது. (மண்டலம்: சென்னை வடக்கு)
TN-NLP-5484,கோடம்பாக்கம் தெருவில் கழிவுநீர் குழாய் உடைந்து துர்நாற்றம் வீசுவதுடன் சுகாதார சீர்கேடு ஏற்பட்டுள்ளது. (மண்டலம்: தாம்பரம்),drainage,Drainage & Sewage Overflow,ta,தாம்பரம்,கோடம்பாக்கம் தெருவில் கழிவுநீர் குழாய் உடைந்து துர்நாற்றம் வீசுவதுடன் சுகாதார சீர்கேடு ஏற்பட்டுள்ளது. (மண்டலம்: தாம்பரம்)
TN-NLP-6265,பெருங்குடி ஓஎம்ஆர் சாலையில் மின்கம்பத்தில் இருந்து ஆபத்தான முறையில் மின்வயர் தொங்குகிறது. (மண்டலம்: ஆவடி),streetlights,Streetlights & Electrical Hazards,ta,ஆவடி,பெருங்குடி ஓஎம்ஆர் சாலையில் மின்கம்பத்தில் இருந்து ஆபத்தான முறையில் மின்வயர் தொங்குகிறது. (மண்டலம்: ஆவடி)
TN-NLP-5332,கோடம்பாக்கம் தெருவில் கழிவுநீர் குழாய் உடைந்து துர்நாற்றம் வீசுவதுடன் சுகாதார சீர்கேடு ஏற்பட்டுள்ளது. (மண்டலம்: ஆவடி),drainage,Drainage & Sewage Overflow,ta,ஆவடி,கோடம்பாக்கம் தெருவில் கழிவுநீர் குழாய் உடைந்து துர்நாற்றம் வீசுவதுடன் சுகாதார சீர்கேடு ஏற்பட்டுள்ளது. (மண்டலம்: ஆவடி)
TN-NLP-7009,வேளச்சேரி குடியிருப்பு பகுதியில் தெருநாய்களின் தொல்லை அதிகரித்து பொதுமக்கள் அச்சமடைந்துள்ளனர். (மண்டலம்: சென்னை மத்திய மண்டலம்),other,Other / General Municipal Operations,ta,சென்னை மத்திய மண்டலம்,வேளச்சேரி குடியிருப்பு பகுதியில் தெருநாய்களின் தொல்லை அதிகரித்து பொதுமக்கள் அச்சமடைந்துள்ளனர். (மண்டலம்: சென்னை மத்திய மண்டலம்)
TN-NLP-5607,கோயம்பேடு சந்தை சாலையில் குப்பைத் தொட்டிகள் நிரம்பி வழிந்து சுகாதாரக் கேடு விளைவிக்கிறது. (மண்டலம்: தாம்பரம்),garbage,Garbage & Waste Disposal,ta,தாம்பரம்,கோயம்பேடு சந்தை சாலையில் குப்பைத் தொட்டிகள் நிரம்பி வழிந்து சுகாதாரக் கேடு விளைவிக்கிறது. (மண்டலம்: தாம்பரம்)
TN-NLP-6171,அண்ணா நகர் 2வது அவென்யூவில் குடிநீர் குழாய் உடைந்து குடிநீர் வீணாகி வருகிறது. (மண்டலம்: சென்னை வடக்கு),water,Water Supply Contamination / Burst,ta,சென்னை வடக்கு,அண்ணா நகர் 2வது அவென்யூவில் குடிநீர் குழாய் உடைந்து குடிநீர் வீணாகி வருகிறது. (மண்டலம்: சென்னை வடக்கு)
TN-NLP-6072,அண்ணா நகர் 2வது அவென்யூவில் குடிநீர் குழாய் உடைந்து குடிநீர் வீணாகி வருகிறது. (மண்டலம்: தாம்பரம்),water,Water Supply Contamination / Burst,ta,தாம்பரம்,அண்ணா நகர் 2வது அவென்யூவில் குடிநீர் குழாய் உடைந்து குடிநீர் வீணாகி வருகிறது. (மண்டலம்: தாம்பரம்)
TN-NLP-6383,ஜிஎஸ்டி சாலையில் பல தெருவிளக்குகள் எரியாமல் இருள் சூழ்ந்து விபத்து அபாயம் நிலவுகிறது. (மண்டலம்: ஆவடி),streetlights,Streetlights & Electrical Hazards,ta,ஆவடி,ஜிஎஸ்டி சாலையில் பல தெருவிளக்குகள் எரியாமல் இருள் சூழ்ந்து விபத்து அபாயம் நிலவுகிறது. (மண்டலம்: ஆவடி)
TN-NLP-5689,திருவான்மியூர் கடற்கரை சாலையில் கட்டுமானக் கழிவுகள் சட்டவிரோதமாகக் கொட்டப்பட்டுள்ளன. (மண்டலம்: ஆவடி),garbage,Garbage & Waste Disposal,ta,ஆவடி,திருவான்மியூர் கடற்கரை சாலையில் கட்டுமானக் கழிவுகள் சட்டவிரோதமாகக் கொட்டப்பட்டுள்ளன. (மண்டலம்: ஆவடி)
TN-NLP-5907,அண்ணா நகர் 2வது அவென்யூவில் குடிநீர் குழாய் உடைந்து குடிநீர் வீணாகி வருகிறது. (மண்டலம்: சென்னை மத்திய மண்டலம்),water,Water Supply Contamination / Burst,ta,சென்னை மத்திய மண்டலம்,அண்ணா நகர் 2வது அவென்யூவில் குடிநீர் குழாய் உடைந்து குடிநீர் வீணாகி வருகிறது. (மண்டலம்: சென்னை மத்திய மண்டலம்)
TN-NLP-5182,பெருங்குடியில் கடந்த 3 மாதங்களாக சாலைப் பணி அரைகுறையாக விடப்பட்டு பலத்த தூசு மாசுபாடு ஏற்படுகிறது. (மண்டலம்: தாம்பரம்),roads,Road Damage & Potholes,ta,தாம்பரம்,பெருங்குடியில் கடந்த 3 மாதங்களாக சாலைப் பணி அரைகுறையாக விடப்பட்டு பலத்த தூசு மாசுபாடு ஏற்படுகிறது. (மண்டலம்: தாம்பரம்)
TN-NLP-5775,கோயம்பேடு சந்தை சாலையில் குப்பைத் தொட்டிகள் நிரம்பி வழிந்து சுகாதாரக் கேடு விளைவிக்கிறது. (மண்டலம்: சென்னை தெற்கு),garbage,Garbage & Waste Disposal,ta,சென்னை தெற்கு,கோயம்பேடு சந்தை சாலையில் குப்பைத் தொட்டிகள் நிரம்பி வழிந்து சுகாதாரக் கேடு விளைவிக்கிறது. (மண்டலம்: சென்னை தெற்கு)
TN-NLP-6857,தி. நகரில் நள்ளிரவிலும் அதிக சத்தத்துடன் ஒலிபெருக்கி பயன்படுத்துவதால் ஒலி மாசுபாடு ஏற்படுகிறது. (மண்டலம்: தாம்பரம்),other,Other / General Municipal Operations,ta,தாம்பரம்,தி. நகரில் நள்ளிரவிலும் அதிக சத்தத்துடன் ஒலிபெருக்கி பயன்படுத்துவதால் ஒலி மாசுபாடு ஏற்படுகிறது. (மண்டலம்: தாம்பரம்)
TN-NLP-5566,ராயப்பேட்டையில் திறந்தவெளி கழிவுநீர் கால்வாயில் இருந்து சாக்கடை நீர் சாலையில் வழிகிறது. (மண்டலம்: சென்னை வடக்கு),drainage,Drainage & Sewage Overflow,ta,சென்னை வடக்கு,ராயப்பேட்டையில் திறந்தவெளி கழிவுநீர் கால்வாயில் இருந்து சாக்கடை நீர் சாலையில் வழிகிறது. (மண்டலம்: சென்னை வடக்கு)
TN-NLP-5386,ராயப்பேட்டையில் திறந்தவெளி கழிவுநீர் கால்வாயில் இருந்து சாக்கடை நீர் சாலையில் வழிகிறது. (மண்டலம்: தாம்பரம்),drainage,Drainage & Sewage Overflow,ta,தாம்பரம்,ராயப்பேட்டையில் திறந்தவெளி கழிவுநீர் கால்வாயில் இருந்து சாக்கடை நீர் சாலையில் வழிகிறது. (மண்டலம்: தாம்பரம்)
TN-NLP-6856,வேளச்சேரி குடியிருப்பு பகுதியில் தெருநாய்களின் தொல்லை அதிகரித்து பொதுமக்கள் அச்சமடைந்துள்ளனர். (மண்டலம்: சென்னை மத்திய மண்டலம்),other,Other / General Municipal Operations,ta,சென்னை மத்திய மண்டலம்,வேளச்சேரி குடியிருப்பு பகுதியில் தெருநாய்களின் தொல்லை அதிகரித்து பொதுமக்கள் அச்சமடைந்துள்ளனர். (மண்டலம்: சென்னை மத்திய மண்டலம்)
TN-NLP-6077,அண்ணா நகர் 2வது அவென்யூவில் குடிநீர் குழாய் உடைந்து குடிநீர் வீணாகி வருகிறது. (மண்டலம்: சென்னை மத்திய மண்டலம்),water,Water Supply Contamination / Burst,ta,சென்னை மத்திய மண்டலம்,அண்ணா நகர் 2வது அவென்யூவில் குடிநீர் குழாய் உடைந்து குடிநீர் வீணாகி வருகிறது. (மண்டலம்: சென்னை மத்திய மண்டலம்)
TN-NLP-5262,தி. நகர் உஸ்மான் சாலை சந்திப்பில் தார் தளம் அடித்துச் செல்லப்பட்டு பெரிய குழி உருவாகியுள்ளது. (மண்டலம்: தாம்பரம்),roads,Road Damage & Potholes,ta,தாம்பரம்,தி. நகர் உஸ்மான் சாலை சந்திப்பில் தார் தளம் அடித்துச் செல்லப்பட்டு பெரிய குழி உருவாகியுள்ளது. (மண்டலம்: தாம்பரம்)
TN-NLP-6064,அண்ணா நகர் 2வது அவென்யூவில் குடிநீர் குழாய் உடைந்து குடிநீர் வீணாகி வருகிறது. (மண்டலம்: சென்னை தெற்கு),water,Water Supply Contamination / Burst,ta,சென்னை தெற்கு,அண்ணா நகர் 2வது அவென்யூவில் குடிநீர் குழாய் உடைந்து குடிநீர் வீணாகி வருகிறது. (மண்டலம்: சென்னை தெற்கு)
TN-NLP-5922,அண்ணா நகர் 2வது அவென்யூவில் குடிநீர் குழாய் உடைந்து குடிநீர் வீணாகி வருகிறது. (மண்டலம்: ஆவடி),water,Water Supply Contamination / Burst,ta,ஆவடி,அண்ணா நகர் 2வது அவென்யூவில் குடிநீர் குழாய் உடைந்து குடிநீர் வீணாகி வருகிறது. (மண்டலம்: ஆவடி)
TN-NLP-6613,சிந்தாதிரிப்பேட்டை கூவம் நதி பாலத்தின் சிமெண்ட் கைப்பிடி சுவர் உடைந்து அபாயகரமாக உள்ளது. (மண்டலம்: தாம்பரம்),infrastructure,Public Infrastructure Damage,ta,தாம்பரம்,சிந்தாதிரிப்பேட்டை கூவம் நதி பாலத்தின் சிமெண்ட் கைப்பிடி சுவர் உடைந்து அபாயகரமாக உள்ளது. (மண்டலம்: தாம்பரம்)
TN-NLP-6318,பெருங்குடி ஓஎம்ஆர் சாலையில் மின்கம்பத்தில் இருந்து ஆபத்தான முறையில் மின்வயர் தொங்குகிறது. (மண்டலம்: ஆவடி),streetlights,Streetlights & Electrical Hazards,ta,ஆவடி,பெருங்குடி ஓஎம்ஆர் சாலையில் மின்கம்பத்தில் இருந்து ஆபத்தான முறையில் மின்வயர் தொங்குகிறது. (மண்டலம்: ஆவடி)
TN-NLP-6485,ஜிஎஸ்டி சாலையில் பல தெருவிளக்குகள் எரியாமல் இருள் சூழ்ந்து விபத்து அபாயம் நிலவுகிறது. (மண்டலம்: சென்னை வடக்கு),streetlights,Streetlights & Electrical Hazards,ta,சென்னை வடக்கு,ஜிஎஸ்டி சாலையில் பல தெருவிளக்குகள் எரியாமல் இருள் சூழ்ந்து விபத்து அபாயம் நிலவுகிறது. (மண்டலம்: சென்னை வடக்கு)
TN-NLP-6824,வேளச்சேரி குடியிருப்பு பகுதியில் தெருநாய்களின் தொல்லை அதிகரித்து பொதுமக்கள் அச்சமடைந்துள்ளனர். (மண்டலம்: ஆவடி),other,Other / General Municipal Operations,ta,ஆவடி,வேளச்சேரி குடியிருப்பு பகுதியில் தெருநாய்களின் தொல்லை அதிகரித்து பொதுமக்கள் அச்சமடைந்துள்ளனர். (மண்டலம்: ஆவடி)
TN-NLP-6014,திருவல்லிக்கேணி தெருவில் கடந்த 48 மணி நேரமாக குடிநீர் விநியோகம் முற்றிலும் நிறுத்தப்பட்டுள்ளது. (மண்டலம்: தாம்பரம்),water,Water Supply Contamination / Burst,ta,தாம்பரம்,திருவல்லிக்கேணி தெருவில் கடந்த 48 மணி நேரமாக குடிநீர் விநியோகம் முற்றிலும் நிறுத்தப்பட்டுள்ளது. (மண்டலம்: தாம்பரம்)
TN-NLP-6338,பெருங்குடி ஓஎம்ஆர் சாலையில் மின்கம்பத்தில் இருந்து ஆபத்தான முறையில் மின்வயர் தொங்குகிறது. (மண்டலம்: ஆவடி),streetlights,Streetlights & Electrical Hazards,ta,ஆவடி,பெருங்குடி ஓஎம்ஆர் சாலையில் மின்கம்பத்தில் இருந்து ஆபத்தான முறையில் மின்வயர் தொங்குகிறது. (மண்டலம்: ஆவடி)
TN-NLP-5977,திருவல்லிக்கேணி தெருவில் கடந்த 48 மணி நேரமாக குடிநீர் விநியோகம் முற்றிலும் நிறுத்தப்பட்டுள்ளது. (மண்டலம்: சென்னை மத்திய மண்டலம்),water,Water Supply Contamination / Burst,ta,சென்னை மத்திய மண்டலம்,திருவல்லிக்கேணி தெருவில் கடந்த 48 மணி நேரமாக குடிநீர் விநியோகம் முற்றிலும் நிறுத்தப்பட்டுள்ளது. (மண்டலம்: சென்னை மத்திய மண்டலம்)
TN-NLP-5618,திருவான்மியூர் கடற்கரை சாலையில் கட்டுமானக் கழிவுகள் சட்டவிரோதமாகக் கொட்டப்பட்டுள்ளன. (மண்டலம்: சென்னை மத்திய மண்டலம்),garbage,Garbage & Waste Disposal,ta,சென்னை மத்திய மண்டலம்,திருவான்மியூர் கடற்கரை சாலையில் கட்டுமானக் கழிவுகள் சட்டவிரோதமாகக் கொட்டப்பட்டுள்ளன. (மண்டலம்: சென்னை மத்திய மண்டலம்)
TN-NLP-6948,வேளச்சேரி குடியிருப்பு பகுதியில் தெருநாய்களின் தொல்லை அதிகரித்து பொதுமக்கள் அச்சமடைந்துள்ளனர். (மண்டலம்: ஆவடி),other,Other / General Municipal Operations,ta,ஆவடி,வேளச்சேரி குடியிருப்பு பகுதியில் தெருநாய்களின் தொல்லை அதிகரித்து பொதுமக்கள் அச்சமடைந்துள்ளனர். (மண்டலம்: ஆவடி)
TN-NLP-7088,வேளச்சேரி குடியிருப்பு பகுதியில் தெருநாய்களின் தொல்லை அதிகரித்து பொதுமக்கள் அச்சமடைந்துள்ளனர். (மண்டலம்: சென்னை மத்திய மண்டலம்),other,Other / General Municipal Operations,ta,சென்னை மத்திய மண்டலம்,வேளச்சேரி குடியிருப்பு பகுதியில் தெருநாய்களின் தொல்லை அதிகரித்து பொதுமக்கள் அச்சமடைந்துள்ளனர். (மண்டலம்: சென்னை மத்திய மண்டலம்)
TN-NLP-6149,பெசன்ட் நகரில் விநியோகிக்கப்படும் குடிநீரில் துர்நாற்றமும் கலங்கலான நிறமும் உள்ளது. (மண்டலம்: தாம்பரம்),water,Water Supply Contamination / Burst,ta,தாம்பரம்,பெசன்ட் நகரில் விநியோகிக்கப்படும் குடிநீரில் துர்நாற்றமும் கலங்கலான நிறமும் உள்ளது. (மண்டலம்: தாம்பரம்)
TN-NLP-5168,அண்ணா சாலையில் உள்ள பெரும் பள்ளத்தால் போக்குவரத்து நெரிசல் மற்றும் விபத்துக்கள் ஏற்படுகிறது. (மண்டலம்: சென்னை வடக்கு),roads,Road Damage & Potholes,ta,சென்னை வடக்கு,அண்ணா சாலையில் உள்ள பெரும் பள்ளத்தால் போக்குவரத்து நெரிசல் மற்றும் விபத்துக்கள் ஏற்படுகிறது. (மண்டலம்: சென்னை வடக்கு)
TN-NLP-6638,கோயம்பேடு மேம்பாலம் அருகில் உள்ள நகராட்சி பேருந்து நிழற்கூரை சேதமடைந்துள்ளது. (மண்டலம்: தாம்பரம்),infrastructure,Public Infrastructure Damage,ta,தாம்பரம்,கோயம்பேடு மேம்பாலம் அருகில் உள்ள நகராட்சி பேருந்து நிழற்கூரை சேதமடைந்துள்ளது. (மண்டலம்: தாம்பரம்)
TN-NLP-6952,தி. நகரில் நள்ளிரவிலும் அதிக சத்தத்துடன் ஒலிபெருக்கி பயன்படுத்துவதால் ஒலி மாசுபாடு ஏற்படுகிறது. (மண்டலம்: தாம்பரம்),other,Other / General Municipal Operations,ta,தாம்பரம்,தி. நகரில் நள்ளிரவிலும் அதிக சத்தத்துடன் ஒலிபெருக்கி பயன்படுத்துவதால் ஒலி மாசுபாடு ஏற்படுகிறது. (மண்டலம்: தாம்பரம்)
TN-NLP-6227,பெருங்குடி ஓஎம்ஆர் சாலையில் மின்கம்பத்தில் இருந்து ஆபத்தான முறையில் மின்வயர் தொங்குகிறது. (மண்டலம்: சென்னை வடக்கு),streetlights,Streetlights & Electrical Hazards,ta,சென்னை வடக்கு,பெருங்குடி ஓஎம்ஆர் சாலையில் மின்கம்பத்தில் இருந்து ஆபத்தான முறையில் மின்வயர் தொங்குகிறது. (மண்டலம்: சென்னை வடக்கு)
TN-NLP-6147,அண்ணா நகர் 2வது அவென்யூவில் குடிநீர் குழாய் உடைந்து குடிநீர் வீணாகி வருகிறது. (மண்டலம்: சென்னை தெற்கு),water,Water Supply Contamination / Burst,ta,சென்னை தெற்கு,அண்ணா நகர் 2வது அவென்யூவில் குடிநீர் குழாய் உடைந்து குடிநீர் வீணாகி வருகிறது. (மண்டலம்: சென்னை தெற்கு)
TN-NLP-6362,ஜிஎஸ்டி சாலையில் பல தெருவிளக்குகள் எரியாமல் இருள் சூழ்ந்து விபத்து அபாயம் நிலவுகிறது. (மண்டலம்: சென்னை வடக்கு),streetlights,Streetlights & Electrical Hazards,ta,சென்னை வடக்கு,ஜிஎஸ்டி சாலையில் பல தெருவிளக்குகள் எரியாமல் இருள் சூழ்ந்து விபத்து அபாயம் நிலவுகிறது. (மண்டலம்: சென்னை வடக்கு)
TN-NLP-6079,பெசன்ட் நகரில் விநியோகிக்கப்படும் குடிநீரில் துர்நாற்றமும் கலங்கலான நிறமும் உள்ளது. (மண்டலம்: தாம்பரம்),water,Water Supply Contamination / Burst,ta,தாம்பரம்,பெசன்ட் நகரில் விநியோகிக்கப்படும் குடிநீரில் துர்நாற்றமும் கலங்கலான நிறமும் உள்ளது. (மண்டலம்: தாம்பரம்)
TN-NLP-6942,வேளச்சேரி குடியிருப்பு பகுதியில் தெருநாய்களின் தொல்லை அதிகரித்து பொதுமக்கள் அச்சமடைந்துள்ளனர். (மண்டலம்: சென்னை தெற்கு),other,Other / General Municipal Operations,ta,சென்னை தெற்கு,வேளச்சேரி குடியிருப்பு பகுதியில் தெருநாய்களின் தொல்லை அதிகரித்து பொதுமக்கள் அச்சமடைந்துள்ளனர். (மண்டலம்: சென்னை தெற்கு)
TN-NLP-7021,தி. நகரில் நள்ளிரவிலும் அதிக சத்தத்துடன் ஒலிபெருக்கி பயன்படுத்துவதால் ஒலி மாசுபாடு ஏற்படுகிறது. (மண்டலம்: சென்னை தெற்கு),other,Other / General Municipal Operations,ta,சென்னை தெற்கு,தி. நகரில் நள்ளிரவிலும் அதிக சத்தத்துடன் ஒலிபெருக்கி பயன்படுத்துவதால் ஒலி மாசுபாடு ஏற்படுகிறது. (மண்டலம்: சென்னை தெற்கு)
TN-NLP-5247,அண்ணா சாலையில் உள்ள பெரும் பள்ளத்தால் போக்குவரத்து நெரிசல் மற்றும் விபத்துக்கள் ஏற்படுகிறது. (மண்டலம்: ஆவடி),roads,Road Damage & Potholes,ta,ஆவடி,அண்ணா சாலையில் உள்ள பெரும் பள்ளத்தால் போக்குவரத்து நெரிசல் மற்றும் விபத்துக்கள் ஏற்படுகிறது. (மண்டலம்: ஆவடி)
TN-NLP-6655,சிந்தாதிரிப்பேட்டை கூவம் நதி பாலத்தின் சிமெண்ட் கைப்பிடி சுவர் உடைந்து அபாயகரமாக உள்ளது. (மண்டலம்: ஆவடி),infrastructure,Public Infrastructure Damage,ta,ஆவடி,சிந்தாதிரிப்பேட்டை கூவம் நதி பாலத்தின் சிமெண்ட் கைப்பிடி சுவர் உடைந்து அபாயகரமாக உள்ளது. (மண்டலம்: ஆவடி)
TN-NLP-6944,வேளச்சேரி குடியிருப்பு பகுதியில் தெருநாய்களின் தொல்லை அதிகரித்து பொதுமக்கள் அச்சமடைந்துள்ளனர். (மண்டலம்: சென்னை வடக்கு),other,Other / General Municipal Operations,ta,சென்னை வடக்கு,வேளச்சேரி குடியிருப்பு பகுதியில் தெருநாய்களின் தொல்லை அதிகரித்து பொதுமக்கள் அச்சமடைந்துள்ளனர். (மண்டலம்: சென்னை வடக்கு)
TN-NLP-6565,கோயம்பேடு மேம்பாலம் அருகில் உள்ள நகராட்சி பேருந்து நிழற்கூரை சேதமடைந்துள்ளது. (மண்டலம்: சென்னை தெற்கு),infrastructure,Public Infrastructure Damage,ta,சென்னை தெற்கு,கோயம்பேடு மேம்பாலம் அருகில் உள்ள நகராட்சி பேருந்து நிழற்கூரை சேதமடைந்துள்ளது. (மண்டலம்: சென்னை தெற்கு)
TN-NLP-6225,பெருங்குடி ஓஎம்ஆர் சாலையில் மின்கம்பத்தில் இருந்து ஆபத்தான முறையில் மின்வயர் தொங்குகிறது. (மண்டலம்: சென்னை வடக்கு),streetlights,Streetlights & Electrical Hazards,ta,சென்னை வடக்கு,பெருங்குடி ஓஎம்ஆர் சாலையில் மின்கம்பத்தில் இருந்து ஆபத்தான முறையில் மின்வயர் தொங்குகிறது. (மண்டலம்: சென்னை வடக்கு)
TN-NLP-6096,திருவல்லிக்கேணி தெருவில் கடந்த 48 மணி நேரமாக குடிநீர் விநியோகம் முற்றிலும் நிறுத்தப்பட்டுள்ளது. (மண்டலம்: சென்னை மத்திய மண்டலம்),water,Water Supply Contamination / Burst,ta,சென்னை மத்திய மண்டலம்,திருவல்லிக்கேணி தெருவில் கடந்த 48 மணி நேரமாக குடிநீர் விநியோகம் முற்றிலும் நிறுத்தப்பட்டுள்ளது. (மண்டலம்: சென்னை மத்திய மண்டலம்)
TN-NLP-6317,ஜிஎஸ்டி சாலையில் பல தெருவிளக்குகள் எரியாமல் இருள் சூழ்ந்து விபத்து அபாயம் நிலவுகிறது. (மண்டலம்: சென்னை வடக்கு),streetlights,Streetlights & Electrical Hazards,ta,சென்னை வடக்கு,ஜிஎஸ்டி சாலையில் பல தெருவிளக்குகள் எரியாமல் இருள் சூழ்ந்து விபத்து அபாயம் நிலவுகிறது. (மண்டலம்: சென்னை வடக்கு)
TN-NLP-6765,கோயம்பேடு மேம்பாலம் அருகில் உள்ள நகராட்சி பேருந்து நிழற்கூரை சேதமடைந்துள்ளது. (மண்டலம்: சென்னை தெற்கு),infrastructure,Public Infrastructure Damage,ta,சென்னை தெற்கு,கோயம்பேடு மேம்பாலம் அருகில் உள்ள நகராட்சி பேருந்து நிழற்கூரை சேதமடைந்துள்ளது. (மண்டலம்: சென்னை தெற்கு)
TN-NLP-6375,பெருங்குடி ஓஎம்ஆர் சாலையில் மின்கம்பத்தில் இருந்து ஆபத்தான முறையில் மின்வயர் தொங்குகிறது. (மண்டலம்: ஆவடி),streetlights,Streetlights & Electrical Hazards,ta,ஆவடி,பெருங்குடி ஓஎம்ஆர் சாலையில் மின்கம்பத்தில் இருந்து ஆபத்தான முறையில் மின்வயர் தொங்குகிறது. (மண்டலம்: ஆவடி)
TN-NLP-6555,சிந்தாதிரிப்பேட்டை கூவம் நதி பாலத்தின் சிமெண்ட் கைப்பிடி சுவர் உடைந்து அபாயகரமாக உள்ளது. (மண்டலம்: தாம்பரம்),infrastructure,Public Infrastructure Damage,ta,தாம்பரம்,சிந்தாதிரிப்பேட்டை கூவம் நதி பாலத்தின் சிமெண்ட் கைப்பிடி சுவர் உடைந்து அபாயகரமாக உள்ளது. (மண்டலம்: தாம்பரம்)
TN-NLP-6410,பெருங்குடி ஓஎம்ஆர் சாலையில் மின்கம்பத்தில் இருந்து ஆபத்தான முறையில் மின்வயர் தொங்குகிறது. (மண்டலம்: தாம்பரம்),streetlights,Streetlights & Electrical Hazards,ta,தாம்பரம்,பெருங்குடி ஓஎம்ஆர் சாலையில் மின்கம்பத்தில் இருந்து ஆபத்தான முறையில் மின்வயர் தொங்குகிறது. (மண்டலம்: தாம்பரம்)
TN-NLP-6997,வேளச்சேரி குடியிருப்பு பகுதியில் தெருநாய்களின் தொல்லை அதிகரித்து பொதுமக்கள் அச்சமடைந்துள்ளனர். (மண்டலம்: தாம்பரம்),other,Other / General Municipal Operations,ta,தாம்பரம்,வேளச்சேரி குடியிருப்பு பகுதியில் தெருநாய்களின் தொல்லை அதிகரித்து பொதுமக்கள் அச்சமடைந்துள்ளனர். (மண்டலம்: தாம்பரம்)
TN-NLP-5967,பெசன்ட் நகரில் விநியோகிக்கப்படும் குடிநீரில் துர்நாற்றமும் கலங்கலான நிறமும் உள்ளது. (மண்டலம்: ஆவடி),water,Water Supply Contamination / Burst,ta,ஆவடி,பெசன்ட் நகரில் விநியோகிக்கப்படும் குடிநீரில் துர்நாற்றமும் கலங்கலான நிறமும் உள்ளது. (மண்டலம்: ஆவடி)
TN-NLP-6673,சிந்தாதிரிப்பேட்டை கூவம் நதி பாலத்தின் சிமெண்ட் கைப்பிடி சுவர் உடைந்து அபாயகரமாக உள்ளது. (மண்டலம்: சென்னை மத்திய மண்டலம்),infrastructure,Public Infrastructure Damage,ta,சென்னை மத்திய மண்டலம்,சிந்தாதிரிப்பேட்டை கூவம் நதி பாலத்தின் சிமெண்ட் கைப்பிடி சுவர் உடைந்து அபாயகரமாக உள்ளது. (மண்டலம்: சென்னை மத்திய மண்டலம்)
TN-NLP-5316,அசோக் நகர் 4வது அவென்யூவில் மழைநீர் வடிகால் அடைப்பால் வீடுகளுக்குள் தண்ணீர் புகுந்துள்ளது. (மண்டலம்: தாம்பரம்),drainage,Drainage & Sewage Overflow,ta,தாம்பரம்,அசோக் நகர் 4வது அவென்யூவில் மழைநீர் வடிகால் அடைப்பால் வீடுகளுக்குள் தண்ணீர் புகுந்துள்ளது. (மண்டலம்: தாம்பரம்)
TN-NLP-5200,வேளச்சேரி மெயின் ரோட்டில் மழைநீரால் சாலை முற்றிலும் சேதமடைந்து இருசக்கர வாகன ஓட்டிகளுக்கு பேராபத்தை ஏற்படுத்துகிறது. (மண்டலம்: சென்னை தெற்கு),roads,Road Damage & Potholes,ta,சென்னை தெற்கு,வேளச்சேரி மெயின் ரோட்டில் மழைநீரால் சாலை முற்றிலும் சேதமடைந்து இருசக்கர வாகன ஓட்டிகளுக்கு பேராபத்தை ஏற்படுத்துகிறது. (மண்டலம்: சென்னை தெற்கு)
TN-NLP-6620,கோயம்பேடு மேம்பாலம் அருகில் உள்ள நகராட்சி பேருந்து நிழற்கூரை சேதமடைந்துள்ளது. (மண்டலம்: ஆவடி),infrastructure,Public Infrastructure Damage,ta,ஆவடி,கோயம்பேடு மேம்பாலம் அருகில் உள்ள நகராட்சி பேருந்து நிழற்கூரை சேதமடைந்துள்ளது. (மண்டலம்: ஆவடி)
TN-NLP-6133,திருவல்லிக்கேணி தெருவில் கடந்த 48 மணி நேரமாக குடிநீர் விநியோகம் முற்றிலும் நிறுத்தப்பட்டுள்ளது. (மண்டலம்: சென்னை மத்திய மண்டலம்),water,Water Supply Contamination / Burst,ta,சென்னை மத்திய மண்டலம்,திருவல்லிக்கேணி தெருவில் கடந்த 48 மணி நேரமாக குடிநீர் விநியோகம் முற்றிலும் நிறுத்தப்பட்டுள்ளது. (மண்டலம்: சென்னை மத்திய மண்டலம்)
TN-NLP-6886,வேளச்சேரி குடியிருப்பு பகுதியில் தெருநாய்களின் தொல்லை அதிகரித்து பொதுமக்கள் அச்சமடைந்துள்ளனர். (மண்டலம்: சென்னை தெற்கு),other,Other / General Municipal Operations,ta,சென்னை தெற்கு,வேளச்சேரி குடியிருப்பு பகுதியில் தெருநாய்களின் தொல்லை அதிகரித்து பொதுமக்கள் அச்சமடைந்துள்ளனர். (மண்டலம்: சென்னை தெற்கு)
TN-NLP-5250,அண்ணா சாலையில் உள்ள பெரும் பள்ளத்தால் போக்குவரத்து நெரிசல் மற்றும் விபத்துக்கள் ஏற்படுகிறது. (மண்டலம்: ஆவடி),roads,Road Damage & Potholes,ta,ஆவடி,அண்ணா சாலையில் உள்ள பெரும் பள்ளத்தால் போக்குவரத்து நெரிசல் மற்றும் விபத்துக்கள் ஏற்படுகிறது. (மண்டலம்: ஆவடி)
TN-NLP-5144,வேளச்சேரி மெயின் ரோட்டில் மழைநீரால் சாலை முற்றிலும் சேதமடைந்து இருசக்கர வாகன ஓட்டிகளுக்கு பேராபத்தை ஏற்படுத்துகிறது. (மண்டலம்: ஆவடி),roads,Road Damage & Potholes,ta,ஆவடி,வேளச்சேரி மெயின் ரோட்டில் மழைநீரால் சாலை முற்றிலும் சேதமடைந்து இருசக்கர வாகன ஓட்டிகளுக்கு பேராபத்தை ஏற்படுத்துகிறது. (மண்டலம்: ஆவடி)
TN-NLP-5027,தி. நகர் உஸ்மான் சாலை சந்திப்பில் தார் தளம் அடித்துச் செல்லப்பட்டு பெரிய குழி உருவாகியுள்ளது. (மண்டலம்: சென்னை மத்திய மண்டலம்),roads,Road Damage & Potholes,ta,சென்னை மத்திய மண்டலம்,தி. நகர் உஸ்மான் சாலை சந்திப்பில் தார் தளம் அடித்துச் செல்லப்பட்டு பெரிய குழி உருவாகியுள்ளது. (மண்டலம்: சென்னை மத்திய மண்டலம்)
TN-NLP-5585,அசோக் நகர் 4வது அவென்யூவில் மழைநீர் வடிகால் அடைப்பால் வீடுகளுக்குள் தண்ணீர் புகுந்துள்ளது. (மண்டலம்: சென்னை மத்திய மண்டலம்),drainage,Drainage & Sewage Overflow,ta,சென்னை மத்திய மண்டலம்,அசோக் நகர் 4வது அவென்யூவில் மழைநீர் வடிகால் அடைப்பால் வீடுகளுக்குள் தண்ணீர் புகுந்துள்ளது. (மண்டலம்: சென்னை மத்திய மண்டலம்)
TN-NLP-5868,திருவான்மியூர் கடற்கரை சாலையில் கட்டுமானக் கழிவுகள் சட்டவிரோதமாகக் கொட்டப்பட்டுள்ளன. (மண்டலம்: தாம்பரம்),garbage,Garbage & Waste Disposal,ta,தாம்பரம்,திருவான்மியூர் கடற்கரை சாலையில் கட்டுமானக் கழிவுகள் சட்டவிரோதமாகக் கொட்டப்பட்டுள்ளன. (மண்டலம்: தாம்பரம்)
TN-NLP-6828,தி. நகரில் நள்ளிரவிலும் அதிக சத்தத்துடன் ஒலிபெருக்கி பயன்படுத்துவதால் ஒலி மாசுபாடு ஏற்படுகிறது. (மண்டலம்: தாம்பரம்),other,Other / General Municipal Operations,ta,தாம்பரம்,தி. நகரில் நள்ளிரவிலும் அதிக சத்தத்துடன் ஒலிபெருக்கி பயன்படுத்துவதால் ஒலி மாசுபாடு ஏற்படுகிறது. (மண்டலம்: தாம்பரம்)
TN-NLP-5017,பெருங்குடியில் கடந்த 3 மாதங்களாக சாலைப் பணி அரைகுறையாக விடப்பட்டு பலத்த தூசு மாசுபாடு ஏற்படுகிறது. (மண்டலம்: தாம்பரம்),roads,Road Damage & Potholes,ta,தாம்பரம்,பெருங்குடியில் கடந்த 3 மாதங்களாக சாலைப் பணி அரைகுறையாக விடப்பட்டு பலத்த தூசு மாசுபாடு ஏற்படுகிறது. (மண்டலம்: தாம்பரம்)
TN-NLP-5771,திருவான்மியூர் கடற்கரை சாலையில் கட்டுமானக் கழிவுகள் சட்டவிரோதமாகக் கொட்டப்பட்டுள்ளன. (மண்டலம்: சென்னை தெற்கு),garbage,Garbage & Waste Disposal,ta,சென்னை தெற்கு,திருவான்மியூர் கடற்கரை சாலையில் கட்டுமானக் கழிவுகள் சட்டவிரோதமாகக் கொட்டப்பட்டுள்ளன. (மண்டலம்: சென்னை தெற்கு)
TN-NLP-6955,தி. நகரில் நள்ளிரவிலும் அதிக சத்தத்துடன் ஒலிபெருக்கி பயன்படுத்துவதால் ஒலி மாசுபாடு ஏற்படுகிறது. (மண்டலம்: சென்னை வடக்கு),other,Other / General Municipal Operations,ta,சென்னை வடக்கு,தி. நகரில் நள்ளிரவிலும் அதிக சத்தத்துடன் ஒலிபெருக்கி பயன்படுத்துவதால் ஒலி மாசுபாடு ஏற்படுகிறது. (மண்டலம்: சென்னை வடக்கு)
TN-NLP-5910,அண்ணா நகர் 2வது அவென்யூவில் குடிநீர் குழாய் உடைந்து குடிநீர் வீணாகி வருகிறது. (மண்டலம்: சென்னை வடக்கு),water,Water Supply Contamination / Burst,ta,சென்னை வடக்கு,அண்ணா நகர் 2வது அவென்யூவில் குடிநீர் குழாய் உடைந்து குடிநீர் வீணாகி வருகிறது. (மண்டலம்: சென்னை வடக்கு)
TN-NLP-6350,பெருங்குடி ஓஎம்ஆர் சாலையில் மின்கம்பத்தில் இருந்து ஆபத்தான முறையில் மின்வயர் தொங்குகிறது. (மண்டலம்: சென்னை மத்திய மண்டலம்),streetlights,Streetlights & Electrical Hazards,ta,சென்னை மத்திய மண்டலம்,பெருங்குடி ஓஎம்ஆர் சாலையில் மின்கம்பத்தில் இருந்து ஆபத்தான முறையில் மின்வயர் தொங்குகிறது. (மண்டலம்: சென்னை மத்திய மண்டலம்)
TN-NLP-5098,வேளச்சேரி மெயின் ரோட்டில் மழைநீரால் சாலை முற்றிலும் சேதமடைந்து இருசக்கர வாகன ஓட்டிகளுக்கு பேராபத்தை ஏற்படுத்துகிறது. (மண்டலம்: சென்னை மத்திய மண்டலம்),roads,Road Damage & Potholes,ta,சென்னை மத்திய மண்டலம்,வேளச்சேரி மெயின் ரோட்டில் மழைநீரால் சாலை முற்றிலும் சேதமடைந்து இருசக்கர வாகன ஓட்டிகளுக்கு பேராபத்தை ஏற்படுத்துகிறது. (மண்டலம்: சென்னை மத்திய மண்டலம்)
TN-NLP-7018,தி. நகரில் நள்ளிரவிலும் அதிக சத்தத்துடன் ஒலிபெருக்கி பயன்படுத்துவதால் ஒலி மாசுபாடு ஏற்படுகிறது. (மண்டலம்: சென்னை தெற்கு),other,Other / General Municipal Operations,ta,சென்னை தெற்கு,தி. நகரில் நள்ளிரவிலும் அதிக சத்தத்துடன் ஒலிபெருக்கி பயன்படுத்துவதால் ஒலி மாசுபாடு ஏற்படுகிறது. (மண்டலம்: சென்னை தெற்கு)
TN-NLP-6736,கோயம்பேடு மேம்பாலம் அருகில் உள்ள நகராட்சி பேருந்து நிழற்கூரை சேதமடைந்துள்ளது. (மண்டலம்: சென்னை வடக்கு),infrastructure,Public Infrastructure Damage,ta,சென்னை வடக்கு,கோயம்பேடு மேம்பாலம் அருகில் உள்ள நகராட்சி பேருந்து நிழற்கூரை சேதமடைந்துள்ளது. (மண்டலம்: சென்னை வடக்கு)
TN-NLP-5055,தி. நகர் உஸ்மான் சாலை சந்திப்பில் தார் தளம் அடித்துச் செல்லப்பட்டு பெரிய குழி உருவாகியுள்ளது. (மண்டலம்: சென்னை வடக்கு),roads,Road Damage & Potholes,ta,சென்னை வடக்கு,தி. நகர் உஸ்மான் சாலை சந்திப்பில் தார் தளம் அடித்துச் செல்லப்பட்டு பெரிய குழி உருவாகியுள்ளது. (மண்டலம்: சென்னை வடக்கு)
TN-NLP-6816,தி. நகரில் நள்ளிரவிலும் அதிக சத்தத்துடன் ஒலிபெருக்கி பயன்படுத்துவதால் ஒலி மாசுபாடு ஏற்படுகிறது. (மண்டலம்: சென்னை மத்திய மண்டலம்),other,Other / General Municipal Operations,ta,சென்னை மத்திய மண்டலம்,தி. நகரில் நள்ளிரவிலும் அதிக சத்தத்துடன் ஒலிபெருக்கி பயன்படுத்துவதால் ஒலி மாசுபாடு ஏற்படுகிறது. (மண்டலம்: சென்னை மத்திய மண்டலம்)
TN-NLP-6875,வேளச்சேரி குடியிருப்பு பகுதியில் தெருநாய்களின் தொல்லை அதிகரித்து பொதுமக்கள் அச்சமடைந்துள்ளனர். (மண்டலம்: தாம்பரம்),other,Other / General Municipal Operations,ta,தாம்பரம்,வேளச்சேரி குடியிருப்பு பகுதியில் தெருநாய்களின் தொல்லை அதிகரித்து பொதுமக்கள் அச்சமடைந்துள்ளனர். (மண்டலம்: தாம்பரம்)
TN-NLP-5574,கோடம்பாக்கம் தெருவில் கழிவுநீர் குழாய் உடைந்து துர்நாற்றம் வீசுவதுடன் சுகாதார சீர்கேடு ஏற்பட்டுள்ளது. (மண்டலம்: தாம்பரம்),drainage,Drainage & Sewage Overflow,ta,தாம்பரம்,கோடம்பாக்கம் தெருவில் கழிவுநீர் குழாய் உடைந்து துர்நாற்றம் வீசுவதுடன் சுகாதார சீர்கேடு ஏற்பட்டுள்ளது. (மண்டலம்: தாம்பரம்)
TN-NLP-6889,தி. நகரில் நள்ளிரவிலும் அதிக சத்தத்துடன் ஒலிபெருக்கி பயன்படுத்துவதால் ஒலி மாசுபாடு ஏற்படுகிறது. (மண்டலம்: சென்னை தெற்கு),other,Other / General Municipal Operations,ta,சென்னை தெற்கு,தி. நகரில் நள்ளிரவிலும் அதிக சத்தத்துடன் ஒலிபெருக்கி பயன்படுத்துவதால் ஒலி மாசுபாடு ஏற்படுகிறது. (மண்டலம்: சென்னை தெற்கு)
TN-NLP-5896,திருவான்மியூர் கடற்கரை சாலையில் கட்டுமானக் கழிவுகள் சட்டவிரோதமாகக் கொட்டப்பட்டுள்ளன. (மண்டலம்: ஆவடி),garbage,Garbage & Waste Disposal,ta,ஆவடி,திருவான்மியூர் கடற்கரை சாலையில் கட்டுமானக் கழிவுகள் சட்டவிரோதமாகக் கொட்டப்பட்டுள்ளன. (மண்டலம்: ஆவடி)
TN-NLP-6519,சிந்தாதிரிப்பேட்டை கூவம் நதி பாலத்தின் சிமெண்ட் கைப்பிடி சுவர் உடைந்து அபாயகரமாக உள்ளது. (மண்டலம்: தாம்பரம்),infrastructure,Public Infrastructure Damage,ta,தாம்பரம்,சிந்தாதிரிப்பேட்டை கூவம் நதி பாலத்தின் சிமெண்ட் கைப்பிடி சுவர் உடைந்து அபாயகரமாக உள்ளது. (மண்டலம்: தாம்பரம்)
TN-NLP-6313,ஜிஎஸ்டி சாலையில் பல தெருவிளக்குகள் எரியாமல் இருள் சூழ்ந்து விபத்து அபாயம் நிலவுகிறது. (மண்டலம்: சென்னை வடக்கு),streetlights,Streetlights & Electrical Hazards,ta,சென்னை வடக்கு,ஜிஎஸ்டி சாலையில் பல தெருவிளக்குகள் எரியாமல் இருள் சூழ்ந்து விபத்து அபாயம் நிலவுகிறது. (மண்டலம்: சென்னை வடக்கு)
TN-NLP-6396,பெருங்குடி ஓஎம்ஆர் சாலையில் மின்கம்பத்தில் இருந்து ஆபத்தான முறையில் மின்வயர் தொங்குகிறது. (மண்டலம்: சென்னை வடக்கு),streetlights,Streetlights & Electrical Hazards,ta,சென்னை வடக்கு,பெருங்குடி ஓஎம்ஆர் சாலையில் மின்கம்பத்தில் இருந்து ஆபத்தான முறையில் மின்வயர் தொங்குகிறது. (மண்டலம்: சென்னை வடக்கு)
TN-NLP-5010,பெருங்குடியில் கடந்த 3 மாதங்களாக சாலைப் பணி அரைகுறையாக விடப்பட்டு பலத்த தூசு மாசுபாடு ஏற்படுகிறது. (மண்டலம்: ஆவடி),roads,Road Damage & Potholes,ta,ஆவடி,பெருங்குடியில் கடந்த 3 மாதங்களாக சாலைப் பணி அரைகுறையாக விடப்பட்டு பலத்த தூசு மாசுபாடு ஏற்படுகிறது. (மண்டலம்: ஆவடி)
TN-NLP-6883,வேளச்சேரி குடியிருப்பு பகுதியில் தெருநாய்களின் தொல்லை அதிகரித்து பொதுமக்கள் அச்சமடைந்துள்ளனர். (மண்டலம்: சென்னை மத்திய மண்டலம்),other,Other / General Municipal Operations,ta,சென்னை மத்திய மண்டலம்,வேளச்சேரி குடியிருப்பு பகுதியில் தெருநாய்களின் தொல்லை அதிகரித்து பொதுமக்கள் அச்சமடைந்துள்ளனர். (மண்டலம்: சென்னை மத்திய மண்டலம்)
TN-NLP-5304,ராயப்பேட்டையில் திறந்தவெளி கழிவுநீர் கால்வாயில் இருந்து சாக்கடை நீர் சாலையில் வழிகிறது. (மண்டலம்: சென்னை வடக்கு),drainage,Drainage & Sewage Overflow,ta,சென்னை வடக்கு,ராயப்பேட்டையில் திறந்தவெளி கழிவுநீர் கால்வாயில் இருந்து சாக்கடை நீர் சாலையில் வழிகிறது. (மண்டலம்: சென்னை வடக்கு)
TN-NLP-5577,ராயப்பேட்டையில் திறந்தவெளி கழிவுநீர் கால்வாயில் இருந்து சாக்கடை நீர் சாலையில் வழிகிறது. (மண்டலம்: சென்னை மத்திய மண்டலம்),drainage,Drainage & Sewage Overflow,ta,சென்னை மத்திய மண்டலம்,ராயப்பேட்டையில் திறந்தவெளி கழிவுநீர் கால்வாயில் இருந்து சாக்கடை நீர் சாலையில் வழிகிறது. (மண்டலம்: சென்னை மத்திய மண்டலம்)
TN-NLP-6466,பெருங்குடி ஓஎம்ஆர் சாலையில் மின்கம்பத்தில் இருந்து ஆபத்தான முறையில் மின்வயர் தொங்குகிறது. (மண்டலம்: ஆவடி),streetlights,Streetlights & Electrical Hazards,ta,ஆவடி,பெருங்குடி ஓஎம்ஆர் சாலையில் மின்கம்பத்தில் இருந்து ஆபத்தான முறையில் மின்வயர் தொங்குகிறது. (மண்டலம்: ஆவடி)
TN-NLP-5393,அசோக் நகர் 4வது அவென்யூவில் மழைநீர் வடிகால் அடைப்பால் வீடுகளுக்குள் தண்ணீர் புகுந்துள்ளது. (மண்டலம்: தாம்பரம்),drainage,Drainage & Sewage Overflow,ta,தாம்பரம்,அசோக் நகர் 4வது அவென்யூவில் மழைநீர் வடிகால் அடைப்பால் வீடுகளுக்குள் தண்ணீர் புகுந்துள்ளது. (மண்டலம்: தாம்பரம்)
TN-NLP-5026,அண்ணா சாலையில் உள்ள பெரும் பள்ளத்தால் போக்குவரத்து நெரிசல் மற்றும் விபத்துக்கள் ஏற்படுகிறது. (மண்டலம்: சென்னை தெற்கு),roads,Road Damage & Potholes,ta,சென்னை தெற்கு,அண்ணா சாலையில் உள்ள பெரும் பள்ளத்தால் போக்குவரத்து நெரிசல் மற்றும் விபத்துக்கள் ஏற்படுகிறது. (மண்டலம்: சென்னை தெற்கு)
TN-NLP-5678,திருவான்மியூர் கடற்கரை சாலையில் கட்டுமானக் கழிவுகள் சட்டவிரோதமாகக் கொட்டப்பட்டுள்ளன. (மண்டலம்: சென்னை மத்திய மண்டலம்),garbage,Garbage & Waste Disposal,ta,சென்னை மத்திய மண்டலம்,திருவான்மியூர் கடற்கரை சாலையில் கட்டுமானக் கழிவுகள் சட்டவிரோதமாகக் கொட்டப்பட்டுள்ளன. (மண்டலம்: சென்னை மத்திய மண்டலம்)
TN-NLP-5770,திருவான்மியூர் கடற்கரை சாலையில் கட்டுமானக் கழிவுகள் சட்டவிரோதமாகக் கொட்டப்பட்டுள்ளன. (மண்டலம்: சென்னை மத்திய மண்டலம்),garbage,Garbage & Waste Disposal,ta,சென்னை மத்திய மண்டலம்,திருவான்மியூர் கடற்கரை சாலையில் கட்டுமானக் கழிவுகள் சட்டவிரோதமாகக் கொட்டப்பட்டுள்ளன. (மண்டலம்: சென்னை மத்திய மண்டலம்)
TN-NLP-5666,திருவான்மியூர் கடற்கரை சாலையில் கட்டுமானக் கழிவுகள் சட்டவிரோதமாகக் கொட்டப்பட்டுள்ளன. (மண்டலம்: ஆவடி),garbage,Garbage & Waste Disposal,ta,ஆவடி,திருவான்மியூர் கடற்கரை சாலையில் கட்டுமானக் கழிவுகள் சட்டவிரோதமாகக் கொட்டப்பட்டுள்ளன. (மண்டலம்: ஆவடி)
TN-NLP-5662,திருவான்மியூர் கடற்கரை சாலையில் கட்டுமானக் கழிவுகள் சட்டவிரோதமாகக் கொட்டப்பட்டுள்ளன. (மண்டலம்: சென்னை மத்திய மண்டலம்),garbage,Garbage & Waste Disposal,ta,சென்னை மத்திய மண்டலம்,திருவான்மியூர் கடற்கரை சாலையில் கட்டுமானக் கழிவுகள் சட்டவிரோதமாகக் கொட்டப்பட்டுள்ளன. (மண்டலம்: சென்னை மத்திய மண்டலம்)
TN-NLP-5600,திருவான்மியூர் கடற்கரை சாலையில் கட்டுமானக் கழிவுகள் சட்டவிரோதமாகக் கொட்டப்பட்டுள்ளன. (மண்டலம்: சென்னை வடக்கு),garbage,Garbage & Waste Disposal,ta,சென்னை வடக்கு,திருவான்மியூர் கடற்கரை சாலையில் கட்டுமானக் கழிவுகள் சட்டவிரோதமாகக் கொட்டப்பட்டுள்ளன. (மண்டலம்: சென்னை வடக்கு)
TN-NLP-6747,சிந்தாதிரிப்பேட்டை கூவம் நதி பாலத்தின் சிமெண்ட் கைப்பிடி சுவர் உடைந்து அபாயகரமாக உள்ளது. (மண்டலம்: தாம்பரம்),infrastructure,Public Infrastructure Damage,ta,தாம்பரம்,சிந்தாதிரிப்பேட்டை கூவம் நதி பாலத்தின் சிமெண்ட் கைப்பிடி சுவர் உடைந்து அபாயகரமாக உள்ளது. (மண்டலம்: தாம்பரம்)
TN-NLP-6286,பெருங்குடி ஓஎம்ஆர் சாலையில் மின்கம்பத்தில் இருந்து ஆபத்தான முறையில் மின்வயர் தொங்குகிறது. (மண்டலம்: தாம்பரம்),streetlights,Streetlights & Electrical Hazards,ta,தாம்பரம்,பெருங்குடி ஓஎம்ஆர் சாலையில் மின்கம்பத்தில் இருந்து ஆபத்தான முறையில் மின்வயர் தொங்குகிறது. (மண்டலம்: தாம்பரம்)
TN-NLP-6207,ஜிஎஸ்டி சாலையில் பல தெருவிளக்குகள் எரியாமல் இருள் சூழ்ந்து விபத்து அபாயம் நிலவுகிறது. (மண்டலம்: சென்னை வடக்கு),streetlights,Streetlights & Electrical Hazards,ta,சென்னை வடக்கு,ஜிஎஸ்டி சாலையில் பல தெருவிளக்குகள் எரியாமல் இருள் சூழ்ந்து விபத்து அபாயம் நிலவுகிறது. (மண்டலம்: சென்னை வடக்கு)
TN-NLP-7011,தி. நகரில் நள்ளிரவிலும் அதிக சத்தத்துடன் ஒலிபெருக்கி பயன்படுத்துவதால் ஒலி மாசுபாடு ஏற்படுகிறது. (மண்டலம்: சென்னை தெற்கு),other,Other / General Municipal Operations,ta,சென்னை தெற்கு,தி. நகரில் நள்ளிரவிலும் அதிக சத்தத்துடன் ஒலிபெருக்கி பயன்படுத்துவதால் ஒலி மாசுபாடு ஏற்படுகிறது. (மண்டலம்: சென்னை தெற்கு)
TN-NLP-6231,பெருங்குடி ஓஎம்ஆர் சாலையில் மின்கம்பத்தில் இருந்து ஆபத்தான முறையில் மின்வயர் தொங்குகிறது. (மண்டலம்: தாம்பரம்),streetlights,Streetlights & Electrical Hazards,ta,தாம்பரம்,பெருங்குடி ஓஎம்ஆர் சாலையில் மின்கம்பத்தில் இருந்து ஆபத்தான முறையில் மின்வயர் தொங்குகிறது. (மண்டலம்: தாம்பரம்)
TN-NLP-5918,அண்ணா நகர் 2வது அவென்யூவில் குடிநீர் குழாய் உடைந்து குடிநீர் வீணாகி வருகிறது. (மண்டலம்: சென்னை தெற்கு),water,Water Supply Contamination / Burst,ta,சென்னை தெற்கு,அண்ணா நகர் 2வது அவென்யூவில் குடிநீர் குழாய் உடைந்து குடிநீர் வீணாகி வருகிறது. (மண்டலம்: சென்னை தெற்கு)
TN-NLP-6728,சிந்தாதிரிப்பேட்டை கூவம் நதி பாலத்தின் சிமெண்ட் கைப்பிடி சுவர் உடைந்து அபாயகரமாக உள்ளது. (மண்டலம்: சென்னை வடக்கு),infrastructure,Public Infrastructure Damage,ta,சென்னை வடக்கு,சிந்தாதிரிப்பேட்டை கூவம் நதி பாலத்தின் சிமெண்ட் கைப்பிடி சுவர் உடைந்து அபாயகரமாக உள்ளது. (மண்டலம்: சென்னை வடக்கு)
TN-NLP-5473,ராயப்பேட்டையில் திறந்தவெளி கழிவுநீர் கால்வாயில் இருந்து சாக்கடை நீர் சாலையில் வழிகிறது. (மண்டலம்: சென்னை வடக்கு),drainage,Drainage & Sewage Overflow,ta,சென்னை வடக்கு,ராயப்பேட்டையில் திறந்தவெளி கழிவுநீர் கால்வாயில் இருந்து சாக்கடை நீர் சாலையில் வழிகிறது. (மண்டலம்: சென்னை வடக்கு)
TN-NLP-5482,அசோக் நகர் 4வது அவென்யூவில் மழைநீர் வடிகால் அடைப்பால் வீடுகளுக்குள் தண்ணீர் புகுந்துள்ளது. (மண்டலம்: தாம்பரம்),drainage,Drainage & Sewage Overflow,ta,தாம்பரம்,அசோக் நகர் 4வது அவென்யூவில் மழைநீர் வடிகால் அடைப்பால் வீடுகளுக்குள் தண்ணீர் புகுந்துள்ளது. (மண்டலம்: தாம்பரம்)
TN-NLP-6337,பெருங்குடி ஓஎம்ஆர் சாலையில் மின்கம்பத்தில் இருந்து ஆபத்தான முறையில் மின்வயர் தொங்குகிறது. (மண்டலம்: சென்னை தெற்கு),streetlights,Streetlights & Electrical Hazards,ta,சென்னை தெற்கு,பெருங்குடி ஓஎம்ஆர் சாலையில் மின்கம்பத்தில் இருந்து ஆபத்தான முறையில் மின்வயர் தொங்குகிறது. (மண்டலம்: சென்னை தெற்கு)
TN-NLP-6382,ஜிஎஸ்டி சாலையில் பல தெருவிளக்குகள் எரியாமல் இருள் சூழ்ந்து விபத்து அபாயம் நிலவுகிறது. (மண்டலம்: தாம்பரம்),streetlights,Streetlights & Electrical Hazards,ta,தாம்பரம்,ஜிஎஸ்டி சாலையில் பல தெருவிளக்குகள் எரியாமல் இருள் சூழ்ந்து விபத்து அபாயம் நிலவுகிறது. (மண்டலம்: தாம்பரம்)
TN-NLP-6730,கோயம்பேடு மேம்பாலம் அருகில் உள்ள நகராட்சி பேருந்து நிழற்கூரை சேதமடைந்துள்ளது. (மண்டலம்: சென்னை வடக்கு),infrastructure,Public Infrastructure Damage,ta,சென்னை வடக்கு,கோயம்பேடு மேம்பாலம் அருகில் உள்ள நகராட்சி பேருந்து நிழற்கூரை சேதமடைந்துள்ளது. (மண்டலம்: சென்னை வடக்கு)
TN-NLP-5651,கோயம்பேடு சந்தை சாலையில் குப்பைத் தொட்டிகள் நிரம்பி வழிந்து சுகாதாரக் கேடு விளைவிக்கிறது. (மண்டலம்: ஆவடி),garbage,Garbage & Waste Disposal,ta,ஆவடி,கோயம்பேடு சந்தை சாலையில் குப்பைத் தொட்டிகள் நிரம்பி வழிந்து சுகாதாரக் கேடு விளைவிக்கிறது. (மண்டலம்: ஆவடி)
TN-NLP-5471,ராயப்பேட்டையில் திறந்தவெளி கழிவுநீர் கால்வாயில் இருந்து சாக்கடை நீர் சாலையில் வழிகிறது. (மண்டலம்: தாம்பரம்),drainage,Drainage & Sewage Overflow,ta,தாம்பரம்,ராயப்பேட்டையில் திறந்தவெளி கழிவுநீர் கால்வாயில் இருந்து சாக்கடை நீர் சாலையில் வழிகிறது. (மண்டலம்: தாம்பரம்)
TN-NLP-6917,தி. நகரில் நள்ளிரவிலும் அதிக சத்தத்துடன் ஒலிபெருக்கி பயன்படுத்துவதால் ஒலி மாசுபாடு ஏற்படுகிறது. (மண்டலம்: சென்னை மத்திய மண்டலம்),other,Other / General Municipal Operations,ta,சென்னை மத்திய மண்டலம்,தி. நகரில் நள்ளிரவிலும் அதிக சத்தத்துடன் ஒலிபெருக்கி பயன்படுத்துவதால் ஒலி மாசுபாடு ஏற்படுகிறது. (மண்டலம்: சென்னை மத்திய மண்டலம்)
TN-NLP-5796,கோயம்பேடு சந்தை சாலையில் குப்பைத் தொட்டிகள் நிரம்பி வழிந்து சுகாதாரக் கேடு விளைவிக்கிறது. (மண்டலம்: ஆவடி),garbage,Garbage & Waste Disposal,ta,ஆவடி,கோயம்பேடு சந்தை சாலையில் குப்பைத் தொட்டிகள் நிரம்பி வழிந்து சுகாதாரக் கேடு விளைவிக்கிறது. (மண்டலம்: ஆவடி)
TN-NLP-6959,வேளச்சேரி குடியிருப்பு பகுதியில் தெருநாய்களின் தொல்லை அதிகரித்து பொதுமக்கள் அச்சமடைந்துள்ளனர். (மண்டலம்: சென்னை மத்திய மண்டலம்),other,Other / General Municipal Operations,ta,சென்னை மத்திய மண்டலம்,வேளச்சேரி குடியிருப்பு பகுதியில் தெருநாய்களின் தொல்லை அதிகரித்து பொதுமக்கள் அச்சமடைந்துள்ளனர். (மண்டலம்: சென்னை மத்திய மண்டலம்)
TN-NLP-6481,ஜிஎஸ்டி சாலையில் பல தெருவிளக்குகள் எரியாமல் இருள் சூழ்ந்து விபத்து அபாயம் நிலவுகிறது. (மண்டலம்: ஆவடி),streetlights,Streetlights & Electrical Hazards,ta,ஆவடி,ஜிஎஸ்டி சாலையில் பல தெருவிளக்குகள் எரியாமல் இருள் சூழ்ந்து விபத்து அபாயம் நிலவுகிறது. (மண்டலம்: ஆவடி)
TN-NLP-5046,தி. நகர் உஸ்மான் சாலை சந்திப்பில் தார் தளம் அடித்துச் செல்லப்பட்டு பெரிய குழி உருவாகியுள்ளது. (மண்டலம்: சென்னை தெற்கு),roads,Road Damage & Potholes,ta,சென்னை தெற்கு,தி. நகர் உஸ்மான் சாலை சந்திப்பில் தார் தளம் அடித்துச் செல்லப்பட்டு பெரிய குழி உருவாகியுள்ளது. (மண்டலம்: சென்னை தெற்கு)
TN-NLP-5725,கோயம்பேடு சந்தை சாலையில் குப்பைத் தொட்டிகள் நிரம்பி வழிந்து சுகாதாரக் கேடு விளைவிக்கிறது. (மண்டலம்: தாம்பரம்),garbage,Garbage & Waste Disposal,ta,தாம்பரம்,கோயம்பேடு சந்தை சாலையில் குப்பைத் தொட்டிகள் நிரம்பி வழிந்து சுகாதாரக் கேடு விளைவிக்கிறது. (மண்டலம்: தாம்பரம்)
TN-NLP-6810,தி. நகரில் நள்ளிரவிலும் அதிக சத்தத்துடன் ஒலிபெருக்கி பயன்படுத்துவதால் ஒலி மாசுபாடு ஏற்படுகிறது. (மண்டலம்: சென்னை வடக்கு),other,Other / General Municipal Operations,ta,சென்னை வடக்கு,தி. நகரில் நள்ளிரவிலும் அதிக சத்தத்துடன் ஒலிபெருக்கி பயன்படுத்துவதால் ஒலி மாசுபாடு ஏற்படுகிறது. (மண்டலம்: சென்னை வடக்கு)
TN-NLP-5714,நுங்கம்பாக்கம் பஸ் நிறுத்தம் அருகில் குப்பைகள் அகற்றப்படாமல் 4 நாட்களாக தேங்கியுள்ளது. (மண்டலம்: ஆவடி),garbage,Garbage & Waste Disposal,ta,ஆவடி,நுங்கம்பாக்கம் பஸ் நிறுத்தம் அருகில் குப்பைகள் அகற்றப்படாமல் 4 நாட்களாக தேங்கியுள்ளது. (மண்டலம்: ஆவடி)
TN-NLP-5136,அண்ணா சாலையில் உள்ள பெரும் பள்ளத்தால் போக்குவரத்து நெரிசல் மற்றும் விபத்துக்கள் ஏற்படுகிறது. (மண்டலம்: தாம்பரம்),roads,Road Damage & Potholes,ta,தாம்பரம்,அண்ணா சாலையில் உள்ள பெரும் பள்ளத்தால் போக்குவரத்து நெரிசல் மற்றும் விபத்துக்கள் ஏற்படுகிறது. (மண்டலம்: தாம்பரம்)
TN-NLP-6121,பெசன்ட் நகரில் விநியோகிக்கப்படும் குடிநீரில் துர்நாற்றமும் கலங்கலான நிறமும் உள்ளது. (மண்டலம்: தாம்பரம்),water,Water Supply Contamination / Burst,ta,தாம்பரம்,பெசன்ட் நகரில் விநியோகிக்கப்படும் குடிநீரில் துர்நாற்றமும் கலங்கலான நிறமும் உள்ளது. (மண்டலம்: தாம்பரம்)
TN-NLP-6619,கோயம்பேடு மேம்பாலம் அருகில் உள்ள நகராட்சி பேருந்து நிழற்கூரை சேதமடைந்துள்ளது. (மண்டலம்: சென்னை தெற்கு),infrastructure,Public Infrastructure Damage,ta,சென்னை தெற்கு,கோயம்பேடு மேம்பாலம் அருகில் உள்ள நகராட்சி பேருந்து நிழற்கூரை சேதமடைந்துள்ளது. (மண்டலம்: சென்னை தெற்கு)
TN-NLP-6185,பெசன்ட் நகரில் விநியோகிக்கப்படும் குடிநீரில் துர்நாற்றமும் கலங்கலான நிறமும் உள்ளது. (மண்டலம்: ஆவடி),water,Water Supply Contamination / Burst,ta,ஆவடி,பெசன்ட் நகரில் விநியோகிக்கப்படும் குடிநீரில் துர்நாற்றமும் கலங்கலான நிறமும் உள்ளது. (மண்டலம்: ஆவடி)
TN-NLP-7059,தி. நகரில் நள்ளிரவிலும் அதிக சத்தத்துடன் ஒலிபெருக்கி பயன்படுத்துவதால் ஒலி மாசுபாடு ஏற்படுகிறது. (மண்டலம்: தாம்பரம்),other,Other / General Municipal Operations,ta,தாம்பரம்,தி. நகரில் நள்ளிரவிலும் அதிக சத்தத்துடன் ஒலிபெருக்கி பயன்படுத்துவதால் ஒலி மாசுபாடு ஏற்படுகிறது. (மண்டலம்: தாம்பரம்)
TN-NLP-5625,திருவான்மியூர் கடற்கரை சாலையில் கட்டுமானக் கழிவுகள் சட்டவிரோதமாகக் கொட்டப்பட்டுள்ளன. (மண்டலம்: தாம்பரம்),garbage,Garbage & Waste Disposal,ta,தாம்பரம்,திருவான்மியூர் கடற்கரை சாலையில் கட்டுமானக் கழிவுகள் சட்டவிரோதமாகக் கொட்டப்பட்டுள்ளன. (மண்டலம்: தாம்பரம்)
TN-NLP-5246,தி. நகர் உஸ்மான் சாலை சந்திப்பில் தார் தளம் அடித்துச் செல்லப்பட்டு பெரிய குழி உருவாகியுள்ளது. (மண்டலம்: சென்னை வடக்கு),roads,Road Damage & Potholes,ta,சென்னை வடக்கு,தி. நகர் உஸ்மான் சாலை சந்திப்பில் தார் தளம் அடித்துச் செல்லப்பட்டு பெரிய குழி உருவாகியுள்ளது. (மண்டலம்: சென்னை வடக்கு)
TN-NLP-5422,கோடம்பாக்கம் தெருவில் கழிவுநீர் குழாய் உடைந்து துர்நாற்றம் வீசுவதுடன் சுகாதார சீர்கேடு ஏற்பட்டுள்ளது. (மண்டலம்: சென்னை மத்திய மண்டலம்),drainage,Drainage & Sewage Overflow,ta,சென்னை மத்திய மண்டலம்,கோடம்பாக்கம் தெருவில் கழிவுநீர் குழாய் உடைந்து துர்நாற்றம் வீசுவதுடன் சுகாதார சீர்கேடு ஏற்பட்டுள்ளது. (மண்டலம்: சென்னை மத்திய மண்டலம்)
TN-NLP-5459,அசோக் நகர் 4வது அவென்யூவில் மழைநீர் வடிகால் அடைப்பால் வீடுகளுக்குள் தண்ணீர் புகுந்துள்ளது. (மண்டலம்: சென்னை மத்திய மண்டலம்),drainage,Drainage & Sewage Overflow,ta,சென்னை மத்திய மண்டலம்,அசோக் நகர் 4வது அவென்யூவில் மழைநீர் வடிகால் அடைப்பால் வீடுகளுக்குள் தண்ணீர் புகுந்துள்ளது. (மண்டலம்: சென்னை மத்திய மண்டலம்)
TN-NLP-6867,தி. நகரில் நள்ளிரவிலும் அதிக சத்தத்துடன் ஒலிபெருக்கி பயன்படுத்துவதால் ஒலி மாசுபாடு ஏற்படுகிறது. (மண்டலம்: தாம்பரம்),other,Other / General Municipal Operations,ta,தாம்பரம்,தி. நகரில் நள்ளிரவிலும் அதிக சத்தத்துடன் ஒலிபெருக்கி பயன்படுத்துவதால் ஒலி மாசுபாடு ஏற்படுகிறது. (மண்டலம்: தாம்பரம்)
TN-NLP-5750,நுங்கம்பாக்கம் பஸ் நிறுத்தம் அருகில் குப்பைகள் அகற்றப்படாமல் 4 நாட்களாக தேங்கியுள்ளது. (மண்டலம்: சென்னை வடக்கு),garbage,Garbage & Waste Disposal,ta,சென்னை வடக்கு,நுங்கம்பாக்கம் பஸ் நிறுத்தம் அருகில் குப்பைகள் அகற்றப்படாமல் 4 நாட்களாக தேங்கியுள்ளது. (மண்டலம்: சென்னை வடக்கு)
TN-NLP-7030,வேளச்சேரி குடியிருப்பு பகுதியில் தெருநாய்களின் தொல்லை அதிகரித்து பொதுமக்கள் அச்சமடைந்துள்ளனர். (மண்டலம்: சென்னை தெற்கு),other,Other / General Municipal Operations,ta,சென்னை தெற்கு,வேளச்சேரி குடியிருப்பு பகுதியில் தெருநாய்களின் தொல்லை அதிகரித்து பொதுமக்கள் அச்சமடைந்துள்ளனர். (மண்டலம்: சென்னை தெற்கு)
TN-NLP-6488,ஜிஎஸ்டி சாலையில் பல தெருவிளக்குகள் எரியாமல் இருள் சூழ்ந்து விபத்து அபாயம் நிலவுகிறது. (மண்டலம்: சென்னை வடக்கு),streetlights,Streetlights & Electrical Hazards,ta,சென்னை வடக்கு,ஜிஎஸ்டி சாலையில் பல தெருவிளக்குகள் எரியாமல் இருள் சூழ்ந்து விபத்து அபாயம் நிலவுகிறது. (மண்டலம்: சென்னை வடக்கு)
TN-NLP-6760,கோயம்பேடு மேம்பாலம் அருகில் உள்ள நகராட்சி பேருந்து நிழற்கூரை சேதமடைந்துள்ளது. (மண்டலம்: சென்னை வடக்கு),infrastructure,Public Infrastructure Damage,ta,சென்னை வடக்கு,கோயம்பேடு மேம்பாலம் அருகில் உள்ள நகராட்சி பேருந்து நிழற்கூரை சேதமடைந்துள்ளது. (மண்டலம்: சென்னை வடக்கு)
TN-NLP-5000,அண்ணா சாலையில் உள்ள பெரும் பள்ளத்தால் போக்குவரத்து நெரிசல் மற்றும் விபத்துக்கள் ஏற்படுகிறது. (மண்டலம்: தாம்பரம்),roads,Road Damage & Potholes,ta,தாம்பரம்,அண்ணா சாலையில் உள்ள பெரும் பள்ளத்தால் போக்குவரத்து நெரிசல் மற்றும் விபத்துக்கள் ஏற்படுகிறது. (மண்டலம்: தாம்பரம்)
TN-NLP-5259,பெருங்குடியில் கடந்த 3 மாதங்களாக சாலைப் பணி அரைகுறையாக விடப்பட்டு பலத்த தூசு மாசுபாடு ஏற்படுகிறது. (மண்டலம்: தாம்பரம்),roads,Road Damage & Potholes,ta,தாம்பரம்,பெருங்குடியில் கடந்த 3 மாதங்களாக சாலைப் பணி அரைகுறையாக விடப்பட்டு பலத்த தூசு மாசுபாடு ஏற்படுகிறது. (மண்டலம்: தாம்பரம்)
TN-NLP-6497,ஜிஎஸ்டி சாலையில் பல தெருவிளக்குகள் எரியாமல் இருள் சூழ்ந்து விபத்து அபாயம் நிலவுகிறது. (மண்டலம்: தாம்பரம்),streetlights,Streetlights & Electrical Hazards,ta,தாம்பரம்,ஜிஎஸ்டி சாலையில் பல தெருவிளக்குகள் எரியாமல் இருள் சூழ்ந்து விபத்து அபாயம் நிலவுகிறது. (மண்டலம்: தாம்பரம்)
TN-NLP-5509,கோடம்பாக்கம் தெருவில் கழிவுநீர் குழாய் உடைந்து துர்நாற்றம் வீசுவதுடன் சுகாதார சீர்கேடு ஏற்பட்டுள்ளது. (மண்டலம்: சென்னை வடக்கு),drainage,Drainage & Sewage Overflow,ta,சென்னை வடக்கு,கோடம்பாக்கம் தெருவில் கழிவுநீர் குழாய் உடைந்து துர்நாற்றம் வீசுவதுடன் சுகாதார சீர்கேடு ஏற்பட்டுள்ளது. (மண்டலம்: சென்னை வடக்கு)
TN-NLP-5515,அசோக் நகர் 4வது அவென்யூவில் மழைநீர் வடிகால் அடைப்பால் வீடுகளுக்குள் தண்ணீர் புகுந்துள்ளது. (மண்டலம்: சென்னை மத்திய மண்டலம்),drainage,Drainage & Sewage Overflow,ta,சென்னை மத்திய மண்டலம்,அசோக் நகர் 4வது அவென்யூவில் மழைநீர் வடிகால் அடைப்பால் வீடுகளுக்குள் தண்ணீர் புகுந்துள்ளது. (மண்டலம்: சென்னை மத்திய மண்டலம்)
TN-NLP-7060,தி. நகரில் நள்ளிரவிலும் அதிக சத்தத்துடன் ஒலிபெருக்கி பயன்படுத்துவதால் ஒலி மாசுபாடு ஏற்படுகிறது. (மண்டலம்: சென்னை மத்திய மண்டலம்),other,Other / General Municipal Operations,ta,சென்னை மத்திய மண்டலம்,தி. நகரில் நள்ளிரவிலும் அதிக சத்தத்துடன் ஒலிபெருக்கி பயன்படுத்துவதால் ஒலி மாசுபாடு ஏற்படுகிறது. (மண்டலம்: சென்னை மத்திய மண்டலம்)
TN-NLP-6515,கோயம்பேடு மேம்பாலம் அருகில் உள்ள நகராட்சி பேருந்து நிழற்கூரை சேதமடைந்துள்ளது. (மண்டலம்: சென்னை வடக்கு),infrastructure,Public Infrastructure Damage,ta,சென்னை வடக்கு,கோயம்பேடு மேம்பாலம் அருகில் உள்ள நகராட்சி பேருந்து நிழற்கூரை சேதமடைந்துள்ளது. (மண்டலம்: சென்னை வடக்கு)
TN-NLP-6155,அண்ணா நகர் 2வது அவென்யூவில் குடிநீர் குழாய் உடைந்து குடிநீர் வீணாகி வருகிறது. (மண்டலம்: சென்னை தெற்கு),water,Water Supply Contamination / Burst,ta,சென்னை தெற்கு,அண்ணா நகர் 2வது அவென்யூவில் குடிநீர் குழாய் உடைந்து குடிநீர் வீணாகி வருகிறது. (மண்டலம்: சென்னை தெற்கு)
TN-NLP-6037,பெசன்ட் நகரில் விநியோகிக்கப்படும் குடிநீரில் துர்நாற்றமும் கலங்கலான நிறமும் உள்ளது. (மண்டலம்: சென்னை மத்திய மண்டலம்),water,Water Supply Contamination / Burst,ta,சென்னை மத்திய மண்டலம்,பெசன்ட் நகரில் விநியோகிக்கப்படும் குடிநீரில் துர்நாற்றமும் கலங்கலான நிறமும் உள்ளது. (மண்டலம்: சென்னை மத்திய மண்டலம்)
TN-NLP-5401,கோடம்பாக்கம் தெருவில் கழிவுநீர் குழாய் உடைந்து துர்நாற்றம் வீசுவதுடன் சுகாதார சீர்கேடு ஏற்பட்டுள்ளது. (மண்டலம்: சென்னை மத்திய மண்டலம்),drainage,Drainage & Sewage Overflow,ta,சென்னை மத்திய மண்டலம்,கோடம்பாக்கம் தெருவில் கழிவுநீர் குழாய் உடைந்து துர்நாற்றம் வீசுவதுடன் சுகாதார சீர்கேடு ஏற்பட்டுள்ளது. (மண்டலம்: சென்னை மத்திய மண்டலம்)
TN-NLP-6083,அண்ணா நகர் 2வது அவென்யூவில் குடிநீர் குழாய் உடைந்து குடிநீர் வீணாகி வருகிறது. (மண்டலம்: சென்னை வடக்கு),water,Water Supply Contamination / Burst,ta,சென்னை வடக்கு,அண்ணா நகர் 2வது அவென்யூவில் குடிநீர் குழாய் உடைந்து குடிநீர் வீணாகி வருகிறது. (மண்டலம்: சென்னை வடக்கு)
TN-NLP-5092,அண்ணா சாலையில் உள்ள பெரும் பள்ளத்தால் போக்குவரத்து நெரிசல் மற்றும் விபத்துக்கள் ஏற்படுகிறது. (மண்டலம்: தாம்பரம்),roads,Road Damage & Potholes,ta,தாம்பரம்,அண்ணா சாலையில் உள்ள பெரும் பள்ளத்தால் போக்குவரத்து நெரிசல் மற்றும் விபத்துக்கள் ஏற்படுகிறது. (மண்டலம்: தாம்பரம்)
TN-NLP-6710,சிந்தாதிரிப்பேட்டை கூவம் நதி பாலத்தின் சிமெண்ட் கைப்பிடி சுவர் உடைந்து அபாயகரமாக உள்ளது. (மண்டலம்: தாம்பரம்),infrastructure,Public Infrastructure Damage,ta,தாம்பரம்,சிந்தாதிரிப்பேட்டை கூவம் நதி பாலத்தின் சிமெண்ட் கைப்பிடி சுவர் உடைந்து அபாயகரமாக உள்ளது. (மண்டலம்: தாம்பரம்)
TN-NLP-5996,திருவல்லிக்கேணி தெருவில் கடந்த 48 மணி நேரமாக குடிநீர் விநியோகம் முற்றிலும் நிறுத்தப்பட்டுள்ளது. (மண்டலம்: சென்னை வடக்கு),water,Water Supply Contamination / Burst,ta,சென்னை வடக்கு,திருவல்லிக்கேணி தெருவில் கடந்த 48 மணி நேரமாக குடிநீர் விநியோகம் முற்றிலும் நிறுத்தப்பட்டுள்ளது. (மண்டலம்: சென்னை வடக்கு)
TN-NLP-6927,வேளச்சேரி குடியிருப்பு பகுதியில் தெருநாய்களின் தொல்லை அதிகரித்து பொதுமக்கள் அச்சமடைந்துள்ளனர். (மண்டலம்: ஆவடி),other,Other / General Municipal Operations,ta,ஆவடி,வேளச்சேரி குடியிருப்பு பகுதியில் தெருநாய்களின் தொல்லை அதிகரித்து பொதுமக்கள் அச்சமடைந்துள்ளனர். (மண்டலம்: ஆவடி)
TN-NLP-5764,நுங்கம்பாக்கம் பஸ் நிறுத்தம் அருகில் குப்பைகள் அகற்றப்படாமல் 4 நாட்களாக தேங்கியுள்ளது. (மண்டலம்: சென்னை வடக்கு),garbage,Garbage & Waste Disposal,ta,சென்னை வடக்கு,நுங்கம்பாக்கம் பஸ் நிறுத்தம் அருகில் குப்பைகள் அகற்றப்படாமல் 4 நாட்களாக தேங்கியுள்ளது. (மண்டலம்: சென்னை வடக்கு)
TN-NLP-5345,ராயப்பேட்டையில் திறந்தவெளி கழிவுநீர் கால்வாயில் இருந்து சாக்கடை நீர் சாலையில் வழிகிறது. (மண்டலம்: தாம்பரம்),drainage,Drainage & Sewage Overflow,ta,தாம்பரம்,ராயப்பேட்டையில் திறந்தவெளி கழிவுநீர் கால்வாயில் இருந்து சாக்கடை நீர் சாலையில் வழிகிறது. (மண்டலம்: தாம்பரம்)
TN-NLP-5825,திருவான்மியூர் கடற்கரை சாலையில் கட்டுமானக் கழிவுகள் சட்டவிரோதமாகக் கொட்டப்பட்டுள்ளன. (மண்டலம்: ஆவடி),garbage,Garbage & Waste Disposal,ta,ஆவடி,திருவான்மியூர் கடற்கரை சாலையில் கட்டுமானக் கழிவுகள் சட்டவிரோதமாகக் கொட்டப்பட்டுள்ளன. (மண்டலம்: ஆவடி)
TN-NLP-6700,கோயம்பேடு மேம்பாலம் அருகில் உள்ள நகராட்சி பேருந்து நிழற்கூரை சேதமடைந்துள்ளது. (மண்டலம்: சென்னை மத்திய மண்டலம்),infrastructure,Public Infrastructure Damage,ta,சென்னை மத்திய மண்டலம்,கோயம்பேடு மேம்பாலம் அருகில் உள்ள நகராட்சி பேருந்து நிழற்கூரை சேதமடைந்துள்ளது. (மண்டலம்: சென்னை மத்திய மண்டலம்)
TN-NLP-5626,கோயம்பேடு சந்தை சாலையில் குப்பைத் தொட்டிகள் நிரம்பி வழிந்து சுகாதாரக் கேடு விளைவிக்கிறது. (மண்டலம்: சென்னை மத்திய மண்டலம்),garbage,Garbage & Waste Disposal,ta,சென்னை மத்திய மண்டலம்,கோயம்பேடு சந்தை சாலையில் குப்பைத் தொட்டிகள் நிரம்பி வழிந்து சுகாதாரக் கேடு விளைவிக்கிறது. (மண்டலம்: சென்னை மத்திய மண்டலம்)
TN-NLP-5990,பெசன்ட் நகரில் விநியோகிக்கப்படும் குடிநீரில் துர்நாற்றமும் கலங்கலான நிறமும் உள்ளது. (மண்டலம்: ஆவடி),water,Water Supply Contamination / Burst,ta,ஆவடி,பெசன்ட் நகரில் விநியோகிக்கப்படும் குடிநீரில் துர்நாற்றமும் கலங்கலான நிறமும் உள்ளது. (மண்டலம்: ஆவடி)
TN-NLP-5584,ராயப்பேட்டையில் திறந்தவெளி கழிவுநீர் கால்வாயில் இருந்து சாக்கடை நீர் சாலையில் வழிகிறது. (மண்டலம்: தாம்பரம்),drainage,Drainage & Sewage Overflow,ta,தாம்பரம்,ராயப்பேட்டையில் திறந்தவெளி கழிவுநீர் கால்வாயில் இருந்து சாக்கடை நீர் சாலையில் வழிகிறது. (மண்டலம்: தாம்பரம்)
TN-NLP-5203,பெருங்குடியில் கடந்த 3 மாதங்களாக சாலைப் பணி அரைகுறையாக விடப்பட்டு பலத்த தூசு மாசுபாடு ஏற்படுகிறது. (மண்டலம்: ஆவடி),roads,Road Damage & Potholes,ta,ஆவடி,பெருங்குடியில் கடந்த 3 மாதங்களாக சாலைப் பணி அரைகுறையாக விடப்பட்டு பலத்த தூசு மாசுபாடு ஏற்படுகிறது. (மண்டலம்: ஆவடி)
TN-NLP-5378,அசோக் நகர் 4வது அவென்யூவில் மழைநீர் வடிகால் அடைப்பால் வீடுகளுக்குள் தண்ணீர் புகுந்துள்ளது. (மண்டலம்: ஆவடி),drainage,Drainage & Sewage Overflow,ta,ஆவடி,அசோக் நகர் 4வது அவென்யூவில் மழைநீர் வடிகால் அடைப்பால் வீடுகளுக்குள் தண்ணீர் புகுந்துள்ளது. (மண்டலம்: ஆவடி)
TN-NLP-7089,வேளச்சேரி குடியிருப்பு பகுதியில் தெருநாய்களின் தொல்லை அதிகரித்து பொதுமக்கள் அச்சமடைந்துள்ளனர். (மண்டலம்: சென்னை மத்திய மண்டலம்),other,Other / General Municipal Operations,ta,சென்னை மத்திய மண்டலம்,வேளச்சேரி குடியிருப்பு பகுதியில் தெருநாய்களின் தொல்லை அதிகரித்து பொதுமக்கள் அச்சமடைந்துள்ளனர். (மண்டலம்: சென்னை மத்திய மண்டலம்)
TN-NLP-6465,ஜிஎஸ்டி சாலையில் பல தெருவிளக்குகள் எரியாமல் இருள் சூழ்ந்து விபத்து அபாயம் நிலவுகிறது. (மண்டலம்: ஆவடி),streetlights,Streetlights & Electrical Hazards,ta,ஆவடி,ஜிஎஸ்டி சாலையில் பல தெருவிளக்குகள் எரியாமல் இருள் சூழ்ந்து விபத்து அபாயம் நிலவுகிறது. (மண்டலம்: ஆவடி)
TN-NLP-6922,வேளச்சேரி குடியிருப்பு பகுதியில் தெருநாய்களின் தொல்லை அதிகரித்து பொதுமக்கள் அச்சமடைந்துள்ளனர். (மண்டலம்: ஆவடி),other,Other / General Municipal Operations,ta,ஆவடி,வேளச்சேரி குடியிருப்பு பகுதியில் தெருநாய்களின் தொல்லை அதிகரித்து பொதுமக்கள் அச்சமடைந்துள்ளனர். (மண்டலம்: ஆவடி)
TN-NLP-6009,அண்ணா நகர் 2வது அவென்யூவில் குடிநீர் குழாய் உடைந்து குடிநீர் வீணாகி வருகிறது. (மண்டலம்: தாம்பரம்),water,Water Supply Contamination / Burst,ta,தாம்பரம்,அண்ணா நகர் 2வது அவென்யூவில் குடிநீர் குழாய் உடைந்து குடிநீர் வீணாகி வருகிறது. (மண்டலம்: தாம்பரம்)
TN-NLP-6677,சிந்தாதிரிப்பேட்டை கூவம் நதி பாலத்தின் சிமெண்ட் கைப்பிடி சுவர் உடைந்து அபாயகரமாக உள்ளது. (மண்டலம்: ஆவடி),infrastructure,Public Infrastructure Damage,ta,ஆவடி,சிந்தாதிரிப்பேட்டை கூவம் நதி பாலத்தின் சிமெண்ட் கைப்பிடி சுவர் உடைந்து அபாயகரமாக உள்ளது. (மண்டலம்: ஆவடி)
TN-NLP-6108,திருவல்லிக்கேணி தெருவில் கடந்த 48 மணி நேரமாக குடிநீர் விநியோகம் முற்றிலும் நிறுத்தப்பட்டுள்ளது. (மண்டலம்: சென்னை வடக்கு),water,Water Supply Contamination / Burst,ta,சென்னை வடக்கு,திருவல்லிக்கேணி தெருவில் கடந்த 48 மணி நேரமாக குடிநீர் விநியோகம் முற்றிலும் நிறுத்தப்பட்டுள்ளது. (மண்டலம்: சென்னை வடக்கு)
TN-NLP-6897,தி. நகரில் நள்ளிரவிலும் அதிக சத்தத்துடன் ஒலிபெருக்கி பயன்படுத்துவதால் ஒலி மாசுபாடு ஏற்படுகிறது. (மண்டலம்: சென்னை மத்திய மண்டலம்),other,Other / General Municipal Operations,ta,சென்னை மத்திய மண்டலம்,தி. நகரில் நள்ளிரவிலும் அதிக சத்தத்துடன் ஒலிபெருக்கி பயன்படுத்துவதால் ஒலி மாசுபாடு ஏற்படுகிறது. (மண்டலம்: சென்னை மத்திய மண்டலம்)
TN-NLP-5292,பெருங்குடியில் கடந்த 3 மாதங்களாக சாலைப் பணி அரைகுறையாக விடப்பட்டு பலத்த தூசு மாசுபாடு ஏற்படுகிறது. (மண்டலம்: தாம்பரம்),roads,Road Damage & Potholes,ta,தாம்பரம்,பெருங்குடியில் கடந்த 3 மாதங்களாக சாலைப் பணி அரைகுறையாக விடப்பட்டு பலத்த தூசு மாசுபாடு ஏற்படுகிறது. (மண்டலம்: தாம்பரம்)
TN-NLP-5336,கோடம்பாக்கம் தெருவில் கழிவுநீர் குழாய் உடைந்து துர்நாற்றம் வீசுவதுடன் சுகாதார சீர்கேடு ஏற்பட்டுள்ளது. (மண்டலம்: சென்னை வடக்கு),drainage,Drainage & Sewage Overflow,ta,சென்னை வடக்கு,கோடம்பாக்கம் தெருவில் கழிவுநீர் குழாய் உடைந்து துர்நாற்றம் வீசுவதுடன் சுகாதார சீர்கேடு ஏற்பட்டுள்ளது. (மண்டலம்: சென்னை வடக்கு)
TN-NLP-5271,தி. நகர் உஸ்மான் சாலை சந்திப்பில் தார் தளம் அடித்துச் செல்லப்பட்டு பெரிய குழி உருவாகியுள்ளது. (மண்டலம்: தாம்பரம்),roads,Road Damage & Potholes,ta,தாம்பரம்,தி. நகர் உஸ்மான் சாலை சந்திப்பில் தார் தளம் அடித்துச் செல்லப்பட்டு பெரிய குழி உருவாகியுள்ளது. (மண்டலம்: தாம்பரம்)
TN-NLP-6986,வேளச்சேரி குடியிருப்பு பகுதியில் தெருநாய்களின் தொல்லை அதிகரித்து பொதுமக்கள் அச்சமடைந்துள்ளனர். (மண்டலம்: தாம்பரம்),other,Other / General Municipal Operations,ta,தாம்பரம்,வேளச்சேரி குடியிருப்பு பகுதியில் தெருநாய்களின் தொல்லை அதிகரித்து பொதுமக்கள் அச்சமடைந்துள்ளனர். (மண்டலம்: தாம்பரம்)
TN-NLP-6694,சிந்தாதிரிப்பேட்டை கூவம் நதி பாலத்தின் சிமெண்ட் கைப்பிடி சுவர் உடைந்து அபாயகரமாக உள்ளது. (மண்டலம்: சென்னை வடக்கு),infrastructure,Public Infrastructure Damage,ta,சென்னை வடக்கு,சிந்தாதிரிப்பேட்டை கூவம் நதி பாலத்தின் சிமெண்ட் கைப்பிடி சுவர் உடைந்து அபாயகரமாக உள்ளது. (மண்டலம்: சென்னை வடக்கு)
TN-NLP-6233,ஜிஎஸ்டி சாலையில் பல தெருவிளக்குகள் எரியாமல் இருள் சூழ்ந்து விபத்து அபாயம் நிலவுகிறது. (மண்டலம்: தாம்பரம்),streetlights,Streetlights & Electrical Hazards,ta,தாம்பரம்,ஜிஎஸ்டி சாலையில் பல தெருவிளக்குகள் எரியாமல் இருள் சூழ்ந்து விபத்து அபாயம் நிலவுகிறது. (மண்டலம்: தாம்பரம்)
TN-NLP-6797,கோயம்பேடு மேம்பாலம் அருகில் உள்ள நகராட்சி பேருந்து நிழற்கூரை சேதமடைந்துள்ளது. (மண்டலம்: சென்னை வடக்கு),infrastructure,Public Infrastructure Damage,ta,சென்னை வடக்கு,கோயம்பேடு மேம்பாலம் அருகில் உள்ள நகராட்சி பேருந்து நிழற்கூரை சேதமடைந்துள்ளது. (மண்டலம்: சென்னை வடக்கு)
TN-NLP-5289,தி. நகர் உஸ்மான் சாலை சந்திப்பில் தார் தளம் அடித்துச் செல்லப்பட்டு பெரிய குழி உருவாகியுள்ளது. (மண்டலம்: தாம்பரம்),roads,Road Damage & Potholes,ta,தாம்பரம்,தி. நகர் உஸ்மான் சாலை சந்திப்பில் தார் தளம் அடித்துச் செல்லப்பட்டு பெரிய குழி உருவாகியுள்ளது. (மண்டலம்: தாம்பரம்)
TN-NLP-7092,வேளச்சேரி குடியிருப்பு பகுதியில் தெருநாய்களின் தொல்லை அதிகரித்து பொதுமக்கள் அச்சமடைந்துள்ளனர். (மண்டலம்: ஆவடி),other,Other / General Municipal Operations,ta,ஆவடி,வேளச்சேரி குடியிருப்பு பகுதியில் தெருநாய்களின் தொல்லை அதிகரித்து பொதுமக்கள் அச்சமடைந்துள்ளனர். (மண்டலம்: ஆவடி)
TN-NLP-5886,திருவான்மியூர் கடற்கரை சாலையில் கட்டுமானக் கழிவுகள் சட்டவிரோதமாகக் கொட்டப்பட்டுள்ளன. (மண்டலம்: சென்னை தெற்கு),garbage,Garbage & Waste Disposal,ta,சென்னை தெற்கு,திருவான்மியூர் கடற்கரை சாலையில் கட்டுமானக் கழிவுகள் சட்டவிரோதமாகக் கொட்டப்பட்டுள்ளன. (மண்டலம்: சென்னை தெற்கு)
TN-NLP-5413,கோடம்பாக்கம் தெருவில் கழிவுநீர் குழாய் உடைந்து துர்நாற்றம் வீசுவதுடன் சுகாதார சீர்கேடு ஏற்பட்டுள்ளது. (மண்டலம்: சென்னை வடக்கு),drainage,Drainage & Sewage Overflow,ta,சென்னை வடக்கு,கோடம்பாக்கம் தெருவில் கழிவுநீர் குழாய் உடைந்து துர்நாற்றம் வீசுவதுடன் சுகாதார சீர்கேடு ஏற்பட்டுள்ளது. (மண்டலம்: சென்னை வடக்கு)
TN-NLP-5984,திருவல்லிக்கேணி தெருவில் கடந்த 48 மணி நேரமாக குடிநீர் விநியோகம் முற்றிலும் நிறுத்தப்பட்டுள்ளது. (மண்டலம்: தாம்பரம்),water,Water Supply Contamination / Burst,ta,தாம்பரம்,திருவல்லிக்கேணி தெருவில் கடந்த 48 மணி நேரமாக குடிநீர் விநியோகம் முற்றிலும் நிறுத்தப்பட்டுள்ளது. (மண்டலம்: தாம்பரம்)
TN-NLP-6573,கோயம்பேடு மேம்பாலம் அருகில் உள்ள நகராட்சி பேருந்து நிழற்கூரை சேதமடைந்துள்ளது. (மண்டலம்: சென்னை தெற்கு),infrastructure,Public Infrastructure Damage,ta,சென்னை தெற்கு,கோயம்பேடு மேம்பாலம் அருகில் உள்ள நகராட்சி பேருந்து நிழற்கூரை சேதமடைந்துள்ளது. (மண்டலம்: சென்னை தெற்கு)
TN-NLP-6477,பெருங்குடி ஓஎம்ஆர் சாலையில் மின்கம்பத்தில் இருந்து ஆபத்தான முறையில் மின்வயர் தொங்குகிறது. (மண்டலம்: தாம்பரம்),streetlights,Streetlights & Electrical Hazards,ta,தாம்பரம்,பெருங்குடி ஓஎம்ஆர் சாலையில் மின்கம்பத்தில் இருந்து ஆபத்தான முறையில் மின்வயர் தொங்குகிறது. (மண்டலம்: தாம்பரம்)
TN-NLP-5622,திருவான்மியூர் கடற்கரை சாலையில் கட்டுமானக் கழிவுகள் சட்டவிரோதமாகக் கொட்டப்பட்டுள்ளன. (மண்டலம்: சென்னை தெற்கு),garbage,Garbage & Waste Disposal,ta,சென்னை தெற்கு,திருவான்மியூர் கடற்கரை சாலையில் கட்டுமானக் கழிவுகள் சட்டவிரோதமாகக் கொட்டப்பட்டுள்ளன. (மண்டலம்: சென்னை தெற்கு)
TN-NLP-5116,அண்ணா சாலையில் உள்ள பெரும் பள்ளத்தால் போக்குவரத்து நெரிசல் மற்றும் விபத்துக்கள் ஏற்படுகிறது. (மண்டலம்: ஆவடி),roads,Road Damage & Potholes,ta,ஆவடி,அண்ணா சாலையில் உள்ள பெரும் பள்ளத்தால் போக்குவரத்து நெரிசல் மற்றும் விபத்துக்கள் ஏற்படுகிறது. (மண்டலம்: ஆவடி)
TN-NLP-6342,ஜிஎஸ்டி சாலையில் பல தெருவிளக்குகள் எரியாமல் இருள் சூழ்ந்து விபத்து அபாயம் நிலவுகிறது. (மண்டலம்: ஆவடி),streetlights,Streetlights & Electrical Hazards,ta,ஆவடி,ஜிஎஸ்டி சாலையில் பல தெருவிளக்குகள் எரியாமல் இருள் சூழ்ந்து விபத்து அபாயம் நிலவுகிறது. (மண்டலம்: ஆவடி)
TN-NLP-5844,கோயம்பேடு சந்தை சாலையில் குப்பைத் தொட்டிகள் நிரம்பி வழிந்து சுகாதாரக் கேடு விளைவிக்கிறது. (மண்டலம்: தாம்பரம்),garbage,Garbage & Waste Disposal,ta,தாம்பரம்,கோயம்பேடு சந்தை சாலையில் குப்பைத் தொட்டிகள் நிரம்பி வழிந்து சுகாதாரக் கேடு விளைவிக்கிறது. (மண்டலம்: தாம்பரம்)
TN-NLP-7044,வேளச்சேரி குடியிருப்பு பகுதியில் தெருநாய்களின் தொல்லை அதிகரித்து பொதுமக்கள் அச்சமடைந்துள்ளனர். (மண்டலம்: சென்னை தெற்கு),other,Other / General Municipal Operations,ta,சென்னை தெற்கு,வேளச்சேரி குடியிருப்பு பகுதியில் தெருநாய்களின் தொல்லை அதிகரித்து பொதுமக்கள் அச்சமடைந்துள்ளனர். (மண்டலம்: சென்னை தெற்கு)
TN-NLP-5926,அண்ணா நகர் 2வது அவென்யூவில் குடிநீர் குழாய் உடைந்து குடிநீர் வீணாகி வருகிறது. (மண்டலம்: சென்னை மத்திய மண்டலம்),water,Water Supply Contamination / Burst,ta,சென்னை மத்திய மண்டலம்,அண்ணா நகர் 2வது அவென்யூவில் குடிநீர் குழாய் உடைந்து குடிநீர் வீணாகி வருகிறது. (மண்டலம்: சென்னை மத்திய மண்டலம்)
TN-NLP-5717,நுங்கம்பாக்கம் பஸ் நிறுத்தம் அருகில் குப்பைகள் அகற்றப்படாமல் 4 நாட்களாக தேங்கியுள்ளது. (மண்டலம்: தாம்பரம்),garbage,Garbage & Waste Disposal,ta,தாம்பரம்,நுங்கம்பாக்கம் பஸ் நிறுத்தம் அருகில் குப்பைகள் அகற்றப்படாமல் 4 நாட்களாக தேங்கியுள்ளது. (மண்டலம்: தாம்பரம்)
TN-NLP-6802,வேளச்சேரி குடியிருப்பு பகுதியில் தெருநாய்களின் தொல்லை அதிகரித்து பொதுமக்கள் அச்சமடைந்துள்ளனர். (மண்டலம்: சென்னை மத்திய மண்டலம்),other,Other / General Municipal Operations,ta,சென்னை மத்திய மண்டலம்,வேளச்சேரி குடியிருப்பு பகுதியில் தெருநாய்களின் தொல்லை அதிகரித்து பொதுமக்கள் அச்சமடைந்துள்ளனர். (மண்டலம்: சென்னை மத்திய மண்டலம்)
TN-NLP-6130,அண்ணா நகர் 2வது அவென்யூவில் குடிநீர் குழாய் உடைந்து குடிநீர் வீணாகி வருகிறது. (மண்டலம்: சென்னை தெற்கு),water,Water Supply Contamination / Burst,ta,சென்னை தெற்கு,அண்ணா நகர் 2வது அவென்யூவில் குடிநீர் குழாய் உடைந்து குடிநீர் வீணாகி வருகிறது. (மண்டலம்: சென்னை தெற்கு)
TN-NLP-5437,ராயப்பேட்டையில் திறந்தவெளி கழிவுநீர் கால்வாயில் இருந்து சாக்கடை நீர் சாலையில் வழிகிறது. (மண்டலம்: சென்னை தெற்கு),drainage,Drainage & Sewage Overflow,ta,சென்னை தெற்கு,ராயப்பேட்டையில் திறந்தவெளி கழிவுநீர் கால்வாயில் இருந்து சாக்கடை நீர் சாலையில் வழிகிறது. (மண்டலம்: சென்னை தெற்கு)
TN-NLP-5164,தி. நகர் உஸ்மான் சாலை சந்திப்பில் தார் தளம் அடித்துச் செல்லப்பட்டு பெரிய குழி உருவாகியுள்ளது. (மண்டலம்: ஆவடி),roads,Road Damage & Potholes,ta,ஆவடி,தி. நகர் உஸ்மான் சாலை சந்திப்பில் தார் தளம் அடித்துச் செல்லப்பட்டு பெரிய குழி உருவாகியுள்ளது. (மண்டலம்: ஆவடி)
TN-NLP-6393,பெருங்குடி ஓஎம்ஆர் சாலையில் மின்கம்பத்தில் இருந்து ஆபத்தான முறையில் மின்வயர் தொங்குகிறது. (மண்டலம்: சென்னை தெற்கு),streetlights,Streetlights & Electrical Hazards,ta,சென்னை தெற்கு,பெருங்குடி ஓஎம்ஆர் சாலையில் மின்கம்பத்தில் இருந்து ஆபத்தான முறையில் மின்வயர் தொங்குகிறது. (மண்டலம்: சென்னை தெற்கு)
TN-NLP-6055,அண்ணா நகர் 2வது அவென்யூவில் குடிநீர் குழாய் உடைந்து குடிநீர் வீணாகி வருகிறது. (மண்டலம்: தாம்பரம்),water,Water Supply Contamination / Burst,ta,தாம்பரம்,அண்ணா நகர் 2வது அவென்யூவில் குடிநீர் குழாய் உடைந்து குடிநீர் வீணாகி வருகிறது. (மண்டலம்: தாம்பரம்)
TN-NLP-5372,ராயப்பேட்டையில் திறந்தவெளி கழிவுநீர் கால்வாயில் இருந்து சாக்கடை நீர் சாலையில் வழிகிறது. (மண்டலம்: சென்னை மத்திய மண்டலம்),drainage,Drainage & Sewage Overflow,ta,சென்னை மத்திய மண்டலம்,ராயப்பேட்டையில் திறந்தவெளி கழிவுநீர் கால்வாயில் இருந்து சாக்கடை நீர் சாலையில் வழிகிறது. (மண்டலம்: சென்னை மத்திய மண்டலம்)
TN-NLP-5655,கோயம்பேடு சந்தை சாலையில் குப்பைத் தொட்டிகள் நிரம்பி வழிந்து சுகாதாரக் கேடு விளைவிக்கிறது. (மண்டலம்: சென்னை மத்திய மண்டலம்),garbage,Garbage & Waste Disposal,ta,சென்னை மத்திய மண்டலம்,கோயம்பேடு சந்தை சாலையில் குப்பைத் தொட்டிகள் நிரம்பி வழிந்து சுகாதாரக் கேடு விளைவிக்கிறது. (மண்டலம்: சென்னை மத்திய மண்டலம்)
TN-NLP-6298,ஜிஎஸ்டி சாலையில் பல தெருவிளக்குகள் எரியாமல் இருள் சூழ்ந்து விபத்து அபாயம் நிலவுகிறது. (மண்டலம்: தாம்பரம்),streetlights,Streetlights & Electrical Hazards,ta,தாம்பரம்,ஜிஎஸ்டி சாலையில் பல தெருவிளக்குகள் எரியாமல் இருள் சூழ்ந்து விபத்து அபாயம் நிலவுகிறது. (மண்டலம்: தாம்பரம்)
TN-NLP-6734,சிந்தாதிரிப்பேட்டை கூவம் நதி பாலத்தின் சிமெண்ட் கைப்பிடி சுவர் உடைந்து அபாயகரமாக உள்ளது. (மண்டலம்: சென்னை வடக்கு),infrastructure,Public Infrastructure Damage,ta,சென்னை வடக்கு,சிந்தாதிரிப்பேட்டை கூவம் நதி பாலத்தின் சிமெண்ட் கைப்பிடி சுவர் உடைந்து அபாயகரமாக உள்ளது. (மண்டலம்: சென்னை வடக்கு)
TN-NLP-5472,அசோக் நகர் 4வது அவென்யூவில் மழைநீர் வடிகால் அடைப்பால் வீடுகளுக்குள் தண்ணீர் புகுந்துள்ளது. (மண்டலம்: சென்னை மத்திய மண்டலம்),drainage,Drainage & Sewage Overflow,ta,சென்னை மத்திய மண்டலம்,அசோக் நகர் 4வது அவென்யூவில் மழைநீர் வடிகால் அடைப்பால் வீடுகளுக்குள் தண்ணீர் புகுந்துள்ளது. (மண்டலம்: சென்னை மத்திய மண்டலம்)
TN-NLP-5162,தி. நகர் உஸ்மான் சாலை சந்திப்பில் தார் தளம் அடித்துச் செல்லப்பட்டு பெரிய குழி உருவாகியுள்ளது. (மண்டலம்: சென்னை வடக்கு),roads,Road Damage & Potholes,ta,சென்னை வடக்கு,தி. நகர் உஸ்மான் சாலை சந்திப்பில் தார் தளம் அடித்துச் செல்லப்பட்டு பெரிய குழி உருவாகியுள்ளது. (மண்டலம்: சென்னை வடக்கு)
TN-NLP-6263,பெருங்குடி ஓஎம்ஆர் சாலையில் மின்கம்பத்தில் இருந்து ஆபத்தான முறையில் மின்வயர் தொங்குகிறது. (மண்டலம்: சென்னை வடக்கு),streetlights,Streetlights & Electrical Hazards,ta,சென்னை வடக்கு,பெருங்குடி ஓஎம்ஆர் சாலையில் மின்கம்பத்தில் இருந்து ஆபத்தான முறையில் மின்வயர் தொங்குகிறது. (மண்டலம்: சென்னை வடக்கு)
TN-NLP-6363,ஜிஎஸ்டி சாலையில் பல தெருவிளக்குகள் எரியாமல் இருள் சூழ்ந்து விபத்து அபாயம் நிலவுகிறது. (மண்டலம்: சென்னை தெற்கு),streetlights,Streetlights & Electrical Hazards,ta,சென்னை தெற்கு,ஜிஎஸ்டி சாலையில் பல தெருவிளக்குகள் எரியாமல் இருள் சூழ்ந்து விபத்து அபாயம் நிலவுகிறது. (மண்டலம்: சென்னை தெற்கு)
TN-NLP-6115,திருவல்லிக்கேணி தெருவில் கடந்த 48 மணி நேரமாக குடிநீர் விநியோகம் முற்றிலும் நிறுத்தப்பட்டுள்ளது. (மண்டலம்: சென்னை தெற்கு),water,Water Supply Contamination / Burst,ta,சென்னை தெற்கு,திருவல்லிக்கேணி தெருவில் கடந்த 48 மணி நேரமாக குடிநீர் விநியோகம் முற்றிலும் நிறுத்தப்பட்டுள்ளது. (மண்டலம்: சென்னை தெற்கு)
TN-NLP-5078,வேளச்சேரி மெயின் ரோட்டில் மழைநீரால் சாலை முற்றிலும் சேதமடைந்து இருசக்கர வாகன ஓட்டிகளுக்கு பேராபத்தை ஏற்படுத்துகிறது. (மண்டலம்: தாம்பரம்),roads,Road Damage & Potholes,ta,தாம்பரம்,வேளச்சேரி மெயின் ரோட்டில் மழைநீரால் சாலை முற்றிலும் சேதமடைந்து இருசக்கர வாகன ஓட்டிகளுக்கு பேராபத்தை ஏற்படுத்துகிறது. (மண்டலம்: தாம்பரம்)
TN-NLP-6119,பெசன்ட் நகரில் விநியோகிக்கப்படும் குடிநீரில் துர்நாற்றமும் கலங்கலான நிறமும் உள்ளது. (மண்டலம்: சென்னை மத்திய மண்டலம்),water,Water Supply Contamination / Burst,ta,சென்னை மத்திய மண்டலம்,பெசன்ட் நகரில் விநியோகிக்கப்படும் குடிநீரில் துர்நாற்றமும் கலங்கலான நிறமும் உள்ளது. (மண்டலம்: சென்னை மத்திய மண்டலம்)
TN-NLP-6282,பெருங்குடி ஓஎம்ஆர் சாலையில் மின்கம்பத்தில் இருந்து ஆபத்தான முறையில் மின்வயர் தொங்குகிறது. (மண்டலம்: சென்னை தெற்கு),streetlights,Streetlights & Electrical Hazards,ta,சென்னை தெற்கு,பெருங்குடி ஓஎம்ஆர் சாலையில் மின்கம்பத்தில் இருந்து ஆபத்தான முறையில் மின்வயர் தொங்குகிறது. (மண்டலம்: சென்னை தெற்கு)
