grievance_id,title,description,category_name,category_id,department_code,district,ward,urgency_level,support_count,master_issue_count,hotspot_priority,created_at
CP-SEV-02522,Public dustbin lid missing in Tambaram,"Urgent attention requested: Plastic dustbin lid missing at street corner bin. (Ref Ward-30, Tambaram)",Garbage & Waste Disposal,garbage,DEPT_SANITATION,Tambaram,Ward-30,LOW,10,2,36.53,2026-08-11T17:00:00Z
CP-SEV-00207,Moderate pothole on residential lane in Avadi,"Urgent attention requested: Pothole approximately 1 foot wide causing discomfort for two-wheelers in neighborhood street. (Ref Ward-22, Avadi)",Road Damage & Potholes,roads,DEPT_ROADS,Avadi,Ward-22,MEDIUM,2,1,33.95,2026-08-02T18:00:00Z
CP-SEV-01806,Single decorative garden light dim in public park in Avadi,"Field inspection notice: Pedestrian walkway lamp shade slightly dusty and dim in municipal park. (Ref Ward-159, Avadi)",Streetlights & Electrical Hazards,streetlights,DEPT_LIGHTING,Avadi,Ward-159,LOW,1,1,1.33,2026-08-24T10:00:00Z
CP-SEV-00764,Localized water supply line leakage in Avadi,"Urgent attention requested: Drinking water pipeline leaking small stream of clean water on roadside near residential building. (Ref Ward-33, Avadi)",Water Supply Contamination / Burst,water,DEPT_WATER,Avadi,Ward-33,MEDIUM,8,2,21.52,2026-08-18T08:00:00Z
CP-SEV-02660,Commercial shop waste dumped on sidewalk in Avadi,"Citizen report from Retail shop cardboard boxes and plastic packaging dumped along footpath. (Ref Ward-7, Avadi)",Garbage & Waste Disposal,garbage,DEPT_SANITATION,Avadi,Ward-7,MEDIUM,5,2,17.06,2026-08-04T20:00:00Z
CP-SEV-03665,Tree branch overhanging private wall in Chennai South,"Citizen report from Small tree branch extending over compound wall without immediate blockage. (Ref Ward-53, Chennai South)",Other / General Municipal Operations,other,DEPT_GENERAL,Chennai South,Ward-53,LOW,0,1,11.01,2026-08-03T08:00:00Z
CP-SEV-02152,Entire street dark due to multiple streetlight failure in Chennai South,"Field inspection notice: All 15 streetlights out on main connecting road creating dark zone and safety hazard for commuters. (Ref Ward-84, Chennai South)",Streetlights & Electrical Hazards,streetlights,DEPT_LIGHTING,Chennai South,Ward-84,HIGH,23,11,56.53,2026-08-24T08:00:00Z
CP-SEV-00891,Water supply timing delayed by 2 hours in Avadi,"Morning municipal water supply delayed by two hours without advance notice. (Ref Ward-179, Avadi)",Water Supply Contamination / Burst,water,DEPT_WATER,Avadi,Ward-179,MEDIUM,2,2,18.61,2026-08-15T08:00:00Z
CP-SEV-00783,Localized water supply line leakage in Avadi,"Field inspection notice: Drinking water pipeline leaking small stream of clean water on roadside near residential building. (Ref Ward-134, Avadi)",Water Supply Contamination / Burst,water,DEPT_WATER,Avadi,Ward-134,MEDIUM,6,1,8.27,2026-08-01T10:00:00Z
CP-SEV-00414,Uncovered manhole trench on main avenue in Tambaram,"Field inspection notice: Road cut open for cable laying left open without barricades on major avenue. (Ref Ward-86, Tambaram)",Road Damage & Potholes,roads,DEPT_ROADS,Tambaram,Ward-86,HIGH,41,10,56.13,2026-08-11T17:00:00Z
CP-SEV-03079,Minor scratch on public park bench in Chennai North,"Municipal grievance reported: Wooden bench slat scratched in public garden. (Ref Ward-85, Chennai North)",Public Infrastructure Damage,infrastructure,DEPT_WORKS,Chennai North,Ward-85,LOW,0,2,36.73,2026-08-09T19:00:00Z
CP-SEV-00458,Catastrophic road cave-in and asphalt collapse in Tambaram,"Field inspection notice: Massive crater opened up on main arterial road causing vehicle overturn and imminent life hazard. (Ref Ward-97, Tambaram)",Road Damage & Potholes,roads,DEPT_ROADS,Tambaram,Ward-97,CRITICAL,4,11,85.76,2026-08-25T09:00:00Z
CP-SEV-03570,Municipal hall roof slab collapse hazard in Tiruvallur,"Heavy concrete ceiling slab sagging and crumbling over crowded public waiting hall. (Ref Ward-51, Tiruvallur)",Public Infrastructure Damage,infrastructure,DEPT_WORKS,Tiruvallur,Ward-51,CRITICAL,35,2,73.9,2026-08-15T11:00:00Z
CP-SEV-01439,Small open drainage chamber cover displaced in Tiruvallur,"Field inspection notice: Concrete cover slab of small side drain displaced by 2 inches. (Ref Ward-40, Tiruvallur)",Drainage & Sewage Overflow,drainage,DEPT_DRAINAGE,Tiruvallur,Ward-40,MEDIUM,0,2,19.23,2026-08-03T20:00:00Z
CP-SEV-03361,Unstable overhead gantries signboard shaking in wind in Tiruvallur,"Urgent attention requested: Large directional sign board hanging loose over main road threatening to fall on vehicles. (Ref Ward-156, Tiruvallur)",Public Infrastructure Damage,infrastructure,DEPT_WORKS,Tiruvallur,Ward-156,HIGH,28,5,78.23,2026-08-05T20:00:00Z
CP-SEV-03562,Municipal hall roof slab collapse hazard in Avadi,"Field inspection notice: Heavy concrete ceiling slab sagging and crumbling over crowded public waiting hall. (Ref Ward-76, Avadi)",Public Infrastructure Damage,infrastructure,DEPT_WORKS,Avadi,Ward-76,CRITICAL,29,14,53.62,2026-08-06T17:00:00Z
CP-SEV-03591,Municipal hall roof slab collapse hazard in Chennai South,"Heavy concrete ceiling slab sagging and crumbling over crowded public waiting hall. (Ref Ward-52, Chennai South)",Public Infrastructure Damage,infrastructure,DEPT_WORKS,Chennai South,Ward-52,CRITICAL,37,11,94.45,2026-08-09T15:00:00Z
CP-SEV-02764,Large uncollected garbage dump overflowing onto main road in Kanchipuram,"Field inspection notice: Massive multi-ton waste pile spilling onto main road lane causing traffic blockage and stench. (Ref Ward-24, Kanchipuram)",Garbage & Waste Disposal,garbage,DEPT_SANITATION,Kanchipuram,Ward-24,HIGH,37,9,87.23,2026-08-04T18:00:00Z
CP-SEV-04187,Chemical gas leak from abandoned industrial cylinder in Avadi,"Field inspection notice: Pungent chemical gas leaking from abandoned cylinder causing eye irritation and breathing panic in colony. (Ref Ward-112, Avadi)",Other / General Municipal Operations,other,DEPT_GENERAL,Avadi,Ward-112,CRITICAL,11,15,89.68,2026-08-20T17:00:00Z
CP-SEV-02469,Small litter paper cups near park bench in Chennai North,"Municipal grievance reported: Few discarded tea cups scattered around park bench area. (Ref Ward-29, Chennai North)",Garbage & Waste Disposal,garbage,DEPT_SANITATION,Chennai North,Ward-29,LOW,9,3,12.47,2026-08-14T11:00:00Z
CP-SEV-01005,Brownish muddy water in residential supply line in Chennai North,"Municipal grievance reported: Tap water coming contaminated with mud and silt across entire street layout. (Ref Ward-118, Chennai North)",Water Supply Contamination / Burst,water,DEPT_WATER,Chennai North,Ward-118,HIGH,41,4,57.95,2026-08-02T14:00:00Z
CP-SEV-00386,Uncovered manhole trench on main avenue in Kanchipuram,"Urgent attention requested: Road cut open for cable laying left open without barricades on major avenue. (Ref Ward-125, Kanchipuram)",Road Damage & Potholes,roads,DEPT_ROADS,Kanchipuram,Ward-125,HIGH,0,9,74.82,2026-08-01T08:00:00Z
CP-SEV-01669,Underground sewage main explosion flooding hospital basement in Tiruvallur,"Urgent attention requested: Main sewage trunk line ruptured flooding hospital basement and ground floor with raw sewage. (Ref Ward-82, Tiruvallur)",Drainage & Sewage Overflow,drainage,DEPT_DRAINAGE,Tiruvallur,Ward-82,CRITICAL,43,7,61.83,2026-08-24T08:00:00Z
CP-SEV-03593,Municipal hall roof slab collapse hazard in Chennai North,"Field inspection notice: Heavy concrete ceiling slab sagging and crumbling over crowded public waiting hall. (Ref Ward-115, Chennai North)",Public Infrastructure Damage,infrastructure,DEPT_WORKS,Chennai North,Ward-115,CRITICAL,35,14,54.77,2026-08-01T10:00:00Z
CP-SEV-02238,Damaged electrical junction box door open in Chennai North,"Feeder pillar box door hanging open with exposed low-voltage terminals near footpath. (Ref Ward-123, Chennai North)",Streetlights & Electrical Hazards,streetlights,DEPT_LIGHTING,Chennai North,Ward-123,HIGH,6,14,73.39,2026-08-22T18:00:00Z
CP-SEV-03262,Cracked plaster on municipal wall in Avadi,"Citizen report from Boundary wall plaster cracking near municipal office enclosure. (Ref Ward-157, Avadi)",Public Infrastructure Damage,infrastructure,DEPT_WORKS,Avadi,Ward-157,MEDIUM,1,2,31.76,2026-08-18T12:00:00Z
CP-SEV-03522,Imminent structural collapse of busy flyover bridge pillar in Chennai North,"Urgent attention requested: Load-bearing concrete pillar of busy traffic flyover cracked with large concrete blocks falling onto road below. (Ref Ward-16, Chennai North)",Public Infrastructure Damage,infrastructure,DEPT_WORKS,Chennai North,Ward-16,CRITICAL,1,9,73.35,2026-08-08T20:00:00Z
CP-SEV-03540,Municipal hall roof slab collapse hazard in Avadi,"Citizen report from Heavy concrete ceiling slab sagging and crumbling over crowded public waiting hall. (Ref Ward-39, Avadi)",Public Infrastructure Damage,infrastructure,DEPT_WORKS,Avadi,Ward-39,CRITICAL,41,4,73.1,2026-08-20T20:00:00Z
CP-SEV-01946,Streetlight pole sticker peeling off in Kanchipuram,"Citizen report from Identification sticker on light pole peeling off near corner. (Ref Ward-185, Kanchipuram)",Streetlights & Electrical Hazards,streetlights,DEPT_LIGHTING,Kanchipuram,Ward-185,LOW,2,3,32.18,2026-08-16T08:00:00Z
CP-SEV-02154,Entire street dark due to multiple streetlight failure in Tiruvallur,"Citizen report from All 15 streetlights out on main connecting road creating dark zone and safety hazard for commuters. (Ref Ward-61, Tiruvallur)",Streetlights & Electrical Hazards,streetlights,DEPT_LIGHTING,Tiruvallur,Ward-61,HIGH,25,6,50.53,2026-08-16T15:00:00Z
CP-SEV-00387,Uncovered manhole trench on main avenue in Avadi,"Municipal grievance reported: Road cut open for cable laying left open without barricades on major avenue. (Ref Ward-185, Avadi)",Road Damage & Potholes,roads,DEPT_ROADS,Avadi,Ward-185,HIGH,34,5,50.77,2026-08-27T19:00:00Z
CP-SEV-02087,Streetlight timer misconfigured turning off early in Chennai South,"Streetlights turning off 1 hour before sunrise in neighborhood layout. (Ref Ward-151, Chennai South)",Streetlights & Electrical Hazards,streetlights,DEPT_LIGHTING,Chennai South,Ward-151,MEDIUM,7,1,11.33,2026-08-14T17:00:00Z
CP-SEV-00705,Minor street tap valve dripping in Tambaram,"Public street tap dripping slowly near community park. (Ref Ward-197, Tambaram)",Water Supply Contamination / Burst,water,DEPT_WATER,Tambaram,Ward-197,LOW,3,1,24.82,2026-08-18T16:00:00Z
CP-SEV-02623,Uncleared garbage dump accumulating for 3 days in Chennai South,"Urgent attention requested: Municipal green bin overflowing with household waste uncleared for 72 hours. (Ref Ward-48, Chennai South)",Garbage & Waste Disposal,garbage,DEPT_SANITATION,Chennai South,Ward-48,MEDIUM,4,3,34.39,2026-08-09T19:00:00Z
CP-SEV-03488,Imminent structural collapse of busy flyover bridge pillar in Tambaram,"Urgent attention requested: Load-bearing concrete pillar of busy traffic flyover cracked with large concrete blocks falling onto road below. (Ref Ward-56, Tambaram)",Public Infrastructure Damage,infrastructure,DEPT_WORKS,Tambaram,Ward-56,CRITICAL,30,1,56.72,2026-08-13T15:00:00Z
CP-SEV-03930,Large fallen tree trunk blocking entire avenue in Kanchipuram,"Urgent attention requested: Heavy gulmohar tree uprooted during storm completely blocking two-lane avenue. (Ref Ward-126, Kanchipuram)",Other / General Municipal Operations,other,DEPT_GENERAL,Kanchipuram,Ward-126,HIGH,32,13,72.55,2026-08-05T10:00:00Z
CP-SEV-01401,Localized clogged street drain causing puddle in Tambaram,"Urgent attention requested: Street drain inlet blocked with debris causing minor water pooling after rain. (Ref Ward-179, Tambaram)",Drainage & Sewage Overflow,drainage,DEPT_DRAINAGE,Tambaram,Ward-179,MEDIUM,3,1,12.32,2026-08-21T16:00:00Z
CP-SEV-03332,Unstable overhead gantries signboard shaking in wind in Kanchipuram,"Large directional sign board hanging loose over main road threatening to fall on vehicles. (Ref Ward-125, Kanchipuram)",Public Infrastructure Damage,infrastructure,DEPT_WORKS,Kanchipuram,Ward-125,HIGH,36,13,88.78,2026-08-28T09:00:00Z
CP-SEV-01762,Severe toxic sewage backup into ground floor homes in Tambaram,"Citizen report from Raw black sewage backing up into toilets and living rooms of 50 houses creating extreme cholera biohazard. (Ref Ward-57, Tambaram)",Drainage & Sewage Overflow,drainage,DEPT_DRAINAGE,Tambaram,Ward-57,CRITICAL,22,8,51.39,2026-08-19T19:00:00Z
CP-SEV-03204,Damaged metal traffic guard rail in Tambaram,"Municipal grievance reported: Galvanized iron traffic barrier bent after minor vehicle impact near bus stand. (Ref Ward-52, Tambaram)",Public Infrastructure Damage,infrastructure,DEPT_WORKS,Tambaram,Ward-52,MEDIUM,7,2,5.9,2026-08-07T11:00:00Z
CP-SEV-04068,Rabid stray dog pack actively biting children outside school gate in Kanchipuram,"Urgent attention requested: Multiple children bitten and injured by aggressive rabid dog pack near school entrance. (Ref Ward-46, Kanchipuram)",Other / General Municipal Operations,other,DEPT_GENERAL,Kanchipuram,Ward-46,CRITICAL,23,7,56.29,2026-08-01T09:00:00Z
CP-SEV-00993,Brownish muddy water in residential supply line in Chennai Central,"Urgent attention requested: Tap water coming contaminated with mud and silt across entire street layout. (Ref Ward-120, Chennai Central)",Water Supply Contamination / Burst,water,DEPT_WATER,Chennai Central,Ward-120,HIGH,40,8,91.52,2026-08-09T20:00:00Z
CP-SEV-00444,Uncovered manhole trench on main avenue in Chennai South,"Field inspection notice: Road cut open for cable laying left open without barricades on major avenue. (Ref Ward-50, Chennai South)",Road Damage & Potholes,roads,DEPT_ROADS,Chennai South,Ward-50,HIGH,35,9,79.39,2026-08-14T18:00:00Z
CP-SEV-03054,Faded street name sign board in Chennai South,"Municipal street sign board paint faded near junction. (Ref Ward-1, Chennai South)",Public Infrastructure Damage,infrastructure,DEPT_WORKS,Chennai South,Ward-1,LOW,2,1,38.01,2026-08-12T15:00:00Z
CP-SEV-02760,Large uncollected garbage dump overflowing onto main road in Tiruvallur,"Municipal grievance reported: Massive multi-ton waste pile spilling onto main road lane causing traffic blockage and stench. (Ref Ward-102, Tiruvallur)",Garbage & Waste Disposal,garbage,DEPT_SANITATION,Tiruvallur,Ward-102,HIGH,32,1,93.79,2026-08-04T14:00:00Z
CP-SEV-03421,Public footbridge steps broken in Tambaram,"Concrete steps on pedestrian footbridge cracked with exposed rusty iron rebar. (Ref Ward-59, Tambaram)",Public Infrastructure Damage,infrastructure,DEPT_WORKS,Tambaram,Ward-59,HIGH,1,9,90.77,2026-08-27T18:00:00Z
CP-SEV-00124,Small stone gravel loose on roadside margin in Kanchipuram,"Field inspection notice: Loose gravel scattered near street corner after minor maintenance. (Ref Ward-153, Kanchipuram)",Road Damage & Potholes,roads,DEPT_ROADS,Kanchipuram,Ward-153,LOW,4,1,10.42,2026-08-23T12:00:00Z
CP-SEV-03925,Large fallen tree trunk blocking entire avenue in Kanchipuram,"Urgent attention requested: Heavy gulmohar tree uprooted during storm completely blocking two-lane avenue. (Ref Ward-137, Kanchipuram)",Other / General Municipal Operations,other,DEPT_GENERAL,Kanchipuram,Ward-137,HIGH,42,14,90.96,2026-08-11T17:00:00Z
CP-SEV-00822,Localized water supply line leakage in Kanchipuram,"Drinking water pipeline leaking small stream of clean water on roadside near residential building. (Ref Ward-128, Kanchipuram)",Water Supply Contamination / Burst,water,DEPT_WATER,Kanchipuram,Ward-128,MEDIUM,2,3,12.74,2026-08-14T18:00:00Z
CP-SEV-02700,Commercial shop waste dumped on sidewalk in Chennai North,"Retail shop cardboard boxes and plastic packaging dumped along footpath. (Ref Ward-135, Chennai North)",Garbage & Waste Disposal,garbage,DEPT_SANITATION,Chennai North,Ward-135,MEDIUM,4,1,24.27,2026-08-08T11:00:00Z
CP-SEV-00625,Slight water pressure decrease in morning tap in Kanchipuram,"Municipal grievance reported: Municipal tap water pressure is slightly lower than usual during morning supply hours. (Ref Ward-26, Kanchipuram)",Water Supply Contamination / Burst,water,DEPT_WATER,Kanchipuram,Ward-26,LOW,10,1,20.55,2026-08-10T12:00:00Z
CP-SEV-01382,Localized clogged street drain causing puddle in Chennai North,"Citizen report from Street drain inlet blocked with debris causing minor water pooling after rain. (Ref Ward-81, Chennai North)",Drainage & Sewage Overflow,drainage,DEPT_DRAINAGE,Chennai North,Ward-81,MEDIUM,6,3,18.8,2026-08-15T15:00:00Z
CP-SEV-00966,Main municipal water supply pipeline burst in Chennai Central,"Urgent attention requested: Main feeder pipe burst flooding street and leaving 500 households without water for 24h. (Ref Ward-9, Chennai Central)",Water Supply Contamination / Burst,water,DEPT_WATER,Chennai Central,Ward-9,HIGH,36,8,81.72,2026-08-04T17:00:00Z
CP-SEV-04049,Stray dog pack menace creating panic near market in Kanchipuram,"Municipal grievance reported: Pack of aggressive stray dogs barking and chasing two-wheelers near market. (Ref Ward-124, Kanchipuram)",Other / General Municipal Operations,other,DEPT_GENERAL,Kanchipuram,Ward-124,HIGH,37,14,58.91,2026-08-12T09:00:00Z
CP-SEV-00364,Deep pothole causing vehicle damage and traffic blockage in Chennai Central,"Dangerous deep crater on main road damaging car tires and causing traffic congestion. (Ref Ward-37, Chennai Central)",Road Damage & Potholes,roads,DEPT_ROADS,Chennai Central,Ward-37,HIGH,14,7,63.52,2026-08-02T16:00:00Z
CP-SEV-02035,Streetlight timer misconfigured turning off early in Avadi,"Streetlights turning off 1 hour before sunrise in neighborhood layout. (Ref Ward-118, Avadi)",Streetlights & Electrical Hazards,streetlights,DEPT_LIGHTING,Avadi,Ward-118,MEDIUM,6,3,26.79,2026-08-18T14:00:00Z
CP-SEV-01248,Dry leaves covering roadside drain grate in Chennai North,"Field inspection notice: Accumulation of dry fallen leaves over storm drain inlet grate. (Ref Ward-107, Chennai North)",Drainage & Sewage Overflow,drainage,DEPT_DRAINAGE,Chennai North,Ward-107,LOW,4,1,9.42,2026-08-02T08:00:00Z
CP-SEV-01360,Localized clogged street drain causing puddle in Avadi,"Field inspection notice: Street drain inlet blocked with debris causing minor water pooling after rain. (Ref Ward-160, Avadi)",Drainage & Sewage Overflow,drainage,DEPT_DRAINAGE,Avadi,Ward-160,MEDIUM,1,1,6.5,2026-08-05T20:00:00Z
CP-SEV-02766,Large uncollected garbage dump overflowing onto main road in Tiruvallur,"Massive multi-ton waste pile spilling onto main road lane causing traffic blockage and stench. (Ref Ward-126, Tiruvallur)",Garbage & Waste Disposal,garbage,DEPT_SANITATION,Tiruvallur,Ward-126,HIGH,28,4,84.1,2026-08-28T11:00:00Z
CP-SEV-02377,Electrical transformer explosion emitting fire and smoke in Avadi,"Field inspection notice: Street transformer exploded emitting fire sparks and thick black smoke near crowded apartments. (Ref Ward-198, Avadi)",Streetlights & Electrical Hazards,streetlights,DEPT_LIGHTING,Avadi,Ward-198,CRITICAL,13,3,55.07,2026-08-13T20:00:00Z
CP-SEV-03026,Faded street name sign board in Chennai Central,"Urgent attention requested: Municipal street sign board paint faded near junction. (Ref Ward-99, Chennai Central)",Public Infrastructure Damage,infrastructure,DEPT_WORKS,Chennai Central,Ward-99,LOW,4,1,41.28,2026-08-08T16:00:00Z
CP-SEV-03693,Faded ward boundary map in Chennai Central,"Public information board map faded at zonal office. (Ref Ward-120, Chennai Central)",Other / General Municipal Operations,other,DEPT_GENERAL,Chennai Central,Ward-120,LOW,10,2,43.2,2026-08-09T08:00:00Z
CP-SEV-02410,Small litter paper cups near park bench in Kanchipuram,"Field inspection notice: Few discarded tea cups scattered around park bench area. (Ref Ward-165, Kanchipuram)",Garbage & Waste Disposal,garbage,DEPT_SANITATION,Kanchipuram,Ward-165,LOW,2,3,40.29,2026-08-07T19:00:00Z
CP-SEV-03590,Municipal hall roof slab collapse hazard in Chennai North,"Heavy concrete ceiling slab sagging and crumbling over crowded public waiting hall. (Ref Ward-142, Chennai North)",Public Infrastructure Damage,infrastructure,DEPT_WORKS,Chennai North,Ward-142,CRITICAL,7,13,77.7,2026-08-27T10:00:00Z
CP-SEV-03322,Unstable overhead gantries signboard shaking in wind in Chennai Central,"Citizen report from Large directional sign board hanging loose over main road threatening to fall on vehicles. (Ref Ward-138, Chennai Central)",Public Infrastructure Damage,infrastructure,DEPT_WORKS,Chennai Central,Ward-138,HIGH,27,9,68.77,2026-08-16T14:00:00Z
CP-SEV-03103,Minor scratch on public park bench in Tiruvallur,"Citizen report from Wooden bench slat scratched in public garden. (Ref Ward-179, Tiruvallur)",Public Infrastructure Damage,infrastructure,DEPT_WORKS,Tiruvallur,Ward-179,LOW,7,3,12.02,2026-08-22T10:00:00Z
CP-SEV-03203,Damaged metal traffic guard rail in Kanchipuram,"Field inspection notice: Galvanized iron traffic barrier bent after minor vehicle impact near bus stand. (Ref Ward-162, Kanchipuram)",Public Infrastructure Damage,infrastructure,DEPT_WORKS,Kanchipuram,Ward-162,MEDIUM,4,3,38.68,2026-08-25T14:00:00Z
CP-SEV-02262,High-voltage 11kV live wire snapped hanging across school gate in Kanchipuram,"Citizen report from Sparking live electrical cable hanging at chest height right outside primary school entrance. (Ref Ward-18, Kanchipuram)",Streetlights & Electrical Hazards,streetlights,DEPT_LIGHTING,Kanchipuram,Ward-18,CRITICAL,27,10,66.69,2026-08-24T10:00:00Z
CP-SEV-03910,Large fallen tree trunk blocking entire avenue in Tiruvallur,"Municipal grievance reported: Heavy gulmohar tree uprooted during storm completely blocking two-lane avenue. (Ref Ward-9, Tiruvallur)",Other / General Municipal Operations,other,DEPT_GENERAL,Tiruvallur,Ward-9,HIGH,39,6,57.63,2026-08-17T20:00:00Z
CP-SEV-04078,Rabid stray dog pack actively biting children outside school gate in Chennai Central,"Multiple children bitten and injured by aggressive rabid dog pack near school entrance. (Ref Ward-46, Chennai Central)",Other / General Municipal Operations,other,DEPT_GENERAL,Chennai Central,Ward-46,CRITICAL,30,14,60.44,2026-08-13T20:00:00Z
CP-SEV-00685,Minor street tap valve dripping in Avadi,"Municipal grievance reported: Public street tap dripping slowly near community park. (Ref Ward-59, Avadi)",Water Supply Contamination / Burst,water,DEPT_WATER,Avadi,Ward-59,LOW,6,2,20.3,2026-08-13T14:00:00Z
CP-SEV-00676,Minor street tap valve dripping in Avadi,"Public street tap dripping slowly near community park. (Ref Ward-122, Avadi)",Water Supply Contamination / Burst,water,DEPT_WATER,Avadi,Ward-122,LOW,10,1,5.16,2026-08-12T15:00:00Z
CP-SEV-00878,Water supply timing delayed by 2 hours in Avadi,"Municipal grievance reported: Morning municipal water supply delayed by two hours without advance notice. (Ref Ward-158, Avadi)",Water Supply Contamination / Burst,water,DEPT_WATER,Avadi,Ward-158,MEDIUM,9,3,27.56,2026-08-20T11:00:00Z
CP-SEV-03019,Faded street name sign board in Tiruvallur,"Citizen report from Municipal street sign board paint faded near junction. (Ref Ward-27, Tiruvallur)",Public Infrastructure Damage,infrastructure,DEPT_WORKS,Tiruvallur,Ward-27,LOW,1,3,29.68,2026-08-16T08:00:00Z
CP-SEV-00971,Main municipal water supply pipeline burst in Tambaram,"Municipal grievance reported: Main feeder pipe burst flooding street and leaving 500 households without water for 24h. (Ref Ward-147, Tambaram)",Water Supply Contamination / Burst,water,DEPT_WATER,Tambaram,Ward-147,HIGH,26,6,93.23,2026-08-26T12:00:00Z
CP-SEV-01999,Single streetlight non-functional on residential lane in Chennai North,"Citizen report from Sodium streetlight bulb fused outside house no 42 on quiet residential road. (Ref Ward-169, Chennai North)",Streetlights & Electrical Hazards,streetlights,DEPT_LIGHTING,Chennai North,Ward-169,MEDIUM,3,1,13.56,2026-08-03T10:00:00Z
CP-SEV-03719,Faded ward boundary map in Tambaram,"Urgent attention requested: Public information board map faded at zonal office. (Ref Ward-108, Tambaram)",Other / General Municipal Operations,other,DEPT_GENERAL,Tambaram,Ward-108,LOW,6,3,9.38,2026-08-09T17:00:00Z
CP-SEV-01683,Underground sewage main explosion flooding hospital basement in Chennai Central,"Municipal grievance reported: Main sewage trunk line ruptured flooding hospital basement and ground floor with raw sewage. (Ref Ward-169, Chennai Central)",Drainage & Sewage Overflow,drainage,DEPT_DRAINAGE,Chennai Central,Ward-169,CRITICAL,19,14,90.62,2026-08-14T18:00:00Z
CP-SEV-01192,Complete water outage in hospital ward for 48 hours in Chennai Central,"Citizen report from Zero water supply in municipal hospital premises for two days, threatening patient emergency operations. (Ref Ward-68, Chennai Central)",Water Supply Contamination / Burst,water,DEPT_WATER,Chennai Central,Ward-68,CRITICAL,39,8,90.83,2026-08-12T17:00:00Z
CP-SEV-02392,Electrical transformer explosion emitting fire and smoke in Tambaram,"Urgent attention requested: Street transformer exploded emitting fire sparks and thick black smoke near crowded apartments. (Ref Ward-8, Tambaram)",Streetlights & Electrical Hazards,streetlights,DEPT_LIGHTING,Tambaram,Ward-8,CRITICAL,31,7,87.37,2026-08-14T10:00:00Z
CP-SEV-02188,Damaged electrical junction box door open in Chennai Central,"Feeder pillar box door hanging open with exposed low-voltage terminals near footpath. (Ref Ward-149, Chennai Central)",Streetlights & Electrical Hazards,streetlights,DEPT_LIGHTING,Chennai Central,Ward-149,HIGH,26,14,67.72,2026-08-24T08:00:00Z
CP-SEV-02182,Damaged electrical junction box door open in Chennai North,"Urgent attention requested: Feeder pillar box door hanging open with exposed low-voltage terminals near footpath. (Ref Ward-164, Chennai North)",Streetlights & Electrical Hazards,streetlights,DEPT_LIGHTING,Chennai North,Ward-164,HIGH,17,14,82.58,2026-08-09T12:00:00Z
CP-SEV-04061,Rabid stray dog pack actively biting children outside school gate in Chennai North,"Urgent attention requested: Multiple children bitten and injured by aggressive rabid dog pack near school entrance. (Ref Ward-104, Chennai North)",Other / General Municipal Operations,other,DEPT_GENERAL,Chennai North,Ward-104,CRITICAL,3,3,58.79,2026-08-06T16:00:00Z
CP-SEV-00173,Moderate pothole on residential lane in Avadi,"Municipal grievance reported: Pothole approximately 1 foot wide causing discomfort for two-wheelers in neighborhood street. (Ref Ward-98, Avadi)",Road Damage & Potholes,roads,DEPT_ROADS,Avadi,Ward-98,MEDIUM,1,3,10.52,2026-08-01T17:00:00Z
CP-SEV-04079,Rabid stray dog pack actively biting children outside school gate in Chennai North,"Citizen report from Multiple children bitten and injured by aggressive rabid dog pack near school entrance. (Ref Ward-86, Chennai North)",Other / General Municipal Operations,other,DEPT_GENERAL,Chennai North,Ward-86,CRITICAL,24,7,66.69,2026-08-11T17:00:00Z
CP-SEV-02231,Damaged electrical junction box door open in Chennai South,"Urgent attention requested: Feeder pillar box door hanging open with exposed low-voltage terminals near footpath. (Ref Ward-89, Chennai South)",Streetlights & Electrical Hazards,streetlights,DEPT_LIGHTING,Chennai South,Ward-89,HIGH,43,15,56.96,2026-08-12T17:00:00Z
CP-SEV-01741,Severe toxic sewage backup into ground floor homes in Kanchipuram,"Citizen report from Raw black sewage backing up into toilets and living rooms of 50 houses creating extreme cholera biohazard. (Ref Ward-29, Kanchipuram)",Drainage & Sewage Overflow,drainage,DEPT_DRAINAGE,Kanchipuram,Ward-29,CRITICAL,1,15,70.74,2026-08-09T08:00:00Z
CP-SEV-01366,Localized clogged street drain causing puddle in Tiruvallur,"Municipal grievance reported: Street drain inlet blocked with debris causing minor water pooling after rain. (Ref Ward-131, Tiruvallur)",Drainage & Sewage Overflow,drainage,DEPT_DRAINAGE,Tiruvallur,Ward-131,MEDIUM,7,3,20.89,2026-08-11T19:00:00Z
CP-SEV-01335,Slight odor from storm water drain inlet in Tiruvallur,"Municipal grievance reported: Mild stagnant smell from open storm drain during hot afternoon. (Ref Ward-14, Tiruvallur)",Drainage & Sewage Overflow,drainage,DEPT_DRAINAGE,Tiruvallur,Ward-14,LOW,8,1,42.46,2026-08-25T17:00:00Z
CP-SEV-03578,Municipal hall roof slab collapse hazard in Chennai South,"Heavy concrete ceiling slab sagging and crumbling over crowded public waiting hall. (Ref Ward-26, Chennai South)",Public Infrastructure Damage,infrastructure,DEPT_WORKS,Chennai South,Ward-26,CRITICAL,24,1,94.44,2026-08-07T10:00:00Z
CP-SEV-01250,Dry leaves covering roadside drain grate in Chennai North,"Municipal grievance reported: Accumulation of dry fallen leaves over storm drain inlet grate. (Ref Ward-17, Chennai North)",Drainage & Sewage Overflow,drainage,DEPT_DRAINAGE,Chennai North,Ward-17,LOW,6,1,27.79,2026-08-04T16:00:00Z
CP-SEV-03678,Faded ward boundary map in Avadi,"Citizen report from Public information board map faded at zonal office. (Ref Ward-34, Avadi)",Other / General Municipal Operations,other,DEPT_GENERAL,Avadi,Ward-34,LOW,6,2,3.42,2026-08-08T09:00:00Z
CP-SEV-01253,Dry leaves covering roadside drain grate in Tiruvallur,"Urgent attention requested: Accumulation of dry fallen leaves over storm drain inlet grate. (Ref Ward-118, Tiruvallur)",Drainage & Sewage Overflow,drainage,DEPT_DRAINAGE,Tiruvallur,Ward-118,LOW,1,3,27.43,2026-08-28T09:00:00Z
CP-SEV-00797,Localized water supply line leakage in Chennai South,"Drinking water pipeline leaking small stream of clean water on roadside near residential building. (Ref Ward-133, Chennai South)",Water Supply Contamination / Burst,water,DEPT_WATER,Chennai South,Ward-133,MEDIUM,10,2,12.81,2026-08-24T16:00:00Z
CP-SEV-01839,Single decorative garden light dim in public park in Avadi,"Citizen report from Pedestrian walkway lamp shade slightly dusty and dim in municipal park. (Ref Ward-75, Avadi)",Streetlights & Electrical Hazards,streetlights,DEPT_LIGHTING,Avadi,Ward-75,LOW,8,2,14.35,2026-08-18T16:00:00Z
CP-SEV-02519,Public dustbin lid missing in Chennai North,"Citizen report from Plastic dustbin lid missing at street corner bin. (Ref Ward-35, Chennai North)",Garbage & Waste Disposal,garbage,DEPT_SANITATION,Chennai North,Ward-35,LOW,6,3,8.71,2026-08-26T10:00:00Z
CP-SEV-01834,Single decorative garden light dim in public park in Tiruvallur,"Pedestrian walkway lamp shade slightly dusty and dim in municipal park. (Ref Ward-138, Tiruvallur)",Streetlights & Electrical Hazards,streetlights,DEPT_LIGHTING,Tiruvallur,Ward-138,LOW,0,1,39.3,2026-08-08T08:00:00Z
CP-SEV-00054,Minor cosmetic paint peeling on speed breaker in Tambaram,"Field inspection notice: Faded paint on speed bump near residential lane, requires routine repaint. (Ref Ward-142, Tambaram)",Road Damage & Potholes,roads,DEPT_ROADS,Tambaram,Ward-142,LOW,8,1,5.03,2026-08-23T10:00:00Z
CP-SEV-02889,Toxic biohazardous medical waste burning near residential area in Kanchipuram,"Urgent attention requested: Illegal dump of hospital syringes and chemical waste set on fire emitting toxic fumes into homes. (Ref Ward-74, Kanchipuram)",Garbage & Waste Disposal,garbage,DEPT_SANITATION,Kanchipuram,Ward-74,CRITICAL,15,1,55.61,2026-08-20T13:00:00Z
CP-SEV-03105,Minor scratch on public park bench in Tiruvallur,"Urgent attention requested: Wooden bench slat scratched in public garden. (Ref Ward-58, Tiruvallur)",Public Infrastructure Damage,infrastructure,DEPT_WORKS,Tiruvallur,Ward-58,LOW,0,2,22.08,2026-08-13T20:00:00Z
CP-SEV-03845,Overgrown grass near roadside footway in Chennai North,"Field inspection notice: Wild grass growing along sidewalk margin. (Ref Ward-196, Chennai North)",Other / General Municipal Operations,other,DEPT_GENERAL,Chennai North,Ward-196,MEDIUM,7,1,22.75,2026-08-20T16:00:00Z
CP-SEV-03180,Damaged metal traffic guard rail in Tambaram,"Municipal grievance reported: Galvanized iron traffic barrier bent after minor vehicle impact near bus stand. (Ref Ward-67, Tambaram)",Public Infrastructure Damage,infrastructure,DEPT_WORKS,Tambaram,Ward-67,MEDIUM,10,3,40.06,2026-08-16T08:00:00Z
CP-SEV-00247,Uneven road paver block near bus stop in Avadi,"Interlocking paver blocks displaced near local bus shelter area. (Ref Ward-27, Avadi)",Road Damage & Potholes,roads,DEPT_ROADS,Avadi,Ward-27,MEDIUM,1,2,3.77,2026-08-06T12:00:00Z
CP-SEV-01172,Complete water outage in hospital ward for 48 hours in Tiruvallur,"Urgent attention requested: Zero water supply in municipal hospital premises for two days, threatening patient emergency operations. (Ref Ward-190, Tiruvallur)",Water Supply Contamination / Burst,water,DEPT_WATER,Tiruvallur,Ward-190,CRITICAL,44,15,85.5,2026-08-08T12:00:00Z
CP-SEV-01867,Single decorative garden light dim in public park in Avadi,"Urgent attention requested: Pedestrian walkway lamp shade slightly dusty and dim in municipal park. (Ref Ward-7, Avadi)",Streetlights & Electrical Hazards,streetlights,DEPT_LIGHTING,Avadi,Ward-7,LOW,9,1,36.36,2026-08-17T19:00:00Z
CP-SEV-01377,Localized clogged street drain causing puddle in Chennai South,"Street drain inlet blocked with debris causing minor water pooling after rain. (Ref Ward-181, Chennai South)",Drainage & Sewage Overflow,drainage,DEPT_DRAINAGE,Chennai South,Ward-181,MEDIUM,2,3,33.29,2026-08-09T08:00:00Z
CP-SEV-02189,Damaged electrical junction box door open in Chennai Central,"Field inspection notice: Feeder pillar box door hanging open with exposed low-voltage terminals near footpath. (Ref Ward-166, Chennai Central)",Streetlights & Electrical Hazards,streetlights,DEPT_LIGHTING,Chennai Central,Ward-166,HIGH,29,10,88.85,2026-08-02T14:00:00Z
CP-SEV-01180,Complete water outage in hospital ward for 48 hours in Kanchipuram,"Field inspection notice: Zero water supply in municipal hospital premises for two days, threatening patient emergency operations. (Ref Ward-48, Kanchipuram)",Water Supply Contamination / Burst,water,DEPT_WATER,Kanchipuram,Ward-48,CRITICAL,41,3,50.14,2026-08-07T18:00:00Z
CP-SEV-03295,Cracked plaster on municipal wall in Tiruvallur,"Field inspection notice: Boundary wall plaster cracking near municipal office enclosure. (Ref Ward-13, Tiruvallur)",Public Infrastructure Damage,infrastructure,DEPT_WORKS,Tiruvallur,Ward-13,MEDIUM,4,3,1.62,2026-08-21T11:00:00Z
CP-SEV-00024,Minor cosmetic paint peeling on speed breaker in Chennai Central,"Citizen report from Faded paint on speed bump near residential lane, requires routine repaint. (Ref Ward-79, Chennai Central)",Road Damage & Potholes,roads,DEPT_ROADS,Chennai Central,Ward-79,LOW,0,1,39.51,2026-08-03T09:00:00Z
CP-SEV-03525,Imminent structural collapse of busy flyover bridge pillar in Chennai Central,"Field inspection notice: Load-bearing concrete pillar of busy traffic flyover cracked with large concrete blocks falling onto road below. (Ref Ward-31, Chennai Central)",Public Infrastructure Damage,infrastructure,DEPT_WORKS,Chennai Central,Ward-31,CRITICAL,0,1,76.08,2026-08-28T09:00:00Z
CP-SEV-00749,Minor street tap valve dripping in Avadi,"Urgent attention requested: Public street tap dripping slowly near community park. (Ref Ward-4, Avadi)",Water Supply Contamination / Burst,water,DEPT_WATER,Avadi,Ward-4,LOW,1,3,12.8,2026-08-27T16:00:00Z
CP-SEV-03277,Cracked plaster on municipal wall in Tambaram,"Field inspection notice: Boundary wall plaster cracking near municipal office enclosure. (Ref Ward-120, Tambaram)",Public Infrastructure Damage,infrastructure,DEPT_WORKS,Tambaram,Ward-120,MEDIUM,1,3,31.15,2026-08-22T14:00:00Z
CP-SEV-00875,Water supply timing delayed by 2 hours in Avadi,"Urgent attention requested: Morning municipal water supply delayed by two hours without advance notice. (Ref Ward-137, Avadi)",Water Supply Contamination / Burst,water,DEPT_WATER,Avadi,Ward-137,MEDIUM,2,2,37.78,2026-08-05T19:00:00Z
CP-SEV-00168,Moderate pothole on residential lane in Chennai Central,"Field inspection notice: Pothole approximately 1 foot wide causing discomfort for two-wheelers in neighborhood street. (Ref Ward-192, Chennai Central)",Road Damage & Potholes,roads,DEPT_ROADS,Chennai Central,Ward-192,MEDIUM,2,1,5.95,2026-08-18T13:00:00Z
CP-SEV-00344,Deep pothole causing vehicle damage and traffic blockage in Tambaram,"Dangerous deep crater on main road damaging car tires and causing traffic congestion. (Ref Ward-192, Tambaram)",Road Damage & Potholes,roads,DEPT_ROADS,Tambaram,Ward-192,HIGH,23,7,81.59,2026-08-16T20:00:00Z
CP-SEV-02586,Uncleared garbage dump accumulating for 3 days in Chennai North,"Urgent attention requested: Municipal green bin overflowing with household waste uncleared for 72 hours. (Ref Ward-28, Chennai North)",Garbage & Waste Disposal,garbage,DEPT_SANITATION,Chennai North,Ward-28,MEDIUM,4,3,43.38,2026-08-05T19:00:00Z
CP-SEV-03489,Imminent structural collapse of busy flyover bridge pillar in Kanchipuram,"Citizen report from Load-bearing concrete pillar of busy traffic flyover cracked with large concrete blocks falling onto road below. (Ref Ward-168, Kanchipuram)",Public Infrastructure Damage,infrastructure,DEPT_WORKS,Kanchipuram,Ward-168,CRITICAL,3,15,91.85,2026-08-25T08:00:00Z
CP-SEV-04127,Chemical gas leak from abandoned industrial cylinder in Chennai North,"Pungent chemical gas leaking from abandoned cylinder causing eye irritation and breathing panic in colony. (Ref Ward-198, Chennai North)",Other / General Municipal Operations,other,DEPT_GENERAL,Chennai North,Ward-198,CRITICAL,13,7,71.44,2026-08-17T13:00:00Z
CP-SEV-01215,Dry leaves covering roadside drain grate in Chennai South,"Field inspection notice: Accumulation of dry fallen leaves over storm drain inlet grate. (Ref Ward-62, Chennai South)",Drainage & Sewage Overflow,drainage,DEPT_DRAINAGE,Chennai South,Ward-62,LOW,1,1,38.36,2026-08-06T14:00:00Z
CP-SEV-01507,Severe storm water logging blocking street access in Avadi,"Field inspection notice: Rainwater logging knee-deep across entire street blocking vehicles and shop entrances. (Ref Ward-48, Avadi)",Drainage & Sewage Overflow,drainage,DEPT_DRAINAGE,Avadi,Ward-48,HIGH,44,1,67.72,2026-08-27T16:00:00Z
CP-SEV-02026,Streetlight timer misconfigured turning off early in Tiruvallur,"Field inspection notice: Streetlights turning off 1 hour before sunrise in neighborhood layout. (Ref Ward-26, Tiruvallur)",Streetlights & Electrical Hazards,streetlights,DEPT_LIGHTING,Tiruvallur,Ward-26,MEDIUM,8,3,3.54,2026-08-21T19:00:00Z
CP-SEV-01324,Slight odor from storm water drain inlet in Kanchipuram,"Mild stagnant smell from open storm drain during hot afternoon. (Ref Ward-190, Kanchipuram)",Drainage & Sewage Overflow,drainage,DEPT_DRAINAGE,Kanchipuram,Ward-190,LOW,10,3,27.13,2026-08-06T09:00:00Z
CP-SEV-00982,Brownish muddy water in residential supply line in Avadi,"Field inspection notice: Tap water coming contaminated with mud and silt across entire street layout. (Ref Ward-60, Avadi)",Water Supply Contamination / Burst,water,DEPT_WATER,Avadi,Ward-60,HIGH,43,12,67.55,2026-08-09T10:00:00Z
CP-SEV-02964,Massive garbage barrier blocking emergency hospital ambulance entrance in Chennai Central,"Municipal grievance reported: Rotting garbage pile collapsed across hospital gate preventing emergency ambulance access. (Ref Ward-151, Chennai Central)",Garbage & Waste Disposal,garbage,DEPT_SANITATION,Chennai Central,Ward-151,CRITICAL,20,13,79.7,2026-08-04T09:00:00Z
CP-SEV-03062,Faded street name sign board in Kanchipuram,"Urgent attention requested: Municipal street sign board paint faded near junction. (Ref Ward-179, Kanchipuram)",Public Infrastructure Damage,infrastructure,DEPT_WORKS,Kanchipuram,Ward-179,LOW,1,1,25.85,2026-08-01T17:00:00Z
CP-SEV-01325,Slight odor from storm water drain inlet in Avadi,"Urgent attention requested: Mild stagnant smell from open storm drain during hot afternoon. (Ref Ward-33, Avadi)",Drainage & Sewage Overflow,drainage,DEPT_DRAINAGE,Avadi,Ward-33,LOW,2,2,42.01,2026-08-28T11:00:00Z
CP-SEV-00454,Catastrophic road cave-in and asphalt collapse in Chennai South,"Municipal grievance reported: Massive crater opened up on main arterial road causing vehicle overturn and imminent life hazard. (Ref Ward-83, Chennai South)",Road Damage & Potholes,roads,DEPT_ROADS,Chennai South,Ward-83,CRITICAL,18,10,62.03,2026-08-28T16:00:00Z
CP-SEV-03818,Stray cattle roaming on residential street in Tiruvallur,"Municipal grievance reported: Stray cows sitting on residential lane causing minor vehicle slowness. (Ref Ward-167, Tiruvallur)",Other / General Municipal Operations,other,DEPT_GENERAL,Tiruvallur,Ward-167,MEDIUM,0,2,11.16,2026-08-10T15:00:00Z
CP-SEV-00829,Water supply timing delayed by 2 hours in Tiruvallur,"Urgent attention requested: Morning municipal water supply delayed by two hours without advance notice. (Ref Ward-78, Tiruvallur)",Water Supply Contamination / Burst,water,DEPT_WATER,Tiruvallur,Ward-78,MEDIUM,3,3,4.37,2026-08-24T11:00:00Z
CP-SEV-03347,Unstable overhead gantries signboard shaking in wind in Kanchipuram,"Citizen report from Large directional sign board hanging loose over main road threatening to fall on vehicles. (Ref Ward-130, Kanchipuram)",Public Infrastructure Damage,infrastructure,DEPT_WORKS,Kanchipuram,Ward-130,HIGH,12,15,60.15,2026-08-20T10:00:00Z
CP-SEV-02944,Massive garbage barrier blocking emergency hospital ambulance entrance in Chennai South,"Rotting garbage pile collapsed across hospital gate preventing emergency ambulance access. (Ref Ward-92, Chennai South)",Garbage & Waste Disposal,garbage,DEPT_SANITATION,Chennai South,Ward-92,CRITICAL,15,14,78.36,2026-08-09T16:00:00Z
CP-SEV-02321,High-voltage 11kV live wire snapped hanging across school gate in Chennai South,"Sparking live electrical cable hanging at chest height right outside primary school entrance. (Ref Ward-139, Chennai South)",Streetlights & Electrical Hazards,streetlights,DEPT_LIGHTING,Chennai South,Ward-139,CRITICAL,12,12,55.58,2026-08-25T09:00:00Z
CP-SEV-00069,Minor cosmetic paint peeling on speed breaker in Kanchipuram,"Faded paint on speed bump near residential lane, requires routine repaint. (Ref Ward-76, Kanchipuram)",Road Damage & Potholes,roads,DEPT_ROADS,Kanchipuram,Ward-76,LOW,2,1,18.92,2026-08-13T18:00:00Z
CP-SEV-00367,Deep pothole causing vehicle damage and traffic blockage in Chennai Central,"Citizen report from Dangerous deep crater on main road damaging car tires and causing traffic congestion. (Ref Ward-97, Chennai Central)",Road Damage & Potholes,roads,DEPT_ROADS,Chennai Central,Ward-97,HIGH,34,8,60.84,2026-08-08T12:00:00Z
CP-SEV-01696,Underground sewage main explosion flooding hospital basement in Chennai North,"Municipal grievance reported: Main sewage trunk line ruptured flooding hospital basement and ground floor with raw sewage. (Ref Ward-37, Chennai North)",Drainage & Sewage Overflow,drainage,DEPT_DRAINAGE,Chennai North,Ward-37,CRITICAL,16,15,58.13,2026-08-03T15:00:00Z
CP-SEV-04111,Rabid stray dog pack actively biting children outside school gate in Tiruvallur,"Citizen report from Multiple children bitten and injured by aggressive rabid dog pack near school entrance. (Ref Ward-124, Tiruvallur)",Other / General Municipal Operations,other,DEPT_GENERAL,Tiruvallur,Ward-124,CRITICAL,43,5,74.01,2026-08-04T12:00:00Z
CP-SEV-01802,Single decorative garden light dim in public park in Kanchipuram,"Pedestrian walkway lamp shade slightly dusty and dim in municipal park. (Ref Ward-185, Kanchipuram)",Streetlights & Electrical Hazards,streetlights,DEPT_LIGHTING,Kanchipuram,Ward-185,LOW,5,2,32.18,2026-08-26T10:00:00Z
CP-SEV-03024,Faded street name sign board in Tiruvallur,"Municipal street sign board paint faded near junction. (Ref Ward-162, Tiruvallur)",Public Infrastructure Damage,infrastructure,DEPT_WORKS,Tiruvallur,Ward-162,LOW,10,3,41.38,2026-08-22T15:00:00Z
CP-SEV-00111,Small stone gravel loose on roadside margin in Chennai Central,"Field inspection notice: Loose gravel scattered near street corner after minor maintenance. (Ref Ward-91, Chennai Central)",Road Damage & Potholes,roads,DEPT_ROADS,Chennai Central,Ward-91,LOW,4,2,11.31,2026-08-04T19:00:00Z
CP-SEV-01375,Localized clogged street drain causing puddle in Chennai North,"Urgent attention requested: Street drain inlet blocked with debris causing minor water pooling after rain. (Ref Ward-31, Chennai North)",Drainage & Sewage Overflow,drainage,DEPT_DRAINAGE,Chennai North,Ward-31,MEDIUM,5,1,24.57,2026-08-11T11:00:00Z
CP-SEV-00122,Small stone gravel loose on roadside margin in Avadi,"Urgent attention requested: Loose gravel scattered near street corner after minor maintenance. (Ref Ward-190, Avadi)",Road Damage & Potholes,roads,DEPT_ROADS,Avadi,Ward-190,LOW,3,3,9.5,2026-08-22T09:00:00Z
CP-SEV-00087,Small stone gravel loose on roadside margin in Tiruvallur,"Field inspection notice: Loose gravel scattered near street corner after minor maintenance. (Ref Ward-100, Tiruvallur)",Road Damage & Potholes,roads,DEPT_ROADS,Tiruvallur,Ward-100,LOW,8,3,33.06,2026-08-26T17:00:00Z
CP-SEV-02698,Commercial shop waste dumped on sidewalk in Kanchipuram,"Urgent attention requested: Retail shop cardboard boxes and plastic packaging dumped along footpath. (Ref Ward-107, Kanchipuram)",Garbage & Waste Disposal,garbage,DEPT_SANITATION,Kanchipuram,Ward-107,MEDIUM,9,3,9.62,2026-08-12T17:00:00Z
CP-SEV-01736,Severe toxic sewage backup into ground floor homes in Tambaram,"Citizen report from Raw black sewage backing up into toilets and living rooms of 50 houses creating extreme cholera biohazard. (Ref Ward-99, Tambaram)",Drainage & Sewage Overflow,drainage,DEPT_DRAINAGE,Tambaram,Ward-99,CRITICAL,31,2,65.32,2026-08-27T17:00:00Z
CP-SEV-02777,Animal carcasses dumped openly near residential layout in Avadi,"Municipal grievance reported: Decomposed animal waste dumped near residential colony causing intense stench and flies. (Ref Ward-137, Avadi)",Garbage & Waste Disposal,garbage,DEPT_SANITATION,Avadi,Ward-137,HIGH,15,7,78.05,2026-08-18T12:00:00Z
CP-SEV-03565,Municipal hall roof slab collapse hazard in Chennai South,"Municipal grievance reported: Heavy concrete ceiling slab sagging and crumbling over crowded public waiting hall. (Ref Ward-81, Chennai South)",Public Infrastructure Damage,infrastructure,DEPT_WORKS,Chennai South,Ward-81,CRITICAL,13,5,52.41,2026-08-24T14:00:00Z
CP-SEV-02084,Streetlight timer misconfigured turning off early in Chennai Central,"Urgent attention requested: Streetlights turning off 1 hour before sunrise in neighborhood layout. (Ref Ward-163, Chennai Central)",Streetlights & Electrical Hazards,streetlights,DEPT_LIGHTING,Chennai Central,Ward-163,MEDIUM,3,2,5.24,2026-08-03T15:00:00Z
CP-SEV-03388,Public footbridge steps broken in Tambaram,"Citizen report from Concrete steps on pedestrian footbridge cracked with exposed rusty iron rebar. (Ref Ward-123, Tambaram)",Public Infrastructure Damage,infrastructure,DEPT_WORKS,Tambaram,Ward-123,HIGH,20,15,69.15,2026-08-06T10:00:00Z
CP-SEV-03030,Faded street name sign board in Chennai South,"Urgent attention requested: Municipal street sign board paint faded near junction. (Ref Ward-188, Chennai South)",Public Infrastructure Damage,infrastructure,DEPT_WORKS,Chennai South,Ward-188,LOW,7,2,41.22,2026-08-01T13:00:00Z
CP-SEV-03303,Unstable overhead gantries signboard shaking in wind in Chennai Central,"Field inspection notice: Large directional sign board hanging loose over main road threatening to fall on vehicles. (Ref Ward-78, Chennai Central)",Public Infrastructure Damage,infrastructure,DEPT_WORKS,Chennai Central,Ward-78,HIGH,1,5,72.6,2026-08-17T15:00:00Z
CP-SEV-01232,Dry leaves covering roadside drain grate in Avadi,"Field inspection notice: Accumulation of dry fallen leaves over storm drain inlet grate. (Ref Ward-186, Avadi)",Drainage & Sewage Overflow,drainage,DEPT_DRAINAGE,Avadi,Ward-186,LOW,4,3,36.59,2026-08-20T13:00:00Z
CP-SEV-03639,Tree branch overhanging private wall in Chennai South,"Citizen report from Small tree branch extending over compound wall without immediate blockage. (Ref Ward-45, Chennai South)",Other / General Municipal Operations,other,DEPT_GENERAL,Chennai South,Ward-45,LOW,7,1,4.79,2026-08-03T15:00:00Z
CP-SEV-03933,Large fallen tree trunk blocking entire avenue in Chennai North,"Citizen report from Heavy gulmohar tree uprooted during storm completely blocking two-lane avenue. (Ref Ward-188, Chennai North)",Other / General Municipal Operations,other,DEPT_GENERAL,Chennai North,Ward-188,HIGH,44,12,61.49,2026-08-21T13:00:00Z
CP-SEV-01058,Toxic chemical effluent mixing into drinking water supply in Avadi,"Urgent attention requested: Industrial chemical sewage leaking directly into municipal drinking pipeline, causing severe illness. (Ref Ward-135, Avadi)",Water Supply Contamination / Burst,water,DEPT_WATER,Avadi,Ward-135,CRITICAL,30,12,73.94,2026-08-27T16:00:00Z
CP-SEV-03611,Tree branch overhanging private wall in Tiruvallur,"Field inspection notice: Small tree branch extending over compound wall without immediate blockage. (Ref Ward-40, Tiruvallur)",Other / General Municipal Operations,other,DEPT_GENERAL,Tiruvallur,Ward-40,LOW,8,3,35.43,2026-08-28T09:00:00Z
CP-SEV-02327,Electrical transformer explosion emitting fire and smoke in Chennai North,"Urgent attention requested: Street transformer exploded emitting fire sparks and thick black smoke near crowded apartments. (Ref Ward-191, Chennai North)",Streetlights & Electrical Hazards,streetlights,DEPT_LIGHTING,Chennai North,Ward-191,CRITICAL,20,10,84.71,2026-08-12T19:00:00Z
CP-SEV-01955,Single streetlight non-functional on residential lane in Chennai Central,"Sodium streetlight bulb fused outside house no 42 on quiet residential road. (Ref Ward-189, Chennai Central)",Streetlights & Electrical Hazards,streetlights,DEPT_LIGHTING,Chennai Central,Ward-189,MEDIUM,10,2,9.42,2026-08-01T20:00:00Z
CP-SEV-04052,Rabid stray dog pack actively biting children outside school gate in Chennai Central,"Field inspection notice: Multiple children bitten and injured by aggressive rabid dog pack near school entrance. (Ref Ward-63, Chennai Central)",Other / General Municipal Operations,other,DEPT_GENERAL,Chennai Central,Ward-63,CRITICAL,31,11,69.6,2026-08-04T16:00:00Z
CP-SEV-03615,Tree branch overhanging private wall in Chennai Central,"Field inspection notice: Small tree branch extending over compound wall without immediate blockage. (Ref Ward-40, Chennai Central)",Other / General Municipal Operations,other,DEPT_GENERAL,Chennai Central,Ward-40,LOW,10,1,34.31,2026-08-26T17:00:00Z
CP-SEV-02439,Small litter paper cups near park bench in Chennai North,"Urgent attention requested: Few discarded tea cups scattered around park bench area. (Ref Ward-96, Chennai North)",Garbage & Waste Disposal,garbage,DEPT_SANITATION,Chennai North,Ward-96,LOW,8,1,5.07,2026-08-22T12:00:00Z
CP-SEV-02336,Electrical transformer explosion emitting fire and smoke in Tambaram,"Municipal grievance reported: Street transformer exploded emitting fire sparks and thick black smoke near crowded apartments. (Ref Ward-41, Tambaram)",Streetlights & Electrical Hazards,streetlights,DEPT_LIGHTING,Tambaram,Ward-41,CRITICAL,35,5,60.25,2026-08-16T17:00:00Z
CP-SEV-00383,Uncovered manhole trench on main avenue in Avadi,"Urgent attention requested: Road cut open for cable laying left open without barricades on major avenue. (Ref Ward-9, Avadi)",Road Damage & Potholes,roads,DEPT_ROADS,Avadi,Ward-9,HIGH,42,1,84.4,2026-08-14T10:00:00Z
CP-SEV-03037,Faded street name sign board in Tambaram,"Municipal street sign board paint faded near junction. (Ref Ward-108, Tambaram)",Public Infrastructure Damage,infrastructure,DEPT_WORKS,Tambaram,Ward-108,LOW,3,2,24.93,2026-08-13T16:00:00Z
CP-SEV-00017,Minor cosmetic paint peeling on speed breaker in Tambaram,"Urgent attention requested: Faded paint on speed bump near residential lane, requires routine repaint. (Ref Ward-24, Tambaram)",Road Damage & Potholes,roads,DEPT_ROADS,Tambaram,Ward-24,LOW,1,1,28.24,2026-08-26T18:00:00Z
CP-SEV-01526,Severe storm water logging blocking street access in Chennai North,"Citizen report from Rainwater logging knee-deep across entire street blocking vehicles and shop entrances. (Ref Ward-32, Chennai North)",Drainage & Sewage Overflow,drainage,DEPT_DRAINAGE,Chennai North,Ward-32,HIGH,33,12,89.4,2026-08-19T20:00:00Z
CP-SEV-00972,Main municipal water supply pipeline burst in Chennai Central,"Urgent attention requested: Main feeder pipe burst flooding street and leaving 500 households without water for 24h. (Ref Ward-43, Chennai Central)",Water Supply Contamination / Burst,water,DEPT_WATER,Chennai Central,Ward-43,HIGH,44,15,76.89,2026-08-10T19:00:00Z
CP-SEV-01810,Single decorative garden light dim in public park in Chennai North,"Municipal grievance reported: Pedestrian walkway lamp shade slightly dusty and dim in municipal park. (Ref Ward-114, Chennai North)",Streetlights & Electrical Hazards,streetlights,DEPT_LIGHTING,Chennai North,Ward-114,LOW,9,3,37.83,2026-08-06T13:00:00Z
CP-SEV-04038,Stray dog pack menace creating panic near market in Chennai South,"Municipal grievance reported: Pack of aggressive stray dogs barking and chasing two-wheelers near market. (Ref Ward-199, Chennai South)",Other / General Municipal Operations,other,DEPT_GENERAL,Chennai South,Ward-199,HIGH,4,8,63.68,2026-08-13T13:00:00Z
CP-SEV-00051,Minor cosmetic paint peeling on speed breaker in Chennai Central,"Citizen report from Faded paint on speed bump near residential lane, requires routine repaint. (Ref Ward-155, Chennai Central)",Road Damage & Potholes,roads,DEPT_ROADS,Chennai Central,Ward-155,LOW,5,1,30.94,2026-08-28T12:00:00Z
CP-SEV-01396,Localized clogged street drain causing puddle in Chennai South,"Citizen report from Street drain inlet blocked with debris causing minor water pooling after rain. (Ref Ward-2, Chennai South)",Drainage & Sewage Overflow,drainage,DEPT_DRAINAGE,Chennai South,Ward-2,MEDIUM,7,1,37.11,2026-08-20T20:00:00Z
CP-SEV-03829,Overgrown grass near roadside footway in Tiruvallur,"Urgent attention requested: Wild grass growing along sidewalk margin. (Ref Ward-121, Tiruvallur)",Other / General Municipal Operations,other,DEPT_GENERAL,Tiruvallur,Ward-121,MEDIUM,8,2,4.04,2026-08-23T11:00:00Z
CP-SEV-01686,Underground sewage main explosion flooding hospital basement in Chennai South,"Field inspection notice: Main sewage trunk line ruptured flooding hospital basement and ground floor with raw sewage. (Ref Ward-143, Chennai South)",Drainage & Sewage Overflow,drainage,DEPT_DRAINAGE,Chennai South,Ward-143,CRITICAL,12,10,79.0,2026-08-27T08:00:00Z
CP-SEV-02894,Toxic biohazardous medical waste burning near residential area in Tiruvallur,"Illegal dump of hospital syringes and chemical waste set on fire emitting toxic fumes into homes. (Ref Ward-31, Tiruvallur)",Garbage & Waste Disposal,garbage,DEPT_SANITATION,Tiruvallur,Ward-31,CRITICAL,7,1,59.32,2026-08-26T19:00:00Z
CP-SEV-02043,Streetlight timer misconfigured turning off early in Tambaram,"Urgent attention requested: Streetlights turning off 1 hour before sunrise in neighborhood layout. (Ref Ward-156, Tambaram)",Streetlights & Electrical Hazards,streetlights,DEPT_LIGHTING,Tambaram,Ward-156,MEDIUM,1,2,9.82,2026-08-04T17:00:00Z
CP-SEV-00419,Uncovered manhole trench on main avenue in Tambaram,"Urgent attention requested: Road cut open for cable laying left open without barricades on major avenue. (Ref Ward-75, Tambaram)",Road Damage & Potholes,roads,DEPT_ROADS,Tambaram,Ward-75,HIGH,26,11,72.47,2026-08-21T12:00:00Z
CP-SEV-00773,Localized water supply line leakage in Tiruvallur,"Municipal grievance reported: Drinking water pipeline leaking small stream of clean water on roadside near residential building. (Ref Ward-125, Tiruvallur)",Water Supply Contamination / Burst,water,DEPT_WATER,Tiruvallur,Ward-125,MEDIUM,4,3,38.63,2026-08-02T14:00:00Z
CP-SEV-02958,Massive garbage barrier blocking emergency hospital ambulance entrance in Tiruvallur,"Urgent attention requested: Rotting garbage pile collapsed across hospital gate preventing emergency ambulance access. (Ref Ward-140, Tiruvallur)",Garbage & Waste Disposal,garbage,DEPT_SANITATION,Tiruvallur,Ward-140,CRITICAL,34,9,93.04,2026-08-24T08:00:00Z
CP-SEV-01720,Underground sewage main explosion flooding hospital basement in Avadi,"Citizen report from Main sewage trunk line ruptured flooding hospital basement and ground floor with raw sewage. (Ref Ward-99, Avadi)",Drainage & Sewage Overflow,drainage,DEPT_DRAINAGE,Avadi,Ward-99,CRITICAL,36,1,62.83,2026-08-21T20:00:00Z
CP-SEV-03688,Faded ward boundary map in Tiruvallur,"Citizen report from Public information board map faded at zonal office. (Ref Ward-34, Tiruvallur)",Other / General Municipal Operations,other,DEPT_GENERAL,Tiruvallur,Ward-34,LOW,1,3,24.54,2026-08-23T12:00:00Z
CP-SEV-02535,Public dustbin lid missing in Chennai North,"Urgent attention requested: Plastic dustbin lid missing at street corner bin. (Ref Ward-22, Chennai North)",Garbage & Waste Disposal,garbage,DEPT_SANITATION,Chennai North,Ward-22,LOW,0,1,24.32,2026-08-16T09:00:00Z
CP-SEV-03899,Overgrown grass near roadside footway in Kanchipuram,"Urgent attention requested: Wild grass growing along sidewalk margin. (Ref Ward-47, Kanchipuram)",Other / General Municipal Operations,other,DEPT_GENERAL,Kanchipuram,Ward-47,MEDIUM,9,1,11.31,2026-08-01T09:00:00Z
CP-SEV-01189,Complete water outage in hospital ward for 48 hours in Tiruvallur,"Field inspection notice: Zero water supply in municipal hospital premises for two days, threatening patient emergency operations. (Ref Ward-173, Tiruvallur)",Water Supply Contamination / Burst,water,DEPT_WATER,Tiruvallur,Ward-173,CRITICAL,7,4,82.11,2026-08-07T20:00:00Z
CP-SEV-03020,Faded street name sign board in Tambaram,"Municipal street sign board paint faded near junction. (Ref Ward-41, Tambaram)",Public Infrastructure Damage,infrastructure,DEPT_WORKS,Tambaram,Ward-41,LOW,3,1,23.27,2026-08-17T08:00:00Z
CP-SEV-03731,Faded ward boundary map in Chennai South,"Public information board map faded at zonal office. (Ref Ward-83, Chennai South)",Other / General Municipal Operations,other,DEPT_GENERAL,Chennai South,Ward-83,LOW,9,1,37.59,2026-08-02T17:00:00Z
CP-SEV-00832,Water supply timing delayed by 2 hours in Chennai Central,"Field inspection notice: Morning municipal water supply delayed by two hours without advance notice. (Ref Ward-173, Chennai Central)",Water Supply Contamination / Burst,water,DEPT_WATER,Chennai Central,Ward-173,MEDIUM,10,2,39.73,2026-08-06T20:00:00Z
CP-SEV-03757,Stray cattle roaming on residential street in Chennai South,"Citizen report from Stray cows sitting on residential lane causing minor vehicle slowness. (Ref Ward-198, Chennai South)",Other / General Municipal Operations,other,DEPT_GENERAL,Chennai South,Ward-198,MEDIUM,7,1,20.59,2026-08-01T16:00:00Z
CP-SEV-00527,Main bridge approach road cracked and collapsing in Avadi,"Field inspection notice: Approach embankment of river bridge severely cracked and caving in during peak traffic. (Ref Ward-83, Avadi)",Road Damage & Potholes,roads,DEPT_ROADS,Avadi,Ward-83,CRITICAL,17,3,51.17,2026-08-20T11:00:00Z
CP-SEV-00230,Uneven road paver block near bus stop in Kanchipuram,"Urgent attention requested: Interlocking paver blocks displaced near local bus shelter area. (Ref Ward-45, Kanchipuram)",Road Damage & Potholes,roads,DEPT_ROADS,Kanchipuram,Ward-45,MEDIUM,3,3,19.7,2026-08-15T16:00:00Z
CP-SEV-00648,Slight water pressure decrease in morning tap in Chennai South,"Citizen report from Municipal tap water pressure is slightly lower than usual during morning supply hours. (Ref Ward-127, Chennai South)",Water Supply Contamination / Burst,water,DEPT_WATER,Chennai South,Ward-127,LOW,6,1,11.44,2026-08-07T11:00:00Z
CP-SEV-00716,Minor street tap valve dripping in Tambaram,"Public street tap dripping slowly near community park. (Ref Ward-124, Tambaram)",Water Supply Contamination / Burst,water,DEPT_WATER,Tambaram,Ward-124,LOW,0,3,39.69,2026-08-15T10:00:00Z
CP-SEV-02416,Small litter paper cups near park bench in Chennai Central,"Few discarded tea cups scattered around park bench area. (Ref Ward-110, Chennai Central)",Garbage & Waste Disposal,garbage,DEPT_SANITATION,Chennai Central,Ward-110,LOW,9,2,28.58,2026-08-19T08:00:00Z
CP-SEV-02733,Large uncollected garbage dump overflowing onto main road in Avadi,"Field inspection notice: Massive multi-ton waste pile spilling onto main road lane causing traffic blockage and stench. (Ref Ward-157, Avadi)",Garbage & Waste Disposal,garbage,DEPT_SANITATION,Avadi,Ward-157,HIGH,21,1,74.72,2026-08-28T20:00:00Z
CP-SEV-01128,Complete water outage in hospital ward for 48 hours in Avadi,"Citizen report from Zero water supply in municipal hospital premises for two days, threatening patient emergency operations. (Ref Ward-72, Avadi)",Water Supply Contamination / Burst,water,DEPT_WATER,Avadi,Ward-72,CRITICAL,29,2,55.5,2026-08-16T15:00:00Z
CP-SEV-00802,Localized water supply line leakage in Chennai South,"Field inspection notice: Drinking water pipeline leaking small stream of clean water on roadside near residential building. (Ref Ward-88, Chennai South)",Water Supply Contamination / Burst,water,DEPT_WATER,Chennai South,Ward-88,MEDIUM,4,2,44.91,2026-08-15T19:00:00Z
CP-SEV-02015,Single streetlight non-functional on residential lane in Avadi,"Field inspection notice: Sodium streetlight bulb fused outside house no 42 on quiet residential road. (Ref Ward-96, Avadi)",Streetlights & Electrical Hazards,streetlights,DEPT_LIGHTING,Avadi,Ward-96,MEDIUM,5,3,43.73,2026-08-04T20:00:00Z
CP-SEV-01096,Toxic chemical effluent mixing into drinking water supply in Kanchipuram,"Municipal grievance reported: Industrial chemical sewage leaking directly into municipal drinking pipeline, causing severe illness. (Ref Ward-35, Kanchipuram)",Water Supply Contamination / Burst,water,DEPT_WATER,Kanchipuram,Ward-35,CRITICAL,10,1,62.27,2026-08-14T18:00:00Z
CP-SEV-00322,Deep pothole causing vehicle damage and traffic blockage in Avadi,"Citizen report from Dangerous deep crater on main road damaging car tires and causing traffic congestion. (Ref Ward-77, Avadi)",Road Damage & Potholes,roads,DEPT_ROADS,Avadi,Ward-77,HIGH,19,13,63.01,2026-08-07T19:00:00Z
CP-SEV-04122,Rabid stray dog pack actively biting children outside school gate in Chennai North,"Municipal grievance reported: Multiple children bitten and injured by aggressive rabid dog pack near school entrance. (Ref Ward-21, Chennai North)",Other / General Municipal Operations,other,DEPT_GENERAL,Chennai North,Ward-21,CRITICAL,30,2,88.48,2026-08-03T20:00:00Z
CP-SEV-02088,Streetlight timer misconfigured turning off early in Chennai Central,"Citizen report from Streetlights turning off 1 hour before sunrise in neighborhood layout. (Ref Ward-127, Chennai Central)",Streetlights & Electrical Hazards,streetlights,DEPT_LIGHTING,Chennai Central,Ward-127,MEDIUM,5,3,21.75,2026-08-10T18:00:00Z
CP-SEV-02900,Toxic biohazardous medical waste burning near residential area in Chennai North,"Municipal grievance reported: Illegal dump of hospital syringes and chemical waste set on fire emitting toxic fumes into homes. (Ref Ward-74, Chennai North)",Garbage & Waste Disposal,garbage,DEPT_SANITATION,Chennai North,Ward-74,CRITICAL,33,5,72.14,2026-08-07T20:00:00Z
CP-SEV-01097,Toxic chemical effluent mixing into drinking water supply in Chennai Central,"Municipal grievance reported: Industrial chemical sewage leaking directly into municipal drinking pipeline, causing severe illness. (Ref Ward-13, Chennai Central)",Water Supply Contamination / Burst,water,DEPT_WATER,Chennai Central,Ward-13,CRITICAL,18,9,78.75,2026-08-03T16:00:00Z
CP-SEV-02503,Public dustbin lid missing in Tiruvallur,"Citizen report from Plastic dustbin lid missing at street corner bin. (Ref Ward-128, Tiruvallur)",Garbage & Waste Disposal,garbage,DEPT_SANITATION,Tiruvallur,Ward-128,LOW,0,1,3.3,2026-08-12T12:00:00Z
CP-SEV-00018,Minor cosmetic paint peeling on speed breaker in Tambaram,"Urgent attention requested: Faded paint on speed bump near residential lane, requires routine repaint. (Ref Ward-153, Tambaram)",Road Damage & Potholes,roads,DEPT_ROADS,Tambaram,Ward-153,LOW,6,2,26.81,2026-08-15T16:00:00Z
CP-SEV-02572,Uncleared garbage dump accumulating for 3 days in Chennai South,"Municipal grievance reported: Municipal green bin overflowing with household waste uncleared for 72 hours. (Ref Ward-17, Chennai South)",Garbage & Waste Disposal,garbage,DEPT_SANITATION,Chennai South,Ward-17,MEDIUM,2,1,34.42,2026-08-11T09:00:00Z
CP-SEV-04013,Stray dog pack menace creating panic near market in Kanchipuram,"Urgent attention requested: Pack of aggressive stray dogs barking and chasing two-wheelers near market. (Ref Ward-54, Kanchipuram)",Other / General Municipal Operations,other,DEPT_GENERAL,Kanchipuram,Ward-54,HIGH,22,10,92.52,2026-08-12T15:00:00Z
CP-SEV-02783,Animal carcasses dumped openly near residential layout in Tambaram,"Urgent attention requested: Decomposed animal waste dumped near residential colony causing intense stench and flies. (Ref Ward-193, Tambaram)",Garbage & Waste Disposal,garbage,DEPT_SANITATION,Tambaram,Ward-193,HIGH,44,11,69.86,2026-08-12T10:00:00Z
CP-SEV-01261,Dry leaves covering roadside drain grate in Tiruvallur,"Accumulation of dry fallen leaves over storm drain inlet grate. (Ref Ward-3, Tiruvallur)",Drainage & Sewage Overflow,drainage,DEPT_DRAINAGE,Tiruvallur,Ward-3,LOW,1,1,15.22,2026-08-13T20:00:00Z
CP-SEV-02426,Small litter paper cups near park bench in Kanchipuram,"Field inspection notice: Few discarded tea cups scattered around park bench area. (Ref Ward-133, Kanchipuram)",Garbage & Waste Disposal,garbage,DEPT_SANITATION,Kanchipuram,Ward-133,LOW,2,2,13.2,2026-08-06T08:00:00Z
CP-SEV-03937,Large fallen tree trunk blocking entire avenue in Tiruvallur,"Field inspection notice: Heavy gulmohar tree uprooted during storm completely blocking two-lane avenue. (Ref Ward-159, Tiruvallur)",Other / General Municipal Operations,other,DEPT_GENERAL,Tiruvallur,Ward-159,HIGH,9,4,67.77,2026-08-04T08:00:00Z
CP-SEV-00332,Deep pothole causing vehicle damage and traffic blockage in Kanchipuram,"Citizen report from Dangerous deep crater on main road damaging car tires and causing traffic congestion. (Ref Ward-10, Kanchipuram)",Road Damage & Potholes,roads,DEPT_ROADS,Kanchipuram,Ward-10,HIGH,26,15,87.69,2026-08-02T14:00:00Z
CP-SEV-03849,Overgrown grass near roadside footway in Tiruvallur,"Field inspection notice: Wild grass growing along sidewalk margin. (Ref Ward-100, Tiruvallur)",Other / General Municipal Operations,other,DEPT_GENERAL,Tiruvallur,Ward-100,MEDIUM,1,1,15.09,2026-08-09T16:00:00Z
CP-SEV-02659,Commercial shop waste dumped on sidewalk in Chennai North,"Retail shop cardboard boxes and plastic packaging dumped along footpath. (Ref Ward-113, Chennai North)",Garbage & Waste Disposal,garbage,DEPT_SANITATION,Chennai North,Ward-113,MEDIUM,10,2,2.58,2026-08-21T19:00:00Z
CP-SEV-03242,Cracked plaster on municipal wall in Chennai Central,"Citizen report from Boundary wall plaster cracking near municipal office enclosure. (Ref Ward-29, Chennai Central)",Public Infrastructure Damage,infrastructure,DEPT_WORKS,Chennai Central,Ward-29,MEDIUM,8,1,20.82,2026-08-22T11:00:00Z
CP-SEV-03352,Unstable overhead gantries signboard shaking in wind in Chennai North,"Large directional sign board hanging loose over main road threatening to fall on vehicles. (Ref Ward-163, Chennai North)",Public Infrastructure Damage,infrastructure,DEPT_WORKS,Chennai North,Ward-163,HIGH,33,2,88.53,2026-08-27T12:00:00Z
CP-SEV-03831,Overgrown grass near roadside footway in Chennai South,"Urgent attention requested: Wild grass growing along sidewalk margin. (Ref Ward-66, Chennai South)",Other / General Municipal Operations,other,DEPT_GENERAL,Chennai South,Ward-66,MEDIUM,9,1,25.13,2026-08-12T16:00:00Z
CP-SEV-00608,Slight water pressure decrease in morning tap in Tambaram,"Field inspection notice: Municipal tap water pressure is slightly lower than usual during morning supply hours. (Ref Ward-104, Tambaram)",Water Supply Contamination / Burst,water,DEPT_WATER,Tambaram,Ward-104,LOW,7,2,0.21,2026-08-18T11:00:00Z
CP-SEV-03761,Stray cattle roaming on residential street in Kanchipuram,"Urgent attention requested: Stray cows sitting on residential lane causing minor vehicle slowness. (Ref Ward-5, Kanchipuram)",Other / General Municipal Operations,other,DEPT_GENERAL,Kanchipuram,Ward-5,MEDIUM,4,2,34.88,2026-08-20T14:00:00Z
CP-SEV-03529,Municipal hall roof slab collapse hazard in Tiruvallur,"Heavy concrete ceiling slab sagging and crumbling over crowded public waiting hall. (Ref Ward-22, Tiruvallur)",Public Infrastructure Damage,infrastructure,DEPT_WORKS,Tiruvallur,Ward-22,CRITICAL,27,8,95.0,2026-08-13T11:00:00Z
CP-SEV-01498,Small open drainage chamber cover displaced in Tiruvallur,"Field inspection notice: Concrete cover slab of small side drain displaced by 2 inches. (Ref Ward-38, Tiruvallur)",Drainage & Sewage Overflow,drainage,DEPT_DRAINAGE,Tiruvallur,Ward-38,MEDIUM,6,3,37.87,2026-08-02T09:00:00Z
CP-SEV-01344,Slight odor from storm water drain inlet in Chennai Central,"Field inspection notice: Mild stagnant smell from open storm drain during hot afternoon. (Ref Ward-108, Chennai Central)",Drainage & Sewage Overflow,drainage,DEPT_DRAINAGE,Chennai Central,Ward-108,LOW,9,2,8.37,2026-08-05T20:00:00Z
CP-SEV-01085,Toxic chemical effluent mixing into drinking water supply in Tambaram,"Industrial chemical sewage leaking directly into municipal drinking pipeline, causing severe illness. (Ref Ward-36, Tambaram)",Water Supply Contamination / Burst,water,DEPT_WATER,Tambaram,Ward-36,CRITICAL,38,2,56.46,2026-08-10T15:00:00Z
CP-SEV-00015,Minor cosmetic paint peeling on speed breaker in Tambaram,"Municipal grievance reported: Faded paint on speed bump near residential lane, requires routine repaint. (Ref Ward-37, Tambaram)",Road Damage & Potholes,roads,DEPT_ROADS,Tambaram,Ward-37,LOW,2,1,33.52,2026-08-18T12:00:00Z
CP-SEV-00365,Deep pothole causing vehicle damage and traffic blockage in Avadi,"Citizen report from Dangerous deep crater on main road damaging car tires and causing traffic congestion. (Ref Ward-189, Avadi)",Road Damage & Potholes,roads,DEPT_ROADS,Avadi,Ward-189,HIGH,40,11,69.22,2026-08-16T08:00:00Z
CP-SEV-02920,Toxic biohazardous medical waste burning near residential area in Tambaram,"Urgent attention requested: Illegal dump of hospital syringes and chemical waste set on fire emitting toxic fumes into homes. (Ref Ward-4, Tambaram)",Garbage & Waste Disposal,garbage,DEPT_SANITATION,Tambaram,Ward-4,CRITICAL,45,14,91.0,2026-08-06T14:00:00Z
CP-SEV-00669,Slight water pressure decrease in morning tap in Tambaram,"Urgent attention requested: Municipal tap water pressure is slightly lower than usual during morning supply hours. (Ref Ward-46, Tambaram)",Water Supply Contamination / Burst,water,DEPT_WATER,Tambaram,Ward-46,LOW,2,1,33.08,2026-08-04T14:00:00Z
CP-SEV-01668,Underground sewage main explosion flooding hospital basement in Kanchipuram,"Urgent attention requested: Main sewage trunk line ruptured flooding hospital basement and ground floor with raw sewage. (Ref Ward-82, Kanchipuram)",Drainage & Sewage Overflow,drainage,DEPT_DRAINAGE,Kanchipuram,Ward-82,CRITICAL,9,15,70.64,2026-08-05T15:00:00Z
CP-SEV-02100,Streetlight timer misconfigured turning off early in Tambaram,"Field inspection notice: Streetlights turning off 1 hour before sunrise in neighborhood layout. (Ref Ward-15, Tambaram)",Streetlights & Electrical Hazards,streetlights,DEPT_LIGHTING,Tambaram,Ward-15,MEDIUM,5,3,36.24,2026-08-15T20:00:00Z
CP-SEV-02815,Animal carcasses dumped openly near residential layout in Chennai South,"Decomposed animal waste dumped near residential colony causing intense stench and flies. (Ref Ward-85, Chennai South)",Garbage & Waste Disposal,garbage,DEPT_SANITATION,Chennai South,Ward-85,HIGH,27,7,52.63,2026-08-11T20:00:00Z
CP-SEV-02048,Streetlight timer misconfigured turning off early in Tambaram,"Urgent attention requested: Streetlights turning off 1 hour before sunrise in neighborhood layout. (Ref Ward-74, Tambaram)",Streetlights & Electrical Hazards,streetlights,DEPT_LIGHTING,Tambaram,Ward-74,MEDIUM,8,2,34.33,2026-08-21T10:00:00Z
CP-SEV-00427,Uncovered manhole trench on main avenue in Tambaram,"Road cut open for cable laying left open without barricades on major avenue. (Ref Ward-198, Tambaram)",Road Damage & Potholes,roads,DEPT_ROADS,Tambaram,Ward-198,HIGH,44,9,56.78,2026-08-01T15:00:00Z
CP-SEV-01761,Severe toxic sewage backup into ground floor homes in Tambaram,"Municipal grievance reported: Raw black sewage backing up into toilets and living rooms of 50 houses creating extreme cholera biohazard. (Ref Ward-29, Tambaram)",Drainage & Sewage Overflow,drainage,DEPT_DRAINAGE,Tambaram,Ward-29,CRITICAL,43,9,82.77,2026-08-01T10:00:00Z
CP-SEV-00974,Main municipal water supply pipeline burst in Chennai North,"Municipal grievance reported: Main feeder pipe burst flooding street and leaving 500 households without water for 24h. (Ref Ward-169, Chennai North)",Water Supply Contamination / Burst,water,DEPT_WATER,Chennai North,Ward-169,HIGH,39,1,62.91,2026-08-03T10:00:00Z
CP-SEV-02331,Electrical transformer explosion emitting fire and smoke in Tambaram,"Field inspection notice: Street transformer exploded emitting fire sparks and thick black smoke near crowded apartments. (Ref Ward-120, Tambaram)",Streetlights & Electrical Hazards,streetlights,DEPT_LIGHTING,Tambaram,Ward-120,CRITICAL,20,15,85.83,2026-08-13T15:00:00Z
CP-SEV-04010,Stray dog pack menace creating panic near market in Chennai Central,"Field inspection notice: Pack of aggressive stray dogs barking and chasing two-wheelers near market. (Ref Ward-106, Chennai Central)",Other / General Municipal Operations,other,DEPT_GENERAL,Chennai Central,Ward-106,HIGH,36,13,63.21,2026-08-25T11:00:00Z
CP-SEV-01531,Severe storm water logging blocking street access in Chennai South,"Field inspection notice: Rainwater logging knee-deep across entire street blocking vehicles and shop entrances. (Ref Ward-37, Chennai South)",Drainage & Sewage Overflow,drainage,DEPT_DRAINAGE,Chennai South,Ward-37,HIGH,36,12,62.03,2026-08-24T18:00:00Z
CP-SEV-02844,Animal carcasses dumped openly near residential layout in Tiruvallur,"Urgent attention requested: Decomposed animal waste dumped near residential colony causing intense stench and flies. (Ref Ward-150, Tiruvallur)",Garbage & Waste Disposal,garbage,DEPT_SANITATION,Tiruvallur,Ward-150,HIGH,40,5,60.63,2026-08-18T10:00:00Z
CP-SEV-00354,Deep pothole causing vehicle damage and traffic blockage in Tambaram,"Field inspection notice: Dangerous deep crater on main road damaging car tires and causing traffic congestion. (Ref Ward-96, Tambaram)",Road Damage & Potholes,roads,DEPT_ROADS,Tambaram,Ward-96,HIGH,28,14,91.27,2026-08-13T14:00:00Z
CP-SEV-04171,Chemical gas leak from abandoned industrial cylinder in Chennai North,"Urgent attention requested: Pungent chemical gas leaking from abandoned cylinder causing eye irritation and breathing panic in colony. (Ref Ward-187, Chennai North)",Other / General Municipal Operations,other,DEPT_GENERAL,Chennai North,Ward-187,CRITICAL,24,6,68.92,2026-08-08T11:00:00Z
CP-SEV-02860,Toxic biohazardous medical waste burning near residential area in Tambaram,"Urgent attention requested: Illegal dump of hospital syringes and chemical waste set on fire emitting toxic fumes into homes. (Ref Ward-166, Tambaram)",Garbage & Waste Disposal,garbage,DEPT_SANITATION,Tambaram,Ward-166,CRITICAL,36,14,85.74,2026-08-11T09:00:00Z
CP-SEV-00931,Main municipal water supply pipeline burst in Tiruvallur,"Municipal grievance reported: Main feeder pipe burst flooding street and leaving 500 households without water for 24h. (Ref Ward-169, Tiruvallur)",Water Supply Contamination / Burst,water,DEPT_WATER,Tiruvallur,Ward-169,HIGH,1,10,84.13,2026-08-21T11:00:00Z
CP-SEV-03963,Large fallen tree trunk blocking entire avenue in Chennai South,"Citizen report from Heavy gulmohar tree uprooted during storm completely blocking two-lane avenue. (Ref Ward-80, Chennai South)",Other / General Municipal Operations,other,DEPT_GENERAL,Chennai South,Ward-80,HIGH,2,4,54.34,2026-08-24T15:00:00Z
CP-SEV-02333,Electrical transformer explosion emitting fire and smoke in Chennai North,"Municipal grievance reported: Street transformer exploded emitting fire sparks and thick black smoke near crowded apartments. (Ref Ward-36, Chennai North)",Streetlights & Electrical Hazards,streetlights,DEPT_LIGHTING,Chennai North,Ward-36,CRITICAL,24,14,78.45,2026-08-13T13:00:00Z
CP-SEV-03559,Municipal hall roof slab collapse hazard in Tambaram,"Urgent attention requested: Heavy concrete ceiling slab sagging and crumbling over crowded public waiting hall. (Ref Ward-116, Tambaram)",Public Infrastructure Damage,infrastructure,DEPT_WORKS,Tambaram,Ward-116,CRITICAL,32,7,88.13,2026-08-23T20:00:00Z
CP-SEV-02872,Toxic biohazardous medical waste burning near residential area in Chennai South,"Municipal grievance reported: Illegal dump of hospital syringes and chemical waste set on fire emitting toxic fumes into homes. (Ref Ward-10, Chennai South)",Garbage & Waste Disposal,garbage,DEPT_SANITATION,Chennai South,Ward-10,CRITICAL,36,4,69.42,2026-08-11T11:00:00Z
CP-SEV-01089,Toxic chemical effluent mixing into drinking water supply in Avadi,"Urgent attention requested: Industrial chemical sewage leaking directly into municipal drinking pipeline, causing severe illness. (Ref Ward-126, Avadi)",Water Supply Contamination / Burst,water,DEPT_WATER,Avadi,Ward-126,CRITICAL,19,14,76.33,2026-08-16T16:00:00Z
CP-SEV-04134,Chemical gas leak from abandoned industrial cylinder in Chennai Central,"Field inspection notice: Pungent chemical gas leaking from abandoned cylinder causing eye irritation and breathing panic in colony. (Ref Ward-45, Chennai Central)",Other / General Municipal Operations,other,DEPT_GENERAL,Chennai Central,Ward-45,CRITICAL,19,15,53.38,2026-08-05T18:00:00Z
CP-SEV-01223,Dry leaves covering roadside drain grate in Tambaram,"Citizen report from Accumulation of dry fallen leaves over storm drain inlet grate. (Ref Ward-77, Tambaram)",Drainage & Sewage Overflow,drainage,DEPT_DRAINAGE,Tambaram,Ward-77,LOW,2,3,40.63,2026-08-27T11:00:00Z
CP-SEV-01850,Single decorative garden light dim in public park in Tambaram,"Pedestrian walkway lamp shade slightly dusty and dim in municipal park. (Ref Ward-109, Tambaram)",Streetlights & Electrical Hazards,streetlights,DEPT_LIGHTING,Tambaram,Ward-109,LOW,9,3,11.7,2026-08-13T15:00:00Z
CP-SEV-02442,Small litter paper cups near park bench in Chennai South,"Few discarded tea cups scattered around park bench area. (Ref Ward-100, Chennai South)",Garbage & Waste Disposal,garbage,DEPT_SANITATION,Chennai South,Ward-100,LOW,10,3,24.36,2026-08-26T09:00:00Z
CP-SEV-01437,Small open drainage chamber cover displaced in Avadi,"Citizen report from Concrete cover slab of small side drain displaced by 2 inches. (Ref Ward-115, Avadi)",Drainage & Sewage Overflow,drainage,DEPT_DRAINAGE,Avadi,Ward-115,MEDIUM,4,2,3.6,2026-08-12T14:00:00Z
CP-SEV-01854,Single decorative garden light dim in public park in Avadi,"Urgent attention requested: Pedestrian walkway lamp shade slightly dusty and dim in municipal park. (Ref Ward-4, Avadi)",Streetlights & Electrical Hazards,streetlights,DEPT_LIGHTING,Avadi,Ward-4,LOW,4,3,29.73,2026-08-27T12:00:00Z
CP-SEV-02845,Animal carcasses dumped openly near residential layout in Chennai South,"Municipal grievance reported: Decomposed animal waste dumped near residential colony causing intense stench and flies. (Ref Ward-43, Chennai South)",Garbage & Waste Disposal,garbage,DEPT_SANITATION,Chennai South,Ward-43,HIGH,41,6,81.61,2026-08-08T20:00:00Z
CP-SEV-01575,Severe storm water logging blocking street access in Avadi,"Municipal grievance reported: Rainwater logging knee-deep across entire street blocking vehicles and shop entrances. (Ref Ward-159, Avadi)",Drainage & Sewage Overflow,drainage,DEPT_DRAINAGE,Avadi,Ward-159,HIGH,19,12,71.34,2026-08-25T11:00:00Z
CP-SEV-02593,Uncleared garbage dump accumulating for 3 days in Kanchipuram,"Municipal green bin overflowing with household waste uncleared for 72 hours. (Ref Ward-141, Kanchipuram)",Garbage & Waste Disposal,garbage,DEPT_SANITATION,Kanchipuram,Ward-141,MEDIUM,8,2,40.78,2026-08-22T12:00:00Z
CP-SEV-02298,High-voltage 11kV live wire snapped hanging across school gate in Tambaram,"Sparking live electrical cable hanging at chest height right outside primary school entrance. (Ref Ward-150, Tambaram)",Streetlights & Electrical Hazards,streetlights,DEPT_LIGHTING,Tambaram,Ward-150,CRITICAL,11,8,90.23,2026-08-16T18:00:00Z
CP-SEV-04191,Chemical gas leak from abandoned industrial cylinder in Avadi,"Field inspection notice: Pungent chemical gas leaking from abandoned cylinder causing eye irritation and breathing panic in colony. (Ref Ward-54, Avadi)",Other / General Municipal Operations,other,DEPT_GENERAL,Avadi,Ward-54,CRITICAL,0,7,59.96,2026-08-05T13:00:00Z
CP-SEV-00258,Uneven road paver block near bus stop in Chennai North,"Municipal grievance reported: Interlocking paver blocks displaced near local bus shelter area. (Ref Ward-135, Chennai North)",Road Damage & Potholes,roads,DEPT_ROADS,Chennai North,Ward-135,MEDIUM,1,3,24.48,2026-08-26T16:00:00Z
CP-SEV-02418,Small litter paper cups near park bench in Tambaram,"Few discarded tea cups scattered around park bench area. (Ref Ward-99, Tambaram)",Garbage & Waste Disposal,garbage,DEPT_SANITATION,Tambaram,Ward-99,LOW,1,2,30.99,2026-08-20T13:00:00Z
CP-SEV-00101,Small stone gravel loose on roadside margin in Kanchipuram,"Urgent attention requested: Loose gravel scattered near street corner after minor maintenance. (Ref Ward-88, Kanchipuram)",Road Damage & Potholes,roads,DEPT_ROADS,Kanchipuram,Ward-88,LOW,6,2,4.75,2026-08-12T18:00:00Z
CP-SEV-02290,High-voltage 11kV live wire snapped hanging across school gate in Chennai North,"Urgent attention requested: Sparking live electrical cable hanging at chest height right outside primary school entrance. (Ref Ward-17, Chennai North)",Streetlights & Electrical Hazards,streetlights,DEPT_LIGHTING,Chennai North,Ward-17,CRITICAL,1,1,91.41,2026-08-28T08:00:00Z
CP-SEV-04117,Rabid stray dog pack actively biting children outside school gate in Chennai North,"Multiple children bitten and injured by aggressive rabid dog pack near school entrance. (Ref Ward-104, Chennai North)",Other / General Municipal Operations,other,DEPT_GENERAL,Chennai North,Ward-104,CRITICAL,2,12,93.42,2026-08-20T17:00:00Z
CP-SEV-01155,Complete water outage in hospital ward for 48 hours in Tambaram,"Zero water supply in municipal hospital premises for two days, threatening patient emergency operations. (Ref Ward-69, Tambaram)",Water Supply Contamination / Burst,water,DEPT_WATER,Tambaram,Ward-69,CRITICAL,39,14,84.61,2026-08-14T17:00:00Z
CP-SEV-03156,Damaged metal traffic guard rail in Avadi,"Urgent attention requested: Galvanized iron traffic barrier bent after minor vehicle impact near bus stand. (Ref Ward-132, Avadi)",Public Infrastructure Damage,infrastructure,DEPT_WORKS,Avadi,Ward-132,MEDIUM,8,3,22.18,2026-08-20T18:00:00Z
CP-SEV-03579,Municipal hall roof slab collapse hazard in Chennai North,"Citizen report from Heavy concrete ceiling slab sagging and crumbling over crowded public waiting hall. (Ref Ward-179, Chennai North)",Public Infrastructure Damage,infrastructure,DEPT_WORKS,Chennai North,Ward-179,CRITICAL,6,10,70.1,2026-08-27T17:00:00Z
CP-SEV-00962,Main municipal water supply pipeline burst in Kanchipuram,"Field inspection notice: Main feeder pipe burst flooding street and leaving 500 households without water for 24h. (Ref Ward-125, Kanchipuram)",Water Supply Contamination / Burst,water,DEPT_WATER,Kanchipuram,Ward-125,HIGH,8,2,56.17,2026-08-26T14:00:00Z
CP-SEV-02652,Commercial shop waste dumped on sidewalk in Avadi,"Urgent attention requested: Retail shop cardboard boxes and plastic packaging dumped along footpath. (Ref Ward-142, Avadi)",Garbage & Waste Disposal,garbage,DEPT_SANITATION,Avadi,Ward-142,MEDIUM,5,3,24.19,2026-08-09T12:00:00Z
CP-SEV-01221,Dry leaves covering roadside drain grate in Tambaram,"Citizen report from Accumulation of dry fallen leaves over storm drain inlet grate. (Ref Ward-174, Tambaram)",Drainage & Sewage Overflow,drainage,DEPT_DRAINAGE,Tambaram,Ward-174,LOW,10,3,32.11,2026-08-16T16:00:00Z
CP-SEV-01095,Toxic chemical effluent mixing into drinking water supply in Avadi,"Municipal grievance reported: Industrial chemical sewage leaking directly into municipal drinking pipeline, causing severe illness. (Ref Ward-5, Avadi)",Water Supply Contamination / Burst,water,DEPT_WATER,Avadi,Ward-5,CRITICAL,10,10,52.63,2026-08-11T15:00:00Z
CP-SEV-03192,Damaged metal traffic guard rail in Avadi,"Citizen report from Galvanized iron traffic barrier bent after minor vehicle impact near bus stand. (Ref Ward-166, Avadi)",Public Infrastructure Damage,infrastructure,DEPT_WORKS,Avadi,Ward-166,MEDIUM,9,3,28.4,2026-08-16T20:00:00Z
CP-SEV-00422,Uncovered manhole trench on main avenue in Tambaram,"Urgent attention requested: Road cut open for cable laying left open without barricades on major avenue. (Ref Ward-140, Tambaram)",Road Damage & Potholes,roads,DEPT_ROADS,Tambaram,Ward-140,HIGH,23,12,90.3,2026-08-18T17:00:00Z
CP-SEV-03807,Stray cattle roaming on residential street in Tiruvallur,"Municipal grievance reported: Stray cows sitting on residential lane causing minor vehicle slowness. (Ref Ward-9, Tiruvallur)",Other / General Municipal Operations,other,DEPT_GENERAL,Tiruvallur,Ward-9,MEDIUM,9,1,9.8,2026-08-04T08:00:00Z
CP-SEV-01289,Slight odor from storm water drain inlet in Tambaram,"Field inspection notice: Mild stagnant smell from open storm drain during hot afternoon. (Ref Ward-171, Tambaram)",Drainage & Sewage Overflow,drainage,DEPT_DRAINAGE,Tambaram,Ward-171,LOW,2,3,14.63,2026-08-26T17:00:00Z
CP-SEV-03136,Minor scratch on public park bench in Chennai South,"Municipal grievance reported: Wooden bench slat scratched in public garden. (Ref Ward-13, Chennai South)",Public Infrastructure Damage,infrastructure,DEPT_WORKS,Chennai South,Ward-13,LOW,2,1,38.36,2026-08-05T19:00:00Z
CP-SEV-02735,Large uncollected garbage dump overflowing onto main road in Chennai Central,"Massive multi-ton waste pile spilling onto main road lane causing traffic blockage and stench. (Ref Ward-24, Chennai Central)",Garbage & Waste Disposal,garbage,DEPT_SANITATION,Chennai Central,Ward-24,HIGH,24,10,67.02,2026-08-14T18:00:00Z
CP-SEV-01818,Single decorative garden light dim in public park in Kanchipuram,"Urgent attention requested: Pedestrian walkway lamp shade slightly dusty and dim in municipal park. (Ref Ward-97, Kanchipuram)",Streetlights & Electrical Hazards,streetlights,DEPT_LIGHTING,Kanchipuram,Ward-97,LOW,9,1,5.72,2026-08-17T12:00:00Z
CP-SEV-01828,Single decorative garden light dim in public park in Chennai North,"Pedestrian walkway lamp shade slightly dusty and dim in municipal park. (Ref Ward-128, Chennai North)",Streetlights & Electrical Hazards,streetlights,DEPT_LIGHTING,Chennai North,Ward-128,LOW,3,3,15.76,2026-08-16T12:00:00Z
CP-SEV-03602,Tree branch overhanging private wall in Chennai Central,"Field inspection notice: Small tree branch extending over compound wall without immediate blockage. (Ref Ward-38, Chennai Central)",Other / General Municipal Operations,other,DEPT_GENERAL,Chennai Central,Ward-38,LOW,1,1,21.62,2026-08-01T11:00:00Z
CP-SEV-01724,Underground sewage main explosion flooding hospital basement in Avadi,"Municipal grievance reported: Main sewage trunk line ruptured flooding hospital basement and ground floor with raw sewage. (Ref Ward-199, Avadi)",Drainage & Sewage Overflow,drainage,DEPT_DRAINAGE,Avadi,Ward-199,CRITICAL,31,10,52.12,2026-08-10T19:00:00Z
CP-SEV-02590,Uncleared garbage dump accumulating for 3 days in Tiruvallur,"Municipal grievance reported: Municipal green bin overflowing with household waste uncleared for 72 hours. (Ref Ward-26, Tiruvallur)",Garbage & Waste Disposal,garbage,DEPT_SANITATION,Tiruvallur,Ward-26,MEDIUM,1,1,43.86,2026-08-25T13:00:00Z
CP-SEV-01175,Complete water outage in hospital ward for 48 hours in Chennai Central,"Citizen report from Zero water supply in municipal hospital premises for two days, threatening patient emergency operations. (Ref Ward-24, Chennai Central)",Water Supply Contamination / Burst,water,DEPT_WATER,Chennai Central,Ward-24,CRITICAL,19,4,88.67,2026-08-06T15:00:00Z
CP-SEV-00627,Slight water pressure decrease in morning tap in Kanchipuram,"Field inspection notice: Municipal tap water pressure is slightly lower than usual during morning supply hours. (Ref Ward-81, Kanchipuram)",Water Supply Contamination / Burst,water,DEPT_WATER,Kanchipuram,Ward-81,LOW,1,1,38.31,2026-08-02T08:00:00Z
CP-SEV-03302,Unstable overhead gantries signboard shaking in wind in Chennai South,"Urgent attention requested: Large directional sign board hanging loose over main road threatening to fall on vehicles. (Ref Ward-190, Chennai South)",Public Infrastructure Damage,infrastructure,DEPT_WORKS,Chennai South,Ward-190,HIGH,44,9,86.74,2026-08-07T12:00:00Z
CP-SEV-02458,Small litter paper cups near park bench in Avadi,"Municipal grievance reported: Few discarded tea cups scattered around park bench area. (Ref Ward-36, Avadi)",Garbage & Waste Disposal,garbage,DEPT_SANITATION,Avadi,Ward-36,LOW,3,3,30.87,2026-08-23T16:00:00Z
CP-SEV-01742,Severe toxic sewage backup into ground floor homes in Tambaram,"Raw black sewage backing up into toilets and living rooms of 50 houses creating extreme cholera biohazard. (Ref Ward-170, Tambaram)",Drainage & Sewage Overflow,drainage,DEPT_DRAINAGE,Tambaram,Ward-170,CRITICAL,28,6,61.95,2026-08-18T09:00:00Z
CP-SEV-00771,Localized water supply line leakage in Tambaram,"Citizen report from Drinking water pipeline leaking small stream of clean water on roadside near residential building. (Ref Ward-98, Tambaram)",Water Supply Contamination / Burst,water,DEPT_WATER,Tambaram,Ward-98,MEDIUM,2,3,6.73,2026-08-26T08:00:00Z
CP-SEV-01007,Brownish muddy water in residential supply line in Chennai Central,"Urgent attention requested: Tap water coming contaminated with mud and silt across entire street layout. (Ref Ward-125, Chennai Central)",Water Supply Contamination / Burst,water,DEPT_WATER,Chennai Central,Ward-125,HIGH,40,8,83.09,2026-08-05T08:00:00Z
CP-SEV-01060,Toxic chemical effluent mixing into drinking water supply in Chennai North,"Field inspection notice: Industrial chemical sewage leaking directly into municipal drinking pipeline, causing severe illness. (Ref Ward-49, Chennai North)",Water Supply Contamination / Burst,water,DEPT_WATER,Chennai North,Ward-49,CRITICAL,5,2,67.58,2026-08-06T12:00:00Z
CP-SEV-00938,Main municipal water supply pipeline burst in Avadi,"Field inspection notice: Main feeder pipe burst flooding street and leaving 500 households without water for 24h. (Ref Ward-162, Avadi)",Water Supply Contamination / Burst,water,DEPT_WATER,Avadi,Ward-162,HIGH,39,6,64.06,2026-08-27T11:00:00Z
CP-SEV-00271,Uneven road paver block near bus stop in Chennai Central,"Urgent attention requested: Interlocking paver blocks displaced near local bus shelter area. (Ref Ward-115, Chennai Central)",Road Damage & Potholes,roads,DEPT_ROADS,Chennai Central,Ward-115,MEDIUM,5,3,44.92,2026-08-09T18:00:00Z
CP-SEV-03018,Faded street name sign board in Kanchipuram,"Municipal street sign board paint faded near junction. (Ref Ward-58, Kanchipuram)",Public Infrastructure Damage,infrastructure,DEPT_WORKS,Kanchipuram,Ward-58,LOW,7,1,23.47,2026-08-08T17:00:00Z
CP-SEV-03294,Cracked plaster on municipal wall in Avadi,"Boundary wall plaster cracking near municipal office enclosure. (Ref Ward-107, Avadi)",Public Infrastructure Damage,infrastructure,DEPT_WORKS,Avadi,Ward-107,MEDIUM,0,3,41.23,2026-08-03T15:00:00Z
CP-SEV-01970,Single streetlight non-functional on residential lane in Chennai South,"Citizen report from Sodium streetlight bulb fused outside house no 42 on quiet residential road. (Ref Ward-181, Chennai South)",Streetlights & Electrical Hazards,streetlights,DEPT_LIGHTING,Chennai South,Ward-181,MEDIUM,2,1,18.88,2026-08-28T09:00:00Z
CP-SEV-04009,Stray dog pack menace creating panic near market in Chennai South,"Municipal grievance reported: Pack of aggressive stray dogs barking and chasing two-wheelers near market. (Ref Ward-164, Chennai South)",Other / General Municipal Operations,other,DEPT_GENERAL,Chennai South,Ward-164,HIGH,40,5,66.07,2026-08-17T12:00:00Z
CP-SEV-00489,Catastrophic road cave-in and asphalt collapse in Chennai Central,"Citizen report from Massive crater opened up on main arterial road causing vehicle overturn and imminent life hazard. (Ref Ward-171, Chennai Central)",Road Damage & Potholes,roads,DEPT_ROADS,Chennai Central,Ward-171,CRITICAL,7,1,81.86,2026-08-23T08:00:00Z
CP-SEV-03692,Faded ward boundary map in Avadi,"Municipal grievance reported: Public information board map faded at zonal office. (Ref Ward-111, Avadi)",Other / General Municipal Operations,other,DEPT_GENERAL,Avadi,Ward-111,LOW,1,2,39.27,2026-08-02T10:00:00Z
CP-SEV-02743,Large uncollected garbage dump overflowing onto main road in Chennai Central,"Urgent attention requested: Massive multi-ton waste pile spilling onto main road lane causing traffic blockage and stench. (Ref Ward-7, Chennai Central)",Garbage & Waste Disposal,garbage,DEPT_SANITATION,Chennai Central,Ward-7,HIGH,4,7,73.75,2026-08-20T18:00:00Z
CP-SEV-01756,Severe toxic sewage backup into ground floor homes in Tambaram,"Urgent attention requested: Raw black sewage backing up into toilets and living rooms of 50 houses creating extreme cholera biohazard. (Ref Ward-29, Tambaram)",Drainage & Sewage Overflow,drainage,DEPT_DRAINAGE,Tambaram,Ward-29,CRITICAL,1,10,80.6,2026-08-10T11:00:00Z
CP-SEV-03335,Unstable overhead gantries signboard shaking in wind in Chennai South,"Citizen report from Large directional sign board hanging loose over main road threatening to fall on vehicles. (Ref Ward-132, Chennai South)",Public Infrastructure Damage,infrastructure,DEPT_WORKS,Chennai South,Ward-132,HIGH,7,12,74.73,2026-08-02T11:00:00Z
CP-SEV-01489,Small open drainage chamber cover displaced in Chennai Central,"Concrete cover slab of small side drain displaced by 2 inches. (Ref Ward-181, Chennai Central)",Drainage & Sewage Overflow,drainage,DEPT_DRAINAGE,Chennai Central,Ward-181,MEDIUM,7,3,37.29,2026-08-16T12:00:00Z
CP-SEV-04195,Chemical gas leak from abandoned industrial cylinder in Chennai South,"Pungent chemical gas leaking from abandoned cylinder causing eye irritation and breathing panic in colony. (Ref Ward-96, Chennai South)",Other / General Municipal Operations,other,DEPT_GENERAL,Chennai South,Ward-96,CRITICAL,14,8,77.19,2026-08-03T17:00:00Z
CP-SEV-03118,Minor scratch on public park bench in Tambaram,"Municipal grievance reported: Wooden bench slat scratched in public garden. (Ref Ward-95, Tambaram)",Public Infrastructure Damage,infrastructure,DEPT_WORKS,Tambaram,Ward-95,LOW,8,1,3.5,2026-08-15T15:00:00Z
CP-SEV-01774,Severe toxic sewage backup into ground floor homes in Tambaram,"Urgent attention requested: Raw black sewage backing up into toilets and living rooms of 50 houses creating extreme cholera biohazard. (Ref Ward-150, Tambaram)",Drainage & Sewage Overflow,drainage,DEPT_DRAINAGE,Tambaram,Ward-150,CRITICAL,18,4,51.45,2026-08-12T11:00:00Z
CP-SEV-01213,Dry leaves covering roadside drain grate in Kanchipuram,"Citizen report from Accumulation of dry fallen leaves over storm drain inlet grate. (Ref Ward-146, Kanchipuram)",Drainage & Sewage Overflow,drainage,DEPT_DRAINAGE,Kanchipuram,Ward-146,LOW,3,1,36.07,2026-08-10T13:00:00Z
CP-SEV-00432,Uncovered manhole trench on main avenue in Tiruvallur,"Citizen report from Road cut open for cable laying left open without barricades on major avenue. (Ref Ward-43, Tiruvallur)",Road Damage & Potholes,roads,DEPT_ROADS,Tiruvallur,Ward-43,HIGH,33,3,74.84,2026-08-11T16:00:00Z
CP-SEV-00275,Uneven road paver block near bus stop in Tambaram,"Urgent attention requested: Interlocking paver blocks displaced near local bus shelter area. (Ref Ward-146, Tambaram)",Road Damage & Potholes,roads,DEPT_ROADS,Tambaram,Ward-146,MEDIUM,9,1,30.56,2026-08-12T13:00:00Z
CP-SEV-01974,Single streetlight non-functional on residential lane in Tiruvallur,"Urgent attention requested: Sodium streetlight bulb fused outside house no 42 on quiet residential road. (Ref Ward-171, Tiruvallur)",Streetlights & Electrical Hazards,streetlights,DEPT_LIGHTING,Tiruvallur,Ward-171,MEDIUM,1,1,37.13,2026-08-17T10:00:00Z
CP-SEV-03642,Tree branch overhanging private wall in Chennai North,"Municipal grievance reported: Small tree branch extending over compound wall without immediate blockage. (Ref Ward-74, Chennai North)",Other / General Municipal Operations,other,DEPT_GENERAL,Chennai North,Ward-74,LOW,8,2,25.97,2026-08-08T08:00:00Z
CP-SEV-02163,Entire street dark due to multiple streetlight failure in Chennai South,"Citizen report from All 15 streetlights out on main connecting road creating dark zone and safety hazard for commuters. (Ref Ward-175, Chennai South)",Streetlights & Electrical Hazards,streetlights,DEPT_LIGHTING,Chennai South,Ward-175,HIGH,1,4,83.0,2026-08-12T16:00:00Z
CP-SEV-02865,Toxic biohazardous medical waste burning near residential area in Avadi,"Field inspection notice: Illegal dump of hospital syringes and chemical waste set on fire emitting toxic fumes into homes. (Ref Ward-107, Avadi)",Garbage & Waste Disposal,garbage,DEPT_SANITATION,Avadi,Ward-107,CRITICAL,5,4,80.9,2026-08-16T09:00:00Z
CP-SEV-02770,Large uncollected garbage dump overflowing onto main road in Chennai North,"Field inspection notice: Massive multi-ton waste pile spilling onto main road lane causing traffic blockage and stench. (Ref Ward-117, Chennai North)",Garbage & Waste Disposal,garbage,DEPT_SANITATION,Chennai North,Ward-117,HIGH,44,1,68.12,2026-08-16T11:00:00Z
CP-SEV-04154,Chemical gas leak from abandoned industrial cylinder in Chennai North,"Municipal grievance reported: Pungent chemical gas leaking from abandoned cylinder causing eye irritation and breathing panic in colony. (Ref Ward-199, Chennai North)",Other / General Municipal Operations,other,DEPT_GENERAL,Chennai North,Ward-199,CRITICAL,12,6,93.52,2026-08-15T10:00:00Z
CP-SEV-00799,Localized water supply line leakage in Kanchipuram,"Drinking water pipeline leaking small stream of clean water on roadside near residential building. (Ref Ward-117, Kanchipuram)",Water Supply Contamination / Burst,water,DEPT_WATER,Kanchipuram,Ward-117,MEDIUM,7,2,31.52,2026-08-16T11:00:00Z
CP-SEV-02398,Electrical transformer explosion emitting fire and smoke in Tiruvallur,"Street transformer exploded emitting fire sparks and thick black smoke near crowded apartments. (Ref Ward-121, Tiruvallur)",Streetlights & Electrical Hazards,streetlights,DEPT_LIGHTING,Tiruvallur,Ward-121,CRITICAL,10,6,79.64,2026-08-12T19:00:00Z
CP-SEV-03868,Overgrown grass near roadside footway in Kanchipuram,"Field inspection notice: Wild grass growing along sidewalk margin. (Ref Ward-48, Kanchipuram)",Other / General Municipal Operations,other,DEPT_GENERAL,Kanchipuram,Ward-48,MEDIUM,0,1,28.05,2026-08-18T14:00:00Z
CP-SEV-01522,Severe storm water logging blocking street access in Chennai South,"Citizen report from Rainwater logging knee-deep across entire street blocking vehicles and shop entrances. (Ref Ward-108, Chennai South)",Drainage & Sewage Overflow,drainage,DEPT_DRAINAGE,Chennai South,Ward-108,HIGH,20,13,69.51,2026-08-01T17:00:00Z
CP-SEV-00759,Localized water supply line leakage in Chennai South,"Citizen report from Drinking water pipeline leaking small stream of clean water on roadside near residential building. (Ref Ward-192, Chennai South)",Water Supply Contamination / Burst,water,DEPT_WATER,Chennai South,Ward-192,MEDIUM,7,3,8.98,2026-08-24T11:00:00Z
CP-SEV-01727,Severe toxic sewage backup into ground floor homes in Chennai South,"Urgent attention requested: Raw black sewage backing up into toilets and living rooms of 50 houses creating extreme cholera biohazard. (Ref Ward-44, Chennai South)",Drainage & Sewage Overflow,drainage,DEPT_DRAINAGE,Chennai South,Ward-44,CRITICAL,12,12,90.6,2026-08-12T16:00:00Z
CP-SEV-03558,Municipal hall roof slab collapse hazard in Chennai South,"Urgent attention requested: Heavy concrete ceiling slab sagging and crumbling over crowded public waiting hall. (Ref Ward-82, Chennai South)",Public Infrastructure Damage,infrastructure,DEPT_WORKS,Chennai South,Ward-82,CRITICAL,43,3,87.17,2026-08-22T10:00:00Z
CP-SEV-03186,Damaged metal traffic guard rail in Chennai Central,"Galvanized iron traffic barrier bent after minor vehicle impact near bus stand. (Ref Ward-84, Chennai Central)",Public Infrastructure Damage,infrastructure,DEPT_WORKS,Chennai Central,Ward-84,MEDIUM,10,1,1.64,2026-08-05T15:00:00Z
CP-SEV-00697,Minor street tap valve dripping in Chennai Central,"Citizen report from Public street tap dripping slowly near community park. (Ref Ward-92, Chennai Central)",Water Supply Contamination / Burst,water,DEPT_WATER,Chennai Central,Ward-92,LOW,10,3,10.55,2026-08-10T17:00:00Z
CP-SEV-03127,Minor scratch on public park bench in Tiruvallur,"Municipal grievance reported: Wooden bench slat scratched in public garden. (Ref Ward-198, Tiruvallur)",Public Infrastructure Damage,infrastructure,DEPT_WORKS,Tiruvallur,Ward-198,LOW,3,2,24.07,2026-08-26T19:00:00Z
CP-SEV-03254,Cracked plaster on municipal wall in Tiruvallur,"Urgent attention requested: Boundary wall plaster cracking near municipal office enclosure. (Ref Ward-123, Tiruvallur)",Public Infrastructure Damage,infrastructure,DEPT_WORKS,Tiruvallur,Ward-123,MEDIUM,7,2,13.56,2026-08-28T16:00:00Z
CP-SEV-01216,Dry leaves covering roadside drain grate in Tiruvallur,"Municipal grievance reported: Accumulation of dry fallen leaves over storm drain inlet grate. (Ref Ward-104, Tiruvallur)",Drainage & Sewage Overflow,drainage,DEPT_DRAINAGE,Tiruvallur,Ward-104,LOW,10,3,6.94,2026-08-10T15:00:00Z
CP-SEV-01403,Localized clogged street drain causing puddle in Chennai North,"Urgent attention requested: Street drain inlet blocked with debris causing minor water pooling after rain. (Ref Ward-95, Chennai North)",Drainage & Sewage Overflow,drainage,DEPT_DRAINAGE,Chennai North,Ward-95,MEDIUM,1,3,34.49,2026-08-11T14:00:00Z
CP-SEV-01209,Dry leaves covering roadside drain grate in Tiruvallur,"Urgent attention requested: Accumulation of dry fallen leaves over storm drain inlet grate. (Ref Ward-128, Tiruvallur)",Drainage & Sewage Overflow,drainage,DEPT_DRAINAGE,Tiruvallur,Ward-128,LOW,5,1,12.79,2026-08-22T09:00:00Z
CP-SEV-02924,Toxic biohazardous medical waste burning near residential area in Tiruvallur,"Urgent attention requested: Illegal dump of hospital syringes and chemical waste set on fire emitting toxic fumes into homes. (Ref Ward-140, Tiruvallur)",Garbage & Waste Disposal,garbage,DEPT_SANITATION,Tiruvallur,Ward-140,CRITICAL,15,6,80.8,2026-08-25T17:00:00Z
CP-SEV-03369,Unstable overhead gantries signboard shaking in wind in Chennai Central,"Urgent attention requested: Large directional sign board hanging loose over main road threatening to fall on vehicles. (Ref Ward-81, Chennai Central)",Public Infrastructure Damage,infrastructure,DEPT_WORKS,Chennai Central,Ward-81,HIGH,38,3,79.83,2026-08-17T20:00:00Z
CP-SEV-02150,Entire street dark due to multiple streetlight failure in Chennai South,"Municipal grievance reported: All 15 streetlights out on main connecting road creating dark zone and safety hazard for commuters. (Ref Ward-58, Chennai South)",Streetlights & Electrical Hazards,streetlights,DEPT_LIGHTING,Chennai South,Ward-58,HIGH,11,12,79.67,2026-08-11T19:00:00Z
CP-SEV-01755,Severe toxic sewage backup into ground floor homes in Tiruvallur,"Raw black sewage backing up into toilets and living rooms of 50 houses creating extreme cholera biohazard. (Ref Ward-3, Tiruvallur)",Drainage & Sewage Overflow,drainage,DEPT_DRAINAGE,Tiruvallur,Ward-3,CRITICAL,22,8,76.24,2026-08-16T11:00:00Z
CP-SEV-01512,Severe storm water logging blocking street access in Chennai North,"Urgent attention requested: Rainwater logging knee-deep across entire street blocking vehicles and shop entrances. (Ref Ward-22, Chennai North)",Drainage & Sewage Overflow,drainage,DEPT_DRAINAGE,Chennai North,Ward-22,HIGH,32,5,66.36,2026-08-18T10:00:00Z
CP-SEV-02538,Public dustbin lid missing in Chennai Central,"Urgent attention requested: Plastic dustbin lid missing at street corner bin. (Ref Ward-26, Chennai Central)",Garbage & Waste Disposal,garbage,DEPT_SANITATION,Chennai Central,Ward-26,LOW,9,1,44.47,2026-08-20T08:00:00Z
CP-SEV-00068,Minor cosmetic paint peeling on speed breaker in Kanchipuram,"Municipal grievance reported: Faded paint on speed bump near residential lane, requires routine repaint. (Ref Ward-32, Kanchipuram)",Road Damage & Potholes,roads,DEPT_ROADS,Kanchipuram,Ward-32,LOW,8,2,30.01,2026-08-11T14:00:00Z
CP-SEV-00456,Catastrophic road cave-in and asphalt collapse in Chennai South,"Citizen report from Massive crater opened up on main arterial road causing vehicle overturn and imminent life hazard. (Ref Ward-180, Chennai South)",Road Damage & Potholes,roads,DEPT_ROADS,Chennai South,Ward-180,CRITICAL,15,3,82.01,2026-08-27T11:00:00Z
CP-SEV-00562,Main bridge approach road cracked and collapsing in Tiruvallur,"Field inspection notice: Approach embankment of river bridge severely cracked and caving in during peak traffic. (Ref Ward-134, Tiruvallur)",Road Damage & Potholes,roads,DEPT_ROADS,Tiruvallur,Ward-134,CRITICAL,34,11,89.01,2026-08-16T17:00:00Z
CP-SEV-01202,Dry leaves covering roadside drain grate in Chennai Central,"Citizen report from Accumulation of dry fallen leaves over storm drain inlet grate. (Ref Ward-112, Chennai Central)",Drainage & Sewage Overflow,drainage,DEPT_DRAINAGE,Chennai Central,Ward-112,LOW,5,3,44.76,2026-08-25T10:00:00Z
CP-SEV-01847,Single decorative garden light dim in public park in Tiruvallur,"Municipal grievance reported: Pedestrian walkway lamp shade slightly dusty and dim in municipal park. (Ref Ward-87, Tiruvallur)",Streetlights & Electrical Hazards,streetlights,DEPT_LIGHTING,Tiruvallur,Ward-87,LOW,9,1,34.08,2026-08-11T19:00:00Z
CP-SEV-00858,Water supply timing delayed by 2 hours in Tiruvallur,"Urgent attention requested: Morning municipal water supply delayed by two hours without advance notice. (Ref Ward-74, Tiruvallur)",Water Supply Contamination / Burst,water,DEPT_WATER,Tiruvallur,Ward-74,MEDIUM,5,3,36.19,2026-08-10T15:00:00Z
CP-SEV-01167,Complete water outage in hospital ward for 48 hours in Chennai Central,"Zero water supply in municipal hospital premises for two days, threatening patient emergency operations. (Ref Ward-85, Chennai Central)",Water Supply Contamination / Burst,water,DEPT_WATER,Chennai Central,Ward-85,CRITICAL,24,13,83.68,2026-08-08T14:00:00Z
CP-SEV-03385,Public footbridge steps broken in Chennai South,"Concrete steps on pedestrian footbridge cracked with exposed rusty iron rebar. (Ref Ward-154, Chennai South)",Public Infrastructure Damage,infrastructure,DEPT_WORKS,Chennai South,Ward-154,HIGH,2,7,71.78,2026-08-22T13:00:00Z
CP-SEV-01114,Toxic chemical effluent mixing into drinking water supply in Avadi,"Urgent attention requested: Industrial chemical sewage leaking directly into municipal drinking pipeline, causing severe illness. (Ref Ward-18, Avadi)",Water Supply Contamination / Burst,water,DEPT_WATER,Avadi,Ward-18,CRITICAL,37,13,50.63,2026-08-07T19:00:00Z
CP-SEV-02642,Commercial shop waste dumped on sidewalk in Avadi,"Field inspection notice: Retail shop cardboard boxes and plastic packaging dumped along footpath. (Ref Ward-45, Avadi)",Garbage & Waste Disposal,garbage,DEPT_SANITATION,Avadi,Ward-45,MEDIUM,1,1,34.4,2026-08-07T09:00:00Z
CP-SEV-02367,Electrical transformer explosion emitting fire and smoke in Chennai South,"Urgent attention requested: Street transformer exploded emitting fire sparks and thick black smoke near crowded apartments. (Ref Ward-62, Chennai South)",Streetlights & Electrical Hazards,streetlights,DEPT_LIGHTING,Chennai South,Ward-62,CRITICAL,41,11,75.1,2026-08-02T18:00:00Z
CP-SEV-02703,Large uncollected garbage dump overflowing onto main road in Chennai North,"Field inspection notice: Massive multi-ton waste pile spilling onto main road lane causing traffic blockage and stench. (Ref Ward-62, Chennai North)",Garbage & Waste Disposal,garbage,DEPT_SANITATION,Chennai North,Ward-62,HIGH,17,6,65.2,2026-08-03T09:00:00Z
CP-SEV-00801,Localized water supply line leakage in Chennai Central,"Field inspection notice: Drinking water pipeline leaking small stream of clean water on roadside near residential building. (Ref Ward-33, Chennai Central)",Water Supply Contamination / Burst,water,DEPT_WATER,Chennai Central,Ward-33,MEDIUM,0,1,4.06,2026-08-01T15:00:00Z
CP-SEV-02754,Large uncollected garbage dump overflowing onto main road in Chennai South,"Field inspection notice: Massive multi-ton waste pile spilling onto main road lane causing traffic blockage and stench. (Ref Ward-89, Chennai South)",Garbage & Waste Disposal,garbage,DEPT_SANITATION,Chennai South,Ward-89,HIGH,6,8,74.51,2026-08-03T15:00:00Z
CP-SEV-02019,Single streetlight non-functional on residential lane in Chennai Central,"Sodium streetlight bulb fused outside house no 42 on quiet residential road. (Ref Ward-13, Chennai Central)",Streetlights & Electrical Hazards,streetlights,DEPT_LIGHTING,Chennai Central,Ward-13,MEDIUM,10,2,11.35,2026-08-11T18:00:00Z
CP-SEV-04167,Chemical gas leak from abandoned industrial cylinder in Avadi,"Municipal grievance reported: Pungent chemical gas leaking from abandoned cylinder causing eye irritation and breathing panic in colony. (Ref Ward-83, Avadi)",Other / General Municipal Operations,other,DEPT_GENERAL,Avadi,Ward-83,CRITICAL,31,13,66.74,2026-08-19T12:00:00Z
CP-SEV-02291,High-voltage 11kV live wire snapped hanging across school gate in Chennai Central,"Municipal grievance reported: Sparking live electrical cable hanging at chest height right outside primary school entrance. (Ref Ward-24, Chennai Central)",Streetlights & Electrical Hazards,streetlights,DEPT_LIGHTING,Chennai Central,Ward-24,CRITICAL,22,4,83.46,2026-08-07T12:00:00Z
CP-SEV-03974,Large fallen tree trunk blocking entire avenue in Chennai North,"Heavy gulmohar tree uprooted during storm completely blocking two-lane avenue. (Ref Ward-120, Chennai North)",Other / General Municipal Operations,other,DEPT_GENERAL,Chennai North,Ward-120,HIGH,32,3,63.27,2026-08-05T14:00:00Z
CP-SEV-00409,Uncovered manhole trench on main avenue in Chennai North,"Road cut open for cable laying left open without barricades on major avenue. (Ref Ward-186, Chennai North)",Road Damage & Potholes,roads,DEPT_ROADS,Chennai North,Ward-186,HIGH,15,10,73.45,2026-08-22T14:00:00Z
CP-SEV-00372,Deep pothole causing vehicle damage and traffic blockage in Tiruvallur,"Dangerous deep crater on main road damaging car tires and causing traffic congestion. (Ref Ward-151, Tiruvallur)",Road Damage & Potholes,roads,DEPT_ROADS,Tiruvallur,Ward-151,HIGH,13,8,59.4,2026-08-11T12:00:00Z
CP-SEV-02113,Entire street dark due to multiple streetlight failure in Kanchipuram,"Municipal grievance reported: All 15 streetlights out on main connecting road creating dark zone and safety hazard for commuters. (Ref Ward-67, Kanchipuram)",Streetlights & Electrical Hazards,streetlights,DEPT_LIGHTING,Kanchipuram,Ward-67,HIGH,38,12,91.97,2026-08-05T09:00:00Z
CP-SEV-03257,Cracked plaster on municipal wall in Chennai Central,"Field inspection notice: Boundary wall plaster cracking near municipal office enclosure. (Ref Ward-146, Chennai Central)",Public Infrastructure Damage,infrastructure,DEPT_WORKS,Chennai Central,Ward-146,MEDIUM,4,2,41.8,2026-08-05T19:00:00Z
CP-SEV-00704,Minor street tap valve dripping in Kanchipuram,"Urgent attention requested: Public street tap dripping slowly near community park. (Ref Ward-20, Kanchipuram)",Water Supply Contamination / Burst,water,DEPT_WATER,Kanchipuram,Ward-20,LOW,8,3,1.4,2026-08-19T17:00:00Z
CP-SEV-01567,Severe storm water logging blocking street access in Chennai North,"Municipal grievance reported: Rainwater logging knee-deep across entire street blocking vehicles and shop entrances. (Ref Ward-69, Chennai North)",Drainage & Sewage Overflow,drainage,DEPT_DRAINAGE,Chennai North,Ward-69,HIGH,17,6,82.02,2026-08-08T13:00:00Z
CP-SEV-00811,Localized water supply line leakage in Chennai South,"Urgent attention requested: Drinking water pipeline leaking small stream of clean water on roadside near residential building. (Ref Ward-3, Chennai South)",Water Supply Contamination / Burst,water,DEPT_WATER,Chennai South,Ward-3,MEDIUM,9,3,21.39,2026-08-20T10:00:00Z
CP-SEV-02556,Uncleared garbage dump accumulating for 3 days in Tambaram,"Municipal green bin overflowing with household waste uncleared for 72 hours. (Ref Ward-198, Tambaram)",Garbage & Waste Disposal,garbage,DEPT_SANITATION,Tambaram,Ward-198,MEDIUM,3,1,6.65,2026-08-22T18:00:00Z
CP-SEV-00526,Main bridge approach road cracked and collapsing in Tiruvallur,"Municipal grievance reported: Approach embankment of river bridge severely cracked and caving in during peak traffic. (Ref Ward-183, Tiruvallur)",Road Damage & Potholes,roads,DEPT_ROADS,Tiruvallur,Ward-183,CRITICAL,30,9,85.16,2026-08-12T17:00:00Z
CP-SEV-00859,Water supply timing delayed by 2 hours in Tambaram,"Municipal grievance reported: Morning municipal water supply delayed by two hours without advance notice. (Ref Ward-6, Tambaram)",Water Supply Contamination / Burst,water,DEPT_WATER,Tambaram,Ward-6,MEDIUM,3,3,24.21,2026-08-07T16:00:00Z
CP-SEV-01069,Toxic chemical effluent mixing into drinking water supply in Chennai South,"Industrial chemical sewage leaking directly into municipal drinking pipeline, causing severe illness. (Ref Ward-183, Chennai South)",Water Supply Contamination / Burst,water,DEPT_WATER,Chennai South,Ward-183,CRITICAL,18,3,93.79,2026-08-27T19:00:00Z
CP-SEV-00433,Uncovered manhole trench on main avenue in Tambaram,"Citizen report from Road cut open for cable laying left open without barricades on major avenue. (Ref Ward-119, Tambaram)",Road Damage & Potholes,roads,DEPT_ROADS,Tambaram,Ward-119,HIGH,25,11,58.3,2026-08-21T18:00:00Z
CP-SEV-02162,Entire street dark due to multiple streetlight failure in Tiruvallur,"Citizen report from All 15 streetlights out on main connecting road creating dark zone and safety hazard for commuters. (Ref Ward-130, Tiruvallur)",Streetlights & Electrical Hazards,streetlights,DEPT_LIGHTING,Tiruvallur,Ward-130,HIGH,25,14,92.36,2026-08-17T11:00:00Z
CP-SEV-03726,Faded ward boundary map in Tiruvallur,"Citizen report from Public information board map faded at zonal office. (Ref Ward-3, Tiruvallur)",Other / General Municipal Operations,other,DEPT_GENERAL,Tiruvallur,Ward-3,LOW,5,2,34.77,2026-08-12T19:00:00Z
CP-SEV-01952,Single streetlight non-functional on residential lane in Avadi,"Citizen report from Sodium streetlight bulb fused outside house no 42 on quiet residential road. (Ref Ward-165, Avadi)",Streetlights & Electrical Hazards,streetlights,DEPT_LIGHTING,Avadi,Ward-165,MEDIUM,1,3,6.86,2026-08-24T11:00:00Z
CP-SEV-03811,Stray cattle roaming on residential street in Chennai South,"Urgent attention requested: Stray cows sitting on residential lane causing minor vehicle slowness. (Ref Ward-76, Chennai South)",Other / General Municipal Operations,other,DEPT_GENERAL,Chennai South,Ward-76,MEDIUM,5,3,43.63,2026-08-21T10:00:00Z
CP-SEV-02476,Public dustbin lid missing in Tiruvallur,"Field inspection notice: Plastic dustbin lid missing at street corner bin. (Ref Ward-99, Tiruvallur)",Garbage & Waste Disposal,garbage,DEPT_SANITATION,Tiruvallur,Ward-99,LOW,3,1,4.52,2026-08-03T14:00:00Z
CP-SEV-01006,Brownish muddy water in residential supply line in Kanchipuram,"Municipal grievance reported: Tap water coming contaminated with mud and silt across entire street layout. (Ref Ward-49, Kanchipuram)",Water Supply Contamination / Burst,water,DEPT_WATER,Kanchipuram,Ward-49,HIGH,44,7,90.34,2026-08-21T19:00:00Z
CP-SEV-01040,Brownish muddy water in residential supply line in Tiruvallur,"Urgent attention requested: Tap water coming contaminated with mud and silt across entire street layout. (Ref Ward-59, Tiruvallur)",Water Supply Contamination / Burst,water,DEPT_WATER,Tiruvallur,Ward-59,HIGH,26,14,73.48,2026-08-28T11:00:00Z
CP-SEV-01581,Overflowing sewage drain on market street in Chennai North,"Field inspection notice: Sewage drain overflowing onto commercial market footpath creating foul health hazard. (Ref Ward-43, Chennai North)",Drainage & Sewage Overflow,drainage,DEPT_DRAINAGE,Chennai North,Ward-43,HIGH,32,7,75.31,2026-08-13T14:00:00Z
CP-SEV-04170,Chemical gas leak from abandoned industrial cylinder in Chennai Central,"Pungent chemical gas leaking from abandoned cylinder causing eye irritation and breathing panic in colony. (Ref Ward-40, Chennai Central)",Other / General Municipal Operations,other,DEPT_GENERAL,Chennai Central,Ward-40,CRITICAL,38,13,74.44,2026-08-01T14:00:00Z
CP-SEV-01234,Dry leaves covering roadside drain grate in Chennai North,"Citizen report from Accumulation of dry fallen leaves over storm drain inlet grate. (Ref Ward-5, Chennai North)",Drainage & Sewage Overflow,drainage,DEPT_DRAINAGE,Chennai North,Ward-5,LOW,0,1,21.65,2026-08-05T18:00:00Z
CP-SEV-02448,Small litter paper cups near park bench in Tambaram,"Citizen report from Few discarded tea cups scattered around park bench area. (Ref Ward-166, Tambaram)",Garbage & Waste Disposal,garbage,DEPT_SANITATION,Tambaram,Ward-166,LOW,3,3,23.46,2026-08-16T20:00:00Z
CP-SEV-02856,Toxic biohazardous medical waste burning near residential area in Tiruvallur,"Field inspection notice: Illegal dump of hospital syringes and chemical waste set on fire emitting toxic fumes into homes. (Ref Ward-142, Tiruvallur)",Garbage & Waste Disposal,garbage,DEPT_SANITATION,Tiruvallur,Ward-142,CRITICAL,38,13,92.29,2026-08-15T16:00:00Z
CP-SEV-01091,Toxic chemical effluent mixing into drinking water supply in Kanchipuram,"Field inspection notice: Industrial chemical sewage leaking directly into municipal drinking pipeline, causing severe illness. (Ref Ward-163, Kanchipuram)",Water Supply Contamination / Burst,water,DEPT_WATER,Kanchipuram,Ward-163,CRITICAL,7,11,79.97,2026-08-10T14:00:00Z
CP-SEV-03226,Cracked plaster on municipal wall in Kanchipuram,"Urgent attention requested: Boundary wall plaster cracking near municipal office enclosure. (Ref Ward-196, Kanchipuram)",Public Infrastructure Damage,infrastructure,DEPT_WORKS,Kanchipuram,Ward-196,MEDIUM,7,2,31.3,2026-08-17T16:00:00Z
CP-SEV-03087,Minor scratch on public park bench in Tiruvallur,"Urgent attention requested: Wooden bench slat scratched in public garden. (Ref Ward-69, Tiruvallur)",Public Infrastructure Damage,infrastructure,DEPT_WORKS,Tiruvallur,Ward-69,LOW,10,1,44.92,2026-08-03T18:00:00Z
CP-SEV-03055,Faded street name sign board in Tiruvallur,"Municipal street sign board paint faded near junction. (Ref Ward-1, Tiruvallur)",Public Infrastructure Damage,infrastructure,DEPT_WORKS,Tiruvallur,Ward-1,LOW,0,3,2.24,2026-08-21T14:00:00Z
CP-SEV-00624,Slight water pressure decrease in morning tap in Tiruvallur,"Field inspection notice: Municipal tap water pressure is slightly lower than usual during morning supply hours. (Ref Ward-147, Tiruvallur)",Water Supply Contamination / Burst,water,DEPT_WATER,Tiruvallur,Ward-147,LOW,2,1,35.08,2026-08-03T19:00:00Z
CP-SEV-01695,Underground sewage main explosion flooding hospital basement in Chennai North,"Main sewage trunk line ruptured flooding hospital basement and ground floor with raw sewage. (Ref Ward-164, Chennai North)",Drainage & Sewage Overflow,drainage,DEPT_DRAINAGE,Chennai North,Ward-164,CRITICAL,6,2,70.66,2026-08-20T09:00:00Z
CP-SEV-00323,Deep pothole causing vehicle damage and traffic blockage in Kanchipuram,"Municipal grievance reported: Dangerous deep crater on main road damaging car tires and causing traffic congestion. (Ref Ward-126, Kanchipuram)",Road Damage & Potholes,roads,DEPT_ROADS,Kanchipuram,Ward-126,HIGH,30,6,75.22,2026-08-26T19:00:00Z
CP-SEV-03336,Unstable overhead gantries signboard shaking in wind in Tambaram,"Field inspection notice: Large directional sign board hanging loose over main road threatening to fall on vehicles. (Ref Ward-109, Tambaram)",Public Infrastructure Damage,infrastructure,DEPT_WORKS,Tambaram,Ward-109,HIGH,1,12,80.97,2026-08-06T19:00:00Z
CP-SEV-02403,Small litter paper cups near park bench in Tiruvallur,"Citizen report from Few discarded tea cups scattered around park bench area. (Ref Ward-175, Tiruvallur)",Garbage & Waste Disposal,garbage,DEPT_SANITATION,Tiruvallur,Ward-175,LOW,0,2,22.79,2026-08-28T18:00:00Z
CP-SEV-00709,Minor street tap valve dripping in Tambaram,"Citizen report from Public street tap dripping slowly near community park. (Ref Ward-41, Tambaram)",Water Supply Contamination / Burst,water,DEPT_WATER,Tambaram,Ward-41,LOW,9,3,29.67,2026-08-05T19:00:00Z
CP-SEV-02827,Animal carcasses dumped openly near residential layout in Chennai South,"Field inspection notice: Decomposed animal waste dumped near residential colony causing intense stench and flies. (Ref Ward-109, Chennai South)",Garbage & Waste Disposal,garbage,DEPT_SANITATION,Chennai South,Ward-109,HIGH,40,13,69.85,2026-08-10T18:00:00Z
CP-SEV-01972,Single streetlight non-functional on residential lane in Kanchipuram,"Urgent attention requested: Sodium streetlight bulb fused outside house no 42 on quiet residential road. (Ref Ward-158, Kanchipuram)",Streetlights & Electrical Hazards,streetlights,DEPT_LIGHTING,Kanchipuram,Ward-158,MEDIUM,5,3,38.17,2026-08-11T19:00:00Z
CP-SEV-00826,Water supply timing delayed by 2 hours in Chennai Central,"Morning municipal water supply delayed by two hours without advance notice. (Ref Ward-57, Chennai Central)",Water Supply Contamination / Burst,water,DEPT_WATER,Chennai Central,Ward-57,MEDIUM,1,1,41.86,2026-08-07T18:00:00Z
CP-SEV-02983,Massive garbage barrier blocking emergency hospital ambulance entrance in Chennai North,"Urgent attention requested: Rotting garbage pile collapsed across hospital gate preventing emergency ambulance access. (Ref Ward-100, Chennai North)",Garbage & Waste Disposal,garbage,DEPT_SANITATION,Chennai North,Ward-100,CRITICAL,6,2,57.96,2026-08-23T09:00:00Z
CP-SEV-00341,Deep pothole causing vehicle damage and traffic blockage in Kanchipuram,"Citizen report from Dangerous deep crater on main road damaging car tires and causing traffic congestion. (Ref Ward-93, Kanchipuram)",Road Damage & Potholes,roads,DEPT_ROADS,Kanchipuram,Ward-93,HIGH,3,11,55.32,2026-08-10T10:00:00Z
CP-SEV-03935,Large fallen tree trunk blocking entire avenue in Tambaram,"Municipal grievance reported: Heavy gulmohar tree uprooted during storm completely blocking two-lane avenue. (Ref Ward-7, Tambaram)",Other / General Municipal Operations,other,DEPT_GENERAL,Tambaram,Ward-7,HIGH,32,7,80.9,2026-08-20T12:00:00Z
CP-SEV-01307,Slight odor from storm water drain inlet in Chennai Central,"Citizen report from Mild stagnant smell from open storm drain during hot afternoon. (Ref Ward-139, Chennai Central)",Drainage & Sewage Overflow,drainage,DEPT_DRAINAGE,Chennai Central,Ward-139,LOW,3,3,42.87,2026-08-18T15:00:00Z
CP-SEV-01240,Dry leaves covering roadside drain grate in Tambaram,"Field inspection notice: Accumulation of dry fallen leaves over storm drain inlet grate. (Ref Ward-103, Tambaram)",Drainage & Sewage Overflow,drainage,DEPT_DRAINAGE,Tambaram,Ward-103,LOW,8,3,32.61,2026-08-22T15:00:00Z
CP-SEV-01267,Dry leaves covering roadside drain grate in Chennai North,"Accumulation of dry fallen leaves over storm drain inlet grate. (Ref Ward-10, Chennai North)",Drainage & Sewage Overflow,drainage,DEPT_DRAINAGE,Chennai North,Ward-10,LOW,5,2,32.63,2026-08-24T10:00:00Z
CP-SEV-02881,Toxic biohazardous medical waste burning near residential area in Tambaram,"Citizen report from Illegal dump of hospital syringes and chemical waste set on fire emitting toxic fumes into homes. (Ref Ward-31, Tambaram)",Garbage & Waste Disposal,garbage,DEPT_SANITATION,Tambaram,Ward-31,CRITICAL,17,4,69.07,2026-08-12T16:00:00Z
CP-SEV-02984,Massive garbage barrier blocking emergency hospital ambulance entrance in Chennai North,"Rotting garbage pile collapsed across hospital gate preventing emergency ambulance access. (Ref Ward-96, Chennai North)",Garbage & Waste Disposal,garbage,DEPT_SANITATION,Chennai North,Ward-96,CRITICAL,16,9,85.86,2026-08-21T14:00:00Z
CP-SEV-00687,Minor street tap valve dripping in Avadi,"Public street tap dripping slowly near community park. (Ref Ward-17, Avadi)",Water Supply Contamination / Burst,water,DEPT_WATER,Avadi,Ward-17,LOW,0,3,38.17,2026-08-12T16:00:00Z
CP-SEV-00593,Main bridge approach road cracked and collapsing in Kanchipuram,"Municipal grievance reported: Approach embankment of river bridge severely cracked and caving in during peak traffic. (Ref Ward-167, Kanchipuram)",Road Damage & Potholes,roads,DEPT_ROADS,Kanchipuram,Ward-167,CRITICAL,12,3,73.28,2026-08-08T08:00:00Z
CP-SEV-02547,Public dustbin lid missing in Kanchipuram,"Plastic dustbin lid missing at street corner bin. (Ref Ward-82, Kanchipuram)",Garbage & Waste Disposal,garbage,DEPT_SANITATION,Kanchipuram,Ward-82,LOW,3,3,21.67,2026-08-14T09:00:00Z
CP-SEV-02957,Massive garbage barrier blocking emergency hospital ambulance entrance in Chennai North,"Rotting garbage pile collapsed across hospital gate preventing emergency ambulance access. (Ref Ward-198, Chennai North)",Garbage & Waste Disposal,garbage,DEPT_SANITATION,Chennai North,Ward-198,CRITICAL,8,12,61.64,2026-08-18T17:00:00Z
CP-SEV-02938,Massive garbage barrier blocking emergency hospital ambulance entrance in Avadi,"Citizen report from Rotting garbage pile collapsed across hospital gate preventing emergency ambulance access. (Ref Ward-165, Avadi)",Garbage & Waste Disposal,garbage,DEPT_SANITATION,Avadi,Ward-165,CRITICAL,11,8,62.79,2026-08-26T19:00:00Z
CP-SEV-01556,Severe storm water logging blocking street access in Tiruvallur,"Rainwater logging knee-deep across entire street blocking vehicles and shop entrances. (Ref Ward-103, Tiruvallur)",Drainage & Sewage Overflow,drainage,DEPT_DRAINAGE,Tiruvallur,Ward-103,HIGH,24,3,54.94,2026-08-04T20:00:00Z
CP-SEV-03281,Cracked plaster on municipal wall in Kanchipuram,"Boundary wall plaster cracking near municipal office enclosure. (Ref Ward-149, Kanchipuram)",Public Infrastructure Damage,infrastructure,DEPT_WORKS,Kanchipuram,Ward-149,MEDIUM,4,2,7.68,2026-08-01T11:00:00Z
CP-SEV-00439,Uncovered manhole trench on main avenue in Tiruvallur,"Municipal grievance reported: Road cut open for cable laying left open without barricades on major avenue. (Ref Ward-173, Tiruvallur)",Road Damage & Potholes,roads,DEPT_ROADS,Tiruvallur,Ward-173,HIGH,39,10,53.81,2026-08-05T13:00:00Z
CP-SEV-04071,Rabid stray dog pack actively biting children outside school gate in Kanchipuram,"Municipal grievance reported: Multiple children bitten and injured by aggressive rabid dog pack near school entrance. (Ref Ward-45, Kanchipuram)",Other / General Municipal Operations,other,DEPT_GENERAL,Kanchipuram,Ward-45,CRITICAL,11,9,67.05,2026-08-04T20:00:00Z
CP-SEV-02477,Public dustbin lid missing in Kanchipuram,"Field inspection notice: Plastic dustbin lid missing at street corner bin. (Ref Ward-114, Kanchipuram)",Garbage & Waste Disposal,garbage,DEPT_SANITATION,Kanchipuram,Ward-114,LOW,2,3,39.97,2026-08-28T17:00:00Z
CP-SEV-00792,Localized water supply line leakage in Chennai Central,"Municipal grievance reported: Drinking water pipeline leaking small stream of clean water on roadside near residential building. (Ref Ward-40, Chennai Central)",Water Supply Contamination / Burst,water,DEPT_WATER,Chennai Central,Ward-40,MEDIUM,0,1,23.55,2026-08-25T10:00:00Z
CP-SEV-02753,Large uncollected garbage dump overflowing onto main road in Tambaram,"Urgent attention requested: Massive multi-ton waste pile spilling onto main road lane causing traffic blockage and stench. (Ref Ward-60, Tambaram)",Garbage & Waste Disposal,garbage,DEPT_SANITATION,Tambaram,Ward-60,HIGH,8,15,64.14,2026-08-23T10:00:00Z
CP-SEV-01740,Severe toxic sewage backup into ground floor homes in Tambaram,"Municipal grievance reported: Raw black sewage backing up into toilets and living rooms of 50 houses creating extreme cholera biohazard. (Ref Ward-43, Tambaram)",Drainage & Sewage Overflow,drainage,DEPT_DRAINAGE,Tambaram,Ward-43,CRITICAL,36,11,54.59,2026-08-15T09:00:00Z
CP-SEV-04060,Rabid stray dog pack actively biting children outside school gate in Chennai South,"Urgent attention requested: Multiple children bitten and injured by aggressive rabid dog pack near school entrance. (Ref Ward-63, Chennai South)",Other / General Municipal Operations,other,DEPT_GENERAL,Chennai South,Ward-63,CRITICAL,23,5,58.06,2026-08-24T11:00:00Z
CP-SEV-00190,Moderate pothole on residential lane in Tambaram,"Field inspection notice: Pothole approximately 1 foot wide causing discomfort for two-wheelers in neighborhood street. (Ref Ward-103, Tambaram)",Road Damage & Potholes,roads,DEPT_ROADS,Tambaram,Ward-103,MEDIUM,10,1,22.06,2026-08-15T09:00:00Z
CP-SEV-02302,High-voltage 11kV live wire snapped hanging across school gate in Chennai Central,"Field inspection notice: Sparking live electrical cable hanging at chest height right outside primary school entrance. (Ref Ward-155, Chennai Central)",Streetlights & Electrical Hazards,streetlights,DEPT_LIGHTING,Chennai Central,Ward-155,CRITICAL,1,10,90.1,2026-08-14T10:00:00Z
CP-SEV-01313,Slight odor from storm water drain inlet in Kanchipuram,"Municipal grievance reported: Mild stagnant smell from open storm drain during hot afternoon. (Ref Ward-88, Kanchipuram)",Drainage & Sewage Overflow,drainage,DEPT_DRAINAGE,Kanchipuram,Ward-88,LOW,7,2,11.07,2026-08-11T13:00:00Z
CP-SEV-00016,Minor cosmetic paint peeling on speed breaker in Kanchipuram,"Field inspection notice: Faded paint on speed bump near residential lane, requires routine repaint. (Ref Ward-150, Kanchipuram)",Road Damage & Potholes,roads,DEPT_ROADS,Kanchipuram,Ward-150,LOW,9,2,16.29,2026-08-05T16:00:00Z
CP-SEV-02230,Damaged electrical junction box door open in Chennai Central,"Citizen report from Feeder pillar box door hanging open with exposed low-voltage terminals near footpath. (Ref Ward-18, Chennai Central)",Streetlights & Electrical Hazards,streetlights,DEPT_LIGHTING,Chennai Central,Ward-18,HIGH,12,11,77.94,2026-08-06T16:00:00Z
CP-SEV-03652,Tree branch overhanging private wall in Kanchipuram,"Municipal grievance reported: Small tree branch extending over compound wall without immediate blockage. (Ref Ward-102, Kanchipuram)",Other / General Municipal Operations,other,DEPT_GENERAL,Kanchipuram,Ward-102,LOW,4,1,7.03,2026-08-12T17:00:00Z
CP-SEV-02485,Public dustbin lid missing in Kanchipuram,"Field inspection notice: Plastic dustbin lid missing at street corner bin. (Ref Ward-115, Kanchipuram)",Garbage & Waste Disposal,garbage,DEPT_SANITATION,Kanchipuram,Ward-115,LOW,1,2,11.47,2026-08-08T12:00:00Z
CP-SEV-04014,Stray dog pack menace creating panic near market in Kanchipuram,"Pack of aggressive stray dogs barking and chasing two-wheelers near market. (Ref Ward-42, Kanchipuram)",Other / General Municipal Operations,other,DEPT_GENERAL,Kanchipuram,Ward-42,HIGH,45,11,56.63,2026-08-15T11:00:00Z
CP-SEV-02635,Commercial shop waste dumped on sidewalk in Chennai South,"Municipal grievance reported: Retail shop cardboard boxes and plastic packaging dumped along footpath. (Ref Ward-148, Chennai South)",Garbage & Waste Disposal,garbage,DEPT_SANITATION,Chennai South,Ward-148,MEDIUM,0,2,31.34,2026-08-12T20:00:00Z
CP-SEV-03382,Public footbridge steps broken in Tambaram,"Urgent attention requested: Concrete steps on pedestrian footbridge cracked with exposed rusty iron rebar. (Ref Ward-185, Tambaram)",Public Infrastructure Damage,infrastructure,DEPT_WORKS,Tambaram,Ward-185,HIGH,41,2,73.89,2026-08-06T14:00:00Z
CP-SEV-03132,Minor scratch on public park bench in Kanchipuram,"Citizen report from Wooden bench slat scratched in public garden. (Ref Ward-59, Kanchipuram)",Public Infrastructure Damage,infrastructure,DEPT_WORKS,Kanchipuram,Ward-59,LOW,10,1,2.66,2026-08-03T12:00:00Z
CP-SEV-03878,Overgrown grass near roadside footway in Chennai Central,"Citizen report from Wild grass growing along sidewalk margin. (Ref Ward-115, Chennai Central)",Other / General Municipal Operations,other,DEPT_GENERAL,Chennai Central,Ward-115,MEDIUM,6,2,0.72,2026-08-07T13:00:00Z
CP-SEV-02483,Public dustbin lid missing in Kanchipuram,"Citizen report from Plastic dustbin lid missing at street corner bin. (Ref Ward-145, Kanchipuram)",Garbage & Waste Disposal,garbage,DEPT_SANITATION,Kanchipuram,Ward-145,LOW,10,3,2.91,2026-08-23T20:00:00Z
CP-SEV-04015,Stray dog pack menace creating panic near market in Chennai North,"Field inspection notice: Pack of aggressive stray dogs barking and chasing two-wheelers near market. (Ref Ward-131, Chennai North)",Other / General Municipal Operations,other,DEPT_GENERAL,Chennai North,Ward-131,HIGH,35,13,83.44,2026-08-23T08:00:00Z
CP-SEV-03765,Stray cattle roaming on residential street in Chennai South,"Citizen report from Stray cows sitting on residential lane causing minor vehicle slowness. (Ref Ward-14, Chennai South)",Other / General Municipal Operations,other,DEPT_GENERAL,Chennai South,Ward-14,MEDIUM,10,3,3.39,2026-08-24T16:00:00Z
CP-SEV-01305,Slight odor from storm water drain inlet in Avadi,"Urgent attention requested: Mild stagnant smell from open storm drain during hot afternoon. (Ref Ward-151, Avadi)",Drainage & Sewage Overflow,drainage,DEPT_DRAINAGE,Avadi,Ward-151,LOW,3,3,29.32,2026-08-05T12:00:00Z
CP-SEV-00954,Main municipal water supply pipeline burst in Tambaram,"Citizen report from Main feeder pipe burst flooding street and leaving 500 households without water for 24h. (Ref Ward-51, Tambaram)",Water Supply Contamination / Burst,water,DEPT_WATER,Tambaram,Ward-51,HIGH,43,15,64.25,2026-08-19T20:00:00Z
CP-SEV-00846,Water supply timing delayed by 2 hours in Kanchipuram,"Urgent attention requested: Morning municipal water supply delayed by two hours without advance notice. (Ref Ward-98, Kanchipuram)",Water Supply Contamination / Burst,water,DEPT_WATER,Kanchipuram,Ward-98,MEDIUM,4,3,1.85,2026-08-18T17:00:00Z
CP-SEV-00871,Water supply timing delayed by 2 hours in Chennai South,"Citizen report from Morning municipal water supply delayed by two hours without advance notice. (Ref Ward-107, Chennai South)",Water Supply Contamination / Burst,water,DEPT_WATER,Chennai South,Ward-107,MEDIUM,9,1,19.19,2026-08-10T17:00:00Z
CP-SEV-02937,Massive garbage barrier blocking emergency hospital ambulance entrance in Chennai Central,"Rotting garbage pile collapsed across hospital gate preventing emergency ambulance access. (Ref Ward-23, Chennai Central)",Garbage & Waste Disposal,garbage,DEPT_SANITATION,Chennai Central,Ward-23,CRITICAL,27,2,65.96,2026-08-02T15:00:00Z
CP-SEV-02729,Large uncollected garbage dump overflowing onto main road in Tambaram,"Citizen report from Massive multi-ton waste pile spilling onto main road lane causing traffic blockage and stench. (Ref Ward-45, Tambaram)",Garbage & Waste Disposal,garbage,DEPT_SANITATION,Tambaram,Ward-45,HIGH,19,9,92.44,2026-08-24T11:00:00Z
CP-SEV-01540,Severe storm water logging blocking street access in Chennai South,"Rainwater logging knee-deep across entire street blocking vehicles and shop entrances. (Ref Ward-190, Chennai South)",Drainage & Sewage Overflow,drainage,DEPT_DRAINAGE,Chennai South,Ward-190,HIGH,43,10,51.91,2026-08-15T10:00:00Z
CP-SEV-02804,Animal carcasses dumped openly near residential layout in Avadi,"Decomposed animal waste dumped near residential colony causing intense stench and flies. (Ref Ward-31, Avadi)",Garbage & Waste Disposal,garbage,DEPT_SANITATION,Avadi,Ward-31,HIGH,36,2,91.68,2026-08-04T15:00:00Z
CP-SEV-03660,Tree branch overhanging private wall in Chennai North,"Small tree branch extending over compound wall without immediate blockage. (Ref Ward-130, Chennai North)",Other / General Municipal Operations,other,DEPT_GENERAL,Chennai North,Ward-130,LOW,6,2,36.72,2026-08-14T19:00:00Z
CP-SEV-01572,Severe storm water logging blocking street access in Avadi,"Rainwater logging knee-deep across entire street blocking vehicles and shop entrances. (Ref Ward-136, Avadi)",Drainage & Sewage Overflow,drainage,DEPT_DRAINAGE,Avadi,Ward-136,HIGH,23,4,79.26,2026-08-07T17:00:00Z
CP-SEV-00902,Main municipal water supply pipeline burst in Chennai Central,"Citizen report from Main feeder pipe burst flooding street and leaving 500 households without water for 24h. (Ref Ward-10, Chennai Central)",Water Supply Contamination / Burst,water,DEPT_WATER,Chennai Central,Ward-10,HIGH,2,11,76.01,2026-08-20T12:00:00Z
CP-SEV-01208,Dry leaves covering roadside drain grate in Avadi,"Accumulation of dry fallen leaves over storm drain inlet grate. (Ref Ward-2, Avadi)",Drainage & Sewage Overflow,drainage,DEPT_DRAINAGE,Avadi,Ward-2,LOW,9,1,18.74,2026-08-03T11:00:00Z
CP-SEV-00793,Localized water supply line leakage in Chennai Central,"Field inspection notice: Drinking water pipeline leaking small stream of clean water on roadside near residential building. (Ref Ward-74, Chennai Central)",Water Supply Contamination / Burst,water,DEPT_WATER,Chennai Central,Ward-74,MEDIUM,8,1,30.95,2026-08-16T20:00:00Z
CP-SEV-00684,Minor street tap valve dripping in Chennai North,"Urgent attention requested: Public street tap dripping slowly near community park. (Ref Ward-23, Chennai North)",Water Supply Contamination / Burst,water,DEPT_WATER,Chennai North,Ward-23,LOW,0,1,35.74,2026-08-18T09:00:00Z
CP-SEV-00585,Main bridge approach road cracked and collapsing in Tiruvallur,"Citizen report from Approach embankment of river bridge severely cracked and caving in during peak traffic. (Ref Ward-55, Tiruvallur)",Road Damage & Potholes,roads,DEPT_ROADS,Tiruvallur,Ward-55,CRITICAL,41,4,80.5,2026-08-09T18:00:00Z
CP-SEV-00260,Uneven road paver block near bus stop in Kanchipuram,"Municipal grievance reported: Interlocking paver blocks displaced near local bus shelter area. (Ref Ward-5, Kanchipuram)",Road Damage & Potholes,roads,DEPT_ROADS,Kanchipuram,Ward-5,MEDIUM,1,2,10.85,2026-08-22T18:00:00Z
CP-SEV-01053,Toxic chemical effluent mixing into drinking water supply in Tambaram,"Field inspection notice: Industrial chemical sewage leaking directly into municipal drinking pipeline, causing severe illness. (Ref Ward-94, Tambaram)",Water Supply Contamination / Burst,water,DEPT_WATER,Tambaram,Ward-94,CRITICAL,39,1,66.45,2026-08-06T18:00:00Z
CP-SEV-03795,Stray cattle roaming on residential street in Tiruvallur,"Citizen report from Stray cows sitting on residential lane causing minor vehicle slowness. (Ref Ward-125, Tiruvallur)",Other / General Municipal Operations,other,DEPT_GENERAL,Tiruvallur,Ward-125,MEDIUM,2,3,2.27,2026-08-09T10:00:00Z
CP-SEV-02209,Damaged electrical junction box door open in Chennai Central,"Municipal grievance reported: Feeder pillar box door hanging open with exposed low-voltage terminals near footpath. (Ref Ward-181, Chennai Central)",Streetlights & Electrical Hazards,streetlights,DEPT_LIGHTING,Chennai Central,Ward-181,HIGH,16,7,66.66,2026-08-08T13:00:00Z
CP-SEV-01479,Small open drainage chamber cover displaced in Chennai Central,"Concrete cover slab of small side drain displaced by 2 inches. (Ref Ward-58, Chennai Central)",Drainage & Sewage Overflow,drainage,DEPT_DRAINAGE,Chennai Central,Ward-58,MEDIUM,9,1,28.98,2026-08-13T19:00:00Z
CP-SEV-00303,Deep pothole causing vehicle damage and traffic blockage in Chennai Central,"Dangerous deep crater on main road damaging car tires and causing traffic congestion. (Ref Ward-127, Chennai Central)",Road Damage & Potholes,roads,DEPT_ROADS,Chennai Central,Ward-127,HIGH,41,11,71.18,2026-08-18T08:00:00Z
CP-SEV-03884,Overgrown grass near roadside footway in Tambaram,"Municipal grievance reported: Wild grass growing along sidewalk margin. (Ref Ward-68, Tambaram)",Other / General Municipal Operations,other,DEPT_GENERAL,Tambaram,Ward-68,MEDIUM,3,1,30.6,2026-08-11T19:00:00Z
CP-SEV-01254,Dry leaves covering roadside drain grate in Tiruvallur,"Urgent attention requested: Accumulation of dry fallen leaves over storm drain inlet grate. (Ref Ward-144, Tiruvallur)",Drainage & Sewage Overflow,drainage,DEPT_DRAINAGE,Tiruvallur,Ward-144,LOW,8,1,7.52,2026-08-04T11:00:00Z
CP-SEV-03883,Overgrown grass near roadside footway in Chennai South,"Municipal grievance reported: Wild grass growing along sidewalk margin. (Ref Ward-152, Chennai South)",Other / General Municipal Operations,other,DEPT_GENERAL,Chennai South,Ward-152,MEDIUM,4,2,25.52,2026-08-02T19:00:00Z
CP-SEV-03712,Faded ward boundary map in Tambaram,"Citizen report from Public information board map faded at zonal office. (Ref Ward-73, Tambaram)",Other / General Municipal Operations,other,DEPT_GENERAL,Tambaram,Ward-73,LOW,8,3,42.27,2026-08-01T08:00:00Z
CP-SEV-00926,Main municipal water supply pipeline burst in Chennai North,"Main feeder pipe burst flooding street and leaving 500 households without water for 24h. (Ref Ward-114, Chennai North)",Water Supply Contamination / Burst,water,DEPT_WATER,Chennai North,Ward-114,HIGH,1,13,71.72,2026-08-17T10:00:00Z
CP-SEV-03848,Overgrown grass near roadside footway in Kanchipuram,"Citizen report from Wild grass growing along sidewalk margin. (Ref Ward-73, Kanchipuram)",Other / General Municipal Operations,other,DEPT_GENERAL,Kanchipuram,Ward-73,MEDIUM,1,1,8.99,2026-08-28T10:00:00Z
CP-SEV-00127,Small stone gravel loose on roadside margin in Chennai Central,"Urgent attention requested: Loose gravel scattered near street corner after minor maintenance. (Ref Ward-37, Chennai Central)",Road Damage & Potholes,roads,DEPT_ROADS,Chennai Central,Ward-37,LOW,0,1,35.67,2026-08-20T19:00:00Z
CP-SEV-03153,Damaged metal traffic guard rail in Chennai South,"Field inspection notice: Galvanized iron traffic barrier bent after minor vehicle impact near bus stand. (Ref Ward-44, Chennai South)",Public Infrastructure Damage,infrastructure,DEPT_WORKS,Chennai South,Ward-44,MEDIUM,2,2,39.69,2026-08-04T09:00:00Z
CP-SEV-03895,Overgrown grass near roadside footway in Chennai Central,"Citizen report from Wild grass growing along sidewalk margin. (Ref Ward-11, Chennai Central)",Other / General Municipal Operations,other,DEPT_GENERAL,Chennai Central,Ward-11,MEDIUM,8,1,14.5,2026-08-25T10:00:00Z
CP-SEV-04017,Stray dog pack menace creating panic near market in Chennai Central,"Citizen report from Pack of aggressive stray dogs barking and chasing two-wheelers near market. (Ref Ward-165, Chennai Central)",Other / General Municipal Operations,other,DEPT_GENERAL,Chennai Central,Ward-165,HIGH,14,4,57.88,2026-08-03T14:00:00Z
CP-SEV-00970,Main municipal water supply pipeline burst in Avadi,"Municipal grievance reported: Main feeder pipe burst flooding street and leaving 500 households without water for 24h. (Ref Ward-14, Avadi)",Water Supply Contamination / Burst,water,DEPT_WATER,Avadi,Ward-14,HIGH,34,13,50.49,2026-08-15T16:00:00Z
CP-SEV-03124,Minor scratch on public park bench in Avadi,"Citizen report from Wooden bench slat scratched in public garden. (Ref Ward-112, Avadi)",Public Infrastructure Damage,infrastructure,DEPT_WORKS,Avadi,Ward-112,LOW,8,2,14.95,2026-08-18T09:00:00Z
CP-SEV-02653,Commercial shop waste dumped on sidewalk in Chennai Central,"Citizen report from Retail shop cardboard boxes and plastic packaging dumped along footpath. (Ref Ward-141, Chennai Central)",Garbage & Waste Disposal,garbage,DEPT_SANITATION,Chennai Central,Ward-141,MEDIUM,2,1,19.25,2026-08-28T11:00:00Z
CP-SEV-03451,Imminent structural collapse of busy flyover bridge pillar in Kanchipuram,"Urgent attention requested: Load-bearing concrete pillar of busy traffic flyover cracked with large concrete blocks falling onto road below. (Ref Ward-64, Kanchipuram)",Public Infrastructure Damage,infrastructure,DEPT_WORKS,Kanchipuram,Ward-64,CRITICAL,41,6,88.73,2026-08-27T14:00:00Z
CP-SEV-01397,Localized clogged street drain causing puddle in Chennai South,"Municipal grievance reported: Street drain inlet blocked with debris causing minor water pooling after rain. (Ref Ward-135, Chennai South)",Drainage & Sewage Overflow,drainage,DEPT_DRAINAGE,Chennai South,Ward-135,MEDIUM,9,2,20.71,2026-08-19T08:00:00Z
CP-SEV-03861,Overgrown grass near roadside footway in Chennai North,"Urgent attention requested: Wild grass growing along sidewalk margin. (Ref Ward-85, Chennai North)",Other / General Municipal Operations,other,DEPT_GENERAL,Chennai North,Ward-85,MEDIUM,6,1,1.87,2026-08-13T11:00:00Z
CP-SEV-01364,Localized clogged street drain causing puddle in Tiruvallur,"Street drain inlet blocked with debris causing minor water pooling after rain. (Ref Ward-131, Tiruvallur)",Drainage & Sewage Overflow,drainage,DEPT_DRAINAGE,Tiruvallur,Ward-131,MEDIUM,7,1,32.73,2026-08-26T15:00:00Z
CP-SEV-01642,Overflowing sewage drain on market street in Chennai North,"Citizen report from Sewage drain overflowing onto commercial market footpath creating foul health hazard. (Ref Ward-184, Chennai North)",Drainage & Sewage Overflow,drainage,DEPT_DRAINAGE,Chennai North,Ward-184,HIGH,13,13,80.67,2026-08-05T20:00:00Z
CP-SEV-03411,Public footbridge steps broken in Avadi,"Municipal grievance reported: Concrete steps on pedestrian footbridge cracked with exposed rusty iron rebar. (Ref Ward-18, Avadi)",Public Infrastructure Damage,infrastructure,DEPT_WORKS,Avadi,Ward-18,HIGH,11,8,74.45,2026-08-07T08:00:00Z
CP-SEV-00579,Main bridge approach road cracked and collapsing in Kanchipuram,"Field inspection notice: Approach embankment of river bridge severely cracked and caving in during peak traffic. (Ref Ward-130, Kanchipuram)",Road Damage & Potholes,roads,DEPT_ROADS,Kanchipuram,Ward-130,CRITICAL,8,13,88.31,2026-08-19T08:00:00Z
CP-SEV-03994,Stray dog pack menace creating panic near market in Tiruvallur,"Urgent attention requested: Pack of aggressive stray dogs barking and chasing two-wheelers near market. (Ref Ward-31, Tiruvallur)",Other / General Municipal Operations,other,DEPT_GENERAL,Tiruvallur,Ward-31,HIGH,29,10,55.94,2026-08-16T20:00:00Z
CP-SEV-02273,High-voltage 11kV live wire snapped hanging across school gate in Kanchipuram,"Sparking live electrical cable hanging at chest height right outside primary school entrance. (Ref Ward-122, Kanchipuram)",Streetlights & Electrical Hazards,streetlights,DEPT_LIGHTING,Kanchipuram,Ward-122,CRITICAL,41,7,62.71,2026-08-20T14:00:00Z
CP-SEV-01103,Toxic chemical effluent mixing into drinking water supply in Tiruvallur,"Industrial chemical sewage leaking directly into municipal drinking pipeline, causing severe illness. (Ref Ward-135, Tiruvallur)",Water Supply Contamination / Burst,water,DEPT_WATER,Tiruvallur,Ward-135,CRITICAL,45,9,81.6,2026-08-26T09:00:00Z
CP-SEV-02825,Animal carcasses dumped openly near residential layout in Kanchipuram,"Municipal grievance reported: Decomposed animal waste dumped near residential colony causing intense stench and flies. (Ref Ward-26, Kanchipuram)",Garbage & Waste Disposal,garbage,DEPT_SANITATION,Kanchipuram,Ward-26,HIGH,19,5,88.3,2026-08-17T17:00:00Z
CP-SEV-03911,Large fallen tree trunk blocking entire avenue in Chennai Central,"Municipal grievance reported: Heavy gulmohar tree uprooted during storm completely blocking two-lane avenue. (Ref Ward-35, Chennai Central)",Other / General Municipal Operations,other,DEPT_GENERAL,Chennai Central,Ward-35,HIGH,5,12,87.08,2026-08-21T15:00:00Z
CP-SEV-00688,Minor street tap valve dripping in Chennai North,"Municipal grievance reported: Public street tap dripping slowly near community park. (Ref Ward-75, Chennai North)",Water Supply Contamination / Burst,water,DEPT_WATER,Chennai North,Ward-75,LOW,9,1,12.67,2026-08-15T14:00:00Z
CP-SEV-02183,Damaged electrical junction box door open in Kanchipuram,"Municipal grievance reported: Feeder pillar box door hanging open with exposed low-voltage terminals near footpath. (Ref Ward-131, Kanchipuram)",Streetlights & Electrical Hazards,streetlights,DEPT_LIGHTING,Kanchipuram,Ward-131,HIGH,26,11,87.63,2026-08-12T09:00:00Z
CP-SEV-02921,Toxic biohazardous medical waste burning near residential area in Tiruvallur,"Citizen report from Illegal dump of hospital syringes and chemical waste set on fire emitting toxic fumes into homes. (Ref Ward-170, Tiruvallur)",Garbage & Waste Disposal,garbage,DEPT_SANITATION,Tiruvallur,Ward-170,CRITICAL,1,4,71.03,2026-08-17T15:00:00Z
CP-SEV-00461,Catastrophic road cave-in and asphalt collapse in Kanchipuram,"Urgent attention requested: Massive crater opened up on main arterial road causing vehicle overturn and imminent life hazard. (Ref Ward-92, Kanchipuram)",Road Damage & Potholes,roads,DEPT_ROADS,Kanchipuram,Ward-92,CRITICAL,34,7,59.8,2026-08-14T11:00:00Z
CP-SEV-01563,Severe storm water logging blocking street access in Kanchipuram,"Citizen report from Rainwater logging knee-deep across entire street blocking vehicles and shop entrances. (Ref Ward-163, Kanchipuram)",Drainage & Sewage Overflow,drainage,DEPT_DRAINAGE,Kanchipuram,Ward-163,HIGH,14,2,55.95,2026-08-02T12:00:00Z
CP-SEV-00786,Localized water supply line leakage in Chennai North,"Municipal grievance reported: Drinking water pipeline leaking small stream of clean water on roadside near residential building. (Ref Ward-27, Chennai North)",Water Supply Contamination / Burst,water,DEPT_WATER,Chennai North,Ward-27,MEDIUM,9,1,3.79,2026-08-13T12:00:00Z
CP-SEV-01484,Small open drainage chamber cover displaced in Avadi,"Field inspection notice: Concrete cover slab of small side drain displaced by 2 inches. (Ref Ward-49, Avadi)",Drainage & Sewage Overflow,drainage,DEPT_DRAINAGE,Avadi,Ward-49,MEDIUM,6,2,34.71,2026-08-26T18:00:00Z
CP-SEV-02602,Uncleared garbage dump accumulating for 3 days in Avadi,"Municipal green bin overflowing with household waste uncleared for 72 hours. (Ref Ward-106, Avadi)",Garbage & Waste Disposal,garbage,DEPT_SANITATION,Avadi,Ward-106,MEDIUM,4,2,11.21,2026-08-28T09:00:00Z
CP-SEV-02779,Animal carcasses dumped openly near residential layout in Tiruvallur,"Decomposed animal waste dumped near residential colony causing intense stench and flies. (Ref Ward-9, Tiruvallur)",Garbage & Waste Disposal,garbage,DEPT_SANITATION,Tiruvallur,Ward-9,HIGH,44,12,60.34,2026-08-27T16:00:00Z
CP-SEV-03763,Stray cattle roaming on residential street in Tambaram,"Urgent attention requested: Stray cows sitting on residential lane causing minor vehicle slowness. (Ref Ward-49, Tambaram)",Other / General Municipal Operations,other,DEPT_GENERAL,Tambaram,Ward-49,MEDIUM,5,2,44.83,2026-08-17T10:00:00Z
CP-SEV-04019,Stray dog pack menace creating panic near market in Avadi,"Pack of aggressive stray dogs barking and chasing two-wheelers near market. (Ref Ward-64, Avadi)",Other / General Municipal Operations,other,DEPT_GENERAL,Avadi,Ward-64,HIGH,27,13,67.51,2026-08-15T11:00:00Z
CP-SEV-01548,Severe storm water logging blocking street access in Chennai North,"Field inspection notice: Rainwater logging knee-deep across entire street blocking vehicles and shop entrances. (Ref Ward-26, Chennai North)",Drainage & Sewage Overflow,drainage,DEPT_DRAINAGE,Chennai North,Ward-26,HIGH,31,4,53.81,2026-08-17T10:00:00Z
CP-SEV-02051,Streetlight timer misconfigured turning off early in Chennai North,"Streetlights turning off 1 hour before sunrise in neighborhood layout. (Ref Ward-154, Chennai North)",Streetlights & Electrical Hazards,streetlights,DEPT_LIGHTING,Chennai North,Ward-154,MEDIUM,6,1,14.63,2026-08-08T10:00:00Z
CP-SEV-00964,Main municipal water supply pipeline burst in Avadi,"Field inspection notice: Main feeder pipe burst flooding street and leaving 500 households without water for 24h. (Ref Ward-116, Avadi)",Water Supply Contamination / Burst,water,DEPT_WATER,Avadi,Ward-116,HIGH,22,4,58.36,2026-08-20T08:00:00Z
CP-SEV-01214,Dry leaves covering roadside drain grate in Tiruvallur,"Urgent attention requested: Accumulation of dry fallen leaves over storm drain inlet grate. (Ref Ward-15, Tiruvallur)",Drainage & Sewage Overflow,drainage,DEPT_DRAINAGE,Tiruvallur,Ward-15,LOW,8,3,17.16,2026-08-13T12:00:00Z
CP-SEV-03741,Faded ward boundary map in Chennai Central,"Field inspection notice: Public information board map faded at zonal office. (Ref Ward-106, Chennai Central)",Other / General Municipal Operations,other,DEPT_GENERAL,Chennai Central,Ward-106,LOW,0,2,40.47,2026-08-08T19:00:00Z
CP-SEV-01226,Dry leaves covering roadside drain grate in Tiruvallur,"Municipal grievance reported: Accumulation of dry fallen leaves over storm drain inlet grate. (Ref Ward-65, Tiruvallur)",Drainage & Sewage Overflow,drainage,DEPT_DRAINAGE,Tiruvallur,Ward-65,LOW,4,3,3.68,2026-08-17T08:00:00Z
CP-SEV-04161,Chemical gas leak from abandoned industrial cylinder in Avadi,"Field inspection notice: Pungent chemical gas leaking from abandoned cylinder causing eye irritation and breathing panic in colony. (Ref Ward-105, Avadi)",Other / General Municipal Operations,other,DEPT_GENERAL,Avadi,Ward-105,CRITICAL,18,12,89.77,2026-08-05T16:00:00Z
CP-SEV-03251,Cracked plaster on municipal wall in Tambaram,"Boundary wall plaster cracking near municipal office enclosure. (Ref Ward-33, Tambaram)",Public Infrastructure Damage,infrastructure,DEPT_WORKS,Tambaram,Ward-33,MEDIUM,7,3,42.08,2026-08-19T18:00:00Z
CP-SEV-02378,Electrical transformer explosion emitting fire and smoke in Chennai North,"Citizen report from Street transformer exploded emitting fire sparks and thick black smoke near crowded apartments. (Ref Ward-191, Chennai North)",Streetlights & Electrical Hazards,streetlights,DEPT_LIGHTING,Chennai North,Ward-191,CRITICAL,12,13,75.66,2026-08-24T12:00:00Z
CP-SEV-01035,Brownish muddy water in residential supply line in Avadi,"Urgent attention requested: Tap water coming contaminated with mud and silt across entire street layout. (Ref Ward-125, Avadi)",Water Supply Contamination / Burst,water,DEPT_WATER,Avadi,Ward-125,HIGH,27,3,59.73,2026-08-20T15:00:00Z
CP-SEV-01057,Toxic chemical effluent mixing into drinking water supply in Kanchipuram,"Municipal grievance reported: Industrial chemical sewage leaking directly into municipal drinking pipeline, causing severe illness. (Ref Ward-109, Kanchipuram)",Water Supply Contamination / Burst,water,DEPT_WATER,Kanchipuram,Ward-109,CRITICAL,3,2,66.78,2026-08-15T15:00:00Z
CP-SEV-00041,Minor cosmetic paint peeling on speed breaker in Chennai North,"Faded paint on speed bump near residential lane, requires routine repaint. (Ref Ward-13, Chennai North)",Road Damage & Potholes,roads,DEPT_ROADS,Chennai North,Ward-13,LOW,7,3,41.37,2026-08-17T10:00:00Z
CP-SEV-01451,Small open drainage chamber cover displaced in Avadi,"Concrete cover slab of small side drain displaced by 2 inches. (Ref Ward-21, Avadi)",Drainage & Sewage Overflow,drainage,DEPT_DRAINAGE,Avadi,Ward-21,MEDIUM,3,2,7.46,2026-08-14T12:00:00Z
CP-SEV-01613,Overflowing sewage drain on market street in Chennai South,"Municipal grievance reported: Sewage drain overflowing onto commercial market footpath creating foul health hazard. (Ref Ward-24, Chennai South)",Drainage & Sewage Overflow,drainage,DEPT_DRAINAGE,Chennai South,Ward-24,HIGH,8,3,84.54,2026-08-12T13:00:00Z
CP-SEV-00059,Minor cosmetic paint peeling on speed breaker in Tambaram,"Citizen report from Faded paint on speed bump near residential lane, requires routine repaint. (Ref Ward-172, Tambaram)",Road Damage & Potholes,roads,DEPT_ROADS,Tambaram,Ward-172,LOW,4,1,35.43,2026-08-04T14:00:00Z
CP-SEV-03360,Unstable overhead gantries signboard shaking in wind in Tambaram,"Urgent attention requested: Large directional sign board hanging loose over main road threatening to fall on vehicles. (Ref Ward-161, Tambaram)",Public Infrastructure Damage,infrastructure,DEPT_WORKS,Tambaram,Ward-161,HIGH,28,12,63.4,2026-08-05T17:00:00Z
CP-SEV-03960,Large fallen tree trunk blocking entire avenue in Chennai South,"Heavy gulmohar tree uprooted during storm completely blocking two-lane avenue. (Ref Ward-184, Chennai South)",Other / General Municipal Operations,other,DEPT_GENERAL,Chennai South,Ward-184,HIGH,16,5,56.62,2026-08-28T20:00:00Z
CP-SEV-03044,Faded street name sign board in Kanchipuram,"Municipal grievance reported: Municipal street sign board paint faded near junction. (Ref Ward-196, Kanchipuram)",Public Infrastructure Damage,infrastructure,DEPT_WORKS,Kanchipuram,Ward-196,LOW,7,3,23.49,2026-08-18T10:00:00Z
CP-SEV-03580,Municipal hall roof slab collapse hazard in Avadi,"Urgent attention requested: Heavy concrete ceiling slab sagging and crumbling over crowded public waiting hall. (Ref Ward-155, Avadi)",Public Infrastructure Damage,infrastructure,DEPT_WORKS,Avadi,Ward-155,CRITICAL,5,2,86.34,2026-08-02T08:00:00Z
CP-SEV-00889,Water supply timing delayed by 2 hours in Chennai South,"Municipal grievance reported: Morning municipal water supply delayed by two hours without advance notice. (Ref Ward-109, Chennai South)",Water Supply Contamination / Burst,water,DEPT_WATER,Chennai South,Ward-109,MEDIUM,9,1,31.05,2026-08-05T15:00:00Z
CP-SEV-00138,Small stone gravel loose on roadside margin in Tambaram,"Urgent attention requested: Loose gravel scattered near street corner after minor maintenance. (Ref Ward-195, Tambaram)",Road Damage & Potholes,roads,DEPT_ROADS,Tambaram,Ward-195,LOW,3,2,24.71,2026-08-10T15:00:00Z
CP-SEV-00849,Water supply timing delayed by 2 hours in Tiruvallur,"Citizen report from Morning municipal water supply delayed by two hours without advance notice. (Ref Ward-101, Tiruvallur)",Water Supply Contamination / Burst,water,DEPT_WATER,Tiruvallur,Ward-101,MEDIUM,2,2,3.71,2026-08-19T19:00:00Z
CP-SEV-03882,Overgrown grass near roadside footway in Avadi,"Municipal grievance reported: Wild grass growing along sidewalk margin. (Ref Ward-16, Avadi)",Other / General Municipal Operations,other,DEPT_GENERAL,Avadi,Ward-16,MEDIUM,2,1,11.5,2026-08-03T11:00:00Z
CP-SEV-01415,Localized clogged street drain causing puddle in Chennai North,"Municipal grievance reported: Street drain inlet blocked with debris causing minor water pooling after rain. (Ref Ward-4, Chennai North)",Drainage & Sewage Overflow,drainage,DEPT_DRAINAGE,Chennai North,Ward-4,MEDIUM,3,3,30.1,2026-08-08T09:00:00Z
CP-SEV-03891,Overgrown grass near roadside footway in Tiruvallur,"Urgent attention requested: Wild grass growing along sidewalk margin. (Ref Ward-188, Tiruvallur)",Other / General Municipal Operations,other,DEPT_GENERAL,Tiruvallur,Ward-188,MEDIUM,8,2,11.0,2026-08-01T20:00:00Z
CP-SEV-00604,Slight water pressure decrease in morning tap in Chennai South,"Municipal grievance reported: Municipal tap water pressure is slightly lower than usual during morning supply hours. (Ref Ward-52, Chennai South)",Water Supply Contamination / Burst,water,DEPT_WATER,Chennai South,Ward-52,LOW,6,3,40.18,2026-08-15T10:00:00Z
CP-SEV-00118,Small stone gravel loose on roadside margin in Tiruvallur,"Field inspection notice: Loose gravel scattered near street corner after minor maintenance. (Ref Ward-17, Tiruvallur)",Road Damage & Potholes,roads,DEPT_ROADS,Tiruvallur,Ward-17,LOW,7,1,25.97,2026-08-22T08:00:00Z
CP-SEV-02599,Uncleared garbage dump accumulating for 3 days in Chennai South,"Municipal green bin overflowing with household waste uncleared for 72 hours. (Ref Ward-44, Chennai South)",Garbage & Waste Disposal,garbage,DEPT_SANITATION,Chennai South,Ward-44,MEDIUM,3,2,0.24,2026-08-17T12:00:00Z
CP-SEV-02557,Uncleared garbage dump accumulating for 3 days in Tiruvallur,"Municipal green bin overflowing with household waste uncleared for 72 hours. (Ref Ward-189, Tiruvallur)",Garbage & Waste Disposal,garbage,DEPT_SANITATION,Tiruvallur,Ward-189,MEDIUM,4,3,17.58,2026-08-17T17:00:00Z
CP-SEV-01200,Complete water outage in hospital ward for 48 hours in Chennai Central,"Citizen report from Zero water supply in municipal hospital premises for two days, threatening patient emergency operations. (Ref Ward-12, Chennai Central)",Water Supply Contamination / Burst,water,DEPT_WATER,Chennai Central,Ward-12,CRITICAL,31,14,93.8,2026-08-09T19:00:00Z
CP-SEV-02811,Animal carcasses dumped openly near residential layout in Tiruvallur,"Municipal grievance reported: Decomposed animal waste dumped near residential colony causing intense stench and flies. (Ref Ward-28, Tiruvallur)",Garbage & Waste Disposal,garbage,DEPT_SANITATION,Tiruvallur,Ward-28,HIGH,5,1,84.94,2026-08-06T15:00:00Z
CP-SEV-01309,Slight odor from storm water drain inlet in Chennai North,"Municipal grievance reported: Mild stagnant smell from open storm drain during hot afternoon. (Ref Ward-124, Chennai North)",Drainage & Sewage Overflow,drainage,DEPT_DRAINAGE,Chennai North,Ward-124,LOW,9,2,37.78,2026-08-13T13:00:00Z
CP-SEV-01321,Slight odor from storm water drain inlet in Kanchipuram,"Citizen report from Mild stagnant smell from open storm drain during hot afternoon. (Ref Ward-78, Kanchipuram)",Drainage & Sewage Overflow,drainage,DEPT_DRAINAGE,Kanchipuram,Ward-78,LOW,3,2,43.53,2026-08-02T12:00:00Z
CP-SEV-02283,High-voltage 11kV live wire snapped hanging across school gate in Chennai South,"Urgent attention requested: Sparking live electrical cable hanging at chest height right outside primary school entrance. (Ref Ward-121, Chennai South)",Streetlights & Electrical Hazards,streetlights,DEPT_LIGHTING,Chennai South,Ward-121,CRITICAL,34,11,70.35,2026-08-27T20:00:00Z
CP-SEV-00935,Main municipal water supply pipeline burst in Chennai South,"Municipal grievance reported: Main feeder pipe burst flooding street and leaving 500 households without water for 24h. (Ref Ward-181, Chennai South)",Water Supply Contamination / Burst,water,DEPT_WATER,Chennai South,Ward-181,HIGH,36,4,57.71,2026-08-10T17:00:00Z
CP-SEV-03113,Minor scratch on public park bench in Chennai South,"Urgent attention requested: Wooden bench slat scratched in public garden. (Ref Ward-30, Chennai South)",Public Infrastructure Damage,infrastructure,DEPT_WORKS,Chennai South,Ward-30,LOW,6,2,19.98,2026-08-26T10:00:00Z
CP-SEV-02127,Entire street dark due to multiple streetlight failure in Chennai South,"Citizen report from All 15 streetlights out on main connecting road creating dark zone and safety hazard for commuters. (Ref Ward-169, Chennai South)",Streetlights & Electrical Hazards,streetlights,DEPT_LIGHTING,Chennai South,Ward-169,HIGH,12,5,57.35,2026-08-09T11:00:00Z
CP-SEV-00890,Water supply timing delayed by 2 hours in Tiruvallur,"Field inspection notice: Morning municipal water supply delayed by two hours without advance notice. (Ref Ward-166, Tiruvallur)",Water Supply Contamination / Burst,water,DEPT_WATER,Tiruvallur,Ward-166,MEDIUM,1,3,22.53,2026-08-06T20:00:00Z
CP-SEV-02149,Entire street dark due to multiple streetlight failure in Chennai South,"Urgent attention requested: All 15 streetlights out on main connecting road creating dark zone and safety hazard for commuters. (Ref Ward-58, Chennai South)",Streetlights & Electrical Hazards,streetlights,DEPT_LIGHTING,Chennai South,Ward-58,HIGH,6,12,68.17,2026-08-20T09:00:00Z
CP-SEV-00146,Small stone gravel loose on roadside margin in Avadi,"Loose gravel scattered near street corner after minor maintenance. (Ref Ward-196, Avadi)",Road Damage & Potholes,roads,DEPT_ROADS,Avadi,Ward-196,LOW,6,2,41.98,2026-08-28T11:00:00Z
CP-SEV-03778,Stray cattle roaming on residential street in Chennai South,"Field inspection notice: Stray cows sitting on residential lane causing minor vehicle slowness. (Ref Ward-121, Chennai South)",Other / General Municipal Operations,other,DEPT_GENERAL,Chennai South,Ward-121,MEDIUM,6,1,0.7,2026-08-02T16:00:00Z
CP-SEV-00218,Moderate pothole on residential lane in Avadi,"Pothole approximately 1 foot wide causing discomfort for two-wheelers in neighborhood street. (Ref Ward-103, Avadi)",Road Damage & Potholes,roads,DEPT_ROADS,Avadi,Ward-103,MEDIUM,1,2,39.17,2026-08-24T13:00:00Z
CP-SEV-01135,Complete water outage in hospital ward for 48 hours in Chennai North,"Citizen report from Zero water supply in municipal hospital premises for two days, threatening patient emergency operations. (Ref Ward-9, Chennai North)",Water Supply Contamination / Burst,water,DEPT_WATER,Chennai North,Ward-9,CRITICAL,35,11,88.72,2026-08-10T19:00:00Z
CP-SEV-02184,Damaged electrical junction box door open in Chennai North,"Field inspection notice: Feeder pillar box door hanging open with exposed low-voltage terminals near footpath. (Ref Ward-26, Chennai North)",Streetlights & Electrical Hazards,streetlights,DEPT_LIGHTING,Chennai North,Ward-26,HIGH,15,10,72.27,2026-08-19T14:00:00Z
CP-SEV-04157,Chemical gas leak from abandoned industrial cylinder in Avadi,"Pungent chemical gas leaking from abandoned cylinder causing eye irritation and breathing panic in colony. (Ref Ward-11, Avadi)",Other / General Municipal Operations,other,DEPT_GENERAL,Avadi,Ward-11,CRITICAL,29,9,60.81,2026-08-05T16:00:00Z
CP-SEV-03023,Faded street name sign board in Tambaram,"Field inspection notice: Municipal street sign board paint faded near junction. (Ref Ward-119, Tambaram)",Public Infrastructure Damage,infrastructure,DEPT_WORKS,Tambaram,Ward-119,LOW,6,1,2.04,2026-08-01T16:00:00Z
CP-SEV-02463,Small litter paper cups near park bench in Chennai North,"Few discarded tea cups scattered around park bench area. (Ref Ward-97, Chennai North)",Garbage & Waste Disposal,garbage,DEPT_SANITATION,Chennai North,Ward-97,LOW,6,1,2.99,2026-08-26T12:00:00Z
CP-SEV-01843,Single decorative garden light dim in public park in Tambaram,"Urgent attention requested: Pedestrian walkway lamp shade slightly dusty and dim in municipal park. (Ref Ward-30, Tambaram)",Streetlights & Electrical Hazards,streetlights,DEPT_LIGHTING,Tambaram,Ward-30,LOW,7,1,12.16,2026-08-19T14:00:00Z
CP-SEV-01351,Localized clogged street drain causing puddle in Tambaram,"Citizen report from Street drain inlet blocked with debris causing minor water pooling after rain. (Ref Ward-85, Tambaram)",Drainage & Sewage Overflow,drainage,DEPT_DRAINAGE,Tambaram,Ward-85,MEDIUM,1,2,39.42,2026-08-02T15:00:00Z
CP-SEV-00686,Minor street tap valve dripping in Chennai Central,"Field inspection notice: Public street tap dripping slowly near community park. (Ref Ward-5, Chennai Central)",Water Supply Contamination / Burst,water,DEPT_WATER,Chennai Central,Ward-5,LOW,10,1,24.07,2026-08-21T19:00:00Z
CP-SEV-01965,Single streetlight non-functional on residential lane in Avadi,"Municipal grievance reported: Sodium streetlight bulb fused outside house no 42 on quiet residential road. (Ref Ward-80, Avadi)",Streetlights & Electrical Hazards,streetlights,DEPT_LIGHTING,Avadi,Ward-80,MEDIUM,1,2,41.21,2026-08-17T08:00:00Z
CP-SEV-02449,Small litter paper cups near park bench in Chennai North,"Few discarded tea cups scattered around park bench area. (Ref Ward-111, Chennai North)",Garbage & Waste Disposal,garbage,DEPT_SANITATION,Chennai North,Ward-111,LOW,0,2,2.99,2026-08-03T19:00:00Z
CP-SEV-03700,Faded ward boundary map in Tiruvallur,"Field inspection notice: Public information board map faded at zonal office. (Ref Ward-170, Tiruvallur)",Other / General Municipal Operations,other,DEPT_GENERAL,Tiruvallur,Ward-170,LOW,2,2,20.12,2026-08-18T14:00:00Z
CP-SEV-02488,Public dustbin lid missing in Tiruvallur,"Urgent attention requested: Plastic dustbin lid missing at street corner bin. (Ref Ward-59, Tiruvallur)",Garbage & Waste Disposal,garbage,DEPT_SANITATION,Tiruvallur,Ward-59,LOW,2,1,27.7,2026-08-18T08:00:00Z
CP-SEV-01466,Small open drainage chamber cover displaced in Tiruvallur,"Urgent attention requested: Concrete cover slab of small side drain displaced by 2 inches. (Ref Ward-85, Tiruvallur)",Drainage & Sewage Overflow,drainage,DEPT_DRAINAGE,Tiruvallur,Ward-85,MEDIUM,0,2,39.17,2026-08-13T19:00:00Z
CP-SEV-01301,Slight odor from storm water drain inlet in Chennai North,"Citizen report from Mild stagnant smell from open storm drain during hot afternoon. (Ref Ward-82, Chennai North)",Drainage & Sewage Overflow,drainage,DEPT_DRAINAGE,Chennai North,Ward-82,LOW,6,2,11.61,2026-08-27T09:00:00Z
CP-SEV-01494,Small open drainage chamber cover displaced in Kanchipuram,"Concrete cover slab of small side drain displaced by 2 inches. (Ref Ward-50, Kanchipuram)",Drainage & Sewage Overflow,drainage,DEPT_DRAINAGE,Kanchipuram,Ward-50,MEDIUM,6,1,5.89,2026-08-25T20:00:00Z
CP-SEV-00071,Minor cosmetic paint peeling on speed breaker in Chennai Central,"Citizen report from Faded paint on speed bump near residential lane, requires routine repaint. (Ref Ward-74, Chennai Central)",Road Damage & Potholes,roads,DEPT_ROADS,Chennai Central,Ward-74,LOW,6,3,27.3,2026-08-11T15:00:00Z
CP-SEV-00515,Catastrophic road cave-in and asphalt collapse in Chennai Central,"Urgent attention requested: Massive crater opened up on main arterial road causing vehicle overturn and imminent life hazard. (Ref Ward-45, Chennai Central)",Road Damage & Potholes,roads,DEPT_ROADS,Chennai Central,Ward-45,CRITICAL,25,14,70.35,2026-08-24T16:00:00Z
CP-SEV-02771,Large uncollected garbage dump overflowing onto main road in Tambaram,"Citizen report from Massive multi-ton waste pile spilling onto main road lane causing traffic blockage and stench. (Ref Ward-133, Tambaram)",Garbage & Waste Disposal,garbage,DEPT_SANITATION,Tambaram,Ward-133,HIGH,0,6,84.4,2026-08-13T16:00:00Z
CP-SEV-02147,Entire street dark due to multiple streetlight failure in Chennai South,"All 15 streetlights out on main connecting road creating dark zone and safety hazard for commuters. (Ref Ward-83, Chennai South)",Streetlights & Electrical Hazards,streetlights,DEPT_LIGHTING,Chennai South,Ward-83,HIGH,23,10,80.08,2026-08-04T15:00:00Z
CP-SEV-00203,Moderate pothole on residential lane in Kanchipuram,"Municipal grievance reported: Pothole approximately 1 foot wide causing discomfort for two-wheelers in neighborhood street. (Ref Ward-178, Kanchipuram)",Road Damage & Potholes,roads,DEPT_ROADS,Kanchipuram,Ward-178,MEDIUM,0,1,12.3,2026-08-25T12:00:00Z
CP-SEV-01542,Severe storm water logging blocking street access in Avadi,"Urgent attention requested: Rainwater logging knee-deep across entire street blocking vehicles and shop entrances. (Ref Ward-91, Avadi)",Drainage & Sewage Overflow,drainage,DEPT_DRAINAGE,Avadi,Ward-91,HIGH,27,8,67.06,2026-08-12T09:00:00Z
CP-SEV-01080,Toxic chemical effluent mixing into drinking water supply in Kanchipuram,"Urgent attention requested: Industrial chemical sewage leaking directly into municipal drinking pipeline, causing severe illness. (Ref Ward-172, Kanchipuram)",Water Supply Contamination / Burst,water,DEPT_WATER,Kanchipuram,Ward-172,CRITICAL,32,7,58.75,2026-08-11T17:00:00Z
CP-SEV-00042,Minor cosmetic paint peeling on speed breaker in Chennai North,"Urgent attention requested: Faded paint on speed bump near residential lane, requires routine repaint. (Ref Ward-131, Chennai North)",Road Damage & Potholes,roads,DEPT_ROADS,Chennai North,Ward-131,LOW,2,1,26.78,2026-08-22T11:00:00Z
CP-SEV-03461,Imminent structural collapse of busy flyover bridge pillar in Chennai South,"Citizen report from Load-bearing concrete pillar of busy traffic flyover cracked with large concrete blocks falling onto road below. (Ref Ward-126, Chennai South)",Public Infrastructure Damage,infrastructure,DEPT_WORKS,Chennai South,Ward-126,CRITICAL,0,5,56.42,2026-08-14T11:00:00Z
CP-SEV-03291,Cracked plaster on municipal wall in Chennai Central,"Citizen report from Boundary wall plaster cracking near municipal office enclosure. (Ref Ward-130, Chennai Central)",Public Infrastructure Damage,infrastructure,DEPT_WORKS,Chennai Central,Ward-130,MEDIUM,3,2,11.21,2026-08-07T15:00:00Z
CP-SEV-03894,Overgrown grass near roadside footway in Tambaram,"Citizen report from Wild grass growing along sidewalk margin. (Ref Ward-55, Tambaram)",Other / General Municipal Operations,other,DEPT_GENERAL,Tambaram,Ward-55,MEDIUM,3,3,44.92,2026-08-13T12:00:00Z
CP-SEV-03437,Public footbridge steps broken in Tambaram,"Urgent attention requested: Concrete steps on pedestrian footbridge cracked with exposed rusty iron rebar. (Ref Ward-148, Tambaram)",Public Infrastructure Damage,infrastructure,DEPT_WORKS,Tambaram,Ward-148,HIGH,23,6,56.65,2026-08-28T14:00:00Z
CP-SEV-00998,Brownish muddy water in residential supply line in Kanchipuram,"Field inspection notice: Tap water coming contaminated with mud and silt across entire street layout. (Ref Ward-28, Kanchipuram)",Water Supply Contamination / Burst,water,DEPT_WATER,Kanchipuram,Ward-28,HIGH,45,5,54.65,2026-08-03T09:00:00Z
CP-SEV-01143,Complete water outage in hospital ward for 48 hours in Tiruvallur,"Urgent attention requested: Zero water supply in municipal hospital premises for two days, threatening patient emergency operations. (Ref Ward-79, Tiruvallur)",Water Supply Contamination / Burst,water,DEPT_WATER,Tiruvallur,Ward-79,CRITICAL,21,3,50.89,2026-08-11T08:00:00Z
CP-SEV-03182,Damaged metal traffic guard rail in Chennai North,"Galvanized iron traffic barrier bent after minor vehicle impact near bus stand. (Ref Ward-178, Chennai North)",Public Infrastructure Damage,infrastructure,DEPT_WORKS,Chennai North,Ward-178,MEDIUM,6,2,39.39,2026-08-27T10:00:00Z
CP-SEV-01577,Overflowing sewage drain on market street in Chennai Central,"Sewage drain overflowing onto commercial market footpath creating foul health hazard. (Ref Ward-195, Chennai Central)",Drainage & Sewage Overflow,drainage,DEPT_DRAINAGE,Chennai Central,Ward-195,HIGH,22,15,66.47,2026-08-21T19:00:00Z
CP-SEV-03720,Faded ward boundary map in Chennai Central,"Public information board map faded at zonal office. (Ref Ward-47, Chennai Central)",Other / General Municipal Operations,other,DEPT_GENERAL,Chennai Central,Ward-47,LOW,0,2,39.6,2026-08-26T09:00:00Z
CP-SEV-01529,Severe storm water logging blocking street access in Chennai South,"Rainwater logging knee-deep across entire street blocking vehicles and shop entrances. (Ref Ward-89, Chennai South)",Drainage & Sewage Overflow,drainage,DEPT_DRAINAGE,Chennai South,Ward-89,HIGH,35,10,89.69,2026-08-13T15:00:00Z
CP-SEV-01133,Complete water outage in hospital ward for 48 hours in Chennai Central,"Municipal grievance reported: Zero water supply in municipal hospital premises for two days, threatening patient emergency operations. (Ref Ward-139, Chennai Central)",Water Supply Contamination / Burst,water,DEPT_WATER,Chennai Central,Ward-139,CRITICAL,34,9,50.8,2026-08-25T08:00:00Z
CP-SEV-00224,Moderate pothole on residential lane in Tiruvallur,"Municipal grievance reported: Pothole approximately 1 foot wide causing discomfort for two-wheelers in neighborhood street. (Ref Ward-161, Tiruvallur)",Road Damage & Potholes,roads,DEPT_ROADS,Tiruvallur,Ward-161,MEDIUM,2,2,3.07,2026-08-15T18:00:00Z
CP-SEV-03149,Minor scratch on public park bench in Avadi,"Field inspection notice: Wooden bench slat scratched in public garden. (Ref Ward-132, Avadi)",Public Infrastructure Damage,infrastructure,DEPT_WORKS,Avadi,Ward-132,LOW,5,2,2.72,2026-08-19T12:00:00Z
CP-SEV-02847,Animal carcasses dumped openly near residential layout in Chennai North,"Field inspection notice: Decomposed animal waste dumped near residential colony causing intense stench and flies. (Ref Ward-126, Chennai North)",Garbage & Waste Disposal,garbage,DEPT_SANITATION,Chennai North,Ward-126,HIGH,31,4,57.27,2026-08-13T12:00:00Z
CP-SEV-02914,Toxic biohazardous medical waste burning near residential area in Tiruvallur,"Illegal dump of hospital syringes and chemical waste set on fire emitting toxic fumes into homes. (Ref Ward-156, Tiruvallur)",Garbage & Waste Disposal,garbage,DEPT_SANITATION,Tiruvallur,Ward-156,CRITICAL,31,11,60.07,2026-08-03T11:00:00Z
CP-SEV-02224,Damaged electrical junction box door open in Kanchipuram,"Field inspection notice: Feeder pillar box door hanging open with exposed low-voltage terminals near footpath. (Ref Ward-100, Kanchipuram)",Streetlights & Electrical Hazards,streetlights,DEPT_LIGHTING,Kanchipuram,Ward-100,HIGH,24,12,71.35,2026-08-28T13:00:00Z
CP-SEV-03862,Overgrown grass near roadside footway in Tambaram,"Municipal grievance reported: Wild grass growing along sidewalk margin. (Ref Ward-3, Tambaram)",Other / General Municipal Operations,other,DEPT_GENERAL,Tambaram,Ward-3,MEDIUM,0,1,32.89,2026-08-21T09:00:00Z
CP-SEV-03419,Public footbridge steps broken in Tambaram,"Municipal grievance reported: Concrete steps on pedestrian footbridge cracked with exposed rusty iron rebar. (Ref Ward-68, Tambaram)",Public Infrastructure Damage,infrastructure,DEPT_WORKS,Tambaram,Ward-68,HIGH,3,10,76.44,2026-08-19T20:00:00Z
CP-SEV-00898,Water supply timing delayed by 2 hours in Chennai South,"Morning municipal water supply delayed by two hours without advance notice. (Ref Ward-1, Chennai South)",Water Supply Contamination / Burst,water,DEPT_WATER,Chennai South,Ward-1,MEDIUM,4,1,20.64,2026-08-28T15:00:00Z
CP-SEV-00569,Main bridge approach road cracked and collapsing in Avadi,"Approach embankment of river bridge severely cracked and caving in during peak traffic. (Ref Ward-151, Avadi)",Road Damage & Potholes,roads,DEPT_ROADS,Avadi,Ward-151,CRITICAL,26,2,68.65,2026-08-05T17:00:00Z
CP-SEV-01043,Brownish muddy water in residential supply line in Avadi,"Field inspection notice: Tap water coming contaminated with mud and silt across entire street layout. (Ref Ward-2, Avadi)",Water Supply Contamination / Burst,water,DEPT_WATER,Avadi,Ward-2,HIGH,2,1,94.61,2026-08-24T20:00:00Z
CP-SEV-00727,Minor street tap valve dripping in Chennai South,"Public street tap dripping slowly near community park. (Ref Ward-134, Chennai South)",Water Supply Contamination / Burst,water,DEPT_WATER,Chennai South,Ward-134,LOW,10,2,37.19,2026-08-20T09:00:00Z
CP-SEV-02644,Commercial shop waste dumped on sidewalk in Kanchipuram,"Retail shop cardboard boxes and plastic packaging dumped along footpath. (Ref Ward-134, Kanchipuram)",Garbage & Waste Disposal,garbage,DEPT_SANITATION,Kanchipuram,Ward-134,MEDIUM,10,3,42.75,2026-08-19T17:00:00Z
CP-SEV-00996,Brownish muddy water in residential supply line in Chennai South,"Urgent attention requested: Tap water coming contaminated with mud and silt across entire street layout. (Ref Ward-113, Chennai South)",Water Supply Contamination / Burst,water,DEPT_WATER,Chennai South,Ward-113,HIGH,31,15,59.03,2026-08-13T10:00:00Z
CP-SEV-02611,Uncleared garbage dump accumulating for 3 days in Tiruvallur,"Citizen report from Municipal green bin overflowing with household waste uncleared for 72 hours. (Ref Ward-171, Tiruvallur)",Garbage & Waste Disposal,garbage,DEPT_SANITATION,Tiruvallur,Ward-171,MEDIUM,7,2,42.71,2026-08-14T08:00:00Z
CP-SEV-01411,Localized clogged street drain causing puddle in Chennai Central,"Citizen report from Street drain inlet blocked with debris causing minor water pooling after rain. (Ref Ward-46, Chennai Central)",Drainage & Sewage Overflow,drainage,DEPT_DRAINAGE,Chennai Central,Ward-46,MEDIUM,0,3,23.95,2026-08-15T19:00:00Z
CP-SEV-01904,Streetlight pole sticker peeling off in Tambaram,"Citizen report from Identification sticker on light pole peeling off near corner. (Ref Ward-73, Tambaram)",Streetlights & Electrical Hazards,streetlights,DEPT_LIGHTING,Tambaram,Ward-73,LOW,3,3,39.41,2026-08-17T19:00:00Z
CP-SEV-00614,Slight water pressure decrease in morning tap in Chennai North,"Citizen report from Municipal tap water pressure is slightly lower than usual during morning supply hours. (Ref Ward-59, Chennai North)",Water Supply Contamination / Burst,water,DEPT_WATER,Chennai North,Ward-59,LOW,2,1,33.03,2026-08-19T16:00:00Z
CP-SEV-02654,Commercial shop waste dumped on sidewalk in Chennai South,"Urgent attention requested: Retail shop cardboard boxes and plastic packaging dumped along footpath. (Ref Ward-57, Chennai South)",Garbage & Waste Disposal,garbage,DEPT_SANITATION,Chennai South,Ward-57,MEDIUM,8,1,28.12,2026-08-03T14:00:00Z
CP-SEV-03832,Overgrown grass near roadside footway in Chennai North,"Municipal grievance reported: Wild grass growing along sidewalk margin. (Ref Ward-89, Chennai North)",Other / General Municipal Operations,other,DEPT_GENERAL,Chennai North,Ward-89,MEDIUM,8,3,3.56,2026-08-24T20:00:00Z
CP-SEV-04032,Stray dog pack menace creating panic near market in Chennai Central,"Field inspection notice: Pack of aggressive stray dogs barking and chasing two-wheelers near market. (Ref Ward-192, Chennai Central)",Other / General Municipal Operations,other,DEPT_GENERAL,Chennai Central,Ward-192,HIGH,15,5,57.83,2026-08-02T10:00:00Z
CP-SEV-02622,Uncleared garbage dump accumulating for 3 days in Chennai South,"Municipal grievance reported: Municipal green bin overflowing with household waste uncleared for 72 hours. (Ref Ward-6, Chennai South)",Garbage & Waste Disposal,garbage,DEPT_SANITATION,Chennai South,Ward-6,MEDIUM,8,2,25.56,2026-08-01T15:00:00Z
CP-SEV-04054,Rabid stray dog pack actively biting children outside school gate in Kanchipuram,"Field inspection notice: Multiple children bitten and injured by aggressive rabid dog pack near school entrance. (Ref Ward-138, Kanchipuram)",Other / General Municipal Operations,other,DEPT_GENERAL,Kanchipuram,Ward-138,CRITICAL,15,2,64.04,2026-08-19T09:00:00Z
CP-SEV-01963,Single streetlight non-functional on residential lane in Tiruvallur,"Municipal grievance reported: Sodium streetlight bulb fused outside house no 42 on quiet residential road. (Ref Ward-120, Tiruvallur)",Streetlights & Electrical Hazards,streetlights,DEPT_LIGHTING,Tiruvallur,Ward-120,MEDIUM,6,1,27.76,2026-08-07T14:00:00Z
CP-SEV-03556,Municipal hall roof slab collapse hazard in Tambaram,"Citizen report from Heavy concrete ceiling slab sagging and crumbling over crowded public waiting hall. (Ref Ward-185, Tambaram)",Public Infrastructure Damage,infrastructure,DEPT_WORKS,Tambaram,Ward-185,CRITICAL,19,8,88.04,2026-08-09T11:00:00Z
CP-SEV-03194,Damaged metal traffic guard rail in Kanchipuram,"Citizen report from Galvanized iron traffic barrier bent after minor vehicle impact near bus stand. (Ref Ward-55, Kanchipuram)",Public Infrastructure Damage,infrastructure,DEPT_WORKS,Kanchipuram,Ward-55,MEDIUM,2,1,6.78,2026-08-23T20:00:00Z
CP-SEV-01743,Severe toxic sewage backup into ground floor homes in Chennai Central,"Citizen report from Raw black sewage backing up into toilets and living rooms of 50 houses creating extreme cholera biohazard. (Ref Ward-111, Chennai Central)",Drainage & Sewage Overflow,drainage,DEPT_DRAINAGE,Chennai Central,Ward-111,CRITICAL,9,7,72.6,2026-08-17T13:00:00Z
CP-SEV-01566,Severe storm water logging blocking street access in Chennai Central,"Field inspection notice: Rainwater logging knee-deep across entire street blocking vehicles and shop entrances. (Ref Ward-110, Chennai Central)",Drainage & Sewage Overflow,drainage,DEPT_DRAINAGE,Chennai Central,Ward-110,HIGH,3,9,69.22,2026-08-02T12:00:00Z
CP-SEV-00436,Uncovered manhole trench on main avenue in Chennai North,"Urgent attention requested: Road cut open for cable laying left open without barricades on major avenue. (Ref Ward-148, Chennai North)",Road Damage & Potholes,roads,DEPT_ROADS,Chennai North,Ward-148,HIGH,34,3,66.46,2026-08-07T15:00:00Z
CP-SEV-01984,Single streetlight non-functional on residential lane in Tambaram,"Sodium streetlight bulb fused outside house no 42 on quiet residential road. (Ref Ward-91, Tambaram)",Streetlights & Electrical Hazards,streetlights,DEPT_LIGHTING,Tambaram,Ward-91,MEDIUM,5,2,34.76,2026-08-17T15:00:00Z
CP-SEV-01238,Dry leaves covering roadside drain grate in Avadi,"Urgent attention requested: Accumulation of dry fallen leaves over storm drain inlet grate. (Ref Ward-101, Avadi)",Drainage & Sewage Overflow,drainage,DEPT_DRAINAGE,Avadi,Ward-101,LOW,5,1,4.62,2026-08-28T19:00:00Z
CP-SEV-03672,Tree branch overhanging private wall in Chennai Central,"Municipal grievance reported: Small tree branch extending over compound wall without immediate blockage. (Ref Ward-193, Chennai Central)",Other / General Municipal Operations,other,DEPT_GENERAL,Chennai Central,Ward-193,LOW,1,1,39.59,2026-08-02T15:00:00Z
CP-SEV-02941,Massive garbage barrier blocking emergency hospital ambulance entrance in Kanchipuram,"Municipal grievance reported: Rotting garbage pile collapsed across hospital gate preventing emergency ambulance access. (Ref Ward-164, Kanchipuram)",Garbage & Waste Disposal,garbage,DEPT_SANITATION,Kanchipuram,Ward-164,CRITICAL,39,7,67.27,2026-08-08T19:00:00Z
CP-SEV-00919,Main municipal water supply pipeline burst in Chennai Central,"Field inspection notice: Main feeder pipe burst flooding street and leaving 500 households without water for 24h. (Ref Ward-119, Chennai Central)",Water Supply Contamination / Burst,water,DEPT_WATER,Chennai Central,Ward-119,HIGH,3,14,73.45,2026-08-19T19:00:00Z
CP-SEV-00267,Uneven road paver block near bus stop in Kanchipuram,"Field inspection notice: Interlocking paver blocks displaced near local bus shelter area. (Ref Ward-113, Kanchipuram)",Road Damage & Potholes,roads,DEPT_ROADS,Kanchipuram,Ward-113,MEDIUM,5,1,22.33,2026-08-16T13:00:00Z
CP-SEV-02330,Electrical transformer explosion emitting fire and smoke in Avadi,"Citizen report from Street transformer exploded emitting fire sparks and thick black smoke near crowded apartments. (Ref Ward-191, Avadi)",Streetlights & Electrical Hazards,streetlights,DEPT_LIGHTING,Avadi,Ward-191,CRITICAL,14,10,57.67,2026-08-23T13:00:00Z
CP-SEV-03823,Stray cattle roaming on residential street in Kanchipuram,"Stray cows sitting on residential lane causing minor vehicle slowness. (Ref Ward-86, Kanchipuram)",Other / General Municipal Operations,other,DEPT_GENERAL,Kanchipuram,Ward-86,MEDIUM,9,3,32.5,2026-08-19T11:00:00Z
CP-SEV-03958,Large fallen tree trunk blocking entire avenue in Chennai Central,"Citizen report from Heavy gulmohar tree uprooted during storm completely blocking two-lane avenue. (Ref Ward-128, Chennai Central)",Other / General Municipal Operations,other,DEPT_GENERAL,Chennai Central,Ward-128,HIGH,36,5,80.46,2026-08-11T17:00:00Z
CP-SEV-00642,Slight water pressure decrease in morning tap in Chennai North,"Urgent attention requested: Municipal tap water pressure is slightly lower than usual during morning supply hours. (Ref Ward-128, Chennai North)",Water Supply Contamination / Burst,water,DEPT_WATER,Chennai North,Ward-128,LOW,1,2,18.56,2026-08-18T16:00:00Z
CP-SEV-04050,Stray dog pack menace creating panic near market in Chennai North,"Pack of aggressive stray dogs barking and chasing two-wheelers near market. (Ref Ward-67, Chennai North)",Other / General Municipal Operations,other,DEPT_GENERAL,Chennai North,Ward-67,HIGH,29,9,73.27,2026-08-19T13:00:00Z
CP-SEV-03638,Tree branch overhanging private wall in Chennai South,"Citizen report from Small tree branch extending over compound wall without immediate blockage. (Ref Ward-104, Chennai South)",Other / General Municipal Operations,other,DEPT_GENERAL,Chennai South,Ward-104,LOW,7,3,9.28,2026-08-02T19:00:00Z
CP-SEV-00556,Main bridge approach road cracked and collapsing in Chennai South,"Urgent attention requested: Approach embankment of river bridge severely cracked and caving in during peak traffic. (Ref Ward-25, Chennai South)",Road Damage & Potholes,roads,DEPT_ROADS,Chennai South,Ward-25,CRITICAL,13,3,78.72,2026-08-03T15:00:00Z
CP-SEV-01121,Toxic chemical effluent mixing into drinking water supply in Chennai South,"Field inspection notice: Industrial chemical sewage leaking directly into municipal drinking pipeline, causing severe illness. (Ref Ward-142, Chennai South)",Water Supply Contamination / Burst,water,DEPT_WATER,Chennai South,Ward-142,CRITICAL,18,14,69.26,2026-08-28T09:00:00Z
CP-SEV-03874,Overgrown grass near roadside footway in Tiruvallur,"Field inspection notice: Wild grass growing along sidewalk margin. (Ref Ward-85, Tiruvallur)",Other / General Municipal Operations,other,DEPT_GENERAL,Tiruvallur,Ward-85,MEDIUM,6,1,39.01,2026-08-20T20:00:00Z
CP-SEV-03838,Overgrown grass near roadside footway in Chennai North,"Citizen report from Wild grass growing along sidewalk margin. (Ref Ward-175, Chennai North)",Other / General Municipal Operations,other,DEPT_GENERAL,Chennai North,Ward-175,MEDIUM,9,2,17.71,2026-08-06T20:00:00Z
CP-SEV-00050,Minor cosmetic paint peeling on speed breaker in Chennai North,"Municipal grievance reported: Faded paint on speed bump near residential lane, requires routine repaint. (Ref Ward-35, Chennai North)",Road Damage & Potholes,roads,DEPT_ROADS,Chennai North,Ward-35,LOW,1,1,33.41,2026-08-05T12:00:00Z
CP-SEV-01677,Underground sewage main explosion flooding hospital basement in Kanchipuram,"Main sewage trunk line ruptured flooding hospital basement and ground floor with raw sewage. (Ref Ward-73, Kanchipuram)",Drainage & Sewage Overflow,drainage,DEPT_DRAINAGE,Kanchipuram,Ward-73,CRITICAL,6,2,86.27,2026-08-04T09:00:00Z
CP-SEV-00339,Deep pothole causing vehicle damage and traffic blockage in Chennai South,"Municipal grievance reported: Dangerous deep crater on main road damaging car tires and causing traffic congestion. (Ref Ward-123, Chennai South)",Road Damage & Potholes,roads,DEPT_ROADS,Chennai South,Ward-123,HIGH,15,1,61.74,2026-08-08T15:00:00Z
CP-SEV-01340,Slight odor from storm water drain inlet in Chennai South,"Mild stagnant smell from open storm drain during hot afternoon. (Ref Ward-154, Chennai South)",Drainage & Sewage Overflow,drainage,DEPT_DRAINAGE,Chennai South,Ward-154,LOW,0,2,17.28,2026-08-26T14:00:00Z
CP-SEV-00291,Uneven road paver block near bus stop in Avadi,"Citizen report from Interlocking paver blocks displaced near local bus shelter area. (Ref Ward-165, Avadi)",Road Damage & Potholes,roads,DEPT_ROADS,Avadi,Ward-165,MEDIUM,9,3,6.94,2026-08-22T17:00:00Z
CP-SEV-02443,Small litter paper cups near park bench in Chennai South,"Citizen report from Few discarded tea cups scattered around park bench area. (Ref Ward-171, Chennai South)",Garbage & Waste Disposal,garbage,DEPT_SANITATION,Chennai South,Ward-171,LOW,8,1,38.75,2026-08-03T15:00:00Z
CP-SEV-00923,Main municipal water supply pipeline burst in Tiruvallur,"Municipal grievance reported: Main feeder pipe burst flooding street and leaving 500 households without water for 24h. (Ref Ward-193, Tiruvallur)",Water Supply Contamination / Burst,water,DEPT_WATER,Tiruvallur,Ward-193,HIGH,45,14,64.15,2026-08-02T12:00:00Z
CP-SEV-01152,Complete water outage in hospital ward for 48 hours in Chennai Central,"Zero water supply in municipal hospital premises for two days, threatening patient emergency operations. (Ref Ward-111, Chennai Central)",Water Supply Contamination / Burst,water,DEPT_WATER,Chennai Central,Ward-111,CRITICAL,20,4,68.64,2026-08-09T17:00:00Z
CP-SEV-01291,Slight odor from storm water drain inlet in Chennai North,"Field inspection notice: Mild stagnant smell from open storm drain during hot afternoon. (Ref Ward-172, Chennai North)",Drainage & Sewage Overflow,drainage,DEPT_DRAINAGE,Chennai North,Ward-172,LOW,4,3,3.98,2026-08-06T19:00:00Z
CP-SEV-03622,Tree branch overhanging private wall in Tiruvallur,"Field inspection notice: Small tree branch extending over compound wall without immediate blockage. (Ref Ward-48, Tiruvallur)",Other / General Municipal Operations,other,DEPT_GENERAL,Tiruvallur,Ward-48,LOW,4,1,37.82,2026-08-17T13:00:00Z
CP-SEV-03011,Faded street name sign board in Tiruvallur,"Municipal grievance reported: Municipal street sign board paint faded near junction. (Ref Ward-186, Tiruvallur)",Public Infrastructure Damage,infrastructure,DEPT_WORKS,Tiruvallur,Ward-186,LOW,3,3,26.81,2026-08-05T16:00:00Z
CP-SEV-01939,Streetlight pole sticker peeling off in Tiruvallur,"Urgent attention requested: Identification sticker on light pole peeling off near corner. (Ref Ward-190, Tiruvallur)",Streetlights & Electrical Hazards,streetlights,DEPT_LIGHTING,Tiruvallur,Ward-190,LOW,1,2,31.47,2026-08-13T10:00:00Z
CP-SEV-01726,Severe toxic sewage backup into ground floor homes in Tiruvallur,"Citizen report from Raw black sewage backing up into toilets and living rooms of 50 houses creating extreme cholera biohazard. (Ref Ward-3, Tiruvallur)",Drainage & Sewage Overflow,drainage,DEPT_DRAINAGE,Tiruvallur,Ward-3,CRITICAL,6,6,88.76,2026-08-24T14:00:00Z
CP-SEV-00035,Minor cosmetic paint peeling on speed breaker in Tambaram,"Field inspection notice: Faded paint on speed bump near residential lane, requires routine repaint. (Ref Ward-36, Tambaram)",Road Damage & Potholes,roads,DEPT_ROADS,Tambaram,Ward-36,LOW,2,2,20.82,2026-08-28T09:00:00Z
CP-SEV-00854,Water supply timing delayed by 2 hours in Kanchipuram,"Field inspection notice: Morning municipal water supply delayed by two hours without advance notice. (Ref Ward-106, Kanchipuram)",Water Supply Contamination / Burst,water,DEPT_WATER,Kanchipuram,Ward-106,MEDIUM,5,2,8.57,2026-08-12T17:00:00Z
CP-SEV-03161,Damaged metal traffic guard rail in Chennai South,"Citizen report from Galvanized iron traffic barrier bent after minor vehicle impact near bus stand. (Ref Ward-67, Chennai South)",Public Infrastructure Damage,infrastructure,DEPT_WORKS,Chennai South,Ward-67,MEDIUM,0,3,10.84,2026-08-03T19:00:00Z
CP-SEV-03484,Imminent structural collapse of busy flyover bridge pillar in Tambaram,"Citizen report from Load-bearing concrete pillar of busy traffic flyover cracked with large concrete blocks falling onto road below. (Ref Ward-53, Tambaram)",Public Infrastructure Damage,infrastructure,DEPT_WORKS,Tambaram,Ward-53,CRITICAL,11,6,53.52,2026-08-16T12:00:00Z
CP-SEV-00100,Small stone gravel loose on roadside margin in Tiruvallur,"Municipal grievance reported: Loose gravel scattered near street corner after minor maintenance. (Ref Ward-11, Tiruvallur)",Road Damage & Potholes,roads,DEPT_ROADS,Tiruvallur,Ward-11,LOW,8,2,29.77,2026-08-03T16:00:00Z
CP-SEV-04001,Stray dog pack menace creating panic near market in Chennai South,"Municipal grievance reported: Pack of aggressive stray dogs barking and chasing two-wheelers near market. (Ref Ward-26, Chennai South)",Other / General Municipal Operations,other,DEPT_GENERAL,Chennai South,Ward-26,HIGH,21,6,78.45,2026-08-22T20:00:00Z
CP-SEV-02750,Large uncollected garbage dump overflowing onto main road in Avadi,"Field inspection notice: Massive multi-ton waste pile spilling onto main road lane causing traffic blockage and stench. (Ref Ward-24, Avadi)",Garbage & Waste Disposal,garbage,DEPT_SANITATION,Avadi,Ward-24,HIGH,40,14,71.34,2026-08-13T08:00:00Z
CP-SEV-03068,Faded street name sign board in Chennai South,"Citizen report from Municipal street sign board paint faded near junction. (Ref Ward-166, Chennai South)",Public Infrastructure Damage,infrastructure,DEPT_WORKS,Chennai South,Ward-166,LOW,9,3,21.07,2026-08-19T16:00:00Z
CP-SEV-02027,Streetlight timer misconfigured turning off early in Chennai Central,"Field inspection notice: Streetlights turning off 1 hour before sunrise in neighborhood layout. (Ref Ward-109, Chennai Central)",Streetlights & Electrical Hazards,streetlights,DEPT_LIGHTING,Chennai Central,Ward-109,MEDIUM,0,1,42.77,2026-08-09T19:00:00Z
CP-SEV-01244,Dry leaves covering roadside drain grate in Chennai Central,"Citizen report from Accumulation of dry fallen leaves over storm drain inlet grate. (Ref Ward-113, Chennai Central)",Drainage & Sewage Overflow,drainage,DEPT_DRAINAGE,Chennai Central,Ward-113,LOW,8,1,26.44,2026-08-22T13:00:00Z
CP-SEV-01782,Severe toxic sewage backup into ground floor homes in Avadi,"Citizen report from Raw black sewage backing up into toilets and living rooms of 50 houses creating extreme cholera biohazard. (Ref Ward-78, Avadi)",Drainage & Sewage Overflow,drainage,DEPT_DRAINAGE,Avadi,Ward-78,CRITICAL,37,9,66.79,2026-08-20T16:00:00Z
CP-SEV-02835,Animal carcasses dumped openly near residential layout in Chennai South,"Field inspection notice: Decomposed animal waste dumped near residential colony causing intense stench and flies. (Ref Ward-90, Chennai South)",Garbage & Waste Disposal,garbage,DEPT_SANITATION,Chennai South,Ward-90,HIGH,29,6,61.72,2026-08-12T16:00:00Z
CP-SEV-00317,Deep pothole causing vehicle damage and traffic blockage in Avadi,"Urgent attention requested: Dangerous deep crater on main road damaging car tires and causing traffic congestion. (Ref Ward-180, Avadi)",Road Damage & Potholes,roads,DEPT_ROADS,Avadi,Ward-180,HIGH,12,1,69.85,2026-08-14T10:00:00Z
CP-SEV-01903,Streetlight pole sticker peeling off in Kanchipuram,"Municipal grievance reported: Identification sticker on light pole peeling off near corner. (Ref Ward-51, Kanchipuram)",Streetlights & Electrical Hazards,streetlights,DEPT_LIGHTING,Kanchipuram,Ward-51,LOW,7,1,21.8,2026-08-06T19:00:00Z
CP-SEV-03052,Faded street name sign board in Kanchipuram,"Municipal grievance reported: Municipal street sign board paint faded near junction. (Ref Ward-188, Kanchipuram)",Public Infrastructure Damage,infrastructure,DEPT_WORKS,Kanchipuram,Ward-188,LOW,4,1,4.74,2026-08-18T13:00:00Z
CP-SEV-02058,Streetlight timer misconfigured turning off early in Kanchipuram,"Field inspection notice: Streetlights turning off 1 hour before sunrise in neighborhood layout. (Ref Ward-9, Kanchipuram)",Streetlights & Electrical Hazards,streetlights,DEPT_LIGHTING,Kanchipuram,Ward-9,MEDIUM,8,2,38.8,2026-08-03T20:00:00Z
CP-SEV-00334,Deep pothole causing vehicle damage and traffic blockage in Avadi,"Municipal grievance reported: Dangerous deep crater on main road damaging car tires and causing traffic congestion. (Ref Ward-28, Avadi)",Road Damage & Potholes,roads,DEPT_ROADS,Avadi,Ward-28,HIGH,18,8,94.51,2026-08-18T16:00:00Z
CP-SEV-02569,Uncleared garbage dump accumulating for 3 days in Chennai Central,"Municipal grievance reported: Municipal green bin overflowing with household waste uncleared for 72 hours. (Ref Ward-44, Chennai Central)",Garbage & Waste Disposal,garbage,DEPT_SANITATION,Chennai Central,Ward-44,MEDIUM,10,2,18.7,2026-08-14T11:00:00Z
CP-SEV-01073,Toxic chemical effluent mixing into drinking water supply in Chennai Central,"Urgent attention requested: Industrial chemical sewage leaking directly into municipal drinking pipeline, causing severe illness. (Ref Ward-32, Chennai Central)",Water Supply Contamination / Burst,water,DEPT_WATER,Chennai Central,Ward-32,CRITICAL,25,15,72.47,2026-08-05T15:00:00Z
CP-SEV-03150,Minor scratch on public park bench in Tiruvallur,"Municipal grievance reported: Wooden bench slat scratched in public garden. (Ref Ward-196, Tiruvallur)",Public Infrastructure Damage,infrastructure,DEPT_WORKS,Tiruvallur,Ward-196,LOW,4,3,1.63,2026-08-14T14:00:00Z
CP-SEV-00941,Main municipal water supply pipeline burst in Tiruvallur,"Field inspection notice: Main feeder pipe burst flooding street and leaving 500 households without water for 24h. (Ref Ward-120, Tiruvallur)",Water Supply Contamination / Burst,water,DEPT_WATER,Tiruvallur,Ward-120,HIGH,14,4,56.47,2026-08-20T12:00:00Z
CP-SEV-02857,Toxic biohazardous medical waste burning near residential area in Avadi,"Illegal dump of hospital syringes and chemical waste set on fire emitting toxic fumes into homes. (Ref Ward-130, Avadi)",Garbage & Waste Disposal,garbage,DEPT_SANITATION,Avadi,Ward-130,CRITICAL,28,6,80.76,2026-08-23T19:00:00Z
CP-SEV-00673,Slight water pressure decrease in morning tap in Chennai Central,"Municipal grievance reported: Municipal tap water pressure is slightly lower than usual during morning supply hours. (Ref Ward-19, Chennai Central)",Water Supply Contamination / Burst,water,DEPT_WATER,Chennai Central,Ward-19,LOW,8,1,43.06,2026-08-17T09:00:00Z
CP-SEV-03583,Municipal hall roof slab collapse hazard in Tiruvallur,"Urgent attention requested: Heavy concrete ceiling slab sagging and crumbling over crowded public waiting hall. (Ref Ward-192, Tiruvallur)",Public Infrastructure Damage,infrastructure,DEPT_WORKS,Tiruvallur,Ward-192,CRITICAL,40,13,67.46,2026-08-05T20:00:00Z
CP-SEV-01852,Single decorative garden light dim in public park in Chennai South,"Pedestrian walkway lamp shade slightly dusty and dim in municipal park. (Ref Ward-198, Chennai South)",Streetlights & Electrical Hazards,streetlights,DEPT_LIGHTING,Chennai South,Ward-198,LOW,4,2,25.7,2026-08-02T17:00:00Z
CP-SEV-00722,Minor street tap valve dripping in Tambaram,"Public street tap dripping slowly near community park. (Ref Ward-154, Tambaram)",Water Supply Contamination / Burst,water,DEPT_WATER,Tambaram,Ward-154,LOW,10,1,39.53,2026-08-24T18:00:00Z
CP-SEV-03359,Unstable overhead gantries signboard shaking in wind in Avadi,"Citizen report from Large directional sign board hanging loose over main road threatening to fall on vehicles. (Ref Ward-145, Avadi)",Public Infrastructure Damage,infrastructure,DEPT_WORKS,Avadi,Ward-145,HIGH,21,6,60.06,2026-08-09T18:00:00Z
CP-SEV-00595,Main bridge approach road cracked and collapsing in Kanchipuram,"Municipal grievance reported: Approach embankment of river bridge severely cracked and caving in during peak traffic. (Ref Ward-128, Kanchipuram)",Road Damage & Potholes,roads,DEPT_ROADS,Kanchipuram,Ward-128,CRITICAL,16,15,68.84,2026-08-13T19:00:00Z
CP-SEV-00715,Minor street tap valve dripping in Chennai Central,"Citizen report from Public street tap dripping slowly near community park. (Ref Ward-97, Chennai Central)",Water Supply Contamination / Burst,water,DEPT_WATER,Chennai Central,Ward-97,LOW,8,2,15.88,2026-08-28T13:00:00Z
CP-SEV-02016,Single streetlight non-functional on residential lane in Chennai South,"Sodium streetlight bulb fused outside house no 42 on quiet residential road. (Ref Ward-109, Chennai South)",Streetlights & Electrical Hazards,streetlights,DEPT_LIGHTING,Chennai South,Ward-109,MEDIUM,6,3,3.6,2026-08-01T13:00:00Z
CP-SEV-02077,Streetlight timer misconfigured turning off early in Kanchipuram,"Streetlights turning off 1 hour before sunrise in neighborhood layout. (Ref Ward-4, Kanchipuram)",Streetlights & Electrical Hazards,streetlights,DEPT_LIGHTING,Kanchipuram,Ward-4,MEDIUM,3,3,9.11,2026-08-22T08:00:00Z
CP-SEV-02564,Uncleared garbage dump accumulating for 3 days in Tiruvallur,"Municipal green bin overflowing with household waste uncleared for 72 hours. (Ref Ward-71, Tiruvallur)",Garbage & Waste Disposal,garbage,DEPT_SANITATION,Tiruvallur,Ward-71,MEDIUM,8,2,0.74,2026-08-28T19:00:00Z
CP-SEV-01543,Severe storm water logging blocking street access in Chennai Central,"Citizen report from Rainwater logging knee-deep across entire street blocking vehicles and shop entrances. (Ref Ward-174, Chennai Central)",Drainage & Sewage Overflow,drainage,DEPT_DRAINAGE,Chennai Central,Ward-174,HIGH,34,14,84.49,2026-08-04T12:00:00Z
CP-SEV-03290,Cracked plaster on municipal wall in Tiruvallur,"Municipal grievance reported: Boundary wall plaster cracking near municipal office enclosure. (Ref Ward-177, Tiruvallur)",Public Infrastructure Damage,infrastructure,DEPT_WORKS,Tiruvallur,Ward-177,MEDIUM,6,2,34.12,2026-08-10T19:00:00Z
CP-SEV-02242,Damaged electrical junction box door open in Tambaram,"Municipal grievance reported: Feeder pillar box door hanging open with exposed low-voltage terminals near footpath. (Ref Ward-27, Tambaram)",Streetlights & Electrical Hazards,streetlights,DEPT_LIGHTING,Tambaram,Ward-27,HIGH,35,8,77.43,2026-08-10T15:00:00Z
CP-SEV-01923,Streetlight pole sticker peeling off in Chennai North,"Municipal grievance reported: Identification sticker on light pole peeling off near corner. (Ref Ward-41, Chennai North)",Streetlights & Electrical Hazards,streetlights,DEPT_LIGHTING,Chennai North,Ward-41,LOW,4,1,10.35,2026-08-25T19:00:00Z
CP-SEV-03781,Stray cattle roaming on residential street in Chennai Central,"Municipal grievance reported: Stray cows sitting on residential lane causing minor vehicle slowness. (Ref Ward-56, Chennai Central)",Other / General Municipal Operations,other,DEPT_GENERAL,Chennai Central,Ward-56,MEDIUM,9,2,28.36,2026-08-06T18:00:00Z
CP-SEV-02078,Streetlight timer misconfigured turning off early in Tambaram,"Urgent attention requested: Streetlights turning off 1 hour before sunrise in neighborhood layout. (Ref Ward-161, Tambaram)",Streetlights & Electrical Hazards,streetlights,DEPT_LIGHTING,Tambaram,Ward-161,MEDIUM,5,3,3.02,2026-08-18T16:00:00Z
CP-SEV-01796,Severe toxic sewage backup into ground floor homes in Chennai Central,"Municipal grievance reported: Raw black sewage backing up into toilets and living rooms of 50 houses creating extreme cholera biohazard. (Ref Ward-171, Chennai Central)",Drainage & Sewage Overflow,drainage,DEPT_DRAINAGE,Chennai Central,Ward-171,CRITICAL,25,7,81.39,2026-08-04T15:00:00Z
CP-SEV-03965,Large fallen tree trunk blocking entire avenue in Chennai Central,"Municipal grievance reported: Heavy gulmohar tree uprooted during storm completely blocking two-lane avenue. (Ref Ward-30, Chennai Central)",Other / General Municipal Operations,other,DEPT_GENERAL,Chennai Central,Ward-30,HIGH,4,9,90.47,2026-08-24T12:00:00Z
CP-SEV-02875,Toxic biohazardous medical waste burning near residential area in Chennai North,"Urgent attention requested: Illegal dump of hospital syringes and chemical waste set on fire emitting toxic fumes into homes. (Ref Ward-73, Chennai North)",Garbage & Waste Disposal,garbage,DEPT_SANITATION,Chennai North,Ward-73,CRITICAL,35,11,67.77,2026-08-17T10:00:00Z
CP-SEV-00473,Catastrophic road cave-in and asphalt collapse in Chennai North,"Citizen report from Massive crater opened up on main arterial road causing vehicle overturn and imminent life hazard. (Ref Ward-157, Chennai North)",Road Damage & Potholes,roads,DEPT_ROADS,Chennai North,Ward-157,CRITICAL,28,6,82.51,2026-08-21T19:00:00Z
CP-SEV-03842,Overgrown grass near roadside footway in Chennai Central,"Field inspection notice: Wild grass growing along sidewalk margin. (Ref Ward-24, Chennai Central)",Other / General Municipal Operations,other,DEPT_GENERAL,Chennai Central,Ward-24,MEDIUM,4,3,19.68,2026-08-20T11:00:00Z
CP-SEV-03776,Stray cattle roaming on residential street in Avadi,"Field inspection notice: Stray cows sitting on residential lane causing minor vehicle slowness. (Ref Ward-48, Avadi)",Other / General Municipal Operations,other,DEPT_GENERAL,Avadi,Ward-48,MEDIUM,10,2,4.0,2026-08-14T16:00:00Z
CP-SEV-00828,Water supply timing delayed by 2 hours in Tiruvallur,"Urgent attention requested: Morning municipal water supply delayed by two hours without advance notice. (Ref Ward-95, Tiruvallur)",Water Supply Contamination / Burst,water,DEPT_WATER,Tiruvallur,Ward-95,MEDIUM,9,2,23.81,2026-08-24T09:00:00Z
CP-SEV-02908,Toxic biohazardous medical waste burning near residential area in Avadi,"Urgent attention requested: Illegal dump of hospital syringes and chemical waste set on fire emitting toxic fumes into homes. (Ref Ward-7, Avadi)",Garbage & Waste Disposal,garbage,DEPT_SANITATION,Avadi,Ward-7,CRITICAL,7,1,70.11,2026-08-16T18:00:00Z
CP-SEV-00273,Uneven road paver block near bus stop in Kanchipuram,"Citizen report from Interlocking paver blocks displaced near local bus shelter area. (Ref Ward-174, Kanchipuram)",Road Damage & Potholes,roads,DEPT_ROADS,Kanchipuram,Ward-174,MEDIUM,0,1,38.19,2026-08-22T20:00:00Z
CP-SEV-02821,Animal carcasses dumped openly near residential layout in Chennai North,"Citizen report from Decomposed animal waste dumped near residential colony causing intense stench and flies. (Ref Ward-11, Chennai North)",Garbage & Waste Disposal,garbage,DEPT_SANITATION,Chennai North,Ward-11,HIGH,19,6,78.76,2026-08-19T18:00:00Z
CP-SEV-01050,Brownish muddy water in residential supply line in Chennai North,"Municipal grievance reported: Tap water coming contaminated with mud and silt across entire street layout. (Ref Ward-99, Chennai North)",Water Supply Contamination / Burst,water,DEPT_WATER,Chennai North,Ward-99,HIGH,33,1,63.35,2026-08-25T12:00:00Z
CP-SEV-03265,Cracked plaster on municipal wall in Tiruvallur,"Citizen report from Boundary wall plaster cracking near municipal office enclosure. (Ref Ward-105, Tiruvallur)",Public Infrastructure Damage,infrastructure,DEPT_WORKS,Tiruvallur,Ward-105,MEDIUM,10,3,6.11,2026-08-28T11:00:00Z
CP-SEV-01823,Single decorative garden light dim in public park in Tambaram,"Urgent attention requested: Pedestrian walkway lamp shade slightly dusty and dim in municipal park. (Ref Ward-68, Tambaram)",Streetlights & Electrical Hazards,streetlights,DEPT_LIGHTING,Tambaram,Ward-68,LOW,0,2,18.96,2026-08-07T13:00:00Z
CP-SEV-03924,Large fallen tree trunk blocking entire avenue in Chennai Central,"Urgent attention requested: Heavy gulmohar tree uprooted during storm completely blocking two-lane avenue. (Ref Ward-98, Chennai Central)",Other / General Municipal Operations,other,DEPT_GENERAL,Chennai Central,Ward-98,HIGH,8,2,57.06,2026-08-18T17:00:00Z
CP-SEV-03253,Cracked plaster on municipal wall in Chennai North,"Boundary wall plaster cracking near municipal office enclosure. (Ref Ward-195, Chennai North)",Public Infrastructure Damage,infrastructure,DEPT_WORKS,Chennai North,Ward-195,MEDIUM,7,1,2.75,2026-08-06T09:00:00Z
CP-SEV-03702,Faded ward boundary map in Tiruvallur,"Citizen report from Public information board map faded at zonal office. (Ref Ward-42, Tiruvallur)",Other / General Municipal Operations,other,DEPT_GENERAL,Tiruvallur,Ward-42,LOW,4,1,12.94,2026-08-19T10:00:00Z
CP-SEV-00790,Localized water supply line leakage in Tambaram,"Drinking water pipeline leaking small stream of clean water on roadside near residential building. (Ref Ward-162, Tambaram)",Water Supply Contamination / Burst,water,DEPT_WATER,Tambaram,Ward-162,MEDIUM,6,3,28.79,2026-08-18T12:00:00Z
CP-SEV-01596,Overflowing sewage drain on market street in Kanchipuram,"Citizen report from Sewage drain overflowing onto commercial market footpath creating foul health hazard. (Ref Ward-156, Kanchipuram)",Drainage & Sewage Overflow,drainage,DEPT_DRAINAGE,Kanchipuram,Ward-156,HIGH,4,3,53.24,2026-08-08T15:00:00Z
CP-SEV-02504,Public dustbin lid missing in Chennai North,"Field inspection notice: Plastic dustbin lid missing at street corner bin. (Ref Ward-155, Chennai North)",Garbage & Waste Disposal,garbage,DEPT_SANITATION,Chennai North,Ward-155,LOW,6,2,13.48,2026-08-01T13:00:00Z
CP-SEV-03008,Faded street name sign board in Chennai Central,"Municipal grievance reported: Municipal street sign board paint faded near junction. (Ref Ward-66, Chennai Central)",Public Infrastructure Damage,infrastructure,DEPT_WORKS,Chennai Central,Ward-66,LOW,10,2,11.77,2026-08-14T08:00:00Z
CP-SEV-00263,Uneven road paver block near bus stop in Chennai South,"Urgent attention requested: Interlocking paver blocks displaced near local bus shelter area. (Ref Ward-35, Chennai South)",Road Damage & Potholes,roads,DEPT_ROADS,Chennai South,Ward-35,MEDIUM,7,1,13.2,2026-08-02T20:00:00Z
CP-SEV-00202,Moderate pothole on residential lane in Tiruvallur,"Pothole approximately 1 foot wide causing discomfort for two-wheelers in neighborhood street. (Ref Ward-144, Tiruvallur)",Road Damage & Potholes,roads,DEPT_ROADS,Tiruvallur,Ward-144,MEDIUM,9,3,28.92,2026-08-01T17:00:00Z
CP-SEV-02605,Uncleared garbage dump accumulating for 3 days in Chennai North,"Citizen report from Municipal green bin overflowing with household waste uncleared for 72 hours. (Ref Ward-172, Chennai North)",Garbage & Waste Disposal,garbage,DEPT_SANITATION,Chennai North,Ward-172,MEDIUM,2,3,1.81,2026-08-08T19:00:00Z
CP-SEV-00917,Main municipal water supply pipeline burst in Tiruvallur,"Citizen report from Main feeder pipe burst flooding street and leaving 500 households without water for 24h. (Ref Ward-45, Tiruvallur)",Water Supply Contamination / Burst,water,DEPT_WATER,Tiruvallur,Ward-45,HIGH,21,14,65.21,2026-08-22T15:00:00Z
CP-SEV-01266,Dry leaves covering roadside drain grate in Tiruvallur,"Field inspection notice: Accumulation of dry fallen leaves over storm drain inlet grate. (Ref Ward-159, Tiruvallur)",Drainage & Sewage Overflow,drainage,DEPT_DRAINAGE,Tiruvallur,Ward-159,LOW,5,3,18.2,2026-08-07T12:00:00Z
CP-SEV-00374,Deep pothole causing vehicle damage and traffic blockage in Kanchipuram,"Citizen report from Dangerous deep crater on main road damaging car tires and causing traffic congestion. (Ref Ward-155, Kanchipuram)",Road Damage & Potholes,roads,DEPT_ROADS,Kanchipuram,Ward-155,HIGH,25,15,60.77,2026-08-11T20:00:00Z
CP-SEV-01924,Streetlight pole sticker peeling off in Chennai South,"Municipal grievance reported: Identification sticker on light pole peeling off near corner. (Ref Ward-9, Chennai South)",Streetlights & Electrical Hazards,streetlights,DEPT_LIGHTING,Chennai South,Ward-9,LOW,1,2,29.49,2026-08-05T19:00:00Z
CP-SEV-01858,Single decorative garden light dim in public park in Chennai Central,"Field inspection notice: Pedestrian walkway lamp shade slightly dusty and dim in municipal park. (Ref Ward-67, Chennai Central)",Streetlights & Electrical Hazards,streetlights,DEPT_LIGHTING,Chennai Central,Ward-67,LOW,2,1,28.37,2026-08-05T17:00:00Z
CP-SEV-01914,Streetlight pole sticker peeling off in Chennai Central,"Municipal grievance reported: Identification sticker on light pole peeling off near corner. (Ref Ward-173, Chennai Central)",Streetlights & Electrical Hazards,streetlights,DEPT_LIGHTING,Chennai Central,Ward-173,LOW,6,2,36.41,2026-08-14T14:00:00Z
CP-SEV-01446,Small open drainage chamber cover displaced in Tiruvallur,"Municipal grievance reported: Concrete cover slab of small side drain displaced by 2 inches. (Ref Ward-193, Tiruvallur)",Drainage & Sewage Overflow,drainage,DEPT_DRAINAGE,Tiruvallur,Ward-193,MEDIUM,8,3,21.99,2026-08-23T13:00:00Z
CP-SEV-01641,Overflowing sewage drain on market street in Tiruvallur,"Municipal grievance reported: Sewage drain overflowing onto commercial market footpath creating foul health hazard. (Ref Ward-10, Tiruvallur)",Drainage & Sewage Overflow,drainage,DEPT_DRAINAGE,Tiruvallur,Ward-10,HIGH,10,3,80.71,2026-08-03T18:00:00Z
CP-SEV-00812,Localized water supply line leakage in Chennai Central,"Urgent attention requested: Drinking water pipeline leaking small stream of clean water on roadside near residential building. (Ref Ward-198, Chennai Central)",Water Supply Contamination / Burst,water,DEPT_WATER,Chennai Central,Ward-198,MEDIUM,3,1,22.5,2026-08-22T17:00:00Z
CP-SEV-02212,Damaged electrical junction box door open in Kanchipuram,"Feeder pillar box door hanging open with exposed low-voltage terminals near footpath. (Ref Ward-122, Kanchipuram)",Streetlights & Electrical Hazards,streetlights,DEPT_LIGHTING,Kanchipuram,Ward-122,HIGH,20,2,86.33,2026-08-20T11:00:00Z
CP-SEV-01758,Severe toxic sewage backup into ground floor homes in Kanchipuram,"Field inspection notice: Raw black sewage backing up into toilets and living rooms of 50 houses creating extreme cholera biohazard. (Ref Ward-86, Kanchipuram)",Drainage & Sewage Overflow,drainage,DEPT_DRAINAGE,Kanchipuram,Ward-86,CRITICAL,31,12,65.79,2026-08-18T12:00:00Z
CP-SEV-01559,Severe storm water logging blocking street access in Chennai Central,"Field inspection notice: Rainwater logging knee-deep across entire street blocking vehicles and shop entrances. (Ref Ward-73, Chennai Central)",Drainage & Sewage Overflow,drainage,DEPT_DRAINAGE,Chennai Central,Ward-73,HIGH,5,13,69.3,2026-08-20T10:00:00Z
CP-SEV-02143,Entire street dark due to multiple streetlight failure in Chennai North,"Urgent attention requested: All 15 streetlights out on main connecting road creating dark zone and safety hazard for commuters. (Ref Ward-121, Chennai North)",Streetlights & Electrical Hazards,streetlights,DEPT_LIGHTING,Chennai North,Ward-121,HIGH,9,15,68.34,2026-08-18T14:00:00Z
CP-SEV-01821,Single decorative garden light dim in public park in Chennai Central,"Pedestrian walkway lamp shade slightly dusty and dim in municipal park. (Ref Ward-20, Chennai Central)",Streetlights & Electrical Hazards,streetlights,DEPT_LIGHTING,Chennai Central,Ward-20,LOW,9,1,38.39,2026-08-20T16:00:00Z
CP-SEV-00848,Water supply timing delayed by 2 hours in Tambaram,"Morning municipal water supply delayed by two hours without advance notice. (Ref Ward-193, Tambaram)",Water Supply Contamination / Burst,water,DEPT_WATER,Tambaram,Ward-193,MEDIUM,9,3,4.05,2026-08-14T12:00:00Z
CP-SEV-00133,Small stone gravel loose on roadside margin in Avadi,"Field inspection notice: Loose gravel scattered near street corner after minor maintenance. (Ref Ward-112, Avadi)",Road Damage & Potholes,roads,DEPT_ROADS,Avadi,Ward-112,LOW,1,2,15.66,2026-08-11T13:00:00Z
CP-SEV-01046,Brownish muddy water in residential supply line in Kanchipuram,"Field inspection notice: Tap water coming contaminated with mud and silt across entire street layout. (Ref Ward-188, Kanchipuram)",Water Supply Contamination / Burst,water,DEPT_WATER,Kanchipuram,Ward-188,HIGH,13,3,66.13,2026-08-08T18:00:00Z
CP-SEV-03368,Unstable overhead gantries signboard shaking in wind in Avadi,"Field inspection notice: Large directional sign board hanging loose over main road threatening to fall on vehicles. (Ref Ward-28, Avadi)",Public Infrastructure Damage,infrastructure,DEPT_WORKS,Avadi,Ward-28,HIGH,18,13,76.29,2026-08-01T12:00:00Z
CP-SEV-03212,Damaged metal traffic guard rail in Kanchipuram,"Municipal grievance reported: Galvanized iron traffic barrier bent after minor vehicle impact near bus stand. (Ref Ward-144, Kanchipuram)",Public Infrastructure Damage,infrastructure,DEPT_WORKS,Kanchipuram,Ward-144,MEDIUM,2,1,39.98,2026-08-03T11:00:00Z
CP-SEV-03964,Large fallen tree trunk blocking entire avenue in Kanchipuram,"Field inspection notice: Heavy gulmohar tree uprooted during storm completely blocking two-lane avenue. (Ref Ward-118, Kanchipuram)",Other / General Municipal Operations,other,DEPT_GENERAL,Kanchipuram,Ward-118,HIGH,18,9,69.66,2026-08-12T17:00:00Z
CP-SEV-00426,Uncovered manhole trench on main avenue in Avadi,"Road cut open for cable laying left open without barricades on major avenue. (Ref Ward-143, Avadi)",Road Damage & Potholes,roads,DEPT_ROADS,Avadi,Ward-143,HIGH,44,10,59.95,2026-08-12T14:00:00Z
CP-SEV-03058,Faded street name sign board in Chennai Central,"Municipal grievance reported: Municipal street sign board paint faded near junction. (Ref Ward-185, Chennai Central)",Public Infrastructure Damage,infrastructure,DEPT_WORKS,Chennai Central,Ward-185,LOW,0,1,4.0,2026-08-17T18:00:00Z
CP-SEV-00867,Water supply timing delayed by 2 hours in Chennai Central,"Field inspection notice: Morning municipal water supply delayed by two hours without advance notice. (Ref Ward-126, Chennai Central)",Water Supply Contamination / Burst,water,DEPT_WATER,Chennai Central,Ward-126,MEDIUM,2,1,15.61,2026-08-12T13:00:00Z
CP-SEV-02032,Streetlight timer misconfigured turning off early in Chennai Central,"Field inspection notice: Streetlights turning off 1 hour before sunrise in neighborhood layout. (Ref Ward-2, Chennai Central)",Streetlights & Electrical Hazards,streetlights,DEPT_LIGHTING,Chennai Central,Ward-2,MEDIUM,3,1,35.19,2026-08-22T10:00:00Z
CP-SEV-01862,Single decorative garden light dim in public park in Avadi,"Urgent attention requested: Pedestrian walkway lamp shade slightly dusty and dim in municipal park. (Ref Ward-184, Avadi)",Streetlights & Electrical Hazards,streetlights,DEPT_LIGHTING,Avadi,Ward-184,LOW,9,1,15.74,2026-08-03T16:00:00Z
CP-SEV-01906,Streetlight pole sticker peeling off in Kanchipuram,"Urgent attention requested: Identification sticker on light pole peeling off near corner. (Ref Ward-46, Kanchipuram)",Streetlights & Electrical Hazards,streetlights,DEPT_LIGHTING,Kanchipuram,Ward-46,LOW,6,3,11.84,2026-08-13T18:00:00Z
CP-SEV-00450,Uncovered manhole trench on main avenue in Tiruvallur,"Municipal grievance reported: Road cut open for cable laying left open without barricades on major avenue. (Ref Ward-64, Tiruvallur)",Road Damage & Potholes,roads,DEPT_ROADS,Tiruvallur,Ward-64,HIGH,2,8,61.83,2026-08-28T09:00:00Z
CP-SEV-03438,Public footbridge steps broken in Tambaram,"Citizen report from Concrete steps on pedestrian footbridge cracked with exposed rusty iron rebar. (Ref Ward-150, Tambaram)",Public Infrastructure Damage,infrastructure,DEPT_WORKS,Tambaram,Ward-150,HIGH,14,14,85.52,2026-08-03T18:00:00Z
CP-SEV-02836,Animal carcasses dumped openly near residential layout in Kanchipuram,"Field inspection notice: Decomposed animal waste dumped near residential colony causing intense stench and flies. (Ref Ward-69, Kanchipuram)",Garbage & Waste Disposal,garbage,DEPT_SANITATION,Kanchipuram,Ward-69,HIGH,8,7,56.96,2026-08-19T08:00:00Z
CP-SEV-00546,Main bridge approach road cracked and collapsing in Chennai North,"Municipal grievance reported: Approach embankment of river bridge severely cracked and caving in during peak traffic. (Ref Ward-90, Chennai North)",Road Damage & Potholes,roads,DEPT_ROADS,Chennai North,Ward-90,CRITICAL,6,12,50.06,2026-08-13T15:00:00Z
CP-SEV-01655,Underground sewage main explosion flooding hospital basement in Chennai South,"Field inspection notice: Main sewage trunk line ruptured flooding hospital basement and ground floor with raw sewage. (Ref Ward-100, Chennai South)",Drainage & Sewage Overflow,drainage,DEPT_DRAINAGE,Chennai South,Ward-100,CRITICAL,42,2,65.7,2026-08-15T18:00:00Z
CP-SEV-01487,Small open drainage chamber cover displaced in Tambaram,"Field inspection notice: Concrete cover slab of small side drain displaced by 2 inches. (Ref Ward-175, Tambaram)",Drainage & Sewage Overflow,drainage,DEPT_DRAINAGE,Tambaram,Ward-175,MEDIUM,2,3,12.75,2026-08-24T18:00:00Z
CP-SEV-00713,Minor street tap valve dripping in Kanchipuram,"Municipal grievance reported: Public street tap dripping slowly near community park. (Ref Ward-134, Kanchipuram)",Water Supply Contamination / Burst,water,DEPT_WATER,Kanchipuram,Ward-134,LOW,4,3,24.5,2026-08-06T14:00:00Z
CP-SEV-03784,Stray cattle roaming on residential street in Chennai Central,"Field inspection notice: Stray cows sitting on residential lane causing minor vehicle slowness. (Ref Ward-56, Chennai Central)",Other / General Municipal Operations,other,DEPT_GENERAL,Chennai Central,Ward-56,MEDIUM,9,1,26.35,2026-08-05T11:00:00Z
CP-SEV-02976,Massive garbage barrier blocking emergency hospital ambulance entrance in Tambaram,"Municipal grievance reported: Rotting garbage pile collapsed across hospital gate preventing emergency ambulance access. (Ref Ward-79, Tambaram)",Garbage & Waste Disposal,garbage,DEPT_SANITATION,Tambaram,Ward-79,CRITICAL,14,4,85.16,2026-08-26T17:00:00Z
CP-SEV-01779,Severe toxic sewage backup into ground floor homes in Tambaram,"Urgent attention requested: Raw black sewage backing up into toilets and living rooms of 50 houses creating extreme cholera biohazard. (Ref Ward-112, Tambaram)",Drainage & Sewage Overflow,drainage,DEPT_DRAINAGE,Tambaram,Ward-112,CRITICAL,8,9,69.89,2026-08-11T16:00:00Z
CP-SEV-03915,Large fallen tree trunk blocking entire avenue in Tiruvallur,"Urgent attention requested: Heavy gulmohar tree uprooted during storm completely blocking two-lane avenue. (Ref Ward-41, Tiruvallur)",Other / General Municipal Operations,other,DEPT_GENERAL,Tiruvallur,Ward-41,HIGH,2,4,81.8,2026-08-07T20:00:00Z
CP-SEV-03951,Large fallen tree trunk blocking entire avenue in Chennai North,"Municipal grievance reported: Heavy gulmohar tree uprooted during storm completely blocking two-lane avenue. (Ref Ward-178, Chennai North)",Other / General Municipal Operations,other,DEPT_GENERAL,Chennai North,Ward-178,HIGH,3,9,77.52,2026-08-18T11:00:00Z
CP-SEV-00597,Main bridge approach road cracked and collapsing in Avadi,"Field inspection notice: Approach embankment of river bridge severely cracked and caving in during peak traffic. (Ref Ward-164, Avadi)",Road Damage & Potholes,roads,DEPT_ROADS,Avadi,Ward-164,CRITICAL,42,6,72.83,2026-08-28T10:00:00Z
CP-SEV-00821,Localized water supply line leakage in Chennai South,"Urgent attention requested: Drinking water pipeline leaking small stream of clean water on roadside near residential building. (Ref Ward-83, Chennai South)",Water Supply Contamination / Burst,water,DEPT_WATER,Chennai South,Ward-83,MEDIUM,10,3,36.86,2026-08-07T16:00:00Z
CP-SEV-00502,Catastrophic road cave-in and asphalt collapse in Tiruvallur,"Citizen report from Massive crater opened up on main arterial road causing vehicle overturn and imminent life hazard. (Ref Ward-199, Tiruvallur)",Road Damage & Potholes,roads,DEPT_ROADS,Tiruvallur,Ward-199,CRITICAL,34,13,85.82,2026-08-05T08:00:00Z
CP-SEV-02641,Commercial shop waste dumped on sidewalk in Kanchipuram,"Citizen report from Retail shop cardboard boxes and plastic packaging dumped along footpath. (Ref Ward-17, Kanchipuram)",Garbage & Waste Disposal,garbage,DEPT_SANITATION,Kanchipuram,Ward-17,MEDIUM,7,2,0.34,2026-08-12T08:00:00Z
CP-SEV-00603,Slight water pressure decrease in morning tap in Tiruvallur,"Field inspection notice: Municipal tap water pressure is slightly lower than usual during morning supply hours. (Ref Ward-175, Tiruvallur)",Water Supply Contamination / Burst,water,DEPT_WATER,Tiruvallur,Ward-175,LOW,8,2,18.59,2026-08-28T10:00:00Z
CP-SEV-01678,Underground sewage main explosion flooding hospital basement in Kanchipuram,"Main sewage trunk line ruptured flooding hospital basement and ground floor with raw sewage. (Ref Ward-5, Kanchipuram)",Drainage & Sewage Overflow,drainage,DEPT_DRAINAGE,Kanchipuram,Ward-5,CRITICAL,26,2,72.34,2026-08-25T17:00:00Z
CP-SEV-02842,Animal carcasses dumped openly near residential layout in Chennai Central,"Citizen report from Decomposed animal waste dumped near residential colony causing intense stench and flies. (Ref Ward-47, Chennai Central)",Garbage & Waste Disposal,garbage,DEPT_SANITATION,Chennai Central,Ward-47,HIGH,9,10,92.98,2026-08-20T11:00:00Z
CP-SEV-01186,Complete water outage in hospital ward for 48 hours in Kanchipuram,"Urgent attention requested: Zero water supply in municipal hospital premises for two days, threatening patient emergency operations. (Ref Ward-59, Kanchipuram)",Water Supply Contamination / Burst,water,DEPT_WATER,Kanchipuram,Ward-59,CRITICAL,29,4,61.78,2026-08-28T10:00:00Z
CP-SEV-02885,Toxic biohazardous medical waste burning near residential area in Chennai South,"Field inspection notice: Illegal dump of hospital syringes and chemical waste set on fire emitting toxic fumes into homes. (Ref Ward-143, Chennai South)",Garbage & Waste Disposal,garbage,DEPT_SANITATION,Chennai South,Ward-143,CRITICAL,17,1,57.49,2026-08-20T08:00:00Z
CP-SEV-03864,Overgrown grass near roadside footway in Chennai North,"Wild grass growing along sidewalk margin. (Ref Ward-56, Chennai North)",Other / General Municipal Operations,other,DEPT_GENERAL,Chennai North,Ward-56,MEDIUM,0,3,5.32,2026-08-06T08:00:00Z
CP-SEV-02313,High-voltage 11kV live wire snapped hanging across school gate in Avadi,"Urgent attention requested: Sparking live electrical cable hanging at chest height right outside primary school entrance. (Ref Ward-61, Avadi)",Streetlights & Electrical Hazards,streetlights,DEPT_LIGHTING,Avadi,Ward-61,CRITICAL,4,1,82.54,2026-08-24T20:00:00Z
CP-SEV-01105,Toxic chemical effluent mixing into drinking water supply in Chennai Central,"Municipal grievance reported: Industrial chemical sewage leaking directly into municipal drinking pipeline, causing severe illness. (Ref Ward-80, Chennai Central)",Water Supply Contamination / Burst,water,DEPT_WATER,Chennai Central,Ward-80,CRITICAL,8,14,69.89,2026-08-20T16:00:00Z
CP-SEV-01432,Small open drainage chamber cover displaced in Kanchipuram,"Citizen report from Concrete cover slab of small side drain displaced by 2 inches. (Ref Ward-185, Kanchipuram)",Drainage & Sewage Overflow,drainage,DEPT_DRAINAGE,Kanchipuram,Ward-185,MEDIUM,9,2,23.47,2026-08-06T15:00:00Z
CP-SEV-03085,Minor scratch on public park bench in Chennai South,"Municipal grievance reported: Wooden bench slat scratched in public garden. (Ref Ward-85, Chennai South)",Public Infrastructure Damage,infrastructure,DEPT_WORKS,Chennai South,Ward-85,LOW,7,3,17.51,2026-08-22T19:00:00Z
CP-SEV-01077,Toxic chemical effluent mixing into drinking water supply in Chennai North,"Urgent attention requested: Industrial chemical sewage leaking directly into municipal drinking pipeline, causing severe illness. (Ref Ward-79, Chennai North)",Water Supply Contamination / Burst,water,DEPT_WATER,Chennai North,Ward-79,CRITICAL,25,10,87.84,2026-08-15T13:00:00Z
CP-SEV-03284,Cracked plaster on municipal wall in Tiruvallur,"Municipal grievance reported: Boundary wall plaster cracking near municipal office enclosure. (Ref Ward-34, Tiruvallur)",Public Infrastructure Damage,infrastructure,DEPT_WORKS,Tiruvallur,Ward-34,MEDIUM,0,2,2.63,2026-08-27T19:00:00Z
CP-SEV-02612,Uncleared garbage dump accumulating for 3 days in Chennai Central,"Field inspection notice: Municipal green bin overflowing with household waste uncleared for 72 hours. (Ref Ward-1, Chennai Central)",Garbage & Waste Disposal,garbage,DEPT_SANITATION,Chennai Central,Ward-1,MEDIUM,7,1,2.76,2026-08-27T08:00:00Z
CP-SEV-02334,Electrical transformer explosion emitting fire and smoke in Chennai North,"Citizen report from Street transformer exploded emitting fire sparks and thick black smoke near crowded apartments. (Ref Ward-112, Chennai North)",Streetlights & Electrical Hazards,streetlights,DEPT_LIGHTING,Chennai North,Ward-112,CRITICAL,9,10,92.57,2026-08-07T09:00:00Z
CP-SEV-03427,Public footbridge steps broken in Avadi,"Concrete steps on pedestrian footbridge cracked with exposed rusty iron rebar. (Ref Ward-33, Avadi)",Public Infrastructure Damage,infrastructure,DEPT_WORKS,Avadi,Ward-33,HIGH,7,14,76.66,2026-08-06T10:00:00Z
CP-SEV-02537,Public dustbin lid missing in Chennai Central,"Municipal grievance reported: Plastic dustbin lid missing at street corner bin. (Ref Ward-94, Chennai Central)",Garbage & Waste Disposal,garbage,DEPT_SANITATION,Chennai Central,Ward-94,LOW,10,3,3.94,2026-08-06T12:00:00Z
CP-SEV-00517,Catastrophic road cave-in and asphalt collapse in Chennai North,"Citizen report from Massive crater opened up on main arterial road causing vehicle overturn and imminent life hazard. (Ref Ward-200, Chennai North)",Road Damage & Potholes,roads,DEPT_ROADS,Chennai North,Ward-200,CRITICAL,8,4,87.07,2026-08-12T18:00:00Z
CP-SEV-01312,Slight odor from storm water drain inlet in Kanchipuram,"Municipal grievance reported: Mild stagnant smell from open storm drain during hot afternoon. (Ref Ward-143, Kanchipuram)",Drainage & Sewage Overflow,drainage,DEPT_DRAINAGE,Kanchipuram,Ward-143,LOW,6,1,27.47,2026-08-26T13:00:00Z
CP-SEV-02512,Public dustbin lid missing in Chennai South,"Urgent attention requested: Plastic dustbin lid missing at street corner bin. (Ref Ward-3, Chennai South)",Garbage & Waste Disposal,garbage,DEPT_SANITATION,Chennai South,Ward-3,LOW,2,3,32.0,2026-08-09T08:00:00Z
CP-SEV-00981,Brownish muddy water in residential supply line in Chennai North,"Field inspection notice: Tap water coming contaminated with mud and silt across entire street layout. (Ref Ward-43, Chennai North)",Water Supply Contamination / Burst,water,DEPT_WATER,Chennai North,Ward-43,HIGH,25,8,63.56,2026-08-24T20:00:00Z
CP-SEV-03656,Tree branch overhanging private wall in Chennai Central,"Urgent attention requested: Small tree branch extending over compound wall without immediate blockage. (Ref Ward-167, Chennai Central)",Other / General Municipal Operations,other,DEPT_GENERAL,Chennai Central,Ward-167,LOW,4,3,36.77,2026-08-02T10:00:00Z
CP-SEV-02420,Small litter paper cups near park bench in Tambaram,"Few discarded tea cups scattered around park bench area. (Ref Ward-65, Tambaram)",Garbage & Waste Disposal,garbage,DEPT_SANITATION,Tambaram,Ward-65,LOW,1,1,11.04,2026-08-27T19:00:00Z
CP-SEV-02373,Electrical transformer explosion emitting fire and smoke in Tiruvallur,"Field inspection notice: Street transformer exploded emitting fire sparks and thick black smoke near crowded apartments. (Ref Ward-43, Tiruvallur)",Streetlights & Electrical Hazards,streetlights,DEPT_LIGHTING,Tiruvallur,Ward-43,CRITICAL,13,3,74.13,2026-08-21T19:00:00Z
CP-SEV-01132,Complete water outage in hospital ward for 48 hours in Tiruvallur,"Field inspection notice: Zero water supply in municipal hospital premises for two days, threatening patient emergency operations. (Ref Ward-127, Tiruvallur)",Water Supply Contamination / Burst,water,DEPT_WATER,Tiruvallur,Ward-127,CRITICAL,12,5,79.79,2026-08-16T16:00:00Z
CP-SEV-03739,Faded ward boundary map in Tambaram,"Citizen report from Public information board map faded at zonal office. (Ref Ward-179, Tambaram)",Other / General Municipal Operations,other,DEPT_GENERAL,Tambaram,Ward-179,LOW,9,1,0.5,2026-08-17T12:00:00Z
CP-SEV-01020,Brownish muddy water in residential supply line in Chennai South,"Urgent attention requested: Tap water coming contaminated with mud and silt across entire street layout. (Ref Ward-149, Chennai South)",Water Supply Contamination / Burst,water,DEPT_WATER,Chennai South,Ward-149,HIGH,8,2,85.6,2026-08-21T17:00:00Z
CP-SEV-01520,Severe storm water logging blocking street access in Avadi,"Urgent attention requested: Rainwater logging knee-deep across entire street blocking vehicles and shop entrances. (Ref Ward-53, Avadi)",Drainage & Sewage Overflow,drainage,DEPT_DRAINAGE,Avadi,Ward-53,HIGH,40,12,62.12,2026-08-21T19:00:00Z
CP-SEV-03853,Overgrown grass near roadside footway in Kanchipuram,"Field inspection notice: Wild grass growing along sidewalk margin. (Ref Ward-2, Kanchipuram)",Other / General Municipal Operations,other,DEPT_GENERAL,Kanchipuram,Ward-2,MEDIUM,7,2,16.35,2026-08-09T12:00:00Z
CP-SEV-03165,Damaged metal traffic guard rail in Chennai South,"Citizen report from Galvanized iron traffic barrier bent after minor vehicle impact near bus stand. (Ref Ward-93, Chennai South)",Public Infrastructure Damage,infrastructure,DEPT_WORKS,Chennai South,Ward-93,MEDIUM,6,2,25.39,2026-08-28T12:00:00Z
CP-SEV-01414,Localized clogged street drain causing puddle in Tiruvallur,"Citizen report from Street drain inlet blocked with debris causing minor water pooling after rain. (Ref Ward-52, Tiruvallur)",Drainage & Sewage Overflow,drainage,DEPT_DRAINAGE,Tiruvallur,Ward-52,MEDIUM,5,1,9.0,2026-08-01T14:00:00Z
CP-SEV-03721,Faded ward boundary map in Tambaram,"Municipal grievance reported: Public information board map faded at zonal office. (Ref Ward-84, Tambaram)",Other / General Municipal Operations,other,DEPT_GENERAL,Tambaram,Ward-84,LOW,1,3,24.77,2026-08-01T09:00:00Z
CP-SEV-03819,Stray cattle roaming on residential street in Chennai Central,"Citizen report from Stray cows sitting on residential lane causing minor vehicle slowness. (Ref Ward-31, Chennai Central)",Other / General Municipal Operations,other,DEPT_GENERAL,Chennai Central,Ward-31,MEDIUM,5,1,43.4,2026-08-22T11:00:00Z
CP-SEV-02616,Uncleared garbage dump accumulating for 3 days in Kanchipuram,"Field inspection notice: Municipal green bin overflowing with household waste uncleared for 72 hours. (Ref Ward-71, Kanchipuram)",Garbage & Waste Disposal,garbage,DEPT_SANITATION,Kanchipuram,Ward-71,MEDIUM,6,2,7.22,2026-08-08T15:00:00Z
CP-SEV-04106,Rabid stray dog pack actively biting children outside school gate in Kanchipuram,"Field inspection notice: Multiple children bitten and injured by aggressive rabid dog pack near school entrance. (Ref Ward-7, Kanchipuram)",Other / General Municipal Operations,other,DEPT_GENERAL,Kanchipuram,Ward-7,CRITICAL,43,15,74.78,2026-08-07T13:00:00Z
CP-SEV-03737,Faded ward boundary map in Tiruvallur,"Municipal grievance reported: Public information board map faded at zonal office. (Ref Ward-18, Tiruvallur)",Other / General Municipal Operations,other,DEPT_GENERAL,Tiruvallur,Ward-18,LOW,10,2,39.7,2026-08-03T16:00:00Z
CP-SEV-02045,Streetlight timer misconfigured turning off early in Tambaram,"Municipal grievance reported: Streetlights turning off 1 hour before sunrise in neighborhood layout. (Ref Ward-154, Tambaram)",Streetlights & Electrical Hazards,streetlights,DEPT_LIGHTING,Tambaram,Ward-154,MEDIUM,5,2,28.36,2026-08-22T18:00:00Z
CP-SEV-00724,Minor street tap valve dripping in Chennai South,"Field inspection notice: Public street tap dripping slowly near community park. (Ref Ward-57, Chennai South)",Water Supply Contamination / Burst,water,DEPT_WATER,Chennai South,Ward-57,LOW,9,1,35.76,2026-08-27T20:00:00Z
CP-SEV-04108,Rabid stray dog pack actively biting children outside school gate in Chennai Central,"Multiple children bitten and injured by aggressive rabid dog pack near school entrance. (Ref Ward-198, Chennai Central)",Other / General Municipal Operations,other,DEPT_GENERAL,Chennai Central,Ward-198,CRITICAL,1,2,68.06,2026-08-23T11:00:00Z
CP-SEV-01933,Streetlight pole sticker peeling off in Chennai Central,"Citizen report from Identification sticker on light pole peeling off near corner. (Ref Ward-86, Chennai Central)",Streetlights & Electrical Hazards,streetlights,DEPT_LIGHTING,Chennai Central,Ward-86,LOW,10,1,4.29,2026-08-06T11:00:00Z
CP-SEV-03903,Large fallen tree trunk blocking entire avenue in Tiruvallur,"Municipal grievance reported: Heavy gulmohar tree uprooted during storm completely blocking two-lane avenue. (Ref Ward-69, Tiruvallur)",Other / General Municipal Operations,other,DEPT_GENERAL,Tiruvallur,Ward-69,HIGH,8,15,67.51,2026-08-15T13:00:00Z
CP-SEV-03904,Large fallen tree trunk blocking entire avenue in Tambaram,"Heavy gulmohar tree uprooted during storm completely blocking two-lane avenue. (Ref Ward-146, Tambaram)",Other / General Municipal Operations,other,DEPT_GENERAL,Tambaram,Ward-146,HIGH,39,2,59.08,2026-08-08T09:00:00Z
CP-SEV-02768,Large uncollected garbage dump overflowing onto main road in Chennai Central,"Urgent attention requested: Massive multi-ton waste pile spilling onto main road lane causing traffic blockage and stench. (Ref Ward-105, Chennai Central)",Garbage & Waste Disposal,garbage,DEPT_SANITATION,Chennai Central,Ward-105,HIGH,21,4,75.76,2026-08-15T19:00:00Z
CP-SEV-03932,Large fallen tree trunk blocking entire avenue in Kanchipuram,"Municipal grievance reported: Heavy gulmohar tree uprooted during storm completely blocking two-lane avenue. (Ref Ward-140, Kanchipuram)",Other / General Municipal Operations,other,DEPT_GENERAL,Kanchipuram,Ward-140,HIGH,4,7,73.5,2026-08-13T19:00:00Z
CP-SEV-01350,Slight odor from storm water drain inlet in Tambaram,"Municipal grievance reported: Mild stagnant smell from open storm drain during hot afternoon. (Ref Ward-154, Tambaram)",Drainage & Sewage Overflow,drainage,DEPT_DRAINAGE,Tambaram,Ward-154,LOW,9,3,43.34,2026-08-20T12:00:00Z
CP-SEV-02031,Streetlight timer misconfigured turning off early in Chennai Central,"Urgent attention requested: Streetlights turning off 1 hour before sunrise in neighborhood layout. (Ref Ward-129, Chennai Central)",Streetlights & Electrical Hazards,streetlights,DEPT_LIGHTING,Chennai Central,Ward-129,MEDIUM,9,2,40.94,2026-08-22T12:00:00Z
CP-SEV-00755,Localized water supply line leakage in Tambaram,"Municipal grievance reported: Drinking water pipeline leaking small stream of clean water on roadside near residential building. (Ref Ward-30, Tambaram)",Water Supply Contamination / Burst,water,DEPT_WATER,Tambaram,Ward-30,MEDIUM,1,2,28.51,2026-08-08T18:00:00Z
CP-SEV-00928,Main municipal water supply pipeline burst in Tiruvallur,"Main feeder pipe burst flooding street and leaving 500 households without water for 24h. (Ref Ward-26, Tiruvallur)",Water Supply Contamination / Burst,water,DEPT_WATER,Tiruvallur,Ward-26,HIGH,43,3,59.23,2026-08-02T15:00:00Z
CP-SEV-04018,Stray dog pack menace creating panic near market in Tiruvallur,"Municipal grievance reported: Pack of aggressive stray dogs barking and chasing two-wheelers near market. (Ref Ward-189, Tiruvallur)",Other / General Municipal Operations,other,DEPT_GENERAL,Tiruvallur,Ward-189,HIGH,4,9,65.61,2026-08-24T12:00:00Z
CP-SEV-01156,Complete water outage in hospital ward for 48 hours in Kanchipuram,"Urgent attention requested: Zero water supply in municipal hospital premises for two days, threatening patient emergency operations. (Ref Ward-161, Kanchipuram)",Water Supply Contamination / Burst,water,DEPT_WATER,Kanchipuram,Ward-161,CRITICAL,33,4,66.39,2026-08-05T11:00:00Z
CP-SEV-02099,Streetlight timer misconfigured turning off early in Tambaram,"Field inspection notice: Streetlights turning off 1 hour before sunrise in neighborhood layout. (Ref Ward-79, Tambaram)",Streetlights & Electrical Hazards,streetlights,DEPT_LIGHTING,Tambaram,Ward-79,MEDIUM,9,2,34.32,2026-08-01T20:00:00Z
CP-SEV-03386,Public footbridge steps broken in Tambaram,"Field inspection notice: Concrete steps on pedestrian footbridge cracked with exposed rusty iron rebar. (Ref Ward-144, Tambaram)",Public Infrastructure Damage,infrastructure,DEPT_WORKS,Tambaram,Ward-144,HIGH,23,3,63.54,2026-08-02T14:00:00Z
CP-SEV-02198,Damaged electrical junction box door open in Tambaram,"Municipal grievance reported: Feeder pillar box door hanging open with exposed low-voltage terminals near footpath. (Ref Ward-52, Tambaram)",Streetlights & Electrical Hazards,streetlights,DEPT_LIGHTING,Tambaram,Ward-52,HIGH,45,8,65.78,2026-08-26T15:00:00Z
CP-SEV-00618,Slight water pressure decrease in morning tap in Chennai Central,"Citizen report from Municipal tap water pressure is slightly lower than usual during morning supply hours. (Ref Ward-122, Chennai Central)",Water Supply Contamination / Burst,water,DEPT_WATER,Chennai Central,Ward-122,LOW,3,3,30.86,2026-08-01T12:00:00Z
CP-SEV-04193,Chemical gas leak from abandoned industrial cylinder in Chennai North,"Pungent chemical gas leaking from abandoned cylinder causing eye irritation and breathing panic in colony. (Ref Ward-78, Chennai North)",Other / General Municipal Operations,other,DEPT_GENERAL,Chennai North,Ward-78,CRITICAL,22,1,58.32,2026-08-02T14:00:00Z
CP-SEV-00922,Main municipal water supply pipeline burst in Kanchipuram,"Citizen report from Main feeder pipe burst flooding street and leaving 500 households without water for 24h. (Ref Ward-137, Kanchipuram)",Water Supply Contamination / Burst,water,DEPT_WATER,Kanchipuram,Ward-137,HIGH,36,10,67.53,2026-08-20T09:00:00Z
CP-SEV-03550,Municipal hall roof slab collapse hazard in Chennai South,"Citizen report from Heavy concrete ceiling slab sagging and crumbling over crowded public waiting hall. (Ref Ward-52, Chennai South)",Public Infrastructure Damage,infrastructure,DEPT_WORKS,Chennai South,Ward-52,CRITICAL,36,12,94.56,2026-08-21T14:00:00Z
CP-SEV-02925,Toxic biohazardous medical waste burning near residential area in Avadi,"Illegal dump of hospital syringes and chemical waste set on fire emitting toxic fumes into homes. (Ref Ward-132, Avadi)",Garbage & Waste Disposal,garbage,DEPT_SANITATION,Avadi,Ward-132,CRITICAL,32,15,94.69,2026-08-19T15:00:00Z
CP-SEV-00057,Minor cosmetic paint peeling on speed breaker in Chennai Central,"Faded paint on speed bump near residential lane, requires routine repaint. (Ref Ward-200, Chennai Central)",Road Damage & Potholes,roads,DEPT_ROADS,Chennai Central,Ward-200,LOW,6,3,33.73,2026-08-08T10:00:00Z
CP-SEV-03948,Large fallen tree trunk blocking entire avenue in Avadi,"Citizen report from Heavy gulmohar tree uprooted during storm completely blocking two-lane avenue. (Ref Ward-199, Avadi)",Other / General Municipal Operations,other,DEPT_GENERAL,Avadi,Ward-199,HIGH,20,14,71.15,2026-08-02T19:00:00Z
CP-SEV-01610,Overflowing sewage drain on market street in Tambaram,"Municipal grievance reported: Sewage drain overflowing onto commercial market footpath creating foul health hazard. (Ref Ward-170, Tambaram)",Drainage & Sewage Overflow,drainage,DEPT_DRAINAGE,Tambaram,Ward-170,HIGH,16,13,90.81,2026-08-26T09:00:00Z
CP-SEV-02716,Large uncollected garbage dump overflowing onto main road in Chennai Central,"Urgent attention requested: Massive multi-ton waste pile spilling onto main road lane causing traffic blockage and stench. (Ref Ward-158, Chennai Central)",Garbage & Waste Disposal,garbage,DEPT_SANITATION,Chennai Central,Ward-158,HIGH,3,2,80.02,2026-08-15T19:00:00Z
CP-SEV-02478,Public dustbin lid missing in Tiruvallur,"Urgent attention requested: Plastic dustbin lid missing at street corner bin. (Ref Ward-98, Tiruvallur)",Garbage & Waste Disposal,garbage,DEPT_SANITATION,Tiruvallur,Ward-98,LOW,8,2,9.23,2026-08-22T15:00:00Z
CP-SEV-00700,Minor street tap valve dripping in Chennai South,"Municipal grievance reported: Public street tap dripping slowly near community park. (Ref Ward-2, Chennai South)",Water Supply Contamination / Burst,water,DEPT_WATER,Chennai South,Ward-2,LOW,3,1,32.05,2026-08-21T14:00:00Z
CP-SEV-02524,Public dustbin lid missing in Chennai Central,"Municipal grievance reported: Plastic dustbin lid missing at street corner bin. (Ref Ward-162, Chennai Central)",Garbage & Waste Disposal,garbage,DEPT_SANITATION,Chennai Central,Ward-162,LOW,8,1,30.05,2026-08-27T19:00:00Z
CP-SEV-03954,Large fallen tree trunk blocking entire avenue in Tambaram,"Field inspection notice: Heavy gulmohar tree uprooted during storm completely blocking two-lane avenue. (Ref Ward-148, Tambaram)",Other / General Municipal Operations,other,DEPT_GENERAL,Tambaram,Ward-148,HIGH,8,14,62.27,2026-08-05T16:00:00Z
CP-SEV-03341,Unstable overhead gantries signboard shaking in wind in Avadi,"Large directional sign board hanging loose over main road threatening to fall on vehicles. (Ref Ward-44, Avadi)",Public Infrastructure Damage,infrastructure,DEPT_WORKS,Avadi,Ward-44,HIGH,39,1,52.68,2026-08-13T16:00:00Z
CP-SEV-03227,Cracked plaster on municipal wall in Avadi,"Boundary wall plaster cracking near municipal office enclosure. (Ref Ward-122, Avadi)",Public Infrastructure Damage,infrastructure,DEPT_WORKS,Avadi,Ward-122,MEDIUM,6,2,10.68,2026-08-21T11:00:00Z
CP-SEV-02351,Electrical transformer explosion emitting fire and smoke in Chennai South,"Municipal grievance reported: Street transformer exploded emitting fire sparks and thick black smoke near crowded apartments. (Ref Ward-70, Chennai South)",Streetlights & Electrical Hazards,streetlights,DEPT_LIGHTING,Chennai South,Ward-70,CRITICAL,31,6,77.21,2026-08-18T11:00:00Z
CP-SEV-01704,Underground sewage main explosion flooding hospital basement in Kanchipuram,"Citizen report from Main sewage trunk line ruptured flooding hospital basement and ground floor with raw sewage. (Ref Ward-178, Kanchipuram)",Drainage & Sewage Overflow,drainage,DEPT_DRAINAGE,Kanchipuram,Ward-178,CRITICAL,17,5,71.67,2026-08-03T13:00:00Z
CP-SEV-00180,Moderate pothole on residential lane in Chennai North,"Municipal grievance reported: Pothole approximately 1 foot wide causing discomfort for two-wheelers in neighborhood street. (Ref Ward-176, Chennai North)",Road Damage & Potholes,roads,DEPT_ROADS,Chennai North,Ward-176,MEDIUM,8,3,16.14,2026-08-13T12:00:00Z
CP-SEV-03173,Damaged metal traffic guard rail in Chennai North,"Municipal grievance reported: Galvanized iron traffic barrier bent after minor vehicle impact near bus stand. (Ref Ward-171, Chennai North)",Public Infrastructure Damage,infrastructure,DEPT_WORKS,Chennai North,Ward-171,MEDIUM,10,3,26.26,2026-08-08T20:00:00Z
CP-SEV-00736,Minor street tap valve dripping in Avadi,"Municipal grievance reported: Public street tap dripping slowly near community park. (Ref Ward-65, Avadi)",Water Supply Contamination / Burst,water,DEPT_WATER,Avadi,Ward-65,LOW,8,2,25.41,2026-08-20T12:00:00Z
CP-SEV-02013,Single streetlight non-functional on residential lane in Tambaram,"Field inspection notice: Sodium streetlight bulb fused outside house no 42 on quiet residential road. (Ref Ward-3, Tambaram)",Streetlights & Electrical Hazards,streetlights,DEPT_LIGHTING,Tambaram,Ward-3,MEDIUM,10,3,18.08,2026-08-25T08:00:00Z
CP-SEV-03474,Imminent structural collapse of busy flyover bridge pillar in Kanchipuram,"Load-bearing concrete pillar of busy traffic flyover cracked with large concrete blocks falling onto road below. (Ref Ward-3, Kanchipuram)",Public Infrastructure Damage,infrastructure,DEPT_WORKS,Kanchipuram,Ward-3,CRITICAL,0,10,91.09,2026-08-12T11:00:00Z
CP-SEV-00760,Localized water supply line leakage in Tiruvallur,"Citizen report from Drinking water pipeline leaking small stream of clean water on roadside near residential building. (Ref Ward-68, Tiruvallur)",Water Supply Contamination / Burst,water,DEPT_WATER,Tiruvallur,Ward-68,MEDIUM,3,1,37.57,2026-08-27T17:00:00Z
CP-SEV-02566,Uncleared garbage dump accumulating for 3 days in Avadi,"Municipal green bin overflowing with household waste uncleared for 72 hours. (Ref Ward-170, Avadi)",Garbage & Waste Disposal,garbage,DEPT_SANITATION,Avadi,Ward-170,MEDIUM,4,1,38.49,2026-08-13T16:00:00Z
CP-SEV-03367,Unstable overhead gantries signboard shaking in wind in Avadi,"Municipal grievance reported: Large directional sign board hanging loose over main road threatening to fall on vehicles. (Ref Ward-162, Avadi)",Public Infrastructure Damage,infrastructure,DEPT_WORKS,Avadi,Ward-162,HIGH,13,7,82.99,2026-08-18T20:00:00Z
CP-SEV-03555,Municipal hall roof slab collapse hazard in Tiruvallur,"Urgent attention requested: Heavy concrete ceiling slab sagging and crumbling over crowded public waiting hall. (Ref Ward-7, Tiruvallur)",Public Infrastructure Damage,infrastructure,DEPT_WORKS,Tiruvallur,Ward-7,CRITICAL,39,2,64.98,2026-08-01T13:00:00Z
CP-SEV-00768,Localized water supply line leakage in Chennai Central,"Drinking water pipeline leaking small stream of clean water on roadside near residential building. (Ref Ward-121, Chennai Central)",Water Supply Contamination / Burst,water,DEPT_WATER,Chennai Central,Ward-121,MEDIUM,5,2,8.28,2026-08-14T11:00:00Z
CP-SEV-01583,Overflowing sewage drain on market street in Kanchipuram,"Sewage drain overflowing onto commercial market footpath creating foul health hazard. (Ref Ward-3, Kanchipuram)",Drainage & Sewage Overflow,drainage,DEPT_DRAINAGE,Kanchipuram,Ward-3,HIGH,29,9,81.85,2026-08-17T12:00:00Z
CP-SEV-03534,Municipal hall roof slab collapse hazard in Avadi,"Heavy concrete ceiling slab sagging and crumbling over crowded public waiting hall. (Ref Ward-37, Avadi)",Public Infrastructure Damage,infrastructure,DEPT_WORKS,Avadi,Ward-37,CRITICAL,19,3,93.78,2026-08-07T18:00:00Z
CP-SEV-04115,Rabid stray dog pack actively biting children outside school gate in Kanchipuram,"Urgent attention requested: Multiple children bitten and injured by aggressive rabid dog pack near school entrance. (Ref Ward-169, Kanchipuram)",Other / General Municipal Operations,other,DEPT_GENERAL,Kanchipuram,Ward-169,CRITICAL,1,1,88.18,2026-08-21T10:00:00Z
CP-SEV-00904,Main municipal water supply pipeline burst in Chennai Central,"Main feeder pipe burst flooding street and leaving 500 households without water for 24h. (Ref Ward-157, Chennai Central)",Water Supply Contamination / Burst,water,DEPT_WATER,Chennai Central,Ward-157,HIGH,36,13,75.3,2026-08-15T19:00:00Z
CP-SEV-03541,Municipal hall roof slab collapse hazard in Chennai Central,"Citizen report from Heavy concrete ceiling slab sagging and crumbling over crowded public waiting hall. (Ref Ward-1, Chennai Central)",Public Infrastructure Damage,infrastructure,DEPT_WORKS,Chennai Central,Ward-1,CRITICAL,25,3,51.52,2026-08-12T16:00:00Z
CP-SEV-02263,High-voltage 11kV live wire snapped hanging across school gate in Tambaram,"Urgent attention requested: Sparking live electrical cable hanging at chest height right outside primary school entrance. (Ref Ward-153, Tambaram)",Streetlights & Electrical Hazards,streetlights,DEPT_LIGHTING,Tambaram,Ward-153,CRITICAL,42,15,72.66,2026-08-07T20:00:00Z
CP-SEV-03673,Tree branch overhanging private wall in Tiruvallur,"Small tree branch extending over compound wall without immediate blockage. (Ref Ward-86, Tiruvallur)",Other / General Municipal Operations,other,DEPT_GENERAL,Tiruvallur,Ward-86,LOW,6,2,40.85,2026-08-20T17:00:00Z
CP-SEV-00911,Main municipal water supply pipeline burst in Tambaram,"Field inspection notice: Main feeder pipe burst flooding street and leaving 500 households without water for 24h. (Ref Ward-134, Tambaram)",Water Supply Contamination / Burst,water,DEPT_WATER,Tambaram,Ward-134,HIGH,31,13,58.1,2026-08-20T11:00:00Z
CP-SEV-00027,Minor cosmetic paint peeling on speed breaker in Kanchipuram,"Citizen report from Faded paint on speed bump near residential lane, requires routine repaint. (Ref Ward-177, Kanchipuram)",Road Damage & Potholes,roads,DEPT_ROADS,Kanchipuram,Ward-177,LOW,4,2,44.78,2026-08-21T13:00:00Z
CP-SEV-01932,Streetlight pole sticker peeling off in Chennai North,"Citizen report from Identification sticker on light pole peeling off near corner. (Ref Ward-102, Chennai North)",Streetlights & Electrical Hazards,streetlights,DEPT_LIGHTING,Chennai North,Ward-102,LOW,7,2,21.46,2026-08-04T18:00:00Z
CP-SEV-00983,Brownish muddy water in residential supply line in Avadi,"Urgent attention requested: Tap water coming contaminated with mud and silt across entire street layout. (Ref Ward-112, Avadi)",Water Supply Contamination / Burst,water,DEPT_WATER,Avadi,Ward-112,HIGH,18,15,85.88,2026-08-13T18:00:00Z
CP-SEV-00055,Minor cosmetic paint peeling on speed breaker in Avadi,"Municipal grievance reported: Faded paint on speed bump near residential lane, requires routine repaint. (Ref Ward-10, Avadi)",Road Damage & Potholes,roads,DEPT_ROADS,Avadi,Ward-10,LOW,9,3,6.66,2026-08-05T08:00:00Z
CP-SEV-03217,Damaged metal traffic guard rail in Chennai North,"Galvanized iron traffic barrier bent after minor vehicle impact near bus stand. (Ref Ward-20, Chennai North)",Public Infrastructure Damage,infrastructure,DEPT_WORKS,Chennai North,Ward-20,MEDIUM,10,2,14.85,2026-08-09T08:00:00Z
CP-SEV-02883,Toxic biohazardous medical waste burning near residential area in Tiruvallur,"Municipal grievance reported: Illegal dump of hospital syringes and chemical waste set on fire emitting toxic fumes into homes. (Ref Ward-7, Tiruvallur)",Garbage & Waste Disposal,garbage,DEPT_SANITATION,Tiruvallur,Ward-7,CRITICAL,4,15,83.42,2026-08-05T08:00:00Z
CP-SEV-00558,Main bridge approach road cracked and collapsing in Chennai North,"Approach embankment of river bridge severely cracked and caving in during peak traffic. (Ref Ward-165, Chennai North)",Road Damage & Potholes,roads,DEPT_ROADS,Chennai North,Ward-165,CRITICAL,24,3,66.7,2026-08-13T13:00:00Z
CP-SEV-03372,Unstable overhead gantries signboard shaking in wind in Chennai North,"Large directional sign board hanging loose over main road threatening to fall on vehicles. (Ref Ward-5, Chennai North)",Public Infrastructure Damage,infrastructure,DEPT_WORKS,Chennai North,Ward-5,HIGH,11,5,74.06,2026-08-09T13:00:00Z
CP-SEV-01222,Dry leaves covering roadside drain grate in Kanchipuram,"Accumulation of dry fallen leaves over storm drain inlet grate. (Ref Ward-166, Kanchipuram)",Drainage & Sewage Overflow,drainage,DEPT_DRAINAGE,Kanchipuram,Ward-166,LOW,1,2,21.07,2026-08-03T20:00:00Z
CP-SEV-03003,Faded street name sign board in Avadi,"Citizen report from Municipal street sign board paint faded near junction. (Ref Ward-100, Avadi)",Public Infrastructure Damage,infrastructure,DEPT_WORKS,Avadi,Ward-100,LOW,0,2,14.8,2026-08-21T11:00:00Z
CP-SEV-00170,Moderate pothole on residential lane in Chennai Central,"Municipal grievance reported: Pothole approximately 1 foot wide causing discomfort for two-wheelers in neighborhood street. (Ref Ward-192, Chennai Central)",Road Damage & Potholes,roads,DEPT_ROADS,Chennai Central,Ward-192,MEDIUM,1,2,43.33,2026-08-05T20:00:00Z
CP-SEV-01676,Underground sewage main explosion flooding hospital basement in Avadi,"Field inspection notice: Main sewage trunk line ruptured flooding hospital basement and ground floor with raw sewage. (Ref Ward-112, Avadi)",Drainage & Sewage Overflow,drainage,DEPT_DRAINAGE,Avadi,Ward-112,CRITICAL,18,14,79.68,2026-08-22T14:00:00Z
CP-SEV-02440,Small litter paper cups near park bench in Avadi,"Urgent attention requested: Few discarded tea cups scattered around park bench area. (Ref Ward-136, Avadi)",Garbage & Waste Disposal,garbage,DEPT_SANITATION,Avadi,Ward-136,LOW,4,1,14.38,2026-08-08T15:00:00Z
CP-SEV-00256,Uneven road paver block near bus stop in Avadi,"Interlocking paver blocks displaced near local bus shelter area. (Ref Ward-5, Avadi)",Road Damage & Potholes,roads,DEPT_ROADS,Avadi,Ward-5,MEDIUM,9,1,32.33,2026-08-10T14:00:00Z
CP-SEV-02682,Commercial shop waste dumped on sidewalk in Avadi,"Citizen report from Retail shop cardboard boxes and plastic packaging dumped along footpath. (Ref Ward-175, Avadi)",Garbage & Waste Disposal,garbage,DEPT_SANITATION,Avadi,Ward-175,MEDIUM,4,1,43.16,2026-08-24T08:00:00Z
CP-SEV-02251,High-voltage 11kV live wire snapped hanging across school gate in Chennai South,"Citizen report from Sparking live electrical cable hanging at chest height right outside primary school entrance. (Ref Ward-100, Chennai South)",Streetlights & Electrical Hazards,streetlights,DEPT_LIGHTING,Chennai South,Ward-100,CRITICAL,23,15,87.7,2026-08-02T10:00:00Z
CP-SEV-04160,Chemical gas leak from abandoned industrial cylinder in Tiruvallur,"Pungent chemical gas leaking from abandoned cylinder causing eye irritation and breathing panic in colony. (Ref Ward-196, Tiruvallur)",Other / General Municipal Operations,other,DEPT_GENERAL,Tiruvallur,Ward-196,CRITICAL,6,15,79.51,2026-08-10T15:00:00Z
CP-SEV-01452,Small open drainage chamber cover displaced in Kanchipuram,"Concrete cover slab of small side drain displaced by 2 inches. (Ref Ward-78, Kanchipuram)",Drainage & Sewage Overflow,drainage,DEPT_DRAINAGE,Kanchipuram,Ward-78,MEDIUM,8,3,39.9,2026-08-19T12:00:00Z
CP-SEV-02802,Animal carcasses dumped openly near residential layout in Avadi,"Field inspection notice: Decomposed animal waste dumped near residential colony causing intense stench and flies. (Ref Ward-68, Avadi)",Garbage & Waste Disposal,garbage,DEPT_SANITATION,Avadi,Ward-68,HIGH,35,6,50.7,2026-08-11T20:00:00Z
CP-SEV-01013,Brownish muddy water in residential supply line in Tambaram,"Urgent attention requested: Tap water coming contaminated with mud and silt across entire street layout. (Ref Ward-159, Tambaram)",Water Supply Contamination / Burst,water,DEPT_WATER,Tambaram,Ward-159,HIGH,15,12,79.2,2026-08-01T10:00:00Z
CP-SEV-02965,Massive garbage barrier blocking emergency hospital ambulance entrance in Avadi,"Rotting garbage pile collapsed across hospital gate preventing emergency ambulance access. (Ref Ward-35, Avadi)",Garbage & Waste Disposal,garbage,DEPT_SANITATION,Avadi,Ward-35,CRITICAL,43,3,52.64,2026-08-22T20:00:00Z
CP-SEV-03663,Tree branch overhanging private wall in Chennai North,"Municipal grievance reported: Small tree branch extending over compound wall without immediate blockage. (Ref Ward-96, Chennai North)",Other / General Municipal Operations,other,DEPT_GENERAL,Chennai North,Ward-96,LOW,3,3,1.47,2026-08-09T16:00:00Z
CP-SEV-03714,Faded ward boundary map in Tambaram,"Citizen report from Public information board map faded at zonal office. (Ref Ward-109, Tambaram)",Other / General Municipal Operations,other,DEPT_GENERAL,Tambaram,Ward-109,LOW,3,3,5.01,2026-08-28T11:00:00Z
CP-SEV-02720,Large uncollected garbage dump overflowing onto main road in Avadi,"Field inspection notice: Massive multi-ton waste pile spilling onto main road lane causing traffic blockage and stench. (Ref Ward-161, Avadi)",Garbage & Waste Disposal,garbage,DEPT_SANITATION,Avadi,Ward-161,HIGH,39,10,86.36,2026-08-28T20:00:00Z
CP-SEV-03912,Large fallen tree trunk blocking entire avenue in Tiruvallur,"Municipal grievance reported: Heavy gulmohar tree uprooted during storm completely blocking two-lane avenue. (Ref Ward-182, Tiruvallur)",Other / General Municipal Operations,other,DEPT_GENERAL,Tiruvallur,Ward-182,HIGH,3,3,90.4,2026-08-09T08:00:00Z
CP-SEV-00223,Moderate pothole on residential lane in Tiruvallur,"Field inspection notice: Pothole approximately 1 foot wide causing discomfort for two-wheelers in neighborhood street. (Ref Ward-149, Tiruvallur)",Road Damage & Potholes,roads,DEPT_ROADS,Tiruvallur,Ward-149,MEDIUM,10,3,28.93,2026-08-20T13:00:00Z
CP-SEV-04197,Chemical gas leak from abandoned industrial cylinder in Chennai Central,"Urgent attention requested: Pungent chemical gas leaking from abandoned cylinder causing eye irritation and breathing panic in colony. (Ref Ward-111, Chennai Central)",Other / General Municipal Operations,other,DEPT_GENERAL,Chennai Central,Ward-111,CRITICAL,24,3,58.29,2026-08-11T14:00:00Z
CP-SEV-02776,Animal carcasses dumped openly near residential layout in Chennai South,"Decomposed animal waste dumped near residential colony causing intense stench and flies. (Ref Ward-84, Chennai South)",Garbage & Waste Disposal,garbage,DEPT_SANITATION,Chennai South,Ward-84,HIGH,25,8,83.97,2026-08-02T16:00:00Z
CP-SEV-00957,Main municipal water supply pipeline burst in Chennai Central,"Urgent attention requested: Main feeder pipe burst flooding street and leaving 500 households without water for 24h. (Ref Ward-141, Chennai Central)",Water Supply Contamination / Burst,water,DEPT_WATER,Chennai Central,Ward-141,HIGH,0,12,75.2,2026-08-12T09:00:00Z
CP-SEV-03235,Cracked plaster on municipal wall in Chennai Central,"Field inspection notice: Boundary wall plaster cracking near municipal office enclosure. (Ref Ward-147, Chennai Central)",Public Infrastructure Damage,infrastructure,DEPT_WORKS,Chennai Central,Ward-147,MEDIUM,9,2,41.55,2026-08-03T14:00:00Z
CP-SEV-01751,Severe toxic sewage backup into ground floor homes in Chennai Central,"Urgent attention requested: Raw black sewage backing up into toilets and living rooms of 50 houses creating extreme cholera biohazard. (Ref Ward-188, Chennai Central)",Drainage & Sewage Overflow,drainage,DEPT_DRAINAGE,Chennai Central,Ward-188,CRITICAL,6,3,72.65,2026-08-23T17:00:00Z
CP-SEV-01866,Single decorative garden light dim in public park in Tambaram,"Pedestrian walkway lamp shade slightly dusty and dim in municipal park. (Ref Ward-76, Tambaram)",Streetlights & Electrical Hazards,streetlights,DEPT_LIGHTING,Tambaram,Ward-76,LOW,0,1,16.57,2026-08-10T10:00:00Z
CP-SEV-01036,Brownish muddy water in residential supply line in Chennai South,"Municipal grievance reported: Tap water coming contaminated with mud and silt across entire street layout. (Ref Ward-100, Chennai South)",Water Supply Contamination / Burst,water,DEPT_WATER,Chennai South,Ward-100,HIGH,8,8,82.39,2026-08-21T13:00:00Z
CP-SEV-03266,Cracked plaster on municipal wall in Chennai South,"Field inspection notice: Boundary wall plaster cracking near municipal office enclosure. (Ref Ward-80, Chennai South)",Public Infrastructure Damage,infrastructure,DEPT_WORKS,Chennai South,Ward-80,MEDIUM,4,1,11.93,2026-08-07T18:00:00Z
CP-SEV-01986,Single streetlight non-functional on residential lane in Chennai South,"Field inspection notice: Sodium streetlight bulb fused outside house no 42 on quiet residential road. (Ref Ward-180, Chennai South)",Streetlights & Electrical Hazards,streetlights,DEPT_LIGHTING,Chennai South,Ward-180,MEDIUM,5,3,36.49,2026-08-26T12:00:00Z
CP-SEV-03798,Stray cattle roaming on residential street in Avadi,"Citizen report from Stray cows sitting on residential lane causing minor vehicle slowness. (Ref Ward-105, Avadi)",Other / General Municipal Operations,other,DEPT_GENERAL,Avadi,Ward-105,MEDIUM,3,2,16.96,2026-08-19T17:00:00Z
CP-SEV-02173,Entire street dark due to multiple streetlight failure in Chennai North,"Municipal grievance reported: All 15 streetlights out on main connecting road creating dark zone and safety hazard for commuters. (Ref Ward-58, Chennai North)",Streetlights & Electrical Hazards,streetlights,DEPT_LIGHTING,Chennai North,Ward-58,HIGH,8,15,68.06,2026-08-24T19:00:00Z
CP-SEV-01358,Localized clogged street drain causing puddle in Tiruvallur,"Citizen report from Street drain inlet blocked with debris causing minor water pooling after rain. (Ref Ward-174, Tiruvallur)",Drainage & Sewage Overflow,drainage,DEPT_DRAINAGE,Tiruvallur,Ward-174,MEDIUM,6,3,35.43,2026-08-04T13:00:00Z
CP-SEV-01346,Slight odor from storm water drain inlet in Chennai Central,"Mild stagnant smell from open storm drain during hot afternoon. (Ref Ward-80, Chennai Central)",Drainage & Sewage Overflow,drainage,DEPT_DRAINAGE,Chennai Central,Ward-80,LOW,8,1,6.63,2026-08-10T17:00:00Z
CP-SEV-01256,Dry leaves covering roadside drain grate in Chennai South,"Municipal grievance reported: Accumulation of dry fallen leaves over storm drain inlet grate. (Ref Ward-166, Chennai South)",Drainage & Sewage Overflow,drainage,DEPT_DRAINAGE,Chennai South,Ward-166,LOW,5,1,5.53,2026-08-07T15:00:00Z
CP-SEV-02385,Electrical transformer explosion emitting fire and smoke in Chennai Central,"Municipal grievance reported: Street transformer exploded emitting fire sparks and thick black smoke near crowded apartments. (Ref Ward-1, Chennai Central)",Streetlights & Electrical Hazards,streetlights,DEPT_LIGHTING,Chennai Central,Ward-1,CRITICAL,28,7,82.79,2026-08-06T09:00:00Z
CP-SEV-03715,Faded ward boundary map in Tiruvallur,"Urgent attention requested: Public information board map faded at zonal office. (Ref Ward-106, Tiruvallur)",Other / General Municipal Operations,other,DEPT_GENERAL,Tiruvallur,Ward-106,LOW,0,3,42.16,2026-08-20T12:00:00Z
CP-SEV-00011,Minor cosmetic paint peeling on speed breaker in Kanchipuram,"Urgent attention requested: Faded paint on speed bump near residential lane, requires routine repaint. (Ref Ward-175, Kanchipuram)",Road Damage & Potholes,roads,DEPT_ROADS,Kanchipuram,Ward-175,LOW,9,3,7.7,2026-08-24T11:00:00Z
CP-SEV-02214,Damaged electrical junction box door open in Tambaram,"Field inspection notice: Feeder pillar box door hanging open with exposed low-voltage terminals near footpath. (Ref Ward-159, Tambaram)",Streetlights & Electrical Hazards,streetlights,DEPT_LIGHTING,Tambaram,Ward-159,HIGH,31,10,69.63,2026-08-06T08:00:00Z
CP-SEV-02325,High-voltage 11kV live wire snapped hanging across school gate in Chennai Central,"Citizen report from Sparking live electrical cable hanging at chest height right outside primary school entrance. (Ref Ward-194, Chennai Central)",Streetlights & Electrical Hazards,streetlights,DEPT_LIGHTING,Chennai Central,Ward-194,CRITICAL,4,1,52.83,2026-08-12T19:00:00Z
CP-SEV-03035,Faded street name sign board in Chennai Central,"Field inspection notice: Municipal street sign board paint faded near junction. (Ref Ward-26, Chennai Central)",Public Infrastructure Damage,infrastructure,DEPT_WORKS,Chennai Central,Ward-26,LOW,9,3,12.1,2026-08-20T15:00:00Z
CP-SEV-01283,Slight odor from storm water drain inlet in Chennai North,"Mild stagnant smell from open storm drain during hot afternoon. (Ref Ward-95, Chennai North)",Drainage & Sewage Overflow,drainage,DEPT_DRAINAGE,Chennai North,Ward-95,LOW,4,1,23.52,2026-08-04T13:00:00Z
CP-SEV-00378,Uncovered manhole trench on main avenue in Kanchipuram,"Urgent attention requested: Road cut open for cable laying left open without barricades on major avenue. (Ref Ward-38, Kanchipuram)",Road Damage & Potholes,roads,DEPT_ROADS,Kanchipuram,Ward-38,HIGH,16,9,92.06,2026-08-19T19:00:00Z
CP-SEV-02549,Public dustbin lid missing in Kanchipuram,"Municipal grievance reported: Plastic dustbin lid missing at street corner bin. (Ref Ward-9, Kanchipuram)",Garbage & Waste Disposal,garbage,DEPT_SANITATION,Kanchipuram,Ward-9,LOW,2,2,8.62,2026-08-03T08:00:00Z
CP-SEV-00216,Moderate pothole on residential lane in Chennai Central,"Field inspection notice: Pothole approximately 1 foot wide causing discomfort for two-wheelers in neighborhood street. (Ref Ward-30, Chennai Central)",Road Damage & Potholes,roads,DEPT_ROADS,Chennai Central,Ward-30,MEDIUM,0,2,7.73,2026-08-20T15:00:00Z
CP-SEV-01003,Brownish muddy water in residential supply line in Tambaram,"Tap water coming contaminated with mud and silt across entire street layout. (Ref Ward-32, Tambaram)",Water Supply Contamination / Burst,water,DEPT_WATER,Tambaram,Ward-32,HIGH,34,15,94.62,2026-08-11T18:00:00Z
CP-SEV-01282,Slight odor from storm water drain inlet in Kanchipuram,"Mild stagnant smell from open storm drain during hot afternoon. (Ref Ward-41, Kanchipuram)",Drainage & Sewage Overflow,drainage,DEPT_DRAINAGE,Kanchipuram,Ward-41,LOW,5,1,27.07,2026-08-14T09:00:00Z
CP-SEV-03512,Imminent structural collapse of busy flyover bridge pillar in Tambaram,"Citizen report from Load-bearing concrete pillar of busy traffic flyover cracked with large concrete blocks falling onto road below. (Ref Ward-33, Tambaram)",Public Infrastructure Damage,infrastructure,DEPT_WORKS,Tambaram,Ward-33,CRITICAL,29,7,94.96,2026-08-01T16:00:00Z
CP-SEV-01195,Complete water outage in hospital ward for 48 hours in Chennai Central,"Urgent attention requested: Zero water supply in municipal hospital premises for two days, threatening patient emergency operations. (Ref Ward-19, Chennai Central)",Water Supply Contamination / Burst,water,DEPT_WATER,Chennai Central,Ward-19,CRITICAL,35,1,52.35,2026-08-08T15:00:00Z
CP-SEV-03666,Tree branch overhanging private wall in Chennai South,"Municipal grievance reported: Small tree branch extending over compound wall without immediate blockage. (Ref Ward-96, Chennai South)",Other / General Municipal Operations,other,DEPT_GENERAL,Chennai South,Ward-96,LOW,5,1,5.11,2026-08-24T11:00:00Z
CP-SEV-01373,Localized clogged street drain causing puddle in Chennai South,"Citizen report from Street drain inlet blocked with debris causing minor water pooling after rain. (Ref Ward-114, Chennai South)",Drainage & Sewage Overflow,drainage,DEPT_DRAINAGE,Chennai South,Ward-114,MEDIUM,4,3,3.41,2026-08-03T12:00:00Z
CP-SEV-03681,Faded ward boundary map in Tambaram,"Citizen report from Public information board map faded at zonal office. (Ref Ward-27, Tambaram)",Other / General Municipal Operations,other,DEPT_GENERAL,Tambaram,Ward-27,LOW,0,3,19.16,2026-08-15T20:00:00Z
CP-SEV-03454,Imminent structural collapse of busy flyover bridge pillar in Kanchipuram,"Load-bearing concrete pillar of busy traffic flyover cracked with large concrete blocks falling onto road below. (Ref Ward-35, Kanchipuram)",Public Infrastructure Damage,infrastructure,DEPT_WORKS,Kanchipuram,Ward-35,CRITICAL,15,8,71.88,2026-08-15T08:00:00Z
CP-SEV-03093,Minor scratch on public park bench in Kanchipuram,"Municipal grievance reported: Wooden bench slat scratched in public garden. (Ref Ward-152, Kanchipuram)",Public Infrastructure Damage,infrastructure,DEPT_WORKS,Kanchipuram,Ward-152,LOW,10,1,41.11,2026-08-22T20:00:00Z
CP-SEV-02738,Large uncollected garbage dump overflowing onto main road in Tiruvallur,"Municipal grievance reported: Massive multi-ton waste pile spilling onto main road lane causing traffic blockage and stench. (Ref Ward-31, Tiruvallur)",Garbage & Waste Disposal,garbage,DEPT_SANITATION,Tiruvallur,Ward-31,HIGH,12,13,62.02,2026-08-18T10:00:00Z
CP-SEV-02486,Public dustbin lid missing in Chennai Central,"Field inspection notice: Plastic dustbin lid missing at street corner bin. (Ref Ward-67, Chennai Central)",Garbage & Waste Disposal,garbage,DEPT_SANITATION,Chennai Central,Ward-67,LOW,2,1,9.86,2026-08-19T18:00:00Z
CP-SEV-02380,Electrical transformer explosion emitting fire and smoke in Kanchipuram,"Citizen report from Street transformer exploded emitting fire sparks and thick black smoke near crowded apartments. (Ref Ward-161, Kanchipuram)",Streetlights & Electrical Hazards,streetlights,DEPT_LIGHTING,Kanchipuram,Ward-161,CRITICAL,36,15,89.8,2026-08-09T11:00:00Z
CP-SEV-02319,High-voltage 11kV live wire snapped hanging across school gate in Kanchipuram,"Field inspection notice: Sparking live electrical cable hanging at chest height right outside primary school entrance. (Ref Ward-48, Kanchipuram)",Streetlights & Electrical Hazards,streetlights,DEPT_LIGHTING,Kanchipuram,Ward-48,CRITICAL,18,12,80.43,2026-08-28T08:00:00Z
CP-SEV-01090,Toxic chemical effluent mixing into drinking water supply in Kanchipuram,"Citizen report from Industrial chemical sewage leaking directly into municipal drinking pipeline, causing severe illness. (Ref Ward-119, Kanchipuram)",Water Supply Contamination / Burst,water,DEPT_WATER,Kanchipuram,Ward-119,CRITICAL,1,13,50.11,2026-08-09T12:00:00Z
CP-SEV-04097,Rabid stray dog pack actively biting children outside school gate in Chennai North,"Municipal grievance reported: Multiple children bitten and injured by aggressive rabid dog pack near school entrance. (Ref Ward-25, Chennai North)",Other / General Municipal Operations,other,DEPT_GENERAL,Chennai North,Ward-25,CRITICAL,34,10,69.06,2026-08-16T16:00:00Z
CP-SEV-01830,Single decorative garden light dim in public park in Avadi,"Field inspection notice: Pedestrian walkway lamp shade slightly dusty and dim in municipal park. (Ref Ward-156, Avadi)",Streetlights & Electrical Hazards,streetlights,DEPT_LIGHTING,Avadi,Ward-156,LOW,10,3,33.21,2026-08-18T15:00:00Z
CP-SEV-04093,Rabid stray dog pack actively biting children outside school gate in Tiruvallur,"Urgent attention requested: Multiple children bitten and injured by aggressive rabid dog pack near school entrance. (Ref Ward-169, Tiruvallur)",Other / General Municipal Operations,other,DEPT_GENERAL,Tiruvallur,Ward-169,CRITICAL,26,2,65.95,2026-08-08T18:00:00Z
CP-SEV-03521,Imminent structural collapse of busy flyover bridge pillar in Chennai South,"Municipal grievance reported: Load-bearing concrete pillar of busy traffic flyover cracked with large concrete blocks falling onto road below. (Ref Ward-4, Chennai South)",Public Infrastructure Damage,infrastructure,DEPT_WORKS,Chennai South,Ward-4,CRITICAL,21,1,89.54,2026-08-25T11:00:00Z
CP-SEV-02141,Entire street dark due to multiple streetlight failure in Chennai South,"Urgent attention requested: All 15 streetlights out on main connecting road creating dark zone and safety hazard for commuters. (Ref Ward-94, Chennai South)",Streetlights & Electrical Hazards,streetlights,DEPT_LIGHTING,Chennai South,Ward-94,HIGH,10,1,72.39,2026-08-10T14:00:00Z
CP-SEV-02509,Public dustbin lid missing in Chennai North,"Municipal grievance reported: Plastic dustbin lid missing at street corner bin. (Ref Ward-76, Chennai North)",Garbage & Waste Disposal,garbage,DEPT_SANITATION,Chennai North,Ward-76,LOW,0,2,20.93,2026-08-13T18:00:00Z
CP-SEV-01647,Overflowing sewage drain on market street in Avadi,"Field inspection notice: Sewage drain overflowing onto commercial market footpath creating foul health hazard. (Ref Ward-23, Avadi)",Drainage & Sewage Overflow,drainage,DEPT_DRAINAGE,Avadi,Ward-23,HIGH,6,8,64.12,2026-08-10T10:00:00Z
CP-SEV-03748,Faded ward boundary map in Tambaram,"Citizen report from Public information board map faded at zonal office. (Ref Ward-193, Tambaram)",Other / General Municipal Operations,other,DEPT_GENERAL,Tambaram,Ward-193,LOW,9,2,9.2,2026-08-22T10:00:00Z
CP-SEV-02301,High-voltage 11kV live wire snapped hanging across school gate in Chennai South,"Municipal grievance reported: Sparking live electrical cable hanging at chest height right outside primary school entrance. (Ref Ward-163, Chennai South)",Streetlights & Electrical Hazards,streetlights,DEPT_LIGHTING,Chennai South,Ward-163,CRITICAL,18,12,85.68,2026-08-26T09:00:00Z
CP-SEV-02610,Uncleared garbage dump accumulating for 3 days in Chennai Central,"Citizen report from Municipal green bin overflowing with household waste uncleared for 72 hours. (Ref Ward-114, Chennai Central)",Garbage & Waste Disposal,garbage,DEPT_SANITATION,Chennai Central,Ward-114,MEDIUM,10,1,9.31,2026-08-12T11:00:00Z
CP-SEV-01345,Slight odor from storm water drain inlet in Chennai North,"Citizen report from Mild stagnant smell from open storm drain during hot afternoon. (Ref Ward-16, Chennai North)",Drainage & Sewage Overflow,drainage,DEPT_DRAINAGE,Chennai North,Ward-16,LOW,4,3,19.61,2026-08-21T20:00:00Z
CP-SEV-00464,Catastrophic road cave-in and asphalt collapse in Tiruvallur,"Urgent attention requested: Massive crater opened up on main arterial road causing vehicle overturn and imminent life hazard. (Ref Ward-118, Tiruvallur)",Road Damage & Potholes,roads,DEPT_ROADS,Tiruvallur,Ward-118,CRITICAL,7,15,88.59,2026-08-15T15:00:00Z
CP-SEV-03956,Large fallen tree trunk blocking entire avenue in Chennai Central,"Urgent attention requested: Heavy gulmohar tree uprooted during storm completely blocking two-lane avenue. (Ref Ward-82, Chennai Central)",Other / General Municipal Operations,other,DEPT_GENERAL,Chennai Central,Ward-82,HIGH,29,4,65.93,2026-08-25T14:00:00Z
CP-SEV-01905,Streetlight pole sticker peeling off in Kanchipuram,"Urgent attention requested: Identification sticker on light pole peeling off near corner. (Ref Ward-55, Kanchipuram)",Streetlights & Electrical Hazards,streetlights,DEPT_LIGHTING,Kanchipuram,Ward-55,LOW,6,1,22.08,2026-08-20T11:00:00Z
CP-SEV-01848,Single decorative garden light dim in public park in Tiruvallur,"Field inspection notice: Pedestrian walkway lamp shade slightly dusty and dim in municipal park. (Ref Ward-160, Tiruvallur)",Streetlights & Electrical Hazards,streetlights,DEPT_LIGHTING,Tiruvallur,Ward-160,LOW,6,3,41.79,2026-08-25T08:00:00Z
CP-SEV-00154,Moderate pothole on residential lane in Tiruvallur,"Urgent attention requested: Pothole approximately 1 foot wide causing discomfort for two-wheelers in neighborhood street. (Ref Ward-139, Tiruvallur)",Road Damage & Potholes,roads,DEPT_ROADS,Tiruvallur,Ward-139,MEDIUM,9,1,10.56,2026-08-22T12:00:00Z
CP-SEV-03312,Unstable overhead gantries signboard shaking in wind in Chennai Central,"Urgent attention requested: Large directional sign board hanging loose over main road threatening to fall on vehicles. (Ref Ward-30, Chennai Central)",Public Infrastructure Damage,infrastructure,DEPT_WORKS,Chennai Central,Ward-30,HIGH,20,15,88.91,2026-08-25T14:00:00Z
CP-SEV-02691,Commercial shop waste dumped on sidewalk in Avadi,"Citizen report from Retail shop cardboard boxes and plastic packaging dumped along footpath. (Ref Ward-24, Avadi)",Garbage & Waste Disposal,garbage,DEPT_SANITATION,Avadi,Ward-24,MEDIUM,7,1,6.06,2026-08-21T13:00:00Z
CP-SEV-00356,Deep pothole causing vehicle damage and traffic blockage in Avadi,"Dangerous deep crater on main road damaging car tires and causing traffic congestion. (Ref Ward-101, Avadi)",Road Damage & Potholes,roads,DEPT_ROADS,Avadi,Ward-101,HIGH,8,12,94.04,2026-08-27T08:00:00Z
CP-SEV-03547,Municipal hall roof slab collapse hazard in Kanchipuram,"Urgent attention requested: Heavy concrete ceiling slab sagging and crumbling over crowded public waiting hall. (Ref Ward-102, Kanchipuram)",Public Infrastructure Damage,infrastructure,DEPT_WORKS,Kanchipuram,Ward-102,CRITICAL,2,1,70.91,2026-08-06T11:00:00Z
CP-SEV-01493,Small open drainage chamber cover displaced in Chennai Central,"Field inspection notice: Concrete cover slab of small side drain displaced by 2 inches. (Ref Ward-194, Chennai Central)",Drainage & Sewage Overflow,drainage,DEPT_DRAINAGE,Chennai Central,Ward-194,MEDIUM,6,1,23.75,2026-08-10T12:00:00Z
CP-SEV-03802,Stray cattle roaming on residential street in Chennai Central,"Citizen report from Stray cows sitting on residential lane causing minor vehicle slowness. (Ref Ward-135, Chennai Central)",Other / General Municipal Operations,other,DEPT_GENERAL,Chennai Central,Ward-135,MEDIUM,0,3,42.64,2026-08-26T12:00:00Z
CP-SEV-00158,Moderate pothole on residential lane in Tiruvallur,"Citizen report from Pothole approximately 1 foot wide causing discomfort for two-wheelers in neighborhood street. (Ref Ward-47, Tiruvallur)",Road Damage & Potholes,roads,DEPT_ROADS,Tiruvallur,Ward-47,MEDIUM,2,1,27.43,2026-08-13T17:00:00Z
CP-SEV-00373,Deep pothole causing vehicle damage and traffic blockage in Chennai North,"Citizen report from Dangerous deep crater on main road damaging car tires and causing traffic congestion. (Ref Ward-55, Chennai North)",Road Damage & Potholes,roads,DEPT_ROADS,Chennai North,Ward-55,HIGH,7,12,94.98,2026-08-16T11:00:00Z
CP-SEV-00509,Catastrophic road cave-in and asphalt collapse in Kanchipuram,"Municipal grievance reported: Massive crater opened up on main arterial road causing vehicle overturn and imminent life hazard. (Ref Ward-189, Kanchipuram)",Road Damage & Potholes,roads,DEPT_ROADS,Kanchipuram,Ward-189,CRITICAL,20,8,62.24,2026-08-03T11:00:00Z
CP-SEV-01000,Brownish muddy water in residential supply line in Kanchipuram,"Urgent attention requested: Tap water coming contaminated with mud and silt across entire street layout. (Ref Ward-1, Kanchipuram)",Water Supply Contamination / Burst,water,DEPT_WATER,Kanchipuram,Ward-1,HIGH,42,7,61.99,2026-08-23T13:00:00Z
CP-SEV-02054,Streetlight timer misconfigured turning off early in Tambaram,"Citizen report from Streetlights turning off 1 hour before sunrise in neighborhood layout. (Ref Ward-95, Tambaram)",Streetlights & Electrical Hazards,streetlights,DEPT_LIGHTING,Tambaram,Ward-95,MEDIUM,2,2,42.17,2026-08-07T13:00:00Z
CP-SEV-01328,Slight odor from storm water drain inlet in Kanchipuram,"Urgent attention requested: Mild stagnant smell from open storm drain during hot afternoon. (Ref Ward-173, Kanchipuram)",Drainage & Sewage Overflow,drainage,DEPT_DRAINAGE,Kanchipuram,Ward-173,LOW,5,2,38.0,2026-08-14T12:00:00Z
CP-SEV-00809,Localized water supply line leakage in Chennai South,"Urgent attention requested: Drinking water pipeline leaking small stream of clean water on roadside near residential building. (Ref Ward-93, Chennai South)",Water Supply Contamination / Burst,water,DEPT_WATER,Chennai South,Ward-93,MEDIUM,10,1,43.8,2026-08-08T18:00:00Z
CP-SEV-01078,Toxic chemical effluent mixing into drinking water supply in Chennai North,"Urgent attention requested: Industrial chemical sewage leaking directly into municipal drinking pipeline, causing severe illness. (Ref Ward-84, Chennai North)",Water Supply Contamination / Burst,water,DEPT_WATER,Chennai North,Ward-84,CRITICAL,38,11,58.78,2026-08-17T11:00:00Z
CP-SEV-03504,Imminent structural collapse of busy flyover bridge pillar in Tiruvallur,"Citizen report from Load-bearing concrete pillar of busy traffic flyover cracked with large concrete blocks falling onto road below. (Ref Ward-122, Tiruvallur)",Public Infrastructure Damage,infrastructure,DEPT_WORKS,Tiruvallur,Ward-122,CRITICAL,24,10,51.02,2026-08-22T10:00:00Z
CP-SEV-03400,Public footbridge steps broken in Tiruvallur,"Citizen report from Concrete steps on pedestrian footbridge cracked with exposed rusty iron rebar. (Ref Ward-89, Tiruvallur)",Public Infrastructure Damage,infrastructure,DEPT_WORKS,Tiruvallur,Ward-89,HIGH,45,14,64.07,2026-08-13T09:00:00Z
CP-SEV-04025,Stray dog pack menace creating panic near market in Kanchipuram,"Field inspection notice: Pack of aggressive stray dogs barking and chasing two-wheelers near market. (Ref Ward-123, Kanchipuram)",Other / General Municipal Operations,other,DEPT_GENERAL,Kanchipuram,Ward-123,HIGH,44,15,52.64,2026-08-19T12:00:00Z
CP-SEV-01337,Slight odor from storm water drain inlet in Chennai North,"Municipal grievance reported: Mild stagnant smell from open storm drain during hot afternoon. (Ref Ward-97, Chennai North)",Drainage & Sewage Overflow,drainage,DEPT_DRAINAGE,Chennai North,Ward-97,LOW,1,1,2.79,2026-08-26T15:00:00Z
CP-SEV-03993,Stray dog pack menace creating panic near market in Chennai North,"Field inspection notice: Pack of aggressive stray dogs barking and chasing two-wheelers near market. (Ref Ward-103, Chennai North)",Other / General Municipal Operations,other,DEPT_GENERAL,Chennai North,Ward-103,HIGH,45,13,88.24,2026-08-20T08:00:00Z
CP-SEV-01876,Streetlight pole sticker peeling off in Avadi,"Field inspection notice: Identification sticker on light pole peeling off near corner. (Ref Ward-59, Avadi)",Streetlights & Electrical Hazards,streetlights,DEPT_LIGHTING,Avadi,Ward-59,LOW,6,1,25.62,2026-08-27T10:00:00Z
CP-SEV-01855,Single decorative garden light dim in public park in Tiruvallur,"Field inspection notice: Pedestrian walkway lamp shade slightly dusty and dim in municipal park. (Ref Ward-46, Tiruvallur)",Streetlights & Electrical Hazards,streetlights,DEPT_LIGHTING,Tiruvallur,Ward-46,LOW,7,1,19.8,2026-08-15T08:00:00Z
CP-SEV-02797,Animal carcasses dumped openly near residential layout in Chennai North,"Field inspection notice: Decomposed animal waste dumped near residential colony causing intense stench and flies. (Ref Ward-88, Chennai North)",Garbage & Waste Disposal,garbage,DEPT_SANITATION,Chennai North,Ward-88,HIGH,10,5,53.58,2026-08-22T13:00:00Z
CP-SEV-02404,Small litter paper cups near park bench in Chennai South,"Municipal grievance reported: Few discarded tea cups scattered around park bench area. (Ref Ward-154, Chennai South)",Garbage & Waste Disposal,garbage,DEPT_SANITATION,Chennai South,Ward-154,LOW,8,3,37.44,2026-08-06T20:00:00Z
CP-SEV-01964,Single streetlight non-functional on residential lane in Chennai Central,"Urgent attention requested: Sodium streetlight bulb fused outside house no 42 on quiet residential road. (Ref Ward-46, Chennai Central)",Streetlights & Electrical Hazards,streetlights,DEPT_LIGHTING,Chennai Central,Ward-46,MEDIUM,3,2,16.24,2026-08-07T08:00:00Z
CP-SEV-00914,Main municipal water supply pipeline burst in Avadi,"Citizen report from Main feeder pipe burst flooding street and leaving 500 households without water for 24h. (Ref Ward-164, Avadi)",Water Supply Contamination / Burst,water,DEPT_WATER,Avadi,Ward-164,HIGH,0,11,59.05,2026-08-10T12:00:00Z
CP-SEV-03536,Municipal hall roof slab collapse hazard in Chennai Central,"Field inspection notice: Heavy concrete ceiling slab sagging and crumbling over crowded public waiting hall. (Ref Ward-106, Chennai Central)",Public Infrastructure Damage,infrastructure,DEPT_WORKS,Chennai Central,Ward-106,CRITICAL,1,8,64.47,2026-08-19T17:00:00Z
CP-SEV-03566,Municipal hall roof slab collapse hazard in Kanchipuram,"Field inspection notice: Heavy concrete ceiling slab sagging and crumbling over crowded public waiting hall. (Ref Ward-193, Kanchipuram)",Public Infrastructure Damage,infrastructure,DEPT_WORKS,Kanchipuram,Ward-193,CRITICAL,35,3,92.64,2026-08-05T09:00:00Z
CP-SEV-03687,Faded ward boundary map in Chennai South,"Field inspection notice: Public information board map faded at zonal office. (Ref Ward-67, Chennai South)",Other / General Municipal Operations,other,DEPT_GENERAL,Chennai South,Ward-67,LOW,9,1,16.85,2026-08-24T12:00:00Z
CP-SEV-00398,Uncovered manhole trench on main avenue in Tiruvallur,"Road cut open for cable laying left open without barricades on major avenue. (Ref Ward-100, Tiruvallur)",Road Damage & Potholes,roads,DEPT_ROADS,Tiruvallur,Ward-100,HIGH,21,7,84.0,2026-08-05T20:00:00Z
CP-SEV-03735,Faded ward boundary map in Avadi,"Field inspection notice: Public information board map faded at zonal office. (Ref Ward-193, Avadi)",Other / General Municipal Operations,other,DEPT_GENERAL,Avadi,Ward-193,LOW,10,2,39.53,2026-08-09T14:00:00Z
CP-SEV-03843,Overgrown grass near roadside footway in Tiruvallur,"Citizen report from Wild grass growing along sidewalk margin. (Ref Ward-53, Tiruvallur)",Other / General Municipal Operations,other,DEPT_GENERAL,Tiruvallur,Ward-53,MEDIUM,5,3,18.79,2026-08-07T08:00:00Z
CP-SEV-02115,Entire street dark due to multiple streetlight failure in Chennai North,"Municipal grievance reported: All 15 streetlights out on main connecting road creating dark zone and safety hazard for commuters. (Ref Ward-132, Chennai North)",Streetlights & Electrical Hazards,streetlights,DEPT_LIGHTING,Chennai North,Ward-132,HIGH,1,10,69.67,2026-08-02T16:00:00Z
CP-SEV-01423,Localized clogged street drain causing puddle in Kanchipuram,"Citizen report from Street drain inlet blocked with debris causing minor water pooling after rain. (Ref Ward-198, Kanchipuram)",Drainage & Sewage Overflow,drainage,DEPT_DRAINAGE,Kanchipuram,Ward-198,MEDIUM,5,1,28.59,2026-08-23T13:00:00Z
CP-SEV-01465,Small open drainage chamber cover displaced in Chennai Central,"Municipal grievance reported: Concrete cover slab of small side drain displaced by 2 inches. (Ref Ward-62, Chennai Central)",Drainage & Sewage Overflow,drainage,DEPT_DRAINAGE,Chennai Central,Ward-62,MEDIUM,10,2,17.03,2026-08-02T13:00:00Z
CP-SEV-04074,Rabid stray dog pack actively biting children outside school gate in Chennai Central,"Municipal grievance reported: Multiple children bitten and injured by aggressive rabid dog pack near school entrance. (Ref Ward-198, Chennai Central)",Other / General Municipal Operations,other,DEPT_GENERAL,Chennai Central,Ward-198,CRITICAL,39,8,69.27,2026-08-01T10:00:00Z
CP-SEV-00327,Deep pothole causing vehicle damage and traffic blockage in Avadi,"Municipal grievance reported: Dangerous deep crater on main road damaging car tires and causing traffic congestion. (Ref Ward-179, Avadi)",Road Damage & Potholes,roads,DEPT_ROADS,Avadi,Ward-179,HIGH,8,2,77.71,2026-08-19T11:00:00Z
CP-SEV-01632,Overflowing sewage drain on market street in Tambaram,"Field inspection notice: Sewage drain overflowing onto commercial market footpath creating foul health hazard. (Ref Ward-81, Tambaram)",Drainage & Sewage Overflow,drainage,DEPT_DRAINAGE,Tambaram,Ward-81,HIGH,24,3,52.46,2026-08-12T18:00:00Z
CP-SEV-02146,Entire street dark due to multiple streetlight failure in Tambaram,"All 15 streetlights out on main connecting road creating dark zone and safety hazard for commuters. (Ref Ward-35, Tambaram)",Streetlights & Electrical Hazards,streetlights,DEPT_LIGHTING,Tambaram,Ward-35,HIGH,40,1,64.01,2026-08-16T12:00:00Z
CP-SEV-00519,Catastrophic road cave-in and asphalt collapse in Chennai North,"Citizen report from Massive crater opened up on main arterial road causing vehicle overturn and imminent life hazard. (Ref Ward-17, Chennai North)",Road Damage & Potholes,roads,DEPT_ROADS,Chennai North,Ward-17,CRITICAL,41,8,86.42,2026-08-03T20:00:00Z
CP-SEV-01757,Severe toxic sewage backup into ground floor homes in Avadi,"Citizen report from Raw black sewage backing up into toilets and living rooms of 50 houses creating extreme cholera biohazard. (Ref Ward-129, Avadi)",Drainage & Sewage Overflow,drainage,DEPT_DRAINAGE,Avadi,Ward-129,CRITICAL,9,13,54.23,2026-08-10T20:00:00Z
CP-SEV-01473,Small open drainage chamber cover displaced in Tiruvallur,"Concrete cover slab of small side drain displaced by 2 inches. (Ref Ward-134, Tiruvallur)",Drainage & Sewage Overflow,drainage,DEPT_DRAINAGE,Tiruvallur,Ward-134,MEDIUM,8,1,5.75,2026-08-26T09:00:00Z
CP-SEV-03001,Faded street name sign board in Chennai South,"Citizen report from Municipal street sign board paint faded near junction. (Ref Ward-8, Chennai South)",Public Infrastructure Damage,infrastructure,DEPT_WORKS,Chennai South,Ward-8,LOW,8,3,17.08,2026-08-06T09:00:00Z
CP-SEV-03297,Cracked plaster on municipal wall in Kanchipuram,"Citizen report from Boundary wall plaster cracking near municipal office enclosure. (Ref Ward-91, Kanchipuram)",Public Infrastructure Damage,infrastructure,DEPT_WORKS,Kanchipuram,Ward-91,MEDIUM,9,2,33.08,2026-08-25T09:00:00Z
CP-SEV-02936,Massive garbage barrier blocking emergency hospital ambulance entrance in Kanchipuram,"Municipal grievance reported: Rotting garbage pile collapsed across hospital gate preventing emergency ambulance access. (Ref Ward-13, Kanchipuram)",Garbage & Waste Disposal,garbage,DEPT_SANITATION,Kanchipuram,Ward-13,CRITICAL,2,10,65.96,2026-08-23T09:00:00Z
CP-SEV-04016,Stray dog pack menace creating panic near market in Chennai South,"Urgent attention requested: Pack of aggressive stray dogs barking and chasing two-wheelers near market. (Ref Ward-145, Chennai South)",Other / General Municipal Operations,other,DEPT_GENERAL,Chennai South,Ward-145,HIGH,21,9,66.57,2026-08-23T18:00:00Z
CP-SEV-02840,Animal carcasses dumped openly near residential layout in Chennai South,"Field inspection notice: Decomposed animal waste dumped near residential colony causing intense stench and flies. (Ref Ward-17, Chennai South)",Garbage & Waste Disposal,garbage,DEPT_SANITATION,Chennai South,Ward-17,HIGH,43,4,58.92,2026-08-26T19:00:00Z
CP-SEV-03264,Cracked plaster on municipal wall in Avadi,"Municipal grievance reported: Boundary wall plaster cracking near municipal office enclosure. (Ref Ward-141, Avadi)",Public Infrastructure Damage,infrastructure,DEPT_WORKS,Avadi,Ward-141,MEDIUM,0,1,13.35,2026-08-06T11:00:00Z
CP-SEV-01878,Streetlight pole sticker peeling off in Tiruvallur,"Municipal grievance reported: Identification sticker on light pole peeling off near corner. (Ref Ward-74, Tiruvallur)",Streetlights & Electrical Hazards,streetlights,DEPT_LIGHTING,Tiruvallur,Ward-74,LOW,5,1,3.67,2026-08-14T16:00:00Z
CP-SEV-01898,Streetlight pole sticker peeling off in Chennai Central,"Urgent attention requested: Identification sticker on light pole peeling off near corner. (Ref Ward-188, Chennai Central)",Streetlights & Electrical Hazards,streetlights,DEPT_LIGHTING,Chennai Central,Ward-188,LOW,5,1,33.49,2026-08-08T19:00:00Z
CP-SEV-03834,Overgrown grass near roadside footway in Kanchipuram,"Citizen report from Wild grass growing along sidewalk margin. (Ref Ward-94, Kanchipuram)",Other / General Municipal Operations,other,DEPT_GENERAL,Kanchipuram,Ward-94,MEDIUM,9,3,5.26,2026-08-13T08:00:00Z
CP-SEV-00091,Small stone gravel loose on roadside margin in Chennai South,"Citizen report from Loose gravel scattered near street corner after minor maintenance. (Ref Ward-119, Chennai South)",Road Damage & Potholes,roads,DEPT_ROADS,Chennai South,Ward-119,LOW,0,2,17.06,2026-08-07T15:00:00Z
CP-SEV-04109,Rabid stray dog pack actively biting children outside school gate in Avadi,"Municipal grievance reported: Multiple children bitten and injured by aggressive rabid dog pack near school entrance. (Ref Ward-155, Avadi)",Other / General Municipal Operations,other,DEPT_GENERAL,Avadi,Ward-155,CRITICAL,37,1,84.26,2026-08-03T11:00:00Z
CP-SEV-03888,Overgrown grass near roadside footway in Avadi,"Citizen report from Wild grass growing along sidewalk margin. (Ref Ward-61, Avadi)",Other / General Municipal Operations,other,DEPT_GENERAL,Avadi,Ward-61,MEDIUM,5,3,27.33,2026-08-09T18:00:00Z
CP-SEV-00937,Main municipal water supply pipeline burst in Chennai North,"Urgent attention requested: Main feeder pipe burst flooding street and leaving 500 households without water for 24h. (Ref Ward-99, Chennai North)",Water Supply Contamination / Burst,water,DEPT_WATER,Chennai North,Ward-99,HIGH,5,7,67.64,2026-08-23T17:00:00Z
CP-SEV-03694,Faded ward boundary map in Avadi,"Public information board map faded at zonal office. (Ref Ward-86, Avadi)",Other / General Municipal Operations,other,DEPT_GENERAL,Avadi,Ward-86,LOW,5,3,23.73,2026-08-07T19:00:00Z
CP-SEV-01084,Toxic chemical effluent mixing into drinking water supply in Tiruvallur,"Municipal grievance reported: Industrial chemical sewage leaking directly into municipal drinking pipeline, causing severe illness. (Ref Ward-114, Tiruvallur)",Water Supply Contamination / Burst,water,DEPT_WATER,Tiruvallur,Ward-114,CRITICAL,10,13,82.76,2026-08-14T19:00:00Z
CP-SEV-01794,Severe toxic sewage backup into ground floor homes in Chennai South,"Citizen report from Raw black sewage backing up into toilets and living rooms of 50 houses creating extreme cholera biohazard. (Ref Ward-191, Chennai South)",Drainage & Sewage Overflow,drainage,DEPT_DRAINAGE,Chennai South,Ward-191,CRITICAL,10,9,83.37,2026-08-18T11:00:00Z
CP-SEV-02465,Small litter paper cups near park bench in Chennai Central,"Field inspection notice: Few discarded tea cups scattered around park bench area. (Ref Ward-14, Chennai Central)",Garbage & Waste Disposal,garbage,DEPT_SANITATION,Chennai Central,Ward-14,LOW,10,2,26.79,2026-08-16T14:00:00Z
CP-SEV-04081,Rabid stray dog pack actively biting children outside school gate in Tiruvallur,"Multiple children bitten and injured by aggressive rabid dog pack near school entrance. (Ref Ward-64, Tiruvallur)",Other / General Municipal Operations,other,DEPT_GENERAL,Tiruvallur,Ward-64,CRITICAL,3,10,91.23,2026-08-14T12:00:00Z
CP-SEV-00160,Moderate pothole on residential lane in Tambaram,"Urgent attention requested: Pothole approximately 1 foot wide causing discomfort for two-wheelers in neighborhood street. (Ref Ward-66, Tambaram)",Road Damage & Potholes,roads,DEPT_ROADS,Tambaram,Ward-66,MEDIUM,7,2,30.49,2026-08-06T09:00:00Z
CP-SEV-02170,Entire street dark due to multiple streetlight failure in Kanchipuram,"Citizen report from All 15 streetlights out on main connecting road creating dark zone and safety hazard for commuters. (Ref Ward-80, Kanchipuram)",Streetlights & Electrical Hazards,streetlights,DEPT_LIGHTING,Kanchipuram,Ward-80,HIGH,39,10,93.17,2026-08-02T20:00:00Z
CP-SEV-02650,Commercial shop waste dumped on sidewalk in Kanchipuram,"Citizen report from Retail shop cardboard boxes and plastic packaging dumped along footpath. (Ref Ward-189, Kanchipuram)",Garbage & Waste Disposal,garbage,DEPT_SANITATION,Kanchipuram,Ward-189,MEDIUM,0,3,8.09,2026-08-08T20:00:00Z
CP-SEV-00576,Main bridge approach road cracked and collapsing in Chennai South,"Field inspection notice: Approach embankment of river bridge severely cracked and caving in during peak traffic. (Ref Ward-77, Chennai South)",Road Damage & Potholes,roads,DEPT_ROADS,Chennai South,Ward-77,CRITICAL,20,5,82.8,2026-08-20T18:00:00Z
CP-SEV-03746,Faded ward boundary map in Tiruvallur,"Field inspection notice: Public information board map faded at zonal office. (Ref Ward-132, Tiruvallur)",Other / General Municipal Operations,other,DEPT_GENERAL,Tiruvallur,Ward-132,LOW,8,3,22.82,2026-08-11T11:00:00Z
CP-SEV-03546,Municipal hall roof slab collapse hazard in Tambaram,"Citizen report from Heavy concrete ceiling slab sagging and crumbling over crowded public waiting hall. (Ref Ward-18, Tambaram)",Public Infrastructure Damage,infrastructure,DEPT_WORKS,Tambaram,Ward-18,CRITICAL,40,6,65.57,2026-08-01T12:00:00Z
CP-SEV-03612,Tree branch overhanging private wall in Chennai Central,"Citizen report from Small tree branch extending over compound wall without immediate blockage. (Ref Ward-121, Chennai Central)",Other / General Municipal Operations,other,DEPT_GENERAL,Chennai Central,Ward-121,LOW,8,2,14.44,2026-08-25T09:00:00Z
CP-SEV-03084,Minor scratch on public park bench in Chennai North,"Field inspection notice: Wooden bench slat scratched in public garden. (Ref Ward-26, Chennai North)",Public Infrastructure Damage,infrastructure,DEPT_WORKS,Chennai North,Ward-26,LOW,8,2,4.26,2026-08-22T08:00:00Z
CP-SEV-02499,Public dustbin lid missing in Chennai South,"Plastic dustbin lid missing at street corner bin. (Ref Ward-42, Chennai South)",Garbage & Waste Disposal,garbage,DEPT_SANITATION,Chennai South,Ward-42,LOW,0,1,44.23,2026-08-05T08:00:00Z
CP-SEV-00553,Main bridge approach road cracked and collapsing in Kanchipuram,"Approach embankment of river bridge severely cracked and caving in during peak traffic. (Ref Ward-142, Kanchipuram)",Road Damage & Potholes,roads,DEPT_ROADS,Kanchipuram,Ward-142,CRITICAL,16,11,62.67,2026-08-08T09:00:00Z
CP-SEV-03988,Stray dog pack menace creating panic near market in Chennai North,"Field inspection notice: Pack of aggressive stray dogs barking and chasing two-wheelers near market. (Ref Ward-176, Chennai North)",Other / General Municipal Operations,other,DEPT_GENERAL,Chennai North,Ward-176,HIGH,25,2,56.79,2026-08-19T14:00:00Z
CP-SEV-02076,Streetlight timer misconfigured turning off early in Avadi,"Urgent attention requested: Streetlights turning off 1 hour before sunrise in neighborhood layout. (Ref Ward-200, Avadi)",Streetlights & Electrical Hazards,streetlights,DEPT_LIGHTING,Avadi,Ward-200,MEDIUM,10,1,16.04,2026-08-15T17:00:00Z
CP-SEV-00420,Uncovered manhole trench on main avenue in Chennai South,"Citizen report from Road cut open for cable laying left open without barricades on major avenue. (Ref Ward-65, Chennai South)",Road Damage & Potholes,roads,DEPT_ROADS,Chennai South,Ward-65,HIGH,45,7,85.51,2026-08-03T15:00:00Z
CP-SEV-00918,Main municipal water supply pipeline burst in Tambaram,"Citizen report from Main feeder pipe burst flooding street and leaving 500 households without water for 24h. (Ref Ward-10, Tambaram)",Water Supply Contamination / Burst,water,DEPT_WATER,Tambaram,Ward-10,HIGH,30,3,78.22,2026-08-28T16:00:00Z
CP-SEV-01441,Small open drainage chamber cover displaced in Tambaram,"Field inspection notice: Concrete cover slab of small side drain displaced by 2 inches. (Ref Ward-79, Tambaram)",Drainage & Sewage Overflow,drainage,DEPT_DRAINAGE,Tambaram,Ward-79,MEDIUM,4,2,25.3,2026-08-16T09:00:00Z
CP-SEV-02199,Damaged electrical junction box door open in Chennai Central,"Citizen report from Feeder pillar box door hanging open with exposed low-voltage terminals near footpath. (Ref Ward-194, Chennai Central)",Streetlights & Electrical Hazards,streetlights,DEPT_LIGHTING,Chennai Central,Ward-194,HIGH,10,6,50.72,2026-08-07T17:00:00Z
CP-SEV-01879,Streetlight pole sticker peeling off in Chennai South,"Field inspection notice: Identification sticker on light pole peeling off near corner. (Ref Ward-148, Chennai South)",Streetlights & Electrical Hazards,streetlights,DEPT_LIGHTING,Chennai South,Ward-148,LOW,10,1,40.49,2026-08-15T08:00:00Z
CP-SEV-03267,Cracked plaster on municipal wall in Chennai North,"Municipal grievance reported: Boundary wall plaster cracking near municipal office enclosure. (Ref Ward-5, Chennai North)",Public Infrastructure Damage,infrastructure,DEPT_WORKS,Chennai North,Ward-5,MEDIUM,3,3,20.28,2026-08-19T14:00:00Z
CP-SEV-01518,Severe storm water logging blocking street access in Avadi,"Urgent attention requested: Rainwater logging knee-deep across entire street blocking vehicles and shop entrances. (Ref Ward-109, Avadi)",Drainage & Sewage Overflow,drainage,DEPT_DRAINAGE,Avadi,Ward-109,HIGH,35,5,61.73,2026-08-21T10:00:00Z
CP-SEV-01998,Single streetlight non-functional on residential lane in Chennai North,"Municipal grievance reported: Sodium streetlight bulb fused outside house no 42 on quiet residential road. (Ref Ward-24, Chennai North)",Streetlights & Electrical Hazards,streetlights,DEPT_LIGHTING,Chennai North,Ward-24,MEDIUM,2,2,20.64,2026-08-06T15:00:00Z
CP-SEV-00162,Moderate pothole on residential lane in Tambaram,"Citizen report from Pothole approximately 1 foot wide causing discomfort for two-wheelers in neighborhood street. (Ref Ward-78, Tambaram)",Road Damage & Potholes,roads,DEPT_ROADS,Tambaram,Ward-78,MEDIUM,6,2,4.8,2026-08-13T17:00:00Z
CP-SEV-03902,Large fallen tree trunk blocking entire avenue in Avadi,"Field inspection notice: Heavy gulmohar tree uprooted during storm completely blocking two-lane avenue. (Ref Ward-3, Avadi)",Other / General Municipal Operations,other,DEPT_GENERAL,Avadi,Ward-3,HIGH,21,14,64.45,2026-08-03T13:00:00Z
CP-SEV-03996,Stray dog pack menace creating panic near market in Chennai Central,"Pack of aggressive stray dogs barking and chasing two-wheelers near market. (Ref Ward-181, Chennai Central)",Other / General Municipal Operations,other,DEPT_GENERAL,Chennai Central,Ward-181,HIGH,42,15,88.23,2026-08-22T12:00:00Z
CP-SEV-03095,Minor scratch on public park bench in Chennai South,"Urgent attention requested: Wooden bench slat scratched in public garden. (Ref Ward-78, Chennai South)",Public Infrastructure Damage,infrastructure,DEPT_WORKS,Chennai South,Ward-78,LOW,3,3,40.38,2026-08-04T08:00:00Z
CP-SEV-02756,Large uncollected garbage dump overflowing onto main road in Tambaram,"Citizen report from Massive multi-ton waste pile spilling onto main road lane causing traffic blockage and stench. (Ref Ward-29, Tambaram)",Garbage & Waste Disposal,garbage,DEPT_SANITATION,Tambaram,Ward-29,HIGH,27,4,87.13,2026-08-22T13:00:00Z
CP-SEV-01591,Overflowing sewage drain on market street in Chennai Central,"Sewage drain overflowing onto commercial market footpath creating foul health hazard. (Ref Ward-161, Chennai Central)",Drainage & Sewage Overflow,drainage,DEPT_DRAINAGE,Chennai Central,Ward-161,HIGH,35,4,86.76,2026-08-08T13:00:00Z
CP-SEV-02361,Electrical transformer explosion emitting fire and smoke in Chennai North,"Municipal grievance reported: Street transformer exploded emitting fire sparks and thick black smoke near crowded apartments. (Ref Ward-165, Chennai North)",Streetlights & Electrical Hazards,streetlights,DEPT_LIGHTING,Chennai North,Ward-165,CRITICAL,20,10,84.04,2026-08-02T16:00:00Z
CP-SEV-00575,Main bridge approach road cracked and collapsing in Chennai Central,"Municipal grievance reported: Approach embankment of river bridge severely cracked and caving in during peak traffic. (Ref Ward-80, Chennai Central)",Road Damage & Potholes,roads,DEPT_ROADS,Chennai Central,Ward-80,CRITICAL,31,14,81.33,2026-08-04T11:00:00Z
CP-SEV-03459,Imminent structural collapse of busy flyover bridge pillar in Chennai South,"Load-bearing concrete pillar of busy traffic flyover cracked with large concrete blocks falling onto road below. (Ref Ward-86, Chennai South)",Public Infrastructure Damage,infrastructure,DEPT_WORKS,Chennai South,Ward-86,CRITICAL,40,15,63.48,2026-08-27T12:00:00Z
CP-SEV-02919,Toxic biohazardous medical waste burning near residential area in Kanchipuram,"Illegal dump of hospital syringes and chemical waste set on fire emitting toxic fumes into homes. (Ref Ward-152, Kanchipuram)",Garbage & Waste Disposal,garbage,DEPT_SANITATION,Kanchipuram,Ward-152,CRITICAL,18,10,75.58,2026-08-04T17:00:00Z
CP-SEV-03511,Imminent structural collapse of busy flyover bridge pillar in Tambaram,"Field inspection notice: Load-bearing concrete pillar of busy traffic flyover cracked with large concrete blocks falling onto road below. (Ref Ward-66, Tambaram)",Public Infrastructure Damage,infrastructure,DEPT_WORKS,Tambaram,Ward-66,CRITICAL,35,7,85.6,2026-08-17T18:00:00Z
CP-SEV-03955,Large fallen tree trunk blocking entire avenue in Chennai Central,"Citizen report from Heavy gulmohar tree uprooted during storm completely blocking two-lane avenue. (Ref Ward-29, Chennai Central)",Other / General Municipal Operations,other,DEPT_GENERAL,Chennai Central,Ward-29,HIGH,23,7,77.42,2026-08-17T08:00:00Z
CP-SEV-03588,Municipal hall roof slab collapse hazard in Tiruvallur,"Heavy concrete ceiling slab sagging and crumbling over crowded public waiting hall. (Ref Ward-114, Tiruvallur)",Public Infrastructure Damage,infrastructure,DEPT_WORKS,Tiruvallur,Ward-114,CRITICAL,0,8,56.19,2026-08-15T17:00:00Z
CP-SEV-00554,Main bridge approach road cracked and collapsing in Chennai North,"Approach embankment of river bridge severely cracked and caving in during peak traffic. (Ref Ward-101, Chennai North)",Road Damage & Potholes,roads,DEPT_ROADS,Chennai North,Ward-101,CRITICAL,35,14,72.09,2026-08-02T13:00:00Z
CP-SEV-02788,Animal carcasses dumped openly near residential layout in Tiruvallur,"Municipal grievance reported: Decomposed animal waste dumped near residential colony causing intense stench and flies. (Ref Ward-34, Tiruvallur)",Garbage & Waste Disposal,garbage,DEPT_SANITATION,Tiruvallur,Ward-34,HIGH,33,10,58.83,2026-08-24T08:00:00Z
CP-SEV-03922,Large fallen tree trunk blocking entire avenue in Tiruvallur,"Heavy gulmohar tree uprooted during storm completely blocking two-lane avenue. (Ref Ward-73, Tiruvallur)",Other / General Municipal Operations,other,DEPT_GENERAL,Tiruvallur,Ward-73,HIGH,44,13,79.78,2026-08-05T14:00:00Z
CP-SEV-03508,Imminent structural collapse of busy flyover bridge pillar in Chennai Central,"Field inspection notice: Load-bearing concrete pillar of busy traffic flyover cracked with large concrete blocks falling onto road below. (Ref Ward-29, Chennai Central)",Public Infrastructure Damage,infrastructure,DEPT_WORKS,Chennai Central,Ward-29,CRITICAL,2,3,54.76,2026-08-19T18:00:00Z
CP-SEV-00912,Main municipal water supply pipeline burst in Kanchipuram,"Citizen report from Main feeder pipe burst flooding street and leaving 500 households without water for 24h. (Ref Ward-75, Kanchipuram)",Water Supply Contamination / Burst,water,DEPT_WATER,Kanchipuram,Ward-75,HIGH,0,2,51.08,2026-08-21T20:00:00Z
CP-SEV-03187,Damaged metal traffic guard rail in Tiruvallur,"Citizen report from Galvanized iron traffic barrier bent after minor vehicle impact near bus stand. (Ref Ward-175, Tiruvallur)",Public Infrastructure Damage,infrastructure,DEPT_WORKS,Tiruvallur,Ward-175,MEDIUM,2,1,13.91,2026-08-11T15:00:00Z
CP-SEV-01671,Underground sewage main explosion flooding hospital basement in Chennai South,"Main sewage trunk line ruptured flooding hospital basement and ground floor with raw sewage. (Ref Ward-108, Chennai South)",Drainage & Sewage Overflow,drainage,DEPT_DRAINAGE,Chennai South,Ward-108,CRITICAL,10,10,66.99,2026-08-12T11:00:00Z
CP-SEV-03616,Tree branch overhanging private wall in Tambaram,"Citizen report from Small tree branch extending over compound wall without immediate blockage. (Ref Ward-42, Tambaram)",Other / General Municipal Operations,other,DEPT_GENERAL,Tambaram,Ward-42,LOW,6,1,6.91,2026-08-26T12:00:00Z
CP-SEV-00640,Slight water pressure decrease in morning tap in Avadi,"Municipal tap water pressure is slightly lower than usual during morning supply hours. (Ref Ward-58, Avadi)",Water Supply Contamination / Burst,water,DEPT_WATER,Avadi,Ward-58,LOW,10,2,18.15,2026-08-08T09:00:00Z
CP-SEV-02117,Entire street dark due to multiple streetlight failure in Kanchipuram,"All 15 streetlights out on main connecting road creating dark zone and safety hazard for commuters. (Ref Ward-20, Kanchipuram)",Streetlights & Electrical Hazards,streetlights,DEPT_LIGHTING,Kanchipuram,Ward-20,HIGH,5,9,85.13,2026-08-18T10:00:00Z
CP-SEV-02065,Streetlight timer misconfigured turning off early in Tambaram,"Field inspection notice: Streetlights turning off 1 hour before sunrise in neighborhood layout. (Ref Ward-182, Tambaram)",Streetlights & Electrical Hazards,streetlights,DEPT_LIGHTING,Tambaram,Ward-182,MEDIUM,3,2,15.41,2026-08-23T15:00:00Z
CP-SEV-00126,Small stone gravel loose on roadside margin in Kanchipuram,"Citizen report from Loose gravel scattered near street corner after minor maintenance. (Ref Ward-151, Kanchipuram)",Road Damage & Potholes,roads,DEPT_ROADS,Kanchipuram,Ward-151,LOW,6,1,24.51,2026-08-21T10:00:00Z
CP-SEV-00942,Main municipal water supply pipeline burst in Chennai Central,"Citizen report from Main feeder pipe burst flooding street and leaving 500 households without water for 24h. (Ref Ward-101, Chennai Central)",Water Supply Contamination / Burst,water,DEPT_WATER,Chennai Central,Ward-101,HIGH,44,15,79.93,2026-08-26T13:00:00Z
CP-SEV-01833,Single decorative garden light dim in public park in Chennai North,"Citizen report from Pedestrian walkway lamp shade slightly dusty and dim in municipal park. (Ref Ward-61, Chennai North)",Streetlights & Electrical Hazards,streetlights,DEPT_LIGHTING,Chennai North,Ward-61,LOW,1,3,0.45,2026-08-14T19:00:00Z
CP-SEV-03620,Tree branch overhanging private wall in Kanchipuram,"Small tree branch extending over compound wall without immediate blockage. (Ref Ward-124, Kanchipuram)",Other / General Municipal Operations,other,DEPT_GENERAL,Kanchipuram,Ward-124,LOW,10,1,21.65,2026-08-24T08:00:00Z
CP-SEV-03040,Faded street name sign board in Kanchipuram,"Urgent attention requested: Municipal street sign board paint faded near junction. (Ref Ward-145, Kanchipuram)",Public Infrastructure Damage,infrastructure,DEPT_WORKS,Kanchipuram,Ward-145,LOW,7,3,44.78,2026-08-22T18:00:00Z
CP-SEV-01376,Localized clogged street drain causing puddle in Kanchipuram,"Municipal grievance reported: Street drain inlet blocked with debris causing minor water pooling after rain. (Ref Ward-85, Kanchipuram)",Drainage & Sewage Overflow,drainage,DEPT_DRAINAGE,Kanchipuram,Ward-85,MEDIUM,4,3,36.7,2026-08-22T12:00:00Z
CP-SEV-01029,Brownish muddy water in residential supply line in Tambaram,"Citizen report from Tap water coming contaminated with mud and silt across entire street layout. (Ref Ward-46, Tambaram)",Water Supply Contamination / Burst,water,DEPT_WATER,Tambaram,Ward-46,HIGH,42,15,51.94,2026-08-21T13:00:00Z
CP-SEV-01268,Dry leaves covering roadside drain grate in Avadi,"Municipal grievance reported: Accumulation of dry fallen leaves over storm drain inlet grate. (Ref Ward-139, Avadi)",Drainage & Sewage Overflow,drainage,DEPT_DRAINAGE,Avadi,Ward-139,LOW,3,1,23.03,2026-08-10T16:00:00Z
CP-SEV-01688,Underground sewage main explosion flooding hospital basement in Tambaram,"Main sewage trunk line ruptured flooding hospital basement and ground floor with raw sewage. (Ref Ward-82, Tambaram)",Drainage & Sewage Overflow,drainage,DEPT_DRAINAGE,Tambaram,Ward-82,CRITICAL,10,7,60.39,2026-08-23T20:00:00Z
CP-SEV-00279,Uneven road paver block near bus stop in Chennai Central,"Field inspection notice: Interlocking paver blocks displaced near local bus shelter area. (Ref Ward-178, Chennai Central)",Road Damage & Potholes,roads,DEPT_ROADS,Chennai Central,Ward-178,MEDIUM,3,1,6.11,2026-08-03T15:00:00Z
CP-SEV-02110,Entire street dark due to multiple streetlight failure in Avadi,"Municipal grievance reported: All 15 streetlights out on main connecting road creating dark zone and safety hazard for commuters. (Ref Ward-136, Avadi)",Streetlights & Electrical Hazards,streetlights,DEPT_LIGHTING,Avadi,Ward-136,HIGH,44,1,56.32,2026-08-25T09:00:00Z
CP-SEV-00319,Deep pothole causing vehicle damage and traffic blockage in Kanchipuram,"Citizen report from Dangerous deep crater on main road damaging car tires and causing traffic congestion. (Ref Ward-16, Kanchipuram)",Road Damage & Potholes,roads,DEPT_ROADS,Kanchipuram,Ward-16,HIGH,33,4,75.24,2026-08-22T15:00:00Z
CP-SEV-00752,Localized water supply line leakage in Chennai North,"Municipal grievance reported: Drinking water pipeline leaking small stream of clean water on roadside near residential building. (Ref Ward-129, Chennai North)",Water Supply Contamination / Burst,water,DEPT_WATER,Chennai North,Ward-129,MEDIUM,5,1,36.13,2026-08-09T16:00:00Z
CP-SEV-02751,Large uncollected garbage dump overflowing onto main road in Chennai South,"Massive multi-ton waste pile spilling onto main road lane causing traffic blockage and stench. (Ref Ward-145, Chennai South)",Garbage & Waste Disposal,garbage,DEPT_SANITATION,Chennai South,Ward-145,HIGH,4,13,85.0,2026-08-01T14:00:00Z
CP-SEV-03696,Faded ward boundary map in Tiruvallur,"Urgent attention requested: Public information board map faded at zonal office. (Ref Ward-45, Tiruvallur)",Other / General Municipal Operations,other,DEPT_GENERAL,Tiruvallur,Ward-45,LOW,8,2,17.91,2026-08-05T18:00:00Z
CP-SEV-02160,Entire street dark due to multiple streetlight failure in Avadi,"Urgent attention requested: All 15 streetlights out on main connecting road creating dark zone and safety hazard for commuters. (Ref Ward-33, Avadi)",Streetlights & Electrical Hazards,streetlights,DEPT_LIGHTING,Avadi,Ward-33,HIGH,14,8,87.35,2026-08-04T16:00:00Z
CP-SEV-03713,Faded ward boundary map in Avadi,"Citizen report from Public information board map faded at zonal office. (Ref Ward-84, Avadi)",Other / General Municipal Operations,other,DEPT_GENERAL,Avadi,Ward-84,LOW,7,1,8.99,2026-08-14T09:00:00Z
CP-SEV-03009,Faded street name sign board in Tiruvallur,"Citizen report from Municipal street sign board paint faded near junction. (Ref Ward-137, Tiruvallur)",Public Infrastructure Damage,infrastructure,DEPT_WORKS,Tiruvallur,Ward-137,LOW,8,2,30.98,2026-08-16T17:00:00Z
CP-SEV-02559,Uncleared garbage dump accumulating for 3 days in Avadi,"Municipal grievance reported: Municipal green bin overflowing with household waste uncleared for 72 hours. (Ref Ward-141, Avadi)",Garbage & Waste Disposal,garbage,DEPT_SANITATION,Avadi,Ward-141,MEDIUM,8,2,2.0,2026-08-11T08:00:00Z
CP-SEV-04077,Rabid stray dog pack actively biting children outside school gate in Kanchipuram,"Citizen report from Multiple children bitten and injured by aggressive rabid dog pack near school entrance. (Ref Ward-122, Kanchipuram)",Other / General Municipal Operations,other,DEPT_GENERAL,Kanchipuram,Ward-122,CRITICAL,17,11,75.78,2026-08-21T18:00:00Z
CP-SEV-00025,Minor cosmetic paint peeling on speed breaker in Kanchipuram,"Urgent attention requested: Faded paint on speed bump near residential lane, requires routine repaint. (Ref Ward-125, Kanchipuram)",Road Damage & Potholes,roads,DEPT_ROADS,Kanchipuram,Ward-125,LOW,8,1,5.78,2026-08-16T16:00:00Z
CP-SEV-00847,Water supply timing delayed by 2 hours in Chennai South,"Morning municipal water supply delayed by two hours without advance notice. (Ref Ward-84, Chennai South)",Water Supply Contamination / Burst,water,DEPT_WATER,Chennai South,Ward-84,MEDIUM,3,1,2.27,2026-08-24T14:00:00Z
CP-SEV-02526,Public dustbin lid missing in Tambaram,"Municipal grievance reported: Plastic dustbin lid missing at street corner bin. (Ref Ward-70, Tambaram)",Garbage & Waste Disposal,garbage,DEPT_SANITATION,Tambaram,Ward-70,LOW,8,2,22.45,2026-08-24T14:00:00Z
CP-SEV-00227,Uneven road paver block near bus stop in Avadi,"Interlocking paver blocks displaced near local bus shelter area. (Ref Ward-153, Avadi)",Road Damage & Potholes,roads,DEPT_ROADS,Avadi,Ward-153,MEDIUM,6,2,26.11,2026-08-26T19:00:00Z
CP-SEV-02120,Entire street dark due to multiple streetlight failure in Kanchipuram,"Urgent attention requested: All 15 streetlights out on main connecting road creating dark zone and safety hazard for commuters. (Ref Ward-85, Kanchipuram)",Streetlights & Electrical Hazards,streetlights,DEPT_LIGHTING,Kanchipuram,Ward-85,HIGH,11,11,75.89,2026-08-15T16:00:00Z
CP-SEV-01630,Overflowing sewage drain on market street in Tambaram,"Citizen report from Sewage drain overflowing onto commercial market footpath creating foul health hazard. (Ref Ward-33, Tambaram)",Drainage & Sewage Overflow,drainage,DEPT_DRAINAGE,Tambaram,Ward-33,HIGH,25,10,52.52,2026-08-13T10:00:00Z
CP-SEV-02907,Toxic biohazardous medical waste burning near residential area in Chennai North,"Field inspection notice: Illegal dump of hospital syringes and chemical waste set on fire emitting toxic fumes into homes. (Ref Ward-69, Chennai North)",Garbage & Waste Disposal,garbage,DEPT_SANITATION,Chennai North,Ward-69,CRITICAL,26,7,54.51,2026-08-11T18:00:00Z
CP-SEV-01405,Localized clogged street drain causing puddle in Kanchipuram,"Field inspection notice: Street drain inlet blocked with debris causing minor water pooling after rain. (Ref Ward-178, Kanchipuram)",Drainage & Sewage Overflow,drainage,DEPT_DRAINAGE,Kanchipuram,Ward-178,MEDIUM,6,2,33.57,2026-08-28T11:00:00Z
CP-SEV-00295,Uneven road paver block near bus stop in Tambaram,"Field inspection notice: Interlocking paver blocks displaced near local bus shelter area. (Ref Ward-63, Tambaram)",Road Damage & Potholes,roads,DEPT_ROADS,Tambaram,Ward-63,MEDIUM,4,2,3.28,2026-08-02T10:00:00Z
CP-SEV-01159,Complete water outage in hospital ward for 48 hours in Kanchipuram,"Citizen report from Zero water supply in municipal hospital premises for two days, threatening patient emergency operations. (Ref Ward-154, Kanchipuram)",Water Supply Contamination / Burst,water,DEPT_WATER,Kanchipuram,Ward-154,CRITICAL,25,4,55.11,2026-08-07T08:00:00Z
CP-SEV-02701,Large uncollected garbage dump overflowing onto main road in Tambaram,"Field inspection notice: Massive multi-ton waste pile spilling onto main road lane causing traffic blockage and stench. (Ref Ward-136, Tambaram)",Garbage & Waste Disposal,garbage,DEPT_SANITATION,Tambaram,Ward-136,HIGH,21,14,51.19,2026-08-05T20:00:00Z
CP-SEV-00857,Water supply timing delayed by 2 hours in Tiruvallur,"Urgent attention requested: Morning municipal water supply delayed by two hours without advance notice. (Ref Ward-187, Tiruvallur)",Water Supply Contamination / Burst,water,DEPT_WATER,Tiruvallur,Ward-187,MEDIUM,1,3,2.45,2026-08-20T10:00:00Z
CP-SEV-03091,Minor scratch on public park bench in Chennai North,"Municipal grievance reported: Wooden bench slat scratched in public garden. (Ref Ward-113, Chennai North)",Public Infrastructure Damage,infrastructure,DEPT_WORKS,Chennai North,Ward-113,LOW,0,2,4.5,2026-08-15T19:00:00Z
CP-SEV-02012,Single streetlight non-functional on residential lane in Tiruvallur,"Citizen report from Sodium streetlight bulb fused outside house no 42 on quiet residential road. (Ref Ward-4, Tiruvallur)",Streetlights & Electrical Hazards,streetlights,DEPT_LIGHTING,Tiruvallur,Ward-4,MEDIUM,5,1,25.86,2026-08-13T18:00:00Z
CP-SEV-03634,Tree branch overhanging private wall in Chennai North,"Citizen report from Small tree branch extending over compound wall without immediate blockage. (Ref Ward-81, Chennai North)",Other / General Municipal Operations,other,DEPT_GENERAL,Chennai North,Ward-81,LOW,10,3,33.2,2026-08-14T15:00:00Z
CP-SEV-00400,Uncovered manhole trench on main avenue in Tambaram,"Urgent attention requested: Road cut open for cable laying left open without barricades on major avenue. (Ref Ward-60, Tambaram)",Road Damage & Potholes,roads,DEPT_ROADS,Tambaram,Ward-60,HIGH,21,10,84.61,2026-08-20T14:00:00Z
CP-SEV-01098,Toxic chemical effluent mixing into drinking water supply in Chennai South,"Citizen report from Industrial chemical sewage leaking directly into municipal drinking pipeline, causing severe illness. (Ref Ward-197, Chennai South)",Water Supply Contamination / Burst,water,DEPT_WATER,Chennai South,Ward-197,CRITICAL,6,10,83.87,2026-08-18T13:00:00Z
CP-SEV-03860,Overgrown grass near roadside footway in Tiruvallur,"Field inspection notice: Wild grass growing along sidewalk margin. (Ref Ward-143, Tiruvallur)",Other / General Municipal Operations,other,DEPT_GENERAL,Tiruvallur,Ward-143,MEDIUM,0,1,40.81,2026-08-17T14:00:00Z
CP-SEV-03005,Faded street name sign board in Chennai Central,"Citizen report from Municipal street sign board paint faded near junction. (Ref Ward-160, Chennai Central)",Public Infrastructure Damage,infrastructure,DEPT_WORKS,Chennai Central,Ward-160,LOW,5,1,39.65,2026-08-01T08:00:00Z
CP-SEV-02730,Large uncollected garbage dump overflowing onto main road in Avadi,"Citizen report from Massive multi-ton waste pile spilling onto main road lane causing traffic blockage and stench. (Ref Ward-156, Avadi)",Garbage & Waste Disposal,garbage,DEPT_SANITATION,Avadi,Ward-156,HIGH,20,11,79.81,2026-08-12T18:00:00Z
CP-SEV-03288,Cracked plaster on municipal wall in Chennai South,"Field inspection notice: Boundary wall plaster cracking near municipal office enclosure. (Ref Ward-138, Chennai South)",Public Infrastructure Damage,infrastructure,DEPT_WORKS,Chennai South,Ward-138,MEDIUM,2,3,21.11,2026-08-05T13:00:00Z
CP-SEV-02517,Public dustbin lid missing in Chennai Central,"Field inspection notice: Plastic dustbin lid missing at street corner bin. (Ref Ward-170, Chennai Central)",Garbage & Waste Disposal,garbage,DEPT_SANITATION,Chennai Central,Ward-170,LOW,10,2,6.48,2026-08-25T11:00:00Z
CP-SEV-01586,Overflowing sewage drain on market street in Chennai Central,"Citizen report from Sewage drain overflowing onto commercial market footpath creating foul health hazard. (Ref Ward-14, Chennai Central)",Drainage & Sewage Overflow,drainage,DEPT_DRAINAGE,Chennai Central,Ward-14,HIGH,13,9,55.23,2026-08-21T13:00:00Z
CP-SEV-00349,Deep pothole causing vehicle damage and traffic blockage in Chennai North,"Field inspection notice: Dangerous deep crater on main road damaging car tires and causing traffic congestion. (Ref Ward-131, Chennai North)",Road Damage & Potholes,roads,DEPT_ROADS,Chennai North,Ward-131,HIGH,3,8,55.94,2026-08-14T15:00:00Z
CP-SEV-01303,Slight odor from storm water drain inlet in Avadi,"Urgent attention requested: Mild stagnant smell from open storm drain during hot afternoon. (Ref Ward-99, Avadi)",Drainage & Sewage Overflow,drainage,DEPT_DRAINAGE,Avadi,Ward-99,LOW,4,1,14.33,2026-08-18T14:00:00Z
CP-SEV-00245,Uneven road paver block near bus stop in Chennai Central,"Field inspection notice: Interlocking paver blocks displaced near local bus shelter area. (Ref Ward-200, Chennai Central)",Road Damage & Potholes,roads,DEPT_ROADS,Chennai Central,Ward-200,MEDIUM,8,3,18.84,2026-08-06T11:00:00Z
CP-SEV-01609,Overflowing sewage drain on market street in Tambaram,"Municipal grievance reported: Sewage drain overflowing onto commercial market footpath creating foul health hazard. (Ref Ward-39, Tambaram)",Drainage & Sewage Overflow,drainage,DEPT_DRAINAGE,Tambaram,Ward-39,HIGH,39,14,62.92,2026-08-04T12:00:00Z
CP-SEV-03394,Public footbridge steps broken in Chennai Central,"Municipal grievance reported: Concrete steps on pedestrian footbridge cracked with exposed rusty iron rebar. (Ref Ward-187, Chennai Central)",Public Infrastructure Damage,infrastructure,DEPT_WORKS,Chennai Central,Ward-187,HIGH,13,2,57.48,2026-08-27T17:00:00Z
CP-SEV-02407,Small litter paper cups near park bench in Chennai South,"Citizen report from Few discarded tea cups scattered around park bench area. (Ref Ward-190, Chennai South)",Garbage & Waste Disposal,garbage,DEPT_SANITATION,Chennai South,Ward-190,LOW,10,3,35.45,2026-08-16T09:00:00Z
CP-SEV-03806,Stray cattle roaming on residential street in Tambaram,"Stray cows sitting on residential lane causing minor vehicle slowness. (Ref Ward-38, Tambaram)",Other / General Municipal Operations,other,DEPT_GENERAL,Tambaram,Ward-38,MEDIUM,1,2,33.35,2026-08-22T11:00:00Z
CP-SEV-02930,Massive garbage barrier blocking emergency hospital ambulance entrance in Avadi,"Field inspection notice: Rotting garbage pile collapsed across hospital gate preventing emergency ambulance access. (Ref Ward-96, Avadi)",Garbage & Waste Disposal,garbage,DEPT_SANITATION,Avadi,Ward-96,CRITICAL,0,9,57.77,2026-08-26T08:00:00Z
CP-SEV-03453,Imminent structural collapse of busy flyover bridge pillar in Chennai North,"Municipal grievance reported: Load-bearing concrete pillar of busy traffic flyover cracked with large concrete blocks falling onto road below. (Ref Ward-98, Chennai North)",Public Infrastructure Damage,infrastructure,DEPT_WORKS,Chennai North,Ward-98,CRITICAL,15,7,93.04,2026-08-20T08:00:00Z
CP-SEV-03841,Overgrown grass near roadside footway in Avadi,"Urgent attention requested: Wild grass growing along sidewalk margin. (Ref Ward-139, Avadi)",Other / General Municipal Operations,other,DEPT_GENERAL,Avadi,Ward-139,MEDIUM,2,2,14.48,2026-08-20T19:00:00Z
CP-SEV-00080,Small stone gravel loose on roadside margin in Avadi,"Loose gravel scattered near street corner after minor maintenance. (Ref Ward-185, Avadi)",Road Damage & Potholes,roads,DEPT_ROADS,Avadi,Ward-185,LOW,6,3,20.07,2026-08-06T19:00:00Z
CP-SEV-00381,Uncovered manhole trench on main avenue in Kanchipuram,"Field inspection notice: Road cut open for cable laying left open without barricades on major avenue. (Ref Ward-126, Kanchipuram)",Road Damage & Potholes,roads,DEPT_ROADS,Kanchipuram,Ward-126,HIGH,10,12,85.77,2026-08-06T10:00:00Z
CP-SEV-02388,Electrical transformer explosion emitting fire and smoke in Chennai Central,"Municipal grievance reported: Street transformer exploded emitting fire sparks and thick black smoke near crowded apartments. (Ref Ward-37, Chennai Central)",Streetlights & Electrical Hazards,streetlights,DEPT_LIGHTING,Chennai Central,Ward-37,CRITICAL,29,15,91.95,2026-08-26T11:00:00Z
CP-SEV-01719,Underground sewage main explosion flooding hospital basement in Chennai North,"Field inspection notice: Main sewage trunk line ruptured flooding hospital basement and ground floor with raw sewage. (Ref Ward-71, Chennai North)",Drainage & Sewage Overflow,drainage,DEPT_DRAINAGE,Chennai North,Ward-71,CRITICAL,7,2,70.38,2026-08-20T13:00:00Z
CP-SEV-03088,Minor scratch on public park bench in Chennai South,"Field inspection notice: Wooden bench slat scratched in public garden. (Ref Ward-47, Chennai South)",Public Infrastructure Damage,infrastructure,DEPT_WORKS,Chennai South,Ward-47,LOW,5,3,16.08,2026-08-02T08:00:00Z
CP-SEV-02130,Entire street dark due to multiple streetlight failure in Tambaram,"Field inspection notice: All 15 streetlights out on main connecting road creating dark zone and safety hazard for commuters. (Ref Ward-13, Tambaram)",Streetlights & Electrical Hazards,streetlights,DEPT_LIGHTING,Tambaram,Ward-13,HIGH,28,7,58.94,2026-08-25T14:00:00Z
CP-SEV-03472,Imminent structural collapse of busy flyover bridge pillar in Tambaram,"Municipal grievance reported: Load-bearing concrete pillar of busy traffic flyover cracked with large concrete blocks falling onto road below. (Ref Ward-167, Tambaram)",Public Infrastructure Damage,infrastructure,DEPT_WORKS,Tambaram,Ward-167,CRITICAL,32,4,82.95,2026-08-07T14:00:00Z
CP-SEV-01546,Severe storm water logging blocking street access in Avadi,"Urgent attention requested: Rainwater logging knee-deep across entire street blocking vehicles and shop entrances. (Ref Ward-125, Avadi)",Drainage & Sewage Overflow,drainage,DEPT_DRAINAGE,Avadi,Ward-125,HIGH,22,1,77.7,2026-08-11T12:00:00Z
CP-SEV-01111,Toxic chemical effluent mixing into drinking water supply in Chennai North,"Industrial chemical sewage leaking directly into municipal drinking pipeline, causing severe illness. (Ref Ward-32, Chennai North)",Water Supply Contamination / Burst,water,DEPT_WATER,Chennai North,Ward-32,CRITICAL,13,10,90.55,2026-08-06T18:00:00Z
CP-SEV-01985,Single streetlight non-functional on residential lane in Tiruvallur,"Citizen report from Sodium streetlight bulb fused outside house no 42 on quiet residential road. (Ref Ward-162, Tiruvallur)",Streetlights & Electrical Hazards,streetlights,DEPT_LIGHTING,Tiruvallur,Ward-162,MEDIUM,0,3,17.36,2026-08-18T17:00:00Z
CP-SEV-01483,Small open drainage chamber cover displaced in Chennai South,"Field inspection notice: Concrete cover slab of small side drain displaced by 2 inches. (Ref Ward-81, Chennai South)",Drainage & Sewage Overflow,drainage,DEPT_DRAINAGE,Chennai South,Ward-81,MEDIUM,9,3,0.08,2026-08-02T17:00:00Z
CP-SEV-01444,Small open drainage chamber cover displaced in Chennai Central,"Field inspection notice: Concrete cover slab of small side drain displaced by 2 inches. (Ref Ward-99, Chennai Central)",Drainage & Sewage Overflow,drainage,DEPT_DRAINAGE,Chennai Central,Ward-99,MEDIUM,4,3,44.44,2026-08-03T14:00:00Z
CP-SEV-01129,Complete water outage in hospital ward for 48 hours in Chennai South,"Citizen report from Zero water supply in municipal hospital premises for two days, threatening patient emergency operations. (Ref Ward-161, Chennai South)",Water Supply Contamination / Burst,water,DEPT_WATER,Chennai South,Ward-161,CRITICAL,1,2,83.2,2026-08-27T09:00:00Z
CP-SEV-00818,Localized water supply line leakage in Kanchipuram,"Municipal grievance reported: Drinking water pipeline leaking small stream of clean water on roadside near residential building. (Ref Ward-120, Kanchipuram)",Water Supply Contamination / Burst,water,DEPT_WATER,Kanchipuram,Ward-120,MEDIUM,9,3,7.22,2026-08-17T10:00:00Z
CP-SEV-01872,Single decorative garden light dim in public park in Kanchipuram,"Pedestrian walkway lamp shade slightly dusty and dim in municipal park. (Ref Ward-135, Kanchipuram)",Streetlights & Electrical Hazards,streetlights,DEPT_LIGHTING,Kanchipuram,Ward-135,LOW,7,2,12.11,2026-08-27T17:00:00Z
CP-SEV-02527,Public dustbin lid missing in Chennai North,"Municipal grievance reported: Plastic dustbin lid missing at street corner bin. (Ref Ward-152, Chennai North)",Garbage & Waste Disposal,garbage,DEPT_SANITATION,Chennai North,Ward-152,LOW,4,1,37.08,2026-08-18T11:00:00Z
CP-SEV-00990,Brownish muddy water in residential supply line in Chennai North,"Urgent attention requested: Tap water coming contaminated with mud and silt across entire street layout. (Ref Ward-159, Chennai North)",Water Supply Contamination / Burst,water,DEPT_WATER,Chennai North,Ward-159,HIGH,3,10,79.55,2026-08-27T11:00:00Z
CP-SEV-02932,Massive garbage barrier blocking emergency hospital ambulance entrance in Tiruvallur,"Citizen report from Rotting garbage pile collapsed across hospital gate preventing emergency ambulance access. (Ref Ward-47, Tiruvallur)",Garbage & Waste Disposal,garbage,DEPT_SANITATION,Tiruvallur,Ward-47,CRITICAL,24,10,53.83,2026-08-20T14:00:00Z
CP-SEV-02296,High-voltage 11kV live wire snapped hanging across school gate in Kanchipuram,"Field inspection notice: Sparking live electrical cable hanging at chest height right outside primary school entrance. (Ref Ward-38, Kanchipuram)",Streetlights & Electrical Hazards,streetlights,DEPT_LIGHTING,Kanchipuram,Ward-38,CRITICAL,6,13,51.77,2026-08-13T15:00:00Z
CP-SEV-03041,Faded street name sign board in Tambaram,"Urgent attention requested: Municipal street sign board paint faded near junction. (Ref Ward-158, Tambaram)",Public Infrastructure Damage,infrastructure,DEPT_WORKS,Tambaram,Ward-158,LOW,5,1,16.69,2026-08-19T14:00:00Z
CP-SEV-03039,Faded street name sign board in Tiruvallur,"Municipal street sign board paint faded near junction. (Ref Ward-4, Tiruvallur)",Public Infrastructure Damage,infrastructure,DEPT_WORKS,Tiruvallur,Ward-4,LOW,3,3,19.51,2026-08-18T16:00:00Z
CP-SEV-03939,Large fallen tree trunk blocking entire avenue in Tambaram,"Urgent attention requested: Heavy gulmohar tree uprooted during storm completely blocking two-lane avenue. (Ref Ward-34, Tambaram)",Other / General Municipal Operations,other,DEPT_GENERAL,Tambaram,Ward-34,HIGH,6,7,64.52,2026-08-11T19:00:00Z
CP-SEV-01544,Severe storm water logging blocking street access in Chennai Central,"Municipal grievance reported: Rainwater logging knee-deep across entire street blocking vehicles and shop entrances. (Ref Ward-124, Chennai Central)",Drainage & Sewage Overflow,drainage,DEPT_DRAINAGE,Chennai Central,Ward-124,HIGH,16,4,50.1,2026-08-21T17:00:00Z
CP-SEV-01293,Slight odor from storm water drain inlet in Chennai South,"Mild stagnant smell from open storm drain during hot afternoon. (Ref Ward-159, Chennai South)",Drainage & Sewage Overflow,drainage,DEPT_DRAINAGE,Chennai South,Ward-159,LOW,9,1,43.08,2026-08-17T11:00:00Z
CP-SEV-02581,Uncleared garbage dump accumulating for 3 days in Chennai North,"Citizen report from Municipal green bin overflowing with household waste uncleared for 72 hours. (Ref Ward-116, Chennai North)",Garbage & Waste Disposal,garbage,DEPT_SANITATION,Chennai North,Ward-116,MEDIUM,0,3,15.99,2026-08-22T13:00:00Z
CP-SEV-01204,Dry leaves covering roadside drain grate in Chennai North,"Municipal grievance reported: Accumulation of dry fallen leaves over storm drain inlet grate. (Ref Ward-121, Chennai North)",Drainage & Sewage Overflow,drainage,DEPT_DRAINAGE,Chennai North,Ward-121,LOW,2,3,21.02,2026-08-04T15:00:00Z
CP-SEV-01467,Small open drainage chamber cover displaced in Tiruvallur,"Urgent attention requested: Concrete cover slab of small side drain displaced by 2 inches. (Ref Ward-36, Tiruvallur)",Drainage & Sewage Overflow,drainage,DEPT_DRAINAGE,Tiruvallur,Ward-36,MEDIUM,9,1,39.11,2026-08-09T19:00:00Z
CP-SEV-02982,Massive garbage barrier blocking emergency hospital ambulance entrance in Tambaram,"Field inspection notice: Rotting garbage pile collapsed across hospital gate preventing emergency ambulance access. (Ref Ward-123, Tambaram)",Garbage & Waste Disposal,garbage,DEPT_SANITATION,Tambaram,Ward-123,CRITICAL,19,7,56.05,2026-08-11T17:00:00Z
CP-SEV-04152,Chemical gas leak from abandoned industrial cylinder in Chennai Central,"Urgent attention requested: Pungent chemical gas leaking from abandoned cylinder causing eye irritation and breathing panic in colony. (Ref Ward-24, Chennai Central)",Other / General Municipal Operations,other,DEPT_GENERAL,Chennai Central,Ward-24,CRITICAL,35,5,70.36,2026-08-26T09:00:00Z
CP-SEV-02541,Public dustbin lid missing in Tiruvallur,"Citizen report from Plastic dustbin lid missing at street corner bin. (Ref Ward-67, Tiruvallur)",Garbage & Waste Disposal,garbage,DEPT_SANITATION,Tiruvallur,Ward-67,LOW,10,3,23.17,2026-08-16T17:00:00Z
CP-SEV-03658,Tree branch overhanging private wall in Tambaram,"Small tree branch extending over compound wall without immediate blockage. (Ref Ward-43, Tambaram)",Other / General Municipal Operations,other,DEPT_GENERAL,Tambaram,Ward-43,LOW,10,2,16.02,2026-08-07T17:00:00Z
CP-SEV-02123,Entire street dark due to multiple streetlight failure in Tiruvallur,"All 15 streetlights out on main connecting road creating dark zone and safety hazard for commuters. (Ref Ward-58, Tiruvallur)",Streetlights & Electrical Hazards,streetlights,DEPT_LIGHTING,Tiruvallur,Ward-58,HIGH,43,13,64.7,2026-08-15T18:00:00Z
CP-SEV-02308,High-voltage 11kV live wire snapped hanging across school gate in Tambaram,"Municipal grievance reported: Sparking live electrical cable hanging at chest height right outside primary school entrance. (Ref Ward-10, Tambaram)",Streetlights & Electrical Hazards,streetlights,DEPT_LIGHTING,Tambaram,Ward-10,CRITICAL,44,7,65.1,2026-08-26T16:00:00Z
CP-SEV-02873,Toxic biohazardous medical waste burning near residential area in Avadi,"Citizen report from Illegal dump of hospital syringes and chemical waste set on fire emitting toxic fumes into homes. (Ref Ward-4, Avadi)",Garbage & Waste Disposal,garbage,DEPT_SANITATION,Avadi,Ward-4,CRITICAL,29,11,89.46,2026-08-26T12:00:00Z
CP-SEV-00825,Localized water supply line leakage in Kanchipuram,"Field inspection notice: Drinking water pipeline leaking small stream of clean water on roadside near residential building. (Ref Ward-100, Kanchipuram)",Water Supply Contamination / Burst,water,DEPT_WATER,Kanchipuram,Ward-100,MEDIUM,8,3,31.56,2026-08-09T08:00:00Z
CP-SEV-00750,Minor street tap valve dripping in Avadi,"Municipal grievance reported: Public street tap dripping slowly near community park. (Ref Ward-90, Avadi)",Water Supply Contamination / Burst,water,DEPT_WATER,Avadi,Ward-90,LOW,4,1,27.29,2026-08-07T15:00:00Z
CP-SEV-03125,Minor scratch on public park bench in Kanchipuram,"Municipal grievance reported: Wooden bench slat scratched in public garden. (Ref Ward-151, Kanchipuram)",Public Infrastructure Damage,infrastructure,DEPT_WORKS,Kanchipuram,Ward-151,LOW,9,3,20.87,2026-08-16T10:00:00Z
CP-SEV-02126,Entire street dark due to multiple streetlight failure in Avadi,"Citizen report from All 15 streetlights out on main connecting road creating dark zone and safety hazard for commuters. (Ref Ward-11, Avadi)",Streetlights & Electrical Hazards,streetlights,DEPT_LIGHTING,Avadi,Ward-11,HIGH,34,6,92.96,2026-08-11T13:00:00Z
CP-SEV-02495,Public dustbin lid missing in Chennai South,"Citizen report from Plastic dustbin lid missing at street corner bin. (Ref Ward-137, Chennai South)",Garbage & Waste Disposal,garbage,DEPT_SANITATION,Chennai South,Ward-137,LOW,3,1,14.65,2026-08-06T20:00:00Z
CP-SEV-03635,Tree branch overhanging private wall in Chennai North,"Field inspection notice: Small tree branch extending over compound wall without immediate blockage. (Ref Ward-189, Chennai North)",Other / General Municipal Operations,other,DEPT_GENERAL,Chennai North,Ward-189,LOW,8,3,39.68,2026-08-16T19:00:00Z
CP-SEV-00529,Main bridge approach road cracked and collapsing in Tiruvallur,"Citizen report from Approach embankment of river bridge severely cracked and caving in during peak traffic. (Ref Ward-150, Tiruvallur)",Road Damage & Potholes,roads,DEPT_ROADS,Tiruvallur,Ward-150,CRITICAL,10,2,61.15,2026-08-08T12:00:00Z
CP-SEV-00441,Uncovered manhole trench on main avenue in Tambaram,"Road cut open for cable laying left open without barricades on major avenue. (Ref Ward-108, Tambaram)",Road Damage & Potholes,roads,DEPT_ROADS,Tambaram,Ward-108,HIGH,8,10,67.27,2026-08-06T15:00:00Z
CP-SEV-03287,Cracked plaster on municipal wall in Tiruvallur,"Citizen report from Boundary wall plaster cracking near municipal office enclosure. (Ref Ward-154, Tiruvallur)",Public Infrastructure Damage,infrastructure,DEPT_WORKS,Tiruvallur,Ward-154,MEDIUM,4,1,17.38,2026-08-21T16:00:00Z
CP-SEV-01675,Underground sewage main explosion flooding hospital basement in Chennai North,"Field inspection notice: Main sewage trunk line ruptured flooding hospital basement and ground floor with raw sewage. (Ref Ward-46, Chennai North)",Drainage & Sewage Overflow,drainage,DEPT_DRAINAGE,Chennai North,Ward-46,CRITICAL,27,6,57.96,2026-08-20T10:00:00Z
CP-SEV-01019,Brownish muddy water in residential supply line in Chennai South,"Field inspection notice: Tap water coming contaminated with mud and silt across entire street layout. (Ref Ward-194, Chennai South)",Water Supply Contamination / Burst,water,DEPT_WATER,Chennai South,Ward-194,HIGH,10,12,66.65,2026-08-06T15:00:00Z
CP-SEV-03623,Tree branch overhanging private wall in Kanchipuram,"Citizen report from Small tree branch extending over compound wall without immediate blockage. (Ref Ward-118, Kanchipuram)",Other / General Municipal Operations,other,DEPT_GENERAL,Kanchipuram,Ward-118,LOW,6,1,7.29,2026-08-06T13:00:00Z
CP-SEV-01458,Small open drainage chamber cover displaced in Tiruvallur,"Citizen report from Concrete cover slab of small side drain displaced by 2 inches. (Ref Ward-55, Tiruvallur)",Drainage & Sewage Overflow,drainage,DEPT_DRAINAGE,Tiruvallur,Ward-55,MEDIUM,3,1,33.75,2026-08-26T20:00:00Z
CP-SEV-03772,Stray cattle roaming on residential street in Avadi,"Stray cows sitting on residential lane causing minor vehicle slowness. (Ref Ward-162, Avadi)",Other / General Municipal Operations,other,DEPT_GENERAL,Avadi,Ward-162,MEDIUM,0,3,28.83,2026-08-28T09:00:00Z
CP-SEV-03527,Municipal hall roof slab collapse hazard in Kanchipuram,"Heavy concrete ceiling slab sagging and crumbling over crowded public waiting hall. (Ref Ward-149, Kanchipuram)",Public Infrastructure Damage,infrastructure,DEPT_WORKS,Kanchipuram,Ward-149,CRITICAL,36,12,70.69,2026-08-23T17:00:00Z
CP-SEV-01168,Complete water outage in hospital ward for 48 hours in Chennai South,"Urgent attention requested: Zero water supply in municipal hospital premises for two days, threatening patient emergency operations. (Ref Ward-37, Chennai South)",Water Supply Contamination / Burst,water,DEPT_WATER,Chennai South,Ward-37,CRITICAL,11,4,93.65,2026-08-15T14:00:00Z
CP-SEV-04047,Stray dog pack menace creating panic near market in Avadi,"Municipal grievance reported: Pack of aggressive stray dogs barking and chasing two-wheelers near market. (Ref Ward-1, Avadi)",Other / General Municipal Operations,other,DEPT_GENERAL,Avadi,Ward-1,HIGH,30,13,60.85,2026-08-08T09:00:00Z
CP-SEV-00524,Catastrophic road cave-in and asphalt collapse in Tambaram,"Urgent attention requested: Massive crater opened up on main arterial road causing vehicle overturn and imminent life hazard. (Ref Ward-16, Tambaram)",Road Damage & Potholes,roads,DEPT_ROADS,Tambaram,Ward-16,CRITICAL,17,7,56.18,2026-08-07T18:00:00Z
CP-SEV-02306,High-voltage 11kV live wire snapped hanging across school gate in Kanchipuram,"Municipal grievance reported: Sparking live electrical cable hanging at chest height right outside primary school entrance. (Ref Ward-21, Kanchipuram)",Streetlights & Electrical Hazards,streetlights,DEPT_LIGHTING,Kanchipuram,Ward-21,CRITICAL,35,1,55.88,2026-08-20T08:00:00Z
CP-SEV-03486,Imminent structural collapse of busy flyover bridge pillar in Kanchipuram,"Citizen report from Load-bearing concrete pillar of busy traffic flyover cracked with large concrete blocks falling onto road below. (Ref Ward-55, Kanchipuram)",Public Infrastructure Damage,infrastructure,DEPT_WORKS,Kanchipuram,Ward-55,CRITICAL,26,2,54.85,2026-08-27T17:00:00Z
CP-SEV-00991,Brownish muddy water in residential supply line in Avadi,"Urgent attention requested: Tap water coming contaminated with mud and silt across entire street layout. (Ref Ward-164, Avadi)",Water Supply Contamination / Burst,water,DEPT_WATER,Avadi,Ward-164,HIGH,45,2,53.89,2026-08-20T10:00:00Z
CP-SEV-00152,Moderate pothole on residential lane in Avadi,"Field inspection notice: Pothole approximately 1 foot wide causing discomfort for two-wheelers in neighborhood street. (Ref Ward-178, Avadi)",Road Damage & Potholes,roads,DEPT_ROADS,Avadi,Ward-178,MEDIUM,10,1,38.33,2026-08-28T18:00:00Z
CP-SEV-00285,Uneven road paver block near bus stop in Kanchipuram,"Interlocking paver blocks displaced near local bus shelter area. (Ref Ward-123, Kanchipuram)",Road Damage & Potholes,roads,DEPT_ROADS,Kanchipuram,Ward-123,MEDIUM,6,2,37.05,2026-08-03T10:00:00Z
CP-SEV-00251,Uneven road paver block near bus stop in Kanchipuram,"Citizen report from Interlocking paver blocks displaced near local bus shelter area. (Ref Ward-86, Kanchipuram)",Road Damage & Potholes,roads,DEPT_ROADS,Kanchipuram,Ward-86,MEDIUM,2,1,12.91,2026-08-27T15:00:00Z
CP-SEV-02452,Small litter paper cups near park bench in Avadi,"Field inspection notice: Few discarded tea cups scattered around park bench area. (Ref Ward-125, Avadi)",Garbage & Waste Disposal,garbage,DEPT_SANITATION,Avadi,Ward-125,LOW,9,3,25.21,2026-08-22T17:00:00Z
CP-SEV-01514,Severe storm water logging blocking street access in Chennai Central,"Rainwater logging knee-deep across entire street blocking vehicles and shop entrances. (Ref Ward-169, Chennai Central)",Drainage & Sewage Overflow,drainage,DEPT_DRAINAGE,Chennai Central,Ward-169,HIGH,28,3,75.97,2026-08-23T13:00:00Z
CP-SEV-03538,Municipal hall roof slab collapse hazard in Tambaram,"Citizen report from Heavy concrete ceiling slab sagging and crumbling over crowded public waiting hall. (Ref Ward-114, Tambaram)",Public Infrastructure Damage,infrastructure,DEPT_WORKS,Tambaram,Ward-114,CRITICAL,45,1,54.3,2026-08-18T10:00:00Z
CP-SEV-03029,Faded street name sign board in Chennai Central,"Municipal street sign board paint faded near junction. (Ref Ward-105, Chennai Central)",Public Infrastructure Damage,infrastructure,DEPT_WORKS,Chennai Central,Ward-105,LOW,5,3,35.55,2026-08-02T08:00:00Z
CP-SEV-03553,Municipal hall roof slab collapse hazard in Chennai South,"Municipal grievance reported: Heavy concrete ceiling slab sagging and crumbling over crowded public waiting hall. (Ref Ward-198, Chennai South)",Public Infrastructure Damage,infrastructure,DEPT_WORKS,Chennai South,Ward-198,CRITICAL,19,7,82.64,2026-08-10T18:00:00Z
CP-SEV-01443,Small open drainage chamber cover displaced in Tiruvallur,"Municipal grievance reported: Concrete cover slab of small side drain displaced by 2 inches. (Ref Ward-129, Tiruvallur)",Drainage & Sewage Overflow,drainage,DEPT_DRAINAGE,Tiruvallur,Ward-129,MEDIUM,7,2,41.66,2026-08-13T19:00:00Z
CP-SEV-00707,Minor street tap valve dripping in Kanchipuram,"Citizen report from Public street tap dripping slowly near community park. (Ref Ward-75, Kanchipuram)",Water Supply Contamination / Burst,water,DEPT_WATER,Kanchipuram,Ward-75,LOW,7,3,22.97,2026-08-13T13:00:00Z
CP-SEV-01733,Severe toxic sewage backup into ground floor homes in Tiruvallur,"Field inspection notice: Raw black sewage backing up into toilets and living rooms of 50 houses creating extreme cholera biohazard. (Ref Ward-188, Tiruvallur)",Drainage & Sewage Overflow,drainage,DEPT_DRAINAGE,Tiruvallur,Ward-188,CRITICAL,14,2,61.87,2026-08-10T19:00:00Z
CP-SEV-00661,Slight water pressure decrease in morning tap in Chennai North,"Citizen report from Municipal tap water pressure is slightly lower than usual during morning supply hours. (Ref Ward-98, Chennai North)",Water Supply Contamination / Burst,water,DEPT_WATER,Chennai North,Ward-98,LOW,0,3,2.55,2026-08-09T20:00:00Z
CP-SEV-02481,Public dustbin lid missing in Tiruvallur,"Field inspection notice: Plastic dustbin lid missing at street corner bin. (Ref Ward-179, Tiruvallur)",Garbage & Waste Disposal,garbage,DEPT_SANITATION,Tiruvallur,Ward-179,LOW,2,2,9.32,2026-08-11T13:00:00Z
CP-SEV-02670,Commercial shop waste dumped on sidewalk in Tambaram,"Retail shop cardboard boxes and plastic packaging dumped along footpath. (Ref Ward-155, Tambaram)",Garbage & Waste Disposal,garbage,DEPT_SANITATION,Tambaram,Ward-155,MEDIUM,8,2,27.81,2026-08-26T08:00:00Z
CP-SEV-03034,Faded street name sign board in Chennai Central,"Urgent attention requested: Municipal street sign board paint faded near junction. (Ref Ward-23, Chennai Central)",Public Infrastructure Damage,infrastructure,DEPT_WORKS,Chennai Central,Ward-23,LOW,3,2,0.07,2026-08-15T16:00:00Z
CP-SEV-00479,Catastrophic road cave-in and asphalt collapse in Kanchipuram,"Citizen report from Massive crater opened up on main arterial road causing vehicle overturn and imminent life hazard. (Ref Ward-14, Kanchipuram)",Road Damage & Potholes,roads,DEPT_ROADS,Kanchipuram,Ward-14,CRITICAL,31,7,55.07,2026-08-16T18:00:00Z
CP-SEV-01332,Slight odor from storm water drain inlet in Kanchipuram,"Urgent attention requested: Mild stagnant smell from open storm drain during hot afternoon. (Ref Ward-109, Kanchipuram)",Drainage & Sewage Overflow,drainage,DEPT_DRAINAGE,Kanchipuram,Ward-109,LOW,3,1,7.4,2026-08-10T09:00:00Z
CP-SEV-03560,Municipal hall roof slab collapse hazard in Tambaram,"Field inspection notice: Heavy concrete ceiling slab sagging and crumbling over crowded public waiting hall. (Ref Ward-90, Tambaram)",Public Infrastructure Damage,infrastructure,DEPT_WORKS,Tambaram,Ward-90,CRITICAL,9,14,55.85,2026-08-03T17:00:00Z
CP-SEV-01470,Small open drainage chamber cover displaced in Chennai North,"Municipal grievance reported: Concrete cover slab of small side drain displaced by 2 inches. (Ref Ward-163, Chennai North)",Drainage & Sewage Overflow,drainage,DEPT_DRAINAGE,Chennai North,Ward-163,MEDIUM,0,3,14.65,2026-08-15T11:00:00Z
CP-SEV-02310,High-voltage 11kV live wire snapped hanging across school gate in Chennai Central,"Citizen report from Sparking live electrical cable hanging at chest height right outside primary school entrance. (Ref Ward-142, Chennai Central)",Streetlights & Electrical Hazards,streetlights,DEPT_LIGHTING,Chennai Central,Ward-142,CRITICAL,31,5,62.0,2026-08-15T18:00:00Z
CP-SEV-02998,Massive garbage barrier blocking emergency hospital ambulance entrance in Chennai Central,"Rotting garbage pile collapsed across hospital gate preventing emergency ambulance access. (Ref Ward-198, Chennai Central)",Garbage & Waste Disposal,garbage,DEPT_SANITATION,Chennai Central,Ward-198,CRITICAL,39,13,83.14,2026-08-16T18:00:00Z
CP-SEV-03943,Large fallen tree trunk blocking entire avenue in Tambaram,"Heavy gulmohar tree uprooted during storm completely blocking two-lane avenue. (Ref Ward-87, Tambaram)",Other / General Municipal Operations,other,DEPT_GENERAL,Tambaram,Ward-87,HIGH,26,13,73.89,2026-08-05T12:00:00Z
CP-SEV-02868,Toxic biohazardous medical waste burning near residential area in Tambaram,"Citizen report from Illegal dump of hospital syringes and chemical waste set on fire emitting toxic fumes into homes. (Ref Ward-120, Tambaram)",Garbage & Waste Disposal,garbage,DEPT_SANITATION,Tambaram,Ward-120,CRITICAL,3,2,77.26,2026-08-24T18:00:00Z
CP-SEV-02934,Massive garbage barrier blocking emergency hospital ambulance entrance in Chennai Central,"Rotting garbage pile collapsed across hospital gate preventing emergency ambulance access. (Ref Ward-43, Chennai Central)",Garbage & Waste Disposal,garbage,DEPT_SANITATION,Chennai Central,Ward-43,CRITICAL,42,7,75.19,2026-08-17T10:00:00Z
CP-SEV-03662,Tree branch overhanging private wall in Kanchipuram,"Small tree branch extending over compound wall without immediate blockage. (Ref Ward-27, Kanchipuram)",Other / General Municipal Operations,other,DEPT_GENERAL,Kanchipuram,Ward-27,LOW,2,3,2.09,2026-08-06T20:00:00Z
CP-SEV-02816,Animal carcasses dumped openly near residential layout in Avadi,"Field inspection notice: Decomposed animal waste dumped near residential colony causing intense stench and flies. (Ref Ward-130, Avadi)",Garbage & Waste Disposal,garbage,DEPT_SANITATION,Avadi,Ward-130,HIGH,28,9,69.9,2026-08-10T10:00:00Z
CP-SEV-03809,Stray cattle roaming on residential street in Tambaram,"Urgent attention requested: Stray cows sitting on residential lane causing minor vehicle slowness. (Ref Ward-34, Tambaram)",Other / General Municipal Operations,other,DEPT_GENERAL,Tambaram,Ward-34,MEDIUM,9,3,24.31,2026-08-21T13:00:00Z
CP-SEV-03370,Unstable overhead gantries signboard shaking in wind in Tambaram,"Municipal grievance reported: Large directional sign board hanging loose over main road threatening to fall on vehicles. (Ref Ward-3, Tambaram)",Public Infrastructure Damage,infrastructure,DEPT_WORKS,Tambaram,Ward-3,HIGH,10,2,87.61,2026-08-02T10:00:00Z
CP-SEV-00953,Main municipal water supply pipeline burst in Tiruvallur,"Citizen report from Main feeder pipe burst flooding street and leaving 500 households without water for 24h. (Ref Ward-38, Tiruvallur)",Water Supply Contamination / Burst,water,DEPT_WATER,Tiruvallur,Ward-38,HIGH,28,9,63.12,2026-08-20T17:00:00Z
CP-SEV-02588,Uncleared garbage dump accumulating for 3 days in Chennai Central,"Field inspection notice: Municipal green bin overflowing with household waste uncleared for 72 hours. (Ref Ward-20, Chennai Central)",Garbage & Waste Disposal,garbage,DEPT_SANITATION,Chennai Central,Ward-20,MEDIUM,4,3,13.49,2026-08-01T08:00:00Z
CP-SEV-03909,Large fallen tree trunk blocking entire avenue in Chennai North,"Urgent attention requested: Heavy gulmohar tree uprooted during storm completely blocking two-lane avenue. (Ref Ward-114, Chennai North)",Other / General Municipal Operations,other,DEPT_GENERAL,Chennai North,Ward-114,HIGH,13,9,66.27,2026-08-08T14:00:00Z
CP-SEV-01650,Overflowing sewage drain on market street in Chennai South,"Sewage drain overflowing onto commercial market footpath creating foul health hazard. (Ref Ward-32, Chennai South)",Drainage & Sewage Overflow,drainage,DEPT_DRAINAGE,Chennai South,Ward-32,HIGH,31,1,66.36,2026-08-10T14:00:00Z
CP-SEV-04036,Stray dog pack menace creating panic near market in Chennai North,"Field inspection notice: Pack of aggressive stray dogs barking and chasing two-wheelers near market. (Ref Ward-122, Chennai North)",Other / General Municipal Operations,other,DEPT_GENERAL,Chennai North,Ward-122,HIGH,39,2,64.73,2026-08-21T12:00:00Z
CP-SEV-03646,Tree branch overhanging private wall in Tiruvallur,"Urgent attention requested: Small tree branch extending over compound wall without immediate blockage. (Ref Ward-20, Tiruvallur)",Other / General Municipal Operations,other,DEPT_GENERAL,Tiruvallur,Ward-20,LOW,6,3,1.14,2026-08-03T15:00:00Z
CP-SEV-03107,Minor scratch on public park bench in Tiruvallur,"Urgent attention requested: Wooden bench slat scratched in public garden. (Ref Ward-3, Tiruvallur)",Public Infrastructure Damage,infrastructure,DEPT_WORKS,Tiruvallur,Ward-3,LOW,7,1,44.34,2026-08-11T12:00:00Z
CP-SEV-02408,Small litter paper cups near park bench in Chennai Central,"Municipal grievance reported: Few discarded tea cups scattered around park bench area. (Ref Ward-188, Chennai Central)",Garbage & Waste Disposal,garbage,DEPT_SANITATION,Chennai Central,Ward-188,LOW,8,2,23.54,2026-08-27T14:00:00Z
CP-SEV-03520,Imminent structural collapse of busy flyover bridge pillar in Chennai South,"Citizen report from Load-bearing concrete pillar of busy traffic flyover cracked with large concrete blocks falling onto road below. (Ref Ward-17, Chennai South)",Public Infrastructure Damage,infrastructure,DEPT_WORKS,Chennai South,Ward-17,CRITICAL,12,12,82.71,2026-08-22T19:00:00Z
CP-SEV-03317,Unstable overhead gantries signboard shaking in wind in Avadi,"Urgent attention requested: Large directional sign board hanging loose over main road threatening to fall on vehicles. (Ref Ward-132, Avadi)",Public Infrastructure Damage,infrastructure,DEPT_WORKS,Avadi,Ward-132,HIGH,41,11,74.81,2026-08-04T11:00:00Z
CP-SEV-01117,Toxic chemical effluent mixing into drinking water supply in Chennai North,"Municipal grievance reported: Industrial chemical sewage leaking directly into municipal drinking pipeline, causing severe illness. (Ref Ward-47, Chennai North)",Water Supply Contamination / Burst,water,DEPT_WATER,Chennai North,Ward-47,CRITICAL,24,7,59.64,2026-08-08T14:00:00Z
CP-SEV-01225,Dry leaves covering roadside drain grate in Chennai North,"Field inspection notice: Accumulation of dry fallen leaves over storm drain inlet grate. (Ref Ward-131, Chennai North)",Drainage & Sewage Overflow,drainage,DEPT_DRAINAGE,Chennai North,Ward-131,LOW,6,1,20.91,2026-08-24T17:00:00Z
CP-SEV-00968,Main municipal water supply pipeline burst in Tiruvallur,"Field inspection notice: Main feeder pipe burst flooding street and leaving 500 households without water for 24h. (Ref Ward-72, Tiruvallur)",Water Supply Contamination / Burst,water,DEPT_WATER,Tiruvallur,Ward-72,HIGH,33,2,73.55,2026-08-20T09:00:00Z
CP-SEV-02987,Massive garbage barrier blocking emergency hospital ambulance entrance in Avadi,"Municipal grievance reported: Rotting garbage pile collapsed across hospital gate preventing emergency ambulance access. (Ref Ward-153, Avadi)",Garbage & Waste Disposal,garbage,DEPT_SANITATION,Avadi,Ward-153,CRITICAL,28,15,85.35,2026-08-01T20:00:00Z
CP-SEV-01881,Streetlight pole sticker peeling off in Chennai North,"Urgent attention requested: Identification sticker on light pole peeling off near corner. (Ref Ward-33, Chennai North)",Streetlights & Electrical Hazards,streetlights,DEPT_LIGHTING,Chennai North,Ward-33,LOW,6,1,31.05,2026-08-03T10:00:00Z
CP-SEV-03201,Damaged metal traffic guard rail in Chennai North,"Field inspection notice: Galvanized iron traffic barrier bent after minor vehicle impact near bus stand. (Ref Ward-40, Chennai North)",Public Infrastructure Damage,infrastructure,DEPT_WORKS,Chennai North,Ward-40,MEDIUM,1,2,29.02,2026-08-27T16:00:00Z
CP-SEV-00164,Moderate pothole on residential lane in Chennai Central,"Pothole approximately 1 foot wide causing discomfort for two-wheelers in neighborhood street. (Ref Ward-3, Chennai Central)",Road Damage & Potholes,roads,DEPT_ROADS,Chennai Central,Ward-3,MEDIUM,10,3,43.81,2026-08-20T19:00:00Z
CP-SEV-02940,Massive garbage barrier blocking emergency hospital ambulance entrance in Tambaram,"Field inspection notice: Rotting garbage pile collapsed across hospital gate preventing emergency ambulance access. (Ref Ward-149, Tambaram)",Garbage & Waste Disposal,garbage,DEPT_SANITATION,Tambaram,Ward-149,CRITICAL,11,5,78.8,2026-08-20T14:00:00Z
CP-SEV-04119,Rabid stray dog pack actively biting children outside school gate in Chennai Central,"Municipal grievance reported: Multiple children bitten and injured by aggressive rabid dog pack near school entrance. (Ref Ward-129, Chennai Central)",Other / General Municipal Operations,other,DEPT_GENERAL,Chennai Central,Ward-129,CRITICAL,19,9,61.75,2026-08-05T08:00:00Z
CP-SEV-01605,Overflowing sewage drain on market street in Chennai South,"Field inspection notice: Sewage drain overflowing onto commercial market footpath creating foul health hazard. (Ref Ward-110, Chennai South)",Drainage & Sewage Overflow,drainage,DEPT_DRAINAGE,Chennai South,Ward-110,HIGH,9,6,79.49,2026-08-08T18:00:00Z
CP-SEV-00196,Moderate pothole on residential lane in Chennai South,"Field inspection notice: Pothole approximately 1 foot wide causing discomfort for two-wheelers in neighborhood street. (Ref Ward-176, Chennai South)",Road Damage & Potholes,roads,DEPT_ROADS,Chennai South,Ward-176,MEDIUM,1,1,37.43,2026-08-03T14:00:00Z
CP-SEV-03293,Cracked plaster on municipal wall in Chennai North,"Field inspection notice: Boundary wall plaster cracking near municipal office enclosure. (Ref Ward-136, Chennai North)",Public Infrastructure Damage,infrastructure,DEPT_WORKS,Chennai North,Ward-136,MEDIUM,8,1,10.61,2026-08-12T19:00:00Z
CP-SEV-00394,Uncovered manhole trench on main avenue in Avadi,"Citizen report from Road cut open for cable laying left open without barricades on major avenue. (Ref Ward-11, Avadi)",Road Damage & Potholes,roads,DEPT_ROADS,Avadi,Ward-11,HIGH,13,15,89.07,2026-08-19T15:00:00Z
CP-SEV-03345,Unstable overhead gantries signboard shaking in wind in Kanchipuram,"Large directional sign board hanging loose over main road threatening to fall on vehicles. (Ref Ward-30, Kanchipuram)",Public Infrastructure Damage,infrastructure,DEPT_WORKS,Kanchipuram,Ward-30,HIGH,25,3,67.89,2026-08-04T11:00:00Z
CP-SEV-04132,Chemical gas leak from abandoned industrial cylinder in Chennai Central,"Field inspection notice: Pungent chemical gas leaking from abandoned cylinder causing eye irritation and breathing panic in colony. (Ref Ward-14, Chennai Central)",Other / General Municipal Operations,other,DEPT_GENERAL,Chennai Central,Ward-14,CRITICAL,38,11,69.5,2026-08-22T10:00:00Z
CP-SEV-00568,Main bridge approach road cracked and collapsing in Tiruvallur,"Approach embankment of river bridge severely cracked and caving in during peak traffic. (Ref Ward-71, Tiruvallur)",Road Damage & Potholes,roads,DEPT_ROADS,Tiruvallur,Ward-71,CRITICAL,29,15,89.31,2026-08-26T19:00:00Z
CP-SEV-00985,Brownish muddy water in residential supply line in Avadi,"Municipal grievance reported: Tap water coming contaminated with mud and silt across entire street layout. (Ref Ward-167, Avadi)",Water Supply Contamination / Burst,water,DEPT_WATER,Avadi,Ward-167,HIGH,21,5,62.02,2026-08-04T12:00:00Z
CP-SEV-01015,Brownish muddy water in residential supply line in Chennai North,"Urgent attention requested: Tap water coming contaminated with mud and silt across entire street layout. (Ref Ward-28, Chennai North)",Water Supply Contamination / Burst,water,DEPT_WATER,Chennai North,Ward-28,HIGH,31,10,85.96,2026-08-08T09:00:00Z
CP-SEV-02790,Animal carcasses dumped openly near residential layout in Chennai South,"Citizen report from Decomposed animal waste dumped near residential colony causing intense stench and flies. (Ref Ward-175, Chennai South)",Garbage & Waste Disposal,garbage,DEPT_SANITATION,Chennai South,Ward-175,HIGH,23,1,81.3,2026-08-01T18:00:00Z
CP-SEV-00591,Main bridge approach road cracked and collapsing in Avadi,"Approach embankment of river bridge severely cracked and caving in during peak traffic. (Ref Ward-166, Avadi)",Road Damage & Potholes,roads,DEPT_ROADS,Avadi,Ward-166,CRITICAL,38,5,63.43,2026-08-04T15:00:00Z
CP-SEV-03697,Faded ward boundary map in Avadi,"Citizen report from Public information board map faded at zonal office. (Ref Ward-200, Avadi)",Other / General Municipal Operations,other,DEPT_GENERAL,Avadi,Ward-200,LOW,5,2,41.58,2026-08-28T20:00:00Z
CP-SEV-02260,High-voltage 11kV live wire snapped hanging across school gate in Avadi,"Citizen report from Sparking live electrical cable hanging at chest height right outside primary school entrance. (Ref Ward-128, Avadi)",Streetlights & Electrical Hazards,streetlights,DEPT_LIGHTING,Avadi,Ward-128,CRITICAL,8,9,94.8,2026-08-16T15:00:00Z
CP-SEV-01937,Streetlight pole sticker peeling off in Tambaram,"Municipal grievance reported: Identification sticker on light pole peeling off near corner. (Ref Ward-2, Tambaram)",Streetlights & Electrical Hazards,streetlights,DEPT_LIGHTING,Tambaram,Ward-2,LOW,3,3,35.76,2026-08-18T15:00:00Z
CP-SEV-01717,Underground sewage main explosion flooding hospital basement in Tiruvallur,"Urgent attention requested: Main sewage trunk line ruptured flooding hospital basement and ground floor with raw sewage. (Ref Ward-172, Tiruvallur)",Drainage & Sewage Overflow,drainage,DEPT_DRAINAGE,Tiruvallur,Ward-172,CRITICAL,36,15,79.08,2026-08-22T20:00:00Z
CP-SEV-01570,Severe storm water logging blocking street access in Chennai Central,"Municipal grievance reported: Rainwater logging knee-deep across entire street blocking vehicles and shop entrances. (Ref Ward-86, Chennai Central)",Drainage & Sewage Overflow,drainage,DEPT_DRAINAGE,Chennai Central,Ward-86,HIGH,7,2,80.1,2026-08-22T16:00:00Z
CP-SEV-01092,Toxic chemical effluent mixing into drinking water supply in Chennai South,"Citizen report from Industrial chemical sewage leaking directly into municipal drinking pipeline, causing severe illness. (Ref Ward-126, Chennai South)",Water Supply Contamination / Burst,water,DEPT_WATER,Chennai South,Ward-126,CRITICAL,1,2,84.41,2026-08-16T09:00:00Z
CP-SEV-03179,Damaged metal traffic guard rail in Chennai Central,"Municipal grievance reported: Galvanized iron traffic barrier bent after minor vehicle impact near bus stand. (Ref Ward-169, Chennai Central)",Public Infrastructure Damage,infrastructure,DEPT_WORKS,Chennai Central,Ward-169,MEDIUM,2,2,40.01,2026-08-17T20:00:00Z
CP-SEV-02359,Electrical transformer explosion emitting fire and smoke in Tambaram,"Citizen report from Street transformer exploded emitting fire sparks and thick black smoke near crowded apartments. (Ref Ward-95, Tambaram)",Streetlights & Electrical Hazards,streetlights,DEPT_LIGHTING,Tambaram,Ward-95,CRITICAL,20,14,82.42,2026-08-18T08:00:00Z
CP-SEV-02382,Electrical transformer explosion emitting fire and smoke in Chennai South,"Field inspection notice: Street transformer exploded emitting fire sparks and thick black smoke near crowded apartments. (Ref Ward-128, Chennai South)",Streetlights & Electrical Hazards,streetlights,DEPT_LIGHTING,Chennai South,Ward-128,CRITICAL,20,8,94.29,2026-08-20T20:00:00Z
CP-SEV-01076,Toxic chemical effluent mixing into drinking water supply in Chennai Central,"Urgent attention requested: Industrial chemical sewage leaking directly into municipal drinking pipeline, causing severe illness. (Ref Ward-177, Chennai Central)",Water Supply Contamination / Burst,water,DEPT_WATER,Chennai Central,Ward-177,CRITICAL,30,15,51.8,2026-08-22T16:00:00Z
CP-SEV-00350,Deep pothole causing vehicle damage and traffic blockage in Avadi,"Dangerous deep crater on main road damaging car tires and causing traffic congestion. (Ref Ward-15, Avadi)",Road Damage & Potholes,roads,DEPT_ROADS,Avadi,Ward-15,HIGH,29,11,86.31,2026-08-24T08:00:00Z
CP-SEV-02261,High-voltage 11kV live wire snapped hanging across school gate in Chennai North,"Citizen report from Sparking live electrical cable hanging at chest height right outside primary school entrance. (Ref Ward-29, Chennai North)",Streetlights & Electrical Hazards,streetlights,DEPT_LIGHTING,Chennai North,Ward-29,CRITICAL,2,14,67.46,2026-08-03T20:00:00Z
CP-SEV-00212,Moderate pothole on residential lane in Tiruvallur,"Municipal grievance reported: Pothole approximately 1 foot wide causing discomfort for two-wheelers in neighborhood street. (Ref Ward-66, Tiruvallur)",Road Damage & Potholes,roads,DEPT_ROADS,Tiruvallur,Ward-66,MEDIUM,5,1,0.35,2026-08-24T14:00:00Z
CP-SEV-00959,Main municipal water supply pipeline burst in Chennai Central,"Field inspection notice: Main feeder pipe burst flooding street and leaving 500 households without water for 24h. (Ref Ward-183, Chennai Central)",Water Supply Contamination / Burst,water,DEPT_WATER,Chennai Central,Ward-183,HIGH,25,7,69.58,2026-08-07T18:00:00Z
CP-SEV-04169,Chemical gas leak from abandoned industrial cylinder in Chennai North,"Pungent chemical gas leaking from abandoned cylinder causing eye irritation and breathing panic in colony. (Ref Ward-108, Chennai North)",Other / General Municipal Operations,other,DEPT_GENERAL,Chennai North,Ward-108,CRITICAL,27,10,78.69,2026-08-23T12:00:00Z
CP-SEV-02067,Streetlight timer misconfigured turning off early in Chennai South,"Municipal grievance reported: Streetlights turning off 1 hour before sunrise in neighborhood layout. (Ref Ward-134, Chennai South)",Streetlights & Electrical Hazards,streetlights,DEPT_LIGHTING,Chennai South,Ward-134,MEDIUM,0,1,39.61,2026-08-19T13:00:00Z
CP-SEV-01889,Streetlight pole sticker peeling off in Avadi,"Identification sticker on light pole peeling off near corner. (Ref Ward-135, Avadi)",Streetlights & Electrical Hazards,streetlights,DEPT_LIGHTING,Avadi,Ward-135,LOW,8,2,12.84,2026-08-13T13:00:00Z
CP-SEV-03863,Overgrown grass near roadside footway in Kanchipuram,"Field inspection notice: Wild grass growing along sidewalk margin. (Ref Ward-163, Kanchipuram)",Other / General Municipal Operations,other,DEPT_GENERAL,Kanchipuram,Ward-163,MEDIUM,4,1,28.07,2026-08-19T09:00:00Z
CP-SEV-02119,Entire street dark due to multiple streetlight failure in Tiruvallur,"Field inspection notice: All 15 streetlights out on main connecting road creating dark zone and safety hazard for commuters. (Ref Ward-19, Tiruvallur)",Streetlights & Electrical Hazards,streetlights,DEPT_LIGHTING,Tiruvallur,Ward-19,HIGH,17,8,70.31,2026-08-24T10:00:00Z
CP-SEV-00313,Deep pothole causing vehicle damage and traffic blockage in Tiruvallur,"Municipal grievance reported: Dangerous deep crater on main road damaging car tires and causing traffic congestion. (Ref Ward-5, Tiruvallur)",Road Damage & Potholes,roads,DEPT_ROADS,Tiruvallur,Ward-5,HIGH,21,11,54.93,2026-08-14T17:00:00Z
CP-SEV-01967,Single streetlight non-functional on residential lane in Kanchipuram,"Municipal grievance reported: Sodium streetlight bulb fused outside house no 42 on quiet residential road. (Ref Ward-181, Kanchipuram)",Streetlights & Electrical Hazards,streetlights,DEPT_LIGHTING,Kanchipuram,Ward-181,MEDIUM,4,3,2.58,2026-08-19T08:00:00Z
CP-SEV-01715,Underground sewage main explosion flooding hospital basement in Tambaram,"Municipal grievance reported: Main sewage trunk line ruptured flooding hospital basement and ground floor with raw sewage. (Ref Ward-146, Tambaram)",Drainage & Sewage Overflow,drainage,DEPT_DRAINAGE,Tambaram,Ward-146,CRITICAL,14,9,52.98,2026-08-10T17:00:00Z
CP-SEV-02482,Public dustbin lid missing in Tambaram,"Citizen report from Plastic dustbin lid missing at street corner bin. (Ref Ward-71, Tambaram)",Garbage & Waste Disposal,garbage,DEPT_SANITATION,Tambaram,Ward-71,LOW,4,1,17.07,2026-08-16T08:00:00Z
CP-SEV-02926,Massive garbage barrier blocking emergency hospital ambulance entrance in Chennai South,"Urgent attention requested: Rotting garbage pile collapsed across hospital gate preventing emergency ambulance access. (Ref Ward-29, Chennai South)",Garbage & Waste Disposal,garbage,DEPT_SANITATION,Chennai South,Ward-29,CRITICAL,28,1,82.89,2026-08-18T16:00:00Z
CP-SEV-03980,Stray dog pack menace creating panic near market in Avadi,"Field inspection notice: Pack of aggressive stray dogs barking and chasing two-wheelers near market. (Ref Ward-161, Avadi)",Other / General Municipal Operations,other,DEPT_GENERAL,Avadi,Ward-161,HIGH,3,11,89.99,2026-08-09T20:00:00Z
CP-SEV-02710,Large uncollected garbage dump overflowing onto main road in Chennai North,"Citizen report from Massive multi-ton waste pile spilling onto main road lane causing traffic blockage and stench. (Ref Ward-45, Chennai North)",Garbage & Waste Disposal,garbage,DEPT_SANITATION,Chennai North,Ward-45,HIGH,16,15,65.32,2026-08-02T14:00:00Z
CP-SEV-02111,Entire street dark due to multiple streetlight failure in Tiruvallur,"Municipal grievance reported: All 15 streetlights out on main connecting road creating dark zone and safety hazard for commuters. (Ref Ward-180, Tiruvallur)",Streetlights & Electrical Hazards,streetlights,DEPT_LIGHTING,Tiruvallur,Ward-180,HIGH,23,15,84.77,2026-08-24T11:00:00Z
CP-SEV-04033,Stray dog pack menace creating panic near market in Tiruvallur,"Citizen report from Pack of aggressive stray dogs barking and chasing two-wheelers near market. (Ref Ward-33, Tiruvallur)",Other / General Municipal Operations,other,DEPT_GENERAL,Tiruvallur,Ward-33,HIGH,43,12,94.05,2026-08-09T17:00:00Z
CP-SEV-04105,Rabid stray dog pack actively biting children outside school gate in Tambaram,"Municipal grievance reported: Multiple children bitten and injured by aggressive rabid dog pack near school entrance. (Ref Ward-184, Tambaram)",Other / General Municipal Operations,other,DEPT_GENERAL,Tambaram,Ward-184,CRITICAL,36,8,53.98,2026-08-14T15:00:00Z
CP-SEV-03224,Damaged metal traffic guard rail in Chennai North,"Galvanized iron traffic barrier bent after minor vehicle impact near bus stand. (Ref Ward-145, Chennai North)",Public Infrastructure Damage,infrastructure,DEPT_WORKS,Chennai North,Ward-145,MEDIUM,7,1,3.34,2026-08-14T15:00:00Z
CP-SEV-01897,Streetlight pole sticker peeling off in Kanchipuram,"Urgent attention requested: Identification sticker on light pole peeling off near corner. (Ref Ward-181, Kanchipuram)",Streetlights & Electrical Hazards,streetlights,DEPT_LIGHTING,Kanchipuram,Ward-181,LOW,7,2,22.2,2026-08-03T10:00:00Z
CP-SEV-00423,Uncovered manhole trench on main avenue in Kanchipuram,"Urgent attention requested: Road cut open for cable laying left open without barricades on major avenue. (Ref Ward-22, Kanchipuram)",Road Damage & Potholes,roads,DEPT_ROADS,Kanchipuram,Ward-22,HIGH,15,11,79.91,2026-08-06T18:00:00Z
CP-SEV-02601,Uncleared garbage dump accumulating for 3 days in Avadi,"Field inspection notice: Municipal green bin overflowing with household waste uncleared for 72 hours. (Ref Ward-171, Avadi)",Garbage & Waste Disposal,garbage,DEPT_SANITATION,Avadi,Ward-171,MEDIUM,3,3,13.17,2026-08-05T14:00:00Z
CP-SEV-00754,Localized water supply line leakage in Tiruvallur,"Field inspection notice: Drinking water pipeline leaking small stream of clean water on roadside near residential building. (Ref Ward-87, Tiruvallur)",Water Supply Contamination / Burst,water,DEPT_WATER,Tiruvallur,Ward-87,MEDIUM,10,2,40.34,2026-08-28T08:00:00Z
CP-SEV-04198,Chemical gas leak from abandoned industrial cylinder in Kanchipuram,"Municipal grievance reported: Pungent chemical gas leaking from abandoned cylinder causing eye irritation and breathing panic in colony. (Ref Ward-184, Kanchipuram)",Other / General Municipal Operations,other,DEPT_GENERAL,Kanchipuram,Ward-184,CRITICAL,44,8,52.88,2026-08-24T13:00:00Z
CP-SEV-03710,Faded ward boundary map in Avadi,"Field inspection notice: Public information board map faded at zonal office. (Ref Ward-37, Avadi)",Other / General Municipal Operations,other,DEPT_GENERAL,Avadi,Ward-37,LOW,7,3,1.68,2026-08-13T12:00:00Z
CP-SEV-03592,Municipal hall roof slab collapse hazard in Tambaram,"Urgent attention requested: Heavy concrete ceiling slab sagging and crumbling over crowded public waiting hall. (Ref Ward-199, Tambaram)",Public Infrastructure Damage,infrastructure,DEPT_WORKS,Tambaram,Ward-199,CRITICAL,34,4,71.83,2026-08-27T11:00:00Z
CP-SEV-02583,Uncleared garbage dump accumulating for 3 days in Tiruvallur,"Municipal green bin overflowing with household waste uncleared for 72 hours. (Ref Ward-25, Tiruvallur)",Garbage & Waste Disposal,garbage,DEPT_SANITATION,Tiruvallur,Ward-25,MEDIUM,8,3,34.48,2026-08-19T10:00:00Z
CP-SEV-03833,Overgrown grass near roadside footway in Chennai North,"Field inspection notice: Wild grass growing along sidewalk margin. (Ref Ward-83, Chennai North)",Other / General Municipal Operations,other,DEPT_GENERAL,Chennai North,Ward-83,MEDIUM,4,2,32.32,2026-08-20T14:00:00Z
CP-SEV-00571,Main bridge approach road cracked and collapsing in Tiruvallur,"Municipal grievance reported: Approach embankment of river bridge severely cracked and caving in during peak traffic. (Ref Ward-138, Tiruvallur)",Road Damage & Potholes,roads,DEPT_ROADS,Tiruvallur,Ward-138,CRITICAL,26,5,67.24,2026-08-16T17:00:00Z
CP-SEV-00132,Small stone gravel loose on roadside margin in Tiruvallur,"Citizen report from Loose gravel scattered near street corner after minor maintenance. (Ref Ward-194, Tiruvallur)",Road Damage & Potholes,roads,DEPT_ROADS,Tiruvallur,Ward-194,LOW,7,3,29.32,2026-08-09T10:00:00Z
CP-SEV-04072,Rabid stray dog pack actively biting children outside school gate in Chennai South,"Citizen report from Multiple children bitten and injured by aggressive rabid dog pack near school entrance. (Ref Ward-41, Chennai South)",Other / General Municipal Operations,other,DEPT_GENERAL,Chennai South,Ward-41,CRITICAL,38,5,65.1,2026-08-28T14:00:00Z
CP-SEV-01280,Slight odor from storm water drain inlet in Tambaram,"Citizen report from Mild stagnant smell from open storm drain during hot afternoon. (Ref Ward-42, Tambaram)",Drainage & Sewage Overflow,drainage,DEPT_DRAINAGE,Tambaram,Ward-42,LOW,8,1,21.81,2026-08-15T10:00:00Z
CP-SEV-04168,Chemical gas leak from abandoned industrial cylinder in Kanchipuram,"Urgent attention requested: Pungent chemical gas leaking from abandoned cylinder causing eye irritation and breathing panic in colony. (Ref Ward-197, Kanchipuram)",Other / General Municipal Operations,other,DEPT_GENERAL,Kanchipuram,Ward-197,CRITICAL,34,13,62.52,2026-08-19T19:00:00Z
CP-SEV-00094,Small stone gravel loose on roadside margin in Kanchipuram,"Urgent attention requested: Loose gravel scattered near street corner after minor maintenance. (Ref Ward-11, Kanchipuram)",Road Damage & Potholes,roads,DEPT_ROADS,Kanchipuram,Ward-11,LOW,3,1,37.77,2026-08-20T10:00:00Z
CP-SEV-04095,Rabid stray dog pack actively biting children outside school gate in Kanchipuram,"Urgent attention requested: Multiple children bitten and injured by aggressive rabid dog pack near school entrance. (Ref Ward-119, Kanchipuram)",Other / General Municipal Operations,other,DEPT_GENERAL,Kanchipuram,Ward-119,CRITICAL,1,4,51.04,2026-08-26T11:00:00Z
CP-SEV-04103,Rabid stray dog pack actively biting children outside school gate in Tiruvallur,"Municipal grievance reported: Multiple children bitten and injured by aggressive rabid dog pack near school entrance. (Ref Ward-151, Tiruvallur)",Other / General Municipal Operations,other,DEPT_GENERAL,Tiruvallur,Ward-151,CRITICAL,0,4,67.79,2026-08-19T12:00:00Z
CP-SEV-01685,Underground sewage main explosion flooding hospital basement in Tiruvallur,"Main sewage trunk line ruptured flooding hospital basement and ground floor with raw sewage. (Ref Ward-133, Tiruvallur)",Drainage & Sewage Overflow,drainage,DEPT_DRAINAGE,Tiruvallur,Ward-133,CRITICAL,20,6,57.67,2026-08-19T14:00:00Z
CP-SEV-01088,Toxic chemical effluent mixing into drinking water supply in Tambaram,"Industrial chemical sewage leaking directly into municipal drinking pipeline, causing severe illness. (Ref Ward-182, Tambaram)",Water Supply Contamination / Burst,water,DEPT_WATER,Tambaram,Ward-182,CRITICAL,8,4,58.37,2026-08-13T12:00:00Z
CP-SEV-00588,Main bridge approach road cracked and collapsing in Kanchipuram,"Municipal grievance reported: Approach embankment of river bridge severely cracked and caving in during peak traffic. (Ref Ward-165, Kanchipuram)",Road Damage & Potholes,roads,DEPT_ROADS,Kanchipuram,Ward-165,CRITICAL,27,15,66.94,2026-08-12T15:00:00Z
CP-SEV-03574,Municipal hall roof slab collapse hazard in Chennai Central,"Urgent attention requested: Heavy concrete ceiling slab sagging and crumbling over crowded public waiting hall. (Ref Ward-199, Chennai Central)",Public Infrastructure Damage,infrastructure,DEPT_WORKS,Chennai Central,Ward-199,CRITICAL,22,14,54.43,2026-08-04T08:00:00Z
CP-SEV-01284,Slight odor from storm water drain inlet in Chennai Central,"Municipal grievance reported: Mild stagnant smell from open storm drain during hot afternoon. (Ref Ward-96, Chennai Central)",Drainage & Sewage Overflow,drainage,DEPT_DRAINAGE,Chennai Central,Ward-96,LOW,4,2,1.26,2026-08-05T10:00:00Z
CP-SEV-00021,Minor cosmetic paint peeling on speed breaker in Kanchipuram,"Municipal grievance reported: Faded paint on speed bump near residential lane, requires routine repaint. (Ref Ward-185, Kanchipuram)",Road Damage & Potholes,roads,DEPT_ROADS,Kanchipuram,Ward-185,LOW,8,1,22.85,2026-08-04T18:00:00Z
CP-SEV-01942,Streetlight pole sticker peeling off in Tambaram,"Identification sticker on light pole peeling off near corner. (Ref Ward-36, Tambaram)",Streetlights & Electrical Hazards,streetlights,DEPT_LIGHTING,Tambaram,Ward-36,LOW,6,2,0.42,2026-08-04T14:00:00Z
CP-SEV-00228,Uneven road paver block near bus stop in Chennai North,"Interlocking paver blocks displaced near local bus shelter area. (Ref Ward-116, Chennai North)",Road Damage & Potholes,roads,DEPT_ROADS,Chennai North,Ward-116,MEDIUM,10,1,14.47,2026-08-16T16:00:00Z
CP-SEV-03871,Overgrown grass near roadside footway in Avadi,"Municipal grievance reported: Wild grass growing along sidewalk margin. (Ref Ward-73, Avadi)",Other / General Municipal Operations,other,DEPT_GENERAL,Avadi,Ward-73,MEDIUM,5,1,23.12,2026-08-04T16:00:00Z
CP-SEV-03222,Damaged metal traffic guard rail in Chennai North,"Municipal grievance reported: Galvanized iron traffic barrier bent after minor vehicle impact near bus stand. (Ref Ward-39, Chennai North)",Public Infrastructure Damage,infrastructure,DEPT_WORKS,Chennai North,Ward-39,MEDIUM,1,1,25.72,2026-08-25T19:00:00Z
CP-SEV-01653,Underground sewage main explosion flooding hospital basement in Avadi,"Urgent attention requested: Main sewage trunk line ruptured flooding hospital basement and ground floor with raw sewage. (Ref Ward-165, Avadi)",Drainage & Sewage Overflow,drainage,DEPT_DRAINAGE,Avadi,Ward-165,CRITICAL,15,12,86.96,2026-08-01T10:00:00Z
CP-SEV-03740,Faded ward boundary map in Chennai Central,"Field inspection notice: Public information board map faded at zonal office. (Ref Ward-11, Chennai Central)",Other / General Municipal Operations,other,DEPT_GENERAL,Chennai Central,Ward-11,LOW,10,3,17.33,2026-08-10T11:00:00Z
CP-SEV-03391,Public footbridge steps broken in Tambaram,"Municipal grievance reported: Concrete steps on pedestrian footbridge cracked with exposed rusty iron rebar. (Ref Ward-100, Tambaram)",Public Infrastructure Damage,infrastructure,DEPT_WORKS,Tambaram,Ward-100,HIGH,34,5,80.81,2026-08-11T13:00:00Z
CP-SEV-02349,Electrical transformer explosion emitting fire and smoke in Chennai Central,"Citizen report from Street transformer exploded emitting fire sparks and thick black smoke near crowded apartments. (Ref Ward-183, Chennai Central)",Streetlights & Electrical Hazards,streetlights,DEPT_LIGHTING,Chennai Central,Ward-183,CRITICAL,23,14,85.0,2026-08-16T11:00:00Z
CP-SEV-00714,Minor street tap valve dripping in Kanchipuram,"Municipal grievance reported: Public street tap dripping slowly near community park. (Ref Ward-97, Kanchipuram)",Water Supply Contamination / Burst,water,DEPT_WATER,Kanchipuram,Ward-97,LOW,9,3,40.42,2026-08-03T16:00:00Z
CP-SEV-02395,Electrical transformer explosion emitting fire and smoke in Tiruvallur,"Citizen report from Street transformer exploded emitting fire sparks and thick black smoke near crowded apartments. (Ref Ward-49, Tiruvallur)",Streetlights & Electrical Hazards,streetlights,DEPT_LIGHTING,Tiruvallur,Ward-49,CRITICAL,44,8,86.47,2026-08-21T08:00:00Z
CP-SEV-03599,Municipal hall roof slab collapse hazard in Kanchipuram,"Urgent attention requested: Heavy concrete ceiling slab sagging and crumbling over crowded public waiting hall. (Ref Ward-121, Kanchipuram)",Public Infrastructure Damage,infrastructure,DEPT_WORKS,Kanchipuram,Ward-121,CRITICAL,24,13,69.91,2026-08-22T13:00:00Z
CP-SEV-03199,Damaged metal traffic guard rail in Tambaram,"Galvanized iron traffic barrier bent after minor vehicle impact near bus stand. (Ref Ward-12, Tambaram)",Public Infrastructure Damage,infrastructure,DEPT_WORKS,Tambaram,Ward-12,MEDIUM,2,2,27.32,2026-08-26T09:00:00Z
CP-SEV-02352,Electrical transformer explosion emitting fire and smoke in Tiruvallur,"Citizen report from Street transformer exploded emitting fire sparks and thick black smoke near crowded apartments. (Ref Ward-166, Tiruvallur)",Streetlights & Electrical Hazards,streetlights,DEPT_LIGHTING,Tiruvallur,Ward-166,CRITICAL,38,10,55.42,2026-08-24T08:00:00Z
CP-SEV-01496,Small open drainage chamber cover displaced in Kanchipuram,"Municipal grievance reported: Concrete cover slab of small side drain displaced by 2 inches. (Ref Ward-124, Kanchipuram)",Drainage & Sewage Overflow,drainage,DEPT_DRAINAGE,Kanchipuram,Ward-124,MEDIUM,2,1,9.82,2026-08-24T11:00:00Z
CP-SEV-00895,Water supply timing delayed by 2 hours in Chennai South,"Morning municipal water supply delayed by two hours without advance notice. (Ref Ward-97, Chennai South)",Water Supply Contamination / Burst,water,DEPT_WATER,Chennai South,Ward-97,MEDIUM,6,1,34.57,2026-08-11T17:00:00Z
CP-SEV-00948,Main municipal water supply pipeline burst in Tambaram,"Main feeder pipe burst flooding street and leaving 500 households without water for 24h. (Ref Ward-112, Tambaram)",Water Supply Contamination / Burst,water,DEPT_WATER,Tambaram,Ward-112,HIGH,21,9,81.24,2026-08-06T18:00:00Z
CP-SEV-02246,Damaged electrical junction box door open in Chennai South,"Feeder pillar box door hanging open with exposed low-voltage terminals near footpath. (Ref Ward-91, Chennai South)",Streetlights & Electrical Hazards,streetlights,DEPT_LIGHTING,Chennai South,Ward-91,HIGH,3,14,87.14,2026-08-28T14:00:00Z
CP-SEV-00114,Small stone gravel loose on roadside margin in Chennai Central,"Municipal grievance reported: Loose gravel scattered near street corner after minor maintenance. (Ref Ward-59, Chennai Central)",Road Damage & Potholes,roads,DEPT_ROADS,Chennai Central,Ward-59,LOW,2,2,0.64,2026-08-18T10:00:00Z
CP-SEV-03752,Stray cattle roaming on residential street in Tiruvallur,"Urgent attention requested: Stray cows sitting on residential lane causing minor vehicle slowness. (Ref Ward-180, Tiruvallur)",Other / General Municipal Operations,other,DEPT_GENERAL,Tiruvallur,Ward-180,MEDIUM,8,2,30.73,2026-08-15T08:00:00Z
CP-SEV-00952,Main municipal water supply pipeline burst in Chennai North,"Citizen report from Main feeder pipe burst flooding street and leaving 500 households without water for 24h. (Ref Ward-56, Chennai North)",Water Supply Contamination / Burst,water,DEPT_WATER,Chennai North,Ward-56,HIGH,37,15,83.97,2026-08-26T08:00:00Z
CP-SEV-01389,Localized clogged street drain causing puddle in Chennai Central,"Citizen report from Street drain inlet blocked with debris causing minor water pooling after rain. (Ref Ward-24, Chennai Central)",Drainage & Sewage Overflow,drainage,DEPT_DRAINAGE,Chennai Central,Ward-24,MEDIUM,1,3,24.88,2026-08-02T19:00:00Z
CP-SEV-01551,Severe storm water logging blocking street access in Tiruvallur,"Urgent attention requested: Rainwater logging knee-deep across entire street blocking vehicles and shop entrances. (Ref Ward-69, Tiruvallur)",Drainage & Sewage Overflow,drainage,DEPT_DRAINAGE,Tiruvallur,Ward-69,HIGH,28,11,87.77,2026-08-06T10:00:00Z
CP-SEV-01149,Complete water outage in hospital ward for 48 hours in Avadi,"Citizen report from Zero water supply in municipal hospital premises for two days, threatening patient emergency operations. (Ref Ward-103, Avadi)",Water Supply Contamination / Burst,water,DEPT_WATER,Avadi,Ward-103,CRITICAL,39,12,93.11,2026-08-23T17:00:00Z
CP-SEV-01236,Dry leaves covering roadside drain grate in Tambaram,"Urgent attention requested: Accumulation of dry fallen leaves over storm drain inlet grate. (Ref Ward-109, Tambaram)",Drainage & Sewage Overflow,drainage,DEPT_DRAINAGE,Tambaram,Ward-109,LOW,1,1,40.61,2026-08-24T19:00:00Z
CP-SEV-03947,Large fallen tree trunk blocking entire avenue in Tiruvallur,"Citizen report from Heavy gulmohar tree uprooted during storm completely blocking two-lane avenue. (Ref Ward-52, Tiruvallur)",Other / General Municipal Operations,other,DEPT_GENERAL,Tiruvallur,Ward-52,HIGH,33,7,91.05,2026-08-14T08:00:00Z
CP-SEV-02267,High-voltage 11kV live wire snapped hanging across school gate in Chennai South,"Field inspection notice: Sparking live electrical cable hanging at chest height right outside primary school entrance. (Ref Ward-86, Chennai South)",Streetlights & Electrical Hazards,streetlights,DEPT_LIGHTING,Chennai South,Ward-86,CRITICAL,1,14,69.82,2026-08-27T11:00:00Z
CP-SEV-00210,Moderate pothole on residential lane in Kanchipuram,"Field inspection notice: Pothole approximately 1 foot wide causing discomfort for two-wheelers in neighborhood street. (Ref Ward-152, Kanchipuram)",Road Damage & Potholes,roads,DEPT_ROADS,Kanchipuram,Ward-152,MEDIUM,8,3,13.88,2026-08-08T14:00:00Z
CP-SEV-03430,Public footbridge steps broken in Avadi,"Urgent attention requested: Concrete steps on pedestrian footbridge cracked with exposed rusty iron rebar. (Ref Ward-116, Avadi)",Public Infrastructure Damage,infrastructure,DEPT_WORKS,Avadi,Ward-116,HIGH,29,1,91.68,2026-08-25T17:00:00Z
CP-SEV-00719,Minor street tap valve dripping in Chennai North,"Field inspection notice: Public street tap dripping slowly near community park. (Ref Ward-124, Chennai North)",Water Supply Contamination / Burst,water,DEPT_WATER,Chennai North,Ward-124,LOW,7,1,26.59,2026-08-21T14:00:00Z
CP-SEV-00582,Main bridge approach road cracked and collapsing in Chennai North,"Urgent attention requested: Approach embankment of river bridge severely cracked and caving in during peak traffic. (Ref Ward-175, Chennai North)",Road Damage & Potholes,roads,DEPT_ROADS,Chennai North,Ward-175,CRITICAL,15,6,72.0,2026-08-15T10:00:00Z
CP-SEV-02179,Damaged electrical junction box door open in Tambaram,"Feeder pillar box door hanging open with exposed low-voltage terminals near footpath. (Ref Ward-110, Tambaram)",Streetlights & Electrical Hazards,streetlights,DEPT_LIGHTING,Tambaram,Ward-110,HIGH,10,15,81.94,2026-08-28T20:00:00Z
CP-SEV-00950,Main municipal water supply pipeline burst in Avadi,"Field inspection notice: Main feeder pipe burst flooding street and leaving 500 households without water for 24h. (Ref Ward-25, Avadi)",Water Supply Contamination / Burst,water,DEPT_WATER,Avadi,Ward-25,HIGH,11,5,93.01,2026-08-03T17:00:00Z
CP-SEV-02639,Commercial shop waste dumped on sidewalk in Chennai North,"Field inspection notice: Retail shop cardboard boxes and plastic packaging dumped along footpath. (Ref Ward-170, Chennai North)",Garbage & Waste Disposal,garbage,DEPT_SANITATION,Chennai North,Ward-170,MEDIUM,3,3,6.05,2026-08-04T19:00:00Z
CP-SEV-02511,Public dustbin lid missing in Tambaram,"Field inspection notice: Plastic dustbin lid missing at street corner bin. (Ref Ward-11, Tambaram)",Garbage & Waste Disposal,garbage,DEPT_SANITATION,Tambaram,Ward-11,LOW,1,2,14.92,2026-08-10T16:00:00Z
CP-SEV-01320,Slight odor from storm water drain inlet in Chennai North,"Municipal grievance reported: Mild stagnant smell from open storm drain during hot afternoon. (Ref Ward-195, Chennai North)",Drainage & Sewage Overflow,drainage,DEPT_DRAINAGE,Chennai North,Ward-195,LOW,10,3,16.1,2026-08-03T17:00:00Z
CP-SEV-01049,Brownish muddy water in residential supply line in Tambaram,"Municipal grievance reported: Tap water coming contaminated with mud and silt across entire street layout. (Ref Ward-48, Tambaram)",Water Supply Contamination / Burst,water,DEPT_WATER,Tambaram,Ward-48,HIGH,40,8,81.68,2026-08-01T18:00:00Z
CP-SEV-02745,Large uncollected garbage dump overflowing onto main road in Chennai North,"Field inspection notice: Massive multi-ton waste pile spilling onto main road lane causing traffic blockage and stench. (Ref Ward-117, Chennai North)",Garbage & Waste Disposal,garbage,DEPT_SANITATION,Chennai North,Ward-117,HIGH,11,14,78.33,2026-08-07T17:00:00Z
CP-SEV-02955,Massive garbage barrier blocking emergency hospital ambulance entrance in Chennai Central,"Urgent attention requested: Rotting garbage pile collapsed across hospital gate preventing emergency ambulance access. (Ref Ward-167, Chennai Central)",Garbage & Waste Disposal,garbage,DEPT_SANITATION,Chennai Central,Ward-167,CRITICAL,12,12,63.01,2026-08-01T20:00:00Z
CP-SEV-03449,Public footbridge steps broken in Chennai South,"Citizen report from Concrete steps on pedestrian footbridge cracked with exposed rusty iron rebar. (Ref Ward-91, Chennai South)",Public Infrastructure Damage,infrastructure,DEPT_WORKS,Chennai South,Ward-91,HIGH,39,1,81.69,2026-08-21T13:00:00Z
CP-SEV-01422,Localized clogged street drain causing puddle in Chennai South,"Urgent attention requested: Street drain inlet blocked with debris causing minor water pooling after rain. (Ref Ward-65, Chennai South)",Drainage & Sewage Overflow,drainage,DEPT_DRAINAGE,Chennai South,Ward-65,MEDIUM,9,2,44.16,2026-08-23T14:00:00Z
CP-SEV-03000,Massive garbage barrier blocking emergency hospital ambulance entrance in Chennai South,"Municipal grievance reported: Rotting garbage pile collapsed across hospital gate preventing emergency ambulance access. (Ref Ward-63, Chennai South)",Garbage & Waste Disposal,garbage,DEPT_SANITATION,Chennai South,Ward-63,CRITICAL,41,11,80.53,2026-08-06T15:00:00Z
CP-SEV-00909,Main municipal water supply pipeline burst in Tambaram,"Main feeder pipe burst flooding street and leaving 500 households without water for 24h. (Ref Ward-186, Tambaram)",Water Supply Contamination / Burst,water,DEPT_WATER,Tambaram,Ward-186,HIGH,45,5,69.22,2026-08-28T13:00:00Z
CP-SEV-03857,Overgrown grass near roadside footway in Tiruvallur,"Field inspection notice: Wild grass growing along sidewalk margin. (Ref Ward-125, Tiruvallur)",Other / General Municipal Operations,other,DEPT_GENERAL,Tiruvallur,Ward-125,MEDIUM,6,1,39.28,2026-08-06T11:00:00Z
CP-SEV-01169,Complete water outage in hospital ward for 48 hours in Chennai Central,"Urgent attention requested: Zero water supply in municipal hospital premises for two days, threatening patient emergency operations. (Ref Ward-151, Chennai Central)",Water Supply Contamination / Burst,water,DEPT_WATER,Chennai Central,Ward-151,CRITICAL,31,9,66.86,2026-08-04T13:00:00Z
CP-SEV-00533,Main bridge approach road cracked and collapsing in Chennai South,"Citizen report from Approach embankment of river bridge severely cracked and caving in during peak traffic. (Ref Ward-145, Chennai South)",Road Damage & Potholes,roads,DEPT_ROADS,Chennai South,Ward-145,CRITICAL,31,9,63.91,2026-08-16T08:00:00Z
CP-SEV-03328,Unstable overhead gantries signboard shaking in wind in Kanchipuram,"Large directional sign board hanging loose over main road threatening to fall on vehicles. (Ref Ward-31, Kanchipuram)",Public Infrastructure Damage,infrastructure,DEPT_WORKS,Kanchipuram,Ward-31,HIGH,27,12,55.82,2026-08-10T18:00:00Z
CP-SEV-00038,Minor cosmetic paint peeling on speed breaker in Chennai North,"Field inspection notice: Faded paint on speed bump near residential lane, requires routine repaint. (Ref Ward-43, Chennai North)",Road Damage & Potholes,roads,DEPT_ROADS,Chennai North,Ward-43,LOW,0,2,11.93,2026-08-26T20:00:00Z
CP-SEV-00566,Main bridge approach road cracked and collapsing in Tambaram,"Field inspection notice: Approach embankment of river bridge severely cracked and caving in during peak traffic. (Ref Ward-21, Tambaram)",Road Damage & Potholes,roads,DEPT_ROADS,Tambaram,Ward-21,CRITICAL,12,14,78.23,2026-08-27T17:00:00Z
CP-SEV-03070,Faded street name sign board in Tiruvallur,"Field inspection notice: Municipal street sign board paint faded near junction. (Ref Ward-30, Tiruvallur)",Public Infrastructure Damage,infrastructure,DEPT_WORKS,Tiruvallur,Ward-30,LOW,1,3,35.69,2026-08-17T10:00:00Z
CP-SEV-02456,Small litter paper cups near park bench in Avadi,"Municipal grievance reported: Few discarded tea cups scattered around park bench area. (Ref Ward-49, Avadi)",Garbage & Waste Disposal,garbage,DEPT_SANITATION,Avadi,Ward-49,LOW,4,1,37.16,2026-08-17T18:00:00Z
CP-SEV-02299,High-voltage 11kV live wire snapped hanging across school gate in Avadi,"Municipal grievance reported: Sparking live electrical cable hanging at chest height right outside primary school entrance. (Ref Ward-89, Avadi)",Streetlights & Electrical Hazards,streetlights,DEPT_LIGHTING,Avadi,Ward-89,CRITICAL,5,15,66.65,2026-08-06T10:00:00Z
CP-SEV-03071,Faded street name sign board in Tambaram,"Municipal grievance reported: Municipal street sign board paint faded near junction. (Ref Ward-52, Tambaram)",Public Infrastructure Damage,infrastructure,DEPT_WORKS,Tambaram,Ward-52,LOW,8,1,9.59,2026-08-25T19:00:00Z
CP-SEV-01805,Single decorative garden light dim in public park in Kanchipuram,"Municipal grievance reported: Pedestrian walkway lamp shade slightly dusty and dim in municipal park. (Ref Ward-135, Kanchipuram)",Streetlights & Electrical Hazards,streetlights,DEPT_LIGHTING,Kanchipuram,Ward-135,LOW,2,3,14.58,2026-08-19T13:00:00Z
CP-SEV-02487,Public dustbin lid missing in Avadi,"Plastic dustbin lid missing at street corner bin. (Ref Ward-154, Avadi)",Garbage & Waste Disposal,garbage,DEPT_SANITATION,Avadi,Ward-154,LOW,3,1,44.06,2026-08-12T08:00:00Z
CP-SEV-00296,Uneven road paver block near bus stop in Tambaram,"Field inspection notice: Interlocking paver blocks displaced near local bus shelter area. (Ref Ward-107, Tambaram)",Road Damage & Potholes,roads,DEPT_ROADS,Tambaram,Ward-107,MEDIUM,7,1,15.31,2026-08-05T13:00:00Z
CP-SEV-02675,Commercial shop waste dumped on sidewalk in Tiruvallur,"Retail shop cardboard boxes and plastic packaging dumped along footpath. (Ref Ward-49, Tiruvallur)",Garbage & Waste Disposal,garbage,DEPT_SANITATION,Tiruvallur,Ward-49,MEDIUM,10,1,17.99,2026-08-08T10:00:00Z
CP-SEV-04188,Chemical gas leak from abandoned industrial cylinder in Chennai North,"Citizen report from Pungent chemical gas leaking from abandoned cylinder causing eye irritation and breathing panic in colony. (Ref Ward-114, Chennai North)",Other / General Municipal Operations,other,DEPT_GENERAL,Chennai North,Ward-114,CRITICAL,6,8,63.3,2026-08-06T17:00:00Z
CP-SEV-01343,Slight odor from storm water drain inlet in Kanchipuram,"Mild stagnant smell from open storm drain during hot afternoon. (Ref Ward-18, Kanchipuram)",Drainage & Sewage Overflow,drainage,DEPT_DRAINAGE,Kanchipuram,Ward-18,LOW,3,3,5.67,2026-08-17T12:00:00Z
CP-SEV-04175,Chemical gas leak from abandoned industrial cylinder in Chennai South,"Urgent attention requested: Pungent chemical gas leaking from abandoned cylinder causing eye irritation and breathing panic in colony. (Ref Ward-163, Chennai South)",Other / General Municipal Operations,other,DEPT_GENERAL,Chennai South,Ward-163,CRITICAL,32,5,58.75,2026-08-24T14:00:00Z
CP-SEV-01966,Single streetlight non-functional on residential lane in Avadi,"Urgent attention requested: Sodium streetlight bulb fused outside house no 42 on quiet residential road. (Ref Ward-70, Avadi)",Streetlights & Electrical Hazards,streetlights,DEPT_LIGHTING,Avadi,Ward-70,MEDIUM,10,2,28.88,2026-08-13T08:00:00Z
CP-SEV-02663,Commercial shop waste dumped on sidewalk in Chennai North,"Citizen report from Retail shop cardboard boxes and plastic packaging dumped along footpath. (Ref Ward-39, Chennai North)",Garbage & Waste Disposal,garbage,DEPT_SANITATION,Chennai North,Ward-39,MEDIUM,4,3,27.97,2026-08-02T13:00:00Z
CP-SEV-02902,Toxic biohazardous medical waste burning near residential area in Chennai South,"Illegal dump of hospital syringes and chemical waste set on fire emitting toxic fumes into homes. (Ref Ward-90, Chennai South)",Garbage & Waste Disposal,garbage,DEPT_SANITATION,Chennai South,Ward-90,CRITICAL,33,11,65.99,2026-08-14T19:00:00Z
CP-SEV-01920,Streetlight pole sticker peeling off in Avadi,"Citizen report from Identification sticker on light pole peeling off near corner. (Ref Ward-51, Avadi)",Streetlights & Electrical Hazards,streetlights,DEPT_LIGHTING,Avadi,Ward-51,LOW,8,2,38.69,2026-08-08T12:00:00Z
CP-SEV-02280,High-voltage 11kV live wire snapped hanging across school gate in Chennai Central,"Field inspection notice: Sparking live electrical cable hanging at chest height right outside primary school entrance. (Ref Ward-84, Chennai Central)",Streetlights & Electrical Hazards,streetlights,DEPT_LIGHTING,Chennai Central,Ward-84,CRITICAL,8,12,73.85,2026-08-08T11:00:00Z
CP-SEV-01981,Single streetlight non-functional on residential lane in Chennai Central,"Citizen report from Sodium streetlight bulb fused outside house no 42 on quiet residential road. (Ref Ward-175, Chennai Central)",Streetlights & Electrical Hazards,streetlights,DEPT_LIGHTING,Chennai Central,Ward-175,MEDIUM,2,2,2.4,2026-08-23T12:00:00Z
CP-SEV-04008,Stray dog pack menace creating panic near market in Kanchipuram,"Field inspection notice: Pack of aggressive stray dogs barking and chasing two-wheelers near market. (Ref Ward-113, Kanchipuram)",Other / General Municipal Operations,other,DEPT_GENERAL,Kanchipuram,Ward-113,HIGH,39,8,74.2,2026-08-28T10:00:00Z
CP-SEV-01698,Underground sewage main explosion flooding hospital basement in Chennai North,"Urgent attention requested: Main sewage trunk line ruptured flooding hospital basement and ground floor with raw sewage. (Ref Ward-125, Chennai North)",Drainage & Sewage Overflow,drainage,DEPT_DRAINAGE,Chennai North,Ward-125,CRITICAL,13,11,68.9,2026-08-11T18:00:00Z
CP-SEV-02489,Public dustbin lid missing in Chennai Central,"Plastic dustbin lid missing at street corner bin. (Ref Ward-21, Chennai Central)",Garbage & Waste Disposal,garbage,DEPT_SANITATION,Chennai Central,Ward-21,LOW,4,2,6.71,2026-08-05T14:00:00Z
CP-SEV-02922,Toxic biohazardous medical waste burning near residential area in Tiruvallur,"Citizen report from Illegal dump of hospital syringes and chemical waste set on fire emitting toxic fumes into homes. (Ref Ward-139, Tiruvallur)",Garbage & Waste Disposal,garbage,DEPT_SANITATION,Tiruvallur,Ward-139,CRITICAL,6,2,68.48,2026-08-27T10:00:00Z
CP-SEV-02008,Single streetlight non-functional on residential lane in Chennai North,"Municipal grievance reported: Sodium streetlight bulb fused outside house no 42 on quiet residential road. (Ref Ward-55, Chennai North)",Streetlights & Electrical Hazards,streetlights,DEPT_LIGHTING,Chennai North,Ward-55,MEDIUM,6,1,15.28,2026-08-21T10:00:00Z
CP-SEV-00148,Small stone gravel loose on roadside margin in Chennai Central,"Field inspection notice: Loose gravel scattered near street corner after minor maintenance. (Ref Ward-191, Chennai Central)",Road Damage & Potholes,roads,DEPT_ROADS,Chennai Central,Ward-191,LOW,6,2,44.48,2026-08-26T18:00:00Z
CP-SEV-02052,Streetlight timer misconfigured turning off early in Avadi,"Field inspection notice: Streetlights turning off 1 hour before sunrise in neighborhood layout. (Ref Ward-161, Avadi)",Streetlights & Electrical Hazards,streetlights,DEPT_LIGHTING,Avadi,Ward-161,MEDIUM,10,1,42.83,2026-08-01T19:00:00Z
CP-SEV-03517,Imminent structural collapse of busy flyover bridge pillar in Chennai South,"Municipal grievance reported: Load-bearing concrete pillar of busy traffic flyover cracked with large concrete blocks falling onto road below. (Ref Ward-51, Chennai South)",Public Infrastructure Damage,infrastructure,DEPT_WORKS,Chennai South,Ward-51,CRITICAL,14,5,74.31,2026-08-17T14:00:00Z
CP-SEV-01612,Overflowing sewage drain on market street in Kanchipuram,"Urgent attention requested: Sewage drain overflowing onto commercial market footpath creating foul health hazard. (Ref Ward-123, Kanchipuram)",Drainage & Sewage Overflow,drainage,DEPT_DRAINAGE,Kanchipuram,Ward-123,HIGH,7,10,69.24,2026-08-24T12:00:00Z
CP-SEV-00045,Minor cosmetic paint peeling on speed breaker in Kanchipuram,"Municipal grievance reported: Faded paint on speed bump near residential lane, requires routine repaint. (Ref Ward-184, Kanchipuram)",Road Damage & Potholes,roads,DEPT_ROADS,Kanchipuram,Ward-184,LOW,3,2,17.81,2026-08-22T18:00:00Z
CP-SEV-01716,Underground sewage main explosion flooding hospital basement in Chennai South,"Citizen report from Main sewage trunk line ruptured flooding hospital basement and ground floor with raw sewage. (Ref Ward-135, Chennai South)",Drainage & Sewage Overflow,drainage,DEPT_DRAINAGE,Chennai South,Ward-135,CRITICAL,6,9,62.51,2026-08-20T20:00:00Z
CP-SEV-03078,Minor scratch on public park bench in Tiruvallur,"Field inspection notice: Wooden bench slat scratched in public garden. (Ref Ward-59, Tiruvallur)",Public Infrastructure Damage,infrastructure,DEPT_WORKS,Tiruvallur,Ward-59,LOW,10,2,18.27,2026-08-05T16:00:00Z
CP-SEV-02083,Streetlight timer misconfigured turning off early in Avadi,"Streetlights turning off 1 hour before sunrise in neighborhood layout. (Ref Ward-195, Avadi)",Streetlights & Electrical Hazards,streetlights,DEPT_LIGHTING,Avadi,Ward-195,MEDIUM,7,2,4.42,2026-08-26T08:00:00Z
CP-SEV-03331,Unstable overhead gantries signboard shaking in wind in Chennai Central,"Large directional sign board hanging loose over main road threatening to fall on vehicles. (Ref Ward-42, Chennai Central)",Public Infrastructure Damage,infrastructure,DEPT_WORKS,Chennai Central,Ward-42,HIGH,16,9,59.76,2026-08-04T12:00:00Z
CP-SEV-00806,Localized water supply line leakage in Kanchipuram,"Citizen report from Drinking water pipeline leaking small stream of clean water on roadside near residential building. (Ref Ward-9, Kanchipuram)",Water Supply Contamination / Burst,water,DEPT_WATER,Kanchipuram,Ward-9,MEDIUM,7,3,34.69,2026-08-17T18:00:00Z
CP-SEV-01028,Brownish muddy water in residential supply line in Chennai South,"Urgent attention requested: Tap water coming contaminated with mud and silt across entire street layout. (Ref Ward-71, Chennai South)",Water Supply Contamination / Burst,water,DEPT_WATER,Chennai South,Ward-71,HIGH,12,2,85.85,2026-08-22T15:00:00Z
CP-SEV-01532,Severe storm water logging blocking street access in Chennai Central,"Citizen report from Rainwater logging knee-deep across entire street blocking vehicles and shop entrances. (Ref Ward-182, Chennai Central)",Drainage & Sewage Overflow,drainage,DEPT_DRAINAGE,Chennai Central,Ward-182,HIGH,43,10,68.82,2026-08-15T10:00:00Z
CP-SEV-00337,Deep pothole causing vehicle damage and traffic blockage in Chennai Central,"Dangerous deep crater on main road damaging car tires and causing traffic congestion. (Ref Ward-76, Chennai Central)",Road Damage & Potholes,roads,DEPT_ROADS,Chennai Central,Ward-76,HIGH,43,13,58.69,2026-08-20T18:00:00Z
CP-SEV-00231,Uneven road paver block near bus stop in Avadi,"Citizen report from Interlocking paver blocks displaced near local bus shelter area. (Ref Ward-157, Avadi)",Road Damage & Potholes,roads,DEPT_ROADS,Avadi,Ward-157,MEDIUM,5,2,41.31,2026-08-13T14:00:00Z
CP-SEV-01589,Overflowing sewage drain on market street in Tiruvallur,"Municipal grievance reported: Sewage drain overflowing onto commercial market footpath creating foul health hazard. (Ref Ward-3, Tiruvallur)",Drainage & Sewage Overflow,drainage,DEPT_DRAINAGE,Tiruvallur,Ward-3,HIGH,14,12,93.44,2026-08-06T12:00:00Z
CP-SEV-01138,Complete water outage in hospital ward for 48 hours in Tambaram,"Citizen report from Zero water supply in municipal hospital premises for two days, threatening patient emergency operations. (Ref Ward-144, Tambaram)",Water Supply Contamination / Burst,water,DEPT_WATER,Tambaram,Ward-144,CRITICAL,32,1,67.61,2026-08-16T17:00:00Z
CP-SEV-03664,Tree branch overhanging private wall in Avadi,"Small tree branch extending over compound wall without immediate blockage. (Ref Ward-9, Avadi)",Other / General Municipal Operations,other,DEPT_GENERAL,Avadi,Ward-9,LOW,3,1,40.44,2026-08-12T11:00:00Z
CP-SEV-02096,Streetlight timer misconfigured turning off early in Tiruvallur,"Streetlights turning off 1 hour before sunrise in neighborhood layout. (Ref Ward-41, Tiruvallur)",Streetlights & Electrical Hazards,streetlights,DEPT_LIGHTING,Tiruvallur,Ward-41,MEDIUM,10,1,14.66,2026-08-17T15:00:00Z
CP-SEV-03633,Tree branch overhanging private wall in Kanchipuram,"Municipal grievance reported: Small tree branch extending over compound wall without immediate blockage. (Ref Ward-22, Kanchipuram)",Other / General Municipal Operations,other,DEPT_GENERAL,Kanchipuram,Ward-22,LOW,9,2,19.31,2026-08-09T20:00:00Z
CP-SEV-00623,Slight water pressure decrease in morning tap in Kanchipuram,"Municipal grievance reported: Municipal tap water pressure is slightly lower than usual during morning supply hours. (Ref Ward-124, Kanchipuram)",Water Supply Contamination / Burst,water,DEPT_WATER,Kanchipuram,Ward-124,LOW,3,1,0.57,2026-08-03T09:00:00Z
CP-SEV-00177,Moderate pothole on residential lane in Kanchipuram,"Pothole approximately 1 foot wide causing discomfort for two-wheelers in neighborhood street. (Ref Ward-191, Kanchipuram)",Road Damage & Potholes,roads,DEPT_ROADS,Kanchipuram,Ward-191,MEDIUM,6,3,33.4,2026-08-05T14:00:00Z
CP-SEV-02393,Electrical transformer explosion emitting fire and smoke in Chennai North,"Urgent attention requested: Street transformer exploded emitting fire sparks and thick black smoke near crowded apartments. (Ref Ward-148, Chennai North)",Streetlights & Electrical Hazards,streetlights,DEPT_LIGHTING,Chennai North,Ward-148,CRITICAL,42,2,93.17,2026-08-09T19:00:00Z
CP-SEV-03348,Unstable overhead gantries signboard shaking in wind in Chennai North,"Large directional sign board hanging loose over main road threatening to fall on vehicles. (Ref Ward-173, Chennai North)",Public Infrastructure Damage,infrastructure,DEPT_WORKS,Chennai North,Ward-173,HIGH,32,12,93.69,2026-08-12T10:00:00Z
CP-SEV-03399,Public footbridge steps broken in Avadi,"Citizen report from Concrete steps on pedestrian footbridge cracked with exposed rusty iron rebar. (Ref Ward-84, Avadi)",Public Infrastructure Damage,infrastructure,DEPT_WORKS,Avadi,Ward-84,HIGH,11,10,80.09,2026-08-06T18:00:00Z
CP-SEV-03621,Tree branch overhanging private wall in Chennai South,"Field inspection notice: Small tree branch extending over compound wall without immediate blockage. (Ref Ward-26, Chennai South)",Other / General Municipal Operations,other,DEPT_GENERAL,Chennai South,Ward-26,LOW,5,2,44.04,2026-08-17T08:00:00Z
CP-SEV-02396,Electrical transformer explosion emitting fire and smoke in Tiruvallur,"Field inspection notice: Street transformer exploded emitting fire sparks and thick black smoke near crowded apartments. (Ref Ward-145, Tiruvallur)",Streetlights & Electrical Hazards,streetlights,DEPT_LIGHTING,Tiruvallur,Ward-145,CRITICAL,35,12,71.98,2026-08-08T19:00:00Z
CP-SEV-00622,Slight water pressure decrease in morning tap in Chennai South,"Field inspection notice: Municipal tap water pressure is slightly lower than usual during morning supply hours. (Ref Ward-92, Chennai South)",Water Supply Contamination / Burst,water,DEPT_WATER,Chennai South,Ward-92,LOW,4,1,1.77,2026-08-16T11:00:00Z
CP-SEV-04029,Stray dog pack menace creating panic near market in Kanchipuram,"Pack of aggressive stray dogs barking and chasing two-wheelers near market. (Ref Ward-8, Kanchipuram)",Other / General Municipal Operations,other,DEPT_GENERAL,Kanchipuram,Ward-8,HIGH,41,10,67.3,2026-08-27T10:00:00Z
CP-SEV-00037,Minor cosmetic paint peeling on speed breaker in Chennai North,"Citizen report from Faded paint on speed bump near residential lane, requires routine repaint. (Ref Ward-193, Chennai North)",Road Damage & Potholes,roads,DEPT_ROADS,Chennai North,Ward-193,LOW,2,2,21.85,2026-08-07T14:00:00Z
CP-SEV-00044,Minor cosmetic paint peeling on speed breaker in Tambaram,"Faded paint on speed bump near residential lane, requires routine repaint. (Ref Ward-169, Tambaram)",Road Damage & Potholes,roads,DEPT_ROADS,Tambaram,Ward-169,LOW,9,3,14.24,2026-08-09T11:00:00Z
CP-SEV-00734,Minor street tap valve dripping in Kanchipuram,"Urgent attention requested: Public street tap dripping slowly near community park. (Ref Ward-191, Kanchipuram)",Water Supply Contamination / Burst,water,DEPT_WATER,Kanchipuram,Ward-191,LOW,9,3,5.3,2026-08-01T14:00:00Z
CP-SEV-03569,Municipal hall roof slab collapse hazard in Chennai Central,"Urgent attention requested: Heavy concrete ceiling slab sagging and crumbling over crowded public waiting hall. (Ref Ward-73, Chennai Central)",Public Infrastructure Damage,infrastructure,DEPT_WORKS,Chennai Central,Ward-73,CRITICAL,7,2,80.18,2026-08-20T15:00:00Z
CP-SEV-02973,Massive garbage barrier blocking emergency hospital ambulance entrance in Kanchipuram,"Rotting garbage pile collapsed across hospital gate preventing emergency ambulance access. (Ref Ward-143, Kanchipuram)",Garbage & Waste Disposal,garbage,DEPT_SANITATION,Kanchipuram,Ward-143,CRITICAL,27,7,72.39,2026-08-02T13:00:00Z
CP-SEV-01319,Slight odor from storm water drain inlet in Chennai North,"Field inspection notice: Mild stagnant smell from open storm drain during hot afternoon. (Ref Ward-32, Chennai North)",Drainage & Sewage Overflow,drainage,DEPT_DRAINAGE,Chennai North,Ward-32,LOW,5,1,20.01,2026-08-08T19:00:00Z
CP-SEV-03363,Unstable overhead gantries signboard shaking in wind in Avadi,"Field inspection notice: Large directional sign board hanging loose over main road threatening to fall on vehicles. (Ref Ward-102, Avadi)",Public Infrastructure Damage,infrastructure,DEPT_WORKS,Avadi,Ward-102,HIGH,1,9,50.17,2026-08-26T17:00:00Z
CP-SEV-03704,Faded ward boundary map in Tiruvallur,"Field inspection notice: Public information board map faded at zonal office. (Ref Ward-178, Tiruvallur)",Other / General Municipal Operations,other,DEPT_GENERAL,Tiruvallur,Ward-178,LOW,0,1,18.45,2026-08-01T12:00:00Z
CP-SEV-00348,Deep pothole causing vehicle damage and traffic blockage in Tiruvallur,"Field inspection notice: Dangerous deep crater on main road damaging car tires and causing traffic congestion. (Ref Ward-134, Tiruvallur)",Road Damage & Potholes,roads,DEPT_ROADS,Tiruvallur,Ward-134,HIGH,7,11,59.24,2026-08-19T15:00:00Z
CP-SEV-03469,Imminent structural collapse of busy flyover bridge pillar in Chennai South,"Field inspection notice: Load-bearing concrete pillar of busy traffic flyover cracked with large concrete blocks falling onto road below. (Ref Ward-6, Chennai South)",Public Infrastructure Damage,infrastructure,DEPT_WORKS,Chennai South,Ward-6,CRITICAL,35,9,94.33,2026-08-26T09:00:00Z
CP-SEV-04022,Stray dog pack menace creating panic near market in Tambaram,"Pack of aggressive stray dogs barking and chasing two-wheelers near market. (Ref Ward-69, Tambaram)",Other / General Municipal Operations,other,DEPT_GENERAL,Tambaram,Ward-69,HIGH,7,7,52.86,2026-08-01T13:00:00Z
CP-SEV-03333,Unstable overhead gantries signboard shaking in wind in Chennai North,"Large directional sign board hanging loose over main road threatening to fall on vehicles. (Ref Ward-121, Chennai North)",Public Infrastructure Damage,infrastructure,DEPT_WORKS,Chennai North,Ward-121,HIGH,28,3,87.14,2026-08-14T17:00:00Z
CP-SEV-03595,Municipal hall roof slab collapse hazard in Tiruvallur,"Field inspection notice: Heavy concrete ceiling slab sagging and crumbling over crowded public waiting hall. (Ref Ward-91, Tiruvallur)",Public Infrastructure Damage,infrastructure,DEPT_WORKS,Tiruvallur,Ward-91,CRITICAL,32,1,50.66,2026-08-21T12:00:00Z
CP-SEV-01134,Complete water outage in hospital ward for 48 hours in Tambaram,"Field inspection notice: Zero water supply in municipal hospital premises for two days, threatening patient emergency operations. (Ref Ward-31, Tambaram)",Water Supply Contamination / Burst,water,DEPT_WATER,Tambaram,Ward-31,CRITICAL,28,6,88.38,2026-08-15T15:00:00Z
CP-SEV-02717,Large uncollected garbage dump overflowing onto main road in Kanchipuram,"Massive multi-ton waste pile spilling onto main road lane causing traffic blockage and stench. (Ref Ward-5, Kanchipuram)",Garbage & Waste Disposal,garbage,DEPT_SANITATION,Kanchipuram,Ward-5,HIGH,3,9,66.57,2026-08-19T17:00:00Z
CP-SEV-02500,Public dustbin lid missing in Chennai Central,"Plastic dustbin lid missing at street corner bin. (Ref Ward-118, Chennai Central)",Garbage & Waste Disposal,garbage,DEPT_SANITATION,Chennai Central,Ward-118,LOW,7,3,33.94,2026-08-18T16:00:00Z
CP-SEV-02677,Commercial shop waste dumped on sidewalk in Avadi,"Municipal grievance reported: Retail shop cardboard boxes and plastic packaging dumped along footpath. (Ref Ward-147, Avadi)",Garbage & Waste Disposal,garbage,DEPT_SANITATION,Avadi,Ward-147,MEDIUM,6,2,7.14,2026-08-08T14:00:00Z
CP-SEV-03869,Overgrown grass near roadside footway in Chennai North,"Field inspection notice: Wild grass growing along sidewalk margin. (Ref Ward-35, Chennai North)",Other / General Municipal Operations,other,DEPT_GENERAL,Chennai North,Ward-35,MEDIUM,5,2,42.05,2026-08-22T13:00:00Z
CP-SEV-00717,Minor street tap valve dripping in Chennai South,"Public street tap dripping slowly near community park. (Ref Ward-20, Chennai South)",Water Supply Contamination / Burst,water,DEPT_WATER,Chennai South,Ward-20,LOW,10,2,9.52,2026-08-06T10:00:00Z
CP-SEV-02763,Large uncollected garbage dump overflowing onto main road in Tiruvallur,"Massive multi-ton waste pile spilling onto main road lane causing traffic blockage and stench. (Ref Ward-128, Tiruvallur)",Garbage & Waste Disposal,garbage,DEPT_SANITATION,Tiruvallur,Ward-128,HIGH,10,15,58.4,2026-08-01T10:00:00Z
CP-SEV-03501,Imminent structural collapse of busy flyover bridge pillar in Chennai Central,"Citizen report from Load-bearing concrete pillar of busy traffic flyover cracked with large concrete blocks falling onto road below. (Ref Ward-34, Chennai Central)",Public Infrastructure Damage,infrastructure,DEPT_WORKS,Chennai Central,Ward-34,CRITICAL,23,3,54.18,2026-08-13T08:00:00Z
CP-SEV-01383,Localized clogged street drain causing puddle in Tiruvallur,"Urgent attention requested: Street drain inlet blocked with debris causing minor water pooling after rain. (Ref Ward-143, Tiruvallur)",Drainage & Sewage Overflow,drainage,DEPT_DRAINAGE,Tiruvallur,Ward-143,MEDIUM,5,1,25.99,2026-08-05T12:00:00Z
CP-SEV-02544,Public dustbin lid missing in Tiruvallur,"Field inspection notice: Plastic dustbin lid missing at street corner bin. (Ref Ward-103, Tiruvallur)",Garbage & Waste Disposal,garbage,DEPT_SANITATION,Tiruvallur,Ward-103,LOW,3,2,29.98,2026-08-07T11:00:00Z
CP-SEV-03630,Tree branch overhanging private wall in Chennai North,"Small tree branch extending over compound wall without immediate blockage. (Ref Ward-68, Chennai North)",Other / General Municipal Operations,other,DEPT_GENERAL,Chennai North,Ward-68,LOW,8,2,26.61,2026-08-08T10:00:00Z
CP-SEV-00375,Deep pothole causing vehicle damage and traffic blockage in Chennai Central,"Field inspection notice: Dangerous deep crater on main road damaging car tires and causing traffic congestion. (Ref Ward-98, Chennai Central)",Road Damage & Potholes,roads,DEPT_ROADS,Chennai Central,Ward-98,HIGH,34,11,66.17,2026-08-09T13:00:00Z
CP-SEV-00220,Moderate pothole on residential lane in Chennai South,"Municipal grievance reported: Pothole approximately 1 foot wide causing discomfort for two-wheelers in neighborhood street. (Ref Ward-199, Chennai South)",Road Damage & Potholes,roads,DEPT_ROADS,Chennai South,Ward-199,MEDIUM,5,3,43.12,2026-08-21T10:00:00Z
CP-SEV-02711,Large uncollected garbage dump overflowing onto main road in Avadi,"Citizen report from Massive multi-ton waste pile spilling onto main road lane causing traffic blockage and stench. (Ref Ward-141, Avadi)",Garbage & Waste Disposal,garbage,DEPT_SANITATION,Avadi,Ward-141,HIGH,27,10,54.89,2026-08-21T15:00:00Z
CP-SEV-04189,Chemical gas leak from abandoned industrial cylinder in Chennai South,"Urgent attention requested: Pungent chemical gas leaking from abandoned cylinder causing eye irritation and breathing panic in colony. (Ref Ward-34, Chennai South)",Other / General Municipal Operations,other,DEPT_GENERAL,Chennai South,Ward-34,CRITICAL,19,2,68.33,2026-08-18T20:00:00Z
CP-SEV-01318,Slight odor from storm water drain inlet in Tiruvallur,"Municipal grievance reported: Mild stagnant smell from open storm drain during hot afternoon. (Ref Ward-154, Tiruvallur)",Drainage & Sewage Overflow,drainage,DEPT_DRAINAGE,Tiruvallur,Ward-154,LOW,6,1,37.76,2026-08-26T19:00:00Z
CP-SEV-02543,Public dustbin lid missing in Kanchipuram,"Field inspection notice: Plastic dustbin lid missing at street corner bin. (Ref Ward-122, Kanchipuram)",Garbage & Waste Disposal,garbage,DEPT_SANITATION,Kanchipuram,Ward-122,LOW,5,3,13.79,2026-08-21T19:00:00Z
CP-SEV-03997,Stray dog pack menace creating panic near market in Avadi,"Urgent attention requested: Pack of aggressive stray dogs barking and chasing two-wheelers near market. (Ref Ward-117, Avadi)",Other / General Municipal Operations,other,DEPT_GENERAL,Avadi,Ward-117,HIGH,15,12,64.23,2026-08-14T15:00:00Z
CP-SEV-01106,Toxic chemical effluent mixing into drinking water supply in Tiruvallur,"Citizen report from Industrial chemical sewage leaking directly into municipal drinking pipeline, causing severe illness. (Ref Ward-88, Tiruvallur)",Water Supply Contamination / Burst,water,DEPT_WATER,Tiruvallur,Ward-88,CRITICAL,45,5,51.29,2026-08-27T09:00:00Z
CP-SEV-03473,Imminent structural collapse of busy flyover bridge pillar in Chennai Central,"Field inspection notice: Load-bearing concrete pillar of busy traffic flyover cracked with large concrete blocks falling onto road below. (Ref Ward-195, Chennai Central)",Public Infrastructure Damage,infrastructure,DEPT_WORKS,Chennai Central,Ward-195,CRITICAL,28,1,87.32,2026-08-04T11:00:00Z
CP-SEV-01673,Underground sewage main explosion flooding hospital basement in Chennai Central,"Urgent attention requested: Main sewage trunk line ruptured flooding hospital basement and ground floor with raw sewage. (Ref Ward-129, Chennai Central)",Drainage & Sewage Overflow,drainage,DEPT_DRAINAGE,Chennai Central,Ward-129,CRITICAL,44,8,79.2,2026-08-15T14:00:00Z
CP-SEV-03175,Damaged metal traffic guard rail in Tiruvallur,"Field inspection notice: Galvanized iron traffic barrier bent after minor vehicle impact near bus stand. (Ref Ward-15, Tiruvallur)",Public Infrastructure Damage,infrastructure,DEPT_WORKS,Tiruvallur,Ward-15,MEDIUM,9,2,9.9,2026-08-25T15:00:00Z
CP-SEV-00150,Small stone gravel loose on roadside margin in Tiruvallur,"Urgent attention requested: Loose gravel scattered near street corner after minor maintenance. (Ref Ward-113, Tiruvallur)",Road Damage & Potholes,roads,DEPT_ROADS,Tiruvallur,Ward-113,LOW,8,2,0.69,2026-08-05T14:00:00Z
CP-SEV-03403,Public footbridge steps broken in Chennai Central,"Field inspection notice: Concrete steps on pedestrian footbridge cracked with exposed rusty iron rebar. (Ref Ward-115, Chennai Central)",Public Infrastructure Damage,infrastructure,DEPT_WORKS,Chennai Central,Ward-115,HIGH,19,5,71.22,2026-08-25T13:00:00Z
CP-SEV-02574,Uncleared garbage dump accumulating for 3 days in Chennai Central,"Municipal grievance reported: Municipal green bin overflowing with household waste uncleared for 72 hours. (Ref Ward-22, Chennai Central)",Garbage & Waste Disposal,garbage,DEPT_SANITATION,Chennai Central,Ward-22,MEDIUM,1,2,7.94,2026-08-26T11:00:00Z
CP-SEV-03296,Cracked plaster on municipal wall in Avadi,"Municipal grievance reported: Boundary wall plaster cracking near municipal office enclosure. (Ref Ward-39, Avadi)",Public Infrastructure Damage,infrastructure,DEPT_WORKS,Avadi,Ward-39,MEDIUM,1,3,43.72,2026-08-20T12:00:00Z
CP-SEV-02809,Animal carcasses dumped openly near residential layout in Tambaram,"Decomposed animal waste dumped near residential colony causing intense stench and flies. (Ref Ward-187, Tambaram)",Garbage & Waste Disposal,garbage,DEPT_SANITATION,Tambaram,Ward-187,HIGH,6,4,85.95,2026-08-15T13:00:00Z
CP-SEV-03587,Municipal hall roof slab collapse hazard in Kanchipuram,"Urgent attention requested: Heavy concrete ceiling slab sagging and crumbling over crowded public waiting hall. (Ref Ward-31, Kanchipuram)",Public Infrastructure Damage,infrastructure,DEPT_WORKS,Kanchipuram,Ward-31,CRITICAL,30,15,57.49,2026-08-17T18:00:00Z
CP-SEV-01705,Underground sewage main explosion flooding hospital basement in Kanchipuram,"Municipal grievance reported: Main sewage trunk line ruptured flooding hospital basement and ground floor with raw sewage. (Ref Ward-142, Kanchipuram)",Drainage & Sewage Overflow,drainage,DEPT_DRAINAGE,Kanchipuram,Ward-142,CRITICAL,29,12,86.41,2026-08-14T16:00:00Z
CP-SEV-03992,Stray dog pack menace creating panic near market in Tiruvallur,"Pack of aggressive stray dogs barking and chasing two-wheelers near market. (Ref Ward-26, Tiruvallur)",Other / General Municipal Operations,other,DEPT_GENERAL,Tiruvallur,Ward-26,HIGH,8,14,86.38,2026-08-21T15:00:00Z
CP-SEV-01550,Severe storm water logging blocking street access in Tambaram,"Municipal grievance reported: Rainwater logging knee-deep across entire street blocking vehicles and shop entrances. (Ref Ward-102, Tambaram)",Drainage & Sewage Overflow,drainage,DEPT_DRAINAGE,Tambaram,Ward-102,HIGH,19,6,69.28,2026-08-06T16:00:00Z
CP-SEV-03166,Damaged metal traffic guard rail in Tambaram,"Galvanized iron traffic barrier bent after minor vehicle impact near bus stand. (Ref Ward-99, Tambaram)",Public Infrastructure Damage,infrastructure,DEPT_WORKS,Tambaram,Ward-99,MEDIUM,8,2,43.3,2026-08-03T14:00:00Z
CP-SEV-03483,Imminent structural collapse of busy flyover bridge pillar in Kanchipuram,"Load-bearing concrete pillar of busy traffic flyover cracked with large concrete blocks falling onto road below. (Ref Ward-189, Kanchipuram)",Public Infrastructure Damage,infrastructure,DEPT_WORKS,Kanchipuram,Ward-189,CRITICAL,30,3,83.5,2026-08-09T17:00:00Z
CP-SEV-00800,Localized water supply line leakage in Chennai Central,"Citizen report from Drinking water pipeline leaking small stream of clean water on roadside near residential building. (Ref Ward-5, Chennai Central)",Water Supply Contamination / Burst,water,DEPT_WATER,Chennai Central,Ward-5,MEDIUM,0,3,1.0,2026-08-04T12:00:00Z
CP-SEV-03515,Imminent structural collapse of busy flyover bridge pillar in Chennai Central,"Load-bearing concrete pillar of busy traffic flyover cracked with large concrete blocks falling onto road below. (Ref Ward-159, Chennai Central)",Public Infrastructure Damage,infrastructure,DEPT_WORKS,Chennai Central,Ward-159,CRITICAL,8,2,69.67,2026-08-02T08:00:00Z
CP-SEV-00171,Moderate pothole on residential lane in Chennai South,"Field inspection notice: Pothole approximately 1 foot wide causing discomfort for two-wheelers in neighborhood street. (Ref Ward-174, Chennai South)",Road Damage & Potholes,roads,DEPT_ROADS,Chennai South,Ward-174,MEDIUM,8,2,4.06,2026-08-13T08:00:00Z
CP-SEV-01623,Overflowing sewage drain on market street in Chennai North,"Municipal grievance reported: Sewage drain overflowing onto commercial market footpath creating foul health hazard. (Ref Ward-38, Chennai North)",Drainage & Sewage Overflow,drainage,DEPT_DRAINAGE,Chennai North,Ward-38,HIGH,9,2,61.03,2026-08-01T17:00:00Z
CP-SEV-03431,Public footbridge steps broken in Avadi,"Municipal grievance reported: Concrete steps on pedestrian footbridge cracked with exposed rusty iron rebar. (Ref Ward-77, Avadi)",Public Infrastructure Damage,infrastructure,DEPT_WORKS,Avadi,Ward-77,HIGH,21,13,54.45,2026-08-09T20:00:00Z
CP-SEV-00395,Uncovered manhole trench on main avenue in Chennai Central,"Urgent attention requested: Road cut open for cable laying left open without barricades on major avenue. (Ref Ward-12, Chennai Central)",Road Damage & Potholes,roads,DEPT_ROADS,Chennai Central,Ward-12,HIGH,43,15,62.62,2026-08-18T17:00:00Z
CP-SEV-00860,Water supply timing delayed by 2 hours in Avadi,"Municipal grievance reported: Morning municipal water supply delayed by two hours without advance notice. (Ref Ward-193, Avadi)",Water Supply Contamination / Burst,water,DEPT_WATER,Avadi,Ward-193,MEDIUM,8,2,28.04,2026-08-05T19:00:00Z
CP-SEV-02888,Toxic biohazardous medical waste burning near residential area in Chennai Central,"Citizen report from Illegal dump of hospital syringes and chemical waste set on fire emitting toxic fumes into homes. (Ref Ward-67, Chennai Central)",Garbage & Waste Disposal,garbage,DEPT_SANITATION,Chennai Central,Ward-67,CRITICAL,43,11,78.89,2026-08-08T19:00:00Z
CP-SEV-02037,Streetlight timer misconfigured turning off early in Chennai South,"Field inspection notice: Streetlights turning off 1 hour before sunrise in neighborhood layout. (Ref Ward-119, Chennai South)",Streetlights & Electrical Hazards,streetlights,DEPT_LIGHTING,Chennai South,Ward-119,MEDIUM,3,3,31.4,2026-08-22T14:00:00Z
CP-SEV-03610,Tree branch overhanging private wall in Chennai North,"Urgent attention requested: Small tree branch extending over compound wall without immediate blockage. (Ref Ward-84, Chennai North)",Other / General Municipal Operations,other,DEPT_GENERAL,Chennai North,Ward-84,LOW,1,2,41.04,2026-08-14T12:00:00Z
CP-SEV-00007,Minor cosmetic paint peeling on speed breaker in Tiruvallur,"Field inspection notice: Faded paint on speed bump near residential lane, requires routine repaint. (Ref Ward-12, Tiruvallur)",Road Damage & Potholes,roads,DEPT_ROADS,Tiruvallur,Ward-12,LOW,8,1,43.79,2026-08-13T09:00:00Z
CP-SEV-02893,Toxic biohazardous medical waste burning near residential area in Tiruvallur,"Field inspection notice: Illegal dump of hospital syringes and chemical waste set on fire emitting toxic fumes into homes. (Ref Ward-65, Tiruvallur)",Garbage & Waste Disposal,garbage,DEPT_SANITATION,Tiruvallur,Ward-65,CRITICAL,27,1,54.98,2026-08-18T08:00:00Z
CP-SEV-04138,Chemical gas leak from abandoned industrial cylinder in Chennai North,"Municipal grievance reported: Pungent chemical gas leaking from abandoned cylinder causing eye irritation and breathing panic in colony. (Ref Ward-8, Chennai North)",Other / General Municipal Operations,other,DEPT_GENERAL,Chennai North,Ward-8,CRITICAL,6,10,94.57,2026-08-23T19:00:00Z
CP-SEV-00609,Slight water pressure decrease in morning tap in Kanchipuram,"Urgent attention requested: Municipal tap water pressure is slightly lower than usual during morning supply hours. (Ref Ward-96, Kanchipuram)",Water Supply Contamination / Burst,water,DEPT_WATER,Kanchipuram,Ward-96,LOW,5,3,8.58,2026-08-22T08:00:00Z
CP-SEV-03066,Faded street name sign board in Kanchipuram,"Urgent attention requested: Municipal street sign board paint faded near junction. (Ref Ward-4, Kanchipuram)",Public Infrastructure Damage,infrastructure,DEPT_WORKS,Kanchipuram,Ward-4,LOW,7,2,40.77,2026-08-27T18:00:00Z
CP-SEV-01789,Severe toxic sewage backup into ground floor homes in Chennai Central,"Urgent attention requested: Raw black sewage backing up into toilets and living rooms of 50 houses creating extreme cholera biohazard. (Ref Ward-185, Chennai Central)",Drainage & Sewage Overflow,drainage,DEPT_DRAINAGE,Chennai Central,Ward-185,CRITICAL,31,10,80.95,2026-08-04T09:00:00Z
CP-SEV-02861,Toxic biohazardous medical waste burning near residential area in Tambaram,"Municipal grievance reported: Illegal dump of hospital syringes and chemical waste set on fire emitting toxic fumes into homes. (Ref Ward-18, Tambaram)",Garbage & Waste Disposal,garbage,DEPT_SANITATION,Tambaram,Ward-18,CRITICAL,10,4,89.24,2026-08-19T09:00:00Z
CP-SEV-02935,Massive garbage barrier blocking emergency hospital ambulance entrance in Tambaram,"Field inspection notice: Rotting garbage pile collapsed across hospital gate preventing emergency ambulance access. (Ref Ward-186, Tambaram)",Garbage & Waste Disposal,garbage,DEPT_SANITATION,Tambaram,Ward-186,CRITICAL,37,11,91.86,2026-08-16T18:00:00Z
CP-SEV-03651,Tree branch overhanging private wall in Tambaram,"Small tree branch extending over compound wall without immediate blockage. (Ref Ward-62, Tambaram)",Other / General Municipal Operations,other,DEPT_GENERAL,Tambaram,Ward-62,LOW,0,3,10.0,2026-08-19T08:00:00Z
CP-SEV-01929,Streetlight pole sticker peeling off in Avadi,"Field inspection notice: Identification sticker on light pole peeling off near corner. (Ref Ward-121, Avadi)",Streetlights & Electrical Hazards,streetlights,DEPT_LIGHTING,Avadi,Ward-121,LOW,4,2,4.19,2026-08-14T16:00:00Z
CP-SEV-01353,Localized clogged street drain causing puddle in Kanchipuram,"Municipal grievance reported: Street drain inlet blocked with debris causing minor water pooling after rain. (Ref Ward-197, Kanchipuram)",Drainage & Sewage Overflow,drainage,DEPT_DRAINAGE,Kanchipuram,Ward-197,MEDIUM,6,1,18.01,2026-08-27T08:00:00Z
CP-SEV-01813,Single decorative garden light dim in public park in Kanchipuram,"Field inspection notice: Pedestrian walkway lamp shade slightly dusty and dim in municipal park. (Ref Ward-42, Kanchipuram)",Streetlights & Electrical Hazards,streetlights,DEPT_LIGHTING,Kanchipuram,Ward-42,LOW,8,1,3.87,2026-08-01T18:00:00Z
CP-SEV-01766,Severe toxic sewage backup into ground floor homes in Chennai South,"Raw black sewage backing up into toilets and living rooms of 50 houses creating extreme cholera biohazard. (Ref Ward-11, Chennai South)",Drainage & Sewage Overflow,drainage,DEPT_DRAINAGE,Chennai South,Ward-11,CRITICAL,33,12,65.45,2026-08-20T09:00:00Z
CP-SEV-00862,Water supply timing delayed by 2 hours in Chennai Central,"Urgent attention requested: Morning municipal water supply delayed by two hours without advance notice. (Ref Ward-44, Chennai Central)",Water Supply Contamination / Burst,water,DEPT_WATER,Chennai Central,Ward-44,MEDIUM,4,1,35.51,2026-08-20T12:00:00Z
CP-SEV-03753,Stray cattle roaming on residential street in Tambaram,"Citizen report from Stray cows sitting on residential lane causing minor vehicle slowness. (Ref Ward-101, Tambaram)",Other / General Municipal Operations,other,DEPT_GENERAL,Tambaram,Ward-101,MEDIUM,2,1,34.31,2026-08-13T20:00:00Z
CP-SEV-01486,Small open drainage chamber cover displaced in Chennai North,"Field inspection notice: Concrete cover slab of small side drain displaced by 2 inches. (Ref Ward-138, Chennai North)",Drainage & Sewage Overflow,drainage,DEPT_DRAINAGE,Chennai North,Ward-138,MEDIUM,5,1,36.73,2026-08-10T11:00:00Z
CP-SEV-01338,Slight odor from storm water drain inlet in Chennai North,"Mild stagnant smell from open storm drain during hot afternoon. (Ref Ward-78, Chennai North)",Drainage & Sewage Overflow,drainage,DEPT_DRAINAGE,Chennai North,Ward-78,LOW,10,2,2.96,2026-08-22T08:00:00Z
CP-SEV-00052,Minor cosmetic paint peeling on speed breaker in Avadi,"Municipal grievance reported: Faded paint on speed bump near residential lane, requires routine repaint. (Ref Ward-126, Avadi)",Road Damage & Potholes,roads,DEPT_ROADS,Avadi,Ward-126,LOW,0,1,28.54,2026-08-27T12:00:00Z
CP-SEV-01934,Streetlight pole sticker peeling off in Tiruvallur,"Identification sticker on light pole peeling off near corner. (Ref Ward-126, Tiruvallur)",Streetlights & Electrical Hazards,streetlights,DEPT_LIGHTING,Tiruvallur,Ward-126,LOW,3,1,6.36,2026-08-20T15:00:00Z
CP-SEV-00104,Small stone gravel loose on roadside margin in Chennai Central,"Urgent attention requested: Loose gravel scattered near street corner after minor maintenance. (Ref Ward-63, Chennai Central)",Road Damage & Potholes,roads,DEPT_ROADS,Chennai Central,Ward-63,LOW,4,2,10.97,2026-08-15T17:00:00Z
CP-SEV-01099,Toxic chemical effluent mixing into drinking water supply in Tiruvallur,"Municipal grievance reported: Industrial chemical sewage leaking directly into municipal drinking pipeline, causing severe illness. (Ref Ward-81, Tiruvallur)",Water Supply Contamination / Burst,water,DEPT_WATER,Tiruvallur,Ward-81,CRITICAL,17,11,81.41,2026-08-12T09:00:00Z
CP-SEV-02139,Entire street dark due to multiple streetlight failure in Chennai North,"Citizen report from All 15 streetlights out on main connecting road creating dark zone and safety hazard for commuters. (Ref Ward-153, Chennai North)",Streetlights & Electrical Hazards,streetlights,DEPT_LIGHTING,Chennai North,Ward-153,HIGH,42,5,66.73,2026-08-14T10:00:00Z
CP-SEV-02789,Animal carcasses dumped openly near residential layout in Tiruvallur,"Decomposed animal waste dumped near residential colony causing intense stench and flies. (Ref Ward-165, Tiruvallur)",Garbage & Waste Disposal,garbage,DEPT_SANITATION,Tiruvallur,Ward-165,HIGH,20,11,73.6,2026-08-13T18:00:00Z
CP-SEV-03245,Cracked plaster on municipal wall in Kanchipuram,"Citizen report from Boundary wall plaster cracking near municipal office enclosure. (Ref Ward-112, Kanchipuram)",Public Infrastructure Damage,infrastructure,DEPT_WORKS,Kanchipuram,Ward-112,MEDIUM,4,2,33.92,2026-08-28T12:00:00Z
CP-SEV-03198,Damaged metal traffic guard rail in Avadi,"Urgent attention requested: Galvanized iron traffic barrier bent after minor vehicle impact near bus stand. (Ref Ward-90, Avadi)",Public Infrastructure Damage,infrastructure,DEPT_WORKS,Avadi,Ward-90,MEDIUM,7,2,4.12,2026-08-02T16:00:00Z
CP-SEV-00658,Slight water pressure decrease in morning tap in Chennai South,"Citizen report from Municipal tap water pressure is slightly lower than usual during morning supply hours. (Ref Ward-182, Chennai South)",Water Supply Contamination / Burst,water,DEPT_WATER,Chennai South,Ward-182,LOW,8,3,31.24,2026-08-11T19:00:00Z
CP-SEV-01288,Slight odor from storm water drain inlet in Tambaram,"Mild stagnant smell from open storm drain during hot afternoon. (Ref Ward-122, Tambaram)",Drainage & Sewage Overflow,drainage,DEPT_DRAINAGE,Tambaram,Ward-122,LOW,2,1,22.71,2026-08-15T20:00:00Z
CP-SEV-01815,Single decorative garden light dim in public park in Tambaram,"Pedestrian walkway lamp shade slightly dusty and dim in municipal park. (Ref Ward-146, Tambaram)",Streetlights & Electrical Hazards,streetlights,DEPT_LIGHTING,Tambaram,Ward-146,LOW,1,2,8.34,2026-08-24T19:00:00Z
CP-SEV-01292,Slight odor from storm water drain inlet in Chennai North,"Municipal grievance reported: Mild stagnant smell from open storm drain during hot afternoon. (Ref Ward-147, Chennai North)",Drainage & Sewage Overflow,drainage,DEPT_DRAINAGE,Chennai North,Ward-147,LOW,8,3,5.57,2026-08-18T09:00:00Z
CP-SEV-03747,Faded ward boundary map in Avadi,"Municipal grievance reported: Public information board map faded at zonal office. (Ref Ward-195, Avadi)",Other / General Municipal Operations,other,DEPT_GENERAL,Avadi,Ward-195,LOW,10,3,36.38,2026-08-02T14:00:00Z
CP-SEV-01502,Severe storm water logging blocking street access in Kanchipuram,"Urgent attention requested: Rainwater logging knee-deep across entire street blocking vehicles and shop entrances. (Ref Ward-97, Kanchipuram)",Drainage & Sewage Overflow,drainage,DEPT_DRAINAGE,Kanchipuram,Ward-97,HIGH,29,14,86.82,2026-08-13T12:00:00Z
CP-SEV-00782,Localized water supply line leakage in Avadi,"Field inspection notice: Drinking water pipeline leaking small stream of clean water on roadside near residential building. (Ref Ward-166, Avadi)",Water Supply Contamination / Burst,water,DEPT_WATER,Avadi,Ward-166,MEDIUM,4,2,35.14,2026-08-12T19:00:00Z
CP-SEV-03544,Municipal hall roof slab collapse hazard in Tambaram,"Urgent attention requested: Heavy concrete ceiling slab sagging and crumbling over crowded public waiting hall. (Ref Ward-5, Tambaram)",Public Infrastructure Damage,infrastructure,DEPT_WORKS,Tambaram,Ward-5,CRITICAL,18,2,57.18,2026-08-04T20:00:00Z
CP-SEV-02255,High-voltage 11kV live wire snapped hanging across school gate in Tambaram,"Sparking live electrical cable hanging at chest height right outside primary school entrance. (Ref Ward-65, Tambaram)",Streetlights & Electrical Hazards,streetlights,DEPT_LIGHTING,Tambaram,Ward-65,CRITICAL,0,11,81.16,2026-08-02T19:00:00Z
CP-SEV-01009,Brownish muddy water in residential supply line in Kanchipuram,"Field inspection notice: Tap water coming contaminated with mud and silt across entire street layout. (Ref Ward-79, Kanchipuram)",Water Supply Contamination / Burst,water,DEPT_WATER,Kanchipuram,Ward-79,HIGH,34,14,86.53,2026-08-01T08:00:00Z
CP-SEV-02942,Massive garbage barrier blocking emergency hospital ambulance entrance in Chennai Central,"Field inspection notice: Rotting garbage pile collapsed across hospital gate preventing emergency ambulance access. (Ref Ward-157, Chennai Central)",Garbage & Waste Disposal,garbage,DEPT_SANITATION,Chennai Central,Ward-157,CRITICAL,1,5,70.39,2026-08-10T10:00:00Z
CP-SEV-03985,Stray dog pack menace creating panic near market in Avadi,"Pack of aggressive stray dogs barking and chasing two-wheelers near market. (Ref Ward-15, Avadi)",Other / General Municipal Operations,other,DEPT_GENERAL,Avadi,Ward-15,HIGH,37,5,66.63,2026-08-20T20:00:00Z
CP-SEV-00385,Uncovered manhole trench on main avenue in Tambaram,"Urgent attention requested: Road cut open for cable laying left open without barricades on major avenue. (Ref Ward-96, Tambaram)",Road Damage & Potholes,roads,DEPT_ROADS,Tambaram,Ward-96,HIGH,39,11,80.0,2026-08-20T15:00:00Z
CP-SEV-01667,Underground sewage main explosion flooding hospital basement in Avadi,"Municipal grievance reported: Main sewage trunk line ruptured flooding hospital basement and ground floor with raw sewage. (Ref Ward-38, Avadi)",Drainage & Sewage Overflow,drainage,DEPT_DRAINAGE,Avadi,Ward-38,CRITICAL,42,14,92.25,2026-08-24T19:00:00Z
CP-SEV-01191,Complete water outage in hospital ward for 48 hours in Chennai South,"Citizen report from Zero water supply in municipal hospital premises for two days, threatening patient emergency operations. (Ref Ward-73, Chennai South)",Water Supply Contamination / Burst,water,DEPT_WATER,Chennai South,Ward-73,CRITICAL,26,3,68.38,2026-08-05T08:00:00Z
CP-SEV-02692,Commercial shop waste dumped on sidewalk in Chennai South,"Field inspection notice: Retail shop cardboard boxes and plastic packaging dumped along footpath. (Ref Ward-11, Chennai South)",Garbage & Waste Disposal,garbage,DEPT_SANITATION,Chennai South,Ward-11,MEDIUM,0,3,3.46,2026-08-03T20:00:00Z
CP-SEV-03401,Public footbridge steps broken in Avadi,"Field inspection notice: Concrete steps on pedestrian footbridge cracked with exposed rusty iron rebar. (Ref Ward-84, Avadi)",Public Infrastructure Damage,infrastructure,DEPT_WORKS,Avadi,Ward-84,HIGH,23,10,53.78,2026-08-03T08:00:00Z
CP-SEV-03945,Large fallen tree trunk blocking entire avenue in Chennai North,"Citizen report from Heavy gulmohar tree uprooted during storm completely blocking two-lane avenue. (Ref Ward-40, Chennai North)",Other / General Municipal Operations,other,DEPT_GENERAL,Chennai North,Ward-40,HIGH,16,14,63.61,2026-08-03T20:00:00Z
CP-SEV-02389,Electrical transformer explosion emitting fire and smoke in Chennai North,"Urgent attention requested: Street transformer exploded emitting fire sparks and thick black smoke near crowded apartments. (Ref Ward-163, Chennai North)",Streetlights & Electrical Hazards,streetlights,DEPT_LIGHTING,Chennai North,Ward-163,CRITICAL,30,3,50.65,2026-08-03T19:00:00Z
CP-SEV-00302,Deep pothole causing vehicle damage and traffic blockage in Tambaram,"Field inspection notice: Dangerous deep crater on main road damaging car tires and causing traffic congestion. (Ref Ward-130, Tambaram)",Road Damage & Potholes,roads,DEPT_ROADS,Tambaram,Ward-130,HIGH,15,4,76.25,2026-08-02T08:00:00Z
CP-SEV-01500,Small open drainage chamber cover displaced in Avadi,"Citizen report from Concrete cover slab of small side drain displaced by 2 inches. (Ref Ward-112, Avadi)",Drainage & Sewage Overflow,drainage,DEPT_DRAINAGE,Avadi,Ward-112,MEDIUM,10,3,18.18,2026-08-02T09:00:00Z
CP-SEV-03800,Stray cattle roaming on residential street in Tiruvallur,"Field inspection notice: Stray cows sitting on residential lane causing minor vehicle slowness. (Ref Ward-142, Tiruvallur)",Other / General Municipal Operations,other,DEPT_GENERAL,Tiruvallur,Ward-142,MEDIUM,6,3,23.16,2026-08-23T15:00:00Z
CP-SEV-01718,Underground sewage main explosion flooding hospital basement in Tambaram,"Municipal grievance reported: Main sewage trunk line ruptured flooding hospital basement and ground floor with raw sewage. (Ref Ward-82, Tambaram)",Drainage & Sewage Overflow,drainage,DEPT_DRAINAGE,Tambaram,Ward-82,CRITICAL,12,4,52.23,2026-08-16T15:00:00Z
CP-SEV-02929,Massive garbage barrier blocking emergency hospital ambulance entrance in Tambaram,"Rotting garbage pile collapsed across hospital gate preventing emergency ambulance access. (Ref Ward-92, Tambaram)",Garbage & Waste Disposal,garbage,DEPT_SANITATION,Tambaram,Ward-92,CRITICAL,32,12,91.72,2026-08-19T15:00:00Z
CP-SEV-01348,Slight odor from storm water drain inlet in Chennai North,"Mild stagnant smell from open storm drain during hot afternoon. (Ref Ward-61, Chennai North)",Drainage & Sewage Overflow,drainage,DEPT_DRAINAGE,Chennai North,Ward-61,LOW,8,1,18.99,2026-08-07T11:00:00Z
CP-SEV-02114,Entire street dark due to multiple streetlight failure in Kanchipuram,"Field inspection notice: All 15 streetlights out on main connecting road creating dark zone and safety hazard for commuters. (Ref Ward-106, Kanchipuram)",Streetlights & Electrical Hazards,streetlights,DEPT_LIGHTING,Kanchipuram,Ward-106,HIGH,25,13,71.89,2026-08-02T16:00:00Z
CP-SEV-02672,Commercial shop waste dumped on sidewalk in Chennai North,"Field inspection notice: Retail shop cardboard boxes and plastic packaging dumped along footpath. (Ref Ward-32, Chennai North)",Garbage & Waste Disposal,garbage,DEPT_SANITATION,Chennai North,Ward-32,MEDIUM,4,3,5.59,2026-08-18T16:00:00Z
CP-SEV-02571,Uncleared garbage dump accumulating for 3 days in Avadi,"Urgent attention requested: Municipal green bin overflowing with household waste uncleared for 72 hours. (Ref Ward-164, Avadi)",Garbage & Waste Disposal,garbage,DEPT_SANITATION,Avadi,Ward-164,MEDIUM,1,1,39.29,2026-08-28T08:00:00Z
CP-SEV-04037,Stray dog pack menace creating panic near market in Chennai Central,"Urgent attention requested: Pack of aggressive stray dogs barking and chasing two-wheelers near market. (Ref Ward-104, Chennai Central)",Other / General Municipal Operations,other,DEPT_GENERAL,Chennai Central,Ward-104,HIGH,17,5,51.21,2026-08-06T11:00:00Z
CP-SEV-02178,Damaged electrical junction box door open in Chennai Central,"Urgent attention requested: Feeder pillar box door hanging open with exposed low-voltage terminals near footpath. (Ref Ward-70, Chennai Central)",Streetlights & Electrical Hazards,streetlights,DEPT_LIGHTING,Chennai Central,Ward-70,HIGH,24,14,90.1,2026-08-04T18:00:00Z
CP-SEV-00843,Water supply timing delayed by 2 hours in Avadi,"Morning municipal water supply delayed by two hours without advance notice. (Ref Ward-25, Avadi)",Water Supply Contamination / Burst,water,DEPT_WATER,Avadi,Ward-25,MEDIUM,10,2,1.68,2026-08-26T17:00:00Z
CP-SEV-01890,Streetlight pole sticker peeling off in Tiruvallur,"Citizen report from Identification sticker on light pole peeling off near corner. (Ref Ward-46, Tiruvallur)",Streetlights & Electrical Hazards,streetlights,DEPT_LIGHTING,Tiruvallur,Ward-46,LOW,0,3,39.71,2026-08-24T11:00:00Z
CP-SEV-03138,Minor scratch on public park bench in Kanchipuram,"Urgent attention requested: Wooden bench slat scratched in public garden. (Ref Ward-50, Kanchipuram)",Public Infrastructure Damage,infrastructure,DEPT_WORKS,Kanchipuram,Ward-50,LOW,2,3,4.21,2026-08-11T08:00:00Z
CP-SEV-04158,Chemical gas leak from abandoned industrial cylinder in Chennai North,"Urgent attention requested: Pungent chemical gas leaking from abandoned cylinder causing eye irritation and breathing panic in colony. (Ref Ward-19, Chennai North)",Other / General Municipal Operations,other,DEPT_GENERAL,Chennai North,Ward-19,CRITICAL,19,2,77.99,2026-08-28T19:00:00Z
CP-SEV-01753,Severe toxic sewage backup into ground floor homes in Chennai South,"Municipal grievance reported: Raw black sewage backing up into toilets and living rooms of 50 houses creating extreme cholera biohazard. (Ref Ward-48, Chennai South)",Drainage & Sewage Overflow,drainage,DEPT_DRAINAGE,Chennai South,Ward-48,CRITICAL,29,3,93.3,2026-08-22T15:00:00Z
CP-SEV-01651,Underground sewage main explosion flooding hospital basement in Tambaram,"Citizen report from Main sewage trunk line ruptured flooding hospital basement and ground floor with raw sewage. (Ref Ward-159, Tambaram)",Drainage & Sewage Overflow,drainage,DEPT_DRAINAGE,Tambaram,Ward-159,CRITICAL,28,6,73.06,2026-08-20T13:00:00Z
CP-SEV-01980,Single streetlight non-functional on residential lane in Tiruvallur,"Citizen report from Sodium streetlight bulb fused outside house no 42 on quiet residential road. (Ref Ward-3, Tiruvallur)",Streetlights & Electrical Hazards,streetlights,DEPT_LIGHTING,Tiruvallur,Ward-3,MEDIUM,10,2,20.72,2026-08-24T11:00:00Z
CP-SEV-03563,Municipal hall roof slab collapse hazard in Chennai North,"Citizen report from Heavy concrete ceiling slab sagging and crumbling over crowded public waiting hall. (Ref Ward-164, Chennai North)",Public Infrastructure Damage,infrastructure,DEPT_WORKS,Chennai North,Ward-164,CRITICAL,23,1,51.64,2026-08-04T20:00:00Z
CP-SEV-02203,Damaged electrical junction box door open in Tambaram,"Municipal grievance reported: Feeder pillar box door hanging open with exposed low-voltage terminals near footpath. (Ref Ward-27, Tambaram)",Streetlights & Electrical Hazards,streetlights,DEPT_LIGHTING,Tambaram,Ward-27,HIGH,39,10,93.68,2026-08-11T11:00:00Z
CP-SEV-03657,Tree branch overhanging private wall in Tiruvallur,"Field inspection notice: Small tree branch extending over compound wall without immediate blockage. (Ref Ward-111, Tiruvallur)",Other / General Municipal Operations,other,DEPT_GENERAL,Tiruvallur,Ward-111,LOW,7,2,29.06,2026-08-27T10:00:00Z
CP-SEV-01207,Dry leaves covering roadside drain grate in Tiruvallur,"Accumulation of dry fallen leaves over storm drain inlet grate. (Ref Ward-44, Tiruvallur)",Drainage & Sewage Overflow,drainage,DEPT_DRAINAGE,Tiruvallur,Ward-44,LOW,4,3,40.09,2026-08-19T11:00:00Z
CP-SEV-01478,Small open drainage chamber cover displaced in Kanchipuram,"Concrete cover slab of small side drain displaced by 2 inches. (Ref Ward-35, Kanchipuram)",Drainage & Sewage Overflow,drainage,DEPT_DRAINAGE,Kanchipuram,Ward-35,MEDIUM,10,3,22.14,2026-08-26T19:00:00Z
CP-SEV-03962,Large fallen tree trunk blocking entire avenue in Chennai South,"Heavy gulmohar tree uprooted during storm completely blocking two-lane avenue. (Ref Ward-86, Chennai South)",Other / General Municipal Operations,other,DEPT_GENERAL,Chennai South,Ward-86,HIGH,17,10,87.87,2026-08-01T15:00:00Z
CP-SEV-01896,Streetlight pole sticker peeling off in Tambaram,"Field inspection notice: Identification sticker on light pole peeling off near corner. (Ref Ward-188, Tambaram)",Streetlights & Electrical Hazards,streetlights,DEPT_LIGHTING,Tambaram,Ward-188,LOW,8,1,37.4,2026-08-10T09:00:00Z
CP-SEV-03374,Unstable overhead gantries signboard shaking in wind in Chennai South,"Urgent attention requested: Large directional sign board hanging loose over main road threatening to fall on vehicles. (Ref Ward-171, Chennai South)",Public Infrastructure Damage,infrastructure,DEPT_WORKS,Chennai South,Ward-171,HIGH,21,8,63.73,2026-08-27T16:00:00Z
CP-SEV-00924,Main municipal water supply pipeline burst in Tambaram,"Field inspection notice: Main feeder pipe burst flooding street and leaving 500 households without water for 24h. (Ref Ward-23, Tambaram)",Water Supply Contamination / Burst,water,DEPT_WATER,Tambaram,Ward-23,HIGH,15,6,70.34,2026-08-10T11:00:00Z
CP-SEV-00030,Minor cosmetic paint peeling on speed breaker in Chennai North,"Urgent attention requested: Faded paint on speed bump near residential lane, requires routine repaint. (Ref Ward-59, Chennai North)",Road Damage & Potholes,roads,DEPT_ROADS,Chennai North,Ward-59,LOW,0,2,3.19,2026-08-08T12:00:00Z
CP-SEV-00656,Slight water pressure decrease in morning tap in Chennai Central,"Municipal tap water pressure is slightly lower than usual during morning supply hours. (Ref Ward-180, Chennai Central)",Water Supply Contamination / Burst,water,DEPT_WATER,Chennai Central,Ward-180,LOW,5,3,33.16,2026-08-18T18:00:00Z
CP-SEV-02186,Damaged electrical junction box door open in Tambaram,"Feeder pillar box door hanging open with exposed low-voltage terminals near footpath. (Ref Ward-156, Tambaram)",Streetlights & Electrical Hazards,streetlights,DEPT_LIGHTING,Tambaram,Ward-156,HIGH,42,7,51.89,2026-08-04T17:00:00Z
CP-SEV-02379,Electrical transformer explosion emitting fire and smoke in Tiruvallur,"Citizen report from Street transformer exploded emitting fire sparks and thick black smoke near crowded apartments. (Ref Ward-177, Tiruvallur)",Streetlights & Electrical Hazards,streetlights,DEPT_LIGHTING,Tiruvallur,Ward-177,CRITICAL,37,14,63.65,2026-08-15T08:00:00Z
CP-SEV-03256,Cracked plaster on municipal wall in Tambaram,"Citizen report from Boundary wall plaster cracking near municipal office enclosure. (Ref Ward-150, Tambaram)",Public Infrastructure Damage,infrastructure,DEPT_WORKS,Tambaram,Ward-150,MEDIUM,2,1,11.0,2026-08-02T12:00:00Z
CP-SEV-03840,Overgrown grass near roadside footway in Avadi,"Municipal grievance reported: Wild grass growing along sidewalk margin. (Ref Ward-103, Avadi)",Other / General Municipal Operations,other,DEPT_GENERAL,Avadi,Ward-103,MEDIUM,10,3,33.47,2026-08-22T15:00:00Z
CP-SEV-02341,Electrical transformer explosion emitting fire and smoke in Chennai South,"Municipal grievance reported: Street transformer exploded emitting fire sparks and thick black smoke near crowded apartments. (Ref Ward-136, Chennai South)",Streetlights & Electrical Hazards,streetlights,DEPT_LIGHTING,Chennai South,Ward-136,CRITICAL,21,12,66.8,2026-08-23T10:00:00Z
CP-SEV-02600,Uncleared garbage dump accumulating for 3 days in Avadi,"Citizen report from Municipal green bin overflowing with household waste uncleared for 72 hours. (Ref Ward-187, Avadi)",Garbage & Waste Disposal,garbage,DEPT_SANITATION,Avadi,Ward-187,MEDIUM,7,3,10.71,2026-08-14T11:00:00Z
CP-SEV-03661,Tree branch overhanging private wall in Tambaram,"Field inspection notice: Small tree branch extending over compound wall without immediate blockage. (Ref Ward-94, Tambaram)",Other / General Municipal Operations,other,DEPT_GENERAL,Tambaram,Ward-94,LOW,0,1,2.01,2026-08-01T18:00:00Z
CP-SEV-00181,Moderate pothole on residential lane in Chennai South,"Field inspection notice: Pothole approximately 1 foot wide causing discomfort for two-wheelers in neighborhood street. (Ref Ward-32, Chennai South)",Road Damage & Potholes,roads,DEPT_ROADS,Chennai South,Ward-32,MEDIUM,1,3,9.54,2026-08-21T17:00:00Z
CP-SEV-02390,Electrical transformer explosion emitting fire and smoke in Chennai South,"Street transformer exploded emitting fire sparks and thick black smoke near crowded apartments. (Ref Ward-117, Chennai South)",Streetlights & Electrical Hazards,streetlights,DEPT_LIGHTING,Chennai South,Ward-117,CRITICAL,44,9,62.29,2026-08-01T19:00:00Z
CP-SEV-02705,Large uncollected garbage dump overflowing onto main road in Tiruvallur,"Urgent attention requested: Massive multi-ton waste pile spilling onto main road lane causing traffic blockage and stench. (Ref Ward-94, Tiruvallur)",Garbage & Waste Disposal,garbage,DEPT_SANITATION,Tiruvallur,Ward-94,HIGH,21,4,72.16,2026-08-13T14:00:00Z
CP-SEV-00312,Deep pothole causing vehicle damage and traffic blockage in Chennai Central,"Dangerous deep crater on main road damaging car tires and causing traffic congestion. (Ref Ward-130, Chennai Central)",Road Damage & Potholes,roads,DEPT_ROADS,Chennai Central,Ward-130,HIGH,34,8,81.89,2026-08-10T15:00:00Z
CP-SEV-03608,Tree branch overhanging private wall in Tiruvallur,"Small tree branch extending over compound wall without immediate blockage. (Ref Ward-183, Tiruvallur)",Other / General Municipal Operations,other,DEPT_GENERAL,Tiruvallur,Ward-183,LOW,6,3,13.09,2026-08-23T20:00:00Z
CP-SEV-01438,Small open drainage chamber cover displaced in Tambaram,"Field inspection notice: Concrete cover slab of small side drain displaced by 2 inches. (Ref Ward-43, Tambaram)",Drainage & Sewage Overflow,drainage,DEPT_DRAINAGE,Tambaram,Ward-43,MEDIUM,7,2,22.74,2026-08-24T14:00:00Z
CP-SEV-02506,Public dustbin lid missing in Tambaram,"Citizen report from Plastic dustbin lid missing at street corner bin. (Ref Ward-152, Tambaram)",Garbage & Waste Disposal,garbage,DEPT_SANITATION,Tambaram,Ward-152,LOW,10,2,17.84,2026-08-05T08:00:00Z
CP-SEV-02424,Small litter paper cups near park bench in Chennai North,"Field inspection notice: Few discarded tea cups scattered around park bench area. (Ref Ward-130, Chennai North)",Garbage & Waste Disposal,garbage,DEPT_SANITATION,Chennai North,Ward-130,LOW,1,3,8.16,2026-08-09T19:00:00Z
CP-SEV-01780,Severe toxic sewage backup into ground floor homes in Kanchipuram,"Municipal grievance reported: Raw black sewage backing up into toilets and living rooms of 50 houses creating extreme cholera biohazard. (Ref Ward-183, Kanchipuram)",Drainage & Sewage Overflow,drainage,DEPT_DRAINAGE,Kanchipuram,Ward-183,CRITICAL,29,6,69.25,2026-08-14T14:00:00Z
CP-SEV-03701,Faded ward boundary map in Chennai South,"Municipal grievance reported: Public information board map faded at zonal office. (Ref Ward-151, Chennai South)",Other / General Municipal Operations,other,DEPT_GENERAL,Chennai South,Ward-151,LOW,2,3,0.57,2026-08-28T10:00:00Z
CP-SEV-02829,Animal carcasses dumped openly near residential layout in Chennai South,"Municipal grievance reported: Decomposed animal waste dumped near residential colony causing intense stench and flies. (Ref Ward-95, Chennai South)",Garbage & Waste Disposal,garbage,DEPT_SANITATION,Chennai South,Ward-95,HIGH,13,2,73.66,2026-08-26T10:00:00Z
CP-SEV-02995,Massive garbage barrier blocking emergency hospital ambulance entrance in Tiruvallur,"Urgent attention requested: Rotting garbage pile collapsed across hospital gate preventing emergency ambulance access. (Ref Ward-69, Tiruvallur)",Garbage & Waste Disposal,garbage,DEPT_SANITATION,Tiruvallur,Ward-69,CRITICAL,2,11,92.51,2026-08-09T12:00:00Z
CP-SEV-04194,Chemical gas leak from abandoned industrial cylinder in Chennai North,"Pungent chemical gas leaking from abandoned cylinder causing eye irritation and breathing panic in colony. (Ref Ward-172, Chennai North)",Other / General Municipal Operations,other,DEPT_GENERAL,Chennai North,Ward-172,CRITICAL,3,2,75.94,2026-08-21T11:00:00Z
CP-SEV-02059,Streetlight timer misconfigured turning off early in Tambaram,"Streetlights turning off 1 hour before sunrise in neighborhood layout. (Ref Ward-67, Tambaram)",Streetlights & Electrical Hazards,streetlights,DEPT_LIGHTING,Tambaram,Ward-67,MEDIUM,1,3,34.95,2026-08-21T16:00:00Z
CP-SEV-01865,Single decorative garden light dim in public park in Chennai North,"Pedestrian walkway lamp shade slightly dusty and dim in municipal park. (Ref Ward-84, Chennai North)",Streetlights & Electrical Hazards,streetlights,DEPT_LIGHTING,Chennai North,Ward-84,LOW,5,2,43.88,2026-08-21T13:00:00Z
CP-SEV-02137,Entire street dark due to multiple streetlight failure in Chennai Central,"Municipal grievance reported: All 15 streetlights out on main connecting road creating dark zone and safety hazard for commuters. (Ref Ward-187, Chennai Central)",Streetlights & Electrical Hazards,streetlights,DEPT_LIGHTING,Chennai Central,Ward-187,HIGH,2,3,88.13,2026-08-06T17:00:00Z
CP-SEV-00166,Moderate pothole on residential lane in Chennai Central,"Citizen report from Pothole approximately 1 foot wide causing discomfort for two-wheelers in neighborhood street. (Ref Ward-174, Chennai Central)",Road Damage & Potholes,roads,DEPT_ROADS,Chennai Central,Ward-174,MEDIUM,10,1,40.65,2026-08-21T08:00:00Z
CP-SEV-02125,Entire street dark due to multiple streetlight failure in Chennai South,"Citizen report from All 15 streetlights out on main connecting road creating dark zone and safety hazard for commuters. (Ref Ward-49, Chennai South)",Streetlights & Electrical Hazards,streetlights,DEPT_LIGHTING,Chennai South,Ward-49,HIGH,13,5,58.17,2026-08-01T16:00:00Z
CP-SEV-03205,Damaged metal traffic guard rail in Kanchipuram,"Citizen report from Galvanized iron traffic barrier bent after minor vehicle impact near bus stand. (Ref Ward-40, Kanchipuram)",Public Infrastructure Damage,infrastructure,DEPT_WORKS,Kanchipuram,Ward-40,MEDIUM,2,3,22.88,2026-08-21T09:00:00Z
CP-SEV-01624,Overflowing sewage drain on market street in Tiruvallur,"Citizen report from Sewage drain overflowing onto commercial market footpath creating foul health hazard. (Ref Ward-107, Tiruvallur)",Drainage & Sewage Overflow,drainage,DEPT_DRAINAGE,Tiruvallur,Ward-107,HIGH,11,8,83.46,2026-08-24T16:00:00Z
CP-SEV-00730,Minor street tap valve dripping in Tiruvallur,"Field inspection notice: Public street tap dripping slowly near community park. (Ref Ward-1, Tiruvallur)",Water Supply Contamination / Burst,water,DEPT_WATER,Tiruvallur,Ward-1,LOW,8,2,16.67,2026-08-02T19:00:00Z
CP-SEV-04062,Rabid stray dog pack actively biting children outside school gate in Tambaram,"Municipal grievance reported: Multiple children bitten and injured by aggressive rabid dog pack near school entrance. (Ref Ward-86, Tambaram)",Other / General Municipal Operations,other,DEPT_GENERAL,Tambaram,Ward-86,CRITICAL,44,1,80.39,2026-08-27T10:00:00Z
CP-SEV-02977,Massive garbage barrier blocking emergency hospital ambulance entrance in Chennai North,"Citizen report from Rotting garbage pile collapsed across hospital gate preventing emergency ambulance access. (Ref Ward-109, Chennai North)",Garbage & Waste Disposal,garbage,DEPT_SANITATION,Chennai North,Ward-109,CRITICAL,15,14,85.2,2026-08-09T20:00:00Z
CP-SEV-03799,Stray cattle roaming on residential street in Kanchipuram,"Stray cows sitting on residential lane causing minor vehicle slowness. (Ref Ward-40, Kanchipuram)",Other / General Municipal Operations,other,DEPT_GENERAL,Kanchipuram,Ward-40,MEDIUM,9,3,24.67,2026-08-07T13:00:00Z
CP-SEV-01393,Localized clogged street drain causing puddle in Avadi,"Field inspection notice: Street drain inlet blocked with debris causing minor water pooling after rain. (Ref Ward-108, Avadi)",Drainage & Sewage Overflow,drainage,DEPT_DRAINAGE,Avadi,Ward-108,MEDIUM,1,2,42.98,2026-08-28T11:00:00Z
CP-SEV-03398,Public footbridge steps broken in Kanchipuram,"Concrete steps on pedestrian footbridge cracked with exposed rusty iron rebar. (Ref Ward-64, Kanchipuram)",Public Infrastructure Damage,infrastructure,DEPT_WORKS,Kanchipuram,Ward-64,HIGH,22,9,64.44,2026-08-22T13:00:00Z
CP-SEV-00501,Catastrophic road cave-in and asphalt collapse in Chennai Central,"Municipal grievance reported: Massive crater opened up on main arterial road causing vehicle overturn and imminent life hazard. (Ref Ward-145, Chennai Central)",Road Damage & Potholes,roads,DEPT_ROADS,Chennai Central,Ward-145,CRITICAL,39,4,70.88,2026-08-19T15:00:00Z
CP-SEV-00476,Catastrophic road cave-in and asphalt collapse in Tiruvallur,"Citizen report from Massive crater opened up on main arterial road causing vehicle overturn and imminent life hazard. (Ref Ward-36, Tiruvallur)",Road Damage & Potholes,roads,DEPT_ROADS,Tiruvallur,Ward-36,CRITICAL,17,11,53.79,2026-08-18T17:00:00Z
CP-SEV-00870,Water supply timing delayed by 2 hours in Chennai South,"Field inspection notice: Morning municipal water supply delayed by two hours without advance notice. (Ref Ward-23, Chennai South)",Water Supply Contamination / Burst,water,DEPT_WATER,Chennai South,Ward-23,MEDIUM,8,3,27.56,2026-08-21T18:00:00Z
CP-SEV-02997,Massive garbage barrier blocking emergency hospital ambulance entrance in Tiruvallur,"Urgent attention requested: Rotting garbage pile collapsed across hospital gate preventing emergency ambulance access. (Ref Ward-20, Tiruvallur)",Garbage & Waste Disposal,garbage,DEPT_SANITATION,Tiruvallur,Ward-20,CRITICAL,8,4,56.94,2026-08-23T15:00:00Z
CP-SEV-00956,Main municipal water supply pipeline burst in Chennai North,"Main feeder pipe burst flooding street and leaving 500 households without water for 24h. (Ref Ward-157, Chennai North)",Water Supply Contamination / Burst,water,DEPT_WATER,Chennai North,Ward-157,HIGH,25,14,55.74,2026-08-10T08:00:00Z
CP-SEV-01992,Single streetlight non-functional on residential lane in Chennai South,"Municipal grievance reported: Sodium streetlight bulb fused outside house no 42 on quiet residential road. (Ref Ward-92, Chennai South)",Streetlights & Electrical Hazards,streetlights,DEPT_LIGHTING,Chennai South,Ward-92,MEDIUM,2,2,24.61,2026-08-25T08:00:00Z
CP-SEV-00304,Deep pothole causing vehicle damage and traffic blockage in Tiruvallur,"Field inspection notice: Dangerous deep crater on main road damaging car tires and causing traffic congestion. (Ref Ward-28, Tiruvallur)",Road Damage & Potholes,roads,DEPT_ROADS,Tiruvallur,Ward-28,HIGH,8,15,61.9,2026-08-12T20:00:00Z
CP-SEV-00033,Minor cosmetic paint peeling on speed breaker in Chennai Central,"Field inspection notice: Faded paint on speed bump near residential lane, requires routine repaint. (Ref Ward-109, Chennai Central)",Road Damage & Potholes,roads,DEPT_ROADS,Chennai Central,Ward-109,LOW,7,3,2.44,2026-08-21T18:00:00Z
CP-SEV-01296,Slight odor from storm water drain inlet in Chennai North,"Mild stagnant smell from open storm drain during hot afternoon. (Ref Ward-137, Chennai North)",Drainage & Sewage Overflow,drainage,DEPT_DRAINAGE,Chennai North,Ward-137,LOW,5,2,26.5,2026-08-16T08:00:00Z
CP-SEV-02277,High-voltage 11kV live wire snapped hanging across school gate in Chennai North,"Municipal grievance reported: Sparking live electrical cable hanging at chest height right outside primary school entrance. (Ref Ward-111, Chennai North)",Streetlights & Electrical Hazards,streetlights,DEPT_LIGHTING,Chennai North,Ward-111,CRITICAL,9,1,70.7,2026-08-23T16:00:00Z
CP-SEV-03828,Overgrown grass near roadside footway in Tiruvallur,"Field inspection notice: Wild grass growing along sidewalk margin. (Ref Ward-121, Tiruvallur)",Other / General Municipal Operations,other,DEPT_GENERAL,Tiruvallur,Ward-121,MEDIUM,5,1,34.98,2026-08-20T09:00:00Z
CP-SEV-03022,Faded street name sign board in Chennai North,"Citizen report from Municipal street sign board paint faded near junction. (Ref Ward-48, Chennai North)",Public Infrastructure Damage,infrastructure,DEPT_WORKS,Chennai North,Ward-48,LOW,2,1,0.73,2026-08-23T16:00:00Z
CP-SEV-01037,Brownish muddy water in residential supply line in Chennai Central,"Municipal grievance reported: Tap water coming contaminated with mud and silt across entire street layout. (Ref Ward-52, Chennai Central)",Water Supply Contamination / Burst,water,DEPT_WATER,Chennai Central,Ward-52,HIGH,8,1,81.15,2026-08-02T12:00:00Z
CP-SEV-03206,Damaged metal traffic guard rail in Tiruvallur,"Municipal grievance reported: Galvanized iron traffic barrier bent after minor vehicle impact near bus stand. (Ref Ward-156, Tiruvallur)",Public Infrastructure Damage,infrastructure,DEPT_WORKS,Tiruvallur,Ward-156,MEDIUM,4,1,15.57,2026-08-22T19:00:00Z
CP-SEV-00631,Slight water pressure decrease in morning tap in Chennai South,"Urgent attention requested: Municipal tap water pressure is slightly lower than usual during morning supply hours. (Ref Ward-179, Chennai South)",Water Supply Contamination / Burst,water,DEPT_WATER,Chennai South,Ward-179,LOW,2,1,18.72,2026-08-19T15:00:00Z
CP-SEV-01746,Severe toxic sewage backup into ground floor homes in Avadi,"Raw black sewage backing up into toilets and living rooms of 50 houses creating extreme cholera biohazard. (Ref Ward-127, Avadi)",Drainage & Sewage Overflow,drainage,DEPT_DRAINAGE,Avadi,Ward-127,CRITICAL,27,2,80.65,2026-08-21T11:00:00Z
CP-SEV-02615,Uncleared garbage dump accumulating for 3 days in Chennai North,"Field inspection notice: Municipal green bin overflowing with household waste uncleared for 72 hours. (Ref Ward-151, Chennai North)",Garbage & Waste Disposal,garbage,DEPT_SANITATION,Chennai North,Ward-151,MEDIUM,5,2,28.99,2026-08-15T11:00:00Z
CP-SEV-00836,Water supply timing delayed by 2 hours in Tiruvallur,"Municipal grievance reported: Morning municipal water supply delayed by two hours without advance notice. (Ref Ward-141, Tiruvallur)",Water Supply Contamination / Burst,water,DEPT_WATER,Tiruvallur,Ward-141,MEDIUM,5,2,20.14,2026-08-13T08:00:00Z
CP-SEV-02324,High-voltage 11kV live wire snapped hanging across school gate in Tiruvallur,"Citizen report from Sparking live electrical cable hanging at chest height right outside primary school entrance. (Ref Ward-89, Tiruvallur)",Streetlights & Electrical Hazards,streetlights,DEPT_LIGHTING,Tiruvallur,Ward-89,CRITICAL,33,1,79.47,2026-08-22T12:00:00Z
CP-SEV-02257,High-voltage 11kV live wire snapped hanging across school gate in Chennai North,"Field inspection notice: Sparking live electrical cable hanging at chest height right outside primary school entrance. (Ref Ward-41, Chennai North)",Streetlights & Electrical Hazards,streetlights,DEPT_LIGHTING,Chennai North,Ward-41,CRITICAL,4,3,74.16,2026-08-06T19:00:00Z
CP-SEV-03589,Municipal hall roof slab collapse hazard in Tiruvallur,"Citizen report from Heavy concrete ceiling slab sagging and crumbling over crowded public waiting hall. (Ref Ward-15, Tiruvallur)",Public Infrastructure Damage,infrastructure,DEPT_WORKS,Tiruvallur,Ward-15,CRITICAL,29,2,92.55,2026-08-04T14:00:00Z
CP-SEV-02810,Animal carcasses dumped openly near residential layout in Chennai North,"Decomposed animal waste dumped near residential colony causing intense stench and flies. (Ref Ward-5, Chennai North)",Garbage & Waste Disposal,garbage,DEPT_SANITATION,Chennai North,Ward-5,HIGH,17,14,56.74,2026-08-28T18:00:00Z
CP-SEV-03159,Damaged metal traffic guard rail in Chennai South,"Galvanized iron traffic barrier bent after minor vehicle impact near bus stand. (Ref Ward-52, Chennai South)",Public Infrastructure Damage,infrastructure,DEPT_WORKS,Chennai South,Ward-52,MEDIUM,5,1,39.93,2026-08-24T12:00:00Z
CP-SEV-03600,Municipal hall roof slab collapse hazard in Chennai North,"Heavy concrete ceiling slab sagging and crumbling over crowded public waiting hall. (Ref Ward-112, Chennai North)",Public Infrastructure Damage,infrastructure,DEPT_WORKS,Chennai North,Ward-112,CRITICAL,44,2,61.07,2026-08-28T13:00:00Z
CP-SEV-01433,Small open drainage chamber cover displaced in Kanchipuram,"Urgent attention requested: Concrete cover slab of small side drain displaced by 2 inches. (Ref Ward-2, Kanchipuram)",Drainage & Sewage Overflow,drainage,DEPT_DRAINAGE,Kanchipuram,Ward-2,MEDIUM,7,1,42.91,2026-08-02T18:00:00Z
CP-SEV-00443,Uncovered manhole trench on main avenue in Chennai Central,"Road cut open for cable laying left open without barricades on major avenue. (Ref Ward-116, Chennai Central)",Road Damage & Potholes,roads,DEPT_ROADS,Chennai Central,Ward-116,HIGH,3,14,66.16,2026-08-01T15:00:00Z
CP-SEV-04058,Rabid stray dog pack actively biting children outside school gate in Tambaram,"Citizen report from Multiple children bitten and injured by aggressive rabid dog pack near school entrance. (Ref Ward-78, Tambaram)",Other / General Municipal Operations,other,DEPT_GENERAL,Tambaram,Ward-78,CRITICAL,21,13,70.44,2026-08-02T14:00:00Z
CP-SEV-02646,Commercial shop waste dumped on sidewalk in Tambaram,"Retail shop cardboard boxes and plastic packaging dumped along footpath. (Ref Ward-45, Tambaram)",Garbage & Waste Disposal,garbage,DEPT_SANITATION,Tambaram,Ward-45,MEDIUM,7,2,14.21,2026-08-20T11:00:00Z
CP-SEV-01602,Overflowing sewage drain on market street in Tiruvallur,"Municipal grievance reported: Sewage drain overflowing onto commercial market footpath creating foul health hazard. (Ref Ward-42, Tiruvallur)",Drainage & Sewage Overflow,drainage,DEPT_DRAINAGE,Tiruvallur,Ward-42,HIGH,21,8,56.95,2026-08-02T16:00:00Z
CP-SEV-02718,Large uncollected garbage dump overflowing onto main road in Kanchipuram,"Municipal grievance reported: Massive multi-ton waste pile spilling onto main road lane causing traffic blockage and stench. (Ref Ward-17, Kanchipuram)",Garbage & Waste Disposal,garbage,DEPT_SANITATION,Kanchipuram,Ward-17,HIGH,18,10,58.18,2026-08-01T19:00:00Z
CP-SEV-00311,Deep pothole causing vehicle damage and traffic blockage in Avadi,"Citizen report from Dangerous deep crater on main road damaging car tires and causing traffic congestion. (Ref Ward-82, Avadi)",Road Damage & Potholes,roads,DEPT_ROADS,Avadi,Ward-82,HIGH,25,10,83.27,2026-08-10T17:00:00Z
CP-SEV-02105,Entire street dark due to multiple streetlight failure in Kanchipuram,"Field inspection notice: All 15 streetlights out on main connecting road creating dark zone and safety hazard for commuters. (Ref Ward-100, Kanchipuram)",Streetlights & Electrical Hazards,streetlights,DEPT_LIGHTING,Kanchipuram,Ward-100,HIGH,15,5,94.41,2026-08-19T14:00:00Z
CP-SEV-02422,Small litter paper cups near park bench in Chennai North,"Municipal grievance reported: Few discarded tea cups scattered around park bench area. (Ref Ward-83, Chennai North)",Garbage & Waste Disposal,garbage,DEPT_SANITATION,Chennai North,Ward-83,LOW,8,3,38.46,2026-08-07T17:00:00Z
CP-SEV-00845,Water supply timing delayed by 2 hours in Tiruvallur,"Citizen report from Morning municipal water supply delayed by two hours without advance notice. (Ref Ward-31, Tiruvallur)",Water Supply Contamination / Burst,water,DEPT_WATER,Tiruvallur,Ward-31,MEDIUM,10,3,41.79,2026-08-21T20:00:00Z
CP-SEV-01598,Overflowing sewage drain on market street in Avadi,"Field inspection notice: Sewage drain overflowing onto commercial market footpath creating foul health hazard. (Ref Ward-26, Avadi)",Drainage & Sewage Overflow,drainage,DEPT_DRAINAGE,Avadi,Ward-26,HIGH,24,1,54.95,2026-08-01T20:00:00Z
CP-SEV-02923,Toxic biohazardous medical waste burning near residential area in Kanchipuram,"Urgent attention requested: Illegal dump of hospital syringes and chemical waste set on fire emitting toxic fumes into homes. (Ref Ward-171, Kanchipuram)",Garbage & Waste Disposal,garbage,DEPT_SANITATION,Kanchipuram,Ward-171,CRITICAL,40,13,79.72,2026-08-09T09:00:00Z
CP-SEV-03183,Damaged metal traffic guard rail in Chennai South,"Field inspection notice: Galvanized iron traffic barrier bent after minor vehicle impact near bus stand. (Ref Ward-114, Chennai South)",Public Infrastructure Damage,infrastructure,DEPT_WORKS,Chennai South,Ward-114,MEDIUM,7,1,25.98,2026-08-13T18:00:00Z
CP-SEV-00668,Slight water pressure decrease in morning tap in Tiruvallur,"Municipal tap water pressure is slightly lower than usual during morning supply hours. (Ref Ward-151, Tiruvallur)",Water Supply Contamination / Burst,water,DEPT_WATER,Tiruvallur,Ward-151,LOW,9,1,34.93,2026-08-07T12:00:00Z
CP-SEV-03683,Faded ward boundary map in Avadi,"Municipal grievance reported: Public information board map faded at zonal office. (Ref Ward-69, Avadi)",Other / General Municipal Operations,other,DEPT_GENERAL,Avadi,Ward-69,LOW,2,2,2.75,2026-08-06T19:00:00Z
CP-SEV-00735,Minor street tap valve dripping in Kanchipuram,"Municipal grievance reported: Public street tap dripping slowly near community park. (Ref Ward-53, Kanchipuram)",Water Supply Contamination / Burst,water,DEPT_WATER,Kanchipuram,Ward-53,LOW,6,2,4.8,2026-08-14T18:00:00Z
CP-SEV-01264,Dry leaves covering roadside drain grate in Avadi,"Municipal grievance reported: Accumulation of dry fallen leaves over storm drain inlet grate. (Ref Ward-78, Avadi)",Drainage & Sewage Overflow,drainage,DEPT_DRAINAGE,Avadi,Ward-78,LOW,5,1,37.22,2026-08-17T17:00:00Z
CP-SEV-02637,Commercial shop waste dumped on sidewalk in Chennai North,"Municipal grievance reported: Retail shop cardboard boxes and plastic packaging dumped along footpath. (Ref Ward-171, Chennai North)",Garbage & Waste Disposal,garbage,DEPT_SANITATION,Chennai North,Ward-171,MEDIUM,3,1,37.0,2026-08-08T19:00:00Z
CP-SEV-03724,Faded ward boundary map in Tiruvallur,"Urgent attention requested: Public information board map faded at zonal office. (Ref Ward-69, Tiruvallur)",Other / General Municipal Operations,other,DEPT_GENERAL,Tiruvallur,Ward-69,LOW,7,1,9.86,2026-08-12T14:00:00Z
CP-SEV-03875,Overgrown grass near roadside footway in Kanchipuram,"Citizen report from Wild grass growing along sidewalk margin. (Ref Ward-95, Kanchipuram)",Other / General Municipal Operations,other,DEPT_GENERAL,Kanchipuram,Ward-95,MEDIUM,1,2,27.74,2026-08-02T13:00:00Z
CP-SEV-04123,Rabid stray dog pack actively biting children outside school gate in Tambaram,"Citizen report from Multiple children bitten and injured by aggressive rabid dog pack near school entrance. (Ref Ward-30, Tambaram)",Other / General Municipal Operations,other,DEPT_GENERAL,Tambaram,Ward-30,CRITICAL,8,13,81.74,2026-08-19T18:00:00Z
CP-SEV-01562,Severe storm water logging blocking street access in Kanchipuram,"Rainwater logging knee-deep across entire street blocking vehicles and shop entrances. (Ref Ward-187, Kanchipuram)",Drainage & Sewage Overflow,drainage,DEPT_DRAINAGE,Kanchipuram,Ward-187,HIGH,39,3,58.49,2026-08-28T17:00:00Z
CP-SEV-01230,Dry leaves covering roadside drain grate in Avadi,"Urgent attention requested: Accumulation of dry fallen leaves over storm drain inlet grate. (Ref Ward-67, Avadi)",Drainage & Sewage Overflow,drainage,DEPT_DRAINAGE,Avadi,Ward-67,LOW,6,3,0.81,2026-08-13T09:00:00Z
CP-SEV-03881,Overgrown grass near roadside footway in Tambaram,"Urgent attention requested: Wild grass growing along sidewalk margin. (Ref Ward-128, Tambaram)",Other / General Municipal Operations,other,DEPT_GENERAL,Tambaram,Ward-128,MEDIUM,5,2,2.43,2026-08-17T15:00:00Z
CP-SEV-02878,Toxic biohazardous medical waste burning near residential area in Tiruvallur,"Municipal grievance reported: Illegal dump of hospital syringes and chemical waste set on fire emitting toxic fumes into homes. (Ref Ward-94, Tiruvallur)",Garbage & Waste Disposal,garbage,DEPT_SANITATION,Tiruvallur,Ward-94,CRITICAL,24,14,85.59,2026-08-26T19:00:00Z
CP-SEV-03723,Faded ward boundary map in Chennai South,"Citizen report from Public information board map faded at zonal office. (Ref Ward-11, Chennai South)",Other / General Municipal Operations,other,DEPT_GENERAL,Chennai South,Ward-11,LOW,4,3,9.86,2026-08-10T12:00:00Z
CP-SEV-03598,Municipal hall roof slab collapse hazard in Kanchipuram,"Field inspection notice: Heavy concrete ceiling slab sagging and crumbling over crowded public waiting hall. (Ref Ward-196, Kanchipuram)",Public Infrastructure Damage,infrastructure,DEPT_WORKS,Kanchipuram,Ward-196,CRITICAL,35,6,88.11,2026-08-09T14:00:00Z
CP-SEV-02039,Streetlight timer misconfigured turning off early in Avadi,"Urgent attention requested: Streetlights turning off 1 hour before sunrise in neighborhood layout. (Ref Ward-89, Avadi)",Streetlights & Electrical Hazards,streetlights,DEPT_LIGHTING,Avadi,Ward-89,MEDIUM,3,3,44.32,2026-08-12T12:00:00Z
CP-SEV-01763,Severe toxic sewage backup into ground floor homes in Kanchipuram,"Municipal grievance reported: Raw black sewage backing up into toilets and living rooms of 50 houses creating extreme cholera biohazard. (Ref Ward-111, Kanchipuram)",Drainage & Sewage Overflow,drainage,DEPT_DRAINAGE,Kanchipuram,Ward-111,CRITICAL,13,12,54.02,2026-08-13T18:00:00Z
CP-SEV-00402,Uncovered manhole trench on main avenue in Chennai South,"Road cut open for cable laying left open without barricades on major avenue. (Ref Ward-92, Chennai South)",Road Damage & Potholes,roads,DEPT_ROADS,Chennai South,Ward-92,HIGH,24,7,58.36,2026-08-19T18:00:00Z
CP-SEV-03822,Stray cattle roaming on residential street in Chennai South,"Urgent attention requested: Stray cows sitting on residential lane causing minor vehicle slowness. (Ref Ward-108, Chennai South)",Other / General Municipal Operations,other,DEPT_GENERAL,Chennai South,Ward-108,MEDIUM,9,3,8.07,2026-08-02T10:00:00Z
CP-SEV-02523,Public dustbin lid missing in Kanchipuram,"Field inspection notice: Plastic dustbin lid missing at street corner bin. (Ref Ward-96, Kanchipuram)",Garbage & Waste Disposal,garbage,DEPT_SANITATION,Kanchipuram,Ward-96,LOW,4,3,25.14,2026-08-27T19:00:00Z
CP-SEV-03467,Imminent structural collapse of busy flyover bridge pillar in Tiruvallur,"Municipal grievance reported: Load-bearing concrete pillar of busy traffic flyover cracked with large concrete blocks falling onto road below. (Ref Ward-82, Tiruvallur)",Public Infrastructure Damage,infrastructure,DEPT_WORKS,Tiruvallur,Ward-82,CRITICAL,7,14,81.81,2026-08-27T20:00:00Z
CP-SEV-02714,Large uncollected garbage dump overflowing onto main road in Tiruvallur,"Field inspection notice: Massive multi-ton waste pile spilling onto main road lane causing traffic blockage and stench. (Ref Ward-136, Tiruvallur)",Garbage & Waste Disposal,garbage,DEPT_SANITATION,Tiruvallur,Ward-136,HIGH,12,6,63.43,2026-08-16T18:00:00Z
CP-SEV-00739,Minor street tap valve dripping in Tiruvallur,"Field inspection notice: Public street tap dripping slowly near community park. (Ref Ward-181, Tiruvallur)",Water Supply Contamination / Burst,water,DEPT_WATER,Tiruvallur,Ward-181,LOW,2,3,5.36,2026-08-08T15:00:00Z
CP-SEV-04116,Rabid stray dog pack actively biting children outside school gate in Chennai North,"Multiple children bitten and injured by aggressive rabid dog pack near school entrance. (Ref Ward-39, Chennai North)",Other / General Municipal Operations,other,DEPT_GENERAL,Chennai North,Ward-39,CRITICAL,35,14,89.68,2026-08-28T14:00:00Z
CP-SEV-01764,Severe toxic sewage backup into ground floor homes in Chennai North,"Raw black sewage backing up into toilets and living rooms of 50 houses creating extreme cholera biohazard. (Ref Ward-71, Chennai North)",Drainage & Sewage Overflow,drainage,DEPT_DRAINAGE,Chennai North,Ward-71,CRITICAL,28,15,73.71,2026-08-09T18:00:00Z
CP-SEV-00712,Minor street tap valve dripping in Tambaram,"Field inspection notice: Public street tap dripping slowly near community park. (Ref Ward-121, Tambaram)",Water Supply Contamination / Burst,water,DEPT_WATER,Tambaram,Ward-121,LOW,0,1,44.13,2026-08-11T09:00:00Z
CP-SEV-01388,Localized clogged street drain causing puddle in Tambaram,"Field inspection notice: Street drain inlet blocked with debris causing minor water pooling after rain. (Ref Ward-49, Tambaram)",Drainage & Sewage Overflow,drainage,DEPT_DRAINAGE,Tambaram,Ward-49,MEDIUM,1,2,25.63,2026-08-15T18:00:00Z
CP-SEV-02312,High-voltage 11kV live wire snapped hanging across school gate in Tiruvallur,"Urgent attention requested: Sparking live electrical cable hanging at chest height right outside primary school entrance. (Ref Ward-196, Tiruvallur)",Streetlights & Electrical Hazards,streetlights,DEPT_LIGHTING,Tiruvallur,Ward-196,CRITICAL,15,2,57.97,2026-08-03T10:00:00Z
CP-SEV-00932,Main municipal water supply pipeline burst in Chennai Central,"Citizen report from Main feeder pipe burst flooding street and leaving 500 households without water for 24h. (Ref Ward-52, Chennai Central)",Water Supply Contamination / Burst,water,DEPT_WATER,Chennai Central,Ward-52,HIGH,18,5,73.95,2026-08-25T15:00:00Z
CP-SEV-00958,Main municipal water supply pipeline burst in Tiruvallur,"Urgent attention requested: Main feeder pipe burst flooding street and leaving 500 households without water for 24h. (Ref Ward-73, Tiruvallur)",Water Supply Contamination / Burst,water,DEPT_WATER,Tiruvallur,Ward-73,HIGH,15,7,81.6,2026-08-13T18:00:00Z
CP-SEV-01837,Single decorative garden light dim in public park in Chennai North,"Urgent attention requested: Pedestrian walkway lamp shade slightly dusty and dim in municipal park. (Ref Ward-169, Chennai North)",Streetlights & Electrical Hazards,streetlights,DEPT_LIGHTING,Chennai North,Ward-169,LOW,1,2,42.23,2026-08-07T15:00:00Z
CP-SEV-03518,Imminent structural collapse of busy flyover bridge pillar in Chennai Central,"Urgent attention requested: Load-bearing concrete pillar of busy traffic flyover cracked with large concrete blocks falling onto road below. (Ref Ward-115, Chennai Central)",Public Infrastructure Damage,infrastructure,DEPT_WORKS,Chennai Central,Ward-115,CRITICAL,32,3,55.28,2026-08-19T16:00:00Z
CP-SEV-01798,Severe toxic sewage backup into ground floor homes in Chennai North,"Municipal grievance reported: Raw black sewage backing up into toilets and living rooms of 50 houses creating extreme cholera biohazard. (Ref Ward-149, Chennai North)",Drainage & Sewage Overflow,drainage,DEPT_DRAINAGE,Chennai North,Ward-149,CRITICAL,2,11,79.27,2026-08-22T17:00:00Z
CP-SEV-00188,Moderate pothole on residential lane in Chennai Central,"Pothole approximately 1 foot wide causing discomfort for two-wheelers in neighborhood street. (Ref Ward-132, Chennai Central)",Road Damage & Potholes,roads,DEPT_ROADS,Chennai Central,Ward-132,MEDIUM,1,2,22.67,2026-08-20T08:00:00Z
CP-SEV-04173,Chemical gas leak from abandoned industrial cylinder in Chennai Central,"Field inspection notice: Pungent chemical gas leaking from abandoned cylinder causing eye irritation and breathing panic in colony. (Ref Ward-37, Chennai Central)",Other / General Municipal Operations,other,DEPT_GENERAL,Chennai Central,Ward-37,CRITICAL,26,2,91.69,2026-08-14T18:00:00Z
CP-SEV-01795,Severe toxic sewage backup into ground floor homes in Tambaram,"Municipal grievance reported: Raw black sewage backing up into toilets and living rooms of 50 houses creating extreme cholera biohazard. (Ref Ward-123, Tambaram)",Drainage & Sewage Overflow,drainage,DEPT_DRAINAGE,Tambaram,Ward-123,CRITICAL,18,11,54.5,2026-08-19T15:00:00Z
CP-SEV-00115,Small stone gravel loose on roadside margin in Chennai Central,"Urgent attention requested: Loose gravel scattered near street corner after minor maintenance. (Ref Ward-12, Chennai Central)",Road Damage & Potholes,roads,DEPT_ROADS,Chennai Central,Ward-12,LOW,8,2,31.38,2026-08-05T18:00:00Z
CP-SEV-02460,Small litter paper cups near park bench in Kanchipuram,"Citizen report from Few discarded tea cups scattered around park bench area. (Ref Ward-75, Kanchipuram)",Garbage & Waste Disposal,garbage,DEPT_SANITATION,Kanchipuram,Ward-75,LOW,3,3,35.55,2026-08-27T13:00:00Z
CP-SEV-01475,Small open drainage chamber cover displaced in Kanchipuram,"Citizen report from Concrete cover slab of small side drain displaced by 2 inches. (Ref Ward-139, Kanchipuram)",Drainage & Sewage Overflow,drainage,DEPT_DRAINAGE,Kanchipuram,Ward-139,MEDIUM,3,1,7.67,2026-08-22T19:00:00Z
CP-SEV-03506,Imminent structural collapse of busy flyover bridge pillar in Tambaram,"Field inspection notice: Load-bearing concrete pillar of busy traffic flyover cracked with large concrete blocks falling onto road below. (Ref Ward-21, Tambaram)",Public Infrastructure Damage,infrastructure,DEPT_WORKS,Tambaram,Ward-21,CRITICAL,38,14,63.5,2026-08-18T08:00:00Z
CP-SEV-03609,Tree branch overhanging private wall in Chennai South,"Small tree branch extending over compound wall without immediate blockage. (Ref Ward-60, Chennai South)",Other / General Municipal Operations,other,DEPT_GENERAL,Chennai South,Ward-60,LOW,5,1,13.94,2026-08-03T09:00:00Z
CP-SEV-01615,Overflowing sewage drain on market street in Chennai South,"Citizen report from Sewage drain overflowing onto commercial market footpath creating foul health hazard. (Ref Ward-168, Chennai South)",Drainage & Sewage Overflow,drainage,DEPT_DRAINAGE,Chennai South,Ward-168,HIGH,24,7,74.72,2026-08-18T16:00:00Z
CP-SEV-01769,Severe toxic sewage backup into ground floor homes in Avadi,"Citizen report from Raw black sewage backing up into toilets and living rooms of 50 houses creating extreme cholera biohazard. (Ref Ward-171, Avadi)",Drainage & Sewage Overflow,drainage,DEPT_DRAINAGE,Avadi,Ward-171,CRITICAL,19,8,62.97,2026-08-26T12:00:00Z
CP-SEV-03456,Imminent structural collapse of busy flyover bridge pillar in Tambaram,"Municipal grievance reported: Load-bearing concrete pillar of busy traffic flyover cracked with large concrete blocks falling onto road below. (Ref Ward-2, Tambaram)",Public Infrastructure Damage,infrastructure,DEPT_WORKS,Tambaram,Ward-2,CRITICAL,15,5,57.97,2026-08-03T14:00:00Z
CP-SEV-00382,Uncovered manhole trench on main avenue in Kanchipuram,"Field inspection notice: Road cut open for cable laying left open without barricades on major avenue. (Ref Ward-140, Kanchipuram)",Road Damage & Potholes,roads,DEPT_ROADS,Kanchipuram,Ward-140,HIGH,11,15,90.02,2026-08-21T08:00:00Z
CP-SEV-03377,Public footbridge steps broken in Tiruvallur,"Urgent attention requested: Concrete steps on pedestrian footbridge cracked with exposed rusty iron rebar. (Ref Ward-95, Tiruvallur)",Public Infrastructure Damage,infrastructure,DEPT_WORKS,Tiruvallur,Ward-95,HIGH,3,1,59.58,2026-08-22T13:00:00Z
CP-SEV-00915,Main municipal water supply pipeline burst in Tiruvallur,"Municipal grievance reported: Main feeder pipe burst flooding street and leaving 500 households without water for 24h. (Ref Ward-18, Tiruvallur)",Water Supply Contamination / Burst,water,DEPT_WATER,Tiruvallur,Ward-18,HIGH,19,9,74.75,2026-08-25T08:00:00Z
CP-SEV-01460,Small open drainage chamber cover displaced in Chennai South,"Municipal grievance reported: Concrete cover slab of small side drain displaced by 2 inches. (Ref Ward-21, Chennai South)",Drainage & Sewage Overflow,drainage,DEPT_DRAINAGE,Chennai South,Ward-21,MEDIUM,1,2,5.61,2026-08-03T13:00:00Z
CP-SEV-03428,Public footbridge steps broken in Chennai North,"Concrete steps on pedestrian footbridge cracked with exposed rusty iron rebar. (Ref Ward-113, Chennai North)",Public Infrastructure Damage,infrastructure,DEPT_WORKS,Chennai North,Ward-113,HIGH,29,12,74.25,2026-08-22T18:00:00Z
CP-SEV-02194,Damaged electrical junction box door open in Tiruvallur,"Citizen report from Feeder pillar box door hanging open with exposed low-voltage terminals near footpath. (Ref Ward-42, Tiruvallur)",Streetlights & Electrical Hazards,streetlights,DEPT_LIGHTING,Tiruvallur,Ward-42,HIGH,35,13,88.86,2026-08-21T13:00:00Z
CP-SEV-00795,Localized water supply line leakage in Avadi,"Citizen report from Drinking water pipeline leaking small stream of clean water on roadside near residential building. (Ref Ward-96, Avadi)",Water Supply Contamination / Burst,water,DEPT_WATER,Avadi,Ward-96,MEDIUM,6,3,19.67,2026-08-08T10:00:00Z
CP-SEV-03122,Minor scratch on public park bench in Chennai South,"Municipal grievance reported: Wooden bench slat scratched in public garden. (Ref Ward-18, Chennai South)",Public Infrastructure Damage,infrastructure,DEPT_WORKS,Chennai South,Ward-18,LOW,8,1,23.5,2026-08-16T19:00:00Z
CP-SEV-00492,Catastrophic road cave-in and asphalt collapse in Chennai Central,"Municipal grievance reported: Massive crater opened up on main arterial road causing vehicle overturn and imminent life hazard. (Ref Ward-110, Chennai Central)",Road Damage & Potholes,roads,DEPT_ROADS,Chennai Central,Ward-110,CRITICAL,33,2,61.83,2026-08-19T18:00:00Z
CP-SEV-00940,Main municipal water supply pipeline burst in Chennai South,"Field inspection notice: Main feeder pipe burst flooding street and leaving 500 households without water for 24h. (Ref Ward-24, Chennai South)",Water Supply Contamination / Burst,water,DEPT_WATER,Chennai South,Ward-24,HIGH,6,8,63.97,2026-08-21T19:00:00Z
CP-SEV-00665,Slight water pressure decrease in morning tap in Avadi,"Municipal grievance reported: Municipal tap water pressure is slightly lower than usual during morning supply hours. (Ref Ward-179, Avadi)",Water Supply Contamination / Burst,water,DEPT_WATER,Avadi,Ward-179,LOW,10,1,41.69,2026-08-13T14:00:00Z
CP-SEV-03139,Minor scratch on public park bench in Tambaram,"Field inspection notice: Wooden bench slat scratched in public garden. (Ref Ward-65, Tambaram)",Public Infrastructure Damage,infrastructure,DEPT_WORKS,Tambaram,Ward-65,LOW,3,1,30.7,2026-08-27T08:00:00Z
CP-SEV-00004,Minor cosmetic paint peeling on speed breaker in Kanchipuram,"Field inspection notice: Faded paint on speed bump near residential lane, requires routine repaint. (Ref Ward-140, Kanchipuram)",Road Damage & Potholes,roads,DEPT_ROADS,Kanchipuram,Ward-140,LOW,3,2,26.52,2026-08-26T08:00:00Z
CP-SEV-00252,Uneven road paver block near bus stop in Kanchipuram,"Field inspection notice: Interlocking paver blocks displaced near local bus shelter area. (Ref Ward-36, Kanchipuram)",Road Damage & Potholes,roads,DEPT_ROADS,Kanchipuram,Ward-36,MEDIUM,7,3,0.24,2026-08-03T08:00:00Z
CP-SEV-03406,Public footbridge steps broken in Chennai Central,"Municipal grievance reported: Concrete steps on pedestrian footbridge cracked with exposed rusty iron rebar. (Ref Ward-149, Chennai Central)",Public Infrastructure Damage,infrastructure,DEPT_WORKS,Chennai Central,Ward-149,HIGH,44,13,94.1,2026-08-15T11:00:00Z
CP-SEV-02409,Small litter paper cups near park bench in Chennai South,"Municipal grievance reported: Few discarded tea cups scattered around park bench area. (Ref Ward-148, Chennai South)",Garbage & Waste Disposal,garbage,DEPT_SANITATION,Chennai South,Ward-148,LOW,6,3,33.82,2026-08-04T11:00:00Z
CP-SEV-00201,Moderate pothole on residential lane in Tiruvallur,"Municipal grievance reported: Pothole approximately 1 foot wide causing discomfort for two-wheelers in neighborhood street. (Ref Ward-143, Tiruvallur)",Road Damage & Potholes,roads,DEPT_ROADS,Tiruvallur,Ward-143,MEDIUM,1,2,25.83,2026-08-26T14:00:00Z
CP-SEV-03628,Tree branch overhanging private wall in Tambaram,"Citizen report from Small tree branch extending over compound wall without immediate blockage. (Ref Ward-178, Tambaram)",Other / General Municipal Operations,other,DEPT_GENERAL,Tambaram,Ward-178,LOW,5,3,5.64,2026-08-17T14:00:00Z
CP-SEV-02370,Electrical transformer explosion emitting fire and smoke in Tambaram,"Street transformer exploded emitting fire sparks and thick black smoke near crowded apartments. (Ref Ward-5, Tambaram)",Streetlights & Electrical Hazards,streetlights,DEPT_LIGHTING,Tambaram,Ward-5,CRITICAL,18,8,51.06,2026-08-23T19:00:00Z
CP-SEV-01294,Slight odor from storm water drain inlet in Tiruvallur,"Mild stagnant smell from open storm drain during hot afternoon. (Ref Ward-122, Tiruvallur)",Drainage & Sewage Overflow,drainage,DEPT_DRAINAGE,Tiruvallur,Ward-122,LOW,0,1,29.62,2026-08-18T10:00:00Z
CP-SEV-02276,High-voltage 11kV live wire snapped hanging across school gate in Chennai Central,"Citizen report from Sparking live electrical cable hanging at chest height right outside primary school entrance. (Ref Ward-164, Chennai Central)",Streetlights & Electrical Hazards,streetlights,DEPT_LIGHTING,Chennai Central,Ward-164,CRITICAL,24,5,89.69,2026-08-12T19:00:00Z
CP-SEV-02010,Single streetlight non-functional on residential lane in Chennai Central,"Citizen report from Sodium streetlight bulb fused outside house no 42 on quiet residential road. (Ref Ward-108, Chennai Central)",Streetlights & Electrical Hazards,streetlights,DEPT_LIGHTING,Chennai Central,Ward-108,MEDIUM,2,2,30.71,2026-08-27T09:00:00Z
CP-SEV-01010,Brownish muddy water in residential supply line in Chennai Central,"Municipal grievance reported: Tap water coming contaminated with mud and silt across entire street layout. (Ref Ward-15, Chennai Central)",Water Supply Contamination / Burst,water,DEPT_WATER,Chennai Central,Ward-15,HIGH,2,7,55.32,2026-08-26T18:00:00Z
CP-SEV-03057,Faded street name sign board in Chennai South,"Municipal grievance reported: Municipal street sign board paint faded near junction. (Ref Ward-35, Chennai South)",Public Infrastructure Damage,infrastructure,DEPT_WORKS,Chennai South,Ward-35,LOW,7,1,22.64,2026-08-18T17:00:00Z
CP-SEV-01783,Severe toxic sewage backup into ground floor homes in Avadi,"Urgent attention requested: Raw black sewage backing up into toilets and living rooms of 50 houses creating extreme cholera biohazard. (Ref Ward-76, Avadi)",Drainage & Sewage Overflow,drainage,DEPT_DRAINAGE,Avadi,Ward-76,CRITICAL,25,3,68.13,2026-08-01T15:00:00Z
CP-SEV-03771,Stray cattle roaming on residential street in Tambaram,"Municipal grievance reported: Stray cows sitting on residential lane causing minor vehicle slowness. (Ref Ward-162, Tambaram)",Other / General Municipal Operations,other,DEPT_GENERAL,Tambaram,Ward-162,MEDIUM,0,2,39.59,2026-08-07T08:00:00Z
CP-SEV-03655,Tree branch overhanging private wall in Chennai South,"Urgent attention requested: Small tree branch extending over compound wall without immediate blockage. (Ref Ward-139, Chennai South)",Other / General Municipal Operations,other,DEPT_GENERAL,Chennai South,Ward-139,LOW,2,3,5.3,2026-08-13T11:00:00Z
CP-SEV-03847,Overgrown grass near roadside footway in Avadi,"Wild grass growing along sidewalk margin. (Ref Ward-180, Avadi)",Other / General Municipal Operations,other,DEPT_GENERAL,Avadi,Ward-180,MEDIUM,1,3,37.76,2026-08-27T19:00:00Z
CP-SEV-02417,Small litter paper cups near park bench in Kanchipuram,"Urgent attention requested: Few discarded tea cups scattered around park bench area. (Ref Ward-126, Kanchipuram)",Garbage & Waste Disposal,garbage,DEPT_SANITATION,Kanchipuram,Ward-126,LOW,7,2,15.82,2026-08-09T19:00:00Z
CP-SEV-00102,Small stone gravel loose on roadside margin in Tiruvallur,"Citizen report from Loose gravel scattered near street corner after minor maintenance. (Ref Ward-118, Tiruvallur)",Road Damage & Potholes,roads,DEPT_ROADS,Tiruvallur,Ward-118,LOW,6,1,33.02,2026-08-21T12:00:00Z
CP-SEV-00643,Slight water pressure decrease in morning tap in Chennai North,"Municipal tap water pressure is slightly lower than usual during morning supply hours. (Ref Ward-24, Chennai North)",Water Supply Contamination / Burst,water,DEPT_WATER,Chennai North,Ward-24,LOW,9,3,13.71,2026-08-17T16:00:00Z
CP-SEV-02640,Commercial shop waste dumped on sidewalk in Kanchipuram,"Municipal grievance reported: Retail shop cardboard boxes and plastic packaging dumped along footpath. (Ref Ward-53, Kanchipuram)",Garbage & Waste Disposal,garbage,DEPT_SANITATION,Kanchipuram,Ward-53,MEDIUM,10,2,37.56,2026-08-14T10:00:00Z
CP-SEV-02510,Public dustbin lid missing in Tiruvallur,"Urgent attention requested: Plastic dustbin lid missing at street corner bin. (Ref Ward-111, Tiruvallur)",Garbage & Waste Disposal,garbage,DEPT_SANITATION,Tiruvallur,Ward-111,LOW,9,2,15.96,2026-08-17T16:00:00Z
CP-SEV-00865,Water supply timing delayed by 2 hours in Kanchipuram,"Municipal grievance reported: Morning municipal water supply delayed by two hours without advance notice. (Ref Ward-26, Kanchipuram)",Water Supply Contamination / Burst,water,DEPT_WATER,Kanchipuram,Ward-26,MEDIUM,7,3,23.92,2026-08-06T11:00:00Z
CP-SEV-03734,Faded ward boundary map in Chennai Central,"Citizen report from Public information board map faded at zonal office. (Ref Ward-71, Chennai Central)",Other / General Municipal Operations,other,DEPT_GENERAL,Chennai Central,Ward-71,LOW,7,1,17.83,2026-08-13T09:00:00Z
CP-SEV-02070,Streetlight timer misconfigured turning off early in Avadi,"Field inspection notice: Streetlights turning off 1 hour before sunrise in neighborhood layout. (Ref Ward-75, Avadi)",Streetlights & Electrical Hazards,streetlights,DEPT_LIGHTING,Avadi,Ward-75,MEDIUM,4,3,10.26,2026-08-28T11:00:00Z
CP-SEV-00010,Minor cosmetic paint peeling on speed breaker in Tambaram,"Municipal grievance reported: Faded paint on speed bump near residential lane, requires routine repaint. (Ref Ward-163, Tambaram)",Road Damage & Potholes,roads,DEPT_ROADS,Tambaram,Ward-163,LOW,2,2,15.99,2026-08-22T12:00:00Z
CP-SEV-00979,Brownish muddy water in residential supply line in Tiruvallur,"Field inspection notice: Tap water coming contaminated with mud and silt across entire street layout. (Ref Ward-127, Tiruvallur)",Water Supply Contamination / Burst,water,DEPT_WATER,Tiruvallur,Ward-127,HIGH,24,4,79.73,2026-08-24T18:00:00Z
CP-SEV-02866,Toxic biohazardous medical waste burning near residential area in Avadi,"Citizen report from Illegal dump of hospital syringes and chemical waste set on fire emitting toxic fumes into homes. (Ref Ward-30, Avadi)",Garbage & Waste Disposal,garbage,DEPT_SANITATION,Avadi,Ward-30,CRITICAL,25,1,78.5,2026-08-24T10:00:00Z
CP-SEV-02462,Small litter paper cups near park bench in Avadi,"Few discarded tea cups scattered around park bench area. (Ref Ward-118, Avadi)",Garbage & Waste Disposal,garbage,DEPT_SANITATION,Avadi,Ward-118,LOW,5,1,11.46,2026-08-03T12:00:00Z
CP-SEV-01402,Localized clogged street drain causing puddle in Chennai Central,"Urgent attention requested: Street drain inlet blocked with debris causing minor water pooling after rain. (Ref Ward-171, Chennai Central)",Drainage & Sewage Overflow,drainage,DEPT_DRAINAGE,Chennai Central,Ward-171,MEDIUM,3,2,18.51,2026-08-25T16:00:00Z
CP-SEV-03728,Faded ward boundary map in Tambaram,"Citizen report from Public information board map faded at zonal office. (Ref Ward-45, Tambaram)",Other / General Municipal Operations,other,DEPT_GENERAL,Tambaram,Ward-45,LOW,8,2,33.03,2026-08-09T09:00:00Z
CP-SEV-01988,Single streetlight non-functional on residential lane in Tiruvallur,"Municipal grievance reported: Sodium streetlight bulb fused outside house no 42 on quiet residential road. (Ref Ward-54, Tiruvallur)",Streetlights & Electrical Hazards,streetlights,DEPT_LIGHTING,Tiruvallur,Ward-54,MEDIUM,3,2,11.74,2026-08-04T16:00:00Z
CP-SEV-02106,Entire street dark due to multiple streetlight failure in Chennai North,"Urgent attention requested: All 15 streetlights out on main connecting road creating dark zone and safety hazard for commuters. (Ref Ward-26, Chennai North)",Streetlights & Electrical Hazards,streetlights,DEPT_LIGHTING,Chennai North,Ward-26,HIGH,40,6,62.42,2026-08-12T15:00:00Z
CP-SEV-00434,Uncovered manhole trench on main avenue in Tambaram,"Urgent attention requested: Road cut open for cable laying left open without barricades on major avenue. (Ref Ward-102, Tambaram)",Road Damage & Potholes,roads,DEPT_ROADS,Tambaram,Ward-102,HIGH,39,15,58.88,2026-08-19T14:00:00Z
CP-SEV-01181,Complete water outage in hospital ward for 48 hours in Chennai Central,"Zero water supply in municipal hospital premises for two days, threatening patient emergency operations. (Ref Ward-81, Chennai Central)",Water Supply Contamination / Burst,water,DEPT_WATER,Chennai Central,Ward-81,CRITICAL,5,2,57.1,2026-08-17T19:00:00Z
CP-SEV-00305,Deep pothole causing vehicle damage and traffic blockage in Tambaram,"Urgent attention requested: Dangerous deep crater on main road damaging car tires and causing traffic congestion. (Ref Ward-94, Tambaram)",Road Damage & Potholes,roads,DEPT_ROADS,Tambaram,Ward-94,HIGH,25,1,75.66,2026-08-07T13:00:00Z
CP-SEV-03513,Imminent structural collapse of busy flyover bridge pillar in Avadi,"Municipal grievance reported: Load-bearing concrete pillar of busy traffic flyover cracked with large concrete blocks falling onto road below. (Ref Ward-69, Avadi)",Public Infrastructure Damage,infrastructure,DEPT_WORKS,Avadi,Ward-69,CRITICAL,29,5,51.06,2026-08-24T11:00:00Z
CP-SEV-03371,Unstable overhead gantries signboard shaking in wind in Tambaram,"Field inspection notice: Large directional sign board hanging loose over main road threatening to fall on vehicles. (Ref Ward-36, Tambaram)",Public Infrastructure Damage,infrastructure,DEPT_WORKS,Tambaram,Ward-36,HIGH,2,7,68.01,2026-08-18T17:00:00Z
CP-SEV-03207,Damaged metal traffic guard rail in Avadi,"Citizen report from Galvanized iron traffic barrier bent after minor vehicle impact near bus stand. (Ref Ward-40, Avadi)",Public Infrastructure Damage,infrastructure,DEPT_WORKS,Avadi,Ward-40,MEDIUM,2,3,43.13,2026-08-13T08:00:00Z
CP-SEV-03221,Damaged metal traffic guard rail in Chennai North,"Galvanized iron traffic barrier bent after minor vehicle impact near bus stand. (Ref Ward-19, Chennai North)",Public Infrastructure Damage,infrastructure,DEPT_WORKS,Chennai North,Ward-19,MEDIUM,10,2,4.32,2026-08-24T18:00:00Z
CP-SEV-00881,Water supply timing delayed by 2 hours in Tambaram,"Citizen report from Morning municipal water supply delayed by two hours without advance notice. (Ref Ward-36, Tambaram)",Water Supply Contamination / Burst,water,DEPT_WATER,Tambaram,Ward-36,MEDIUM,3,1,1.45,2026-08-25T08:00:00Z
CP-SEV-02484,Public dustbin lid missing in Chennai North,"Plastic dustbin lid missing at street corner bin. (Ref Ward-100, Chennai North)",Garbage & Waste Disposal,garbage,DEPT_SANITATION,Chennai North,Ward-100,LOW,5,2,17.14,2026-08-16T14:00:00Z
CP-SEV-00583,Main bridge approach road cracked and collapsing in Tiruvallur,"Approach embankment of river bridge severely cracked and caving in during peak traffic. (Ref Ward-122, Tiruvallur)",Road Damage & Potholes,roads,DEPT_ROADS,Tiruvallur,Ward-122,CRITICAL,35,6,65.49,2026-08-27T12:00:00Z
CP-SEV-03892,Overgrown grass near roadside footway in Kanchipuram,"Wild grass growing along sidewalk margin. (Ref Ward-26, Kanchipuram)",Other / General Municipal Operations,other,DEPT_GENERAL,Kanchipuram,Ward-26,MEDIUM,2,1,1.15,2026-08-12T14:00:00Z
CP-SEV-02350,Electrical transformer explosion emitting fire and smoke in Chennai South,"Urgent attention requested: Street transformer exploded emitting fire sparks and thick black smoke near crowded apartments. (Ref Ward-163, Chennai South)",Streetlights & Electrical Hazards,streetlights,DEPT_LIGHTING,Chennai South,Ward-163,CRITICAL,20,6,87.12,2026-08-16T16:00:00Z
CP-SEV-01081,Toxic chemical effluent mixing into drinking water supply in Avadi,"Urgent attention requested: Industrial chemical sewage leaking directly into municipal drinking pipeline, causing severe illness. (Ref Ward-131, Avadi)",Water Supply Contamination / Burst,water,DEPT_WATER,Avadi,Ward-131,CRITICAL,42,6,67.89,2026-08-23T14:00:00Z
CP-SEV-03942,Large fallen tree trunk blocking entire avenue in Chennai Central,"Field inspection notice: Heavy gulmohar tree uprooted during storm completely blocking two-lane avenue. (Ref Ward-121, Chennai Central)",Other / General Municipal Operations,other,DEPT_GENERAL,Chennai Central,Ward-121,HIGH,17,1,50.31,2026-08-13T16:00:00Z
CP-SEV-01016,Brownish muddy water in residential supply line in Tiruvallur,"Field inspection notice: Tap water coming contaminated with mud and silt across entire street layout. (Ref Ward-52, Tiruvallur)",Water Supply Contamination / Burst,water,DEPT_WATER,Tiruvallur,Ward-52,HIGH,21,13,87.62,2026-08-24T18:00:00Z
CP-SEV-00287,Uneven road paver block near bus stop in Tiruvallur,"Interlocking paver blocks displaced near local bus shelter area. (Ref Ward-200, Tiruvallur)",Road Damage & Potholes,roads,DEPT_ROADS,Tiruvallur,Ward-200,MEDIUM,10,3,8.19,2026-08-05T14:00:00Z
CP-SEV-00664,Slight water pressure decrease in morning tap in Avadi,"Municipal tap water pressure is slightly lower than usual during morning supply hours. (Ref Ward-173, Avadi)",Water Supply Contamination / Burst,water,DEPT_WATER,Avadi,Ward-173,LOW,3,3,29.12,2026-08-13T11:00:00Z
CP-SEV-00200,Moderate pothole on residential lane in Avadi,"Citizen report from Pothole approximately 1 foot wide causing discomfort for two-wheelers in neighborhood street. (Ref Ward-55, Avadi)",Road Damage & Potholes,roads,DEPT_ROADS,Avadi,Ward-55,MEDIUM,10,2,10.09,2026-08-04T13:00:00Z
CP-SEV-00424,Uncovered manhole trench on main avenue in Avadi,"Road cut open for cable laying left open without barricades on major avenue. (Ref Ward-12, Avadi)",Road Damage & Potholes,roads,DEPT_ROADS,Avadi,Ward-12,HIGH,41,11,79.1,2026-08-25T13:00:00Z
CP-SEV-02796,Animal carcasses dumped openly near residential layout in Tiruvallur,"Field inspection notice: Decomposed animal waste dumped near residential colony causing intense stench and flies. (Ref Ward-69, Tiruvallur)",Garbage & Waste Disposal,garbage,DEPT_SANITATION,Tiruvallur,Ward-69,HIGH,14,14,92.33,2026-08-18T17:00:00Z
CP-SEV-03300,Cracked plaster on municipal wall in Tiruvallur,"Citizen report from Boundary wall plaster cracking near municipal office enclosure. (Ref Ward-75, Tiruvallur)",Public Infrastructure Damage,infrastructure,DEPT_WORKS,Tiruvallur,Ward-75,MEDIUM,2,1,16.91,2026-08-13T18:00:00Z
CP-SEV-01066,Toxic chemical effluent mixing into drinking water supply in Kanchipuram,"Industrial chemical sewage leaking directly into municipal drinking pipeline, causing severe illness. (Ref Ward-179, Kanchipuram)",Water Supply Contamination / Burst,water,DEPT_WATER,Kanchipuram,Ward-179,CRITICAL,35,8,70.61,2026-08-19T10:00:00Z
CP-SEV-00309,Deep pothole causing vehicle damage and traffic blockage in Tambaram,"Urgent attention requested: Dangerous deep crater on main road damaging car tires and causing traffic congestion. (Ref Ward-129, Tambaram)",Road Damage & Potholes,roads,DEPT_ROADS,Tambaram,Ward-129,HIGH,2,1,56.17,2026-08-11T20:00:00Z
CP-SEV-01901,Streetlight pole sticker peeling off in Avadi,"Citizen report from Identification sticker on light pole peeling off near corner. (Ref Ward-82, Avadi)",Streetlights & Electrical Hazards,streetlights,DEPT_LIGHTING,Avadi,Ward-82,LOW,8,3,37.69,2026-08-21T08:00:00Z
CP-SEV-01574,Severe storm water logging blocking street access in Avadi,"Citizen report from Rainwater logging knee-deep across entire street blocking vehicles and shop entrances. (Ref Ward-168, Avadi)",Drainage & Sewage Overflow,drainage,DEPT_DRAINAGE,Avadi,Ward-168,HIGH,12,12,70.06,2026-08-04T09:00:00Z
CP-SEV-02954,Massive garbage barrier blocking emergency hospital ambulance entrance in Tiruvallur,"Field inspection notice: Rotting garbage pile collapsed across hospital gate preventing emergency ambulance access. (Ref Ward-78, Tiruvallur)",Garbage & Waste Disposal,garbage,DEPT_SANITATION,Tiruvallur,Ward-78,CRITICAL,9,5,55.61,2026-08-04T14:00:00Z
CP-SEV-03097,Minor scratch on public park bench in Kanchipuram,"Municipal grievance reported: Wooden bench slat scratched in public garden. (Ref Ward-195, Kanchipuram)",Public Infrastructure Damage,infrastructure,DEPT_WORKS,Kanchipuram,Ward-195,LOW,1,1,24.42,2026-08-21T17:00:00Z
CP-SEV-01239,Dry leaves covering roadside drain grate in Tambaram,"Field inspection notice: Accumulation of dry fallen leaves over storm drain inlet grate. (Ref Ward-107, Tambaram)",Drainage & Sewage Overflow,drainage,DEPT_DRAINAGE,Tambaram,Ward-107,LOW,9,3,32.9,2026-08-10T08:00:00Z
CP-SEV-01421,Localized clogged street drain causing puddle in Chennai Central,"Street drain inlet blocked with debris causing minor water pooling after rain. (Ref Ward-197, Chennai Central)",Drainage & Sewage Overflow,drainage,DEPT_DRAINAGE,Chennai Central,Ward-197,MEDIUM,7,1,32.06,2026-08-26T17:00:00Z
CP-SEV-01229,Dry leaves covering roadside drain grate in Tambaram,"Municipal grievance reported: Accumulation of dry fallen leaves over storm drain inlet grate. (Ref Ward-160, Tambaram)",Drainage & Sewage Overflow,drainage,DEPT_DRAINAGE,Tambaram,Ward-160,LOW,5,1,9.5,2026-08-03T19:00:00Z
CP-SEV-03362,Unstable overhead gantries signboard shaking in wind in Avadi,"Field inspection notice: Large directional sign board hanging loose over main road threatening to fall on vehicles. (Ref Ward-106, Avadi)",Public Infrastructure Damage,infrastructure,DEPT_WORKS,Avadi,Ward-106,HIGH,37,5,52.83,2026-08-15T17:00:00Z
CP-SEV-02528,Public dustbin lid missing in Tiruvallur,"Citizen report from Plastic dustbin lid missing at street corner bin. (Ref Ward-57, Tiruvallur)",Garbage & Waste Disposal,garbage,DEPT_SANITATION,Tiruvallur,Ward-57,LOW,7,1,41.67,2026-08-23T16:00:00Z
CP-SEV-03732,Faded ward boundary map in Tiruvallur,"Field inspection notice: Public information board map faded at zonal office. (Ref Ward-57, Tiruvallur)",Other / General Municipal Operations,other,DEPT_GENERAL,Tiruvallur,Ward-57,LOW,8,1,11.78,2026-08-14T08:00:00Z
CP-SEV-02828,Animal carcasses dumped openly near residential layout in Tambaram,"Urgent attention requested: Decomposed animal waste dumped near residential colony causing intense stench and flies. (Ref Ward-39, Tambaram)",Garbage & Waste Disposal,garbage,DEPT_SANITATION,Tambaram,Ward-39,HIGH,8,6,88.07,2026-08-24T19:00:00Z
CP-SEV-02619,Uncleared garbage dump accumulating for 3 days in Chennai North,"Municipal green bin overflowing with household waste uncleared for 72 hours. (Ref Ward-70, Chennai North)",Garbage & Waste Disposal,garbage,DEPT_SANITATION,Chennai North,Ward-70,MEDIUM,4,3,18.17,2026-08-03T17:00:00Z
CP-SEV-00333,Deep pothole causing vehicle damage and traffic blockage in Tiruvallur,"Citizen report from Dangerous deep crater on main road damaging car tires and causing traffic congestion. (Ref Ward-127, Tiruvallur)",Road Damage & Potholes,roads,DEPT_ROADS,Tiruvallur,Ward-127,HIGH,18,15,51.69,2026-08-10T17:00:00Z
CP-SEV-01471,Small open drainage chamber cover displaced in Avadi,"Field inspection notice: Concrete cover slab of small side drain displaced by 2 inches. (Ref Ward-125, Avadi)",Drainage & Sewage Overflow,drainage,DEPT_DRAINAGE,Avadi,Ward-125,MEDIUM,9,1,15.68,2026-08-16T18:00:00Z
CP-SEV-02741,Large uncollected garbage dump overflowing onto main road in Tambaram,"Field inspection notice: Massive multi-ton waste pile spilling onto main road lane causing traffic blockage and stench. (Ref Ward-154, Tambaram)",Garbage & Waste Disposal,garbage,DEPT_SANITATION,Tambaram,Ward-154,HIGH,24,2,94.93,2026-08-04T20:00:00Z
CP-SEV-01626,Overflowing sewage drain on market street in Kanchipuram,"Municipal grievance reported: Sewage drain overflowing onto commercial market footpath creating foul health hazard. (Ref Ward-4, Kanchipuram)",Drainage & Sewage Overflow,drainage,DEPT_DRAINAGE,Kanchipuram,Ward-4,HIGH,7,3,52.7,2026-08-21T08:00:00Z
CP-SEV-02721,Large uncollected garbage dump overflowing onto main road in Kanchipuram,"Massive multi-ton waste pile spilling onto main road lane causing traffic blockage and stench. (Ref Ward-76, Kanchipuram)",Garbage & Waste Disposal,garbage,DEPT_SANITATION,Kanchipuram,Ward-76,HIGH,41,10,84.18,2026-08-24T19:00:00Z
CP-SEV-01201,Dry leaves covering roadside drain grate in Chennai Central,"Municipal grievance reported: Accumulation of dry fallen leaves over storm drain inlet grate. (Ref Ward-111, Chennai Central)",Drainage & Sewage Overflow,drainage,DEPT_DRAINAGE,Chennai Central,Ward-111,LOW,4,3,37.33,2026-08-09T16:00:00Z
CP-SEV-03477,Imminent structural collapse of busy flyover bridge pillar in Tiruvallur,"Urgent attention requested: Load-bearing concrete pillar of busy traffic flyover cracked with large concrete blocks falling onto road below. (Ref Ward-60, Tiruvallur)",Public Infrastructure Damage,infrastructure,DEPT_WORKS,Tiruvallur,Ward-60,CRITICAL,39,1,82.59,2026-08-12T15:00:00Z
CP-SEV-03568,Municipal hall roof slab collapse hazard in Chennai Central,"Heavy concrete ceiling slab sagging and crumbling over crowded public waiting hall. (Ref Ward-66, Chennai Central)",Public Infrastructure Damage,infrastructure,DEPT_WORKS,Chennai Central,Ward-66,CRITICAL,11,1,93.65,2026-08-22T19:00:00Z
CP-SEV-01311,Slight odor from storm water drain inlet in Avadi,"Urgent attention requested: Mild stagnant smell from open storm drain during hot afternoon. (Ref Ward-145, Avadi)",Drainage & Sewage Overflow,drainage,DEPT_DRAINAGE,Avadi,Ward-145,LOW,4,1,17.79,2026-08-04T10:00:00Z
CP-SEV-03429,Public footbridge steps broken in Tiruvallur,"Urgent attention requested: Concrete steps on pedestrian footbridge cracked with exposed rusty iron rebar. (Ref Ward-162, Tiruvallur)",Public Infrastructure Damage,infrastructure,DEPT_WORKS,Tiruvallur,Ward-162,HIGH,8,5,73.8,2026-08-07T18:00:00Z
CP-SEV-02780,Animal carcasses dumped openly near residential layout in Tambaram,"Decomposed animal waste dumped near residential colony causing intense stench and flies. (Ref Ward-185, Tambaram)",Garbage & Waste Disposal,garbage,DEPT_SANITATION,Tambaram,Ward-185,HIGH,45,12,61.28,2026-08-10T18:00:00Z
CP-SEV-03082,Minor scratch on public park bench in Chennai North,"Municipal grievance reported: Wooden bench slat scratched in public garden. (Ref Ward-139, Chennai North)",Public Infrastructure Damage,infrastructure,DEPT_WORKS,Chennai North,Ward-139,LOW,5,1,1.91,2026-08-21T19:00:00Z
CP-SEV-03155,Damaged metal traffic guard rail in Chennai Central,"Galvanized iron traffic barrier bent after minor vehicle impact near bus stand. (Ref Ward-168, Chennai Central)",Public Infrastructure Damage,infrastructure,DEPT_WORKS,Chennai Central,Ward-168,MEDIUM,5,2,30.31,2026-08-04T18:00:00Z
CP-SEV-01811,Single decorative garden light dim in public park in Chennai North,"Field inspection notice: Pedestrian walkway lamp shade slightly dusty and dim in municipal park. (Ref Ward-179, Chennai North)",Streetlights & Electrical Hazards,streetlights,DEPT_LIGHTING,Chennai North,Ward-179,LOW,6,1,44.5,2026-08-19T16:00:00Z
CP-SEV-00980,Brownish muddy water in residential supply line in Chennai South,"Tap water coming contaminated with mud and silt across entire street layout. (Ref Ward-54, Chennai South)",Water Supply Contamination / Burst,water,DEPT_WATER,Chennai South,Ward-54,HIGH,22,1,78.9,2026-08-25T09:00:00Z
CP-SEV-00204,Moderate pothole on residential lane in Chennai Central,"Urgent attention requested: Pothole approximately 1 foot wide causing discomfort for two-wheelers in neighborhood street. (Ref Ward-90, Chennai Central)",Road Damage & Potholes,roads,DEPT_ROADS,Chennai Central,Ward-90,MEDIUM,2,1,25.48,2026-08-13T09:00:00Z
CP-SEV-03690,Faded ward boundary map in Chennai Central,"Public information board map faded at zonal office. (Ref Ward-198, Chennai Central)",Other / General Municipal Operations,other,DEPT_GENERAL,Chennai Central,Ward-198,LOW,7,2,1.87,2026-08-16T18:00:00Z
CP-SEV-02709,Large uncollected garbage dump overflowing onto main road in Chennai North,"Citizen report from Massive multi-ton waste pile spilling onto main road lane causing traffic blockage and stench. (Ref Ward-99, Chennai North)",Garbage & Waste Disposal,garbage,DEPT_SANITATION,Chennai North,Ward-99,HIGH,43,8,53.27,2026-08-24T11:00:00Z
CP-SEV-00097,Small stone gravel loose on roadside margin in Chennai North,"Citizen report from Loose gravel scattered near street corner after minor maintenance. (Ref Ward-200, Chennai North)",Road Damage & Potholes,roads,DEPT_ROADS,Chennai North,Ward-200,LOW,4,1,26.04,2026-08-10T17:00:00Z
CP-SEV-02739,Large uncollected garbage dump overflowing onto main road in Chennai South,"Municipal grievance reported: Massive multi-ton waste pile spilling onto main road lane causing traffic blockage and stench. (Ref Ward-151, Chennai South)",Garbage & Waste Disposal,garbage,DEPT_SANITATION,Chennai South,Ward-151,HIGH,32,5,78.17,2026-08-02T08:00:00Z
CP-SEV-01067,Toxic chemical effluent mixing into drinking water supply in Tiruvallur,"Citizen report from Industrial chemical sewage leaking directly into municipal drinking pipeline, causing severe illness. (Ref Ward-79, Tiruvallur)",Water Supply Contamination / Burst,water,DEPT_WATER,Tiruvallur,Ward-79,CRITICAL,16,4,71.79,2026-08-10T20:00:00Z
CP-SEV-00259,Uneven road paver block near bus stop in Avadi,"Field inspection notice: Interlocking paver blocks displaced near local bus shelter area. (Ref Ward-6, Avadi)",Road Damage & Potholes,roads,DEPT_ROADS,Avadi,Ward-6,MEDIUM,7,1,28.61,2026-08-12T12:00:00Z
CP-SEV-02859,Toxic biohazardous medical waste burning near residential area in Avadi,"Urgent attention requested: Illegal dump of hospital syringes and chemical waste set on fire emitting toxic fumes into homes. (Ref Ward-101, Avadi)",Garbage & Waste Disposal,garbage,DEPT_SANITATION,Avadi,Ward-101,CRITICAL,2,4,50.78,2026-08-10T11:00:00Z
CP-SEV-04075,Rabid stray dog pack actively biting children outside school gate in Chennai Central,"Multiple children bitten and injured by aggressive rabid dog pack near school entrance. (Ref Ward-150, Chennai Central)",Other / General Municipal Operations,other,DEPT_GENERAL,Chennai Central,Ward-150,CRITICAL,27,7,58.7,2026-08-06T19:00:00Z
CP-SEV-02266,High-voltage 11kV live wire snapped hanging across school gate in Tambaram,"Citizen report from Sparking live electrical cable hanging at chest height right outside primary school entrance. (Ref Ward-98, Tambaram)",Streetlights & Electrical Hazards,streetlights,DEPT_LIGHTING,Tambaram,Ward-98,CRITICAL,18,9,52.86,2026-08-06T18:00:00Z
CP-SEV-01137,Complete water outage in hospital ward for 48 hours in Chennai North,"Field inspection notice: Zero water supply in municipal hospital premises for two days, threatening patient emergency operations. (Ref Ward-146, Chennai North)",Water Supply Contamination / Burst,water,DEPT_WATER,Chennai North,Ward-146,CRITICAL,42,9,80.84,2026-08-19T15:00:00Z
CP-SEV-00346,Deep pothole causing vehicle damage and traffic blockage in Chennai North,"Field inspection notice: Dangerous deep crater on main road damaging car tires and causing traffic congestion. (Ref Ward-135, Chennai North)",Road Damage & Potholes,roads,DEPT_ROADS,Chennai North,Ward-135,HIGH,33,12,66.28,2026-08-19T09:00:00Z
CP-SEV-02423,Small litter paper cups near park bench in Tambaram,"Urgent attention requested: Few discarded tea cups scattered around park bench area. (Ref Ward-25, Tambaram)",Garbage & Waste Disposal,garbage,DEPT_SANITATION,Tambaram,Ward-25,LOW,10,1,26.7,2026-08-22T20:00:00Z
CP-SEV-02429,Small litter paper cups near park bench in Kanchipuram,"Field inspection notice: Few discarded tea cups scattered around park bench area. (Ref Ward-46, Kanchipuram)",Garbage & Waste Disposal,garbage,DEPT_SANITATION,Kanchipuram,Ward-46,LOW,0,2,8.22,2026-08-11T18:00:00Z
CP-SEV-01778,Severe toxic sewage backup into ground floor homes in Chennai Central,"Municipal grievance reported: Raw black sewage backing up into toilets and living rooms of 50 houses creating extreme cholera biohazard. (Ref Ward-22, Chennai Central)",Drainage & Sewage Overflow,drainage,DEPT_DRAINAGE,Chennai Central,Ward-22,CRITICAL,36,15,78.27,2026-08-18T10:00:00Z
CP-SEV-00535,Main bridge approach road cracked and collapsing in Chennai Central,"Citizen report from Approach embankment of river bridge severely cracked and caving in during peak traffic. (Ref Ward-158, Chennai Central)",Road Damage & Potholes,roads,DEPT_ROADS,Chennai Central,Ward-158,CRITICAL,8,6,82.26,2026-08-26T13:00:00Z
CP-SEV-03120,Minor scratch on public park bench in Tiruvallur,"Citizen report from Wooden bench slat scratched in public garden. (Ref Ward-89, Tiruvallur)",Public Infrastructure Damage,infrastructure,DEPT_WORKS,Tiruvallur,Ward-89,LOW,3,3,33.84,2026-08-01T10:00:00Z
CP-SEV-00899,Water supply timing delayed by 2 hours in Avadi,"Morning municipal water supply delayed by two hours without advance notice. (Ref Ward-2, Avadi)",Water Supply Contamination / Burst,water,DEPT_WATER,Avadi,Ward-2,MEDIUM,7,1,9.76,2026-08-22T15:00:00Z
CP-SEV-03358,Unstable overhead gantries signboard shaking in wind in Avadi,"Citizen report from Large directional sign board hanging loose over main road threatening to fall on vehicles. (Ref Ward-25, Avadi)",Public Infrastructure Damage,infrastructure,DEPT_WORKS,Avadi,Ward-25,HIGH,20,8,59.19,2026-08-20T16:00:00Z
CP-SEV-02066,Streetlight timer misconfigured turning off early in Chennai Central,"Municipal grievance reported: Streetlights turning off 1 hour before sunrise in neighborhood layout. (Ref Ward-116, Chennai Central)",Streetlights & Electrical Hazards,streetlights,DEPT_LIGHTING,Chennai Central,Ward-116,MEDIUM,9,2,26.75,2026-08-25T10:00:00Z
CP-SEV-03378,Public footbridge steps broken in Kanchipuram,"Field inspection notice: Concrete steps on pedestrian footbridge cracked with exposed rusty iron rebar. (Ref Ward-100, Kanchipuram)",Public Infrastructure Damage,infrastructure,DEPT_WORKS,Kanchipuram,Ward-100,HIGH,6,10,89.99,2026-08-25T17:00:00Z
CP-SEV-00778,Localized water supply line leakage in Chennai Central,"Drinking water pipeline leaking small stream of clean water on roadside near residential building. (Ref Ward-84, Chennai Central)",Water Supply Contamination / Burst,water,DEPT_WATER,Chennai Central,Ward-84,MEDIUM,7,3,20.11,2026-08-03T14:00:00Z
CP-SEV-03357,Unstable overhead gantries signboard shaking in wind in Tambaram,"Field inspection notice: Large directional sign board hanging loose over main road threatening to fall on vehicles. (Ref Ward-95, Tambaram)",Public Infrastructure Damage,infrastructure,DEPT_WORKS,Tambaram,Ward-95,HIGH,34,7,84.37,2026-08-20T13:00:00Z
CP-SEV-01429,Small open drainage chamber cover displaced in Chennai Central,"Municipal grievance reported: Concrete cover slab of small side drain displaced by 2 inches. (Ref Ward-35, Chennai Central)",Drainage & Sewage Overflow,drainage,DEPT_DRAINAGE,Chennai Central,Ward-35,MEDIUM,5,3,35.41,2026-08-02T16:00:00Z
CP-SEV-02180,Damaged electrical junction box door open in Tambaram,"Municipal grievance reported: Feeder pillar box door hanging open with exposed low-voltage terminals near footpath. (Ref Ward-195, Tambaram)",Streetlights & Electrical Hazards,streetlights,DEPT_LIGHTING,Tambaram,Ward-195,HIGH,14,9,54.64,2026-08-24T17:00:00Z
CP-SEV-02205,Damaged electrical junction box door open in Tambaram,"Citizen report from Feeder pillar box door hanging open with exposed low-voltage terminals near footpath. (Ref Ward-58, Tambaram)",Streetlights & Electrical Hazards,streetlights,DEPT_LIGHTING,Tambaram,Ward-58,HIGH,15,15,60.16,2026-08-21T20:00:00Z
CP-SEV-02678,Commercial shop waste dumped on sidewalk in Tiruvallur,"Citizen report from Retail shop cardboard boxes and plastic packaging dumped along footpath. (Ref Ward-184, Tiruvallur)",Garbage & Waste Disposal,garbage,DEPT_SANITATION,Tiruvallur,Ward-184,MEDIUM,5,3,32.64,2026-08-17T14:00:00Z
CP-SEV-00452,Catastrophic road cave-in and asphalt collapse in Tiruvallur,"Massive crater opened up on main arterial road causing vehicle overturn and imminent life hazard. (Ref Ward-182, Tiruvallur)",Road Damage & Potholes,roads,DEPT_ROADS,Tiruvallur,Ward-182,CRITICAL,40,7,57.47,2026-08-05T20:00:00Z
CP-SEV-01996,Single streetlight non-functional on residential lane in Avadi,"Sodium streetlight bulb fused outside house no 42 on quiet residential road. (Ref Ward-103, Avadi)",Streetlights & Electrical Hazards,streetlights,DEPT_LIGHTING,Avadi,Ward-103,MEDIUM,0,1,23.05,2026-08-10T17:00:00Z
CP-SEV-03436,Public footbridge steps broken in Kanchipuram,"Concrete steps on pedestrian footbridge cracked with exposed rusty iron rebar. (Ref Ward-159, Kanchipuram)",Public Infrastructure Damage,infrastructure,DEPT_WORKS,Kanchipuram,Ward-159,HIGH,40,14,57.51,2026-08-04T15:00:00Z
CP-SEV-03025,Faded street name sign board in Kanchipuram,"Urgent attention requested: Municipal street sign board paint faded near junction. (Ref Ward-99, Kanchipuram)",Public Infrastructure Damage,infrastructure,DEPT_WORKS,Kanchipuram,Ward-99,LOW,0,3,3.76,2026-08-10T11:00:00Z
CP-SEV-01387,Localized clogged street drain causing puddle in Avadi,"Field inspection notice: Street drain inlet blocked with debris causing minor water pooling after rain. (Ref Ward-147, Avadi)",Drainage & Sewage Overflow,drainage,DEPT_DRAINAGE,Avadi,Ward-147,MEDIUM,6,1,42.69,2026-08-03T16:00:00Z
CP-SEV-00208,Moderate pothole on residential lane in Chennai North,"Field inspection notice: Pothole approximately 1 foot wide causing discomfort for two-wheelers in neighborhood street. (Ref Ward-70, Chennai North)",Road Damage & Potholes,roads,DEPT_ROADS,Chennai North,Ward-70,MEDIUM,10,2,21.85,2026-08-15T14:00:00Z
CP-SEV-03640,Tree branch overhanging private wall in Tiruvallur,"Field inspection notice: Small tree branch extending over compound wall without immediate blockage. (Ref Ward-95, Tiruvallur)",Other / General Municipal Operations,other,DEPT_GENERAL,Tiruvallur,Ward-95,LOW,6,3,5.43,2026-08-16T09:00:00Z
CP-SEV-00103,Small stone gravel loose on roadside margin in Avadi,"Field inspection notice: Loose gravel scattered near street corner after minor maintenance. (Ref Ward-138, Avadi)",Road Damage & Potholes,roads,DEPT_ROADS,Avadi,Ward-138,LOW,7,2,37.16,2026-08-19T12:00:00Z
CP-SEV-01068,Toxic chemical effluent mixing into drinking water supply in Tiruvallur,"Citizen report from Industrial chemical sewage leaking directly into municipal drinking pipeline, causing severe illness. (Ref Ward-13, Tiruvallur)",Water Supply Contamination / Burst,water,DEPT_WATER,Tiruvallur,Ward-13,CRITICAL,22,5,70.52,2026-08-06T17:00:00Z
CP-SEV-04084,Rabid stray dog pack actively biting children outside school gate in Tambaram,"Municipal grievance reported: Multiple children bitten and injured by aggressive rabid dog pack near school entrance. (Ref Ward-112, Tambaram)",Other / General Municipal Operations,other,DEPT_GENERAL,Tambaram,Ward-112,CRITICAL,42,4,65.21,2026-08-18T17:00:00Z
CP-SEV-03542,Municipal hall roof slab collapse hazard in Chennai North,"Municipal grievance reported: Heavy concrete ceiling slab sagging and crumbling over crowded public waiting hall. (Ref Ward-128, Chennai North)",Public Infrastructure Damage,infrastructure,DEPT_WORKS,Chennai North,Ward-128,CRITICAL,44,6,90.72,2026-08-15T11:00:00Z
CP-SEV-00377,Uncovered manhole trench on main avenue in Tiruvallur,"Citizen report from Road cut open for cable laying left open without barricades on major avenue. (Ref Ward-82, Tiruvallur)",Road Damage & Potholes,roads,DEPT_ROADS,Tiruvallur,Ward-82,HIGH,23,6,68.63,2026-08-19T11:00:00Z
CP-SEV-00451,Catastrophic road cave-in and asphalt collapse in Tambaram,"Citizen report from Massive crater opened up on main arterial road causing vehicle overturn and imminent life hazard. (Ref Ward-31, Tambaram)",Road Damage & Potholes,roads,DEPT_ROADS,Tambaram,Ward-31,CRITICAL,13,13,83.19,2026-08-23T13:00:00Z
CP-SEV-01380,Localized clogged street drain causing puddle in Tiruvallur,"Citizen report from Street drain inlet blocked with debris causing minor water pooling after rain. (Ref Ward-102, Tiruvallur)",Drainage & Sewage Overflow,drainage,DEPT_DRAINAGE,Tiruvallur,Ward-102,MEDIUM,3,3,33.71,2026-08-16T11:00:00Z
CP-SEV-00370,Deep pothole causing vehicle damage and traffic blockage in Chennai North,"Municipal grievance reported: Dangerous deep crater on main road damaging car tires and causing traffic congestion. (Ref Ward-116, Chennai North)",Road Damage & Potholes,roads,DEPT_ROADS,Chennai North,Ward-116,HIGH,5,9,82.61,2026-08-07T08:00:00Z
CP-SEV-00850,Water supply timing delayed by 2 hours in Chennai North,"Field inspection notice: Morning municipal water supply delayed by two hours without advance notice. (Ref Ward-141, Chennai North)",Water Supply Contamination / Burst,water,DEPT_WATER,Chennai North,Ward-141,MEDIUM,4,1,17.93,2026-08-14T20:00:00Z
CP-SEV-03938,Large fallen tree trunk blocking entire avenue in Tiruvallur,"Urgent attention requested: Heavy gulmohar tree uprooted during storm completely blocking two-lane avenue. (Ref Ward-140, Tiruvallur)",Other / General Municipal Operations,other,DEPT_GENERAL,Tiruvallur,Ward-140,HIGH,36,15,56.33,2026-08-03T14:00:00Z
CP-SEV-00462,Catastrophic road cave-in and asphalt collapse in Tambaram,"Municipal grievance reported: Massive crater opened up on main arterial road causing vehicle overturn and imminent life hazard. (Ref Ward-69, Tambaram)",Road Damage & Potholes,roads,DEPT_ROADS,Tambaram,Ward-69,CRITICAL,18,6,74.63,2026-08-05T17:00:00Z
CP-SEV-00376,Uncovered manhole trench on main avenue in Avadi,"Field inspection notice: Road cut open for cable laying left open without barricades on major avenue. (Ref Ward-128, Avadi)",Road Damage & Potholes,roads,DEPT_ROADS,Avadi,Ward-128,HIGH,6,13,94.16,2026-08-16T20:00:00Z
CP-SEV-01440,Small open drainage chamber cover displaced in Chennai Central,"Concrete cover slab of small side drain displaced by 2 inches. (Ref Ward-153, Chennai Central)",Drainage & Sewage Overflow,drainage,DEPT_DRAINAGE,Chennai Central,Ward-153,MEDIUM,2,3,32.7,2026-08-09T14:00:00Z
CP-SEV-00617,Slight water pressure decrease in morning tap in Kanchipuram,"Urgent attention requested: Municipal tap water pressure is slightly lower than usual during morning supply hours. (Ref Ward-6, Kanchipuram)",Water Supply Contamination / Burst,water,DEPT_WATER,Kanchipuram,Ward-6,LOW,1,2,19.99,2026-08-04T16:00:00Z
CP-SEV-01892,Streetlight pole sticker peeling off in Chennai South,"Municipal grievance reported: Identification sticker on light pole peeling off near corner. (Ref Ward-31, Chennai South)",Streetlights & Electrical Hazards,streetlights,DEPT_LIGHTING,Chennai South,Ward-31,LOW,4,2,19.75,2026-08-06T12:00:00Z
CP-SEV-01369,Localized clogged street drain causing puddle in Tambaram,"Municipal grievance reported: Street drain inlet blocked with debris causing minor water pooling after rain. (Ref Ward-56, Tambaram)",Drainage & Sewage Overflow,drainage,DEPT_DRAINAGE,Tambaram,Ward-56,MEDIUM,6,2,25.71,2026-08-27T13:00:00Z
CP-SEV-03017,Faded street name sign board in Avadi,"Field inspection notice: Municipal street sign board paint faded near junction. (Ref Ward-139, Avadi)",Public Infrastructure Damage,infrastructure,DEPT_WORKS,Avadi,Ward-139,LOW,4,1,12.05,2026-08-07T16:00:00Z
CP-SEV-01285,Slight odor from storm water drain inlet in Tiruvallur,"Field inspection notice: Mild stagnant smell from open storm drain during hot afternoon. (Ref Ward-151, Tiruvallur)",Drainage & Sewage Overflow,drainage,DEPT_DRAINAGE,Tiruvallur,Ward-151,LOW,0,2,40.01,2026-08-07T10:00:00Z
CP-SEV-03318,Unstable overhead gantries signboard shaking in wind in Chennai South,"Urgent attention requested: Large directional sign board hanging loose over main road threatening to fall on vehicles. (Ref Ward-186, Chennai South)",Public Infrastructure Damage,infrastructure,DEPT_WORKS,Chennai South,Ward-186,HIGH,14,11,74.22,2026-08-28T08:00:00Z
CP-SEV-01680,Underground sewage main explosion flooding hospital basement in Tiruvallur,"Citizen report from Main sewage trunk line ruptured flooding hospital basement and ground floor with raw sewage. (Ref Ward-108, Tiruvallur)",Drainage & Sewage Overflow,drainage,DEPT_DRAINAGE,Tiruvallur,Ward-108,CRITICAL,14,13,70.46,2026-08-13T09:00:00Z
CP-SEV-01038,Brownish muddy water in residential supply line in Chennai South,"Field inspection notice: Tap water coming contaminated with mud and silt across entire street layout. (Ref Ward-29, Chennai South)",Water Supply Contamination / Burst,water,DEPT_WATER,Chennai South,Ward-29,HIGH,29,7,57.7,2026-08-11T11:00:00Z
CP-SEV-01744,Severe toxic sewage backup into ground floor homes in Chennai North,"Municipal grievance reported: Raw black sewage backing up into toilets and living rooms of 50 houses creating extreme cholera biohazard. (Ref Ward-113, Chennai North)",Drainage & Sewage Overflow,drainage,DEPT_DRAINAGE,Chennai North,Ward-113,CRITICAL,23,2,52.21,2026-08-13T19:00:00Z
CP-SEV-00191,Moderate pothole on residential lane in Chennai North,"Pothole approximately 1 foot wide causing discomfort for two-wheelers in neighborhood street. (Ref Ward-83, Chennai North)",Road Damage & Potholes,roads,DEPT_ROADS,Chennai North,Ward-83,MEDIUM,2,1,5.68,2026-08-20T18:00:00Z
CP-SEV-04002,Stray dog pack menace creating panic near market in Chennai Central,"Urgent attention requested: Pack of aggressive stray dogs barking and chasing two-wheelers near market. (Ref Ward-113, Chennai Central)",Other / General Municipal Operations,other,DEPT_GENERAL,Chennai Central,Ward-113,HIGH,22,3,78.97,2026-08-17T15:00:00Z
CP-SEV-01442,Small open drainage chamber cover displaced in Chennai Central,"Field inspection notice: Concrete cover slab of small side drain displaced by 2 inches. (Ref Ward-35, Chennai Central)",Drainage & Sewage Overflow,drainage,DEPT_DRAINAGE,Chennai Central,Ward-35,MEDIUM,3,1,41.23,2026-08-01T08:00:00Z
CP-SEV-02562,Uncleared garbage dump accumulating for 3 days in Tiruvallur,"Municipal green bin overflowing with household waste uncleared for 72 hours. (Ref Ward-59, Tiruvallur)",Garbage & Waste Disposal,garbage,DEPT_SANITATION,Tiruvallur,Ward-59,MEDIUM,4,2,11.94,2026-08-17T11:00:00Z
CP-SEV-03936,Large fallen tree trunk blocking entire avenue in Avadi,"Field inspection notice: Heavy gulmohar tree uprooted during storm completely blocking two-lane avenue. (Ref Ward-199, Avadi)",Other / General Municipal Operations,other,DEPT_GENERAL,Avadi,Ward-199,HIGH,12,15,80.52,2026-08-08T08:00:00Z
CP-SEV-00521,Catastrophic road cave-in and asphalt collapse in Tiruvallur,"Field inspection notice: Massive crater opened up on main arterial road causing vehicle overturn and imminent life hazard. (Ref Ward-186, Tiruvallur)",Road Damage & Potholes,roads,DEPT_ROADS,Tiruvallur,Ward-186,CRITICAL,31,1,67.22,2026-08-14T10:00:00Z
CP-SEV-02056,Streetlight timer misconfigured turning off early in Kanchipuram,"Field inspection notice: Streetlights turning off 1 hour before sunrise in neighborhood layout. (Ref Ward-155, Kanchipuram)",Streetlights & Electrical Hazards,streetlights,DEPT_LIGHTING,Kanchipuram,Ward-155,MEDIUM,3,1,43.78,2026-08-17T18:00:00Z
CP-SEV-01560,Severe storm water logging blocking street access in Kanchipuram,"Citizen report from Rainwater logging knee-deep across entire street blocking vehicles and shop entrances. (Ref Ward-131, Kanchipuram)",Drainage & Sewage Overflow,drainage,DEPT_DRAINAGE,Kanchipuram,Ward-131,HIGH,15,5,84.5,2026-08-28T12:00:00Z
CP-SEV-01362,Localized clogged street drain causing puddle in Kanchipuram,"Urgent attention requested: Street drain inlet blocked with debris causing minor water pooling after rain. (Ref Ward-63, Kanchipuram)",Drainage & Sewage Overflow,drainage,DEPT_DRAINAGE,Kanchipuram,Ward-63,MEDIUM,9,3,8.51,2026-08-18T12:00:00Z
CP-SEV-00813,Localized water supply line leakage in Chennai Central,"Urgent attention requested: Drinking water pipeline leaking small stream of clean water on roadside near residential building. (Ref Ward-195, Chennai Central)",Water Supply Contamination / Burst,water,DEPT_WATER,Chennai Central,Ward-195,MEDIUM,0,2,29.01,2026-08-23T16:00:00Z
CP-SEV-01184,Complete water outage in hospital ward for 48 hours in Tiruvallur,"Citizen report from Zero water supply in municipal hospital premises for two days, threatening patient emergency operations. (Ref Ward-73, Tiruvallur)",Water Supply Contamination / Burst,water,DEPT_WATER,Tiruvallur,Ward-73,CRITICAL,5,7,66.54,2026-08-13T14:00:00Z
CP-SEV-00512,Catastrophic road cave-in and asphalt collapse in Chennai Central,"Municipal grievance reported: Massive crater opened up on main arterial road causing vehicle overturn and imminent life hazard. (Ref Ward-119, Chennai Central)",Road Damage & Potholes,roads,DEPT_ROADS,Chennai Central,Ward-119,CRITICAL,7,2,57.09,2026-08-22T12:00:00Z
CP-SEV-00388,Uncovered manhole trench on main avenue in Kanchipuram,"Citizen report from Road cut open for cable laying left open without barricades on major avenue. (Ref Ward-111, Kanchipuram)",Road Damage & Potholes,roads,DEPT_ROADS,Kanchipuram,Ward-111,HIGH,6,15,54.33,2026-08-05T11:00:00Z
CP-SEV-03762,Stray cattle roaming on residential street in Tambaram,"Field inspection notice: Stray cows sitting on residential lane causing minor vehicle slowness. (Ref Ward-7, Tambaram)",Other / General Municipal Operations,other,DEPT_GENERAL,Tambaram,Ward-7,MEDIUM,9,1,2.86,2026-08-11T16:00:00Z
CP-SEV-01148,Complete water outage in hospital ward for 48 hours in Tambaram,"Urgent attention requested: Zero water supply in municipal hospital premises for two days, threatening patient emergency operations. (Ref Ward-163, Tambaram)",Water Supply Contamination / Burst,water,DEPT_WATER,Tambaram,Ward-163,CRITICAL,34,4,62.93,2026-08-02T12:00:00Z
CP-SEV-00483,Catastrophic road cave-in and asphalt collapse in Chennai North,"Massive crater opened up on main arterial road causing vehicle overturn and imminent life hazard. (Ref Ward-102, Chennai North)",Road Damage & Potholes,roads,DEPT_ROADS,Chennai North,Ward-102,CRITICAL,18,11,82.07,2026-08-25T14:00:00Z
CP-SEV-03804,Stray cattle roaming on residential street in Tiruvallur,"Urgent attention requested: Stray cows sitting on residential lane causing minor vehicle slowness. (Ref Ward-154, Tiruvallur)",Other / General Municipal Operations,other,DEPT_GENERAL,Tiruvallur,Ward-154,MEDIUM,2,1,18.11,2026-08-01T08:00:00Z
CP-SEV-01265,Dry leaves covering roadside drain grate in Chennai South,"Field inspection notice: Accumulation of dry fallen leaves over storm drain inlet grate. (Ref Ward-180, Chennai South)",Drainage & Sewage Overflow,drainage,DEPT_DRAINAGE,Chennai South,Ward-180,LOW,7,3,9.23,2026-08-18T17:00:00Z
CP-SEV-00720,Minor street tap valve dripping in Chennai North,"Urgent attention requested: Public street tap dripping slowly near community park. (Ref Ward-63, Chennai North)",Water Supply Contamination / Burst,water,DEPT_WATER,Chennai North,Ward-63,LOW,2,3,26.66,2026-08-05T18:00:00Z
CP-SEV-02822,Animal carcasses dumped openly near residential layout in Chennai South,"Citizen report from Decomposed animal waste dumped near residential colony causing intense stench and flies. (Ref Ward-19, Chennai South)",Garbage & Waste Disposal,garbage,DEPT_SANITATION,Chennai South,Ward-19,HIGH,8,11,89.48,2026-08-27T09:00:00Z
CP-SEV-02318,High-voltage 11kV live wire snapped hanging across school gate in Kanchipuram,"Citizen report from Sparking live electrical cable hanging at chest height right outside primary school entrance. (Ref Ward-136, Kanchipuram)",Streetlights & Electrical Hazards,streetlights,DEPT_LIGHTING,Kanchipuram,Ward-136,CRITICAL,30,14,58.88,2026-08-16T17:00:00Z
CP-SEV-03917,Large fallen tree trunk blocking entire avenue in Chennai Central,"Urgent attention requested: Heavy gulmohar tree uprooted during storm completely blocking two-lane avenue. (Ref Ward-106, Chennai Central)",Other / General Municipal Operations,other,DEPT_GENERAL,Chennai Central,Ward-106,HIGH,18,10,70.15,2026-08-11T17:00:00Z
CP-SEV-02156,Entire street dark due to multiple streetlight failure in Tambaram,"Field inspection notice: All 15 streetlights out on main connecting road creating dark zone and safety hazard for commuters. (Ref Ward-55, Tambaram)",Streetlights & Electrical Hazards,streetlights,DEPT_LIGHTING,Tambaram,Ward-55,HIGH,39,5,74.56,2026-08-04T19:00:00Z
CP-SEV-01900,Streetlight pole sticker peeling off in Avadi,"Urgent attention requested: Identification sticker on light pole peeling off near corner. (Ref Ward-173, Avadi)",Streetlights & Electrical Hazards,streetlights,DEPT_LIGHTING,Avadi,Ward-173,LOW,5,1,19.5,2026-08-23T20:00:00Z
CP-SEV-04059,Rabid stray dog pack actively biting children outside school gate in Kanchipuram,"Urgent attention requested: Multiple children bitten and injured by aggressive rabid dog pack near school entrance. (Ref Ward-141, Kanchipuram)",Other / General Municipal Operations,other,DEPT_GENERAL,Kanchipuram,Ward-141,CRITICAL,9,14,69.25,2026-08-19T18:00:00Z
CP-SEV-02018,Single streetlight non-functional on residential lane in Tambaram,"Field inspection notice: Sodium streetlight bulb fused outside house no 42 on quiet residential road. (Ref Ward-13, Tambaram)",Streetlights & Electrical Hazards,streetlights,DEPT_LIGHTING,Tambaram,Ward-13,MEDIUM,4,1,5.47,2026-08-16T15:00:00Z
CP-SEV-01270,Dry leaves covering roadside drain grate in Chennai Central,"Municipal grievance reported: Accumulation of dry fallen leaves over storm drain inlet grate. (Ref Ward-62, Chennai Central)",Drainage & Sewage Overflow,drainage,DEPT_DRAINAGE,Chennai Central,Ward-62,LOW,6,3,4.97,2026-08-02T13:00:00Z
CP-SEV-02044,Streetlight timer misconfigured turning off early in Chennai Central,"Citizen report from Streetlights turning off 1 hour before sunrise in neighborhood layout. (Ref Ward-46, Chennai Central)",Streetlights & Electrical Hazards,streetlights,DEPT_LIGHTING,Chennai Central,Ward-46,MEDIUM,6,3,18.38,2026-08-25T11:00:00Z
CP-SEV-02854,Toxic biohazardous medical waste burning near residential area in Kanchipuram,"Urgent attention requested: Illegal dump of hospital syringes and chemical waste set on fire emitting toxic fumes into homes. (Ref Ward-193, Kanchipuram)",Garbage & Waste Disposal,garbage,DEPT_SANITATION,Kanchipuram,Ward-193,CRITICAL,8,13,66.39,2026-08-24T20:00:00Z
CP-SEV-03232,Cracked plaster on municipal wall in Tambaram,"Municipal grievance reported: Boundary wall plaster cracking near municipal office enclosure. (Ref Ward-70, Tambaram)",Public Infrastructure Damage,infrastructure,DEPT_WORKS,Tambaram,Ward-70,MEDIUM,9,3,20.52,2026-08-10T15:00:00Z
CP-SEV-03920,Large fallen tree trunk blocking entire avenue in Kanchipuram,"Heavy gulmohar tree uprooted during storm completely blocking two-lane avenue. (Ref Ward-72, Kanchipuram)",Other / General Municipal Operations,other,DEPT_GENERAL,Kanchipuram,Ward-72,HIGH,4,5,76.94,2026-08-23T16:00:00Z
CP-SEV-01286,Slight odor from storm water drain inlet in Tiruvallur,"Field inspection notice: Mild stagnant smell from open storm drain during hot afternoon. (Ref Ward-190, Tiruvallur)",Drainage & Sewage Overflow,drainage,DEPT_DRAINAGE,Tiruvallur,Ward-190,LOW,0,1,24.64,2026-08-03T08:00:00Z
CP-SEV-00113,Small stone gravel loose on roadside margin in Tambaram,"Loose gravel scattered near street corner after minor maintenance. (Ref Ward-71, Tambaram)",Road Damage & Potholes,roads,DEPT_ROADS,Tambaram,Ward-71,LOW,8,3,12.73,2026-08-04T11:00:00Z
CP-SEV-01728,Severe toxic sewage backup into ground floor homes in Chennai North,"Urgent attention requested: Raw black sewage backing up into toilets and living rooms of 50 houses creating extreme cholera biohazard. (Ref Ward-177, Chennai North)",Drainage & Sewage Overflow,drainage,DEPT_DRAINAGE,Chennai North,Ward-177,CRITICAL,16,15,85.32,2026-08-04T08:00:00Z
CP-SEV-01571,Severe storm water logging blocking street access in Tiruvallur,"Municipal grievance reported: Rainwater logging knee-deep across entire street blocking vehicles and shop entrances. (Ref Ward-34, Tiruvallur)",Drainage & Sewage Overflow,drainage,DEPT_DRAINAGE,Tiruvallur,Ward-34,HIGH,23,12,86.45,2026-08-24T20:00:00Z
CP-SEV-03921,Large fallen tree trunk blocking entire avenue in Tambaram,"Heavy gulmohar tree uprooted during storm completely blocking two-lane avenue. (Ref Ward-9, Tambaram)",Other / General Municipal Operations,other,DEPT_GENERAL,Tambaram,Ward-9,HIGH,39,15,64.17,2026-08-11T08:00:00Z
CP-SEV-03934,Large fallen tree trunk blocking entire avenue in Tambaram,"Field inspection notice: Heavy gulmohar tree uprooted during storm completely blocking two-lane avenue. (Ref Ward-79, Tambaram)",Other / General Municipal Operations,other,DEPT_GENERAL,Tambaram,Ward-79,HIGH,36,10,74.14,2026-08-28T12:00:00Z
CP-SEV-02340,Electrical transformer explosion emitting fire and smoke in Chennai South,"Municipal grievance reported: Street transformer exploded emitting fire sparks and thick black smoke near crowded apartments. (Ref Ward-87, Chennai South)",Streetlights & Electrical Hazards,streetlights,DEPT_LIGHTING,Chennai South,Ward-87,CRITICAL,43,10,69.3,2026-08-04T17:00:00Z
CP-SEV-03393,Public footbridge steps broken in Avadi,"Municipal grievance reported: Concrete steps on pedestrian footbridge cracked with exposed rusty iron rebar. (Ref Ward-58, Avadi)",Public Infrastructure Damage,infrastructure,DEPT_WORKS,Avadi,Ward-58,HIGH,0,8,87.37,2026-08-05T12:00:00Z
CP-SEV-03077,Minor scratch on public park bench in Chennai Central,"Wooden bench slat scratched in public garden. (Ref Ward-77, Chennai Central)",Public Infrastructure Damage,infrastructure,DEPT_WORKS,Chennai Central,Ward-77,LOW,8,1,24.62,2026-08-06T13:00:00Z
CP-SEV-01977,Single streetlight non-functional on residential lane in Chennai Central,"Sodium streetlight bulb fused outside house no 42 on quiet residential road. (Ref Ward-71, Chennai Central)",Streetlights & Electrical Hazards,streetlights,DEPT_LIGHTING,Chennai Central,Ward-71,MEDIUM,5,1,15.37,2026-08-19T19:00:00Z
CP-SEV-02348,Electrical transformer explosion emitting fire and smoke in Kanchipuram,"Urgent attention requested: Street transformer exploded emitting fire sparks and thick black smoke near crowded apartments. (Ref Ward-69, Kanchipuram)",Streetlights & Electrical Hazards,streetlights,DEPT_LIGHTING,Kanchipuram,Ward-69,CRITICAL,28,7,84.98,2026-08-26T20:00:00Z
CP-SEV-02441,Small litter paper cups near park bench in Tiruvallur,"Citizen report from Few discarded tea cups scattered around park bench area. (Ref Ward-55, Tiruvallur)",Garbage & Waste Disposal,garbage,DEPT_SANITATION,Tiruvallur,Ward-55,LOW,10,2,21.52,2026-08-07T09:00:00Z
CP-SEV-01827,Single decorative garden light dim in public park in Avadi,"Pedestrian walkway lamp shade slightly dusty and dim in municipal park. (Ref Ward-21, Avadi)",Streetlights & Electrical Hazards,streetlights,DEPT_LIGHTING,Avadi,Ward-21,LOW,7,1,12.17,2026-08-02T09:00:00Z
CP-SEV-04035,Stray dog pack menace creating panic near market in Tambaram,"Citizen report from Pack of aggressive stray dogs barking and chasing two-wheelers near market. (Ref Ward-142, Tambaram)",Other / General Municipal Operations,other,DEPT_GENERAL,Tambaram,Ward-142,HIGH,26,8,66.11,2026-08-24T08:00:00Z
CP-SEV-03729,Faded ward boundary map in Kanchipuram,"Urgent attention requested: Public information board map faded at zonal office. (Ref Ward-4, Kanchipuram)",Other / General Municipal Operations,other,DEPT_GENERAL,Kanchipuram,Ward-4,LOW,9,2,10.22,2026-08-28T13:00:00Z
CP-SEV-03505,Imminent structural collapse of busy flyover bridge pillar in Tambaram,"Municipal grievance reported: Load-bearing concrete pillar of busy traffic flyover cracked with large concrete blocks falling onto road below. (Ref Ward-165, Tambaram)",Public Infrastructure Damage,infrastructure,DEPT_WORKS,Tambaram,Ward-165,CRITICAL,20,2,60.11,2026-08-05T15:00:00Z
CP-SEV-00284,Uneven road paver block near bus stop in Tiruvallur,"Citizen report from Interlocking paver blocks displaced near local bus shelter area. (Ref Ward-142, Tiruvallur)",Road Damage & Potholes,roads,DEPT_ROADS,Tiruvallur,Ward-142,MEDIUM,9,1,2.96,2026-08-13T19:00:00Z
CP-SEV-02580,Uncleared garbage dump accumulating for 3 days in Avadi,"Field inspection notice: Municipal green bin overflowing with household waste uncleared for 72 hours. (Ref Ward-198, Avadi)",Garbage & Waste Disposal,garbage,DEPT_SANITATION,Avadi,Ward-198,MEDIUM,6,2,28.91,2026-08-07T08:00:00Z
CP-SEV-03535,Municipal hall roof slab collapse hazard in Chennai Central,"Urgent attention requested: Heavy concrete ceiling slab sagging and crumbling over crowded public waiting hall. (Ref Ward-171, Chennai Central)",Public Infrastructure Damage,infrastructure,DEPT_WORKS,Chennai Central,Ward-171,CRITICAL,4,6,59.16,2026-08-25T11:00:00Z
CP-SEV-02164,Entire street dark due to multiple streetlight failure in Avadi,"Citizen report from All 15 streetlights out on main connecting road creating dark zone and safety hazard for commuters. (Ref Ward-200, Avadi)",Streetlights & Electrical Hazards,streetlights,DEPT_LIGHTING,Avadi,Ward-200,HIGH,36,14,73.88,2026-08-02T20:00:00Z
CP-SEV-03072,Faded street name sign board in Tiruvallur,"Urgent attention requested: Municipal street sign board paint faded near junction. (Ref Ward-19, Tiruvallur)",Public Infrastructure Damage,infrastructure,DEPT_WORKS,Tiruvallur,Ward-19,LOW,4,2,2.04,2026-08-12T20:00:00Z
CP-SEV-00594,Main bridge approach road cracked and collapsing in Tiruvallur,"Field inspection notice: Approach embankment of river bridge severely cracked and caving in during peak traffic. (Ref Ward-154, Tiruvallur)",Road Damage & Potholes,roads,DEPT_ROADS,Tiruvallur,Ward-154,CRITICAL,42,6,80.63,2026-08-24T08:00:00Z
CP-SEV-02550,Public dustbin lid missing in Chennai North,"Field inspection notice: Plastic dustbin lid missing at street corner bin. (Ref Ward-65, Chennai North)",Garbage & Waste Disposal,garbage,DEPT_SANITATION,Chennai North,Ward-65,LOW,2,2,20.86,2026-08-13T20:00:00Z
CP-SEV-02304,High-voltage 11kV live wire snapped hanging across school gate in Chennai Central,"Urgent attention requested: Sparking live electrical cable hanging at chest height right outside primary school entrance. (Ref Ward-43, Chennai Central)",Streetlights & Electrical Hazards,streetlights,DEPT_LIGHTING,Chennai Central,Ward-43,CRITICAL,41,4,81.52,2026-08-09T15:00:00Z
CP-SEV-00442,Uncovered manhole trench on main avenue in Kanchipuram,"Citizen report from Road cut open for cable laying left open without barricades on major avenue. (Ref Ward-138, Kanchipuram)",Road Damage & Potholes,roads,DEPT_ROADS,Kanchipuram,Ward-138,HIGH,35,3,72.03,2026-08-05T10:00:00Z
CP-SEV-03991,Stray dog pack menace creating panic near market in Chennai South,"Pack of aggressive stray dogs barking and chasing two-wheelers near market. (Ref Ward-146, Chennai South)",Other / General Municipal Operations,other,DEPT_GENERAL,Chennai South,Ward-146,HIGH,33,11,67.41,2026-08-21T20:00:00Z
CP-SEV-02268,High-voltage 11kV live wire snapped hanging across school gate in Avadi,"Municipal grievance reported: Sparking live electrical cable hanging at chest height right outside primary school entrance. (Ref Ward-136, Avadi)",Streetlights & Electrical Hazards,streetlights,DEPT_LIGHTING,Avadi,Ward-136,CRITICAL,35,3,56.45,2026-08-11T08:00:00Z
CP-SEV-04065,Rabid stray dog pack actively biting children outside school gate in Avadi,"Citizen report from Multiple children bitten and injured by aggressive rabid dog pack near school entrance. (Ref Ward-145, Avadi)",Other / General Municipal Operations,other,DEPT_GENERAL,Avadi,Ward-145,CRITICAL,1,2,94.24,2026-08-13T14:00:00Z
CP-SEV-00863,Water supply timing delayed by 2 hours in Chennai North,"Urgent attention requested: Morning municipal water supply delayed by two hours without advance notice. (Ref Ward-120, Chennai North)",Water Supply Contamination / Burst,water,DEPT_WATER,Chennai North,Ward-120,MEDIUM,1,2,29.72,2026-08-22T18:00:00Z
CP-SEV-02279,High-voltage 11kV live wire snapped hanging across school gate in Tambaram,"Field inspection notice: Sparking live electrical cable hanging at chest height right outside primary school entrance. (Ref Ward-107, Tambaram)",Streetlights & Electrical Hazards,streetlights,DEPT_LIGHTING,Tambaram,Ward-107,CRITICAL,28,8,92.86,2026-08-15T13:00:00Z
CP-SEV-03090,Minor scratch on public park bench in Chennai South,"Wooden bench slat scratched in public garden. (Ref Ward-89, Chennai South)",Public Infrastructure Damage,infrastructure,DEPT_WORKS,Chennai South,Ward-89,LOW,4,2,28.52,2026-08-20T13:00:00Z
CP-SEV-00644,Slight water pressure decrease in morning tap in Chennai South,"Field inspection notice: Municipal tap water pressure is slightly lower than usual during morning supply hours. (Ref Ward-168, Chennai South)",Water Supply Contamination / Burst,water,DEPT_WATER,Chennai South,Ward-168,LOW,5,2,37.14,2026-08-27T11:00:00Z
CP-SEV-01951,Single streetlight non-functional on residential lane in Avadi,"Municipal grievance reported: Sodium streetlight bulb fused outside house no 42 on quiet residential road. (Ref Ward-187, Avadi)",Streetlights & Electrical Hazards,streetlights,DEPT_LIGHTING,Avadi,Ward-187,MEDIUM,5,3,34.51,2026-08-09T16:00:00Z
CP-SEV-02082,Streetlight timer misconfigured turning off early in Kanchipuram,"Citizen report from Streetlights turning off 1 hour before sunrise in neighborhood layout. (Ref Ward-17, Kanchipuram)",Streetlights & Electrical Hazards,streetlights,DEPT_LIGHTING,Kanchipuram,Ward-17,MEDIUM,8,2,2.74,2026-08-08T11:00:00Z
CP-SEV-03178,Damaged metal traffic guard rail in Kanchipuram,"Field inspection notice: Galvanized iron traffic barrier bent after minor vehicle impact near bus stand. (Ref Ward-141, Kanchipuram)",Public Infrastructure Damage,infrastructure,DEPT_WORKS,Kanchipuram,Ward-141,MEDIUM,1,3,12.64,2026-08-06T11:00:00Z
CP-SEV-02320,High-voltage 11kV live wire snapped hanging across school gate in Tambaram,"Sparking live electrical cable hanging at chest height right outside primary school entrance. (Ref Ward-48, Tambaram)",Streetlights & Electrical Hazards,streetlights,DEPT_LIGHTING,Tambaram,Ward-48,CRITICAL,0,2,57.91,2026-08-07T12:00:00Z
CP-SEV-03309,Unstable overhead gantries signboard shaking in wind in Tambaram,"Citizen report from Large directional sign board hanging loose over main road threatening to fall on vehicles. (Ref Ward-82, Tambaram)",Public Infrastructure Damage,infrastructure,DEPT_WORKS,Tambaram,Ward-82,HIGH,10,15,66.14,2026-08-05T08:00:00Z
CP-SEV-00193,Moderate pothole on residential lane in Avadi,"Urgent attention requested: Pothole approximately 1 foot wide causing discomfort for two-wheelers in neighborhood street. (Ref Ward-111, Avadi)",Road Damage & Potholes,roads,DEPT_ROADS,Avadi,Ward-111,MEDIUM,1,3,29.29,2026-08-25T16:00:00Z
CP-SEV-03466,Imminent structural collapse of busy flyover bridge pillar in Chennai South,"Load-bearing concrete pillar of busy traffic flyover cracked with large concrete blocks falling onto road below. (Ref Ward-130, Chennai South)",Public Infrastructure Damage,infrastructure,DEPT_WORKS,Chennai South,Ward-130,CRITICAL,17,10,72.91,2026-08-25T12:00:00Z
CP-SEV-01447,Small open drainage chamber cover displaced in Kanchipuram,"Field inspection notice: Concrete cover slab of small side drain displaced by 2 inches. (Ref Ward-15, Kanchipuram)",Drainage & Sewage Overflow,drainage,DEPT_DRAINAGE,Kanchipuram,Ward-15,MEDIUM,6,3,11.11,2026-08-16T08:00:00Z
CP-SEV-03698,Faded ward boundary map in Kanchipuram,"Municipal grievance reported: Public information board map faded at zonal office. (Ref Ward-82, Kanchipuram)",Other / General Municipal Operations,other,DEPT_GENERAL,Kanchipuram,Ward-82,LOW,1,3,17.63,2026-08-18T10:00:00Z
CP-SEV-03606,Tree branch overhanging private wall in Chennai North,"Field inspection notice: Small tree branch extending over compound wall without immediate blockage. (Ref Ward-190, Chennai North)",Other / General Municipal Operations,other,DEPT_GENERAL,Chennai North,Ward-190,LOW,9,1,36.63,2026-08-11T11:00:00Z
CP-SEV-01074,Toxic chemical effluent mixing into drinking water supply in Chennai Central,"Urgent attention requested: Industrial chemical sewage leaking directly into municipal drinking pipeline, causing severe illness. (Ref Ward-40, Chennai Central)",Water Supply Contamination / Burst,water,DEPT_WATER,Chennai Central,Ward-40,CRITICAL,34,9,64.91,2026-08-23T12:00:00Z
CP-SEV-00143,Small stone gravel loose on roadside margin in Avadi,"Citizen report from Loose gravel scattered near street corner after minor maintenance. (Ref Ward-131, Avadi)",Road Damage & Potholes,roads,DEPT_ROADS,Avadi,Ward-131,LOW,1,2,34.77,2026-08-28T14:00:00Z
CP-SEV-01177,Complete water outage in hospital ward for 48 hours in Tambaram,"Field inspection notice: Zero water supply in municipal hospital premises for two days, threatening patient emergency operations. (Ref Ward-121, Tambaram)",Water Supply Contamination / Burst,water,DEPT_WATER,Tambaram,Ward-121,CRITICAL,21,12,69.01,2026-08-27T09:00:00Z
CP-SEV-03249,Cracked plaster on municipal wall in Chennai Central,"Municipal grievance reported: Boundary wall plaster cracking near municipal office enclosure. (Ref Ward-105, Chennai Central)",Public Infrastructure Damage,infrastructure,DEPT_WORKS,Chennai Central,Ward-105,MEDIUM,0,3,34.16,2026-08-27T18:00:00Z
CP-SEV-01379,Localized clogged street drain causing puddle in Tiruvallur,"Urgent attention requested: Street drain inlet blocked with debris causing minor water pooling after rain. (Ref Ward-168, Tiruvallur)",Drainage & Sewage Overflow,drainage,DEPT_DRAINAGE,Tiruvallur,Ward-168,MEDIUM,7,3,23.07,2026-08-25T10:00:00Z
CP-SEV-04051,Rabid stray dog pack actively biting children outside school gate in Chennai South,"Citizen report from Multiple children bitten and injured by aggressive rabid dog pack near school entrance. (Ref Ward-17, Chennai South)",Other / General Municipal Operations,other,DEPT_GENERAL,Chennai South,Ward-17,CRITICAL,44,1,63.03,2026-08-19T13:00:00Z
CP-SEV-00543,Main bridge approach road cracked and collapsing in Chennai South,"Approach embankment of river bridge severely cracked and caving in during peak traffic. (Ref Ward-164, Chennai South)",Road Damage & Potholes,roads,DEPT_ROADS,Chennai South,Ward-164,CRITICAL,6,15,72.33,2026-08-11T19:00:00Z
CP-SEV-00794,Localized water supply line leakage in Tambaram,"Urgent attention requested: Drinking water pipeline leaking small stream of clean water on roadside near residential building. (Ref Ward-77, Tambaram)",Water Supply Contamination / Burst,water,DEPT_WATER,Tambaram,Ward-77,MEDIUM,6,2,26.87,2026-08-26T08:00:00Z
CP-SEV-03524,Imminent structural collapse of busy flyover bridge pillar in Chennai North,"Load-bearing concrete pillar of busy traffic flyover cracked with large concrete blocks falling onto road below. (Ref Ward-133, Chennai North)",Public Infrastructure Damage,infrastructure,DEPT_WORKS,Chennai North,Ward-133,CRITICAL,36,13,85.02,2026-08-03T09:00:00Z
CP-SEV-03507,Imminent structural collapse of busy flyover bridge pillar in Kanchipuram,"Municipal grievance reported: Load-bearing concrete pillar of busy traffic flyover cracked with large concrete blocks falling onto road below. (Ref Ward-35, Kanchipuram)",Public Infrastructure Damage,infrastructure,DEPT_WORKS,Kanchipuram,Ward-35,CRITICAL,22,14,81.14,2026-08-19T16:00:00Z
CP-SEV-02645,Commercial shop waste dumped on sidewalk in Chennai Central,"Citizen report from Retail shop cardboard boxes and plastic packaging dumped along footpath. (Ref Ward-116, Chennai Central)",Garbage & Waste Disposal,garbage,DEPT_SANITATION,Chennai Central,Ward-116,MEDIUM,9,3,29.72,2026-08-07T15:00:00Z
CP-SEV-01648,Overflowing sewage drain on market street in Chennai North,"Sewage drain overflowing onto commercial market footpath creating foul health hazard. (Ref Ward-72, Chennai North)",Drainage & Sewage Overflow,drainage,DEPT_DRAINAGE,Chennai North,Ward-72,HIGH,23,6,54.02,2026-08-06T19:00:00Z
CP-SEV-03817,Stray cattle roaming on residential street in Chennai North,"Field inspection notice: Stray cows sitting on residential lane causing minor vehicle slowness. (Ref Ward-135, Chennai North)",Other / General Municipal Operations,other,DEPT_GENERAL,Chennai North,Ward-135,MEDIUM,9,2,44.02,2026-08-05T20:00:00Z
CP-SEV-01960,Single streetlight non-functional on residential lane in Chennai North,"Citizen report from Sodium streetlight bulb fused outside house no 42 on quiet residential road. (Ref Ward-155, Chennai North)",Streetlights & Electrical Hazards,streetlights,DEPT_LIGHTING,Chennai North,Ward-155,MEDIUM,2,3,37.51,2026-08-23T10:00:00Z
CP-SEV-01584,Overflowing sewage drain on market street in Chennai Central,"Municipal grievance reported: Sewage drain overflowing onto commercial market footpath creating foul health hazard. (Ref Ward-57, Chennai Central)",Drainage & Sewage Overflow,drainage,DEPT_DRAINAGE,Chennai Central,Ward-57,HIGH,45,5,74.85,2026-08-06T11:00:00Z
CP-SEV-02323,High-voltage 11kV live wire snapped hanging across school gate in Chennai Central,"Field inspection notice: Sparking live electrical cable hanging at chest height right outside primary school entrance. (Ref Ward-154, Chennai Central)",Streetlights & Electrical Hazards,streetlights,DEPT_LIGHTING,Chennai Central,Ward-154,CRITICAL,32,11,62.84,2026-08-14T12:00:00Z
CP-SEV-03114,Minor scratch on public park bench in Avadi,"Municipal grievance reported: Wooden bench slat scratched in public garden. (Ref Ward-2, Avadi)",Public Infrastructure Damage,infrastructure,DEPT_WORKS,Avadi,Ward-2,LOW,10,2,43.1,2026-08-15T13:00:00Z
CP-SEV-03200,Damaged metal traffic guard rail in Tiruvallur,"Citizen report from Galvanized iron traffic barrier bent after minor vehicle impact near bus stand. (Ref Ward-130, Tiruvallur)",Public Infrastructure Damage,infrastructure,DEPT_WORKS,Tiruvallur,Ward-130,MEDIUM,3,2,1.74,2026-08-01T15:00:00Z
CP-SEV-02839,Animal carcasses dumped openly near residential layout in Chennai North,"Citizen report from Decomposed animal waste dumped near residential colony causing intense stench and flies. (Ref Ward-141, Chennai North)",Garbage & Waste Disposal,garbage,DEPT_SANITATION,Chennai North,Ward-141,HIGH,45,8,93.22,2026-08-21T15:00:00Z
CP-SEV-03463,Imminent structural collapse of busy flyover bridge pillar in Tambaram,"Load-bearing concrete pillar of busy traffic flyover cracked with large concrete blocks falling onto road below. (Ref Ward-30, Tambaram)",Public Infrastructure Damage,infrastructure,DEPT_WORKS,Tambaram,Ward-30,CRITICAL,37,4,76.64,2026-08-26T11:00:00Z
CP-SEV-00460,Catastrophic road cave-in and asphalt collapse in Chennai Central,"Urgent attention requested: Massive crater opened up on main arterial road causing vehicle overturn and imminent life hazard. (Ref Ward-149, Chennai Central)",Road Damage & Potholes,roads,DEPT_ROADS,Chennai Central,Ward-149,CRITICAL,5,12,93.75,2026-08-21T18:00:00Z
CP-SEV-00089,Small stone gravel loose on roadside margin in Kanchipuram,"Field inspection notice: Loose gravel scattered near street corner after minor maintenance. (Ref Ward-174, Kanchipuram)",Road Damage & Potholes,roads,DEPT_ROADS,Kanchipuram,Ward-174,LOW,2,2,41.38,2026-08-20T16:00:00Z
CP-SEV-01654,Underground sewage main explosion flooding hospital basement in Tiruvallur,"Municipal grievance reported: Main sewage trunk line ruptured flooding hospital basement and ground floor with raw sewage. (Ref Ward-27, Tiruvallur)",Drainage & Sewage Overflow,drainage,DEPT_DRAINAGE,Tiruvallur,Ward-27,CRITICAL,24,3,75.66,2026-08-28T09:00:00Z
CP-SEV-01165,Complete water outage in hospital ward for 48 hours in Chennai North,"Zero water supply in municipal hospital premises for two days, threatening patient emergency operations. (Ref Ward-147, Chennai North)",Water Supply Contamination / Burst,water,DEPT_WATER,Chennai North,Ward-147,CRITICAL,7,9,79.89,2026-08-19T20:00:00Z
CP-SEV-00036,Minor cosmetic paint peeling on speed breaker in Tambaram,"Urgent attention requested: Faded paint on speed bump near residential lane, requires routine repaint. (Ref Ward-141, Tambaram)",Road Damage & Potholes,roads,DEPT_ROADS,Tambaram,Ward-141,LOW,0,3,44.97,2026-08-27T08:00:00Z
CP-SEV-01809,Single decorative garden light dim in public park in Tambaram,"Urgent attention requested: Pedestrian walkway lamp shade slightly dusty and dim in municipal park. (Ref Ward-17, Tambaram)",Streetlights & Electrical Hazards,streetlights,DEPT_LIGHTING,Tambaram,Ward-17,LOW,9,2,5.15,2026-08-28T19:00:00Z
CP-SEV-03069,Faded street name sign board in Avadi,"Field inspection notice: Municipal street sign board paint faded near junction. (Ref Ward-55, Avadi)",Public Infrastructure Damage,infrastructure,DEPT_WORKS,Avadi,Ward-55,LOW,5,1,26.78,2026-08-09T15:00:00Z
CP-SEV-03344,Unstable overhead gantries signboard shaking in wind in Chennai South,"Field inspection notice: Large directional sign board hanging loose over main road threatening to fall on vehicles. (Ref Ward-55, Chennai South)",Public Infrastructure Damage,infrastructure,DEPT_WORKS,Chennai South,Ward-55,HIGH,26,15,83.61,2026-08-17T13:00:00Z
CP-SEV-01838,Single decorative garden light dim in public park in Kanchipuram,"Municipal grievance reported: Pedestrian walkway lamp shade slightly dusty and dim in municipal park. (Ref Ward-189, Kanchipuram)",Streetlights & Electrical Hazards,streetlights,DEPT_LIGHTING,Kanchipuram,Ward-189,LOW,3,2,32.09,2026-08-12T20:00:00Z
CP-SEV-01652,Underground sewage main explosion flooding hospital basement in Chennai Central,"Field inspection notice: Main sewage trunk line ruptured flooding hospital basement and ground floor with raw sewage. (Ref Ward-22, Chennai Central)",Drainage & Sewage Overflow,drainage,DEPT_DRAINAGE,Chennai Central,Ward-22,CRITICAL,32,8,61.83,2026-08-22T08:00:00Z
CP-SEV-02636,Commercial shop waste dumped on sidewalk in Tambaram,"Citizen report from Retail shop cardboard boxes and plastic packaging dumped along footpath. (Ref Ward-143, Tambaram)",Garbage & Waste Disposal,garbage,DEPT_SANITATION,Tambaram,Ward-143,MEDIUM,0,3,4.39,2026-08-21T17:00:00Z
CP-SEV-01962,Single streetlight non-functional on residential lane in Chennai North,"Field inspection notice: Sodium streetlight bulb fused outside house no 42 on quiet residential road. (Ref Ward-143, Chennai North)",Streetlights & Electrical Hazards,streetlights,DEPT_LIGHTING,Chennai North,Ward-143,MEDIUM,10,2,8.01,2026-08-28T13:00:00Z
CP-SEV-01488,Small open drainage chamber cover displaced in Tiruvallur,"Urgent attention requested: Concrete cover slab of small side drain displaced by 2 inches. (Ref Ward-180, Tiruvallur)",Drainage & Sewage Overflow,drainage,DEPT_DRAINAGE,Tiruvallur,Ward-180,MEDIUM,9,2,13.9,2026-08-23T09:00:00Z
CP-SEV-03223,Damaged metal traffic guard rail in Tambaram,"Field inspection notice: Galvanized iron traffic barrier bent after minor vehicle impact near bus stand. (Ref Ward-159, Tambaram)",Public Infrastructure Damage,infrastructure,DEPT_WORKS,Tambaram,Ward-159,MEDIUM,7,3,25.49,2026-08-15T14:00:00Z
CP-SEV-00493,Catastrophic road cave-in and asphalt collapse in Chennai North,"Field inspection notice: Massive crater opened up on main arterial road causing vehicle overturn and imminent life hazard. (Ref Ward-128, Chennai North)",Road Damage & Potholes,roads,DEPT_ROADS,Chennai North,Ward-128,CRITICAL,32,6,52.49,2026-08-28T17:00:00Z
CP-SEV-03601,Tree branch overhanging private wall in Kanchipuram,"Citizen report from Small tree branch extending over compound wall without immediate blockage. (Ref Ward-192, Kanchipuram)",Other / General Municipal Operations,other,DEPT_GENERAL,Kanchipuram,Ward-192,LOW,1,2,2.47,2026-08-04T14:00:00Z
CP-SEV-02421,Small litter paper cups near park bench in Kanchipuram,"Field inspection notice: Few discarded tea cups scattered around park bench area. (Ref Ward-25, Kanchipuram)",Garbage & Waste Disposal,garbage,DEPT_SANITATION,Kanchipuram,Ward-25,LOW,6,3,15.18,2026-08-20T15:00:00Z
CP-SEV-01131,Complete water outage in hospital ward for 48 hours in Chennai Central,"Zero water supply in municipal hospital premises for two days, threatening patient emergency operations. (Ref Ward-160, Chennai Central)",Water Supply Contamination / Burst,water,DEPT_WATER,Chennai Central,Ward-160,CRITICAL,6,13,53.44,2026-08-25T16:00:00Z
CP-SEV-03519,Imminent structural collapse of busy flyover bridge pillar in Tambaram,"Municipal grievance reported: Load-bearing concrete pillar of busy traffic flyover cracked with large concrete blocks falling onto road below. (Ref Ward-82, Tambaram)",Public Infrastructure Damage,infrastructure,DEPT_WORKS,Tambaram,Ward-82,CRITICAL,27,3,56.66,2026-08-28T08:00:00Z
CP-SEV-00209,Moderate pothole on residential lane in Chennai Central,"Pothole approximately 1 foot wide causing discomfort for two-wheelers in neighborhood street. (Ref Ward-56, Chennai Central)",Road Damage & Potholes,roads,DEPT_ROADS,Chennai Central,Ward-56,MEDIUM,1,2,19.35,2026-08-10T18:00:00Z
CP-SEV-02247,Damaged electrical junction box door open in Kanchipuram,"Feeder pillar box door hanging open with exposed low-voltage terminals near footpath. (Ref Ward-131, Kanchipuram)",Streetlights & Electrical Hazards,streetlights,DEPT_LIGHTING,Kanchipuram,Ward-131,HIGH,11,9,66.69,2026-08-23T08:00:00Z
CP-SEV-02040,Streetlight timer misconfigured turning off early in Chennai Central,"Municipal grievance reported: Streetlights turning off 1 hour before sunrise in neighborhood layout. (Ref Ward-193, Chennai Central)",Streetlights & Electrical Hazards,streetlights,DEPT_LIGHTING,Chennai Central,Ward-193,MEDIUM,7,3,21.03,2026-08-05T17:00:00Z
CP-SEV-03929,Large fallen tree trunk blocking entire avenue in Chennai South,"Citizen report from Heavy gulmohar tree uprooted during storm completely blocking two-lane avenue. (Ref Ward-164, Chennai South)",Other / General Municipal Operations,other,DEPT_GENERAL,Chennai South,Ward-164,HIGH,21,7,82.18,2026-08-24T16:00:00Z
CP-SEV-01504,Severe storm water logging blocking street access in Tambaram,"Rainwater logging knee-deep across entire street blocking vehicles and shop entrances. (Ref Ward-165, Tambaram)",Drainage & Sewage Overflow,drainage,DEPT_DRAINAGE,Tambaram,Ward-165,HIGH,14,1,76.41,2026-08-19T15:00:00Z
CP-SEV-03854,Overgrown grass near roadside footway in Tambaram,"Urgent attention requested: Wild grass growing along sidewalk margin. (Ref Ward-186, Tambaram)",Other / General Municipal Operations,other,DEPT_GENERAL,Tambaram,Ward-186,MEDIUM,8,3,40.13,2026-08-25T10:00:00Z
CP-SEV-02966,Massive garbage barrier blocking emergency hospital ambulance entrance in Tambaram,"Citizen report from Rotting garbage pile collapsed across hospital gate preventing emergency ambulance access. (Ref Ward-93, Tambaram)",Garbage & Waste Disposal,garbage,DEPT_SANITATION,Tambaram,Ward-93,CRITICAL,44,15,67.17,2026-08-23T08:00:00Z
CP-SEV-00142,Small stone gravel loose on roadside margin in Tambaram,"Field inspection notice: Loose gravel scattered near street corner after minor maintenance. (Ref Ward-124, Tambaram)",Road Damage & Potholes,roads,DEPT_ROADS,Tambaram,Ward-124,LOW,3,2,24.81,2026-08-13T11:00:00Z
CP-SEV-03271,Cracked plaster on municipal wall in Chennai North,"Municipal grievance reported: Boundary wall plaster cracking near municipal office enclosure. (Ref Ward-120, Chennai North)",Public Infrastructure Damage,infrastructure,DEPT_WORKS,Chennai North,Ward-120,MEDIUM,3,1,13.59,2026-08-27T13:00:00Z
CP-SEV-01075,Toxic chemical effluent mixing into drinking water supply in Tambaram,"Industrial chemical sewage leaking directly into municipal drinking pipeline, causing severe illness. (Ref Ward-75, Tambaram)",Water Supply Contamination / Burst,water,DEPT_WATER,Tambaram,Ward-75,CRITICAL,42,3,85.98,2026-08-24T15:00:00Z
CP-SEV-01871,Single decorative garden light dim in public park in Kanchipuram,"Pedestrian walkway lamp shade slightly dusty and dim in municipal park. (Ref Ward-108, Kanchipuram)",Streetlights & Electrical Hazards,streetlights,DEPT_LIGHTING,Kanchipuram,Ward-108,LOW,1,3,35.92,2026-08-20T15:00:00Z
CP-SEV-00574,Main bridge approach road cracked and collapsing in Chennai South,"Field inspection notice: Approach embankment of river bridge severely cracked and caving in during peak traffic. (Ref Ward-13, Chennai South)",Road Damage & Potholes,roads,DEPT_ROADS,Chennai South,Ward-13,CRITICAL,17,15,66.76,2026-08-11T20:00:00Z
CP-SEV-01034,Brownish muddy water in residential supply line in Chennai South,"Field inspection notice: Tap water coming contaminated with mud and silt across entire street layout. (Ref Ward-189, Chennai South)",Water Supply Contamination / Burst,water,DEPT_WATER,Chennai South,Ward-189,HIGH,12,7,90.11,2026-08-03T15:00:00Z
CP-SEV-01287,Slight odor from storm water drain inlet in Tambaram,"Mild stagnant smell from open storm drain during hot afternoon. (Ref Ward-124, Tambaram)",Drainage & Sewage Overflow,drainage,DEPT_DRAINAGE,Tambaram,Ward-124,LOW,4,3,20.36,2026-08-11T20:00:00Z
CP-SEV-02533,Public dustbin lid missing in Avadi,"Field inspection notice: Plastic dustbin lid missing at street corner bin. (Ref Ward-55, Avadi)",Garbage & Waste Disposal,garbage,DEPT_SANITATION,Avadi,Ward-55,LOW,6,1,12.89,2026-08-20T20:00:00Z
CP-SEV-01476,Small open drainage chamber cover displaced in Chennai North,"Field inspection notice: Concrete cover slab of small side drain displaced by 2 inches. (Ref Ward-28, Chennai North)",Drainage & Sewage Overflow,drainage,DEPT_DRAINAGE,Chennai North,Ward-28,MEDIUM,0,1,41.81,2026-08-11T14:00:00Z
CP-SEV-03835,Overgrown grass near roadside footway in Kanchipuram,"Field inspection notice: Wild grass growing along sidewalk margin. (Ref Ward-126, Kanchipuram)",Other / General Municipal Operations,other,DEPT_GENERAL,Kanchipuram,Ward-126,MEDIUM,0,1,12.83,2026-08-19T11:00:00Z
CP-SEV-01011,Brownish muddy water in residential supply line in Kanchipuram,"Field inspection notice: Tap water coming contaminated with mud and silt across entire street layout. (Ref Ward-134, Kanchipuram)",Water Supply Contamination / Burst,water,DEPT_WATER,Kanchipuram,Ward-134,HIGH,43,14,89.34,2026-08-05T19:00:00Z
CP-SEV-00009,Minor cosmetic paint peeling on speed breaker in Kanchipuram,"Municipal grievance reported: Faded paint on speed bump near residential lane, requires routine repaint. (Ref Ward-59, Kanchipuram)",Road Damage & Potholes,roads,DEPT_ROADS,Kanchipuram,Ward-59,LOW,1,1,38.99,2026-08-13T12:00:00Z
CP-SEV-02985,Massive garbage barrier blocking emergency hospital ambulance entrance in Chennai North,"Rotting garbage pile collapsed across hospital gate preventing emergency ambulance access. (Ref Ward-2, Chennai North)",Garbage & Waste Disposal,garbage,DEPT_SANITATION,Chennai North,Ward-2,CRITICAL,0,2,71.36,2026-08-17T14:00:00Z
CP-SEV-00992,Brownish muddy water in residential supply line in Tambaram,"Tap water coming contaminated with mud and silt across entire street layout. (Ref Ward-169, Tambaram)",Water Supply Contamination / Burst,water,DEPT_WATER,Tambaram,Ward-169,HIGH,11,15,54.99,2026-08-06T12:00:00Z
CP-SEV-01961,Single streetlight non-functional on residential lane in Tiruvallur,"Sodium streetlight bulb fused outside house no 42 on quiet residential road. (Ref Ward-112, Tiruvallur)",Streetlights & Electrical Hazards,streetlights,DEPT_LIGHTING,Tiruvallur,Ward-112,MEDIUM,7,2,31.28,2026-08-09T18:00:00Z
CP-SEV-01304,Slight odor from storm water drain inlet in Chennai North,"Urgent attention requested: Mild stagnant smell from open storm drain during hot afternoon. (Ref Ward-124, Chennai North)",Drainage & Sewage Overflow,drainage,DEPT_DRAINAGE,Chennai North,Ward-124,LOW,6,3,10.52,2026-08-01T12:00:00Z
CP-SEV-01424,Localized clogged street drain causing puddle in Tiruvallur,"Field inspection notice: Street drain inlet blocked with debris causing minor water pooling after rain. (Ref Ward-171, Tiruvallur)",Drainage & Sewage Overflow,drainage,DEPT_DRAINAGE,Tiruvallur,Ward-171,MEDIUM,1,2,0.79,2026-08-19T15:00:00Z
CP-SEV-01055,Toxic chemical effluent mixing into drinking water supply in Chennai South,"Urgent attention requested: Industrial chemical sewage leaking directly into municipal drinking pipeline, causing severe illness. (Ref Ward-139, Chennai South)",Water Supply Contamination / Burst,water,DEPT_WATER,Chennai South,Ward-139,CRITICAL,41,8,83.18,2026-08-25T17:00:00Z
CP-SEV-04091,Rabid stray dog pack actively biting children outside school gate in Chennai North,"Urgent attention requested: Multiple children bitten and injured by aggressive rabid dog pack near school entrance. (Ref Ward-106, Chennai North)",Other / General Municipal Operations,other,DEPT_GENERAL,Chennai North,Ward-106,CRITICAL,25,12,74.23,2026-08-10T17:00:00Z
CP-SEV-03455,Imminent structural collapse of busy flyover bridge pillar in Tiruvallur,"Load-bearing concrete pillar of busy traffic flyover cracked with large concrete blocks falling onto road below. (Ref Ward-41, Tiruvallur)",Public Infrastructure Damage,infrastructure,DEPT_WORKS,Tiruvallur,Ward-41,CRITICAL,38,7,94.85,2026-08-21T14:00:00Z
CP-SEV-00249,Uneven road paver block near bus stop in Chennai Central,"Field inspection notice: Interlocking paver blocks displaced near local bus shelter area. (Ref Ward-7, Chennai Central)",Road Damage & Potholes,roads,DEPT_ROADS,Chennai Central,Ward-7,MEDIUM,0,2,22.59,2026-08-08T14:00:00Z
CP-SEV-01944,Streetlight pole sticker peeling off in Kanchipuram,"Citizen report from Identification sticker on light pole peeling off near corner. (Ref Ward-43, Kanchipuram)",Streetlights & Electrical Hazards,streetlights,DEPT_LIGHTING,Kanchipuram,Ward-43,LOW,4,3,30.83,2026-08-26T17:00:00Z
CP-SEV-02400,Electrical transformer explosion emitting fire and smoke in Avadi,"Municipal grievance reported: Street transformer exploded emitting fire sparks and thick black smoke near crowded apartments. (Ref Ward-103, Avadi)",Streetlights & Electrical Hazards,streetlights,DEPT_LIGHTING,Avadi,Ward-103,CRITICAL,29,6,84.53,2026-08-05T18:00:00Z
CP-SEV-03202,Damaged metal traffic guard rail in Chennai South,"Galvanized iron traffic barrier bent after minor vehicle impact near bus stand. (Ref Ward-143, Chennai South)",Public Infrastructure Damage,infrastructure,DEPT_WORKS,Chennai South,Ward-143,MEDIUM,10,1,31.77,2026-08-28T15:00:00Z
CP-SEV-00205,Moderate pothole on residential lane in Chennai South,"Urgent attention requested: Pothole approximately 1 foot wide causing discomfort for two-wheelers in neighborhood street. (Ref Ward-190, Chennai South)",Road Damage & Potholes,roads,DEPT_ROADS,Chennai South,Ward-190,MEDIUM,1,3,23.87,2026-08-13T14:00:00Z
CP-SEV-02332,Electrical transformer explosion emitting fire and smoke in Tiruvallur,"Field inspection notice: Street transformer exploded emitting fire sparks and thick black smoke near crowded apartments. (Ref Ward-119, Tiruvallur)",Streetlights & Electrical Hazards,streetlights,DEPT_LIGHTING,Tiruvallur,Ward-119,CRITICAL,9,3,83.2,2026-08-13T14:00:00Z
CP-SEV-01691,Underground sewage main explosion flooding hospital basement in Tambaram,"Main sewage trunk line ruptured flooding hospital basement and ground floor with raw sewage. (Ref Ward-3, Tambaram)",Drainage & Sewage Overflow,drainage,DEPT_DRAINAGE,Tambaram,Ward-3,CRITICAL,9,1,77.81,2026-08-18T09:00:00Z
CP-SEV-00702,Minor street tap valve dripping in Tambaram,"Municipal grievance reported: Public street tap dripping slowly near community park. (Ref Ward-92, Tambaram)",Water Supply Contamination / Burst,water,DEPT_WATER,Tambaram,Ward-92,LOW,7,3,4.9,2026-08-21T17:00:00Z
CP-SEV-01004,Brownish muddy water in residential supply line in Chennai Central,"Urgent attention requested: Tap water coming contaminated with mud and silt across entire street layout. (Ref Ward-103, Chennai Central)",Water Supply Contamination / Burst,water,DEPT_WATER,Chennai Central,Ward-103,HIGH,40,11,54.08,2026-08-18T13:00:00Z
CP-SEV-02217,Damaged electrical junction box door open in Chennai North,"Feeder pillar box door hanging open with exposed low-voltage terminals near footpath. (Ref Ward-183, Chennai North)",Streetlights & Electrical Hazards,streetlights,DEPT_LIGHTING,Chennai North,Ward-183,HIGH,31,7,81.69,2026-08-05T14:00:00Z
CP-SEV-02915,Toxic biohazardous medical waste burning near residential area in Tambaram,"Field inspection notice: Illegal dump of hospital syringes and chemical waste set on fire emitting toxic fumes into homes. (Ref Ward-152, Tambaram)",Garbage & Waste Disposal,garbage,DEPT_SANITATION,Tambaram,Ward-152,CRITICAL,43,2,86.61,2026-08-13T17:00:00Z
CP-SEV-01161,Complete water outage in hospital ward for 48 hours in Chennai North,"Citizen report from Zero water supply in municipal hospital premises for two days, threatening patient emergency operations. (Ref Ward-52, Chennai North)",Water Supply Contamination / Burst,water,DEPT_WATER,Chennai North,Ward-52,CRITICAL,17,3,51.31,2026-08-26T20:00:00Z
CP-SEV-03984,Stray dog pack menace creating panic near market in Chennai South,"Pack of aggressive stray dogs barking and chasing two-wheelers near market. (Ref Ward-119, Chennai South)",Other / General Municipal Operations,other,DEPT_GENERAL,Chennai South,Ward-119,HIGH,4,6,76.24,2026-08-11T15:00:00Z
CP-SEV-00145,Small stone gravel loose on roadside margin in Avadi,"Field inspection notice: Loose gravel scattered near street corner after minor maintenance. (Ref Ward-169, Avadi)",Road Damage & Potholes,roads,DEPT_ROADS,Avadi,Ward-169,LOW,2,2,24.24,2026-08-12T13:00:00Z
CP-SEV-01310,Slight odor from storm water drain inlet in Tiruvallur,"Citizen report from Mild stagnant smell from open storm drain during hot afternoon. (Ref Ward-162, Tiruvallur)",Drainage & Sewage Overflow,drainage,DEPT_DRAINAGE,Tiruvallur,Ward-162,LOW,9,3,12.66,2026-08-06T19:00:00Z
CP-SEV-02516,Public dustbin lid missing in Avadi,"Plastic dustbin lid missing at street corner bin. (Ref Ward-10, Avadi)",Garbage & Waste Disposal,garbage,DEPT_SANITATION,Avadi,Ward-10,LOW,9,3,3.03,2026-08-05T14:00:00Z
CP-SEV-04044,Stray dog pack menace creating panic near market in Tiruvallur,"Municipal grievance reported: Pack of aggressive stray dogs barking and chasing two-wheelers near market. (Ref Ward-141, Tiruvallur)",Other / General Municipal Operations,other,DEPT_GENERAL,Tiruvallur,Ward-141,HIGH,0,3,83.43,2026-08-11T13:00:00Z
CP-SEV-02003,Single streetlight non-functional on residential lane in Kanchipuram,"Urgent attention requested: Sodium streetlight bulb fused outside house no 42 on quiet residential road. (Ref Ward-63, Kanchipuram)",Streetlights & Electrical Hazards,streetlights,DEPT_LIGHTING,Kanchipuram,Ward-63,MEDIUM,6,1,14.33,2026-08-05T14:00:00Z
CP-SEV-02134,Entire street dark due to multiple streetlight failure in Chennai Central,"Urgent attention requested: All 15 streetlights out on main connecting road creating dark zone and safety hazard for commuters. (Ref Ward-131, Chennai Central)",Streetlights & Electrical Hazards,streetlights,DEPT_LIGHTING,Chennai Central,Ward-131,HIGH,29,1,50.33,2026-08-26T14:00:00Z
CP-SEV-00573,Main bridge approach road cracked and collapsing in Kanchipuram,"Field inspection notice: Approach embankment of river bridge severely cracked and caving in during peak traffic. (Ref Ward-178, Kanchipuram)",Road Damage & Potholes,roads,DEPT_ROADS,Kanchipuram,Ward-178,CRITICAL,2,7,90.03,2026-08-11T19:00:00Z
CP-SEV-03641,Tree branch overhanging private wall in Tambaram,"Urgent attention requested: Small tree branch extending over compound wall without immediate blockage. (Ref Ward-43, Tambaram)",Other / General Municipal Operations,other,DEPT_GENERAL,Tambaram,Ward-43,LOW,4,1,27.76,2026-08-18T13:00:00Z
CP-SEV-04102,Rabid stray dog pack actively biting children outside school gate in Tambaram,"Citizen report from Multiple children bitten and injured by aggressive rabid dog pack near school entrance. (Ref Ward-53, Tambaram)",Other / General Municipal Operations,other,DEPT_GENERAL,Tambaram,Ward-53,CRITICAL,38,2,70.7,2026-08-24T17:00:00Z
CP-SEV-02365,Electrical transformer explosion emitting fire and smoke in Chennai North,"Field inspection notice: Street transformer exploded emitting fire sparks and thick black smoke near crowded apartments. (Ref Ward-135, Chennai North)",Streetlights & Electrical Hazards,streetlights,DEPT_LIGHTING,Chennai North,Ward-135,CRITICAL,41,13,67.82,2026-08-05T16:00:00Z
CP-SEV-02107,Entire street dark due to multiple streetlight failure in Chennai Central,"Field inspection notice: All 15 streetlights out on main connecting road creating dark zone and safety hazard for commuters. (Ref Ward-29, Chennai Central)",Streetlights & Electrical Hazards,streetlights,DEPT_LIGHTING,Chennai Central,Ward-29,HIGH,8,15,83.74,2026-08-11T20:00:00Z
CP-SEV-01374,Localized clogged street drain causing puddle in Tiruvallur,"Street drain inlet blocked with debris causing minor water pooling after rain. (Ref Ward-129, Tiruvallur)",Drainage & Sewage Overflow,drainage,DEPT_DRAINAGE,Tiruvallur,Ward-129,MEDIUM,8,3,3.52,2026-08-09T11:00:00Z
CP-SEV-01436,Small open drainage chamber cover displaced in Kanchipuram,"Citizen report from Concrete cover slab of small side drain displaced by 2 inches. (Ref Ward-51, Kanchipuram)",Drainage & Sewage Overflow,drainage,DEPT_DRAINAGE,Kanchipuram,Ward-51,MEDIUM,6,1,27.26,2026-08-10T12:00:00Z
CP-SEV-03229,Cracked plaster on municipal wall in Tiruvallur,"Municipal grievance reported: Boundary wall plaster cracking near municipal office enclosure. (Ref Ward-98, Tiruvallur)",Public Infrastructure Damage,infrastructure,DEPT_WORKS,Tiruvallur,Ward-98,MEDIUM,4,1,1.39,2026-08-17T18:00:00Z
CP-SEV-01666,Underground sewage main explosion flooding hospital basement in Tambaram,"Main sewage trunk line ruptured flooding hospital basement and ground floor with raw sewage. (Ref Ward-3, Tambaram)",Drainage & Sewage Overflow,drainage,DEPT_DRAINAGE,Tambaram,Ward-3,CRITICAL,38,4,53.5,2026-08-22T17:00:00Z
CP-SEV-02970,Massive garbage barrier blocking emergency hospital ambulance entrance in Avadi,"Field inspection notice: Rotting garbage pile collapsed across hospital gate preventing emergency ambulance access. (Ref Ward-15, Avadi)",Garbage & Waste Disposal,garbage,DEPT_SANITATION,Avadi,Ward-15,CRITICAL,31,1,52.21,2026-08-20T18:00:00Z
CP-SEV-02787,Animal carcasses dumped openly near residential layout in Chennai South,"Decomposed animal waste dumped near residential colony causing intense stench and flies. (Ref Ward-160, Chennai South)",Garbage & Waste Disposal,garbage,DEPT_SANITATION,Chennai South,Ward-160,HIGH,27,9,72.38,2026-08-28T10:00:00Z
CP-SEV-02129,Entire street dark due to multiple streetlight failure in Tiruvallur,"Urgent attention requested: All 15 streetlights out on main connecting road creating dark zone and safety hazard for commuters. (Ref Ward-97, Tiruvallur)",Streetlights & Electrical Hazards,streetlights,DEPT_LIGHTING,Tiruvallur,Ward-97,HIGH,28,14,83.48,2026-08-24T11:00:00Z
CP-SEV-02817,Animal carcasses dumped openly near residential layout in Chennai South,"Municipal grievance reported: Decomposed animal waste dumped near residential colony causing intense stench and flies. (Ref Ward-127, Chennai South)",Garbage & Waste Disposal,garbage,DEPT_SANITATION,Chennai South,Ward-127,HIGH,32,6,94.24,2026-08-22T12:00:00Z
CP-SEV-03402,Public footbridge steps broken in Chennai Central,"Concrete steps on pedestrian footbridge cracked with exposed rusty iron rebar. (Ref Ward-14, Chennai Central)",Public Infrastructure Damage,infrastructure,DEPT_WORKS,Chennai Central,Ward-14,HIGH,40,1,66.35,2026-08-20T09:00:00Z
CP-SEV-03446,Public footbridge steps broken in Chennai South,"Field inspection notice: Concrete steps on pedestrian footbridge cracked with exposed rusty iron rebar. (Ref Ward-183, Chennai South)",Public Infrastructure Damage,infrastructure,DEPT_WORKS,Chennai South,Ward-183,HIGH,13,7,53.14,2026-08-11T19:00:00Z
CP-SEV-04027,Stray dog pack menace creating panic near market in Kanchipuram,"Pack of aggressive stray dogs barking and chasing two-wheelers near market. (Ref Ward-33, Kanchipuram)",Other / General Municipal Operations,other,DEPT_GENERAL,Kanchipuram,Ward-33,HIGH,8,9,68.23,2026-08-22T18:00:00Z
CP-SEV-02573,Uncleared garbage dump accumulating for 3 days in Avadi,"Municipal green bin overflowing with household waste uncleared for 72 hours. (Ref Ward-197, Avadi)",Garbage & Waste Disposal,garbage,DEPT_SANITATION,Avadi,Ward-197,MEDIUM,7,3,5.49,2026-08-22T17:00:00Z
CP-SEV-01506,Severe storm water logging blocking street access in Tambaram,"Rainwater logging knee-deep across entire street blocking vehicles and shop entrances. (Ref Ward-77, Tambaram)",Drainage & Sewage Overflow,drainage,DEPT_DRAINAGE,Tambaram,Ward-77,HIGH,8,2,64.64,2026-08-23T20:00:00Z
CP-SEV-02712,Large uncollected garbage dump overflowing onto main road in Tambaram,"Massive multi-ton waste pile spilling onto main road lane causing traffic blockage and stench. (Ref Ward-196, Tambaram)",Garbage & Waste Disposal,garbage,DEPT_SANITATION,Tambaram,Ward-196,HIGH,41,15,56.42,2026-08-07T16:00:00Z
CP-SEV-02681,Commercial shop waste dumped on sidewalk in Chennai Central,"Citizen report from Retail shop cardboard boxes and plastic packaging dumped along footpath. (Ref Ward-11, Chennai Central)",Garbage & Waste Disposal,garbage,DEPT_SANITATION,Chennai Central,Ward-11,MEDIUM,6,1,32.45,2026-08-12T13:00:00Z
CP-SEV-03389,Public footbridge steps broken in Tiruvallur,"Urgent attention requested: Concrete steps on pedestrian footbridge cracked with exposed rusty iron rebar. (Ref Ward-47, Tiruvallur)",Public Infrastructure Damage,infrastructure,DEPT_WORKS,Tiruvallur,Ward-47,HIGH,38,1,64.93,2026-08-07T18:00:00Z
CP-SEV-01357,Localized clogged street drain causing puddle in Chennai South,"Citizen report from Street drain inlet blocked with debris causing minor water pooling after rain. (Ref Ward-46, Chennai South)",Drainage & Sewage Overflow,drainage,DEPT_DRAINAGE,Chennai South,Ward-46,MEDIUM,0,1,37.93,2026-08-04T08:00:00Z
CP-SEV-02879,Toxic biohazardous medical waste burning near residential area in Kanchipuram,"Urgent attention requested: Illegal dump of hospital syringes and chemical waste set on fire emitting toxic fumes into homes. (Ref Ward-168, Kanchipuram)",Garbage & Waste Disposal,garbage,DEPT_SANITATION,Kanchipuram,Ward-168,CRITICAL,13,12,80.01,2026-08-20T13:00:00Z
CP-SEV-01014,Brownish muddy water in residential supply line in Kanchipuram,"Municipal grievance reported: Tap water coming contaminated with mud and silt across entire street layout. (Ref Ward-13, Kanchipuram)",Water Supply Contamination / Burst,water,DEPT_WATER,Kanchipuram,Ward-13,HIGH,6,8,77.51,2026-08-27T17:00:00Z
CP-SEV-03140,Minor scratch on public park bench in Chennai Central,"Wooden bench slat scratched in public garden. (Ref Ward-184, Chennai Central)",Public Infrastructure Damage,infrastructure,DEPT_WORKS,Chennai Central,Ward-184,LOW,3,2,20.56,2026-08-12T14:00:00Z
CP-SEV-00498,Catastrophic road cave-in and asphalt collapse in Chennai Central,"Massive crater opened up on main arterial road causing vehicle overturn and imminent life hazard. (Ref Ward-20, Chennai Central)",Road Damage & Potholes,roads,DEPT_ROADS,Chennai Central,Ward-20,CRITICAL,23,2,72.59,2026-08-02T10:00:00Z
CP-SEV-03144,Minor scratch on public park bench in Avadi,"Wooden bench slat scratched in public garden. (Ref Ward-192, Avadi)",Public Infrastructure Damage,infrastructure,DEPT_WORKS,Avadi,Ward-192,LOW,3,1,42.49,2026-08-01T12:00:00Z
CP-SEV-00117,Small stone gravel loose on roadside margin in Tambaram,"Citizen report from Loose gravel scattered near street corner after minor maintenance. (Ref Ward-88, Tambaram)",Road Damage & Potholes,roads,DEPT_ROADS,Tambaram,Ward-88,LOW,0,2,42.35,2026-08-16T09:00:00Z
CP-SEV-03283,Cracked plaster on municipal wall in Tiruvallur,"Urgent attention requested: Boundary wall plaster cracking near municipal office enclosure. (Ref Ward-149, Tiruvallur)",Public Infrastructure Damage,infrastructure,DEPT_WORKS,Tiruvallur,Ward-149,MEDIUM,1,2,32.3,2026-08-06T18:00:00Z
CP-SEV-01995,Single streetlight non-functional on residential lane in Chennai Central,"Citizen report from Sodium streetlight bulb fused outside house no 42 on quiet residential road. (Ref Ward-11, Chennai Central)",Streetlights & Electrical Hazards,streetlights,DEPT_LIGHTING,Chennai Central,Ward-11,MEDIUM,8,1,18.94,2026-08-25T12:00:00Z
CP-SEV-00628,Slight water pressure decrease in morning tap in Tiruvallur,"Citizen report from Municipal tap water pressure is slightly lower than usual during morning supply hours. (Ref Ward-36, Tiruvallur)",Water Supply Contamination / Burst,water,DEPT_WATER,Tiruvallur,Ward-36,LOW,5,2,40.25,2026-08-20T12:00:00Z
CP-SEV-03408,Public footbridge steps broken in Avadi,"Citizen report from Concrete steps on pedestrian footbridge cracked with exposed rusty iron rebar. (Ref Ward-8, Avadi)",Public Infrastructure Damage,infrastructure,DEPT_WORKS,Avadi,Ward-8,HIGH,12,2,73.84,2026-08-14T09:00:00Z
CP-SEV-04136,Chemical gas leak from abandoned industrial cylinder in Avadi,"Pungent chemical gas leaking from abandoned cylinder causing eye irritation and breathing panic in colony. (Ref Ward-181, Avadi)",Other / General Municipal Operations,other,DEPT_GENERAL,Avadi,Ward-181,CRITICAL,17,9,73.66,2026-08-12T14:00:00Z
CP-SEV-02558,Uncleared garbage dump accumulating for 3 days in Avadi,"Citizen report from Municipal green bin overflowing with household waste uncleared for 72 hours. (Ref Ward-157, Avadi)",Garbage & Waste Disposal,garbage,DEPT_SANITATION,Avadi,Ward-157,MEDIUM,6,3,36.01,2026-08-15T19:00:00Z
CP-SEV-02256,High-voltage 11kV live wire snapped hanging across school gate in Tiruvallur,"Citizen report from Sparking live electrical cable hanging at chest height right outside primary school entrance. (Ref Ward-115, Tiruvallur)",Streetlights & Electrical Hazards,streetlights,DEPT_LIGHTING,Tiruvallur,Ward-115,CRITICAL,42,12,60.03,2026-08-21T09:00:00Z
CP-SEV-03691,Faded ward boundary map in Tambaram,"Citizen report from Public information board map faded at zonal office. (Ref Ward-148, Tambaram)",Other / General Municipal Operations,other,DEPT_GENERAL,Tambaram,Ward-148,LOW,3,1,34.09,2026-08-19T17:00:00Z
CP-SEV-00737,Minor street tap valve dripping in Kanchipuram,"Citizen report from Public street tap dripping slowly near community park. (Ref Ward-102, Kanchipuram)",Water Supply Contamination / Burst,water,DEPT_WATER,Kanchipuram,Ward-102,LOW,6,3,35.27,2026-08-16T10:00:00Z
CP-SEV-01620,Overflowing sewage drain on market street in Tambaram,"Citizen report from Sewage drain overflowing onto commercial market footpath creating foul health hazard. (Ref Ward-63, Tambaram)",Drainage & Sewage Overflow,drainage,DEPT_DRAINAGE,Tambaram,Ward-63,HIGH,14,1,83.61,2026-08-04T19:00:00Z
CP-SEV-01109,Toxic chemical effluent mixing into drinking water supply in Chennai North,"Urgent attention requested: Industrial chemical sewage leaking directly into municipal drinking pipeline, causing severe illness. (Ref Ward-51, Chennai North)",Water Supply Contamination / Burst,water,DEPT_WATER,Chennai North,Ward-51,CRITICAL,2,13,79.69,2026-08-19T08:00:00Z
CP-SEV-04133,Chemical gas leak from abandoned industrial cylinder in Tambaram,"Field inspection notice: Pungent chemical gas leaking from abandoned cylinder causing eye irritation and breathing panic in colony. (Ref Ward-18, Tambaram)",Other / General Municipal Operations,other,DEPT_GENERAL,Tambaram,Ward-18,CRITICAL,35,5,86.64,2026-08-11T10:00:00Z
CP-SEV-01122,Toxic chemical effluent mixing into drinking water supply in Tiruvallur,"Municipal grievance reported: Industrial chemical sewage leaking directly into municipal drinking pipeline, causing severe illness. (Ref Ward-122, Tiruvallur)",Water Supply Contamination / Burst,water,DEPT_WATER,Tiruvallur,Ward-122,CRITICAL,11,1,94.94,2026-08-16T18:00:00Z
CP-SEV-03669,Tree branch overhanging private wall in Tiruvallur,"Citizen report from Small tree branch extending over compound wall without immediate blockage. (Ref Ward-199, Tiruvallur)",Other / General Municipal Operations,other,DEPT_GENERAL,Tiruvallur,Ward-199,LOW,3,1,13.25,2026-08-08T14:00:00Z
CP-SEV-03774,Stray cattle roaming on residential street in Chennai South,"Municipal grievance reported: Stray cows sitting on residential lane causing minor vehicle slowness. (Ref Ward-167, Chennai South)",Other / General Municipal Operations,other,DEPT_GENERAL,Chennai South,Ward-167,MEDIUM,4,3,14.68,2026-08-01T18:00:00Z
CP-SEV-01592,Overflowing sewage drain on market street in Chennai Central,"Sewage drain overflowing onto commercial market footpath creating foul health hazard. (Ref Ward-53, Chennai Central)",Drainage & Sewage Overflow,drainage,DEPT_DRAINAGE,Chennai Central,Ward-53,HIGH,40,13,88.62,2026-08-13T10:00:00Z
CP-SEV-01927,Streetlight pole sticker peeling off in Avadi,"Citizen report from Identification sticker on light pole peeling off near corner. (Ref Ward-101, Avadi)",Streetlights & Electrical Hazards,streetlights,DEPT_LIGHTING,Avadi,Ward-101,LOW,9,2,35.31,2026-08-14T16:00:00Z
CP-SEV-02656,Commercial shop waste dumped on sidewalk in Kanchipuram,"Municipal grievance reported: Retail shop cardboard boxes and plastic packaging dumped along footpath. (Ref Ward-71, Kanchipuram)",Garbage & Waste Disposal,garbage,DEPT_SANITATION,Kanchipuram,Ward-71,MEDIUM,0,1,34.45,2026-08-25T08:00:00Z
CP-SEV-00929,Main municipal water supply pipeline burst in Tambaram,"Main feeder pipe burst flooding street and leaving 500 households without water for 24h. (Ref Ward-183, Tambaram)",Water Supply Contamination / Burst,water,DEPT_WATER,Tambaram,Ward-183,HIGH,7,1,63.99,2026-08-02T18:00:00Z
CP-SEV-02651,Commercial shop waste dumped on sidewalk in Chennai South,"Urgent attention requested: Retail shop cardboard boxes and plastic packaging dumped along footpath. (Ref Ward-62, Chennai South)",Garbage & Waste Disposal,garbage,DEPT_SANITATION,Chennai South,Ward-62,MEDIUM,8,3,24.47,2026-08-03T11:00:00Z
CP-SEV-01418,Localized clogged street drain causing puddle in Chennai North,"Citizen report from Street drain inlet blocked with debris causing minor water pooling after rain. (Ref Ward-60, Chennai North)",Drainage & Sewage Overflow,drainage,DEPT_DRAINAGE,Chennai North,Ward-60,MEDIUM,1,2,14.55,2026-08-01T14:00:00Z
CP-SEV-00584,Main bridge approach road cracked and collapsing in Kanchipuram,"Urgent attention requested: Approach embankment of river bridge severely cracked and caving in during peak traffic. (Ref Ward-177, Kanchipuram)",Road Damage & Potholes,roads,DEPT_ROADS,Kanchipuram,Ward-177,CRITICAL,18,1,67.4,2026-08-06T17:00:00Z
CP-SEV-00691,Minor street tap valve dripping in Kanchipuram,"Urgent attention requested: Public street tap dripping slowly near community park. (Ref Ward-96, Kanchipuram)",Water Supply Contamination / Burst,water,DEPT_WATER,Kanchipuram,Ward-96,LOW,8,3,6.36,2026-08-02T08:00:00Z
CP-SEV-03876,Overgrown grass near roadside footway in Kanchipuram,"Field inspection notice: Wild grass growing along sidewalk margin. (Ref Ward-105, Kanchipuram)",Other / General Municipal Operations,other,DEPT_GENERAL,Kanchipuram,Ward-105,MEDIUM,0,1,43.63,2026-08-14T09:00:00Z
CP-SEV-03722,Faded ward boundary map in Tiruvallur,"Public information board map faded at zonal office. (Ref Ward-127, Tiruvallur)",Other / General Municipal Operations,other,DEPT_GENERAL,Tiruvallur,Ward-127,LOW,9,3,8.5,2026-08-10T19:00:00Z
CP-SEV-03098,Minor scratch on public park bench in Chennai North,"Municipal grievance reported: Wooden bench slat scratched in public garden. (Ref Ward-57, Chennai North)",Public Infrastructure Damage,infrastructure,DEPT_WORKS,Chennai North,Ward-57,LOW,9,3,40.14,2026-08-18T13:00:00Z
CP-SEV-04200,Chemical gas leak from abandoned industrial cylinder in Chennai South,"Urgent attention requested: Pungent chemical gas leaking from abandoned cylinder causing eye irritation and breathing panic in colony. (Ref Ward-59, Chennai South)",Other / General Municipal Operations,other,DEPT_GENERAL,Chennai South,Ward-59,CRITICAL,18,13,85.08,2026-08-24T20:00:00Z
CP-SEV-02028,Streetlight timer misconfigured turning off early in Kanchipuram,"Urgent attention requested: Streetlights turning off 1 hour before sunrise in neighborhood layout. (Ref Ward-191, Kanchipuram)",Streetlights & Electrical Hazards,streetlights,DEPT_LIGHTING,Kanchipuram,Ward-191,MEDIUM,6,1,35.71,2026-08-19T12:00:00Z
CP-SEV-03953,Large fallen tree trunk blocking entire avenue in Avadi,"Field inspection notice: Heavy gulmohar tree uprooted during storm completely blocking two-lane avenue. (Ref Ward-198, Avadi)",Other / General Municipal Operations,other,DEPT_GENERAL,Avadi,Ward-198,HIGH,40,2,87.07,2026-08-16T17:00:00Z
CP-SEV-02358,Electrical transformer explosion emitting fire and smoke in Avadi,"Municipal grievance reported: Street transformer exploded emitting fire sparks and thick black smoke near crowded apartments. (Ref Ward-33, Avadi)",Streetlights & Electrical Hazards,streetlights,DEPT_LIGHTING,Avadi,Ward-33,CRITICAL,1,2,52.36,2026-08-11T16:00:00Z
CP-SEV-00835,Water supply timing delayed by 2 hours in Kanchipuram,"Municipal grievance reported: Morning municipal water supply delayed by two hours without advance notice. (Ref Ward-111, Kanchipuram)",Water Supply Contamination / Burst,water,DEPT_WATER,Kanchipuram,Ward-111,MEDIUM,9,1,25.34,2026-08-07T14:00:00Z
CP-SEV-03873,Overgrown grass near roadside footway in Kanchipuram,"Wild grass growing along sidewalk margin. (Ref Ward-90, Kanchipuram)",Other / General Municipal Operations,other,DEPT_GENERAL,Kanchipuram,Ward-90,MEDIUM,3,2,39.88,2026-08-28T12:00:00Z
CP-SEV-03785,Stray cattle roaming on residential street in Tambaram,"Citizen report from Stray cows sitting on residential lane causing minor vehicle slowness. (Ref Ward-94, Tambaram)",Other / General Municipal Operations,other,DEPT_GENERAL,Tambaram,Ward-94,MEDIUM,0,1,24.81,2026-08-09T17:00:00Z
CP-SEV-02226,Damaged electrical junction box door open in Chennai North,"Municipal grievance reported: Feeder pillar box door hanging open with exposed low-voltage terminals near footpath. (Ref Ward-48, Chennai North)",Streetlights & Electrical Hazards,streetlights,DEPT_LIGHTING,Chennai North,Ward-48,HIGH,25,4,60.2,2026-08-21T18:00:00Z
CP-SEV-02762,Large uncollected garbage dump overflowing onto main road in Tambaram,"Massive multi-ton waste pile spilling onto main road lane causing traffic blockage and stench. (Ref Ward-121, Tambaram)",Garbage & Waste Disposal,garbage,DEPT_SANITATION,Tambaram,Ward-121,HIGH,6,15,56.38,2026-08-15T19:00:00Z
CP-SEV-02943,Massive garbage barrier blocking emergency hospital ambulance entrance in Chennai North,"Urgent attention requested: Rotting garbage pile collapsed across hospital gate preventing emergency ambulance access. (Ref Ward-114, Chennai North)",Garbage & Waste Disposal,garbage,DEPT_SANITATION,Chennai North,Ward-114,CRITICAL,9,9,65.21,2026-08-13T10:00:00Z
CP-SEV-00682,Minor street tap valve dripping in Chennai South,"Field inspection notice: Public street tap dripping slowly near community park. (Ref Ward-176, Chennai South)",Water Supply Contamination / Burst,water,DEPT_WATER,Chennai South,Ward-176,LOW,1,1,24.2,2026-08-23T19:00:00Z
CP-SEV-00708,Minor street tap valve dripping in Avadi,"Citizen report from Public street tap dripping slowly near community park. (Ref Ward-3, Avadi)",Water Supply Contamination / Burst,water,DEPT_WATER,Avadi,Ward-3,LOW,9,3,7.46,2026-08-17T10:00:00Z
CP-SEV-00321,Deep pothole causing vehicle damage and traffic blockage in Chennai Central,"Municipal grievance reported: Dangerous deep crater on main road damaging car tires and causing traffic congestion. (Ref Ward-174, Chennai Central)",Road Damage & Potholes,roads,DEPT_ROADS,Chennai Central,Ward-174,HIGH,39,8,58.65,2026-08-08T12:00:00Z
CP-SEV-00428,Uncovered manhole trench on main avenue in Chennai North,"Field inspection notice: Road cut open for cable laying left open without barricades on major avenue. (Ref Ward-76, Chennai North)",Road Damage & Potholes,roads,DEPT_ROADS,Chennai North,Ward-76,HIGH,5,2,87.41,2026-08-24T10:00:00Z
CP-SEV-02799,Animal carcasses dumped openly near residential layout in Chennai South,"Citizen report from Decomposed animal waste dumped near residential colony causing intense stench and flies. (Ref Ward-148, Chennai South)",Garbage & Waste Disposal,garbage,DEPT_SANITATION,Chennai South,Ward-148,HIGH,25,10,59.97,2026-08-23T11:00:00Z
CP-SEV-00366,Deep pothole causing vehicle damage and traffic blockage in Chennai Central,"Field inspection notice: Dangerous deep crater on main road damaging car tires and causing traffic congestion. (Ref Ward-165, Chennai Central)",Road Damage & Potholes,roads,DEPT_ROADS,Chennai Central,Ward-165,HIGH,33,6,81.33,2026-08-14T10:00:00Z
CP-SEV-00872,Water supply timing delayed by 2 hours in Chennai Central,"Morning municipal water supply delayed by two hours without advance notice. (Ref Ward-115, Chennai Central)",Water Supply Contamination / Burst,water,DEPT_WATER,Chennai Central,Ward-115,MEDIUM,2,1,29.36,2026-08-19T16:00:00Z
CP-SEV-02014,Single streetlight non-functional on residential lane in Chennai Central,"Municipal grievance reported: Sodium streetlight bulb fused outside house no 42 on quiet residential road. (Ref Ward-109, Chennai Central)",Streetlights & Electrical Hazards,streetlights,DEPT_LIGHTING,Chennai Central,Ward-109,MEDIUM,10,1,27.16,2026-08-26T15:00:00Z
CP-SEV-02909,Toxic biohazardous medical waste burning near residential area in Tambaram,"Municipal grievance reported: Illegal dump of hospital syringes and chemical waste set on fire emitting toxic fumes into homes. (Ref Ward-32, Tambaram)",Garbage & Waste Disposal,garbage,DEPT_SANITATION,Tambaram,Ward-32,CRITICAL,2,1,83.71,2026-08-09T17:00:00Z
CP-SEV-03487,Imminent structural collapse of busy flyover bridge pillar in Chennai North,"Citizen report from Load-bearing concrete pillar of busy traffic flyover cracked with large concrete blocks falling onto road below. (Ref Ward-10, Chennai North)",Public Infrastructure Damage,infrastructure,DEPT_WORKS,Chennai North,Ward-10,CRITICAL,19,7,73.66,2026-08-04T19:00:00Z
CP-SEV-03825,Stray cattle roaming on residential street in Chennai South,"Municipal grievance reported: Stray cows sitting on residential lane causing minor vehicle slowness. (Ref Ward-76, Chennai South)",Other / General Municipal Operations,other,DEPT_GENERAL,Chennai South,Ward-76,MEDIUM,4,2,12.9,2026-08-20T08:00:00Z
CP-SEV-03409,Public footbridge steps broken in Tiruvallur,"Citizen report from Concrete steps on pedestrian footbridge cracked with exposed rusty iron rebar. (Ref Ward-18, Tiruvallur)",Public Infrastructure Damage,infrastructure,DEPT_WORKS,Tiruvallur,Ward-18,HIGH,15,14,78.99,2026-08-20T10:00:00Z
CP-SEV-01869,Single decorative garden light dim in public park in Tiruvallur,"Urgent attention requested: Pedestrian walkway lamp shade slightly dusty and dim in municipal park. (Ref Ward-150, Tiruvallur)",Streetlights & Electrical Hazards,streetlights,DEPT_LIGHTING,Tiruvallur,Ward-150,LOW,10,3,6.75,2026-08-25T18:00:00Z
CP-SEV-00841,Water supply timing delayed by 2 hours in Chennai Central,"Urgent attention requested: Morning municipal water supply delayed by two hours without advance notice. (Ref Ward-77, Chennai Central)",Water Supply Contamination / Burst,water,DEPT_WATER,Chennai Central,Ward-77,MEDIUM,9,2,25.61,2026-08-07T19:00:00Z
CP-SEV-03246,Cracked plaster on municipal wall in Kanchipuram,"Municipal grievance reported: Boundary wall plaster cracking near municipal office enclosure. (Ref Ward-57, Kanchipuram)",Public Infrastructure Damage,infrastructure,DEPT_WORKS,Kanchipuram,Ward-57,MEDIUM,4,1,35.63,2026-08-10T17:00:00Z
CP-SEV-03468,Imminent structural collapse of busy flyover bridge pillar in Chennai Central,"Field inspection notice: Load-bearing concrete pillar of busy traffic flyover cracked with large concrete blocks falling onto road below. (Ref Ward-138, Chennai Central)",Public Infrastructure Damage,infrastructure,DEPT_WORKS,Chennai Central,Ward-138,CRITICAL,8,14,72.09,2026-08-15T12:00:00Z
CP-SEV-03354,Unstable overhead gantries signboard shaking in wind in Chennai North,"Large directional sign board hanging loose over main road threatening to fall on vehicles. (Ref Ward-118, Chennai North)",Public Infrastructure Damage,infrastructure,DEPT_WORKS,Chennai North,Ward-118,HIGH,44,2,65.86,2026-08-19T14:00:00Z
CP-SEV-02068,Streetlight timer misconfigured turning off early in Kanchipuram,"Municipal grievance reported: Streetlights turning off 1 hour before sunrise in neighborhood layout. (Ref Ward-75, Kanchipuram)",Streetlights & Electrical Hazards,streetlights,DEPT_LIGHTING,Kanchipuram,Ward-75,MEDIUM,2,3,28.53,2026-08-16T19:00:00Z
CP-SEV-00916,Main municipal water supply pipeline burst in Chennai North,"Municipal grievance reported: Main feeder pipe burst flooding street and leaving 500 households without water for 24h. (Ref Ward-176, Chennai North)",Water Supply Contamination / Burst,water,DEPT_WATER,Chennai North,Ward-176,HIGH,21,7,82.6,2026-08-20T08:00:00Z
CP-SEV-01349,Slight odor from storm water drain inlet in Kanchipuram,"Urgent attention requested: Mild stagnant smell from open storm drain during hot afternoon. (Ref Ward-52, Kanchipuram)",Drainage & Sewage Overflow,drainage,DEPT_DRAINAGE,Kanchipuram,Ward-52,LOW,5,1,30.05,2026-08-23T19:00:00Z
CP-SEV-00389,Uncovered manhole trench on main avenue in Chennai South,"Road cut open for cable laying left open without barricades on major avenue. (Ref Ward-159, Chennai South)",Road Damage & Potholes,roads,DEPT_ROADS,Chennai South,Ward-159,HIGH,16,14,65.95,2026-08-26T14:00:00Z
CP-SEV-00655,Slight water pressure decrease in morning tap in Tiruvallur,"Citizen report from Municipal tap water pressure is slightly lower than usual during morning supply hours. (Ref Ward-35, Tiruvallur)",Water Supply Contamination / Burst,water,DEPT_WATER,Tiruvallur,Ward-35,LOW,6,3,31.5,2026-08-24T16:00:00Z
CP-SEV-00742,Minor street tap valve dripping in Chennai North,"Citizen report from Public street tap dripping slowly near community park. (Ref Ward-24, Chennai North)",Water Supply Contamination / Burst,water,DEPT_WATER,Chennai North,Ward-24,LOW,7,3,19.59,2026-08-03T12:00:00Z
CP-SEV-00939,Main municipal water supply pipeline burst in Kanchipuram,"Main feeder pipe burst flooding street and leaving 500 households without water for 24h. (Ref Ward-195, Kanchipuram)",Water Supply Contamination / Burst,water,DEPT_WATER,Kanchipuram,Ward-195,HIGH,5,15,84.01,2026-08-15T17:00:00Z
CP-SEV-02624,Uncleared garbage dump accumulating for 3 days in Tiruvallur,"Municipal green bin overflowing with household waste uncleared for 72 hours. (Ref Ward-70, Tiruvallur)",Garbage & Waste Disposal,garbage,DEPT_SANITATION,Tiruvallur,Ward-70,MEDIUM,3,3,18.09,2026-08-27T17:00:00Z
CP-SEV-01975,Single streetlight non-functional on residential lane in Kanchipuram,"Urgent attention requested: Sodium streetlight bulb fused outside house no 42 on quiet residential road. (Ref Ward-69, Kanchipuram)",Streetlights & Electrical Hazards,streetlights,DEPT_LIGHTING,Kanchipuram,Ward-69,MEDIUM,2,2,2.0,2026-08-20T11:00:00Z
CP-SEV-03268,Cracked plaster on municipal wall in Avadi,"Field inspection notice: Boundary wall plaster cracking near municipal office enclosure. (Ref Ward-190, Avadi)",Public Infrastructure Damage,infrastructure,DEPT_WORKS,Avadi,Ward-190,MEDIUM,8,1,1.47,2026-08-26T18:00:00Z
CP-SEV-01863,Single decorative garden light dim in public park in Tambaram,"Pedestrian walkway lamp shade slightly dusty and dim in municipal park. (Ref Ward-29, Tambaram)",Streetlights & Electrical Hazards,streetlights,DEPT_LIGHTING,Tambaram,Ward-29,LOW,1,1,9.18,2026-08-19T13:00:00Z
CP-SEV-02832,Animal carcasses dumped openly near residential layout in Kanchipuram,"Urgent attention requested: Decomposed animal waste dumped near residential colony causing intense stench and flies. (Ref Ward-3, Kanchipuram)",Garbage & Waste Disposal,garbage,DEPT_SANITATION,Kanchipuram,Ward-3,HIGH,33,4,68.69,2026-08-16T10:00:00Z
CP-SEV-03879,Overgrown grass near roadside footway in Tiruvallur,"Municipal grievance reported: Wild grass growing along sidewalk margin. (Ref Ward-17, Tiruvallur)",Other / General Municipal Operations,other,DEPT_GENERAL,Tiruvallur,Ward-17,MEDIUM,8,2,1.22,2026-08-12T11:00:00Z
CP-SEV-00240,Uneven road paver block near bus stop in Chennai Central,"Interlocking paver blocks displaced near local bus shelter area. (Ref Ward-197, Chennai Central)",Road Damage & Potholes,roads,DEPT_ROADS,Chennai Central,Ward-197,MEDIUM,2,3,16.95,2026-08-06T10:00:00Z
CP-SEV-00590,Main bridge approach road cracked and collapsing in Avadi,"Urgent attention requested: Approach embankment of river bridge severely cracked and caving in during peak traffic. (Ref Ward-27, Avadi)",Road Damage & Potholes,roads,DEPT_ROADS,Avadi,Ward-27,CRITICAL,32,11,93.49,2026-08-27T13:00:00Z
CP-SEV-02707,Large uncollected garbage dump overflowing onto main road in Tambaram,"Urgent attention requested: Massive multi-ton waste pile spilling onto main road lane causing traffic blockage and stench. (Ref Ward-200, Tambaram)",Garbage & Waste Disposal,garbage,DEPT_SANITATION,Tambaram,Ward-200,HIGH,2,4,89.37,2026-08-02T16:00:00Z
CP-SEV-03532,Municipal hall roof slab collapse hazard in Tiruvallur,"Field inspection notice: Heavy concrete ceiling slab sagging and crumbling over crowded public waiting hall. (Ref Ward-63, Tiruvallur)",Public Infrastructure Damage,infrastructure,DEPT_WORKS,Tiruvallur,Ward-63,CRITICAL,5,15,54.33,2026-08-03T13:00:00Z
CP-SEV-01918,Streetlight pole sticker peeling off in Chennai North,"Urgent attention requested: Identification sticker on light pole peeling off near corner. (Ref Ward-185, Chennai North)",Streetlights & Electrical Hazards,streetlights,DEPT_LIGHTING,Chennai North,Ward-185,LOW,6,1,35.12,2026-08-11T13:00:00Z
CP-SEV-00516,Catastrophic road cave-in and asphalt collapse in Chennai South,"Field inspection notice: Massive crater opened up on main arterial road causing vehicle overturn and imminent life hazard. (Ref Ward-25, Chennai South)",Road Damage & Potholes,roads,DEPT_ROADS,Chennai South,Ward-25,CRITICAL,6,13,85.72,2026-08-04T08:00:00Z
CP-SEV-01945,Streetlight pole sticker peeling off in Kanchipuram,"Identification sticker on light pole peeling off near corner. (Ref Ward-96, Kanchipuram)",Streetlights & Electrical Hazards,streetlights,DEPT_LIGHTING,Kanchipuram,Ward-96,LOW,9,2,21.24,2026-08-07T13:00:00Z
CP-SEV-01536,Severe storm water logging blocking street access in Chennai South,"Urgent attention requested: Rainwater logging knee-deep across entire street blocking vehicles and shop entrances. (Ref Ward-148, Chennai South)",Drainage & Sewage Overflow,drainage,DEPT_DRAINAGE,Chennai South,Ward-148,HIGH,5,12,62.86,2026-08-16T20:00:00Z
CP-SEV-04131,Chemical gas leak from abandoned industrial cylinder in Chennai Central,"Urgent attention requested: Pungent chemical gas leaking from abandoned cylinder causing eye irritation and breathing panic in colony. (Ref Ward-73, Chennai Central)",Other / General Municipal Operations,other,DEPT_GENERAL,Chennai Central,Ward-73,CRITICAL,4,12,60.69,2026-08-11T11:00:00Z
CP-SEV-01530,Severe storm water logging blocking street access in Avadi,"Municipal grievance reported: Rainwater logging knee-deep across entire street blocking vehicles and shop entrances. (Ref Ward-33, Avadi)",Drainage & Sewage Overflow,drainage,DEPT_DRAINAGE,Avadi,Ward-33,HIGH,0,11,73.11,2026-08-05T18:00:00Z
CP-SEV-03995,Stray dog pack menace creating panic near market in Chennai South,"Pack of aggressive stray dogs barking and chasing two-wheelers near market. (Ref Ward-151, Chennai South)",Other / General Municipal Operations,other,DEPT_GENERAL,Chennai South,Ward-151,HIGH,9,7,74.9,2026-08-08T11:00:00Z
CP-SEV-01336,Slight odor from storm water drain inlet in Avadi,"Urgent attention requested: Mild stagnant smell from open storm drain during hot afternoon. (Ref Ward-113, Avadi)",Drainage & Sewage Overflow,drainage,DEPT_DRAINAGE,Avadi,Ward-113,LOW,10,2,26.05,2026-08-03T08:00:00Z
CP-SEV-00288,Uneven road paver block near bus stop in Avadi,"Urgent attention requested: Interlocking paver blocks displaced near local bus shelter area. (Ref Ward-15, Avadi)",Road Damage & Potholes,roads,DEPT_ROADS,Avadi,Ward-15,MEDIUM,8,1,13.69,2026-08-06T13:00:00Z
CP-SEV-01928,Streetlight pole sticker peeling off in Kanchipuram,"Municipal grievance reported: Identification sticker on light pole peeling off near corner. (Ref Ward-6, Kanchipuram)",Streetlights & Electrical Hazards,streetlights,DEPT_LIGHTING,Kanchipuram,Ward-6,LOW,4,2,9.12,2026-08-09T18:00:00Z
CP-SEV-03305,Unstable overhead gantries signboard shaking in wind in Chennai South,"Municipal grievance reported: Large directional sign board hanging loose over main road threatening to fall on vehicles. (Ref Ward-3, Chennai South)",Public Infrastructure Damage,infrastructure,DEPT_WORKS,Chennai South,Ward-3,HIGH,39,11,66.99,2026-08-17T18:00:00Z
CP-SEV-04174,Chemical gas leak from abandoned industrial cylinder in Avadi,"Municipal grievance reported: Pungent chemical gas leaking from abandoned cylinder causing eye irritation and breathing panic in colony. (Ref Ward-18, Avadi)",Other / General Municipal Operations,other,DEPT_GENERAL,Avadi,Ward-18,CRITICAL,37,15,74.83,2026-08-05T13:00:00Z
CP-SEV-03952,Large fallen tree trunk blocking entire avenue in Chennai North,"Municipal grievance reported: Heavy gulmohar tree uprooted during storm completely blocking two-lane avenue. (Ref Ward-156, Chennai North)",Other / General Municipal Operations,other,DEPT_GENERAL,Chennai North,Ward-156,HIGH,4,4,62.11,2026-08-19T08:00:00Z
CP-SEV-02696,Commercial shop waste dumped on sidewalk in Avadi,"Retail shop cardboard boxes and plastic packaging dumped along footpath. (Ref Ward-33, Avadi)",Garbage & Waste Disposal,garbage,DEPT_SANITATION,Avadi,Ward-33,MEDIUM,8,1,11.0,2026-08-13T13:00:00Z
CP-SEV-03671,Tree branch overhanging private wall in Avadi,"Small tree branch extending over compound wall without immediate blockage. (Ref Ward-192, Avadi)",Other / General Municipal Operations,other,DEPT_GENERAL,Avadi,Ward-192,LOW,10,1,5.51,2026-08-27T20:00:00Z
CP-SEV-01151,Complete water outage in hospital ward for 48 hours in Tambaram,"Municipal grievance reported: Zero water supply in municipal hospital premises for two days, threatening patient emergency operations. (Ref Ward-54, Tambaram)",Water Supply Contamination / Burst,water,DEPT_WATER,Tambaram,Ward-54,CRITICAL,4,11,87.07,2026-08-17T20:00:00Z
CP-SEV-01595,Overflowing sewage drain on market street in Kanchipuram,"Urgent attention requested: Sewage drain overflowing onto commercial market footpath creating foul health hazard. (Ref Ward-73, Kanchipuram)",Drainage & Sewage Overflow,drainage,DEPT_DRAINAGE,Kanchipuram,Ward-73,HIGH,19,3,89.84,2026-08-27T14:00:00Z
CP-SEV-00358,Deep pothole causing vehicle damage and traffic blockage in Tambaram,"Citizen report from Dangerous deep crater on main road damaging car tires and causing traffic congestion. (Ref Ward-59, Tambaram)",Road Damage & Potholes,roads,DEPT_ROADS,Tambaram,Ward-59,HIGH,29,6,56.98,2026-08-07T19:00:00Z
CP-SEV-02223,Damaged electrical junction box door open in Kanchipuram,"Municipal grievance reported: Feeder pillar box door hanging open with exposed low-voltage terminals near footpath. (Ref Ward-31, Kanchipuram)",Streetlights & Electrical Hazards,streetlights,DEPT_LIGHTING,Kanchipuram,Ward-31,HIGH,5,2,92.58,2026-08-19T19:00:00Z
CP-SEV-02063,Streetlight timer misconfigured turning off early in Tiruvallur,"Urgent attention requested: Streetlights turning off 1 hour before sunrise in neighborhood layout. (Ref Ward-149, Tiruvallur)",Streetlights & Electrical Hazards,streetlights,DEPT_LIGHTING,Tiruvallur,Ward-149,MEDIUM,2,2,18.58,2026-08-11T10:00:00Z
CP-SEV-02781,Animal carcasses dumped openly near residential layout in Chennai South,"Decomposed animal waste dumped near residential colony causing intense stench and flies. (Ref Ward-77, Chennai South)",Garbage & Waste Disposal,garbage,DEPT_SANITATION,Chennai South,Ward-77,HIGH,21,14,83.09,2026-08-17T16:00:00Z
CP-SEV-00139,Small stone gravel loose on roadside margin in Kanchipuram,"Urgent attention requested: Loose gravel scattered near street corner after minor maintenance. (Ref Ward-125, Kanchipuram)",Road Damage & Potholes,roads,DEPT_ROADS,Kanchipuram,Ward-125,LOW,0,3,27.4,2026-08-08T19:00:00Z
CP-SEV-03839,Overgrown grass near roadside footway in Kanchipuram,"Urgent attention requested: Wild grass growing along sidewalk margin. (Ref Ward-188, Kanchipuram)",Other / General Municipal Operations,other,DEPT_GENERAL,Kanchipuram,Ward-188,MEDIUM,3,3,16.73,2026-08-27T16:00:00Z
CP-SEV-00779,Localized water supply line leakage in Avadi,"Field inspection notice: Drinking water pipeline leaking small stream of clean water on roadside near residential building. (Ref Ward-74, Avadi)",Water Supply Contamination / Burst,water,DEPT_WATER,Avadi,Ward-74,MEDIUM,10,1,39.07,2026-08-21T20:00:00Z
CP-SEV-04182,Chemical gas leak from abandoned industrial cylinder in Chennai North,"Citizen report from Pungent chemical gas leaking from abandoned cylinder causing eye irritation and breathing panic in colony. (Ref Ward-99, Chennai North)",Other / General Municipal Operations,other,DEPT_GENERAL,Chennai North,Ward-99,CRITICAL,31,10,86.4,2026-08-01T10:00:00Z
CP-SEV-02494,Public dustbin lid missing in Chennai South,"Urgent attention requested: Plastic dustbin lid missing at street corner bin. (Ref Ward-137, Chennai South)",Garbage & Waste Disposal,garbage,DEPT_SANITATION,Chennai South,Ward-137,LOW,7,3,34.24,2026-08-24T10:00:00Z
CP-SEV-02103,Entire street dark due to multiple streetlight failure in Tiruvallur,"All 15 streetlights out on main connecting road creating dark zone and safety hazard for commuters. (Ref Ward-56, Tiruvallur)",Streetlights & Electrical Hazards,streetlights,DEPT_LIGHTING,Tiruvallur,Ward-56,HIGH,32,8,88.54,2026-08-04T09:00:00Z
CP-SEV-03561,Municipal hall roof slab collapse hazard in Tambaram,"Heavy concrete ceiling slab sagging and crumbling over crowded public waiting hall. (Ref Ward-105, Tambaram)",Public Infrastructure Damage,infrastructure,DEPT_WORKS,Tambaram,Ward-105,CRITICAL,28,9,88.53,2026-08-09T20:00:00Z
CP-SEV-03433,Public footbridge steps broken in Chennai North,"Citizen report from Concrete steps on pedestrian footbridge cracked with exposed rusty iron rebar. (Ref Ward-47, Chennai North)",Public Infrastructure Damage,infrastructure,DEPT_WORKS,Chennai North,Ward-47,HIGH,40,1,59.45,2026-08-17T13:00:00Z
CP-SEV-02563,Uncleared garbage dump accumulating for 3 days in Chennai North,"Field inspection notice: Municipal green bin overflowing with household waste uncleared for 72 hours. (Ref Ward-57, Chennai North)",Garbage & Waste Disposal,garbage,DEPT_SANITATION,Chennai North,Ward-57,MEDIUM,3,2,0.1,2026-08-02T09:00:00Z
CP-SEV-02515,Public dustbin lid missing in Tiruvallur,"Plastic dustbin lid missing at street corner bin. (Ref Ward-133, Tiruvallur)",Garbage & Waste Disposal,garbage,DEPT_SANITATION,Tiruvallur,Ward-133,LOW,1,2,34.13,2026-08-14T20:00:00Z
CP-SEV-02213,Damaged electrical junction box door open in Kanchipuram,"Feeder pillar box door hanging open with exposed low-voltage terminals near footpath. (Ref Ward-90, Kanchipuram)",Streetlights & Electrical Hazards,streetlights,DEPT_LIGHTING,Kanchipuram,Ward-90,HIGH,14,8,62.11,2026-08-27T08:00:00Z
CP-SEV-03708,Faded ward boundary map in Avadi,"Citizen report from Public information board map faded at zonal office. (Ref Ward-159, Avadi)",Other / General Municipal Operations,other,DEPT_GENERAL,Avadi,Ward-159,LOW,2,1,13.4,2026-08-15T09:00:00Z
CP-SEV-02952,Massive garbage barrier blocking emergency hospital ambulance entrance in Chennai Central,"Citizen report from Rotting garbage pile collapsed across hospital gate preventing emergency ambulance access. (Ref Ward-48, Chennai Central)",Garbage & Waste Disposal,garbage,DEPT_SANITATION,Chennai Central,Ward-48,CRITICAL,2,15,61.45,2026-08-18T16:00:00Z
CP-SEV-02767,Large uncollected garbage dump overflowing onto main road in Tiruvallur,"Citizen report from Massive multi-ton waste pile spilling onto main road lane causing traffic blockage and stench. (Ref Ward-139, Tiruvallur)",Garbage & Waste Disposal,garbage,DEPT_SANITATION,Tiruvallur,Ward-139,HIGH,7,14,73.19,2026-08-18T18:00:00Z
CP-SEV-01969,Single streetlight non-functional on residential lane in Kanchipuram,"Sodium streetlight bulb fused outside house no 42 on quiet residential road. (Ref Ward-166, Kanchipuram)",Streetlights & Electrical Hazards,streetlights,DEPT_LIGHTING,Kanchipuram,Ward-166,MEDIUM,1,1,16.63,2026-08-20T19:00:00Z
CP-SEV-00649,Slight water pressure decrease in morning tap in Chennai North,"Citizen report from Municipal tap water pressure is slightly lower than usual during morning supply hours. (Ref Ward-101, Chennai North)",Water Supply Contamination / Burst,water,DEPT_WATER,Chennai North,Ward-101,LOW,7,1,32.26,2026-08-04T20:00:00Z
CP-SEV-03442,Public footbridge steps broken in Chennai North,"Concrete steps on pedestrian footbridge cracked with exposed rusty iron rebar. (Ref Ward-64, Chennai North)",Public Infrastructure Damage,infrastructure,DEPT_WORKS,Chennai North,Ward-64,HIGH,8,14,75.81,2026-08-16T12:00:00Z
CP-SEV-01760,Severe toxic sewage backup into ground floor homes in Kanchipuram,"Raw black sewage backing up into toilets and living rooms of 50 houses creating extreme cholera biohazard. (Ref Ward-86, Kanchipuram)",Drainage & Sewage Overflow,drainage,DEPT_DRAINAGE,Kanchipuram,Ward-86,CRITICAL,42,14,88.93,2026-08-27T17:00:00Z
CP-SEV-02747,Large uncollected garbage dump overflowing onto main road in Kanchipuram,"Municipal grievance reported: Massive multi-ton waste pile spilling onto main road lane causing traffic blockage and stench. (Ref Ward-72, Kanchipuram)",Garbage & Waste Disposal,garbage,DEPT_SANITATION,Kanchipuram,Ward-72,HIGH,1,15,72.29,2026-08-15T17:00:00Z
CP-SEV-00274,Uneven road paver block near bus stop in Tambaram,"Citizen report from Interlocking paver blocks displaced near local bus shelter area. (Ref Ward-9, Tambaram)",Road Damage & Potholes,roads,DEPT_ROADS,Tambaram,Ward-9,MEDIUM,1,1,35.03,2026-08-12T13:00:00Z
CP-SEV-03241,Cracked plaster on municipal wall in Chennai North,"Municipal grievance reported: Boundary wall plaster cracking near municipal office enclosure. (Ref Ward-178, Chennai North)",Public Infrastructure Damage,infrastructure,DEPT_WORKS,Chennai North,Ward-178,MEDIUM,9,2,32.36,2026-08-06T13:00:00Z
CP-SEV-04147,Chemical gas leak from abandoned industrial cylinder in Tiruvallur,"Field inspection notice: Pungent chemical gas leaking from abandoned cylinder causing eye irritation and breathing panic in colony. (Ref Ward-26, Tiruvallur)",Other / General Municipal Operations,other,DEPT_GENERAL,Tiruvallur,Ward-26,CRITICAL,8,9,56.33,2026-08-16T14:00:00Z
CP-SEV-00131,Small stone gravel loose on roadside margin in Tiruvallur,"Loose gravel scattered near street corner after minor maintenance. (Ref Ward-148, Tiruvallur)",Road Damage & Potholes,roads,DEPT_ROADS,Tiruvallur,Ward-148,LOW,0,3,36.96,2026-08-19T08:00:00Z
CP-SEV-02089,Streetlight timer misconfigured turning off early in Chennai Central,"Streetlights turning off 1 hour before sunrise in neighborhood layout. (Ref Ward-68, Chennai Central)",Streetlights & Electrical Hazards,streetlights,DEPT_LIGHTING,Chennai Central,Ward-68,MEDIUM,3,2,12.39,2026-08-18T16:00:00Z
CP-SEV-00232,Uneven road paver block near bus stop in Tiruvallur,"Interlocking paver blocks displaced near local bus shelter area. (Ref Ward-87, Tiruvallur)",Road Damage & Potholes,roads,DEPT_ROADS,Tiruvallur,Ward-87,MEDIUM,0,3,29.13,2026-08-03T13:00:00Z
CP-SEV-00384,Uncovered manhole trench on main avenue in Tiruvallur,"Citizen report from Road cut open for cable laying left open without barricades on major avenue. (Ref Ward-162, Tiruvallur)",Road Damage & Potholes,roads,DEPT_ROADS,Tiruvallur,Ward-162,HIGH,4,12,56.8,2026-08-07T16:00:00Z
CP-SEV-01407,Localized clogged street drain causing puddle in Kanchipuram,"Field inspection notice: Street drain inlet blocked with debris causing minor water pooling after rain. (Ref Ward-192, Kanchipuram)",Drainage & Sewage Overflow,drainage,DEPT_DRAINAGE,Kanchipuram,Ward-192,MEDIUM,7,2,3.07,2026-08-18T18:00:00Z
CP-SEV-03315,Unstable overhead gantries signboard shaking in wind in Chennai South,"Field inspection notice: Large directional sign board hanging loose over main road threatening to fall on vehicles. (Ref Ward-166, Chennai South)",Public Infrastructure Damage,infrastructure,DEPT_WORKS,Chennai South,Ward-166,HIGH,11,14,78.01,2026-08-10T18:00:00Z
CP-SEV-02823,Animal carcasses dumped openly near residential layout in Tiruvallur,"Municipal grievance reported: Decomposed animal waste dumped near residential colony causing intense stench and flies. (Ref Ward-84, Tiruvallur)",Garbage & Waste Disposal,garbage,DEPT_SANITATION,Tiruvallur,Ward-84,HIGH,4,4,50.25,2026-08-11T15:00:00Z
CP-SEV-03867,Overgrown grass near roadside footway in Chennai Central,"Field inspection notice: Wild grass growing along sidewalk margin. (Ref Ward-146, Chennai Central)",Other / General Municipal Operations,other,DEPT_GENERAL,Chennai Central,Ward-146,MEDIUM,9,2,10.41,2026-08-04T17:00:00Z
CP-SEV-01455,Small open drainage chamber cover displaced in Chennai South,"Urgent attention requested: Concrete cover slab of small side drain displaced by 2 inches. (Ref Ward-126, Chennai South)",Drainage & Sewage Overflow,drainage,DEPT_DRAINAGE,Chennai South,Ward-126,MEDIUM,1,1,34.82,2026-08-14T16:00:00Z
CP-SEV-03607,Tree branch overhanging private wall in Chennai North,"Urgent attention requested: Small tree branch extending over compound wall without immediate blockage. (Ref Ward-38, Chennai North)",Other / General Municipal Operations,other,DEPT_GENERAL,Chennai North,Ward-38,LOW,5,1,16.97,2026-08-24T13:00:00Z
CP-SEV-02228,Damaged electrical junction box door open in Avadi,"Municipal grievance reported: Feeder pillar box door hanging open with exposed low-voltage terminals near footpath. (Ref Ward-16, Avadi)",Streetlights & Electrical Hazards,streetlights,DEPT_LIGHTING,Avadi,Ward-16,HIGH,6,3,50.08,2026-08-17T08:00:00Z
CP-SEV-03844,Overgrown grass near roadside footway in Chennai South,"Field inspection notice: Wild grass growing along sidewalk margin. (Ref Ward-155, Chennai South)",Other / General Municipal Operations,other,DEPT_GENERAL,Chennai South,Ward-155,MEDIUM,4,2,38.25,2026-08-17T16:00:00Z
CP-SEV-02002,Single streetlight non-functional on residential lane in Avadi,"Field inspection notice: Sodium streetlight bulb fused outside house no 42 on quiet residential road. (Ref Ward-176, Avadi)",Streetlights & Electrical Hazards,streetlights,DEPT_LIGHTING,Avadi,Ward-176,MEDIUM,3,2,30.08,2026-08-27T15:00:00Z
CP-SEV-02744,Large uncollected garbage dump overflowing onto main road in Chennai Central,"Municipal grievance reported: Massive multi-ton waste pile spilling onto main road lane causing traffic blockage and stench. (Ref Ward-21, Chennai Central)",Garbage & Waste Disposal,garbage,DEPT_SANITATION,Chennai Central,Ward-21,HIGH,40,10,53.29,2026-08-24T13:00:00Z
CP-SEV-00690,Minor street tap valve dripping in Tambaram,"Municipal grievance reported: Public street tap dripping slowly near community park. (Ref Ward-140, Tambaram)",Water Supply Contamination / Burst,water,DEPT_WATER,Tambaram,Ward-140,LOW,10,1,13.41,2026-08-26T19:00:00Z
CP-SEV-02552,Uncleared garbage dump accumulating for 3 days in Kanchipuram,"Municipal green bin overflowing with household waste uncleared for 72 hours. (Ref Ward-81, Kanchipuram)",Garbage & Waste Disposal,garbage,DEPT_SANITATION,Kanchipuram,Ward-81,MEDIUM,2,1,39.11,2026-08-06T12:00:00Z
CP-SEV-02023,Single streetlight non-functional on residential lane in Chennai South,"Citizen report from Sodium streetlight bulb fused outside house no 42 on quiet residential road. (Ref Ward-187, Chennai South)",Streetlights & Electrical Hazards,streetlights,DEPT_LIGHTING,Chennai South,Ward-187,MEDIUM,10,2,19.4,2026-08-09T13:00:00Z
CP-SEV-02021,Single streetlight non-functional on residential lane in Chennai North,"Municipal grievance reported: Sodium streetlight bulb fused outside house no 42 on quiet residential road. (Ref Ward-115, Chennai North)",Streetlights & Electrical Hazards,streetlights,DEPT_LIGHTING,Chennai North,Ward-115,MEDIUM,4,3,1.6,2026-08-04T13:00:00Z
CP-SEV-01087,Toxic chemical effluent mixing into drinking water supply in Chennai North,"Field inspection notice: Industrial chemical sewage leaking directly into municipal drinking pipeline, causing severe illness. (Ref Ward-2, Chennai North)",Water Supply Contamination / Burst,water,DEPT_WATER,Chennai North,Ward-2,CRITICAL,40,15,62.3,2026-08-06T16:00:00Z
CP-SEV-01949,Streetlight pole sticker peeling off in Avadi,"Identification sticker on light pole peeling off near corner. (Ref Ward-120, Avadi)",Streetlights & Electrical Hazards,streetlights,DEPT_LIGHTING,Avadi,Ward-120,LOW,2,1,15.77,2026-08-18T11:00:00Z
CP-SEV-01790,Severe toxic sewage backup into ground floor homes in Chennai North,"Raw black sewage backing up into toilets and living rooms of 50 houses creating extreme cholera biohazard. (Ref Ward-40, Chennai North)",Drainage & Sewage Overflow,drainage,DEPT_DRAINAGE,Chennai North,Ward-40,CRITICAL,7,9,54.36,2026-08-07T09:00:00Z
CP-SEV-02080,Streetlight timer misconfigured turning off early in Chennai South,"Citizen report from Streetlights turning off 1 hour before sunrise in neighborhood layout. (Ref Ward-66, Chennai South)",Streetlights & Electrical Hazards,streetlights,DEPT_LIGHTING,Chennai South,Ward-66,MEDIUM,10,1,10.28,2026-08-23T15:00:00Z
CP-SEV-00770,Localized water supply line leakage in Chennai South,"Citizen report from Drinking water pipeline leaking small stream of clean water on roadside near residential building. (Ref Ward-148, Chennai South)",Water Supply Contamination / Burst,water,DEPT_WATER,Chennai South,Ward-148,MEDIUM,1,3,12.15,2026-08-08T16:00:00Z
CP-SEV-00851,Water supply timing delayed by 2 hours in Kanchipuram,"Citizen report from Morning municipal water supply delayed by two hours without advance notice. (Ref Ward-34, Kanchipuram)",Water Supply Contamination / Burst,water,DEPT_WATER,Kanchipuram,Ward-34,MEDIUM,7,3,8.91,2026-08-13T18:00:00Z
CP-SEV-01322,Slight odor from storm water drain inlet in Tambaram,"Mild stagnant smell from open storm drain during hot afternoon. (Ref Ward-181, Tambaram)",Drainage & Sewage Overflow,drainage,DEPT_DRAINAGE,Tambaram,Ward-181,LOW,3,1,8.82,2026-08-27T18:00:00Z
CP-SEV-02769,Large uncollected garbage dump overflowing onto main road in Chennai North,"Massive multi-ton waste pile spilling onto main road lane causing traffic blockage and stench. (Ref Ward-127, Chennai North)",Garbage & Waste Disposal,garbage,DEPT_SANITATION,Chennai North,Ward-127,HIGH,34,12,78.65,2026-08-13T18:00:00Z
CP-SEV-03510,Imminent structural collapse of busy flyover bridge pillar in Tambaram,"Field inspection notice: Load-bearing concrete pillar of busy traffic flyover cracked with large concrete blocks falling onto road below. (Ref Ward-139, Tambaram)",Public Infrastructure Damage,infrastructure,DEPT_WORKS,Tambaram,Ward-139,CRITICAL,44,5,82.96,2026-08-26T16:00:00Z
CP-SEV-01814,Single decorative garden light dim in public park in Kanchipuram,"Citizen report from Pedestrian walkway lamp shade slightly dusty and dim in municipal park. (Ref Ward-25, Kanchipuram)",Streetlights & Electrical Hazards,streetlights,DEPT_LIGHTING,Kanchipuram,Ward-25,LOW,0,1,40.2,2026-08-12T20:00:00Z
CP-SEV-00675,Slight water pressure decrease in morning tap in Chennai South,"Municipal grievance reported: Municipal tap water pressure is slightly lower than usual during morning supply hours. (Ref Ward-55, Chennai South)",Water Supply Contamination / Burst,water,DEPT_WATER,Chennai South,Ward-55,LOW,5,2,13.21,2026-08-25T17:00:00Z
CP-SEV-04101,Rabid stray dog pack actively biting children outside school gate in Kanchipuram,"Citizen report from Multiple children bitten and injured by aggressive rabid dog pack near school entrance. (Ref Ward-149, Kanchipuram)",Other / General Municipal Operations,other,DEPT_GENERAL,Kanchipuram,Ward-149,CRITICAL,24,14,81.61,2026-08-12T20:00:00Z
CP-SEV-00507,Catastrophic road cave-in and asphalt collapse in Chennai South,"Field inspection notice: Massive crater opened up on main arterial road causing vehicle overturn and imminent life hazard. (Ref Ward-164, Chennai South)",Road Damage & Potholes,roads,DEPT_ROADS,Chennai South,Ward-164,CRITICAL,4,10,75.55,2026-08-14T18:00:00Z
CP-SEV-01771,Severe toxic sewage backup into ground floor homes in Tambaram,"Urgent attention requested: Raw black sewage backing up into toilets and living rooms of 50 houses creating extreme cholera biohazard. (Ref Ward-79, Tambaram)",Drainage & Sewage Overflow,drainage,DEPT_DRAINAGE,Tambaram,Ward-79,CRITICAL,27,6,79.71,2026-08-01T08:00:00Z
CP-SEV-00663,Slight water pressure decrease in morning tap in Tiruvallur,"Citizen report from Municipal tap water pressure is slightly lower than usual during morning supply hours. (Ref Ward-76, Tiruvallur)",Water Supply Contamination / Burst,water,DEPT_WATER,Tiruvallur,Ward-76,LOW,8,1,16.14,2026-08-15T09:00:00Z
CP-SEV-01712,Underground sewage main explosion flooding hospital basement in Tambaram,"Urgent attention requested: Main sewage trunk line ruptured flooding hospital basement and ground floor with raw sewage. (Ref Ward-8, Tambaram)",Drainage & Sewage Overflow,drainage,DEPT_DRAINAGE,Tambaram,Ward-8,CRITICAL,11,13,64.52,2026-08-26T10:00:00Z
CP-SEV-03340,Unstable overhead gantries signboard shaking in wind in Avadi,"Urgent attention requested: Large directional sign board hanging loose over main road threatening to fall on vehicles. (Ref Ward-182, Avadi)",Public Infrastructure Damage,infrastructure,DEPT_WORKS,Avadi,Ward-182,HIGH,22,9,81.01,2026-08-14T20:00:00Z
CP-SEV-03049,Faded street name sign board in Kanchipuram,"Municipal street sign board paint faded near junction. (Ref Ward-166, Kanchipuram)",Public Infrastructure Damage,infrastructure,DEPT_WORKS,Kanchipuram,Ward-166,LOW,2,2,4.14,2026-08-23T17:00:00Z
CP-SEV-02876,Toxic biohazardous medical waste burning near residential area in Chennai Central,"Illegal dump of hospital syringes and chemical waste set on fire emitting toxic fumes into homes. (Ref Ward-3, Chennai Central)",Garbage & Waste Disposal,garbage,DEPT_SANITATION,Chennai Central,Ward-3,CRITICAL,42,6,94.19,2026-08-05T17:00:00Z
CP-SEV-03775,Stray cattle roaming on residential street in Tiruvallur,"Field inspection notice: Stray cows sitting on residential lane causing minor vehicle slowness. (Ref Ward-5, Tiruvallur)",Other / General Municipal Operations,other,DEPT_GENERAL,Tiruvallur,Ward-5,MEDIUM,2,3,22.84,2026-08-19T13:00:00Z
CP-SEV-02695,Commercial shop waste dumped on sidewalk in Tiruvallur,"Urgent attention requested: Retail shop cardboard boxes and plastic packaging dumped along footpath. (Ref Ward-7, Tiruvallur)",Garbage & Waste Disposal,garbage,DEPT_SANITATION,Tiruvallur,Ward-7,MEDIUM,9,1,15.06,2026-08-14T09:00:00Z
CP-SEV-02548,Public dustbin lid missing in Kanchipuram,"Plastic dustbin lid missing at street corner bin. (Ref Ward-172, Kanchipuram)",Garbage & Waste Disposal,garbage,DEPT_SANITATION,Kanchipuram,Ward-172,LOW,9,2,42.18,2026-08-07T15:00:00Z
CP-SEV-02142,Entire street dark due to multiple streetlight failure in Kanchipuram,"Municipal grievance reported: All 15 streetlights out on main connecting road creating dark zone and safety hazard for commuters. (Ref Ward-96, Kanchipuram)",Streetlights & Electrical Hazards,streetlights,DEPT_LIGHTING,Kanchipuram,Ward-96,HIGH,39,6,51.28,2026-08-01T13:00:00Z
CP-SEV-03808,Stray cattle roaming on residential street in Chennai South,"Stray cows sitting on residential lane causing minor vehicle slowness. (Ref Ward-133, Chennai South)",Other / General Municipal Operations,other,DEPT_GENERAL,Chennai South,Ward-133,MEDIUM,7,2,6.85,2026-08-21T16:00:00Z
CP-SEV-01662,Underground sewage main explosion flooding hospital basement in Chennai North,"Field inspection notice: Main sewage trunk line ruptured flooding hospital basement and ground floor with raw sewage. (Ref Ward-71, Chennai North)",Drainage & Sewage Overflow,drainage,DEPT_DRAINAGE,Chennai North,Ward-71,CRITICAL,5,5,89.32,2026-08-15T14:00:00Z
CP-SEV-03908,Large fallen tree trunk blocking entire avenue in Avadi,"Urgent attention requested: Heavy gulmohar tree uprooted during storm completely blocking two-lane avenue. (Ref Ward-180, Avadi)",Other / General Municipal Operations,other,DEPT_GENERAL,Avadi,Ward-180,HIGH,25,7,91.79,2026-08-24T15:00:00Z
CP-SEV-01634,Overflowing sewage drain on market street in Tiruvallur,"Urgent attention requested: Sewage drain overflowing onto commercial market footpath creating foul health hazard. (Ref Ward-86, Tiruvallur)",Drainage & Sewage Overflow,drainage,DEPT_DRAINAGE,Tiruvallur,Ward-86,HIGH,15,5,57.32,2026-08-04T09:00:00Z
CP-SEV-03905,Large fallen tree trunk blocking entire avenue in Chennai North,"Field inspection notice: Heavy gulmohar tree uprooted during storm completely blocking two-lane avenue. (Ref Ward-1, Chennai North)",Other / General Municipal Operations,other,DEPT_GENERAL,Chennai North,Ward-1,HIGH,18,4,59.6,2026-08-05T10:00:00Z
CP-SEV-03126,Minor scratch on public park bench in Kanchipuram,"Urgent attention requested: Wooden bench slat scratched in public garden. (Ref Ward-177, Kanchipuram)",Public Infrastructure Damage,infrastructure,DEPT_WORKS,Kanchipuram,Ward-177,LOW,6,3,23.25,2026-08-23T08:00:00Z
CP-SEV-01908,Streetlight pole sticker peeling off in Tiruvallur,"Municipal grievance reported: Identification sticker on light pole peeling off near corner. (Ref Ward-60, Tiruvallur)",Streetlights & Electrical Hazards,streetlights,DEPT_LIGHTING,Tiruvallur,Ward-60,LOW,10,2,22.06,2026-08-21T14:00:00Z
CP-SEV-01894,Streetlight pole sticker peeling off in Avadi,"Citizen report from Identification sticker on light pole peeling off near corner. (Ref Ward-131, Avadi)",Streetlights & Electrical Hazards,streetlights,DEPT_LIGHTING,Avadi,Ward-131,LOW,0,3,40.61,2026-08-18T16:00:00Z
CP-SEV-03306,Unstable overhead gantries signboard shaking in wind in Chennai Central,"Large directional sign board hanging loose over main road threatening to fall on vehicles. (Ref Ward-19, Chennai Central)",Public Infrastructure Damage,infrastructure,DEPT_WORKS,Chennai Central,Ward-19,HIGH,20,4,85.46,2026-08-15T15:00:00Z
CP-SEV-03750,Faded ward boundary map in Tiruvallur,"Municipal grievance reported: Public information board map faded at zonal office. (Ref Ward-81, Tiruvallur)",Other / General Municipal Operations,other,DEPT_GENERAL,Tiruvallur,Ward-81,LOW,0,3,28.66,2026-08-19T10:00:00Z
CP-SEV-01968,Single streetlight non-functional on residential lane in Tiruvallur,"Field inspection notice: Sodium streetlight bulb fused outside house no 42 on quiet residential road. (Ref Ward-184, Tiruvallur)",Streetlights & Electrical Hazards,streetlights,DEPT_LIGHTING,Tiruvallur,Ward-184,MEDIUM,9,3,20.45,2026-08-06T15:00:00Z
CP-SEV-02455,Small litter paper cups near park bench in Chennai Central,"Few discarded tea cups scattered around park bench area. (Ref Ward-74, Chennai Central)",Garbage & Waste Disposal,garbage,DEPT_SANITATION,Chennai Central,Ward-74,LOW,8,1,14.09,2026-08-11T11:00:00Z
CP-SEV-00620,Slight water pressure decrease in morning tap in Chennai South,"Urgent attention requested: Municipal tap water pressure is slightly lower than usual during morning supply hours. (Ref Ward-108, Chennai South)",Water Supply Contamination / Burst,water,DEPT_WATER,Chennai South,Ward-108,LOW,8,3,27.8,2026-08-10T09:00:00Z
CP-SEV-00672,Slight water pressure decrease in morning tap in Chennai North,"Municipal tap water pressure is slightly lower than usual during morning supply hours. (Ref Ward-199, Chennai North)",Water Supply Contamination / Burst,water,DEPT_WATER,Chennai North,Ward-199,LOW,10,2,22.07,2026-08-19T16:00:00Z
CP-SEV-00176,Moderate pothole on residential lane in Tambaram,"Urgent attention requested: Pothole approximately 1 foot wide causing discomfort for two-wheelers in neighborhood street. (Ref Ward-30, Tambaram)",Road Damage & Potholes,roads,DEPT_ROADS,Tambaram,Ward-30,MEDIUM,3,3,6.1,2026-08-15T13:00:00Z
CP-SEV-01032,Brownish muddy water in residential supply line in Avadi,"Urgent attention requested: Tap water coming contaminated with mud and silt across entire street layout. (Ref Ward-30, Avadi)",Water Supply Contamination / Burst,water,DEPT_WATER,Avadi,Ward-30,HIGH,15,12,70.02,2026-08-19T13:00:00Z
CP-SEV-01243,Dry leaves covering roadside drain grate in Tambaram,"Field inspection notice: Accumulation of dry fallen leaves over storm drain inlet grate. (Ref Ward-179, Tambaram)",Drainage & Sewage Overflow,drainage,DEPT_DRAINAGE,Tambaram,Ward-179,LOW,0,1,12.96,2026-08-07T15:00:00Z
CP-SEV-03325,Unstable overhead gantries signboard shaking in wind in Chennai North,"Field inspection notice: Large directional sign board hanging loose over main road threatening to fall on vehicles. (Ref Ward-11, Chennai North)",Public Infrastructure Damage,infrastructure,DEPT_WORKS,Chennai North,Ward-11,HIGH,11,10,91.76,2026-08-16T15:00:00Z
CP-SEV-00411,Uncovered manhole trench on main avenue in Tambaram,"Field inspection notice: Road cut open for cable laying left open without barricades on major avenue. (Ref Ward-71, Tambaram)",Road Damage & Potholes,roads,DEPT_ROADS,Tambaram,Ward-71,HIGH,19,8,85.22,2026-08-12T12:00:00Z
CP-SEV-03897,Overgrown grass near roadside footway in Chennai Central,"Field inspection notice: Wild grass growing along sidewalk margin. (Ref Ward-43, Chennai Central)",Other / General Municipal Operations,other,DEPT_GENERAL,Chennai Central,Ward-43,MEDIUM,7,1,27.99,2026-08-23T10:00:00Z
CP-SEV-00265,Uneven road paver block near bus stop in Tambaram,"Urgent attention requested: Interlocking paver blocks displaced near local bus shelter area. (Ref Ward-65, Tambaram)",Road Damage & Potholes,roads,DEPT_ROADS,Tambaram,Ward-65,MEDIUM,10,1,12.87,2026-08-28T20:00:00Z
CP-SEV-00541,Main bridge approach road cracked and collapsing in Kanchipuram,"Municipal grievance reported: Approach embankment of river bridge severely cracked and caving in during peak traffic. (Ref Ward-177, Kanchipuram)",Road Damage & Potholes,roads,DEPT_ROADS,Kanchipuram,Ward-177,CRITICAL,8,3,82.8,2026-08-23T17:00:00Z
CP-SEV-03128,Minor scratch on public park bench in Avadi,"Urgent attention requested: Wooden bench slat scratched in public garden. (Ref Ward-56, Avadi)",Public Infrastructure Damage,infrastructure,DEPT_WORKS,Avadi,Ward-56,LOW,8,2,27.39,2026-08-05T16:00:00Z
CP-SEV-02366,Electrical transformer explosion emitting fire and smoke in Tiruvallur,"Citizen report from Street transformer exploded emitting fire sparks and thick black smoke near crowded apartments. (Ref Ward-23, Tiruvallur)",Streetlights & Electrical Hazards,streetlights,DEPT_LIGHTING,Tiruvallur,Ward-23,CRITICAL,28,3,55.19,2026-08-28T12:00:00Z
CP-SEV-02715,Large uncollected garbage dump overflowing onto main road in Avadi,"Massive multi-ton waste pile spilling onto main road lane causing traffic blockage and stench. (Ref Ward-189, Avadi)",Garbage & Waste Disposal,garbage,DEPT_SANITATION,Avadi,Ward-189,HIGH,8,7,52.08,2026-08-08T18:00:00Z
CP-SEV-00550,Main bridge approach road cracked and collapsing in Chennai Central,"Field inspection notice: Approach embankment of river bridge severely cracked and caving in during peak traffic. (Ref Ward-44, Chennai Central)",Road Damage & Potholes,roads,DEPT_ROADS,Chennai Central,Ward-44,CRITICAL,10,12,53.38,2026-08-03T13:00:00Z
CP-SEV-00747,Minor street tap valve dripping in Chennai South,"Urgent attention requested: Public street tap dripping slowly near community park. (Ref Ward-173, Chennai South)",Water Supply Contamination / Burst,water,DEPT_WATER,Chennai South,Ward-173,LOW,5,1,29.48,2026-08-06T09:00:00Z
CP-SEV-00765,Localized water supply line leakage in Avadi,"Field inspection notice: Drinking water pipeline leaking small stream of clean water on roadside near residential building. (Ref Ward-89, Avadi)",Water Supply Contamination / Burst,water,DEPT_WATER,Avadi,Ward-89,MEDIUM,10,1,20.57,2026-08-04T19:00:00Z
CP-SEV-03885,Overgrown grass near roadside footway in Tambaram,"Urgent attention requested: Wild grass growing along sidewalk margin. (Ref Ward-150, Tambaram)",Other / General Municipal Operations,other,DEPT_GENERAL,Tambaram,Ward-150,MEDIUM,5,3,20.71,2026-08-19T19:00:00Z
CP-SEV-02518,Public dustbin lid missing in Chennai North,"Field inspection notice: Plastic dustbin lid missing at street corner bin. (Ref Ward-158, Chennai North)",Garbage & Waste Disposal,garbage,DEPT_SANITATION,Chennai North,Ward-158,LOW,4,2,9.91,2026-08-02T12:00:00Z
CP-SEV-01558,Severe storm water logging blocking street access in Chennai North,"Municipal grievance reported: Rainwater logging knee-deep across entire street blocking vehicles and shop entrances. (Ref Ward-174, Chennai North)",Drainage & Sewage Overflow,drainage,DEPT_DRAINAGE,Chennai North,Ward-174,HIGH,27,10,83.18,2026-08-14T15:00:00Z
CP-SEV-03213,Damaged metal traffic guard rail in Tiruvallur,"Citizen report from Galvanized iron traffic barrier bent after minor vehicle impact near bus stand. (Ref Ward-99, Tiruvallur)",Public Infrastructure Damage,infrastructure,DEPT_WORKS,Tiruvallur,Ward-99,MEDIUM,6,3,2.58,2026-08-26T12:00:00Z
CP-SEV-03679,Faded ward boundary map in Tambaram,"Citizen report from Public information board map faded at zonal office. (Ref Ward-96, Tambaram)",Other / General Municipal Operations,other,DEPT_GENERAL,Tambaram,Ward-96,LOW,6,1,42.49,2026-08-28T12:00:00Z
CP-SEV-00530,Main bridge approach road cracked and collapsing in Avadi,"Urgent attention requested: Approach embankment of river bridge severely cracked and caving in during peak traffic. (Ref Ward-189, Avadi)",Road Damage & Potholes,roads,DEPT_ROADS,Avadi,Ward-189,CRITICAL,14,10,88.09,2026-08-26T14:00:00Z
CP-SEV-00261,Uneven road paver block near bus stop in Chennai North,"Interlocking paver blocks displaced near local bus shelter area. (Ref Ward-198, Chennai North)",Road Damage & Potholes,roads,DEPT_ROADS,Chennai North,Ward-198,MEDIUM,5,1,2.0,2026-08-18T13:00:00Z
CP-SEV-03316,Unstable overhead gantries signboard shaking in wind in Tiruvallur,"Urgent attention requested: Large directional sign board hanging loose over main road threatening to fall on vehicles. (Ref Ward-47, Tiruvallur)",Public Infrastructure Damage,infrastructure,DEPT_WORKS,Tiruvallur,Ward-47,HIGH,27,7,53.42,2026-08-22T12:00:00Z
CP-SEV-00368,Deep pothole causing vehicle damage and traffic blockage in Tiruvallur,"Citizen report from Dangerous deep crater on main road damaging car tires and causing traffic congestion. (Ref Ward-182, Tiruvallur)",Road Damage & Potholes,roads,DEPT_ROADS,Tiruvallur,Ward-182,HIGH,29,15,52.59,2026-08-14T14:00:00Z
CP-SEV-04185,Chemical gas leak from abandoned industrial cylinder in Chennai Central,"Citizen report from Pungent chemical gas leaking from abandoned cylinder causing eye irritation and breathing panic in colony. (Ref Ward-47, Chennai Central)",Other / General Municipal Operations,other,DEPT_GENERAL,Chennai Central,Ward-47,CRITICAL,5,6,78.8,2026-08-26T10:00:00Z
CP-SEV-02786,Animal carcasses dumped openly near residential layout in Avadi,"Field inspection notice: Decomposed animal waste dumped near residential colony causing intense stench and flies. (Ref Ward-17, Avadi)",Garbage & Waste Disposal,garbage,DEPT_SANITATION,Avadi,Ward-17,HIGH,31,10,73.95,2026-08-13T16:00:00Z
CP-SEV-03695,Faded ward boundary map in Avadi,"Municipal grievance reported: Public information board map faded at zonal office. (Ref Ward-44, Avadi)",Other / General Municipal Operations,other,DEPT_GENERAL,Avadi,Ward-44,LOW,6,3,35.72,2026-08-05T14:00:00Z
CP-SEV-03014,Faded street name sign board in Tiruvallur,"Municipal street sign board paint faded near junction. (Ref Ward-40, Tiruvallur)",Public Infrastructure Damage,infrastructure,DEPT_WORKS,Tiruvallur,Ward-40,LOW,0,2,44.69,2026-08-11T15:00:00Z
CP-SEV-00831,Water supply timing delayed by 2 hours in Chennai South,"Morning municipal water supply delayed by two hours without advance notice. (Ref Ward-143, Chennai South)",Water Supply Contamination / Burst,water,DEPT_WATER,Chennai South,Ward-143,MEDIUM,6,3,4.75,2026-08-21T17:00:00Z
CP-SEV-01218,Dry leaves covering roadside drain grate in Tiruvallur,"Accumulation of dry fallen leaves over storm drain inlet grate. (Ref Ward-95, Tiruvallur)",Drainage & Sewage Overflow,drainage,DEPT_DRAINAGE,Tiruvallur,Ward-95,LOW,3,2,20.04,2026-08-13T15:00:00Z
CP-SEV-02148,Entire street dark due to multiple streetlight failure in Tambaram,"All 15 streetlights out on main connecting road creating dark zone and safety hazard for commuters. (Ref Ward-192, Tambaram)",Streetlights & Electrical Hazards,streetlights,DEPT_LIGHTING,Tambaram,Ward-192,HIGH,12,3,59.87,2026-08-05T20:00:00Z
CP-SEV-03866,Overgrown grass near roadside footway in Avadi,"Municipal grievance reported: Wild grass growing along sidewalk margin. (Ref Ward-68, Avadi)",Other / General Municipal Operations,other,DEPT_GENERAL,Avadi,Ward-68,MEDIUM,2,3,9.0,2026-08-15T20:00:00Z
CP-SEV-02951,Massive garbage barrier blocking emergency hospital ambulance entrance in Kanchipuram,"Urgent attention requested: Rotting garbage pile collapsed across hospital gate preventing emergency ambulance access. (Ref Ward-105, Kanchipuram)",Garbage & Waste Disposal,garbage,DEPT_SANITATION,Kanchipuram,Ward-105,CRITICAL,14,4,71.38,2026-08-14T08:00:00Z
CP-SEV-00775,Localized water supply line leakage in Chennai North,"Municipal grievance reported: Drinking water pipeline leaking small stream of clean water on roadside near residential building. (Ref Ward-116, Chennai North)",Water Supply Contamination / Burst,water,DEPT_WATER,Chennai North,Ward-116,MEDIUM,4,2,16.21,2026-08-18T20:00:00Z
CP-SEV-04057,Rabid stray dog pack actively biting children outside school gate in Tambaram,"Urgent attention requested: Multiple children bitten and injured by aggressive rabid dog pack near school entrance. (Ref Ward-25, Tambaram)",Other / General Municipal Operations,other,DEPT_GENERAL,Tambaram,Ward-25,CRITICAL,39,11,68.24,2026-08-17T13:00:00Z
CP-SEV-02917,Toxic biohazardous medical waste burning near residential area in Chennai South,"Municipal grievance reported: Illegal dump of hospital syringes and chemical waste set on fire emitting toxic fumes into homes. (Ref Ward-125, Chennai South)",Garbage & Waste Disposal,garbage,DEPT_SANITATION,Chennai South,Ward-125,CRITICAL,3,8,71.6,2026-08-09T11:00:00Z
CP-SEV-01242,Dry leaves covering roadside drain grate in Chennai North,"Field inspection notice: Accumulation of dry fallen leaves over storm drain inlet grate. (Ref Ward-69, Chennai North)",Drainage & Sewage Overflow,drainage,DEPT_DRAINAGE,Chennai North,Ward-69,LOW,7,1,22.27,2026-08-21T13:00:00Z
CP-SEV-03060,Faded street name sign board in Chennai North,"Field inspection notice: Municipal street sign board paint faded near junction. (Ref Ward-35, Chennai North)",Public Infrastructure Damage,infrastructure,DEPT_WORKS,Chennai North,Ward-35,LOW,1,2,42.37,2026-08-18T20:00:00Z
CP-SEV-01553,Severe storm water logging blocking street access in Chennai North,"Municipal grievance reported: Rainwater logging knee-deep across entire street blocking vehicles and shop entrances. (Ref Ward-49, Chennai North)",Drainage & Sewage Overflow,drainage,DEPT_DRAINAGE,Chennai North,Ward-49,HIGH,2,3,67.75,2026-08-24T13:00:00Z
CP-SEV-02434,Small litter paper cups near park bench in Kanchipuram,"Urgent attention requested: Few discarded tea cups scattered around park bench area. (Ref Ward-109, Kanchipuram)",Garbage & Waste Disposal,garbage,DEPT_SANITATION,Kanchipuram,Ward-109,LOW,1,1,11.82,2026-08-22T13:00:00Z
CP-SEV-00994,Brownish muddy water in residential supply line in Tambaram,"Municipal grievance reported: Tap water coming contaminated with mud and silt across entire street layout. (Ref Ward-178, Tambaram)",Water Supply Contamination / Burst,water,DEPT_WATER,Tambaram,Ward-178,HIGH,16,3,85.13,2026-08-09T20:00:00Z
CP-SEV-03846,Overgrown grass near roadside footway in Tambaram,"Wild grass growing along sidewalk margin. (Ref Ward-11, Tambaram)",Other / General Municipal Operations,other,DEPT_GENERAL,Tambaram,Ward-11,MEDIUM,2,1,44.06,2026-08-23T09:00:00Z
CP-SEV-00660,Slight water pressure decrease in morning tap in Tambaram,"Municipal tap water pressure is slightly lower than usual during morning supply hours. (Ref Ward-173, Tambaram)",Water Supply Contamination / Burst,water,DEPT_WATER,Tambaram,Ward-173,LOW,4,2,36.37,2026-08-17T09:00:00Z
CP-SEV-02904,Toxic biohazardous medical waste burning near residential area in Chennai Central,"Citizen report from Illegal dump of hospital syringes and chemical waste set on fire emitting toxic fumes into homes. (Ref Ward-51, Chennai Central)",Garbage & Waste Disposal,garbage,DEPT_SANITATION,Chennai Central,Ward-51,CRITICAL,38,7,57.05,2026-08-26T15:00:00Z
CP-SEV-02292,High-voltage 11kV live wire snapped hanging across school gate in Tiruvallur,"Municipal grievance reported: Sparking live electrical cable hanging at chest height right outside primary school entrance. (Ref Ward-17, Tiruvallur)",Streetlights & Electrical Hazards,streetlights,DEPT_LIGHTING,Tiruvallur,Ward-17,CRITICAL,39,15,64.2,2026-08-27T15:00:00Z
CP-SEV-01454,Small open drainage chamber cover displaced in Tiruvallur,"Municipal grievance reported: Concrete cover slab of small side drain displaced by 2 inches. (Ref Ward-37, Tiruvallur)",Drainage & Sewage Overflow,drainage,DEPT_DRAINAGE,Tiruvallur,Ward-37,MEDIUM,3,3,17.91,2026-08-10T08:00:00Z
CP-SEV-01395,Localized clogged street drain causing puddle in Avadi,"Street drain inlet blocked with debris causing minor water pooling after rain. (Ref Ward-80, Avadi)",Drainage & Sewage Overflow,drainage,DEPT_DRAINAGE,Avadi,Ward-80,MEDIUM,3,3,32.25,2026-08-15T12:00:00Z
CP-SEV-01361,Localized clogged street drain causing puddle in Chennai South,"Street drain inlet blocked with debris causing minor water pooling after rain. (Ref Ward-50, Chennai South)",Drainage & Sewage Overflow,drainage,DEPT_DRAINAGE,Chennai South,Ward-50,MEDIUM,6,3,16.84,2026-08-20T14:00:00Z
CP-SEV-02281,High-voltage 11kV live wire snapped hanging across school gate in Kanchipuram,"Sparking live electrical cable hanging at chest height right outside primary school entrance. (Ref Ward-49, Kanchipuram)",Streetlights & Electrical Hazards,streetlights,DEPT_LIGHTING,Kanchipuram,Ward-49,CRITICAL,12,14,82.82,2026-08-26T17:00:00Z
CP-SEV-00978,Brownish muddy water in residential supply line in Chennai South,"Urgent attention requested: Tap water coming contaminated with mud and silt across entire street layout. (Ref Ward-136, Chennai South)",Water Supply Contamination / Burst,water,DEPT_WATER,Chennai South,Ward-136,HIGH,21,2,93.53,2026-08-20T10:00:00Z
CP-SEV-00606,Slight water pressure decrease in morning tap in Kanchipuram,"Urgent attention requested: Municipal tap water pressure is slightly lower than usual during morning supply hours. (Ref Ward-15, Kanchipuram)",Water Supply Contamination / Burst,water,DEPT_WATER,Kanchipuram,Ward-15,LOW,7,2,9.42,2026-08-25T10:00:00Z
CP-SEV-01587,Overflowing sewage drain on market street in Kanchipuram,"Municipal grievance reported: Sewage drain overflowing onto commercial market footpath creating foul health hazard. (Ref Ward-155, Kanchipuram)",Drainage & Sewage Overflow,drainage,DEPT_DRAINAGE,Kanchipuram,Ward-155,HIGH,20,2,92.59,2026-08-18T12:00:00Z
CP-SEV-03572,Municipal hall roof slab collapse hazard in Tiruvallur,"Heavy concrete ceiling slab sagging and crumbling over crowded public waiting hall. (Ref Ward-74, Tiruvallur)",Public Infrastructure Damage,infrastructure,DEPT_WORKS,Tiruvallur,Ward-74,CRITICAL,32,13,58.04,2026-08-03T16:00:00Z
CP-SEV-00335,Deep pothole causing vehicle damage and traffic blockage in Tambaram,"Dangerous deep crater on main road damaging car tires and causing traffic congestion. (Ref Ward-35, Tambaram)",Road Damage & Potholes,roads,DEPT_ROADS,Tambaram,Ward-35,HIGH,29,5,58.68,2026-08-04T13:00:00Z
CP-SEV-01154,Complete water outage in hospital ward for 48 hours in Tiruvallur,"Zero water supply in municipal hospital premises for two days, threatening patient emergency operations. (Ref Ward-48, Tiruvallur)",Water Supply Contamination / Burst,water,DEPT_WATER,Tiruvallur,Ward-48,CRITICAL,31,4,79.74,2026-08-27T19:00:00Z
CP-SEV-03299,Cracked plaster on municipal wall in Chennai Central,"Citizen report from Boundary wall plaster cracking near municipal office enclosure. (Ref Ward-64, Chennai Central)",Public Infrastructure Damage,infrastructure,DEPT_WORKS,Chennai Central,Ward-64,MEDIUM,8,2,8.18,2026-08-01T13:00:00Z
CP-SEV-02245,Damaged electrical junction box door open in Kanchipuram,"Urgent attention requested: Feeder pillar box door hanging open with exposed low-voltage terminals near footpath. (Ref Ward-81, Kanchipuram)",Streetlights & Electrical Hazards,streetlights,DEPT_LIGHTING,Kanchipuram,Ward-81,HIGH,34,1,52.12,2026-08-10T14:00:00Z
CP-SEV-03158,Damaged metal traffic guard rail in Tiruvallur,"Urgent attention requested: Galvanized iron traffic barrier bent after minor vehicle impact near bus stand. (Ref Ward-183, Tiruvallur)",Public Infrastructure Damage,infrastructure,DEPT_WORKS,Tiruvallur,Ward-183,MEDIUM,10,3,25.69,2026-08-13T12:00:00Z
CP-SEV-03494,Imminent structural collapse of busy flyover bridge pillar in Chennai North,"Citizen report from Load-bearing concrete pillar of busy traffic flyover cracked with large concrete blocks falling onto road below. (Ref Ward-119, Chennai North)",Public Infrastructure Damage,infrastructure,DEPT_WORKS,Chennai North,Ward-119,CRITICAL,39,8,54.03,2026-08-25T20:00:00Z
CP-SEV-01316,Slight odor from storm water drain inlet in Kanchipuram,"Field inspection notice: Mild stagnant smell from open storm drain during hot afternoon. (Ref Ward-181, Kanchipuram)",Drainage & Sewage Overflow,drainage,DEPT_DRAINAGE,Kanchipuram,Ward-181,LOW,6,3,3.65,2026-08-21T18:00:00Z
CP-SEV-04199,Chemical gas leak from abandoned industrial cylinder in Chennai Central,"Municipal grievance reported: Pungent chemical gas leaking from abandoned cylinder causing eye irritation and breathing panic in colony. (Ref Ward-154, Chennai Central)",Other / General Municipal Operations,other,DEPT_GENERAL,Chennai Central,Ward-154,CRITICAL,0,12,70.23,2026-08-20T20:00:00Z
CP-SEV-03272,Cracked plaster on municipal wall in Chennai North,"Citizen report from Boundary wall plaster cracking near municipal office enclosure. (Ref Ward-40, Chennai North)",Public Infrastructure Damage,infrastructure,DEPT_WORKS,Chennai North,Ward-40,MEDIUM,8,2,42.63,2026-08-06T10:00:00Z
CP-SEV-01012,Brownish muddy water in residential supply line in Avadi,"Urgent attention requested: Tap water coming contaminated with mud and silt across entire street layout. (Ref Ward-60, Avadi)",Water Supply Contamination / Burst,water,DEPT_WATER,Avadi,Ward-60,HIGH,2,12,56.37,2026-08-21T08:00:00Z
CP-SEV-02529,Public dustbin lid missing in Avadi,"Field inspection notice: Plastic dustbin lid missing at street corner bin. (Ref Ward-93, Avadi)",Garbage & Waste Disposal,garbage,DEPT_SANITATION,Avadi,Ward-93,LOW,6,2,25.5,2026-08-10T09:00:00Z
CP-SEV-03170,Damaged metal traffic guard rail in Chennai Central,"Field inspection notice: Galvanized iron traffic barrier bent after minor vehicle impact near bus stand. (Ref Ward-148, Chennai Central)",Public Infrastructure Damage,infrastructure,DEPT_WORKS,Chennai Central,Ward-148,MEDIUM,6,2,37.99,2026-08-06T09:00:00Z
CP-SEV-03554,Municipal hall roof slab collapse hazard in Chennai South,"Field inspection notice: Heavy concrete ceiling slab sagging and crumbling over crowded public waiting hall. (Ref Ward-37, Chennai South)",Public Infrastructure Damage,infrastructure,DEPT_WORKS,Chennai South,Ward-37,CRITICAL,26,4,88.35,2026-08-10T14:00:00Z
CP-SEV-02687,Commercial shop waste dumped on sidewalk in Chennai North,"Urgent attention requested: Retail shop cardboard boxes and plastic packaging dumped along footpath. (Ref Ward-75, Chennai North)",Garbage & Waste Disposal,garbage,DEPT_SANITATION,Chennai North,Ward-75,MEDIUM,4,1,9.21,2026-08-07T11:00:00Z
CP-SEV-01150,Complete water outage in hospital ward for 48 hours in Chennai North,"Municipal grievance reported: Zero water supply in municipal hospital premises for two days, threatening patient emergency operations. (Ref Ward-152, Chennai North)",Water Supply Contamination / Burst,water,DEPT_WATER,Chennai North,Ward-152,CRITICAL,17,2,75.49,2026-08-17T15:00:00Z
CP-SEV-01503,Severe storm water logging blocking street access in Kanchipuram,"Field inspection notice: Rainwater logging knee-deep across entire street blocking vehicles and shop entrances. (Ref Ward-168, Kanchipuram)",Drainage & Sewage Overflow,drainage,DEPT_DRAINAGE,Kanchipuram,Ward-168,HIGH,23,1,55.4,2026-08-03T09:00:00Z
CP-SEV-01829,Single decorative garden light dim in public park in Tiruvallur,"Urgent attention requested: Pedestrian walkway lamp shade slightly dusty and dim in municipal park. (Ref Ward-59, Tiruvallur)",Streetlights & Electrical Hazards,streetlights,DEPT_LIGHTING,Tiruvallur,Ward-59,LOW,0,1,34.81,2026-08-26T11:00:00Z
CP-SEV-00289,Uneven road paver block near bus stop in Kanchipuram,"Municipal grievance reported: Interlocking paver blocks displaced near local bus shelter area. (Ref Ward-58, Kanchipuram)",Road Damage & Potholes,roads,DEPT_ROADS,Kanchipuram,Ward-58,MEDIUM,8,2,38.07,2026-08-09T11:00:00Z
CP-SEV-01247,Dry leaves covering roadside drain grate in Kanchipuram,"Field inspection notice: Accumulation of dry fallen leaves over storm drain inlet grate. (Ref Ward-23, Kanchipuram)",Drainage & Sewage Overflow,drainage,DEPT_DRAINAGE,Kanchipuram,Ward-23,LOW,2,1,8.98,2026-08-20T15:00:00Z
CP-SEV-01693,Underground sewage main explosion flooding hospital basement in Chennai South,"Citizen report from Main sewage trunk line ruptured flooding hospital basement and ground floor with raw sewage. (Ref Ward-62, Chennai South)",Drainage & Sewage Overflow,drainage,DEPT_DRAINAGE,Chennai South,Ward-62,CRITICAL,19,4,74.09,2026-08-08T19:00:00Z
CP-SEV-02625,Uncleared garbage dump accumulating for 3 days in Avadi,"Municipal grievance reported: Municipal green bin overflowing with household waste uncleared for 72 hours. (Ref Ward-145, Avadi)",Garbage & Waste Disposal,garbage,DEPT_SANITATION,Avadi,Ward-145,MEDIUM,1,2,21.23,2026-08-07T11:00:00Z
CP-SEV-00307,Deep pothole causing vehicle damage and traffic blockage in Tiruvallur,"Dangerous deep crater on main road damaging car tires and causing traffic congestion. (Ref Ward-160, Tiruvallur)",Road Damage & Potholes,roads,DEPT_ROADS,Tiruvallur,Ward-160,HIGH,7,3,93.88,2026-08-13T13:00:00Z
CP-SEV-02431,Small litter paper cups near park bench in Chennai South,"Citizen report from Few discarded tea cups scattered around park bench area. (Ref Ward-36, Chennai South)",Garbage & Waste Disposal,garbage,DEPT_SANITATION,Chennai South,Ward-36,LOW,9,3,1.07,2026-08-16T13:00:00Z
CP-SEV-03396,Public footbridge steps broken in Kanchipuram,"Field inspection notice: Concrete steps on pedestrian footbridge cracked with exposed rusty iron rebar. (Ref Ward-200, Kanchipuram)",Public Infrastructure Damage,infrastructure,DEPT_WORKS,Kanchipuram,Ward-200,HIGH,15,15,85.05,2026-08-05T18:00:00Z
CP-SEV-01919,Streetlight pole sticker peeling off in Tiruvallur,"Identification sticker on light pole peeling off near corner. (Ref Ward-197, Tiruvallur)",Streetlights & Electrical Hazards,streetlights,DEPT_LIGHTING,Tiruvallur,Ward-197,LOW,1,3,2.21,2026-08-07T13:00:00Z
CP-SEV-02492,Public dustbin lid missing in Chennai South,"Plastic dustbin lid missing at street corner bin. (Ref Ward-74, Chennai South)",Garbage & Waste Disposal,garbage,DEPT_SANITATION,Chennai South,Ward-74,LOW,7,2,40.27,2026-08-08T08:00:00Z
CP-SEV-01987,Single streetlight non-functional on residential lane in Chennai South,"Sodium streetlight bulb fused outside house no 42 on quiet residential road. (Ref Ward-88, Chennai South)",Streetlights & Electrical Hazards,streetlights,DEPT_LIGHTING,Chennai South,Ward-88,MEDIUM,8,3,35.74,2026-08-03T16:00:00Z
CP-SEV-00615,Slight water pressure decrease in morning tap in Chennai South,"Municipal grievance reported: Municipal tap water pressure is slightly lower than usual during morning supply hours. (Ref Ward-32, Chennai South)",Water Supply Contamination / Burst,water,DEPT_WATER,Chennai South,Ward-32,LOW,10,1,16.88,2026-08-21T12:00:00Z
CP-SEV-02258,High-voltage 11kV live wire snapped hanging across school gate in Chennai Central,"Field inspection notice: Sparking live electrical cable hanging at chest height right outside primary school entrance. (Ref Ward-175, Chennai Central)",Streetlights & Electrical Hazards,streetlights,DEPT_LIGHTING,Chennai Central,Ward-175,CRITICAL,18,9,62.89,2026-08-28T17:00:00Z
CP-SEV-02491,Public dustbin lid missing in Tiruvallur,"Plastic dustbin lid missing at street corner bin. (Ref Ward-24, Tiruvallur)",Garbage & Waste Disposal,garbage,DEPT_SANITATION,Tiruvallur,Ward-24,LOW,0,3,29.46,2026-08-26T19:00:00Z
CP-SEV-01636,Overflowing sewage drain on market street in Chennai South,"Urgent attention requested: Sewage drain overflowing onto commercial market footpath creating foul health hazard. (Ref Ward-69, Chennai South)",Drainage & Sewage Overflow,drainage,DEPT_DRAINAGE,Chennai South,Ward-69,HIGH,36,10,52.02,2026-08-26T15:00:00Z
CP-SEV-01831,Single decorative garden light dim in public park in Chennai North,"Field inspection notice: Pedestrian walkway lamp shade slightly dusty and dim in municipal park. (Ref Ward-100, Chennai North)",Streetlights & Electrical Hazards,streetlights,DEPT_LIGHTING,Chennai North,Ward-100,LOW,2,2,31.56,2026-08-18T10:00:00Z
CP-SEV-00336,Deep pothole causing vehicle damage and traffic blockage in Chennai South,"Field inspection notice: Dangerous deep crater on main road damaging car tires and causing traffic congestion. (Ref Ward-188, Chennai South)",Road Damage & Potholes,roads,DEPT_ROADS,Chennai South,Ward-188,HIGH,41,5,82.34,2026-08-01T19:00:00Z
CP-SEV-00943,Main municipal water supply pipeline burst in Tambaram,"Urgent attention requested: Main feeder pipe burst flooding street and leaving 500 households without water for 24h. (Ref Ward-125, Tambaram)",Water Supply Contamination / Burst,water,DEPT_WATER,Tambaram,Ward-125,HIGH,4,8,55.08,2026-08-16T15:00:00Z
CP-SEV-03337,Unstable overhead gantries signboard shaking in wind in Chennai North,"Urgent attention requested: Large directional sign board hanging loose over main road threatening to fall on vehicles. (Ref Ward-16, Chennai North)",Public Infrastructure Damage,infrastructure,DEPT_WORKS,Chennai North,Ward-16,HIGH,22,15,58.85,2026-08-06T16:00:00Z
CP-SEV-02554,Uncleared garbage dump accumulating for 3 days in Avadi,"Field inspection notice: Municipal green bin overflowing with household waste uncleared for 72 hours. (Ref Ward-155, Avadi)",Garbage & Waste Disposal,garbage,DEPT_SANITATION,Avadi,Ward-155,MEDIUM,4,1,32.44,2026-08-14T08:00:00Z
CP-SEV-01557,Severe storm water logging blocking street access in Chennai North,"Citizen report from Rainwater logging knee-deep across entire street blocking vehicles and shop entrances. (Ref Ward-33, Chennai North)",Drainage & Sewage Overflow,drainage,DEPT_DRAINAGE,Chennai North,Ward-33,HIGH,22,9,50.61,2026-08-22T11:00:00Z
CP-SEV-02603,Uncleared garbage dump accumulating for 3 days in Kanchipuram,"Municipal grievance reported: Municipal green bin overflowing with household waste uncleared for 72 hours. (Ref Ward-108, Kanchipuram)",Garbage & Waste Disposal,garbage,DEPT_SANITATION,Kanchipuram,Ward-108,MEDIUM,10,3,22.4,2026-08-04T14:00:00Z
CP-SEV-04125,Rabid stray dog pack actively biting children outside school gate in Chennai South,"Multiple children bitten and injured by aggressive rabid dog pack near school entrance. (Ref Ward-134, Chennai South)",Other / General Municipal Operations,other,DEPT_GENERAL,Chennai South,Ward-134,CRITICAL,41,2,63.02,2026-08-04T10:00:00Z
CP-SEV-01825,Single decorative garden light dim in public park in Kanchipuram,"Citizen report from Pedestrian walkway lamp shade slightly dusty and dim in municipal park. (Ref Ward-16, Kanchipuram)",Streetlights & Electrical Hazards,streetlights,DEPT_LIGHTING,Kanchipuram,Ward-16,LOW,7,1,36.25,2026-08-19T17:00:00Z
CP-SEV-02419,Small litter paper cups near park bench in Kanchipuram,"Urgent attention requested: Few discarded tea cups scattered around park bench area. (Ref Ward-126, Kanchipuram)",Garbage & Waste Disposal,garbage,DEPT_SANITATION,Kanchipuram,Ward-126,LOW,6,1,43.32,2026-08-25T09:00:00Z
CP-SEV-02270,High-voltage 11kV live wire snapped hanging across school gate in Chennai South,"Municipal grievance reported: Sparking live electrical cable hanging at chest height right outside primary school entrance. (Ref Ward-186, Chennai South)",Streetlights & Electrical Hazards,streetlights,DEPT_LIGHTING,Chennai South,Ward-186,CRITICAL,23,1,56.46,2026-08-04T18:00:00Z
CP-SEV-02979,Massive garbage barrier blocking emergency hospital ambulance entrance in Chennai Central,"Urgent attention requested: Rotting garbage pile collapsed across hospital gate preventing emergency ambulance access. (Ref Ward-14, Chennai Central)",Garbage & Waste Disposal,garbage,DEPT_SANITATION,Chennai Central,Ward-14,CRITICAL,25,11,65.03,2026-08-20T13:00:00Z
CP-SEV-00393,Uncovered manhole trench on main avenue in Chennai South,"Field inspection notice: Road cut open for cable laying left open without barricades on major avenue. (Ref Ward-22, Chennai South)",Road Damage & Potholes,roads,DEPT_ROADS,Chennai South,Ward-22,HIGH,27,11,85.3,2026-08-19T09:00:00Z
CP-SEV-02565,Uncleared garbage dump accumulating for 3 days in Tiruvallur,"Municipal grievance reported: Municipal green bin overflowing with household waste uncleared for 72 hours. (Ref Ward-197, Tiruvallur)",Garbage & Waste Disposal,garbage,DEPT_SANITATION,Tiruvallur,Ward-197,MEDIUM,9,3,2.3,2026-08-19T11:00:00Z
CP-SEV-02967,Massive garbage barrier blocking emergency hospital ambulance entrance in Chennai Central,"Urgent attention requested: Rotting garbage pile collapsed across hospital gate preventing emergency ambulance access. (Ref Ward-30, Chennai Central)",Garbage & Waste Disposal,garbage,DEPT_SANITATION,Chennai Central,Ward-30,CRITICAL,30,2,69.01,2026-08-24T08:00:00Z
CP-SEV-02505,Public dustbin lid missing in Tambaram,"Urgent attention requested: Plastic dustbin lid missing at street corner bin. (Ref Ward-51, Tambaram)",Garbage & Waste Disposal,garbage,DEPT_SANITATION,Tambaram,Ward-51,LOW,3,2,34.88,2026-08-25T10:00:00Z
CP-SEV-04039,Stray dog pack menace creating panic near market in Tambaram,"Citizen report from Pack of aggressive stray dogs barking and chasing two-wheelers near market. (Ref Ward-79, Tambaram)",Other / General Municipal Operations,other,DEPT_GENERAL,Tambaram,Ward-79,HIGH,24,14,52.36,2026-08-18T14:00:00Z
CP-SEV-03327,Unstable overhead gantries signboard shaking in wind in Kanchipuram,"Field inspection notice: Large directional sign board hanging loose over main road threatening to fall on vehicles. (Ref Ward-100, Kanchipuram)",Public Infrastructure Damage,infrastructure,DEPT_WORKS,Kanchipuram,Ward-100,HIGH,18,14,67.97,2026-08-10T20:00:00Z
CP-SEV-02626,Commercial shop waste dumped on sidewalk in Chennai Central,"Municipal grievance reported: Retail shop cardboard boxes and plastic packaging dumped along footpath. (Ref Ward-12, Chennai Central)",Garbage & Waste Disposal,garbage,DEPT_SANITATION,Chennai Central,Ward-12,MEDIUM,5,2,34.15,2026-08-18T13:00:00Z
CP-SEV-03530,Municipal hall roof slab collapse hazard in Chennai North,"Urgent attention requested: Heavy concrete ceiling slab sagging and crumbling over crowded public waiting hall. (Ref Ward-13, Chennai North)",Public Infrastructure Damage,infrastructure,DEPT_WORKS,Chennai North,Ward-13,CRITICAL,38,14,87.85,2026-08-19T16:00:00Z
CP-SEV-02613,Uncleared garbage dump accumulating for 3 days in Kanchipuram,"Municipal green bin overflowing with household waste uncleared for 72 hours. (Ref Ward-118, Kanchipuram)",Garbage & Waste Disposal,garbage,DEPT_SANITATION,Kanchipuram,Ward-118,MEDIUM,4,1,18.6,2026-08-10T10:00:00Z
CP-SEV-03137,Minor scratch on public park bench in Tambaram,"Municipal grievance reported: Wooden bench slat scratched in public garden. (Ref Ward-128, Tambaram)",Public Infrastructure Damage,infrastructure,DEPT_WORKS,Tambaram,Ward-128,LOW,2,3,39.41,2026-08-08T13:00:00Z
CP-SEV-02108,Entire street dark due to multiple streetlight failure in Kanchipuram,"Citizen report from All 15 streetlights out on main connecting road creating dark zone and safety hazard for commuters. (Ref Ward-106, Kanchipuram)",Streetlights & Electrical Hazards,streetlights,DEPT_LIGHTING,Kanchipuram,Ward-106,HIGH,9,10,63.45,2026-08-07T16:00:00Z
CP-SEV-00185,Moderate pothole on residential lane in Avadi,"Citizen report from Pothole approximately 1 foot wide causing discomfort for two-wheelers in neighborhood street. (Ref Ward-65, Avadi)",Road Damage & Potholes,roads,DEPT_ROADS,Avadi,Ward-65,MEDIUM,1,3,38.99,2026-08-05T08:00:00Z
CP-SEV-02102,Entire street dark due to multiple streetlight failure in Chennai North,"Field inspection notice: All 15 streetlights out on main connecting road creating dark zone and safety hazard for commuters. (Ref Ward-83, Chennai North)",Streetlights & Electrical Hazards,streetlights,DEPT_LIGHTING,Chennai North,Ward-83,HIGH,24,6,75.11,2026-08-24T11:00:00Z
CP-SEV-02159,Entire street dark due to multiple streetlight failure in Tiruvallur,"Municipal grievance reported: All 15 streetlights out on main connecting road creating dark zone and safety hazard for commuters. (Ref Ward-133, Tiruvallur)",Streetlights & Electrical Hazards,streetlights,DEPT_LIGHTING,Tiruvallur,Ward-133,HIGH,4,13,66.44,2026-08-21T08:00:00Z
CP-SEV-02826,Animal carcasses dumped openly near residential layout in Tambaram,"Decomposed animal waste dumped near residential colony causing intense stench and flies. (Ref Ward-99, Tambaram)",Garbage & Waste Disposal,garbage,DEPT_SANITATION,Tambaram,Ward-99,HIGH,39,12,72.08,2026-08-16T19:00:00Z
CP-SEV-02354,Electrical transformer explosion emitting fire and smoke in Kanchipuram,"Municipal grievance reported: Street transformer exploded emitting fire sparks and thick black smoke near crowded apartments. (Ref Ward-3, Kanchipuram)",Streetlights & Electrical Hazards,streetlights,DEPT_LIGHTING,Kanchipuram,Ward-3,CRITICAL,16,4,56.48,2026-08-01T08:00:00Z
CP-SEV-01700,Underground sewage main explosion flooding hospital basement in Kanchipuram,"Urgent attention requested: Main sewage trunk line ruptured flooding hospital basement and ground floor with raw sewage. (Ref Ward-156, Kanchipuram)",Drainage & Sewage Overflow,drainage,DEPT_DRAINAGE,Kanchipuram,Ward-156,CRITICAL,7,6,94.72,2026-08-16T17:00:00Z
CP-SEV-03387,Public footbridge steps broken in Chennai South,"Citizen report from Concrete steps on pedestrian footbridge cracked with exposed rusty iron rebar. (Ref Ward-200, Chennai South)",Public Infrastructure Damage,infrastructure,DEPT_WORKS,Chennai South,Ward-200,HIGH,7,6,90.96,2026-08-20T17:00:00Z
CP-SEV-02174,Entire street dark due to multiple streetlight failure in Avadi,"Citizen report from All 15 streetlights out on main connecting road creating dark zone and safety hazard for commuters. (Ref Ward-173, Avadi)",Streetlights & Electrical Hazards,streetlights,DEPT_LIGHTING,Avadi,Ward-173,HIGH,13,8,56.41,2026-08-09T20:00:00Z
CP-SEV-00538,Main bridge approach road cracked and collapsing in Avadi,"Municipal grievance reported: Approach embankment of river bridge severely cracked and caving in during peak traffic. (Ref Ward-26, Avadi)",Road Damage & Potholes,roads,DEPT_ROADS,Avadi,Ward-26,CRITICAL,19,6,56.14,2026-08-06T19:00:00Z
CP-SEV-02405,Small litter paper cups near park bench in Avadi,"Citizen report from Few discarded tea cups scattered around park bench area. (Ref Ward-36, Avadi)",Garbage & Waste Disposal,garbage,DEPT_SANITATION,Avadi,Ward-36,LOW,6,1,37.05,2026-08-04T16:00:00Z
CP-SEV-02702,Large uncollected garbage dump overflowing onto main road in Tambaram,"Citizen report from Massive multi-ton waste pile spilling onto main road lane causing traffic blockage and stench. (Ref Ward-50, Tambaram)",Garbage & Waste Disposal,garbage,DEPT_SANITATION,Tambaram,Ward-50,HIGH,10,4,77.3,2026-08-17T10:00:00Z
CP-SEV-02782,Animal carcasses dumped openly near residential layout in Kanchipuram,"Urgent attention requested: Decomposed animal waste dumped near residential colony causing intense stench and flies. (Ref Ward-17, Kanchipuram)",Garbage & Waste Disposal,garbage,DEPT_SANITATION,Kanchipuram,Ward-17,HIGH,18,6,70.33,2026-08-18T16:00:00Z
CP-SEV-01499,Small open drainage chamber cover displaced in Chennai Central,"Citizen report from Concrete cover slab of small side drain displaced by 2 inches. (Ref Ward-122, Chennai Central)",Drainage & Sewage Overflow,drainage,DEPT_DRAINAGE,Chennai Central,Ward-122,MEDIUM,0,1,44.11,2026-08-21T13:00:00Z
CP-SEV-00301,Deep pothole causing vehicle damage and traffic blockage in Tambaram,"Field inspection notice: Dangerous deep crater on main road damaging car tires and causing traffic congestion. (Ref Ward-132, Tambaram)",Road Damage & Potholes,roads,DEPT_ROADS,Tambaram,Ward-132,HIGH,31,15,63.88,2026-08-01T09:00:00Z
CP-SEV-02229,Damaged electrical junction box door open in Chennai North,"Field inspection notice: Feeder pillar box door hanging open with exposed low-voltage terminals near footpath. (Ref Ward-84, Chennai North)",Streetlights & Electrical Hazards,streetlights,DEPT_LIGHTING,Chennai North,Ward-84,HIGH,19,1,86.0,2026-08-19T17:00:00Z
CP-SEV-00081,Small stone gravel loose on roadside margin in Tiruvallur,"Field inspection notice: Loose gravel scattered near street corner after minor maintenance. (Ref Ward-122, Tiruvallur)",Road Damage & Potholes,roads,DEPT_ROADS,Tiruvallur,Ward-122,LOW,4,1,37.79,2026-08-09T20:00:00Z
CP-SEV-03733,Faded ward boundary map in Chennai Central,"Field inspection notice: Public information board map faded at zonal office. (Ref Ward-126, Chennai Central)",Other / General Municipal Operations,other,DEPT_GENERAL,Chennai Central,Ward-126,LOW,1,2,10.0,2026-08-17T16:00:00Z
CP-SEV-00241,Uneven road paver block near bus stop in Tiruvallur,"Interlocking paver blocks displaced near local bus shelter area. (Ref Ward-178, Tiruvallur)",Road Damage & Potholes,roads,DEPT_ROADS,Tiruvallur,Ward-178,MEDIUM,2,3,19.7,2026-08-14T13:00:00Z
CP-SEV-00429,Uncovered manhole trench on main avenue in Chennai Central,"Municipal grievance reported: Road cut open for cable laying left open without barricades on major avenue. (Ref Ward-80, Chennai Central)",Road Damage & Potholes,roads,DEPT_ROADS,Chennai Central,Ward-80,HIGH,29,13,59.31,2026-08-16T13:00:00Z
CP-SEV-02112,Entire street dark due to multiple streetlight failure in Chennai South,"Field inspection notice: All 15 streetlights out on main connecting road creating dark zone and safety hazard for commuters. (Ref Ward-83, Chennai South)",Streetlights & Electrical Hazards,streetlights,DEPT_LIGHTING,Chennai South,Ward-83,HIGH,14,8,66.3,2026-08-07T18:00:00Z
CP-SEV-04140,Chemical gas leak from abandoned industrial cylinder in Chennai Central,"Pungent chemical gas leaking from abandoned cylinder causing eye irritation and breathing panic in colony. (Ref Ward-200, Chennai Central)",Other / General Municipal Operations,other,DEPT_GENERAL,Chennai Central,Ward-200,CRITICAL,18,15,56.55,2026-08-06T15:00:00Z
CP-SEV-03285,Cracked plaster on municipal wall in Tambaram,"Boundary wall plaster cracking near municipal office enclosure. (Ref Ward-67, Tambaram)",Public Infrastructure Damage,infrastructure,DEPT_WORKS,Tambaram,Ward-67,MEDIUM,7,3,34.93,2026-08-04T15:00:00Z
CP-SEV-00696,Minor street tap valve dripping in Chennai Central,"Urgent attention requested: Public street tap dripping slowly near community park. (Ref Ward-172, Chennai Central)",Water Supply Contamination / Burst,water,DEPT_WATER,Chennai Central,Ward-172,LOW,4,1,8.88,2026-08-19T15:00:00Z
CP-SEV-01707,Underground sewage main explosion flooding hospital basement in Tambaram,"Main sewage trunk line ruptured flooding hospital basement and ground floor with raw sewage. (Ref Ward-27, Tambaram)",Drainage & Sewage Overflow,drainage,DEPT_DRAINAGE,Tambaram,Ward-27,CRITICAL,37,5,57.45,2026-08-07T19:00:00Z
CP-SEV-01752,Severe toxic sewage backup into ground floor homes in Tambaram,"Municipal grievance reported: Raw black sewage backing up into toilets and living rooms of 50 houses creating extreme cholera biohazard. (Ref Ward-190, Tambaram)",Drainage & Sewage Overflow,drainage,DEPT_DRAINAGE,Tambaram,Ward-190,CRITICAL,44,4,57.66,2026-08-22T09:00:00Z
CP-SEV-03101,Minor scratch on public park bench in Avadi,"Urgent attention requested: Wooden bench slat scratched in public garden. (Ref Ward-4, Avadi)",Public Infrastructure Damage,infrastructure,DEPT_WORKS,Avadi,Ward-4,LOW,6,3,19.28,2026-08-27T16:00:00Z
CP-SEV-02006,Single streetlight non-functional on residential lane in Chennai South,"Citizen report from Sodium streetlight bulb fused outside house no 42 on quiet residential road. (Ref Ward-156, Chennai South)",Streetlights & Electrical Hazards,streetlights,DEPT_LIGHTING,Chennai South,Ward-156,MEDIUM,3,2,16.3,2026-08-17T08:00:00Z
CP-SEV-00869,Water supply timing delayed by 2 hours in Tambaram,"Morning municipal water supply delayed by two hours without advance notice. (Ref Ward-8, Tambaram)",Water Supply Contamination / Burst,water,DEPT_WATER,Tambaram,Ward-8,MEDIUM,4,1,6.83,2026-08-13T18:00:00Z
CP-SEV-02699,Commercial shop waste dumped on sidewalk in Tiruvallur,"Citizen report from Retail shop cardboard boxes and plastic packaging dumped along footpath. (Ref Ward-89, Tiruvallur)",Garbage & Waste Disposal,garbage,DEPT_SANITATION,Tiruvallur,Ward-89,MEDIUM,0,1,14.01,2026-08-03T20:00:00Z
CP-SEV-03675,Tree branch overhanging private wall in Chennai South,"Field inspection notice: Small tree branch extending over compound wall without immediate blockage. (Ref Ward-20, Chennai South)",Other / General Municipal Operations,other,DEPT_GENERAL,Chennai South,Ward-20,LOW,7,2,26.46,2026-08-09T10:00:00Z
CP-SEV-01773,Severe toxic sewage backup into ground floor homes in Avadi,"Urgent attention requested: Raw black sewage backing up into toilets and living rooms of 50 houses creating extreme cholera biohazard. (Ref Ward-40, Avadi)",Drainage & Sewage Overflow,drainage,DEPT_DRAINAGE,Avadi,Ward-40,CRITICAL,45,5,56.42,2026-08-24T11:00:00Z
CP-SEV-01535,Severe storm water logging blocking street access in Tiruvallur,"Urgent attention requested: Rainwater logging knee-deep across entire street blocking vehicles and shop entrances. (Ref Ward-81, Tiruvallur)",Drainage & Sewage Overflow,drainage,DEPT_DRAINAGE,Tiruvallur,Ward-81,HIGH,40,2,53.45,2026-08-08T09:00:00Z
CP-SEV-01056,Toxic chemical effluent mixing into drinking water supply in Tiruvallur,"Citizen report from Industrial chemical sewage leaking directly into municipal drinking pipeline, causing severe illness. (Ref Ward-180, Tiruvallur)",Water Supply Contamination / Burst,water,DEPT_WATER,Tiruvallur,Ward-180,CRITICAL,14,6,65.87,2026-08-09T16:00:00Z
CP-SEV-01788,Severe toxic sewage backup into ground floor homes in Tambaram,"Citizen report from Raw black sewage backing up into toilets and living rooms of 50 houses creating extreme cholera biohazard. (Ref Ward-35, Tambaram)",Drainage & Sewage Overflow,drainage,DEPT_DRAINAGE,Tambaram,Ward-35,CRITICAL,43,11,88.35,2026-08-10T18:00:00Z
CP-SEV-00844,Water supply timing delayed by 2 hours in Tambaram,"Urgent attention requested: Morning municipal water supply delayed by two hours without advance notice. (Ref Ward-21, Tambaram)",Water Supply Contamination / Burst,water,DEPT_WATER,Tambaram,Ward-21,MEDIUM,5,2,39.59,2026-08-14T14:00:00Z
CP-SEV-02749,Large uncollected garbage dump overflowing onto main road in Tambaram,"Field inspection notice: Massive multi-ton waste pile spilling onto main road lane causing traffic blockage and stench. (Ref Ward-196, Tambaram)",Garbage & Waste Disposal,garbage,DEPT_SANITATION,Tambaram,Ward-196,HIGH,42,3,76.83,2026-08-12T08:00:00Z
CP-SEV-01616,Overflowing sewage drain on market street in Tambaram,"Sewage drain overflowing onto commercial market footpath creating foul health hazard. (Ref Ward-137, Tambaram)",Drainage & Sewage Overflow,drainage,DEPT_DRAINAGE,Tambaram,Ward-137,HIGH,14,7,53.76,2026-08-23T14:00:00Z
CP-SEV-02135,Entire street dark due to multiple streetlight failure in Tambaram,"Municipal grievance reported: All 15 streetlights out on main connecting road creating dark zone and safety hazard for commuters. (Ref Ward-26, Tambaram)",Streetlights & Electrical Hazards,streetlights,DEPT_LIGHTING,Tambaram,Ward-26,HIGH,23,5,87.64,2026-08-14T18:00:00Z
CP-SEV-04000,Stray dog pack menace creating panic near market in Tambaram,"Citizen report from Pack of aggressive stray dogs barking and chasing two-wheelers near market. (Ref Ward-114, Tambaram)",Other / General Municipal Operations,other,DEPT_GENERAL,Tambaram,Ward-114,HIGH,6,13,57.69,2026-08-26T18:00:00Z
CP-SEV-03188,Damaged metal traffic guard rail in Kanchipuram,"Urgent attention requested: Galvanized iron traffic barrier bent after minor vehicle impact near bus stand. (Ref Ward-50, Kanchipuram)",Public Infrastructure Damage,infrastructure,DEPT_WORKS,Kanchipuram,Ward-50,MEDIUM,6,1,27.19,2026-08-08T17:00:00Z
CP-SEV-04066,Rabid stray dog pack actively biting children outside school gate in Chennai South,"Multiple children bitten and injured by aggressive rabid dog pack near school entrance. (Ref Ward-53, Chennai South)",Other / General Municipal Operations,other,DEPT_GENERAL,Chennai South,Ward-53,CRITICAL,9,3,56.11,2026-08-05T12:00:00Z
CP-SEV-03129,Minor scratch on public park bench in Avadi,"Citizen report from Wooden bench slat scratched in public garden. (Ref Ward-123, Avadi)",Public Infrastructure Damage,infrastructure,DEPT_WORKS,Avadi,Ward-123,LOW,8,2,14.93,2026-08-10T08:00:00Z
CP-SEV-01190,Complete water outage in hospital ward for 48 hours in Chennai Central,"Field inspection notice: Zero water supply in municipal hospital premises for two days, threatening patient emergency operations. (Ref Ward-74, Chennai Central)",Water Supply Contamination / Burst,water,DEPT_WATER,Chennai Central,Ward-74,CRITICAL,24,3,69.41,2026-08-07T17:00:00Z
CP-SEV-00234,Uneven road paver block near bus stop in Tiruvallur,"Municipal grievance reported: Interlocking paver blocks displaced near local bus shelter area. (Ref Ward-39, Tiruvallur)",Road Damage & Potholes,roads,DEPT_ROADS,Tiruvallur,Ward-39,MEDIUM,1,3,29.86,2026-08-12T12:00:00Z
CP-SEV-02093,Streetlight timer misconfigured turning off early in Tiruvallur,"Citizen report from Streetlights turning off 1 hour before sunrise in neighborhood layout. (Ref Ward-28, Tiruvallur)",Streetlights & Electrical Hazards,streetlights,DEPT_LIGHTING,Tiruvallur,Ward-28,MEDIUM,3,2,22.58,2026-08-11T20:00:00Z
CP-SEV-04184,Chemical gas leak from abandoned industrial cylinder in Chennai South,"Citizen report from Pungent chemical gas leaking from abandoned cylinder causing eye irritation and breathing panic in colony. (Ref Ward-169, Chennai South)",Other / General Municipal Operations,other,DEPT_GENERAL,Chennai South,Ward-169,CRITICAL,39,13,65.21,2026-08-20T12:00:00Z
CP-SEV-03877,Overgrown grass near roadside footway in Tiruvallur,"Citizen report from Wild grass growing along sidewalk margin. (Ref Ward-108, Tiruvallur)",Other / General Municipal Operations,other,DEPT_GENERAL,Tiruvallur,Ward-108,MEDIUM,4,3,19.04,2026-08-15T08:00:00Z
CP-SEV-02978,Massive garbage barrier blocking emergency hospital ambulance entrance in Tambaram,"Citizen report from Rotting garbage pile collapsed across hospital gate preventing emergency ambulance access. (Ref Ward-98, Tambaram)",Garbage & Waste Disposal,garbage,DEPT_SANITATION,Tambaram,Ward-98,CRITICAL,40,3,84.67,2026-08-11T19:00:00Z
CP-SEV-03051,Faded street name sign board in Chennai Central,"Municipal street sign board paint faded near junction. (Ref Ward-132, Chennai Central)",Public Infrastructure Damage,infrastructure,DEPT_WORKS,Chennai Central,Ward-132,LOW,1,2,2.4,2026-08-23T12:00:00Z
CP-SEV-02668,Commercial shop waste dumped on sidewalk in Kanchipuram,"Municipal grievance reported: Retail shop cardboard boxes and plastic packaging dumped along footpath. (Ref Ward-13, Kanchipuram)",Garbage & Waste Disposal,garbage,DEPT_SANITATION,Kanchipuram,Ward-13,MEDIUM,4,1,35.33,2026-08-13T19:00:00Z
CP-SEV-03957,Large fallen tree trunk blocking entire avenue in Tiruvallur,"Field inspection notice: Heavy gulmohar tree uprooted during storm completely blocking two-lane avenue. (Ref Ward-177, Tiruvallur)",Other / General Municipal Operations,other,DEPT_GENERAL,Tiruvallur,Ward-177,HIGH,19,9,93.82,2026-08-01T17:00:00Z
CP-SEV-02353,Electrical transformer explosion emitting fire and smoke in Kanchipuram,"Street transformer exploded emitting fire sparks and thick black smoke near crowded apartments. (Ref Ward-50, Kanchipuram)",Streetlights & Electrical Hazards,streetlights,DEPT_LIGHTING,Kanchipuram,Ward-50,CRITICAL,32,5,61.17,2026-08-13T14:00:00Z
CP-SEV-01030,Brownish muddy water in residential supply line in Chennai Central,"Field inspection notice: Tap water coming contaminated with mud and silt across entire street layout. (Ref Ward-54, Chennai Central)",Water Supply Contamination / Burst,water,DEPT_WATER,Chennai Central,Ward-54,HIGH,16,6,77.76,2026-08-25T15:00:00Z
CP-SEV-02674,Commercial shop waste dumped on sidewalk in Chennai South,"Field inspection notice: Retail shop cardboard boxes and plastic packaging dumped along footpath. (Ref Ward-141, Chennai South)",Garbage & Waste Disposal,garbage,DEPT_SANITATION,Chennai South,Ward-141,MEDIUM,7,1,23.2,2026-08-13T19:00:00Z
CP-SEV-00808,Localized water supply line leakage in Kanchipuram,"Drinking water pipeline leaking small stream of clean water on roadside near residential building. (Ref Ward-11, Kanchipuram)",Water Supply Contamination / Burst,water,DEPT_WATER,Kanchipuram,Ward-11,MEDIUM,8,1,11.4,2026-08-21T12:00:00Z
CP-SEV-00090,Small stone gravel loose on roadside margin in Chennai North,"Loose gravel scattered near street corner after minor maintenance. (Ref Ward-101, Chennai North)",Road Damage & Potholes,roads,DEPT_ROADS,Chennai North,Ward-101,LOW,9,3,1.22,2026-08-21T14:00:00Z
CP-SEV-02157,Entire street dark due to multiple streetlight failure in Chennai Central,"All 15 streetlights out on main connecting road creating dark zone and safety hazard for commuters. (Ref Ward-168, Chennai Central)",Streetlights & Electrical Hazards,streetlights,DEPT_LIGHTING,Chennai Central,Ward-168,HIGH,21,6,94.85,2026-08-06T12:00:00Z
CP-SEV-01211,Dry leaves covering roadside drain grate in Tiruvallur,"Field inspection notice: Accumulation of dry fallen leaves over storm drain inlet grate. (Ref Ward-182, Tiruvallur)",Drainage & Sewage Overflow,drainage,DEPT_DRAINAGE,Tiruvallur,Ward-182,LOW,7,3,42.98,2026-08-20T18:00:00Z
CP-SEV-01276,Slight odor from storm water drain inlet in Chennai Central,"Urgent attention requested: Mild stagnant smell from open storm drain during hot afternoon. (Ref Ward-117, Chennai Central)",Drainage & Sewage Overflow,drainage,DEPT_DRAINAGE,Chennai Central,Ward-117,LOW,2,3,19.16,2026-08-14T09:00:00Z
CP-SEV-01431,Small open drainage chamber cover displaced in Chennai South,"Concrete cover slab of small side drain displaced by 2 inches. (Ref Ward-53, Chennai South)",Drainage & Sewage Overflow,drainage,DEPT_DRAINAGE,Chennai South,Ward-53,MEDIUM,0,3,44.48,2026-08-26T18:00:00Z
CP-SEV-03686,Faded ward boundary map in Kanchipuram,"Public information board map faded at zonal office. (Ref Ward-13, Kanchipuram)",Other / General Municipal Operations,other,DEPT_GENERAL,Kanchipuram,Ward-13,LOW,7,2,41.28,2026-08-15T18:00:00Z
CP-SEV-02560,Uncleared garbage dump accumulating for 3 days in Tambaram,"Urgent attention requested: Municipal green bin overflowing with household waste uncleared for 72 hours. (Ref Ward-151, Tambaram)",Garbage & Waste Disposal,garbage,DEPT_SANITATION,Tambaram,Ward-151,MEDIUM,7,2,41.81,2026-08-20T17:00:00Z
CP-SEV-00772,Localized water supply line leakage in Chennai South,"Field inspection notice: Drinking water pipeline leaking small stream of clean water on roadside near residential building. (Ref Ward-108, Chennai South)",Water Supply Contamination / Burst,water,DEPT_WATER,Chennai South,Ward-108,MEDIUM,2,3,23.27,2026-08-24T13:00:00Z
CP-SEV-03075,Faded street name sign board in Chennai Central,"Field inspection notice: Municipal street sign board paint faded near junction. (Ref Ward-39, Chennai Central)",Public Infrastructure Damage,infrastructure,DEPT_WORKS,Chennai Central,Ward-39,LOW,8,1,18.25,2026-08-09T16:00:00Z
CP-SEV-02116,Entire street dark due to multiple streetlight failure in Tiruvallur,"All 15 streetlights out on main connecting road creating dark zone and safety hazard for commuters. (Ref Ward-84, Tiruvallur)",Streetlights & Electrical Hazards,streetlights,DEPT_LIGHTING,Tiruvallur,Ward-84,HIGH,31,5,75.87,2026-08-21T09:00:00Z
CP-SEV-00944,Main municipal water supply pipeline burst in Tiruvallur,"Municipal grievance reported: Main feeder pipe burst flooding street and leaving 500 households without water for 24h. (Ref Ward-44, Tiruvallur)",Water Supply Contamination / Burst,water,DEPT_WATER,Tiruvallur,Ward-44,HIGH,22,10,75.86,2026-08-17T09:00:00Z
CP-SEV-03760,Stray cattle roaming on residential street in Kanchipuram,"Citizen report from Stray cows sitting on residential lane causing minor vehicle slowness. (Ref Ward-198, Kanchipuram)",Other / General Municipal Operations,other,DEPT_GENERAL,Kanchipuram,Ward-198,MEDIUM,5,2,30.92,2026-08-21T17:00:00Z
CP-SEV-00046,Minor cosmetic paint peeling on speed breaker in Chennai Central,"Municipal grievance reported: Faded paint on speed bump near residential lane, requires routine repaint. (Ref Ward-118, Chennai Central)",Road Damage & Potholes,roads,DEPT_ROADS,Chennai Central,Ward-118,LOW,1,1,20.62,2026-08-19T09:00:00Z
CP-SEV-02867,Toxic biohazardous medical waste burning near residential area in Chennai North,"Citizen report from Illegal dump of hospital syringes and chemical waste set on fire emitting toxic fumes into homes. (Ref Ward-54, Chennai North)",Garbage & Waste Disposal,garbage,DEPT_SANITATION,Chennai North,Ward-54,CRITICAL,7,14,80.91,2026-08-23T15:00:00Z
CP-SEV-02578,Uncleared garbage dump accumulating for 3 days in Tiruvallur,"Citizen report from Municipal green bin overflowing with household waste uncleared for 72 hours. (Ref Ward-104, Tiruvallur)",Garbage & Waste Disposal,garbage,DEPT_SANITATION,Tiruvallur,Ward-104,MEDIUM,2,1,27.95,2026-08-16T20:00:00Z
CP-SEV-03074,Faded street name sign board in Chennai Central,"Municipal grievance reported: Municipal street sign board paint faded near junction. (Ref Ward-55, Chennai Central)",Public Infrastructure Damage,infrastructure,DEPT_WORKS,Chennai Central,Ward-55,LOW,7,2,23.58,2026-08-27T11:00:00Z
CP-SEV-02912,Toxic biohazardous medical waste burning near residential area in Chennai North,"Citizen report from Illegal dump of hospital syringes and chemical waste set on fire emitting toxic fumes into homes. (Ref Ward-82, Chennai North)",Garbage & Waste Disposal,garbage,DEPT_SANITATION,Chennai North,Ward-82,CRITICAL,2,5,77.48,2026-08-17T08:00:00Z
CP-SEV-03286,Cracked plaster on municipal wall in Kanchipuram,"Field inspection notice: Boundary wall plaster cracking near municipal office enclosure. (Ref Ward-163, Kanchipuram)",Public Infrastructure Damage,infrastructure,DEPT_WORKS,Kanchipuram,Ward-163,MEDIUM,5,2,18.63,2026-08-20T20:00:00Z
CP-SEV-03801,Stray cattle roaming on residential street in Tambaram,"Citizen report from Stray cows sitting on residential lane causing minor vehicle slowness. (Ref Ward-157, Tambaram)",Other / General Municipal Operations,other,DEPT_GENERAL,Tambaram,Ward-157,MEDIUM,5,2,0.56,2026-08-04T11:00:00Z
CP-SEV-03261,Cracked plaster on municipal wall in Kanchipuram,"Field inspection notice: Boundary wall plaster cracking near municipal office enclosure. (Ref Ward-174, Kanchipuram)",Public Infrastructure Damage,infrastructure,DEPT_WORKS,Kanchipuram,Ward-174,MEDIUM,0,3,42.3,2026-08-26T09:00:00Z
CP-SEV-00936,Main municipal water supply pipeline burst in Chennai Central,"Field inspection notice: Main feeder pipe burst flooding street and leaving 500 households without water for 24h. (Ref Ward-139, Chennai Central)",Water Supply Contamination / Burst,water,DEPT_WATER,Chennai Central,Ward-139,HIGH,3,3,51.3,2026-08-22T08:00:00Z
CP-SEV-03654,Tree branch overhanging private wall in Avadi,"Citizen report from Small tree branch extending over compound wall without immediate blockage. (Ref Ward-58, Avadi)",Other / General Municipal Operations,other,DEPT_GENERAL,Avadi,Ward-58,LOW,7,3,7.11,2026-08-25T15:00:00Z
CP-SEV-03783,Stray cattle roaming on residential street in Chennai North,"Municipal grievance reported: Stray cows sitting on residential lane causing minor vehicle slowness. (Ref Ward-189, Chennai North)",Other / General Municipal Operations,other,DEPT_GENERAL,Chennai North,Ward-189,MEDIUM,10,3,6.42,2026-08-06T18:00:00Z
CP-SEV-03326,Unstable overhead gantries signboard shaking in wind in Kanchipuram,"Field inspection notice: Large directional sign board hanging loose over main road threatening to fall on vehicles. (Ref Ward-135, Kanchipuram)",Public Infrastructure Damage,infrastructure,DEPT_WORKS,Kanchipuram,Ward-135,HIGH,15,14,64.12,2026-08-11T20:00:00Z
CP-SEV-01582,Overflowing sewage drain on market street in Avadi,"Citizen report from Sewage drain overflowing onto commercial market footpath creating foul health hazard. (Ref Ward-70, Avadi)",Drainage & Sewage Overflow,drainage,DEPT_DRAINAGE,Avadi,Ward-70,HIGH,11,1,57.2,2026-08-07T17:00:00Z
CP-SEV-03870,Overgrown grass near roadside footway in Chennai Central,"Wild grass growing along sidewalk margin. (Ref Ward-70, Chennai Central)",Other / General Municipal Operations,other,DEPT_GENERAL,Chennai Central,Ward-70,MEDIUM,2,1,14.36,2026-08-24T16:00:00Z
CP-SEV-03365,Unstable overhead gantries signboard shaking in wind in Chennai Central,"Municipal grievance reported: Large directional sign board hanging loose over main road threatening to fall on vehicles. (Ref Ward-104, Chennai Central)",Public Infrastructure Damage,infrastructure,DEPT_WORKS,Chennai Central,Ward-104,HIGH,4,9,58.71,2026-08-20T20:00:00Z
CP-SEV-00039,Minor cosmetic paint peeling on speed breaker in Tambaram,"Field inspection notice: Faded paint on speed bump near residential lane, requires routine repaint. (Ref Ward-74, Tambaram)",Road Damage & Potholes,roads,DEPT_ROADS,Tambaram,Ward-74,LOW,8,3,32.33,2026-08-05T11:00:00Z
CP-SEV-03432,Public footbridge steps broken in Chennai South,"Field inspection notice: Concrete steps on pedestrian footbridge cracked with exposed rusty iron rebar. (Ref Ward-109, Chennai South)",Public Infrastructure Damage,infrastructure,DEPT_WORKS,Chennai South,Ward-109,HIGH,10,9,94.77,2026-08-17T09:00:00Z
CP-SEV-00989,Brownish muddy water in residential supply line in Kanchipuram,"Municipal grievance reported: Tap water coming contaminated with mud and silt across entire street layout. (Ref Ward-115, Kanchipuram)",Water Supply Contamination / Burst,water,DEPT_WATER,Kanchipuram,Ward-115,HIGH,14,12,62.75,2026-08-07T08:00:00Z
CP-SEV-01367,Localized clogged street drain causing puddle in Chennai Central,"Field inspection notice: Street drain inlet blocked with debris causing minor water pooling after rain. (Ref Ward-135, Chennai Central)",Drainage & Sewage Overflow,drainage,DEPT_DRAINAGE,Chennai Central,Ward-135,MEDIUM,7,2,12.08,2026-08-13T18:00:00Z
CP-SEV-01739,Severe toxic sewage backup into ground floor homes in Tambaram,"Raw black sewage backing up into toilets and living rooms of 50 houses creating extreme cholera biohazard. (Ref Ward-159, Tambaram)",Drainage & Sewage Overflow,drainage,DEPT_DRAINAGE,Tambaram,Ward-159,CRITICAL,12,13,68.01,2026-08-03T12:00:00Z
CP-SEV-00567,Main bridge approach road cracked and collapsing in Chennai Central,"Urgent attention requested: Approach embankment of river bridge severely cracked and caving in during peak traffic. (Ref Ward-82, Chennai Central)",Road Damage & Potholes,roads,DEPT_ROADS,Chennai Central,Ward-82,CRITICAL,5,7,75.04,2026-08-18T13:00:00Z
CP-SEV-01547,Severe storm water logging blocking street access in Chennai Central,"Urgent attention requested: Rainwater logging knee-deep across entire street blocking vehicles and shop entrances. (Ref Ward-28, Chennai Central)",Drainage & Sewage Overflow,drainage,DEPT_DRAINAGE,Chennai Central,Ward-28,HIGH,22,15,82.51,2026-08-13T13:00:00Z
CP-SEV-00534,Main bridge approach road cracked and collapsing in Chennai North,"Citizen report from Approach embankment of river bridge severely cracked and caving in during peak traffic. (Ref Ward-15, Chennai North)",Road Damage & Potholes,roads,DEPT_ROADS,Chennai North,Ward-15,CRITICAL,38,4,50.9,2026-08-16T08:00:00Z
CP-SEV-03422,Public footbridge steps broken in Kanchipuram,"Citizen report from Concrete steps on pedestrian footbridge cracked with exposed rusty iron rebar. (Ref Ward-88, Kanchipuram)",Public Infrastructure Damage,infrastructure,DEPT_WORKS,Kanchipuram,Ward-88,HIGH,6,12,53.82,2026-08-20T14:00:00Z
CP-SEV-01365,Localized clogged street drain causing puddle in Tiruvallur,"Street drain inlet blocked with debris causing minor water pooling after rain. (Ref Ward-170, Tiruvallur)",Drainage & Sewage Overflow,drainage,DEPT_DRAINAGE,Tiruvallur,Ward-170,MEDIUM,1,1,22.89,2026-08-25T18:00:00Z
CP-SEV-00072,Minor cosmetic paint peeling on speed breaker in Tambaram,"Citizen report from Faded paint on speed bump near residential lane, requires routine repaint. (Ref Ward-114, Tambaram)",Road Damage & Potholes,roads,DEPT_ROADS,Tambaram,Ward-114,LOW,8,2,35.72,2026-08-26T19:00:00Z
CP-SEV-01408,Localized clogged street drain causing puddle in Chennai South,"Field inspection notice: Street drain inlet blocked with debris causing minor water pooling after rain. (Ref Ward-183, Chennai South)",Drainage & Sewage Overflow,drainage,DEPT_DRAINAGE,Chennai South,Ward-183,MEDIUM,2,2,36.92,2026-08-27T10:00:00Z
CP-SEV-03986,Stray dog pack menace creating panic near market in Kanchipuram,"Field inspection notice: Pack of aggressive stray dogs barking and chasing two-wheelers near market. (Ref Ward-161, Kanchipuram)",Other / General Municipal Operations,other,DEPT_GENERAL,Kanchipuram,Ward-161,HIGH,10,7,87.2,2026-08-07T16:00:00Z
CP-SEV-01501,Severe storm water logging blocking street access in Chennai South,"Field inspection notice: Rainwater logging knee-deep across entire street blocking vehicles and shop entrances. (Ref Ward-102, Chennai South)",Drainage & Sewage Overflow,drainage,DEPT_DRAINAGE,Chennai South,Ward-102,HIGH,19,12,76.83,2026-08-06T18:00:00Z
CP-SEV-01241,Dry leaves covering roadside drain grate in Chennai South,"Urgent attention requested: Accumulation of dry fallen leaves over storm drain inlet grate. (Ref Ward-183, Chennai South)",Drainage & Sewage Overflow,drainage,DEPT_DRAINAGE,Chennai South,Ward-183,LOW,8,1,18.99,2026-08-11T16:00:00Z
CP-SEV-02391,Electrical transformer explosion emitting fire and smoke in Avadi,"Urgent attention requested: Street transformer exploded emitting fire sparks and thick black smoke near crowded apartments. (Ref Ward-123, Avadi)",Streetlights & Electrical Hazards,streetlights,DEPT_LIGHTING,Avadi,Ward-123,CRITICAL,44,3,59.7,2026-08-13T18:00:00Z
CP-SEV-02133,Entire street dark due to multiple streetlight failure in Chennai Central,"Citizen report from All 15 streetlights out on main connecting road creating dark zone and safety hazard for commuters. (Ref Ward-107, Chennai Central)",Streetlights & Electrical Hazards,streetlights,DEPT_LIGHTING,Chennai Central,Ward-107,HIGH,13,2,85.99,2026-08-12T15:00:00Z
CP-SEV-01160,Complete water outage in hospital ward for 48 hours in Chennai South,"Field inspection notice: Zero water supply in municipal hospital premises for two days, threatening patient emergency operations. (Ref Ward-80, Chennai South)",Water Supply Contamination / Burst,water,DEPT_WATER,Chennai South,Ward-80,CRITICAL,31,9,94.61,2026-08-14T18:00:00Z
CP-SEV-02001,Single streetlight non-functional on residential lane in Tiruvallur,"Municipal grievance reported: Sodium streetlight bulb fused outside house no 42 on quiet residential road. (Ref Ward-199, Tiruvallur)",Streetlights & Electrical Hazards,streetlights,DEPT_LIGHTING,Tiruvallur,Ward-199,MEDIUM,0,2,7.17,2026-08-04T15:00:00Z
CP-SEV-03756,Stray cattle roaming on residential street in Chennai South,"Urgent attention requested: Stray cows sitting on residential lane causing minor vehicle slowness. (Ref Ward-126, Chennai South)",Other / General Municipal Operations,other,DEPT_GENERAL,Chennai South,Ward-126,MEDIUM,8,1,18.84,2026-08-11T20:00:00Z
CP-SEV-03444,Public footbridge steps broken in Avadi,"Concrete steps on pedestrian footbridge cracked with exposed rusty iron rebar. (Ref Ward-16, Avadi)",Public Infrastructure Damage,infrastructure,DEPT_WORKS,Avadi,Ward-16,HIGH,20,14,74.08,2026-08-04T16:00:00Z
CP-SEV-01024,Brownish muddy water in residential supply line in Tambaram,"Citizen report from Tap water coming contaminated with mud and silt across entire street layout. (Ref Ward-62, Tambaram)",Water Supply Contamination / Burst,water,DEPT_WATER,Tambaram,Ward-62,HIGH,39,12,51.69,2026-08-06T19:00:00Z
CP-SEV-00338,Deep pothole causing vehicle damage and traffic blockage in Tambaram,"Dangerous deep crater on main road damaging car tires and causing traffic congestion. (Ref Ward-110, Tambaram)",Road Damage & Potholes,roads,DEPT_ROADS,Tambaram,Ward-110,HIGH,20,2,68.04,2026-08-04T10:00:00Z
CP-SEV-03482,Imminent structural collapse of busy flyover bridge pillar in Kanchipuram,"Citizen report from Load-bearing concrete pillar of busy traffic flyover cracked with large concrete blocks falling onto road below. (Ref Ward-37, Kanchipuram)",Public Infrastructure Damage,infrastructure,DEPT_WORKS,Kanchipuram,Ward-37,CRITICAL,17,9,92.85,2026-08-01T17:00:00Z
CP-SEV-03950,Large fallen tree trunk blocking entire avenue in Tiruvallur,"Citizen report from Heavy gulmohar tree uprooted during storm completely blocking two-lane avenue. (Ref Ward-69, Tiruvallur)",Other / General Municipal Operations,other,DEPT_GENERAL,Tiruvallur,Ward-69,HIGH,13,9,78.93,2026-08-02T10:00:00Z
CP-SEV-03787,Stray cattle roaming on residential street in Chennai North,"Municipal grievance reported: Stray cows sitting on residential lane causing minor vehicle slowness. (Ref Ward-34, Chennai North)",Other / General Municipal Operations,other,DEPT_GENERAL,Chennai North,Ward-34,MEDIUM,3,2,14.32,2026-08-28T20:00:00Z
CP-SEV-01976,Single streetlight non-functional on residential lane in Kanchipuram,"Field inspection notice: Sodium streetlight bulb fused outside house no 42 on quiet residential road. (Ref Ward-130, Kanchipuram)",Streetlights & Electrical Hazards,streetlights,DEPT_LIGHTING,Kanchipuram,Ward-130,MEDIUM,2,3,33.61,2026-08-27T08:00:00Z
CP-SEV-01147,Complete water outage in hospital ward for 48 hours in Avadi,"Municipal grievance reported: Zero water supply in municipal hospital premises for two days, threatening patient emergency operations. (Ref Ward-196, Avadi)",Water Supply Contamination / Burst,water,DEPT_WATER,Avadi,Ward-196,CRITICAL,10,10,63.48,2026-08-14T11:00:00Z
CP-SEV-03528,Municipal hall roof slab collapse hazard in Chennai North,"Urgent attention requested: Heavy concrete ceiling slab sagging and crumbling over crowded public waiting hall. (Ref Ward-100, Chennai North)",Public Infrastructure Damage,infrastructure,DEPT_WORKS,Chennai North,Ward-100,CRITICAL,34,13,82.99,2026-08-10T16:00:00Z
CP-SEV-00885,Water supply timing delayed by 2 hours in Avadi,"Morning municipal water supply delayed by two hours without advance notice. (Ref Ward-153, Avadi)",Water Supply Contamination / Burst,water,DEPT_WATER,Avadi,Ward-153,MEDIUM,8,3,39.41,2026-08-26T08:00:00Z
CP-SEV-00001,Minor cosmetic paint peeling on speed breaker in Kanchipuram,"Urgent attention requested: Faded paint on speed bump near residential lane, requires routine repaint. (Ref Ward-29, Kanchipuram)",Road Damage & Potholes,roads,DEPT_ROADS,Kanchipuram,Ward-29,LOW,4,1,10.04,2026-08-24T09:00:00Z
CP-SEV-01708,Underground sewage main explosion flooding hospital basement in Tambaram,"Field inspection notice: Main sewage trunk line ruptured flooding hospital basement and ground floor with raw sewage. (Ref Ward-111, Tambaram)",Drainage & Sewage Overflow,drainage,DEPT_DRAINAGE,Tambaram,Ward-111,CRITICAL,27,10,83.62,2026-08-27T13:00:00Z
CP-SEV-03900,Overgrown grass near roadside footway in Tambaram,"Citizen report from Wild grass growing along sidewalk margin. (Ref Ward-158, Tambaram)",Other / General Municipal Operations,other,DEPT_GENERAL,Tambaram,Ward-158,MEDIUM,3,1,23.23,2026-08-10T10:00:00Z
CP-SEV-01808,Single decorative garden light dim in public park in Tiruvallur,"Citizen report from Pedestrian walkway lamp shade slightly dusty and dim in municipal park. (Ref Ward-188, Tiruvallur)",Streetlights & Electrical Hazards,streetlights,DEPT_LIGHTING,Tiruvallur,Ward-188,LOW,1,1,32.77,2026-08-13T20:00:00Z
CP-SEV-00852,Water supply timing delayed by 2 hours in Avadi,"Morning municipal water supply delayed by two hours without advance notice. (Ref Ward-51, Avadi)",Water Supply Contamination / Burst,water,DEPT_WATER,Avadi,Ward-51,MEDIUM,9,3,23.59,2026-08-08T09:00:00Z
CP-SEV-01579,Overflowing sewage drain on market street in Chennai North,"Sewage drain overflowing onto commercial market footpath creating foul health hazard. (Ref Ward-43, Chennai North)",Drainage & Sewage Overflow,drainage,DEPT_DRAINAGE,Chennai North,Ward-43,HIGH,17,12,93.54,2026-08-10T08:00:00Z
CP-SEV-02587,Uncleared garbage dump accumulating for 3 days in Chennai Central,"Citizen report from Municipal green bin overflowing with household waste uncleared for 72 hours. (Ref Ward-98, Chennai Central)",Garbage & Waste Disposal,garbage,DEPT_SANITATION,Chennai Central,Ward-98,MEDIUM,4,2,38.24,2026-08-03T16:00:00Z
CP-SEV-00445,Uncovered manhole trench on main avenue in Tambaram,"Field inspection notice: Road cut open for cable laying left open without barricades on major avenue. (Ref Ward-107, Tambaram)",Road Damage & Potholes,roads,DEPT_ROADS,Tambaram,Ward-107,HIGH,31,3,53.72,2026-08-01T20:00:00Z
CP-SEV-00167,Moderate pothole on residential lane in Chennai Central,"Urgent attention requested: Pothole approximately 1 foot wide causing discomfort for two-wheelers in neighborhood street. (Ref Ward-113, Chennai Central)",Road Damage & Potholes,roads,DEPT_ROADS,Chennai Central,Ward-113,MEDIUM,9,2,32.96,2026-08-03T12:00:00Z
CP-SEV-02708,Large uncollected garbage dump overflowing onto main road in Chennai South,"Field inspection notice: Massive multi-ton waste pile spilling onto main road lane causing traffic blockage and stench. (Ref Ward-93, Chennai South)",Garbage & Waste Disposal,garbage,DEPT_SANITATION,Chennai South,Ward-93,HIGH,25,15,77.33,2026-08-27T20:00:00Z
CP-SEV-02959,Massive garbage barrier blocking emergency hospital ambulance entrance in Tiruvallur,"Field inspection notice: Rotting garbage pile collapsed across hospital gate preventing emergency ambulance access. (Ref Ward-103, Tiruvallur)",Garbage & Waste Disposal,garbage,DEPT_SANITATION,Tiruvallur,Ward-103,CRITICAL,35,3,54.36,2026-08-03T15:00:00Z
CP-SEV-00405,Uncovered manhole trench on main avenue in Chennai Central,"Urgent attention requested: Road cut open for cable laying left open without barricades on major avenue. (Ref Ward-93, Chennai Central)",Road Damage & Potholes,roads,DEPT_ROADS,Chennai Central,Ward-93,HIGH,5,1,92.43,2026-08-15T13:00:00Z
CP-SEV-00379,Uncovered manhole trench on main avenue in Tambaram,"Citizen report from Road cut open for cable laying left open without barricades on major avenue. (Ref Ward-76, Tambaram)",Road Damage & Potholes,roads,DEPT_ROADS,Tambaram,Ward-76,HIGH,12,6,60.35,2026-08-19T11:00:00Z
CP-SEV-00951,Main municipal water supply pipeline burst in Chennai North,"Main feeder pipe burst flooding street and leaving 500 households without water for 24h. (Ref Ward-176, Chennai North)",Water Supply Contamination / Burst,water,DEPT_WATER,Chennai North,Ward-176,HIGH,24,6,72.24,2026-08-22T08:00:00Z
CP-SEV-01921,Streetlight pole sticker peeling off in Tiruvallur,"Municipal grievance reported: Identification sticker on light pole peeling off near corner. (Ref Ward-42, Tiruvallur)",Streetlights & Electrical Hazards,streetlights,DEPT_LIGHTING,Tiruvallur,Ward-42,LOW,5,2,9.7,2026-08-24T11:00:00Z
CP-SEV-01251,Dry leaves covering roadside drain grate in Chennai South,"Municipal grievance reported: Accumulation of dry fallen leaves over storm drain inlet grate. (Ref Ward-125, Chennai South)",Drainage & Sewage Overflow,drainage,DEPT_DRAINAGE,Chennai South,Ward-125,LOW,5,2,34.62,2026-08-25T16:00:00Z
CP-SEV-00876,Water supply timing delayed by 2 hours in Chennai North,"Municipal grievance reported: Morning municipal water supply delayed by two hours without advance notice. (Ref Ward-196, Chennai North)",Water Supply Contamination / Burst,water,DEPT_WATER,Chennai North,Ward-196,MEDIUM,6,2,13.65,2026-08-24T18:00:00Z
CP-SEV-01776,Severe toxic sewage backup into ground floor homes in Chennai Central,"Municipal grievance reported: Raw black sewage backing up into toilets and living rooms of 50 houses creating extreme cholera biohazard. (Ref Ward-153, Chennai Central)",Drainage & Sewage Overflow,drainage,DEPT_DRAINAGE,Chennai Central,Ward-153,CRITICAL,11,10,69.61,2026-08-11T20:00:00Z
CP-SEV-00639,Slight water pressure decrease in morning tap in Chennai North,"Field inspection notice: Municipal tap water pressure is slightly lower than usual during morning supply hours. (Ref Ward-193, Chennai North)",Water Supply Contamination / Burst,water,DEPT_WATER,Chennai North,Ward-193,LOW,5,1,14.89,2026-08-09T08:00:00Z
CP-SEV-00960,Main municipal water supply pipeline burst in Chennai South,"Citizen report from Main feeder pipe burst flooding street and leaving 500 households without water for 24h. (Ref Ward-122, Chennai South)",Water Supply Contamination / Burst,water,DEPT_WATER,Chennai South,Ward-122,HIGH,12,9,67.31,2026-08-12T14:00:00Z
CP-SEV-01891,Streetlight pole sticker peeling off in Tambaram,"Municipal grievance reported: Identification sticker on light pole peeling off near corner. (Ref Ward-133, Tambaram)",Streetlights & Electrical Hazards,streetlights,DEPT_LIGHTING,Tambaram,Ward-133,LOW,9,3,14.15,2026-08-12T12:00:00Z
CP-SEV-03788,Stray cattle roaming on residential street in Kanchipuram,"Urgent attention requested: Stray cows sitting on residential lane causing minor vehicle slowness. (Ref Ward-79, Kanchipuram)",Other / General Municipal Operations,other,DEPT_GENERAL,Kanchipuram,Ward-79,MEDIUM,5,2,10.0,2026-08-25T14:00:00Z
CP-SEV-02841,Animal carcasses dumped openly near residential layout in Kanchipuram,"Decomposed animal waste dumped near residential colony causing intense stench and flies. (Ref Ward-56, Kanchipuram)",Garbage & Waste Disposal,garbage,DEPT_SANITATION,Kanchipuram,Ward-56,HIGH,41,10,93.5,2026-08-27T08:00:00Z
CP-SEV-00638,Slight water pressure decrease in morning tap in Chennai North,"Citizen report from Municipal tap water pressure is slightly lower than usual during morning supply hours. (Ref Ward-165, Chennai North)",Water Supply Contamination / Burst,water,DEPT_WATER,Chennai North,Ward-165,LOW,8,2,38.33,2026-08-28T10:00:00Z
CP-SEV-00893,Water supply timing delayed by 2 hours in Kanchipuram,"Citizen report from Morning municipal water supply delayed by two hours without advance notice. (Ref Ward-183, Kanchipuram)",Water Supply Contamination / Burst,water,DEPT_WATER,Kanchipuram,Ward-183,MEDIUM,1,1,5.14,2026-08-15T18:00:00Z
CP-SEV-00634,Slight water pressure decrease in morning tap in Chennai North,"Municipal grievance reported: Municipal tap water pressure is slightly lower than usual during morning supply hours. (Ref Ward-17, Chennai North)",Water Supply Contamination / Burst,water,DEPT_WATER,Chennai North,Ward-17,LOW,10,2,0.56,2026-08-28T18:00:00Z
CP-SEV-01875,Single decorative garden light dim in public park in Chennai North,"Pedestrian walkway lamp shade slightly dusty and dim in municipal park. (Ref Ward-91, Chennai North)",Streetlights & Electrical Hazards,streetlights,DEPT_LIGHTING,Chennai North,Ward-91,LOW,8,1,41.16,2026-08-21T15:00:00Z
CP-SEV-01614,Overflowing sewage drain on market street in Tambaram,"Field inspection notice: Sewage drain overflowing onto commercial market footpath creating foul health hazard. (Ref Ward-109, Tambaram)",Drainage & Sewage Overflow,drainage,DEPT_DRAINAGE,Tambaram,Ward-109,HIGH,44,7,77.08,2026-08-21T13:00:00Z
CP-SEV-03339,Unstable overhead gantries signboard shaking in wind in Kanchipuram,"Municipal grievance reported: Large directional sign board hanging loose over main road threatening to fall on vehicles. (Ref Ward-12, Kanchipuram)",Public Infrastructure Damage,infrastructure,DEPT_WORKS,Kanchipuram,Ward-12,HIGH,11,5,60.99,2026-08-17T11:00:00Z
CP-SEV-02819,Animal carcasses dumped openly near residential layout in Tiruvallur,"Decomposed animal waste dumped near residential colony causing intense stench and flies. (Ref Ward-183, Tiruvallur)",Garbage & Waste Disposal,garbage,DEPT_SANITATION,Tiruvallur,Ward-183,HIGH,18,3,72.59,2026-08-10T17:00:00Z
CP-SEV-01826,Single decorative garden light dim in public park in Kanchipuram,"Urgent attention requested: Pedestrian walkway lamp shade slightly dusty and dim in municipal park. (Ref Ward-196, Kanchipuram)",Streetlights & Electrical Hazards,streetlights,DEPT_LIGHTING,Kanchipuram,Ward-196,LOW,5,1,42.75,2026-08-20T19:00:00Z
CP-SEV-02381,Electrical transformer explosion emitting fire and smoke in Avadi,"Municipal grievance reported: Street transformer exploded emitting fire sparks and thick black smoke near crowded apartments. (Ref Ward-7, Avadi)",Streetlights & Electrical Hazards,streetlights,DEPT_LIGHTING,Avadi,Ward-7,CRITICAL,0,4,87.33,2026-08-28T13:00:00Z
CP-SEV-02521,Public dustbin lid missing in Tiruvallur,"Municipal grievance reported: Plastic dustbin lid missing at street corner bin. (Ref Ward-10, Tiruvallur)",Garbage & Waste Disposal,garbage,DEPT_SANITATION,Tiruvallur,Ward-10,LOW,7,1,9.86,2026-08-06T18:00:00Z
CP-SEV-02011,Single streetlight non-functional on residential lane in Tambaram,"Municipal grievance reported: Sodium streetlight bulb fused outside house no 42 on quiet residential road. (Ref Ward-22, Tambaram)",Streetlights & Electrical Hazards,streetlights,DEPT_LIGHTING,Tambaram,Ward-22,MEDIUM,10,3,4.56,2026-08-28T14:00:00Z
CP-SEV-02244,Damaged electrical junction box door open in Chennai South,"Municipal grievance reported: Feeder pillar box door hanging open with exposed low-voltage terminals near footpath. (Ref Ward-23, Chennai South)",Streetlights & Electrical Hazards,streetlights,DEPT_LIGHTING,Chennai South,Ward-23,HIGH,37,12,90.51,2026-08-18T10:00:00Z
CP-SEV-04159,Chemical gas leak from abandoned industrial cylinder in Chennai Central,"Municipal grievance reported: Pungent chemical gas leaking from abandoned cylinder causing eye irritation and breathing panic in colony. (Ref Ward-63, Chennai Central)",Other / General Municipal Operations,other,DEPT_GENERAL,Chennai Central,Ward-63,CRITICAL,4,10,64.98,2026-08-25T10:00:00Z
CP-SEV-00123,Small stone gravel loose on roadside margin in Chennai South,"Citizen report from Loose gravel scattered near street corner after minor maintenance. (Ref Ward-62, Chennai South)",Road Damage & Potholes,roads,DEPT_ROADS,Chennai South,Ward-62,LOW,8,1,7.04,2026-08-14T15:00:00Z
CP-SEV-02617,Uncleared garbage dump accumulating for 3 days in Chennai South,"Citizen report from Municipal green bin overflowing with household waste uncleared for 72 hours. (Ref Ward-5, Chennai South)",Garbage & Waste Disposal,garbage,DEPT_SANITATION,Chennai South,Ward-5,MEDIUM,10,2,17.31,2026-08-18T16:00:00Z
CP-SEV-03533,Municipal hall roof slab collapse hazard in Chennai North,"Heavy concrete ceiling slab sagging and crumbling over crowded public waiting hall. (Ref Ward-170, Chennai North)",Public Infrastructure Damage,infrastructure,DEPT_WORKS,Chennai North,Ward-170,CRITICAL,35,11,66.62,2026-08-09T13:00:00Z
CP-SEV-01913,Streetlight pole sticker peeling off in Chennai Central,"Identification sticker on light pole peeling off near corner. (Ref Ward-69, Chennai Central)",Streetlights & Electrical Hazards,streetlights,DEPT_LIGHTING,Chennai Central,Ward-69,LOW,3,2,2.74,2026-08-25T13:00:00Z
CP-SEV-00136,Small stone gravel loose on roadside margin in Chennai North,"Field inspection notice: Loose gravel scattered near street corner after minor maintenance. (Ref Ward-198, Chennai North)",Road Damage & Potholes,roads,DEPT_ROADS,Chennai North,Ward-198,LOW,8,1,29.59,2026-08-18T15:00:00Z
CP-SEV-00525,Catastrophic road cave-in and asphalt collapse in Tiruvallur,"Citizen report from Massive crater opened up on main arterial road causing vehicle overturn and imminent life hazard. (Ref Ward-135, Tiruvallur)",Road Damage & Potholes,roads,DEPT_ROADS,Tiruvallur,Ward-135,CRITICAL,40,13,74.46,2026-08-01T14:00:00Z
CP-SEV-00774,Localized water supply line leakage in Chennai North,"Citizen report from Drinking water pipeline leaking small stream of clean water on roadside near residential building. (Ref Ward-177, Chennai North)",Water Supply Contamination / Burst,water,DEPT_WATER,Chennai North,Ward-177,MEDIUM,0,1,36.62,2026-08-16T18:00:00Z
CP-SEV-00725,Minor street tap valve dripping in Chennai South,"Public street tap dripping slowly near community park. (Ref Ward-160, Chennai South)",Water Supply Contamination / Burst,water,DEPT_WATER,Chennai South,Ward-160,LOW,4,1,32.59,2026-08-11T15:00:00Z
CP-SEV-04162,Chemical gas leak from abandoned industrial cylinder in Chennai North,"Urgent attention requested: Pungent chemical gas leaking from abandoned cylinder causing eye irritation and breathing panic in colony. (Ref Ward-45, Chennai North)",Other / General Municipal Operations,other,DEPT_GENERAL,Chennai North,Ward-45,CRITICAL,41,9,80.34,2026-08-20T11:00:00Z
CP-SEV-03944,Large fallen tree trunk blocking entire avenue in Kanchipuram,"Municipal grievance reported: Heavy gulmohar tree uprooted during storm completely blocking two-lane avenue. (Ref Ward-15, Kanchipuram)",Other / General Municipal Operations,other,DEPT_GENERAL,Kanchipuram,Ward-15,HIGH,4,7,67.22,2026-08-09T13:00:00Z
CP-SEV-02284,High-voltage 11kV live wire snapped hanging across school gate in Tiruvallur,"Field inspection notice: Sparking live electrical cable hanging at chest height right outside primary school entrance. (Ref Ward-160, Tiruvallur)",Streetlights & Electrical Hazards,streetlights,DEPT_LIGHTING,Tiruvallur,Ward-160,CRITICAL,3,4,59.77,2026-08-18T10:00:00Z
CP-SEV-04045,Stray dog pack menace creating panic near market in Chennai North,"Citizen report from Pack of aggressive stray dogs barking and chasing two-wheelers near market. (Ref Ward-187, Chennai North)",Other / General Municipal Operations,other,DEPT_GENERAL,Chennai North,Ward-187,HIGH,17,13,62.98,2026-08-22T12:00:00Z
CP-SEV-03190,Damaged metal traffic guard rail in Tambaram,"Urgent attention requested: Galvanized iron traffic barrier bent after minor vehicle impact near bus stand. (Ref Ward-43, Tambaram)",Public Infrastructure Damage,infrastructure,DEPT_WORKS,Tambaram,Ward-43,MEDIUM,3,1,8.92,2026-08-20T13:00:00Z
CP-SEV-03141,Minor scratch on public park bench in Avadi,"Wooden bench slat scratched in public garden. (Ref Ward-25, Avadi)",Public Infrastructure Damage,infrastructure,DEPT_WORKS,Avadi,Ward-25,LOW,8,1,5.94,2026-08-03T18:00:00Z
CP-SEV-00415,Uncovered manhole trench on main avenue in Kanchipuram,"Field inspection notice: Road cut open for cable laying left open without barricades on major avenue. (Ref Ward-52, Kanchipuram)",Road Damage & Potholes,roads,DEPT_ROADS,Kanchipuram,Ward-52,HIGH,20,3,93.41,2026-08-11T12:00:00Z
CP-SEV-04053,Rabid stray dog pack actively biting children outside school gate in Chennai South,"Multiple children bitten and injured by aggressive rabid dog pack near school entrance. (Ref Ward-14, Chennai South)",Other / General Municipal Operations,other,DEPT_GENERAL,Chennai South,Ward-14,CRITICAL,23,9,52.32,2026-08-04T19:00:00Z
CP-SEV-00969,Main municipal water supply pipeline burst in Chennai South,"Urgent attention requested: Main feeder pipe burst flooding street and leaving 500 households without water for 24h. (Ref Ward-121, Chennai South)",Water Supply Contamination / Burst,water,DEPT_WATER,Chennai South,Ward-121,HIGH,43,11,74.26,2026-08-19T12:00:00Z
CP-SEV-01661,Underground sewage main explosion flooding hospital basement in Tiruvallur,"Field inspection notice: Main sewage trunk line ruptured flooding hospital basement and ground floor with raw sewage. (Ref Ward-176, Tiruvallur)",Drainage & Sewage Overflow,drainage,DEPT_DRAINAGE,Tiruvallur,Ward-176,CRITICAL,17,5,78.61,2026-08-03T10:00:00Z
CP-SEV-00159,Moderate pothole on residential lane in Kanchipuram,"Field inspection notice: Pothole approximately 1 foot wide causing discomfort for two-wheelers in neighborhood street. (Ref Ward-62, Kanchipuram)",Road Damage & Potholes,roads,DEPT_ROADS,Kanchipuram,Ward-62,MEDIUM,9,1,10.45,2026-08-21T12:00:00Z
CP-SEV-02300,High-voltage 11kV live wire snapped hanging across school gate in Avadi,"Field inspection notice: Sparking live electrical cable hanging at chest height right outside primary school entrance. (Ref Ward-77, Avadi)",Streetlights & Electrical Hazards,streetlights,DEPT_LIGHTING,Avadi,Ward-77,CRITICAL,9,2,94.68,2026-08-26T18:00:00Z
CP-SEV-00706,Minor street tap valve dripping in Tambaram,"Citizen report from Public street tap dripping slowly near community park. (Ref Ward-168, Tambaram)",Water Supply Contamination / Burst,water,DEPT_WATER,Tambaram,Ward-168,LOW,5,2,10.05,2026-08-25T17:00:00Z
CP-SEV-00144,Small stone gravel loose on roadside margin in Chennai Central,"Municipal grievance reported: Loose gravel scattered near street corner after minor maintenance. (Ref Ward-130, Chennai Central)",Road Damage & Potholes,roads,DEPT_ROADS,Chennai Central,Ward-130,LOW,0,2,32.67,2026-08-27T17:00:00Z
CP-SEV-03858,Overgrown grass near roadside footway in Chennai Central,"Wild grass growing along sidewalk margin. (Ref Ward-180, Chennai Central)",Other / General Municipal Operations,other,DEPT_GENERAL,Chennai Central,Ward-180,MEDIUM,6,1,16.35,2026-08-01T10:00:00Z
CP-SEV-01356,Localized clogged street drain causing puddle in Chennai Central,"Citizen report from Street drain inlet blocked with debris causing minor water pooling after rain. (Ref Ward-45, Chennai Central)",Drainage & Sewage Overflow,drainage,DEPT_DRAINAGE,Chennai Central,Ward-45,MEDIUM,4,3,7.84,2026-08-28T16:00:00Z
CP-SEV-00410,Uncovered manhole trench on main avenue in Chennai South,"Municipal grievance reported: Road cut open for cable laying left open without barricades on major avenue. (Ref Ward-36, Chennai South)",Road Damage & Potholes,roads,DEPT_ROADS,Chennai South,Ward-36,HIGH,19,5,72.19,2026-08-03T10:00:00Z
CP-SEV-01846,Single decorative garden light dim in public park in Avadi,"Municipal grievance reported: Pedestrian walkway lamp shade slightly dusty and dim in municipal park. (Ref Ward-14, Avadi)",Streetlights & Electrical Hazards,streetlights,DEPT_LIGHTING,Avadi,Ward-14,LOW,0,3,34.33,2026-08-01T17:00:00Z
CP-SEV-03289,Cracked plaster on municipal wall in Avadi,"Citizen report from Boundary wall plaster cracking near municipal office enclosure. (Ref Ward-17, Avadi)",Public Infrastructure Damage,infrastructure,DEPT_WORKS,Avadi,Ward-17,MEDIUM,2,2,26.95,2026-08-26T17:00:00Z
CP-SEV-02326,Electrical transformer explosion emitting fire and smoke in Chennai North,"Field inspection notice: Street transformer exploded emitting fire sparks and thick black smoke near crowded apartments. (Ref Ward-159, Chennai North)",Streetlights & Electrical Hazards,streetlights,DEPT_LIGHTING,Chennai North,Ward-159,CRITICAL,5,11,84.4,2026-08-23T15:00:00Z
CP-SEV-00646,Slight water pressure decrease in morning tap in Chennai Central,"Field inspection notice: Municipal tap water pressure is slightly lower than usual during morning supply hours. (Ref Ward-184, Chennai Central)",Water Supply Contamination / Burst,water,DEPT_WATER,Chennai Central,Ward-184,LOW,1,1,34.17,2026-08-08T08:00:00Z
CP-SEV-00586,Main bridge approach road cracked and collapsing in Tambaram,"Urgent attention requested: Approach embankment of river bridge severely cracked and caving in during peak traffic. (Ref Ward-132, Tambaram)",Road Damage & Potholes,roads,DEPT_ROADS,Tambaram,Ward-132,CRITICAL,43,1,71.33,2026-08-05T18:00:00Z
CP-SEV-01228,Dry leaves covering roadside drain grate in Tambaram,"Municipal grievance reported: Accumulation of dry fallen leaves over storm drain inlet grate. (Ref Ward-181, Tambaram)",Drainage & Sewage Overflow,drainage,DEPT_DRAINAGE,Tambaram,Ward-181,LOW,5,3,32.58,2026-08-25T18:00:00Z
CP-SEV-02833,Animal carcasses dumped openly near residential layout in Chennai South,"Decomposed animal waste dumped near residential colony causing intense stench and flies. (Ref Ward-184, Chennai South)",Garbage & Waste Disposal,garbage,DEPT_SANITATION,Chennai South,Ward-184,HIGH,29,6,51.09,2026-08-06T20:00:00Z
CP-SEV-04005,Stray dog pack menace creating panic near market in Chennai North,"Field inspection notice: Pack of aggressive stray dogs barking and chasing two-wheelers near market. (Ref Ward-79, Chennai North)",Other / General Municipal Operations,other,DEPT_GENERAL,Chennai North,Ward-79,HIGH,3,11,91.39,2026-08-04T20:00:00Z
CP-SEV-04151,Chemical gas leak from abandoned industrial cylinder in Avadi,"Municipal grievance reported: Pungent chemical gas leaking from abandoned cylinder causing eye irritation and breathing panic in colony. (Ref Ward-50, Avadi)",Other / General Municipal Operations,other,DEPT_GENERAL,Avadi,Ward-50,CRITICAL,38,10,76.8,2026-08-02T08:00:00Z
CP-SEV-02479,Public dustbin lid missing in Tambaram,"Municipal grievance reported: Plastic dustbin lid missing at street corner bin. (Ref Ward-135, Tambaram)",Garbage & Waste Disposal,garbage,DEPT_SANITATION,Tambaram,Ward-135,LOW,5,1,22.46,2026-08-20T14:00:00Z
CP-SEV-01880,Streetlight pole sticker peeling off in Chennai South,"Field inspection notice: Identification sticker on light pole peeling off near corner. (Ref Ward-31, Chennai South)",Streetlights & Electrical Hazards,streetlights,DEPT_LIGHTING,Chennai South,Ward-31,LOW,4,3,32.01,2026-08-16T19:00:00Z
CP-SEV-02628,Commercial shop waste dumped on sidewalk in Chennai South,"Field inspection notice: Retail shop cardboard boxes and plastic packaging dumped along footpath. (Ref Ward-60, Chennai South)",Garbage & Waste Disposal,garbage,DEPT_SANITATION,Chennai South,Ward-60,MEDIUM,0,1,21.02,2026-08-18T19:00:00Z
CP-SEV-00329,Deep pothole causing vehicle damage and traffic blockage in Chennai Central,"Field inspection notice: Dangerous deep crater on main road damaging car tires and causing traffic congestion. (Ref Ward-184, Chennai Central)",Road Damage & Potholes,roads,DEPT_ROADS,Chennai Central,Ward-184,HIGH,6,11,84.68,2026-08-01T16:00:00Z
CP-SEV-00927,Main municipal water supply pipeline burst in Chennai South,"Field inspection notice: Main feeder pipe burst flooding street and leaving 500 households without water for 24h. (Ref Ward-88, Chennai South)",Water Supply Contamination / Burst,water,DEPT_WATER,Chennai South,Ward-88,HIGH,33,5,84.9,2026-08-05T20:00:00Z
CP-SEV-00888,Water supply timing delayed by 2 hours in Chennai South,"Field inspection notice: Morning municipal water supply delayed by two hours without advance notice. (Ref Ward-75, Chennai South)",Water Supply Contamination / Burst,water,DEPT_WATER,Chennai South,Ward-75,MEDIUM,6,2,34.82,2026-08-10T15:00:00Z
CP-SEV-02356,Electrical transformer explosion emitting fire and smoke in Kanchipuram,"Street transformer exploded emitting fire sparks and thick black smoke near crowded apartments. (Ref Ward-98, Kanchipuram)",Streetlights & Electrical Hazards,streetlights,DEPT_LIGHTING,Kanchipuram,Ward-98,CRITICAL,10,10,69.99,2026-08-11T09:00:00Z
CP-SEV-04145,Chemical gas leak from abandoned industrial cylinder in Chennai Central,"Pungent chemical gas leaking from abandoned cylinder causing eye irritation and breathing panic in colony. (Ref Ward-11, Chennai Central)",Other / General Municipal Operations,other,DEPT_GENERAL,Chennai Central,Ward-11,CRITICAL,28,13,86.36,2026-08-01T08:00:00Z
CP-SEV-03228,Cracked plaster on municipal wall in Kanchipuram,"Boundary wall plaster cracking near municipal office enclosure. (Ref Ward-176, Kanchipuram)",Public Infrastructure Damage,infrastructure,DEPT_WORKS,Kanchipuram,Ward-176,MEDIUM,4,1,5.19,2026-08-03T18:00:00Z
CP-SEV-02345,Electrical transformer explosion emitting fire and smoke in Chennai Central,"Street transformer exploded emitting fire sparks and thick black smoke near crowded apartments. (Ref Ward-162, Chennai Central)",Streetlights & Electrical Hazards,streetlights,DEPT_LIGHTING,Chennai Central,Ward-162,CRITICAL,14,12,76.68,2026-08-08T11:00:00Z
CP-SEV-03115,Minor scratch on public park bench in Tiruvallur,"Wooden bench slat scratched in public garden. (Ref Ward-145, Tiruvallur)",Public Infrastructure Damage,infrastructure,DEPT_WORKS,Tiruvallur,Ward-145,LOW,8,2,14.55,2026-08-19T10:00:00Z
CP-SEV-01083,Toxic chemical effluent mixing into drinking water supply in Tiruvallur,"Urgent attention requested: Industrial chemical sewage leaking directly into municipal drinking pipeline, causing severe illness. (Ref Ward-144, Tiruvallur)",Water Supply Contamination / Burst,water,DEPT_WATER,Tiruvallur,Ward-144,CRITICAL,13,12,89.95,2026-08-24T14:00:00Z
CP-SEV-02466,Small litter paper cups near park bench in Tambaram,"Urgent attention requested: Few discarded tea cups scattered around park bench area. (Ref Ward-81, Tambaram)",Garbage & Waste Disposal,garbage,DEPT_SANITATION,Tambaram,Ward-81,LOW,2,1,5.53,2026-08-25T20:00:00Z
CP-SEV-02202,Damaged electrical junction box door open in Tambaram,"Citizen report from Feeder pillar box door hanging open with exposed low-voltage terminals near footpath. (Ref Ward-68, Tambaram)",Streetlights & Electrical Hazards,streetlights,DEPT_LIGHTING,Tambaram,Ward-68,HIGH,45,6,73.98,2026-08-13T10:00:00Z
CP-SEV-00897,Water supply timing delayed by 2 hours in Tambaram,"Municipal grievance reported: Morning municipal water supply delayed by two hours without advance notice. (Ref Ward-79, Tambaram)",Water Supply Contamination / Burst,water,DEPT_WATER,Tambaram,Ward-79,MEDIUM,7,2,28.19,2026-08-04T10:00:00Z
CP-SEV-02633,Commercial shop waste dumped on sidewalk in Chennai North,"Municipal grievance reported: Retail shop cardboard boxes and plastic packaging dumped along footpath. (Ref Ward-122, Chennai North)",Garbage & Waste Disposal,garbage,DEPT_SANITATION,Chennai North,Ward-122,MEDIUM,8,1,29.58,2026-08-23T19:00:00Z
CP-SEV-00699,Minor street tap valve dripping in Kanchipuram,"Citizen report from Public street tap dripping slowly near community park. (Ref Ward-150, Kanchipuram)",Water Supply Contamination / Burst,water,DEPT_WATER,Kanchipuram,Ward-150,LOW,9,3,16.4,2026-08-11T14:00:00Z
CP-SEV-00078,Small stone gravel loose on roadside margin in Avadi,"Urgent attention requested: Loose gravel scattered near street corner after minor maintenance. (Ref Ward-119, Avadi)",Road Damage & Potholes,roads,DEPT_ROADS,Avadi,Ward-119,LOW,8,1,41.29,2026-08-04T15:00:00Z
CP-SEV-04107,Rabid stray dog pack actively biting children outside school gate in Chennai South,"Urgent attention requested: Multiple children bitten and injured by aggressive rabid dog pack near school entrance. (Ref Ward-154, Chennai South)",Other / General Municipal Operations,other,DEPT_GENERAL,Chennai South,Ward-154,CRITICAL,2,2,93.02,2026-08-04T10:00:00Z
CP-SEV-03465,Imminent structural collapse of busy flyover bridge pillar in Chennai Central,"Load-bearing concrete pillar of busy traffic flyover cracked with large concrete blocks falling onto road below. (Ref Ward-178, Chennai Central)",Public Infrastructure Damage,infrastructure,DEPT_WORKS,Chennai Central,Ward-178,CRITICAL,40,12,91.39,2026-08-19T10:00:00Z
CP-SEV-03404,Public footbridge steps broken in Kanchipuram,"Municipal grievance reported: Concrete steps on pedestrian footbridge cracked with exposed rusty iron rebar. (Ref Ward-55, Kanchipuram)",Public Infrastructure Damage,infrastructure,DEPT_WORKS,Kanchipuram,Ward-55,HIGH,9,5,69.73,2026-08-17T19:00:00Z
CP-SEV-02773,Large uncollected garbage dump overflowing onto main road in Chennai South,"Field inspection notice: Massive multi-ton waste pile spilling onto main road lane causing traffic blockage and stench. (Ref Ward-23, Chennai South)",Garbage & Waste Disposal,garbage,DEPT_SANITATION,Chennai South,Ward-23,HIGH,43,14,79.68,2026-08-01T20:00:00Z
CP-SEV-02305,High-voltage 11kV live wire snapped hanging across school gate in Tambaram,"Urgent attention requested: Sparking live electrical cable hanging at chest height right outside primary school entrance. (Ref Ward-87, Tambaram)",Streetlights & Electrical Hazards,streetlights,DEPT_LIGHTING,Tambaram,Ward-87,CRITICAL,17,12,94.78,2026-08-22T15:00:00Z
CP-SEV-01682,Underground sewage main explosion flooding hospital basement in Kanchipuram,"Field inspection notice: Main sewage trunk line ruptured flooding hospital basement and ground floor with raw sewage. (Ref Ward-190, Kanchipuram)",Drainage & Sewage Overflow,drainage,DEPT_DRAINAGE,Kanchipuram,Ward-190,CRITICAL,0,6,85.2,2026-08-17T12:00:00Z
CP-SEV-00457,Catastrophic road cave-in and asphalt collapse in Tiruvallur,"Field inspection notice: Massive crater opened up on main arterial road causing vehicle overturn and imminent life hazard. (Ref Ward-174, Tiruvallur)",Road Damage & Potholes,roads,DEPT_ROADS,Tiruvallur,Ward-174,CRITICAL,31,3,75.98,2026-08-09T18:00:00Z
CP-SEV-01409,Localized clogged street drain causing puddle in Chennai South,"Street drain inlet blocked with debris causing minor water pooling after rain. (Ref Ward-5, Chennai South)",Drainage & Sewage Overflow,drainage,DEPT_DRAINAGE,Chennai South,Ward-5,MEDIUM,1,1,13.24,2026-08-18T19:00:00Z
CP-SEV-00125,Small stone gravel loose on roadside margin in Kanchipuram,"Urgent attention requested: Loose gravel scattered near street corner after minor maintenance. (Ref Ward-117, Kanchipuram)",Road Damage & Potholes,roads,DEPT_ROADS,Kanchipuram,Ward-117,LOW,10,1,41.58,2026-08-26T20:00:00Z
CP-SEV-00947,Main municipal water supply pipeline burst in Chennai South,"Field inspection notice: Main feeder pipe burst flooding street and leaving 500 households without water for 24h. (Ref Ward-124, Chennai South)",Water Supply Contamination / Burst,water,DEPT_WATER,Chennai South,Ward-124,HIGH,4,6,59.37,2026-08-23T17:00:00Z
CP-SEV-02438,Small litter paper cups near park bench in Chennai North,"Citizen report from Few discarded tea cups scattered around park bench area. (Ref Ward-60, Chennai North)",Garbage & Waste Disposal,garbage,DEPT_SANITATION,Chennai North,Ward-60,LOW,2,2,5.99,2026-08-23T14:00:00Z
CP-SEV-04007,Stray dog pack menace creating panic near market in Chennai Central,"Field inspection notice: Pack of aggressive stray dogs barking and chasing two-wheelers near market. (Ref Ward-161, Chennai Central)",Other / General Municipal Operations,other,DEPT_GENERAL,Chennai Central,Ward-161,HIGH,34,10,53.36,2026-08-02T17:00:00Z
CP-SEV-03983,Stray dog pack menace creating panic near market in Tiruvallur,"Pack of aggressive stray dogs barking and chasing two-wheelers near market. (Ref Ward-140, Tiruvallur)",Other / General Municipal Operations,other,DEPT_GENERAL,Tiruvallur,Ward-140,HIGH,39,11,51.79,2026-08-15T19:00:00Z
CP-SEV-00683,Minor street tap valve dripping in Tiruvallur,"Urgent attention requested: Public street tap dripping slowly near community park. (Ref Ward-112, Tiruvallur)",Water Supply Contamination / Burst,water,DEPT_WATER,Tiruvallur,Ward-112,LOW,10,1,1.07,2026-08-23T13:00:00Z
CP-SEV-03313,Unstable overhead gantries signboard shaking in wind in Chennai South,"Citizen report from Large directional sign board hanging loose over main road threatening to fall on vehicles. (Ref Ward-11, Chennai South)",Public Infrastructure Damage,infrastructure,DEPT_WORKS,Chennai South,Ward-11,HIGH,37,6,64.21,2026-08-22T19:00:00Z
CP-SEV-00497,Catastrophic road cave-in and asphalt collapse in Avadi,"Field inspection notice: Massive crater opened up on main arterial road causing vehicle overturn and imminent life hazard. (Ref Ward-183, Avadi)",Road Damage & Potholes,roads,DEPT_ROADS,Avadi,Ward-183,CRITICAL,14,6,61.17,2026-08-24T13:00:00Z
CP-SEV-02430,Small litter paper cups near park bench in Avadi,"Citizen report from Few discarded tea cups scattered around park bench area. (Ref Ward-127, Avadi)",Garbage & Waste Disposal,garbage,DEPT_SANITATION,Avadi,Ward-127,LOW,7,3,42.66,2026-08-04T09:00:00Z
CP-SEV-02688,Commercial shop waste dumped on sidewalk in Tiruvallur,"Citizen report from Retail shop cardboard boxes and plastic packaging dumped along footpath. (Ref Ward-91, Tiruvallur)",Garbage & Waste Disposal,garbage,DEPT_SANITATION,Tiruvallur,Ward-91,MEDIUM,8,2,26.42,2026-08-23T09:00:00Z
CP-SEV-03036,Faded street name sign board in Chennai North,"Municipal street sign board paint faded near junction. (Ref Ward-134, Chennai North)",Public Infrastructure Damage,infrastructure,DEPT_WORKS,Chennai North,Ward-134,LOW,0,2,34.79,2026-08-25T11:00:00Z
CP-SEV-00495,Catastrophic road cave-in and asphalt collapse in Kanchipuram,"Citizen report from Massive crater opened up on main arterial road causing vehicle overturn and imminent life hazard. (Ref Ward-30, Kanchipuram)",Road Damage & Potholes,roads,DEPT_ROADS,Kanchipuram,Ward-30,CRITICAL,32,1,51.98,2026-08-28T08:00:00Z
CP-SEV-01449,Small open drainage chamber cover displaced in Kanchipuram,"Municipal grievance reported: Concrete cover slab of small side drain displaced by 2 inches. (Ref Ward-38, Kanchipuram)",Drainage & Sewage Overflow,drainage,DEPT_DRAINAGE,Kanchipuram,Ward-38,MEDIUM,3,3,26.03,2026-08-22T10:00:00Z
CP-SEV-03619,Tree branch overhanging private wall in Tiruvallur,"Field inspection notice: Small tree branch extending over compound wall without immediate blockage. (Ref Ward-129, Tiruvallur)",Other / General Municipal Operations,other,DEPT_GENERAL,Tiruvallur,Ward-129,LOW,1,2,17.29,2026-08-09T20:00:00Z
CP-SEV-03236,Cracked plaster on municipal wall in Tiruvallur,"Field inspection notice: Boundary wall plaster cracking near municipal office enclosure. (Ref Ward-52, Tiruvallur)",Public Infrastructure Damage,infrastructure,DEPT_WORKS,Tiruvallur,Ward-52,MEDIUM,5,2,31.08,2026-08-02T12:00:00Z
CP-SEV-03890,Overgrown grass near roadside footway in Tambaram,"Citizen report from Wild grass growing along sidewalk margin. (Ref Ward-13, Tambaram)",Other / General Municipal Operations,other,DEPT_GENERAL,Tambaram,Ward-13,MEDIUM,3,3,31.23,2026-08-28T15:00:00Z
CP-SEV-01113,Toxic chemical effluent mixing into drinking water supply in Chennai Central,"Citizen report from Industrial chemical sewage leaking directly into municipal drinking pipeline, causing severe illness. (Ref Ward-91, Chennai Central)",Water Supply Contamination / Burst,water,DEPT_WATER,Chennai Central,Ward-91,CRITICAL,32,13,82.78,2026-08-08T16:00:00Z
CP-SEV-02200,Damaged electrical junction box door open in Chennai Central,"Feeder pillar box door hanging open with exposed low-voltage terminals near footpath. (Ref Ward-130, Chennai Central)",Streetlights & Electrical Hazards,streetlights,DEPT_LIGHTING,Chennai Central,Ward-130,HIGH,18,13,75.2,2026-08-06T14:00:00Z
CP-SEV-03851,Overgrown grass near roadside footway in Kanchipuram,"Urgent attention requested: Wild grass growing along sidewalk margin. (Ref Ward-31, Kanchipuram)",Other / General Municipal Operations,other,DEPT_GENERAL,Kanchipuram,Ward-31,MEDIUM,9,3,18.15,2026-08-10T15:00:00Z
CP-SEV-00459,Catastrophic road cave-in and asphalt collapse in Tambaram,"Municipal grievance reported: Massive crater opened up on main arterial road causing vehicle overturn and imminent life hazard. (Ref Ward-132, Tambaram)",Road Damage & Potholes,roads,DEPT_ROADS,Tambaram,Ward-132,CRITICAL,44,15,89.48,2026-08-15T15:00:00Z
CP-SEV-02725,Large uncollected garbage dump overflowing onto main road in Avadi,"Citizen report from Massive multi-ton waste pile spilling onto main road lane causing traffic blockage and stench. (Ref Ward-50, Avadi)",Garbage & Waste Disposal,garbage,DEPT_SANITATION,Avadi,Ward-50,HIGH,12,2,58.32,2026-08-25T20:00:00Z
CP-SEV-01672,Underground sewage main explosion flooding hospital basement in Chennai South,"Main sewage trunk line ruptured flooding hospital basement and ground floor with raw sewage. (Ref Ward-174, Chennai South)",Drainage & Sewage Overflow,drainage,DEPT_DRAINAGE,Chennai South,Ward-174,CRITICAL,0,6,86.62,2026-08-01T12:00:00Z
CP-SEV-01491,Small open drainage chamber cover displaced in Tiruvallur,"Urgent attention requested: Concrete cover slab of small side drain displaced by 2 inches. (Ref Ward-58, Tiruvallur)",Drainage & Sewage Overflow,drainage,DEPT_DRAINAGE,Tiruvallur,Ward-58,MEDIUM,2,2,32.73,2026-08-10T18:00:00Z
CP-SEV-01062,Toxic chemical effluent mixing into drinking water supply in Tiruvallur,"Industrial chemical sewage leaking directly into municipal drinking pipeline, causing severe illness. (Ref Ward-53, Tiruvallur)",Water Supply Contamination / Burst,water,DEPT_WATER,Tiruvallur,Ward-53,CRITICAL,40,1,63.19,2026-08-22T16:00:00Z
CP-SEV-02595,Uncleared garbage dump accumulating for 3 days in Kanchipuram,"Citizen report from Municipal green bin overflowing with household waste uncleared for 72 hours. (Ref Ward-14, Kanchipuram)",Garbage & Waste Disposal,garbage,DEPT_SANITATION,Kanchipuram,Ward-14,MEDIUM,1,1,42.7,2026-08-19T08:00:00Z
CP-SEV-02196,Damaged electrical junction box door open in Chennai Central,"Feeder pillar box door hanging open with exposed low-voltage terminals near footpath. (Ref Ward-158, Chennai Central)",Streetlights & Electrical Hazards,streetlights,DEPT_LIGHTING,Chennai Central,Ward-158,HIGH,14,6,87.29,2026-08-04T19:00:00Z
CP-SEV-00129,Small stone gravel loose on roadside margin in Tambaram,"Loose gravel scattered near street corner after minor maintenance. (Ref Ward-70, Tambaram)",Road Damage & Potholes,roads,DEPT_ROADS,Tambaram,Ward-70,LOW,8,2,19.7,2026-08-20T08:00:00Z
CP-SEV-01990,Single streetlight non-functional on residential lane in Avadi,"Sodium streetlight bulb fused outside house no 42 on quiet residential road. (Ref Ward-97, Avadi)",Streetlights & Electrical Hazards,streetlights,DEPT_LIGHTING,Avadi,Ward-97,MEDIUM,0,2,31.56,2026-08-21T13:00:00Z
CP-SEV-00548,Main bridge approach road cracked and collapsing in Tambaram,"Field inspection notice: Approach embankment of river bridge severely cracked and caving in during peak traffic. (Ref Ward-26, Tambaram)",Road Damage & Potholes,roads,DEPT_ROADS,Tambaram,Ward-26,CRITICAL,36,11,84.12,2026-08-08T10:00:00Z
CP-SEV-04090,Rabid stray dog pack actively biting children outside school gate in Tambaram,"Municipal grievance reported: Multiple children bitten and injured by aggressive rabid dog pack near school entrance. (Ref Ward-141, Tambaram)",Other / General Municipal Operations,other,DEPT_GENERAL,Tambaram,Ward-141,CRITICAL,32,12,69.31,2026-08-22T17:00:00Z
CP-SEV-03777,Stray cattle roaming on residential street in Chennai North,"Stray cows sitting on residential lane causing minor vehicle slowness. (Ref Ward-109, Chennai North)",Other / General Municipal Operations,other,DEPT_GENERAL,Chennai North,Ward-109,MEDIUM,10,1,32.37,2026-08-13T09:00:00Z
CP-SEV-03015,Faded street name sign board in Avadi,"Citizen report from Municipal street sign board paint faded near junction. (Ref Ward-180, Avadi)",Public Infrastructure Damage,infrastructure,DEPT_WORKS,Avadi,Ward-180,LOW,7,1,12.34,2026-08-15T18:00:00Z
CP-SEV-03613,Tree branch overhanging private wall in Chennai South,"Urgent attention requested: Small tree branch extending over compound wall without immediate blockage. (Ref Ward-140, Chennai South)",Other / General Municipal Operations,other,DEPT_GENERAL,Chennai South,Ward-140,LOW,7,2,14.83,2026-08-04T10:00:00Z
CP-SEV-00099,Small stone gravel loose on roadside margin in Chennai South,"Municipal grievance reported: Loose gravel scattered near street corner after minor maintenance. (Ref Ward-27, Chennai South)",Road Damage & Potholes,roads,DEPT_ROADS,Chennai South,Ward-27,LOW,10,3,36.25,2026-08-26T17:00:00Z
CP-SEV-00833,Water supply timing delayed by 2 hours in Chennai South,"Field inspection notice: Morning municipal water supply delayed by two hours without advance notice. (Ref Ward-141, Chennai South)",Water Supply Contamination / Burst,water,DEPT_WATER,Chennai South,Ward-141,MEDIUM,8,2,29.59,2026-08-18T17:00:00Z
CP-SEV-03424,Public footbridge steps broken in Kanchipuram,"Concrete steps on pedestrian footbridge cracked with exposed rusty iron rebar. (Ref Ward-132, Kanchipuram)",Public Infrastructure Damage,infrastructure,DEPT_WORKS,Kanchipuram,Ward-132,HIGH,19,10,83.8,2026-08-27T18:00:00Z
CP-SEV-01044,Brownish muddy water in residential supply line in Avadi,"Field inspection notice: Tap water coming contaminated with mud and silt across entire street layout. (Ref Ward-9, Avadi)",Water Supply Contamination / Burst,water,DEPT_WATER,Avadi,Ward-9,HIGH,33,7,71.57,2026-08-26T19:00:00Z
CP-SEV-01822,Single decorative garden light dim in public park in Chennai Central,"Pedestrian walkway lamp shade slightly dusty and dim in municipal park. (Ref Ward-103, Chennai Central)",Streetlights & Electrical Hazards,streetlights,DEPT_LIGHTING,Chennai Central,Ward-103,LOW,0,3,31.39,2026-08-04T17:00:00Z
CP-SEV-02145,Entire street dark due to multiple streetlight failure in Chennai North,"Urgent attention requested: All 15 streetlights out on main connecting road creating dark zone and safety hazard for commuters. (Ref Ward-108, Chennai North)",Streetlights & Electrical Hazards,streetlights,DEPT_LIGHTING,Chennai North,Ward-108,HIGH,7,8,70.9,2026-08-14T16:00:00Z
CP-SEV-03092,Minor scratch on public park bench in Chennai South,"Field inspection notice: Wooden bench slat scratched in public garden. (Ref Ward-34, Chennai South)",Public Infrastructure Damage,infrastructure,DEPT_WORKS,Chennai South,Ward-34,LOW,9,3,2.23,2026-08-12T19:00:00Z
CP-SEV-02960,Massive garbage barrier blocking emergency hospital ambulance entrance in Chennai Central,"Rotting garbage pile collapsed across hospital gate preventing emergency ambulance access. (Ref Ward-106, Chennai Central)",Garbage & Waste Disposal,garbage,DEPT_SANITATION,Chennai Central,Ward-106,CRITICAL,6,13,60.19,2026-08-11T17:00:00Z
CP-SEV-03447,Public footbridge steps broken in Tiruvallur,"Field inspection notice: Concrete steps on pedestrian footbridge cracked with exposed rusty iron rebar. (Ref Ward-136, Tiruvallur)",Public Infrastructure Damage,infrastructure,DEPT_WORKS,Tiruvallur,Ward-136,HIGH,13,7,84.09,2026-08-05T15:00:00Z
CP-SEV-01690,Underground sewage main explosion flooding hospital basement in Kanchipuram,"Main sewage trunk line ruptured flooding hospital basement and ground floor with raw sewage. (Ref Ward-67, Kanchipuram)",Drainage & Sewage Overflow,drainage,DEPT_DRAINAGE,Kanchipuram,Ward-67,CRITICAL,10,6,59.17,2026-08-03T08:00:00Z
CP-SEV-01166,Complete water outage in hospital ward for 48 hours in Avadi,"Field inspection notice: Zero water supply in municipal hospital premises for two days, threatening patient emergency operations. (Ref Ward-65, Avadi)",Water Supply Contamination / Burst,water,DEPT_WATER,Avadi,Ward-65,CRITICAL,5,4,76.99,2026-08-25T20:00:00Z
CP-SEV-02187,Damaged electrical junction box door open in Tiruvallur,"Urgent attention requested: Feeder pillar box door hanging open with exposed low-voltage terminals near footpath. (Ref Ward-165, Tiruvallur)",Streetlights & Electrical Hazards,streetlights,DEPT_LIGHTING,Tiruvallur,Ward-165,HIGH,36,2,55.29,2026-08-25T11:00:00Z
CP-SEV-00235,Uneven road paver block near bus stop in Kanchipuram,"Field inspection notice: Interlocking paver blocks displaced near local bus shelter area. (Ref Ward-179, Kanchipuram)",Road Damage & Potholes,roads,DEPT_ROADS,Kanchipuram,Ward-179,MEDIUM,2,3,31.9,2026-08-03T12:00:00Z
CP-SEV-03135,Minor scratch on public park bench in Kanchipuram,"Citizen report from Wooden bench slat scratched in public garden. (Ref Ward-3, Kanchipuram)",Public Infrastructure Damage,infrastructure,DEPT_WORKS,Kanchipuram,Ward-3,LOW,10,3,0.59,2026-08-02T18:00:00Z
CP-SEV-02472,Small litter paper cups near park bench in Chennai South,"Citizen report from Few discarded tea cups scattered around park bench area. (Ref Ward-99, Chennai South)",Garbage & Waste Disposal,garbage,DEPT_SANITATION,Chennai South,Ward-99,LOW,8,3,0.78,2026-08-06T09:00:00Z
CP-SEV-00155,Moderate pothole on residential lane in Chennai South,"Urgent attention requested: Pothole approximately 1 foot wide causing discomfort for two-wheelers in neighborhood street. (Ref Ward-192, Chennai South)",Road Damage & Potholes,roads,DEPT_ROADS,Chennai South,Ward-192,MEDIUM,6,1,34.22,2026-08-23T09:00:00Z
CP-SEV-03549,Municipal hall roof slab collapse hazard in Chennai South,"Citizen report from Heavy concrete ceiling slab sagging and crumbling over crowded public waiting hall. (Ref Ward-134, Chennai South)",Public Infrastructure Damage,infrastructure,DEPT_WORKS,Chennai South,Ward-134,CRITICAL,29,2,51.33,2026-08-24T19:00:00Z
CP-SEV-03321,Unstable overhead gantries signboard shaking in wind in Tiruvallur,"Municipal grievance reported: Large directional sign board hanging loose over main road threatening to fall on vehicles. (Ref Ward-20, Tiruvallur)",Public Infrastructure Damage,infrastructure,DEPT_WORKS,Tiruvallur,Ward-20,HIGH,18,9,79.82,2026-08-04T19:00:00Z
CP-SEV-03064,Faded street name sign board in Kanchipuram,"Municipal grievance reported: Municipal street sign board paint faded near junction. (Ref Ward-12, Kanchipuram)",Public Infrastructure Damage,infrastructure,DEPT_WORKS,Kanchipuram,Ward-12,LOW,3,2,2.4,2026-08-19T10:00:00Z
CP-SEV-02169,Entire street dark due to multiple streetlight failure in Tambaram,"Citizen report from All 15 streetlights out on main connecting road creating dark zone and safety hazard for commuters. (Ref Ward-83, Tambaram)",Streetlights & Electrical Hazards,streetlights,DEPT_LIGHTING,Tambaram,Ward-83,HIGH,19,1,53.37,2026-08-23T16:00:00Z
CP-SEV-01787,Severe toxic sewage backup into ground floor homes in Kanchipuram,"Urgent attention requested: Raw black sewage backing up into toilets and living rooms of 50 houses creating extreme cholera biohazard. (Ref Ward-184, Kanchipuram)",Drainage & Sewage Overflow,drainage,DEPT_DRAINAGE,Kanchipuram,Ward-184,CRITICAL,44,4,73.23,2026-08-18T19:00:00Z
CP-SEV-03208,Damaged metal traffic guard rail in Tambaram,"Galvanized iron traffic barrier bent after minor vehicle impact near bus stand. (Ref Ward-47, Tambaram)",Public Infrastructure Damage,infrastructure,DEPT_WORKS,Tambaram,Ward-47,MEDIUM,5,1,16.72,2026-08-02T14:00:00Z
CP-SEV-02496,Public dustbin lid missing in Chennai Central,"Urgent attention requested: Plastic dustbin lid missing at street corner bin. (Ref Ward-132, Chennai Central)",Garbage & Waste Disposal,garbage,DEPT_SANITATION,Chennai Central,Ward-132,LOW,8,3,40.27,2026-08-13T10:00:00Z
CP-SEV-01179,Complete water outage in hospital ward for 48 hours in Tiruvallur,"Municipal grievance reported: Zero water supply in municipal hospital premises for two days, threatening patient emergency operations. (Ref Ward-141, Tiruvallur)",Water Supply Contamination / Burst,water,DEPT_WATER,Tiruvallur,Ward-141,CRITICAL,29,12,51.23,2026-08-02T18:00:00Z
CP-SEV-01394,Localized clogged street drain causing puddle in Chennai South,"Municipal grievance reported: Street drain inlet blocked with debris causing minor water pooling after rain. (Ref Ward-53, Chennai South)",Drainage & Sewage Overflow,drainage,DEPT_DRAINAGE,Chennai South,Ward-53,MEDIUM,6,3,29.92,2026-08-06T17:00:00Z
CP-SEV-01633,Overflowing sewage drain on market street in Tambaram,"Municipal grievance reported: Sewage drain overflowing onto commercial market footpath creating foul health hazard. (Ref Ward-50, Tambaram)",Drainage & Sewage Overflow,drainage,DEPT_DRAINAGE,Tambaram,Ward-50,HIGH,6,2,53.5,2026-08-20T20:00:00Z
CP-SEV-01606,Overflowing sewage drain on market street in Tambaram,"Urgent attention requested: Sewage drain overflowing onto commercial market footpath creating foul health hazard. (Ref Ward-176, Tambaram)",Drainage & Sewage Overflow,drainage,DEPT_DRAINAGE,Tambaram,Ward-176,HIGH,31,3,94.58,2026-08-08T09:00:00Z
CP-SEV-03959,Large fallen tree trunk blocking entire avenue in Tiruvallur,"Heavy gulmohar tree uprooted during storm completely blocking two-lane avenue. (Ref Ward-161, Tiruvallur)",Other / General Municipal Operations,other,DEPT_GENERAL,Tiruvallur,Ward-161,HIGH,2,3,79.6,2026-08-14T08:00:00Z
CP-SEV-01302,Slight odor from storm water drain inlet in Chennai North,"Citizen report from Mild stagnant smell from open storm drain during hot afternoon. (Ref Ward-52, Chennai North)",Drainage & Sewage Overflow,drainage,DEPT_DRAINAGE,Chennai North,Ward-52,LOW,9,3,10.64,2026-08-17T20:00:00Z
CP-SEV-00211,Moderate pothole on residential lane in Avadi,"Urgent attention requested: Pothole approximately 1 foot wide causing discomfort for two-wheelers in neighborhood street. (Ref Ward-15, Avadi)",Road Damage & Potholes,roads,DEPT_ROADS,Avadi,Ward-15,MEDIUM,3,2,42.54,2026-08-25T10:00:00Z
CP-SEV-02433,Small litter paper cups near park bench in Kanchipuram,"Urgent attention requested: Few discarded tea cups scattered around park bench area. (Ref Ward-140, Kanchipuram)",Garbage & Waste Disposal,garbage,DEPT_SANITATION,Kanchipuram,Ward-140,LOW,6,2,1.51,2026-08-14T16:00:00Z
CP-SEV-02064,Streetlight timer misconfigured turning off early in Chennai South,"Citizen report from Streetlights turning off 1 hour before sunrise in neighborhood layout. (Ref Ward-124, Chennai South)",Streetlights & Electrical Hazards,streetlights,DEPT_LIGHTING,Chennai South,Ward-124,MEDIUM,4,1,14.85,2026-08-23T09:00:00Z
CP-SEV-02539,Public dustbin lid missing in Tiruvallur,"Citizen report from Plastic dustbin lid missing at street corner bin. (Ref Ward-50, Tiruvallur)",Garbage & Waste Disposal,garbage,DEPT_SANITATION,Tiruvallur,Ward-50,LOW,6,2,4.84,2026-08-19T12:00:00Z
CP-SEV-01071,Toxic chemical effluent mixing into drinking water supply in Chennai South,"Municipal grievance reported: Industrial chemical sewage leaking directly into municipal drinking pipeline, causing severe illness. (Ref Ward-113, Chennai South)",Water Supply Contamination / Burst,water,DEPT_WATER,Chennai South,Ward-113,CRITICAL,23,3,59.23,2026-08-23T08:00:00Z
CP-SEV-02005,Single streetlight non-functional on residential lane in Avadi,"Municipal grievance reported: Sodium streetlight bulb fused outside house no 42 on quiet residential road. (Ref Ward-19, Avadi)",Streetlights & Electrical Hazards,streetlights,DEPT_LIGHTING,Avadi,Ward-19,MEDIUM,7,3,33.32,2026-08-19T08:00:00Z
CP-SEV-00269,Uneven road paver block near bus stop in Tiruvallur,"Interlocking paver blocks displaced near local bus shelter area. (Ref Ward-47, Tiruvallur)",Road Damage & Potholes,roads,DEPT_ROADS,Tiruvallur,Ward-47,MEDIUM,4,2,4.62,2026-08-11T18:00:00Z
CP-SEV-03855,Overgrown grass near roadside footway in Kanchipuram,"Urgent attention requested: Wild grass growing along sidewalk margin. (Ref Ward-51, Kanchipuram)",Other / General Municipal Operations,other,DEPT_GENERAL,Kanchipuram,Ward-51,MEDIUM,7,1,13.02,2026-08-24T09:00:00Z
CP-SEV-04176,Chemical gas leak from abandoned industrial cylinder in Avadi,"Citizen report from Pungent chemical gas leaking from abandoned cylinder causing eye irritation and breathing panic in colony. (Ref Ward-158, Avadi)",Other / General Municipal Operations,other,DEPT_GENERAL,Avadi,Ward-158,CRITICAL,40,10,88.2,2026-08-10T12:00:00Z
CP-SEV-01281,Slight odor from storm water drain inlet in Kanchipuram,"Mild stagnant smell from open storm drain during hot afternoon. (Ref Ward-132, Kanchipuram)",Drainage & Sewage Overflow,drainage,DEPT_DRAINAGE,Kanchipuram,Ward-132,LOW,1,3,9.57,2026-08-16T08:00:00Z
CP-SEV-00165,Moderate pothole on residential lane in Tambaram,"Citizen report from Pothole approximately 1 foot wide causing discomfort for two-wheelers in neighborhood street. (Ref Ward-74, Tambaram)",Road Damage & Potholes,roads,DEPT_ROADS,Tambaram,Ward-74,MEDIUM,9,2,9.86,2026-08-07T17:00:00Z
CP-SEV-02453,Small litter paper cups near park bench in Avadi,"Few discarded tea cups scattered around park bench area. (Ref Ward-170, Avadi)",Garbage & Waste Disposal,garbage,DEPT_SANITATION,Avadi,Ward-170,LOW,2,2,15.17,2026-08-23T15:00:00Z
CP-SEV-00514,Catastrophic road cave-in and asphalt collapse in Chennai North,"Citizen report from Massive crater opened up on main arterial road causing vehicle overturn and imminent life hazard. (Ref Ward-183, Chennai North)",Road Damage & Potholes,roads,DEPT_ROADS,Chennai North,Ward-183,CRITICAL,22,7,73.11,2026-08-22T12:00:00Z
CP-SEV-02285,High-voltage 11kV live wire snapped hanging across school gate in Kanchipuram,"Sparking live electrical cable hanging at chest height right outside primary school entrance. (Ref Ward-99, Kanchipuram)",Streetlights & Electrical Hazards,streetlights,DEPT_LIGHTING,Kanchipuram,Ward-99,CRITICAL,27,3,92.44,2026-08-01T19:00:00Z
CP-SEV-01950,Streetlight pole sticker peeling off in Chennai Central,"Urgent attention requested: Identification sticker on light pole peeling off near corner. (Ref Ward-161, Chennai Central)",Streetlights & Electrical Hazards,streetlights,DEPT_LIGHTING,Chennai Central,Ward-161,LOW,3,2,12.79,2026-08-28T14:00:00Z
CP-SEV-02969,Massive garbage barrier blocking emergency hospital ambulance entrance in Chennai South,"Citizen report from Rotting garbage pile collapsed across hospital gate preventing emergency ambulance access. (Ref Ward-106, Chennai South)",Garbage & Waste Disposal,garbage,DEPT_SANITATION,Chennai South,Ward-106,CRITICAL,6,9,76.07,2026-08-11T13:00:00Z
CP-SEV-03191,Damaged metal traffic guard rail in Chennai Central,"Citizen report from Galvanized iron traffic barrier bent after minor vehicle impact near bus stand. (Ref Ward-182, Chennai Central)",Public Infrastructure Damage,infrastructure,DEPT_WORKS,Chennai Central,Ward-182,MEDIUM,8,2,7.92,2026-08-24T08:00:00Z
CP-SEV-03797,Stray cattle roaming on residential street in Chennai South,"Field inspection notice: Stray cows sitting on residential lane causing minor vehicle slowness. (Ref Ward-3, Chennai South)",Other / General Municipal Operations,other,DEPT_GENERAL,Chennai South,Ward-3,MEDIUM,6,2,3.27,2026-08-15T17:00:00Z
CP-SEV-02968,Massive garbage barrier blocking emergency hospital ambulance entrance in Chennai South,"Rotting garbage pile collapsed across hospital gate preventing emergency ambulance access. (Ref Ward-153, Chennai South)",Garbage & Waste Disposal,garbage,DEPT_SANITATION,Chennai South,Ward-153,CRITICAL,35,13,67.77,2026-08-14T13:00:00Z
CP-SEV-02906,Toxic biohazardous medical waste burning near residential area in Chennai North,"Citizen report from Illegal dump of hospital syringes and chemical waste set on fire emitting toxic fumes into homes. (Ref Ward-135, Chennai North)",Garbage & Waste Disposal,garbage,DEPT_SANITATION,Chennai North,Ward-135,CRITICAL,8,12,88.42,2026-08-01T08:00:00Z
CP-SEV-00031,Minor cosmetic paint peeling on speed breaker in Kanchipuram,"Citizen report from Faded paint on speed bump near residential lane, requires routine repaint. (Ref Ward-125, Kanchipuram)",Road Damage & Potholes,roads,DEPT_ROADS,Kanchipuram,Ward-125,LOW,8,1,32.55,2026-08-19T17:00:00Z
CP-SEV-00465,Catastrophic road cave-in and asphalt collapse in Chennai North,"Citizen report from Massive crater opened up on main arterial road causing vehicle overturn and imminent life hazard. (Ref Ward-110, Chennai North)",Road Damage & Potholes,roads,DEPT_ROADS,Chennai North,Ward-110,CRITICAL,44,15,55.94,2026-08-21T12:00:00Z
CP-SEV-01971,Single streetlight non-functional on residential lane in Chennai North,"Urgent attention requested: Sodium streetlight bulb fused outside house no 42 on quiet residential road. (Ref Ward-114, Chennai North)",Streetlights & Electrical Hazards,streetlights,DEPT_LIGHTING,Chennai North,Ward-114,MEDIUM,5,1,38.61,2026-08-09T11:00:00Z
CP-SEV-01235,Dry leaves covering roadside drain grate in Chennai South,"Accumulation of dry fallen leaves over storm drain inlet grate. (Ref Ward-112, Chennai South)",Drainage & Sewage Overflow,drainage,DEPT_DRAINAGE,Chennai South,Ward-112,LOW,3,1,13.54,2026-08-15T10:00:00Z
CP-SEV-03218,Damaged metal traffic guard rail in Avadi,"Urgent attention requested: Galvanized iron traffic barrier bent after minor vehicle impact near bus stand. (Ref Ward-172, Avadi)",Public Infrastructure Damage,infrastructure,DEPT_WORKS,Avadi,Ward-172,MEDIUM,9,3,16.92,2026-08-07T17:00:00Z
CP-SEV-04067,Rabid stray dog pack actively biting children outside school gate in Chennai North,"Municipal grievance reported: Multiple children bitten and injured by aggressive rabid dog pack near school entrance. (Ref Ward-9, Chennai North)",Other / General Municipal Operations,other,DEPT_GENERAL,Chennai North,Ward-9,CRITICAL,14,14,93.98,2026-08-05T10:00:00Z
CP-SEV-02869,Toxic biohazardous medical waste burning near residential area in Chennai North,"Urgent attention requested: Illegal dump of hospital syringes and chemical waste set on fire emitting toxic fumes into homes. (Ref Ward-30, Chennai North)",Garbage & Waste Disposal,garbage,DEPT_SANITATION,Chennai North,Ward-30,CRITICAL,24,7,54.7,2026-08-06T08:00:00Z
CP-SEV-00930,Main municipal water supply pipeline burst in Tiruvallur,"Urgent attention requested: Main feeder pipe burst flooding street and leaving 500 households without water for 24h. (Ref Ward-153, Tiruvallur)",Water Supply Contamination / Burst,water,DEPT_WATER,Tiruvallur,Ward-153,HIGH,21,8,90.01,2026-08-04T16:00:00Z
CP-SEV-03081,Minor scratch on public park bench in Tambaram,"Citizen report from Wooden bench slat scratched in public garden. (Ref Ward-41, Tambaram)",Public Infrastructure Damage,infrastructure,DEPT_WORKS,Tambaram,Ward-41,LOW,9,1,32.81,2026-08-01T17:00:00Z
CP-SEV-01722,Underground sewage main explosion flooding hospital basement in Avadi,"Urgent attention requested: Main sewage trunk line ruptured flooding hospital basement and ground floor with raw sewage. (Ref Ward-136, Avadi)",Drainage & Sewage Overflow,drainage,DEPT_DRAINAGE,Avadi,Ward-136,CRITICAL,21,11,50.73,2026-08-16T09:00:00Z
CP-SEV-02360,Electrical transformer explosion emitting fire and smoke in Kanchipuram,"Municipal grievance reported: Street transformer exploded emitting fire sparks and thick black smoke near crowded apartments. (Ref Ward-112, Kanchipuram)",Streetlights & Electrical Hazards,streetlights,DEPT_LIGHTING,Kanchipuram,Ward-112,CRITICAL,25,3,64.7,2026-08-27T20:00:00Z
CP-SEV-01621,Overflowing sewage drain on market street in Kanchipuram,"Field inspection notice: Sewage drain overflowing onto commercial market footpath creating foul health hazard. (Ref Ward-37, Kanchipuram)",Drainage & Sewage Overflow,drainage,DEPT_DRAINAGE,Kanchipuram,Ward-37,HIGH,1,12,93.42,2026-08-12T08:00:00Z
CP-SEV-02278,High-voltage 11kV live wire snapped hanging across school gate in Tiruvallur,"Field inspection notice: Sparking live electrical cable hanging at chest height right outside primary school entrance. (Ref Ward-59, Tiruvallur)",Streetlights & Electrical Hazards,streetlights,DEPT_LIGHTING,Tiruvallur,Ward-59,CRITICAL,8,14,78.19,2026-08-07T14:00:00Z
CP-SEV-02794,Animal carcasses dumped openly near residential layout in Tambaram,"Field inspection notice: Decomposed animal waste dumped near residential colony causing intense stench and flies. (Ref Ward-152, Tambaram)",Garbage & Waste Disposal,garbage,DEPT_SANITATION,Tambaram,Ward-152,HIGH,12,3,65.89,2026-08-27T17:00:00Z
CP-SEV-01445,Small open drainage chamber cover displaced in Chennai North,"Field inspection notice: Concrete cover slab of small side drain displaced by 2 inches. (Ref Ward-32, Chennai North)",Drainage & Sewage Overflow,drainage,DEPT_DRAINAGE,Chennai North,Ward-32,MEDIUM,9,1,8.74,2026-08-14T12:00:00Z
CP-SEV-00598,Main bridge approach road cracked and collapsing in Tiruvallur,"Approach embankment of river bridge severely cracked and caving in during peak traffic. (Ref Ward-169, Tiruvallur)",Road Damage & Potholes,roads,DEPT_ROADS,Tiruvallur,Ward-169,CRITICAL,11,5,54.39,2026-08-05T19:00:00Z
CP-SEV-02948,Massive garbage barrier blocking emergency hospital ambulance entrance in Tambaram,"Rotting garbage pile collapsed across hospital gate preventing emergency ambulance access. (Ref Ward-155, Tambaram)",Garbage & Waste Disposal,garbage,DEPT_SANITATION,Tambaram,Ward-155,CRITICAL,4,7,50.99,2026-08-27T09:00:00Z
CP-SEV-01023,Brownish muddy water in residential supply line in Tambaram,"Citizen report from Tap water coming contaminated with mud and silt across entire street layout. (Ref Ward-178, Tambaram)",Water Supply Contamination / Burst,water,DEPT_WATER,Tambaram,Ward-178,HIGH,13,3,78.79,2026-08-17T15:00:00Z
CP-SEV-03928,Large fallen tree trunk blocking entire avenue in Chennai South,"Heavy gulmohar tree uprooted during storm completely blocking two-lane avenue. (Ref Ward-152, Chennai South)",Other / General Municipal Operations,other,DEPT_GENERAL,Chennai South,Ward-152,HIGH,45,15,63.69,2026-08-16T12:00:00Z
CP-SEV-00206,Moderate pothole on residential lane in Tambaram,"Citizen report from Pothole approximately 1 foot wide causing discomfort for two-wheelers in neighborhood street. (Ref Ward-88, Tambaram)",Road Damage & Potholes,roads,DEPT_ROADS,Tambaram,Ward-88,MEDIUM,5,2,32.47,2026-08-25T17:00:00Z
CP-SEV-01941,Streetlight pole sticker peeling off in Tiruvallur,"Urgent attention requested: Identification sticker on light pole peeling off near corner. (Ref Ward-30, Tiruvallur)",Streetlights & Electrical Hazards,streetlights,DEPT_LIGHTING,Tiruvallur,Ward-30,LOW,6,2,7.68,2026-08-26T16:00:00Z
CP-SEV-02956,Massive garbage barrier blocking emergency hospital ambulance entrance in Avadi,"Field inspection notice: Rotting garbage pile collapsed across hospital gate preventing emergency ambulance access. (Ref Ward-107, Avadi)",Garbage & Waste Disposal,garbage,DEPT_SANITATION,Avadi,Ward-107,CRITICAL,4,8,84.0,2026-08-16T19:00:00Z
CP-SEV-00670,Slight water pressure decrease in morning tap in Chennai North,"Municipal grievance reported: Municipal tap water pressure is slightly lower than usual during morning supply hours. (Ref Ward-110, Chennai North)",Water Supply Contamination / Burst,water,DEPT_WATER,Chennai North,Ward-110,LOW,8,2,5.85,2026-08-19T12:00:00Z
CP-SEV-01027,Brownish muddy water in residential supply line in Chennai Central,"Tap water coming contaminated with mud and silt across entire street layout. (Ref Ward-195, Chennai Central)",Water Supply Contamination / Burst,water,DEPT_WATER,Chennai Central,Ward-195,HIGH,32,4,70.89,2026-08-21T18:00:00Z
CP-SEV-01257,Dry leaves covering roadside drain grate in Tambaram,"Urgent attention requested: Accumulation of dry fallen leaves over storm drain inlet grate. (Ref Ward-197, Tambaram)",Drainage & Sewage Overflow,drainage,DEPT_DRAINAGE,Tambaram,Ward-197,LOW,3,2,15.36,2026-08-17T10:00:00Z
CP-SEV-02168,Entire street dark due to multiple streetlight failure in Chennai North,"Municipal grievance reported: All 15 streetlights out on main connecting road creating dark zone and safety hazard for commuters. (Ref Ward-103, Chennai North)",Streetlights & Electrical Hazards,streetlights,DEPT_LIGHTING,Chennai North,Ward-103,HIGH,24,15,73.48,2026-08-14T15:00:00Z
CP-SEV-02118,Entire street dark due to multiple streetlight failure in Tiruvallur,"Urgent attention requested: All 15 streetlights out on main connecting road creating dark zone and safety hazard for commuters. (Ref Ward-132, Tiruvallur)",Streetlights & Electrical Hazards,streetlights,DEPT_LIGHTING,Tiruvallur,Ward-132,HIGH,36,15,71.08,2026-08-21T11:00:00Z
CP-SEV-03830,Overgrown grass near roadside footway in Kanchipuram,"Wild grass growing along sidewalk margin. (Ref Ward-43, Kanchipuram)",Other / General Municipal Operations,other,DEPT_GENERAL,Kanchipuram,Ward-43,MEDIUM,9,2,3.53,2026-08-12T14:00:00Z
CP-SEV-02432,Small litter paper cups near park bench in Tiruvallur,"Field inspection notice: Few discarded tea cups scattered around park bench area. (Ref Ward-179, Tiruvallur)",Garbage & Waste Disposal,garbage,DEPT_SANITATION,Tiruvallur,Ward-179,LOW,0,3,23.63,2026-08-23T13:00:00Z
CP-SEV-03112,Minor scratch on public park bench in Chennai South,"Wooden bench slat scratched in public garden. (Ref Ward-2, Chennai South)",Public Infrastructure Damage,infrastructure,DEPT_WORKS,Chennai South,Ward-2,LOW,8,2,22.97,2026-08-08T08:00:00Z
CP-SEV-04082,Rabid stray dog pack actively biting children outside school gate in Chennai North,"Field inspection notice: Multiple children bitten and injured by aggressive rabid dog pack near school entrance. (Ref Ward-69, Chennai North)",Other / General Municipal Operations,other,DEPT_GENERAL,Chennai North,Ward-69,CRITICAL,23,4,61.21,2026-08-28T17:00:00Z
CP-SEV-02570,Uncleared garbage dump accumulating for 3 days in Kanchipuram,"Municipal grievance reported: Municipal green bin overflowing with household waste uncleared for 72 hours. (Ref Ward-42, Kanchipuram)",Garbage & Waste Disposal,garbage,DEPT_SANITATION,Kanchipuram,Ward-42,MEDIUM,1,2,13.93,2026-08-18T19:00:00Z
CP-SEV-02911,Toxic biohazardous medical waste burning near residential area in Tiruvallur,"Municipal grievance reported: Illegal dump of hospital syringes and chemical waste set on fire emitting toxic fumes into homes. (Ref Ward-182, Tiruvallur)",Garbage & Waste Disposal,garbage,DEPT_SANITATION,Tiruvallur,Ward-182,CRITICAL,36,1,64.18,2026-08-22T19:00:00Z
CP-SEV-03047,Faded street name sign board in Tambaram,"Field inspection notice: Municipal street sign board paint faded near junction. (Ref Ward-125, Tambaram)",Public Infrastructure Damage,infrastructure,DEPT_WORKS,Tambaram,Ward-125,LOW,4,3,4.06,2026-08-24T10:00:00Z
CP-SEV-02294,High-voltage 11kV live wire snapped hanging across school gate in Chennai South,"Field inspection notice: Sparking live electrical cable hanging at chest height right outside primary school entrance. (Ref Ward-42, Chennai South)",Streetlights & Electrical Hazards,streetlights,DEPT_LIGHTING,Chennai South,Ward-42,CRITICAL,7,9,90.96,2026-08-14T10:00:00Z
CP-SEV-02607,Uncleared garbage dump accumulating for 3 days in Chennai North,"Urgent attention requested: Municipal green bin overflowing with household waste uncleared for 72 hours. (Ref Ward-148, Chennai North)",Garbage & Waste Disposal,garbage,DEPT_SANITATION,Chennai North,Ward-148,MEDIUM,10,1,32.28,2026-08-27T19:00:00Z
CP-SEV-01519,Severe storm water logging blocking street access in Tambaram,"Urgent attention requested: Rainwater logging knee-deep across entire street blocking vehicles and shop entrances. (Ref Ward-117, Tambaram)",Drainage & Sewage Overflow,drainage,DEPT_DRAINAGE,Tambaram,Ward-117,HIGH,16,11,69.14,2026-08-23T10:00:00Z
CP-SEV-00215,Moderate pothole on residential lane in Chennai North,"Pothole approximately 1 foot wide causing discomfort for two-wheelers in neighborhood street. (Ref Ward-81, Chennai North)",Road Damage & Potholes,roads,DEPT_ROADS,Chennai North,Ward-81,MEDIUM,6,3,18.2,2026-08-21T14:00:00Z
CP-SEV-02071,Streetlight timer misconfigured turning off early in Avadi,"Citizen report from Streetlights turning off 1 hour before sunrise in neighborhood layout. (Ref Ward-78, Avadi)",Streetlights & Electrical Hazards,streetlights,DEPT_LIGHTING,Avadi,Ward-78,MEDIUM,9,1,11.67,2026-08-24T16:00:00Z
CP-SEV-01385,Localized clogged street drain causing puddle in Kanchipuram,"Field inspection notice: Street drain inlet blocked with debris causing minor water pooling after rain. (Ref Ward-193, Kanchipuram)",Drainage & Sewage Overflow,drainage,DEPT_DRAINAGE,Kanchipuram,Ward-193,MEDIUM,8,2,14.67,2026-08-01T17:00:00Z
CP-SEV-03576,Municipal hall roof slab collapse hazard in Chennai North,"Citizen report from Heavy concrete ceiling slab sagging and crumbling over crowded public waiting hall. (Ref Ward-186, Chennai North)",Public Infrastructure Damage,infrastructure,DEPT_WORKS,Chennai North,Ward-186,CRITICAL,15,14,51.32,2026-08-23T14:00:00Z
CP-SEV-00179,Moderate pothole on residential lane in Kanchipuram,"Citizen report from Pothole approximately 1 foot wide causing discomfort for two-wheelers in neighborhood street. (Ref Ward-95, Kanchipuram)",Road Damage & Potholes,roads,DEPT_ROADS,Kanchipuram,Ward-95,MEDIUM,7,2,42.77,2026-08-28T13:00:00Z
CP-SEV-03981,Stray dog pack menace creating panic near market in Tambaram,"Pack of aggressive stray dogs barking and chasing two-wheelers near market. (Ref Ward-115, Tambaram)",Other / General Municipal Operations,other,DEPT_GENERAL,Tambaram,Ward-115,HIGH,20,12,61.68,2026-08-21T20:00:00Z
CP-SEV-02376,Electrical transformer explosion emitting fire and smoke in Chennai North,"Municipal grievance reported: Street transformer exploded emitting fire sparks and thick black smoke near crowded apartments. (Ref Ward-167, Chennai North)",Streetlights & Electrical Hazards,streetlights,DEPT_LIGHTING,Chennai North,Ward-167,CRITICAL,28,1,70.05,2026-08-21T18:00:00Z
CP-SEV-03755,Stray cattle roaming on residential street in Chennai South,"Stray cows sitting on residential lane causing minor vehicle slowness. (Ref Ward-197, Chennai South)",Other / General Municipal Operations,other,DEPT_GENERAL,Chennai South,Ward-197,MEDIUM,9,1,30.28,2026-08-19T16:00:00Z
CP-SEV-03301,Unstable overhead gantries signboard shaking in wind in Chennai Central,"Municipal grievance reported: Large directional sign board hanging loose over main road threatening to fall on vehicles. (Ref Ward-176, Chennai Central)",Public Infrastructure Damage,infrastructure,DEPT_WORKS,Chennai Central,Ward-176,HIGH,37,15,79.07,2026-08-28T11:00:00Z
CP-SEV-03782,Stray cattle roaming on residential street in Chennai Central,"Stray cows sitting on residential lane causing minor vehicle slowness. (Ref Ward-86, Chennai Central)",Other / General Municipal Operations,other,DEPT_GENERAL,Chennai Central,Ward-86,MEDIUM,10,2,40.5,2026-08-03T10:00:00Z
CP-SEV-03949,Large fallen tree trunk blocking entire avenue in Chennai North,"Urgent attention requested: Heavy gulmohar tree uprooted during storm completely blocking two-lane avenue. (Ref Ward-116, Chennai North)",Other / General Municipal Operations,other,DEPT_GENERAL,Chennai North,Ward-116,HIGH,15,7,58.73,2026-08-20T12:00:00Z
CP-SEV-02375,Electrical transformer explosion emitting fire and smoke in Tiruvallur,"Municipal grievance reported: Street transformer exploded emitting fire sparks and thick black smoke near crowded apartments. (Ref Ward-156, Tiruvallur)",Streetlights & Electrical Hazards,streetlights,DEPT_LIGHTING,Tiruvallur,Ward-156,CRITICAL,21,4,64.72,2026-08-09T14:00:00Z
CP-SEV-03366,Unstable overhead gantries signboard shaking in wind in Avadi,"Urgent attention requested: Large directional sign board hanging loose over main road threatening to fall on vehicles. (Ref Ward-78, Avadi)",Public Infrastructure Damage,infrastructure,DEPT_WORKS,Avadi,Ward-78,HIGH,26,8,60.91,2026-08-27T15:00:00Z
CP-SEV-00463,Catastrophic road cave-in and asphalt collapse in Tiruvallur,"Municipal grievance reported: Massive crater opened up on main arterial road causing vehicle overturn and imminent life hazard. (Ref Ward-125, Tiruvallur)",Road Damage & Potholes,roads,DEPT_ROADS,Tiruvallur,Ward-125,CRITICAL,43,13,52.18,2026-08-04T18:00:00Z
CP-SEV-00522,Catastrophic road cave-in and asphalt collapse in Chennai Central,"Citizen report from Massive crater opened up on main arterial road causing vehicle overturn and imminent life hazard. (Ref Ward-55, Chennai Central)",Road Damage & Potholes,roads,DEPT_ROADS,Chennai Central,Ward-55,CRITICAL,17,5,70.07,2026-08-05T08:00:00Z
CP-SEV-04083,Rabid stray dog pack actively biting children outside school gate in Kanchipuram,"Citizen report from Multiple children bitten and injured by aggressive rabid dog pack near school entrance. (Ref Ward-95, Kanchipuram)",Other / General Municipal Operations,other,DEPT_GENERAL,Kanchipuram,Ward-95,CRITICAL,18,15,69.87,2026-08-09T20:00:00Z
CP-SEV-03856,Overgrown grass near roadside footway in Tiruvallur,"Wild grass growing along sidewalk margin. (Ref Ward-159, Tiruvallur)",Other / General Municipal Operations,other,DEPT_GENERAL,Tiruvallur,Ward-159,MEDIUM,5,3,10.97,2026-08-09T14:00:00Z
CP-SEV-02882,Toxic biohazardous medical waste burning near residential area in Chennai Central,"Municipal grievance reported: Illegal dump of hospital syringes and chemical waste set on fire emitting toxic fumes into homes. (Ref Ward-139, Chennai Central)",Garbage & Waste Disposal,garbage,DEPT_SANITATION,Chennai Central,Ward-139,CRITICAL,24,5,84.32,2026-08-05T11:00:00Z
CP-SEV-00109,Small stone gravel loose on roadside margin in Chennai North,"Municipal grievance reported: Loose gravel scattered near street corner after minor maintenance. (Ref Ward-24, Chennai North)",Road Damage & Potholes,roads,DEPT_ROADS,Chennai North,Ward-24,LOW,3,2,31.13,2026-08-10T18:00:00Z
CP-SEV-01622,Overflowing sewage drain on market street in Kanchipuram,"Sewage drain overflowing onto commercial market footpath creating foul health hazard. (Ref Ward-28, Kanchipuram)",Drainage & Sewage Overflow,drainage,DEPT_DRAINAGE,Kanchipuram,Ward-28,HIGH,4,8,87.68,2026-08-28T10:00:00Z
CP-SEV-02679,Commercial shop waste dumped on sidewalk in Chennai South,"Municipal grievance reported: Retail shop cardboard boxes and plastic packaging dumped along footpath. (Ref Ward-27, Chennai South)",Garbage & Waste Disposal,garbage,DEPT_SANITATION,Chennai South,Ward-27,MEDIUM,4,1,20.79,2026-08-02T14:00:00Z
CP-SEV-03133,Minor scratch on public park bench in Chennai Central,"Municipal grievance reported: Wooden bench slat scratched in public garden. (Ref Ward-125, Chennai Central)",Public Infrastructure Damage,infrastructure,DEPT_WORKS,Chennai Central,Ward-125,LOW,10,1,32.9,2026-08-24T16:00:00Z
CP-SEV-01800,Severe toxic sewage backup into ground floor homes in Chennai North,"Municipal grievance reported: Raw black sewage backing up into toilets and living rooms of 50 houses creating extreme cholera biohazard. (Ref Ward-41, Chennai North)",Drainage & Sewage Overflow,drainage,DEPT_DRAINAGE,Chennai North,Ward-41,CRITICAL,32,14,88.75,2026-08-07T13:00:00Z
CP-SEV-02807,Animal carcasses dumped openly near residential layout in Chennai Central,"Municipal grievance reported: Decomposed animal waste dumped near residential colony causing intense stench and flies. (Ref Ward-23, Chennai Central)",Garbage & Waste Disposal,garbage,DEPT_SANITATION,Chennai Central,Ward-23,HIGH,18,8,54.84,2026-08-27T13:00:00Z
CP-SEV-03758,Stray cattle roaming on residential street in Tambaram,"Stray cows sitting on residential lane causing minor vehicle slowness. (Ref Ward-79, Tambaram)",Other / General Municipal Operations,other,DEPT_GENERAL,Tambaram,Ward-79,MEDIUM,4,1,18.24,2026-08-10T10:00:00Z
CP-SEV-01279,Slight odor from storm water drain inlet in Avadi,"Field inspection notice: Mild stagnant smell from open storm drain during hot afternoon. (Ref Ward-128, Avadi)",Drainage & Sewage Overflow,drainage,DEPT_DRAINAGE,Avadi,Ward-128,LOW,7,3,41.9,2026-08-16T19:00:00Z
CP-SEV-00194,Moderate pothole on residential lane in Kanchipuram,"Field inspection notice: Pothole approximately 1 foot wide causing discomfort for two-wheelers in neighborhood street. (Ref Ward-56, Kanchipuram)",Road Damage & Potholes,roads,DEPT_ROADS,Kanchipuram,Ward-56,MEDIUM,7,1,18.62,2026-08-27T15:00:00Z
CP-SEV-03821,Stray cattle roaming on residential street in Tambaram,"Citizen report from Stray cows sitting on residential lane causing minor vehicle slowness. (Ref Ward-127, Tambaram)",Other / General Municipal Operations,other,DEPT_GENERAL,Tambaram,Ward-127,MEDIUM,10,1,3.3,2026-08-12T08:00:00Z
CP-SEV-00297,Uneven road paver block near bus stop in Tiruvallur,"Municipal grievance reported: Interlocking paver blocks displaced near local bus shelter area. (Ref Ward-184, Tiruvallur)",Road Damage & Potholes,roads,DEPT_ROADS,Tiruvallur,Ward-184,MEDIUM,5,2,5.88,2026-08-12T16:00:00Z
CP-SEV-02666,Commercial shop waste dumped on sidewalk in Chennai Central,"Retail shop cardboard boxes and plastic packaging dumped along footpath. (Ref Ward-186, Chennai Central)",Garbage & Waste Disposal,garbage,DEPT_SANITATION,Chennai Central,Ward-186,MEDIUM,4,3,6.75,2026-08-13T17:00:00Z
CP-SEV-01877,Streetlight pole sticker peeling off in Avadi,"Field inspection notice: Identification sticker on light pole peeling off near corner. (Ref Ward-63, Avadi)",Streetlights & Electrical Hazards,streetlights,DEPT_LIGHTING,Avadi,Ward-63,LOW,10,3,29.97,2026-08-20T12:00:00Z
CP-SEV-01355,Localized clogged street drain causing puddle in Tambaram,"Street drain inlet blocked with debris causing minor water pooling after rain. (Ref Ward-50, Tambaram)",Drainage & Sewage Overflow,drainage,DEPT_DRAINAGE,Tambaram,Ward-50,MEDIUM,5,1,43.89,2026-08-07T11:00:00Z
CP-SEV-01947,Streetlight pole sticker peeling off in Chennai Central,"Citizen report from Identification sticker on light pole peeling off near corner. (Ref Ward-107, Chennai Central)",Streetlights & Electrical Hazards,streetlights,DEPT_LIGHTING,Chennai Central,Ward-107,LOW,2,2,3.02,2026-08-01T12:00:00Z
CP-SEV-03485,Imminent structural collapse of busy flyover bridge pillar in Tiruvallur,"Citizen report from Load-bearing concrete pillar of busy traffic flyover cracked with large concrete blocks falling onto road below. (Ref Ward-37, Tiruvallur)",Public Infrastructure Damage,infrastructure,DEPT_WORKS,Tiruvallur,Ward-37,CRITICAL,18,1,61.93,2026-08-23T18:00:00Z
CP-SEV-01381,Localized clogged street drain causing puddle in Avadi,"Street drain inlet blocked with debris causing minor water pooling after rain. (Ref Ward-151, Avadi)",Drainage & Sewage Overflow,drainage,DEPT_DRAINAGE,Avadi,Ward-151,MEDIUM,7,3,36.65,2026-08-11T20:00:00Z
CP-SEV-00494,Catastrophic road cave-in and asphalt collapse in Chennai South,"Citizen report from Massive crater opened up on main arterial road causing vehicle overturn and imminent life hazard. (Ref Ward-95, Chennai South)",Road Damage & Potholes,roads,DEPT_ROADS,Chennai South,Ward-95,CRITICAL,16,13,54.63,2026-08-19T18:00:00Z
CP-SEV-00763,Localized water supply line leakage in Avadi,"Field inspection notice: Drinking water pipeline leaking small stream of clean water on roadside near residential building. (Ref Ward-71, Avadi)",Water Supply Contamination / Burst,water,DEPT_WATER,Avadi,Ward-71,MEDIUM,2,3,12.61,2026-08-08T20:00:00Z
CP-SEV-00823,Localized water supply line leakage in Chennai Central,"Urgent attention requested: Drinking water pipeline leaking small stream of clean water on roadside near residential building. (Ref Ward-29, Chennai Central)",Water Supply Contamination / Burst,water,DEPT_WATER,Chennai Central,Ward-29,MEDIUM,8,3,3.0,2026-08-27T10:00:00Z
CP-SEV-02830,Animal carcasses dumped openly near residential layout in Kanchipuram,"Urgent attention requested: Decomposed animal waste dumped near residential colony causing intense stench and flies. (Ref Ward-140, Kanchipuram)",Garbage & Waste Disposal,garbage,DEPT_SANITATION,Kanchipuram,Ward-140,HIGH,8,4,87.64,2026-08-05T11:00:00Z
CP-SEV-02401,Small litter paper cups near park bench in Tiruvallur,"Few discarded tea cups scattered around park bench area. (Ref Ward-127, Tiruvallur)",Garbage & Waste Disposal,garbage,DEPT_SANITATION,Tiruvallur,Ward-127,LOW,6,2,43.26,2026-08-03T17:00:00Z
CP-SEV-01435,Small open drainage chamber cover displaced in Chennai South,"Concrete cover slab of small side drain displaced by 2 inches. (Ref Ward-61, Chennai South)",Drainage & Sewage Overflow,drainage,DEPT_DRAINAGE,Chennai South,Ward-61,MEDIUM,1,2,32.62,2026-08-10T10:00:00Z
CP-SEV-00477,Catastrophic road cave-in and asphalt collapse in Avadi,"Massive crater opened up on main arterial road causing vehicle overturn and imminent life hazard. (Ref Ward-185, Avadi)",Road Damage & Potholes,roads,DEPT_ROADS,Avadi,Ward-185,CRITICAL,18,13,92.36,2026-08-01T18:00:00Z
CP-SEV-01812,Single decorative garden light dim in public park in Chennai South,"Municipal grievance reported: Pedestrian walkway lamp shade slightly dusty and dim in municipal park. (Ref Ward-51, Chennai South)",Streetlights & Electrical Hazards,streetlights,DEPT_LIGHTING,Chennai South,Ward-51,LOW,7,2,30.55,2026-08-08T11:00:00Z
CP-SEV-00255,Uneven road paver block near bus stop in Tiruvallur,"Field inspection notice: Interlocking paver blocks displaced near local bus shelter area. (Ref Ward-160, Tiruvallur)",Road Damage & Potholes,roads,DEPT_ROADS,Tiruvallur,Ward-160,MEDIUM,1,1,37.65,2026-08-16T17:00:00Z
CP-SEV-01199,Complete water outage in hospital ward for 48 hours in Chennai South,"Municipal grievance reported: Zero water supply in municipal hospital premises for two days, threatening patient emergency operations. (Ref Ward-23, Chennai South)",Water Supply Contamination / Burst,water,DEPT_WATER,Chennai South,Ward-23,CRITICAL,45,9,69.48,2026-08-09T09:00:00Z
CP-SEV-02863,Toxic biohazardous medical waste burning near residential area in Kanchipuram,"Urgent attention requested: Illegal dump of hospital syringes and chemical waste set on fire emitting toxic fumes into homes. (Ref Ward-90, Kanchipuram)",Garbage & Waste Disposal,garbage,DEPT_SANITATION,Kanchipuram,Ward-90,CRITICAL,5,5,58.95,2026-08-09T18:00:00Z
CP-SEV-02042,Streetlight timer misconfigured turning off early in Tiruvallur,"Streetlights turning off 1 hour before sunrise in neighborhood layout. (Ref Ward-73, Tiruvallur)",Streetlights & Electrical Hazards,streetlights,DEPT_LIGHTING,Tiruvallur,Ward-73,MEDIUM,7,1,16.89,2026-08-18T10:00:00Z
CP-SEV-02594,Uncleared garbage dump accumulating for 3 days in Chennai North,"Urgent attention requested: Municipal green bin overflowing with household waste uncleared for 72 hours. (Ref Ward-104, Chennai North)",Garbage & Waste Disposal,garbage,DEPT_SANITATION,Chennai North,Ward-104,MEDIUM,4,2,4.18,2026-08-11T12:00:00Z
CP-SEV-01118,Toxic chemical effluent mixing into drinking water supply in Chennai North,"Municipal grievance reported: Industrial chemical sewage leaking directly into municipal drinking pipeline, causing severe illness. (Ref Ward-195, Chennai North)",Water Supply Contamination / Burst,water,DEPT_WATER,Chennai North,Ward-195,CRITICAL,7,8,54.96,2026-08-05T15:00:00Z
CP-SEV-04155,Chemical gas leak from abandoned industrial cylinder in Chennai South,"Pungent chemical gas leaking from abandoned cylinder causing eye irritation and breathing panic in colony. (Ref Ward-197, Chennai South)",Other / General Municipal Operations,other,DEPT_GENERAL,Chennai South,Ward-197,CRITICAL,37,3,91.56,2026-08-01T20:00:00Z
CP-SEV-00496,Catastrophic road cave-in and asphalt collapse in Chennai South,"Field inspection notice: Massive crater opened up on main arterial road causing vehicle overturn and imminent life hazard. (Ref Ward-12, Chennai South)",Road Damage & Potholes,roads,DEPT_ROADS,Chennai South,Ward-12,CRITICAL,23,7,91.41,2026-08-06T08:00:00Z
CP-SEV-03415,Public footbridge steps broken in Chennai Central,"Field inspection notice: Concrete steps on pedestrian footbridge cracked with exposed rusty iron rebar. (Ref Ward-109, Chennai Central)",Public Infrastructure Damage,infrastructure,DEPT_WORKS,Chennai Central,Ward-109,HIGH,12,5,62.56,2026-08-13T15:00:00Z
CP-SEV-02020,Single streetlight non-functional on residential lane in Chennai Central,"Urgent attention requested: Sodium streetlight bulb fused outside house no 42 on quiet residential road. (Ref Ward-197, Chennai Central)",Streetlights & Electrical Hazards,streetlights,DEPT_LIGHTING,Chennai Central,Ward-197,MEDIUM,8,2,8.04,2026-08-12T14:00:00Z
CP-SEV-00153,Moderate pothole on residential lane in Tiruvallur,"Field inspection notice: Pothole approximately 1 foot wide causing discomfort for two-wheelers in neighborhood street. (Ref Ward-137, Tiruvallur)",Road Damage & Potholes,roads,DEPT_ROADS,Tiruvallur,Ward-137,MEDIUM,5,3,32.34,2026-08-25T15:00:00Z
CP-SEV-02397,Electrical transformer explosion emitting fire and smoke in Tiruvallur,"Urgent attention requested: Street transformer exploded emitting fire sparks and thick black smoke near crowded apartments. (Ref Ward-191, Tiruvallur)",Streetlights & Electrical Hazards,streetlights,DEPT_LIGHTING,Tiruvallur,Ward-191,CRITICAL,18,6,53.98,2026-08-12T15:00:00Z
CP-SEV-00536,Main bridge approach road cracked and collapsing in Chennai North,"Citizen report from Approach embankment of river bridge severely cracked and caving in during peak traffic. (Ref Ward-6, Chennai North)",Road Damage & Potholes,roads,DEPT_ROADS,Chennai North,Ward-6,CRITICAL,37,12,91.28,2026-08-25T09:00:00Z
CP-SEV-00511,Catastrophic road cave-in and asphalt collapse in Chennai Central,"Urgent attention requested: Massive crater opened up on main arterial road causing vehicle overturn and imminent life hazard. (Ref Ward-105, Chennai Central)",Road Damage & Potholes,roads,DEPT_ROADS,Chennai Central,Ward-105,CRITICAL,34,6,93.41,2026-08-07T15:00:00Z
CP-SEV-00503,Catastrophic road cave-in and asphalt collapse in Tambaram,"Citizen report from Massive crater opened up on main arterial road causing vehicle overturn and imminent life hazard. (Ref Ward-7, Tambaram)",Road Damage & Potholes,roads,DEPT_ROADS,Tambaram,Ward-7,CRITICAL,34,6,78.62,2026-08-23T08:00:00Z
CP-SEV-03151,Damaged metal traffic guard rail in Chennai South,"Municipal grievance reported: Galvanized iron traffic barrier bent after minor vehicle impact near bus stand. (Ref Ward-176, Chennai South)",Public Infrastructure Damage,infrastructure,DEPT_WORKS,Chennai South,Ward-176,MEDIUM,9,1,32.28,2026-08-19T14:00:00Z
CP-SEV-00995,Brownish muddy water in residential supply line in Chennai North,"Field inspection notice: Tap water coming contaminated with mud and silt across entire street layout. (Ref Ward-98, Chennai North)",Water Supply Contamination / Burst,water,DEPT_WATER,Chennai North,Ward-98,HIGH,21,1,61.62,2026-08-27T12:00:00Z
CP-SEV-00014,Minor cosmetic paint peeling on speed breaker in Chennai North,"Faded paint on speed bump near residential lane, requires routine repaint. (Ref Ward-55, Chennai North)",Road Damage & Potholes,roads,DEPT_ROADS,Chennai North,Ward-55,LOW,5,1,29.49,2026-08-13T18:00:00Z
CP-SEV-03061,Faded street name sign board in Tiruvallur,"Urgent attention requested: Municipal street sign board paint faded near junction. (Ref Ward-96, Tiruvallur)",Public Infrastructure Damage,infrastructure,DEPT_WORKS,Tiruvallur,Ward-96,LOW,7,1,2.65,2026-08-12T16:00:00Z
CP-SEV-02264,High-voltage 11kV live wire snapped hanging across school gate in Chennai South,"Municipal grievance reported: Sparking live electrical cable hanging at chest height right outside primary school entrance. (Ref Ward-186, Chennai South)",Streetlights & Electrical Hazards,streetlights,DEPT_LIGHTING,Chennai South,Ward-186,CRITICAL,2,10,50.64,2026-08-05T13:00:00Z
CP-SEV-01883,Streetlight pole sticker peeling off in Chennai South,"Municipal grievance reported: Identification sticker on light pole peeling off near corner. (Ref Ward-183, Chennai South)",Streetlights & Electrical Hazards,streetlights,DEPT_LIGHTING,Chennai South,Ward-183,LOW,1,2,40.38,2026-08-11T17:00:00Z
CP-SEV-02136,Entire street dark due to multiple streetlight failure in Chennai Central,"Urgent attention requested: All 15 streetlights out on main connecting road creating dark zone and safety hazard for commuters. (Ref Ward-59, Chennai Central)",Streetlights & Electrical Hazards,streetlights,DEPT_LIGHTING,Chennai Central,Ward-59,HIGH,41,11,86.46,2026-08-16T08:00:00Z
CP-SEV-03216,Damaged metal traffic guard rail in Chennai North,"Urgent attention requested: Galvanized iron traffic barrier bent after minor vehicle impact near bus stand. (Ref Ward-45, Chennai North)",Public Infrastructure Damage,infrastructure,DEPT_WORKS,Chennai North,Ward-45,MEDIUM,5,1,19.27,2026-08-24T12:00:00Z
CP-SEV-01384,Localized clogged street drain causing puddle in Kanchipuram,"Field inspection notice: Street drain inlet blocked with debris causing minor water pooling after rain. (Ref Ward-3, Kanchipuram)",Drainage & Sewage Overflow,drainage,DEPT_DRAINAGE,Kanchipuram,Ward-3,MEDIUM,10,2,15.29,2026-08-14T14:00:00Z
CP-SEV-02057,Streetlight timer misconfigured turning off early in Chennai North,"Municipal grievance reported: Streetlights turning off 1 hour before sunrise in neighborhood layout. (Ref Ward-155, Chennai North)",Streetlights & Electrical Hazards,streetlights,DEPT_LIGHTING,Chennai North,Ward-155,MEDIUM,2,1,20.8,2026-08-03T08:00:00Z
CP-SEV-03102,Minor scratch on public park bench in Chennai North,"Wooden bench slat scratched in public garden. (Ref Ward-19, Chennai North)",Public Infrastructure Damage,infrastructure,DEPT_WORKS,Chennai North,Ward-19,LOW,6,3,19.77,2026-08-09T08:00:00Z
CP-SEV-00238,Uneven road paver block near bus stop in Chennai South,"Field inspection notice: Interlocking paver blocks displaced near local bus shelter area. (Ref Ward-88, Chennai South)",Road Damage & Potholes,roads,DEPT_ROADS,Chennai South,Ward-88,MEDIUM,3,1,45.0,2026-08-05T09:00:00Z
CP-SEV-02927,Massive garbage barrier blocking emergency hospital ambulance entrance in Kanchipuram,"Municipal grievance reported: Rotting garbage pile collapsed across hospital gate preventing emergency ambulance access. (Ref Ward-151, Kanchipuram)",Garbage & Waste Disposal,garbage,DEPT_SANITATION,Kanchipuram,Ward-151,CRITICAL,42,9,51.37,2026-08-27T09:00:00Z
CP-SEV-00839,Water supply timing delayed by 2 hours in Avadi,"Morning municipal water supply delayed by two hours without advance notice. (Ref Ward-131, Avadi)",Water Supply Contamination / Burst,water,DEPT_WATER,Avadi,Ward-131,MEDIUM,9,3,6.96,2026-08-02T15:00:00Z
CP-SEV-01391,Localized clogged street drain causing puddle in Chennai South,"Municipal grievance reported: Street drain inlet blocked with debris causing minor water pooling after rain. (Ref Ward-60, Chennai South)",Drainage & Sewage Overflow,drainage,DEPT_DRAINAGE,Chennai South,Ward-60,MEDIUM,10,3,3.15,2026-08-02T13:00:00Z
CP-SEV-00253,Uneven road paver block near bus stop in Chennai Central,"Citizen report from Interlocking paver blocks displaced near local bus shelter area. (Ref Ward-56, Chennai Central)",Road Damage & Potholes,roads,DEPT_ROADS,Chennai Central,Ward-56,MEDIUM,8,3,27.4,2026-08-14T09:00:00Z
CP-SEV-02004,Single streetlight non-functional on residential lane in Tiruvallur,"Municipal grievance reported: Sodium streetlight bulb fused outside house no 42 on quiet residential road. (Ref Ward-84, Tiruvallur)",Streetlights & Electrical Hazards,streetlights,DEPT_LIGHTING,Tiruvallur,Ward-84,MEDIUM,10,3,39.27,2026-08-20T14:00:00Z
CP-SEV-02237,Damaged electrical junction box door open in Chennai Central,"Citizen report from Feeder pillar box door hanging open with exposed low-voltage terminals near footpath. (Ref Ward-37, Chennai Central)",Streetlights & Electrical Hazards,streetlights,DEPT_LIGHTING,Chennai Central,Ward-37,HIGH,31,4,85.73,2026-08-02T13:00:00Z
CP-SEV-02369,Electrical transformer explosion emitting fire and smoke in Chennai South,"Street transformer exploded emitting fire sparks and thick black smoke near crowded apartments. (Ref Ward-36, Chennai South)",Streetlights & Electrical Hazards,streetlights,DEPT_LIGHTING,Chennai South,Ward-36,CRITICAL,20,6,67.44,2026-08-21T18:00:00Z
CP-SEV-02241,Damaged electrical junction box door open in Chennai Central,"Field inspection notice: Feeder pillar box door hanging open with exposed low-voltage terminals near footpath. (Ref Ward-161, Chennai Central)",Streetlights & Electrical Hazards,streetlights,DEPT_LIGHTING,Chennai Central,Ward-161,HIGH,25,7,66.97,2026-08-16T08:00:00Z
CP-SEV-00067,Minor cosmetic paint peeling on speed breaker in Chennai South,"Field inspection notice: Faded paint on speed bump near residential lane, requires routine repaint. (Ref Ward-94, Chennai South)",Road Damage & Potholes,roads,DEPT_ROADS,Chennai South,Ward-94,LOW,1,3,41.43,2026-08-20T13:00:00Z
CP-SEV-02895,Toxic biohazardous medical waste burning near residential area in Tiruvallur,"Illegal dump of hospital syringes and chemical waste set on fire emitting toxic fumes into homes. (Ref Ward-106, Tiruvallur)",Garbage & Waste Disposal,garbage,DEPT_SANITATION,Tiruvallur,Ward-106,CRITICAL,14,2,70.22,2026-08-09T20:00:00Z
CP-SEV-03978,Stray dog pack menace creating panic near market in Chennai South,"Citizen report from Pack of aggressive stray dogs barking and chasing two-wheelers near market. (Ref Ward-44, Chennai South)",Other / General Municipal Operations,other,DEPT_GENERAL,Chennai South,Ward-44,HIGH,30,11,87.24,2026-08-02T08:00:00Z
CP-SEV-03626,Tree branch overhanging private wall in Chennai South,"Field inspection notice: Small tree branch extending over compound wall without immediate blockage. (Ref Ward-3, Chennai South)",Other / General Municipal Operations,other,DEPT_GENERAL,Chennai South,Ward-3,LOW,10,2,30.74,2026-08-05T15:00:00Z
CP-SEV-01781,Severe toxic sewage backup into ground floor homes in Tambaram,"Raw black sewage backing up into toilets and living rooms of 50 houses creating extreme cholera biohazard. (Ref Ward-8, Tambaram)",Drainage & Sewage Overflow,drainage,DEPT_DRAINAGE,Tambaram,Ward-8,CRITICAL,1,13,68.94,2026-08-25T10:00:00Z
CP-SEV-00085,Small stone gravel loose on roadside margin in Chennai Central,"Field inspection notice: Loose gravel scattered near street corner after minor maintenance. (Ref Ward-139, Chennai Central)",Road Damage & Potholes,roads,DEPT_ROADS,Chennai Central,Ward-139,LOW,6,1,9.31,2026-08-14T14:00:00Z
CP-SEV-03503,Imminent structural collapse of busy flyover bridge pillar in Chennai South,"Urgent attention requested: Load-bearing concrete pillar of busy traffic flyover cracked with large concrete blocks falling onto road below. (Ref Ward-188, Chennai South)",Public Infrastructure Damage,infrastructure,DEPT_WORKS,Chennai South,Ward-188,CRITICAL,37,5,63.73,2026-08-27T15:00:00Z
CP-SEV-03063,Faded street name sign board in Chennai South,"Urgent attention requested: Municipal street sign board paint faded near junction. (Ref Ward-119, Chennai South)",Public Infrastructure Damage,infrastructure,DEPT_WORKS,Chennai South,Ward-119,LOW,10,1,14.17,2026-08-14T09:00:00Z
CP-SEV-01001,Brownish muddy water in residential supply line in Tambaram,"Urgent attention requested: Tap water coming contaminated with mud and silt across entire street layout. (Ref Ward-148, Tambaram)",Water Supply Contamination / Burst,water,DEPT_WATER,Tambaram,Ward-148,HIGH,32,12,92.3,2026-08-16T15:00:00Z
CP-SEV-00621,Slight water pressure decrease in morning tap in Tiruvallur,"Field inspection notice: Municipal tap water pressure is slightly lower than usual during morning supply hours. (Ref Ward-28, Tiruvallur)",Water Supply Contamination / Burst,water,DEPT_WATER,Tiruvallur,Ward-28,LOW,3,3,8.99,2026-08-09T16:00:00Z
CP-SEV-00678,Minor street tap valve dripping in Tambaram,"Field inspection notice: Public street tap dripping slowly near community park. (Ref Ward-30, Tambaram)",Water Supply Contamination / Burst,water,DEPT_WATER,Tambaram,Ward-30,LOW,4,3,32.58,2026-08-01T16:00:00Z
CP-SEV-00137,Small stone gravel loose on roadside margin in Tambaram,"Citizen report from Loose gravel scattered near street corner after minor maintenance. (Ref Ward-14, Tambaram)",Road Damage & Potholes,roads,DEPT_ROADS,Tambaram,Ward-14,LOW,8,2,28.02,2026-08-16T18:00:00Z
CP-SEV-03116,Minor scratch on public park bench in Chennai North,"Wooden bench slat scratched in public garden. (Ref Ward-44, Chennai North)",Public Infrastructure Damage,infrastructure,DEPT_WORKS,Chennai North,Ward-44,LOW,9,2,14.03,2026-08-13T08:00:00Z
CP-SEV-01464,Small open drainage chamber cover displaced in Tambaram,"Municipal grievance reported: Concrete cover slab of small side drain displaced by 2 inches. (Ref Ward-122, Tambaram)",Drainage & Sewage Overflow,drainage,DEPT_DRAINAGE,Tambaram,Ward-122,MEDIUM,9,2,15.14,2026-08-22T13:00:00Z
CP-SEV-03476,Imminent structural collapse of busy flyover bridge pillar in Chennai Central,"Citizen report from Load-bearing concrete pillar of busy traffic flyover cracked with large concrete blocks falling onto road below. (Ref Ward-68, Chennai Central)",Public Infrastructure Damage,infrastructure,DEPT_WORKS,Chennai Central,Ward-68,CRITICAL,2,15,61.79,2026-08-21T10:00:00Z
CP-SEV-00745,Minor street tap valve dripping in Kanchipuram,"Field inspection notice: Public street tap dripping slowly near community park. (Ref Ward-127, Kanchipuram)",Water Supply Contamination / Burst,water,DEPT_WATER,Kanchipuram,Ward-127,LOW,0,1,38.28,2026-08-26T16:00:00Z
CP-SEV-02128,Entire street dark due to multiple streetlight failure in Chennai South,"Municipal grievance reported: All 15 streetlights out on main connecting road creating dark zone and safety hazard for commuters. (Ref Ward-198, Chennai South)",Streetlights & Electrical Hazards,streetlights,DEPT_LIGHTING,Chennai South,Ward-198,HIGH,1,3,89.49,2026-08-15T09:00:00Z
CP-SEV-03181,Damaged metal traffic guard rail in Chennai North,"Citizen report from Galvanized iron traffic barrier bent after minor vehicle impact near bus stand. (Ref Ward-128, Chennai North)",Public Infrastructure Damage,infrastructure,DEPT_WORKS,Chennai North,Ward-128,MEDIUM,10,1,39.14,2026-08-27T18:00:00Z
CP-SEV-00761,Localized water supply line leakage in Chennai Central,"Urgent attention requested: Drinking water pipeline leaking small stream of clean water on roadside near residential building. (Ref Ward-40, Chennai Central)",Water Supply Contamination / Burst,water,DEPT_WATER,Chennai Central,Ward-40,MEDIUM,1,1,30.41,2026-08-22T15:00:00Z
CP-SEV-01943,Streetlight pole sticker peeling off in Chennai Central,"Municipal grievance reported: Identification sticker on light pole peeling off near corner. (Ref Ward-185, Chennai Central)",Streetlights & Electrical Hazards,streetlights,DEPT_LIGHTING,Chennai Central,Ward-185,LOW,8,2,27.68,2026-08-12T17:00:00Z
CP-SEV-04124,Rabid stray dog pack actively biting children outside school gate in Chennai Central,"Citizen report from Multiple children bitten and injured by aggressive rabid dog pack near school entrance. (Ref Ward-5, Chennai Central)",Other / General Municipal Operations,other,DEPT_GENERAL,Chennai Central,Ward-5,CRITICAL,19,15,70.88,2026-08-28T08:00:00Z
CP-SEV-00903,Main municipal water supply pipeline burst in Chennai Central,"Urgent attention requested: Main feeder pipe burst flooding street and leaving 500 households without water for 24h. (Ref Ward-23, Chennai Central)",Water Supply Contamination / Burst,water,DEPT_WATER,Chennai Central,Ward-23,HIGH,6,7,94.72,2026-08-06T18:00:00Z
CP-SEV-02673,Commercial shop waste dumped on sidewalk in Kanchipuram,"Municipal grievance reported: Retail shop cardboard boxes and plastic packaging dumped along footpath. (Ref Ward-2, Kanchipuram)",Garbage & Waste Disposal,garbage,DEPT_SANITATION,Kanchipuram,Ward-2,MEDIUM,10,3,11.64,2026-08-28T18:00:00Z
CP-SEV-01585,Overflowing sewage drain on market street in Chennai North,"Citizen report from Sewage drain overflowing onto commercial market footpath creating foul health hazard. (Ref Ward-137, Chennai North)",Drainage & Sewage Overflow,drainage,DEPT_DRAINAGE,Chennai North,Ward-137,HIGH,18,1,78.78,2026-08-09T10:00:00Z
CP-SEV-03356,Unstable overhead gantries signboard shaking in wind in Chennai South,"Urgent attention requested: Large directional sign board hanging loose over main road threatening to fall on vehicles. (Ref Ward-189, Chennai South)",Public Infrastructure Damage,infrastructure,DEPT_WORKS,Chennai South,Ward-189,HIGH,45,14,82.93,2026-08-23T14:00:00Z
CP-SEV-01278,Slight odor from storm water drain inlet in Kanchipuram,"Field inspection notice: Mild stagnant smell from open storm drain during hot afternoon. (Ref Ward-135, Kanchipuram)",Drainage & Sewage Overflow,drainage,DEPT_DRAINAGE,Kanchipuram,Ward-135,LOW,9,3,23.35,2026-08-13T12:00:00Z
CP-SEV-01430,Small open drainage chamber cover displaced in Tiruvallur,"Municipal grievance reported: Concrete cover slab of small side drain displaced by 2 inches. (Ref Ward-107, Tiruvallur)",Drainage & Sewage Overflow,drainage,DEPT_DRAINAGE,Tiruvallur,Ward-107,MEDIUM,0,1,38.11,2026-08-11T13:00:00Z
CP-SEV-02647,Commercial shop waste dumped on sidewalk in Kanchipuram,"Urgent attention requested: Retail shop cardboard boxes and plastic packaging dumped along footpath. (Ref Ward-198, Kanchipuram)",Garbage & Waste Disposal,garbage,DEPT_SANITATION,Kanchipuram,Ward-198,MEDIUM,3,2,13.3,2026-08-25T16:00:00Z
CP-SEV-01706,Underground sewage main explosion flooding hospital basement in Tambaram,"Municipal grievance reported: Main sewage trunk line ruptured flooding hospital basement and ground floor with raw sewage. (Ref Ward-50, Tambaram)",Drainage & Sewage Overflow,drainage,DEPT_DRAINAGE,Tambaram,Ward-50,CRITICAL,11,4,80.92,2026-08-23T12:00:00Z
CP-SEV-00732,Minor street tap valve dripping in Tiruvallur,"Public street tap dripping slowly near community park. (Ref Ward-179, Tiruvallur)",Water Supply Contamination / Burst,water,DEPT_WATER,Tiruvallur,Ward-179,LOW,1,2,6.02,2026-08-16T20:00:00Z
CP-SEV-00738,Minor street tap valve dripping in Chennai Central,"Public street tap dripping slowly near community park. (Ref Ward-144, Chennai Central)",Water Supply Contamination / Burst,water,DEPT_WATER,Chennai Central,Ward-144,LOW,7,2,44.48,2026-08-19T13:00:00Z
CP-SEV-02371,Electrical transformer explosion emitting fire and smoke in Tambaram,"Urgent attention requested: Street transformer exploded emitting fire sparks and thick black smoke near crowded apartments. (Ref Ward-141, Tambaram)",Streetlights & Electrical Hazards,streetlights,DEPT_LIGHTING,Tambaram,Ward-141,CRITICAL,2,4,76.54,2026-08-07T11:00:00Z
CP-SEV-02239,Damaged electrical junction box door open in Chennai Central,"Feeder pillar box door hanging open with exposed low-voltage terminals near footpath. (Ref Ward-135, Chennai Central)",Streetlights & Electrical Hazards,streetlights,DEPT_LIGHTING,Chennai Central,Ward-135,HIGH,36,12,73.94,2026-08-13T20:00:00Z
CP-SEV-02724,Large uncollected garbage dump overflowing onto main road in Chennai Central,"Urgent attention requested: Massive multi-ton waste pile spilling onto main road lane causing traffic blockage and stench. (Ref Ward-145, Chennai Central)",Garbage & Waste Disposal,garbage,DEPT_SANITATION,Chennai Central,Ward-145,HIGH,18,1,84.75,2026-08-10T17:00:00Z
CP-SEV-00189,Moderate pothole on residential lane in Kanchipuram,"Pothole approximately 1 foot wide causing discomfort for two-wheelers in neighborhood street. (Ref Ward-169, Kanchipuram)",Road Damage & Potholes,roads,DEPT_ROADS,Kanchipuram,Ward-169,MEDIUM,4,2,28.95,2026-08-01T08:00:00Z
CP-SEV-03624,Tree branch overhanging private wall in Chennai Central,"Field inspection notice: Small tree branch extending over compound wall without immediate blockage. (Ref Ward-198, Chennai Central)",Other / General Municipal Operations,other,DEPT_GENERAL,Chennai Central,Ward-198,LOW,10,3,18.13,2026-08-05T15:00:00Z
CP-SEV-04163,Chemical gas leak from abandoned industrial cylinder in Chennai North,"Citizen report from Pungent chemical gas leaking from abandoned cylinder causing eye irritation and breathing panic in colony. (Ref Ward-99, Chennai North)",Other / General Municipal Operations,other,DEPT_GENERAL,Chennai North,Ward-99,CRITICAL,22,8,94.16,2026-08-18T18:00:00Z
CP-SEV-00040,Minor cosmetic paint peeling on speed breaker in Chennai Central,"Urgent attention requested: Faded paint on speed bump near residential lane, requires routine repaint. (Ref Ward-56, Chennai Central)",Road Damage & Potholes,roads,DEPT_ROADS,Chennai Central,Ward-56,LOW,9,3,24.4,2026-08-24T13:00:00Z
CP-SEV-01534,Severe storm water logging blocking street access in Kanchipuram,"Municipal grievance reported: Rainwater logging knee-deep across entire street blocking vehicles and shop entrances. (Ref Ward-59, Kanchipuram)",Drainage & Sewage Overflow,drainage,DEPT_DRAINAGE,Kanchipuram,Ward-59,HIGH,40,14,53.91,2026-08-10T14:00:00Z
CP-SEV-03971,Large fallen tree trunk blocking entire avenue in Chennai Central,"Citizen report from Heavy gulmohar tree uprooted during storm completely blocking two-lane avenue. (Ref Ward-133, Chennai Central)",Other / General Municipal Operations,other,DEPT_GENERAL,Chennai Central,Ward-133,HIGH,6,14,94.2,2026-08-07T19:00:00Z
CP-SEV-02415,Small litter paper cups near park bench in Kanchipuram,"Urgent attention requested: Few discarded tea cups scattered around park bench area. (Ref Ward-104, Kanchipuram)",Garbage & Waste Disposal,garbage,DEPT_SANITATION,Kanchipuram,Ward-104,LOW,9,2,15.44,2026-08-12T11:00:00Z
CP-SEV-03364,Unstable overhead gantries signboard shaking in wind in Tambaram,"Field inspection notice: Large directional sign board hanging loose over main road threatening to fall on vehicles. (Ref Ward-79, Tambaram)",Public Infrastructure Damage,infrastructure,DEPT_WORKS,Tambaram,Ward-79,HIGH,16,9,65.84,2026-08-20T17:00:00Z
CP-SEV-04020,Stray dog pack menace creating panic near market in Chennai Central,"Field inspection notice: Pack of aggressive stray dogs barking and chasing two-wheelers near market. (Ref Ward-75, Chennai Central)",Other / General Municipal Operations,other,DEPT_GENERAL,Chennai Central,Ward-75,HIGH,30,12,61.46,2026-08-06T19:00:00Z
CP-SEV-00589,Main bridge approach road cracked and collapsing in Chennai Central,"Field inspection notice: Approach embankment of river bridge severely cracked and caving in during peak traffic. (Ref Ward-56, Chennai Central)",Road Damage & Potholes,roads,DEPT_ROADS,Chennai Central,Ward-56,CRITICAL,19,11,73.43,2026-08-20T14:00:00Z
CP-SEV-01170,Complete water outage in hospital ward for 48 hours in Avadi,"Field inspection notice: Zero water supply in municipal hospital premises for two days, threatening patient emergency operations. (Ref Ward-109, Avadi)",Water Supply Contamination / Burst,water,DEPT_WATER,Avadi,Ward-109,CRITICAL,43,4,93.35,2026-08-26T10:00:00Z
CP-SEV-04028,Stray dog pack menace creating panic near market in Chennai South,"Urgent attention requested: Pack of aggressive stray dogs barking and chasing two-wheelers near market. (Ref Ward-52, Chennai South)",Other / General Municipal Operations,other,DEPT_GENERAL,Chennai South,Ward-52,HIGH,9,7,93.28,2026-08-21T13:00:00Z
CP-SEV-01042,Brownish muddy water in residential supply line in Chennai South,"Field inspection notice: Tap water coming contaminated with mud and silt across entire street layout. (Ref Ward-84, Chennai South)",Water Supply Contamination / Burst,water,DEPT_WATER,Chennai South,Ward-84,HIGH,37,4,90.13,2026-08-19T10:00:00Z
CP-SEV-02073,Streetlight timer misconfigured turning off early in Chennai South,"Streetlights turning off 1 hour before sunrise in neighborhood layout. (Ref Ward-151, Chennai South)",Streetlights & Electrical Hazards,streetlights,DEPT_LIGHTING,Chennai South,Ward-151,MEDIUM,5,3,16.85,2026-08-28T15:00:00Z
CP-SEV-02355,Electrical transformer explosion emitting fire and smoke in Kanchipuram,"Field inspection notice: Street transformer exploded emitting fire sparks and thick black smoke near crowded apartments. (Ref Ward-165, Kanchipuram)",Streetlights & Electrical Hazards,streetlights,DEPT_LIGHTING,Kanchipuram,Ward-165,CRITICAL,5,6,70.92,2026-08-05T15:00:00Z
CP-SEV-00689,Minor street tap valve dripping in Tambaram,"Urgent attention requested: Public street tap dripping slowly near community park. (Ref Ward-170, Tambaram)",Water Supply Contamination / Burst,water,DEPT_WATER,Tambaram,Ward-170,LOW,7,1,24.01,2026-08-05T19:00:00Z
CP-SEV-03392,Public footbridge steps broken in Avadi,"Concrete steps on pedestrian footbridge cracked with exposed rusty iron rebar. (Ref Ward-58, Avadi)",Public Infrastructure Damage,infrastructure,DEPT_WORKS,Avadi,Ward-58,HIGH,27,6,57.68,2026-08-28T11:00:00Z
CP-SEV-00721,Minor street tap valve dripping in Avadi,"Public street tap dripping slowly near community park. (Ref Ward-11, Avadi)",Water Supply Contamination / Burst,water,DEPT_WATER,Avadi,Ward-11,LOW,2,1,7.49,2026-08-06T16:00:00Z
CP-SEV-03614,Tree branch overhanging private wall in Chennai South,"Municipal grievance reported: Small tree branch extending over compound wall without immediate blockage. (Ref Ward-152, Chennai South)",Other / General Municipal Operations,other,DEPT_GENERAL,Chennai South,Ward-152,LOW,9,2,22.8,2026-08-11T13:00:00Z
CP-SEV-03769,Stray cattle roaming on residential street in Avadi,"Citizen report from Stray cows sitting on residential lane causing minor vehicle slowness. (Ref Ward-186, Avadi)",Other / General Municipal Operations,other,DEPT_GENERAL,Avadi,Ward-186,MEDIUM,10,3,4.19,2026-08-01T11:00:00Z
CP-SEV-02372,Electrical transformer explosion emitting fire and smoke in Avadi,"Urgent attention requested: Street transformer exploded emitting fire sparks and thick black smoke near crowded apartments. (Ref Ward-126, Avadi)",Streetlights & Electrical Hazards,streetlights,DEPT_LIGHTING,Avadi,Ward-126,CRITICAL,22,12,53.63,2026-08-12T16:00:00Z
CP-SEV-01260,Dry leaves covering roadside drain grate in Tambaram,"Accumulation of dry fallen leaves over storm drain inlet grate. (Ref Ward-118, Tambaram)",Drainage & Sewage Overflow,drainage,DEPT_DRAINAGE,Tambaram,Ward-118,LOW,10,2,42.47,2026-08-15T10:00:00Z
CP-SEV-02122,Entire street dark due to multiple streetlight failure in Tiruvallur,"Urgent attention requested: All 15 streetlights out on main connecting road creating dark zone and safety hazard for commuters. (Ref Ward-100, Tiruvallur)",Streetlights & Electrical Hazards,streetlights,DEPT_LIGHTING,Tiruvallur,Ward-100,HIGH,0,4,64.51,2026-08-05T12:00:00Z
CP-SEV-03375,Unstable overhead gantries signboard shaking in wind in Avadi,"Large directional sign board hanging loose over main road threatening to fall on vehicles. (Ref Ward-61, Avadi)",Public Infrastructure Damage,infrastructure,DEPT_WORKS,Avadi,Ward-61,HIGH,38,12,71.32,2026-08-27T19:00:00Z
CP-SEV-03080,Minor scratch on public park bench in Chennai North,"Municipal grievance reported: Wooden bench slat scratched in public garden. (Ref Ward-101, Chennai North)",Public Infrastructure Damage,infrastructure,DEPT_WORKS,Chennai North,Ward-101,LOW,7,3,15.1,2026-08-03T13:00:00Z
CP-SEV-04085,Rabid stray dog pack actively biting children outside school gate in Kanchipuram,"Field inspection notice: Multiple children bitten and injured by aggressive rabid dog pack near school entrance. (Ref Ward-177, Kanchipuram)",Other / General Municipal Operations,other,DEPT_GENERAL,Kanchipuram,Ward-177,CRITICAL,8,13,78.52,2026-08-25T17:00:00Z
CP-SEV-01124,Toxic chemical effluent mixing into drinking water supply in Tambaram,"Industrial chemical sewage leaking directly into municipal drinking pipeline, causing severe illness. (Ref Ward-103, Tambaram)",Water Supply Contamination / Burst,water,DEPT_WATER,Tambaram,Ward-103,CRITICAL,6,12,91.64,2026-08-06T09:00:00Z
CP-SEV-00520,Catastrophic road cave-in and asphalt collapse in Chennai Central,"Urgent attention requested: Massive crater opened up on main arterial road causing vehicle overturn and imminent life hazard. (Ref Ward-32, Chennai Central)",Road Damage & Potholes,roads,DEPT_ROADS,Chennai Central,Ward-32,CRITICAL,29,1,57.56,2026-08-19T14:00:00Z
CP-SEV-00026,Minor cosmetic paint peeling on speed breaker in Chennai South,"Faded paint on speed bump near residential lane, requires routine repaint. (Ref Ward-68, Chennai South)",Road Damage & Potholes,roads,DEPT_ROADS,Chennai South,Ward-68,LOW,9,2,43.4,2026-08-18T20:00:00Z
CP-SEV-02287,High-voltage 11kV live wire snapped hanging across school gate in Avadi,"Citizen report from Sparking live electrical cable hanging at chest height right outside primary school entrance. (Ref Ward-197, Avadi)",Streetlights & Electrical Hazards,streetlights,DEPT_LIGHTING,Avadi,Ward-197,CRITICAL,41,7,75.88,2026-08-26T11:00:00Z
CP-SEV-02690,Commercial shop waste dumped on sidewalk in Tambaram,"Field inspection notice: Retail shop cardboard boxes and plastic packaging dumped along footpath. (Ref Ward-135, Tambaram)",Garbage & Waste Disposal,garbage,DEPT_SANITATION,Tambaram,Ward-135,MEDIUM,1,3,2.17,2026-08-07T11:00:00Z
CP-SEV-01205,Dry leaves covering roadside drain grate in Chennai North,"Municipal grievance reported: Accumulation of dry fallen leaves over storm drain inlet grate. (Ref Ward-114, Chennai North)",Drainage & Sewage Overflow,drainage,DEPT_DRAINAGE,Chennai North,Ward-114,LOW,8,2,20.6,2026-08-04T19:00:00Z
CP-SEV-00934,Main municipal water supply pipeline burst in Avadi,"Urgent attention requested: Main feeder pipe burst flooding street and leaving 500 households without water for 24h. (Ref Ward-132, Avadi)",Water Supply Contamination / Burst,water,DEPT_WATER,Avadi,Ward-132,HIGH,13,9,65.76,2026-08-11T12:00:00Z
CP-SEV-01194,Complete water outage in hospital ward for 48 hours in Kanchipuram,"Citizen report from Zero water supply in municipal hospital premises for two days, threatening patient emergency operations. (Ref Ward-102, Kanchipuram)",Water Supply Contamination / Burst,water,DEPT_WATER,Kanchipuram,Ward-102,CRITICAL,45,7,81.88,2026-08-24T17:00:00Z
CP-SEV-01956,Single streetlight non-functional on residential lane in Chennai South,"Urgent attention requested: Sodium streetlight bulb fused outside house no 42 on quiet residential road. (Ref Ward-56, Chennai South)",Streetlights & Electrical Hazards,streetlights,DEPT_LIGHTING,Chennai South,Ward-56,MEDIUM,9,1,6.45,2026-08-16T08:00:00Z
CP-SEV-03163,Damaged metal traffic guard rail in Chennai Central,"Field inspection notice: Galvanized iron traffic barrier bent after minor vehicle impact near bus stand. (Ref Ward-120, Chennai Central)",Public Infrastructure Damage,infrastructure,DEPT_WORKS,Chennai Central,Ward-120,MEDIUM,9,3,12.09,2026-08-11T20:00:00Z
CP-SEV-00455,Catastrophic road cave-in and asphalt collapse in Kanchipuram,"Citizen report from Massive crater opened up on main arterial road causing vehicle overturn and imminent life hazard. (Ref Ward-25, Kanchipuram)",Road Damage & Potholes,roads,DEPT_ROADS,Kanchipuram,Ward-25,CRITICAL,26,15,52.67,2026-08-09T18:00:00Z
CP-SEV-01674,Underground sewage main explosion flooding hospital basement in Tambaram,"Municipal grievance reported: Main sewage trunk line ruptured flooding hospital basement and ground floor with raw sewage. (Ref Ward-91, Tambaram)",Drainage & Sewage Overflow,drainage,DEPT_DRAINAGE,Tambaram,Ward-91,CRITICAL,34,7,73.54,2026-08-25T13:00:00Z
CP-SEV-03490,Imminent structural collapse of busy flyover bridge pillar in Chennai North,"Municipal grievance reported: Load-bearing concrete pillar of busy traffic flyover cracked with large concrete blocks falling onto road below. (Ref Ward-153, Chennai North)",Public Infrastructure Damage,infrastructure,DEPT_WORKS,Chennai North,Ward-153,CRITICAL,15,7,90.2,2026-08-14T19:00:00Z
CP-SEV-00106,Small stone gravel loose on roadside margin in Tambaram,"Municipal grievance reported: Loose gravel scattered near street corner after minor maintenance. (Ref Ward-55, Tambaram)",Road Damage & Potholes,roads,DEPT_ROADS,Tambaram,Ward-55,LOW,4,2,12.58,2026-08-20T19:00:00Z
CP-SEV-04190,Chemical gas leak from abandoned industrial cylinder in Chennai South,"Municipal grievance reported: Pungent chemical gas leaking from abandoned cylinder causing eye irritation and breathing panic in colony. (Ref Ward-31, Chennai South)",Other / General Municipal Operations,other,DEPT_GENERAL,Chennai South,Ward-31,CRITICAL,43,4,76.57,2026-08-13T14:00:00Z
CP-SEV-03718,Faded ward boundary map in Tambaram,"Field inspection notice: Public information board map faded at zonal office. (Ref Ward-46, Tambaram)",Other / General Municipal Operations,other,DEPT_GENERAL,Tambaram,Ward-46,LOW,7,3,40.26,2026-08-17T13:00:00Z
CP-SEV-03338,Unstable overhead gantries signboard shaking in wind in Chennai Central,"Large directional sign board hanging loose over main road threatening to fall on vehicles. (Ref Ward-50, Chennai Central)",Public Infrastructure Damage,infrastructure,DEPT_WORKS,Chennai Central,Ward-50,HIGH,25,4,89.28,2026-08-01T13:00:00Z
CP-SEV-01645,Overflowing sewage drain on market street in Chennai North,"Field inspection notice: Sewage drain overflowing onto commercial market footpath creating foul health hazard. (Ref Ward-183, Chennai North)",Drainage & Sewage Overflow,drainage,DEPT_DRAINAGE,Chennai North,Ward-183,HIGH,15,4,94.87,2026-08-20T09:00:00Z
CP-SEV-02540,Public dustbin lid missing in Avadi,"Urgent attention requested: Plastic dustbin lid missing at street corner bin. (Ref Ward-135, Avadi)",Garbage & Waste Disposal,garbage,DEPT_SANITATION,Avadi,Ward-135,LOW,9,2,6.24,2026-08-15T17:00:00Z
CP-SEV-00236,Uneven road paver block near bus stop in Avadi,"Municipal grievance reported: Interlocking paver blocks displaced near local bus shelter area. (Ref Ward-97, Avadi)",Road Damage & Potholes,roads,DEPT_ROADS,Avadi,Ward-97,MEDIUM,2,3,31.63,2026-08-24T18:00:00Z
CP-SEV-00262,Uneven road paver block near bus stop in Tiruvallur,"Citizen report from Interlocking paver blocks displaced near local bus shelter area. (Ref Ward-165, Tiruvallur)",Road Damage & Potholes,roads,DEPT_ROADS,Tiruvallur,Ward-165,MEDIUM,10,2,44.14,2026-08-16T18:00:00Z
CP-SEV-02081,Streetlight timer misconfigured turning off early in Chennai South,"Streetlights turning off 1 hour before sunrise in neighborhood layout. (Ref Ward-11, Chennai South)",Streetlights & Electrical Hazards,streetlights,DEPT_LIGHTING,Chennai South,Ward-11,MEDIUM,4,3,12.49,2026-08-24T11:00:00Z
CP-SEV-01978,Single streetlight non-functional on residential lane in Chennai North,"Field inspection notice: Sodium streetlight bulb fused outside house no 42 on quiet residential road. (Ref Ward-145, Chennai North)",Streetlights & Electrical Hazards,streetlights,DEPT_LIGHTING,Chennai North,Ward-145,MEDIUM,1,1,41.31,2026-08-06T19:00:00Z
CP-SEV-02736,Large uncollected garbage dump overflowing onto main road in Chennai North,"Urgent attention requested: Massive multi-ton waste pile spilling onto main road lane causing traffic blockage and stench. (Ref Ward-56, Chennai North)",Garbage & Waste Disposal,garbage,DEPT_SANITATION,Chennai North,Ward-56,HIGH,35,8,86.39,2026-08-04T18:00:00Z
CP-SEV-02989,Massive garbage barrier blocking emergency hospital ambulance entrance in Kanchipuram,"Urgent attention requested: Rotting garbage pile collapsed across hospital gate preventing emergency ambulance access. (Ref Ward-109, Kanchipuram)",Garbage & Waste Disposal,garbage,DEPT_SANITATION,Kanchipuram,Ward-109,CRITICAL,9,12,54.99,2026-08-06T08:00:00Z
CP-SEV-03644,Tree branch overhanging private wall in Chennai South,"Urgent attention requested: Small tree branch extending over compound wall without immediate blockage. (Ref Ward-48, Chennai South)",Other / General Municipal Operations,other,DEPT_GENERAL,Chennai South,Ward-48,LOW,2,3,18.59,2026-08-19T20:00:00Z
CP-SEV-02132,Entire street dark due to multiple streetlight failure in Chennai North,"Citizen report from All 15 streetlights out on main connecting road creating dark zone and safety hazard for commuters. (Ref Ward-42, Chennai North)",Streetlights & Electrical Hazards,streetlights,DEPT_LIGHTING,Chennai North,Ward-42,HIGH,7,8,83.33,2026-08-12T19:00:00Z
CP-SEV-03674,Tree branch overhanging private wall in Avadi,"Urgent attention requested: Small tree branch extending over compound wall without immediate blockage. (Ref Ward-35, Avadi)",Other / General Municipal Operations,other,DEPT_GENERAL,Avadi,Ward-35,LOW,1,1,10.92,2026-08-16T14:00:00Z
CP-SEV-02475,Small litter paper cups near park bench in Chennai North,"Citizen report from Few discarded tea cups scattered around park bench area. (Ref Ward-1, Chennai North)",Garbage & Waste Disposal,garbage,DEPT_SANITATION,Chennai North,Ward-1,LOW,10,2,19.58,2026-08-28T17:00:00Z
CP-SEV-01649,Overflowing sewage drain on market street in Tiruvallur,"Municipal grievance reported: Sewage drain overflowing onto commercial market footpath creating foul health hazard. (Ref Ward-118, Tiruvallur)",Drainage & Sewage Overflow,drainage,DEPT_DRAINAGE,Tiruvallur,Ward-118,HIGH,30,5,84.34,2026-08-15T18:00:00Z
CP-SEV-00128,Small stone gravel loose on roadside margin in Tiruvallur,"Municipal grievance reported: Loose gravel scattered near street corner after minor maintenance. (Ref Ward-146, Tiruvallur)",Road Damage & Potholes,roads,DEPT_ROADS,Tiruvallur,Ward-146,LOW,7,1,21.09,2026-08-10T19:00:00Z
CP-SEV-03496,Imminent structural collapse of busy flyover bridge pillar in Tiruvallur,"Load-bearing concrete pillar of busy traffic flyover cracked with large concrete blocks falling onto road below. (Ref Ward-98, Tiruvallur)",Public Infrastructure Damage,infrastructure,DEPT_WORKS,Tiruvallur,Ward-98,CRITICAL,2,12,72.92,2026-08-03T18:00:00Z
CP-SEV-00028,Minor cosmetic paint peeling on speed breaker in Tambaram,"Field inspection notice: Faded paint on speed bump near residential lane, requires routine repaint. (Ref Ward-133, Tambaram)",Road Damage & Potholes,roads,DEPT_ROADS,Tambaram,Ward-133,LOW,1,1,10.11,2026-08-11T08:00:00Z
CP-SEV-02387,Electrical transformer explosion emitting fire and smoke in Chennai North,"Field inspection notice: Street transformer exploded emitting fire sparks and thick black smoke near crowded apartments. (Ref Ward-72, Chennai North)",Streetlights & Electrical Hazards,streetlights,DEPT_LIGHTING,Chennai North,Ward-72,CRITICAL,41,1,63.39,2026-08-02T09:00:00Z
CP-SEV-02848,Animal carcasses dumped openly near residential layout in Chennai South,"Decomposed animal waste dumped near residential colony causing intense stench and flies. (Ref Ward-6, Chennai South)",Garbage & Waste Disposal,garbage,DEPT_SANITATION,Chennai South,Ward-6,HIGH,21,5,88.94,2026-08-19T20:00:00Z
CP-SEV-01524,Severe storm water logging blocking street access in Chennai North,"Urgent attention requested: Rainwater logging knee-deep across entire street blocking vehicles and shop entrances. (Ref Ward-85, Chennai North)",Drainage & Sewage Overflow,drainage,DEPT_DRAINAGE,Chennai North,Ward-85,HIGH,23,15,65.01,2026-08-09T10:00:00Z
CP-SEV-00447,Uncovered manhole trench on main avenue in Tiruvallur,"Road cut open for cable laying left open without barricades on major avenue. (Ref Ward-118, Tiruvallur)",Road Damage & Potholes,roads,DEPT_ROADS,Tiruvallur,Ward-118,HIGH,31,9,72.99,2026-08-19T09:00:00Z
CP-SEV-03573,Municipal hall roof slab collapse hazard in Avadi,"Heavy concrete ceiling slab sagging and crumbling over crowded public waiting hall. (Ref Ward-71, Avadi)",Public Infrastructure Damage,infrastructure,DEPT_WORKS,Avadi,Ward-71,CRITICAL,26,9,51.04,2026-08-13T14:00:00Z
CP-SEV-00213,Moderate pothole on residential lane in Chennai South,"Field inspection notice: Pothole approximately 1 foot wide causing discomfort for two-wheelers in neighborhood street. (Ref Ward-34, Chennai South)",Road Damage & Potholes,roads,DEPT_ROADS,Chennai South,Ward-34,MEDIUM,8,3,10.35,2026-08-18T18:00:00Z
CP-SEV-02050,Streetlight timer misconfigured turning off early in Chennai South,"Urgent attention requested: Streetlights turning off 1 hour before sunrise in neighborhood layout. (Ref Ward-163, Chennai South)",Streetlights & Electrical Hazards,streetlights,DEPT_LIGHTING,Chennai South,Ward-163,MEDIUM,9,1,6.24,2026-08-20T16:00:00Z
CP-SEV-01555,Severe storm water logging blocking street access in Tambaram,"Field inspection notice: Rainwater logging knee-deep across entire street blocking vehicles and shop entrances. (Ref Ward-141, Tambaram)",Drainage & Sewage Overflow,drainage,DEPT_DRAINAGE,Tambaram,Ward-141,HIGH,43,12,55.73,2026-08-25T20:00:00Z
CP-SEV-00306,Deep pothole causing vehicle damage and traffic blockage in Avadi,"Urgent attention requested: Dangerous deep crater on main road damaging car tires and causing traffic congestion. (Ref Ward-74, Avadi)",Road Damage & Potholes,roads,DEPT_ROADS,Avadi,Ward-74,HIGH,24,9,70.27,2026-08-18T12:00:00Z
CP-SEV-01412,Localized clogged street drain causing puddle in Chennai North,"Street drain inlet blocked with debris causing minor water pooling after rain. (Ref Ward-163, Chennai North)",Drainage & Sewage Overflow,drainage,DEPT_DRAINAGE,Chennai North,Ward-163,MEDIUM,10,3,32.24,2026-08-04T14:00:00Z
CP-SEV-02362,Electrical transformer explosion emitting fire and smoke in Chennai North,"Citizen report from Street transformer exploded emitting fire sparks and thick black smoke near crowded apartments. (Ref Ward-186, Chennai North)",Streetlights & Electrical Hazards,streetlights,DEPT_LIGHTING,Chennai North,Ward-186,CRITICAL,31,2,91.71,2026-08-05T10:00:00Z
CP-SEV-02185,Damaged electrical junction box door open in Kanchipuram,"Urgent attention requested: Feeder pillar box door hanging open with exposed low-voltage terminals near footpath. (Ref Ward-69, Kanchipuram)",Streetlights & Electrical Hazards,streetlights,DEPT_LIGHTING,Kanchipuram,Ward-69,HIGH,45,8,75.23,2026-08-27T17:00:00Z
CP-SEV-00012,Minor cosmetic paint peeling on speed breaker in Chennai South,"Field inspection notice: Faded paint on speed bump near residential lane, requires routine repaint. (Ref Ward-119, Chennai South)",Road Damage & Potholes,roads,DEPT_ROADS,Chennai South,Ward-119,LOW,4,3,30.97,2026-08-08T18:00:00Z
CP-SEV-01940,Streetlight pole sticker peeling off in Tiruvallur,"Citizen report from Identification sticker on light pole peeling off near corner. (Ref Ward-4, Tiruvallur)",Streetlights & Electrical Hazards,streetlights,DEPT_LIGHTING,Tiruvallur,Ward-4,LOW,8,3,5.47,2026-08-07T15:00:00Z
CP-SEV-02250,Damaged electrical junction box door open in Tambaram,"Urgent attention requested: Feeder pillar box door hanging open with exposed low-voltage terminals near footpath. (Ref Ward-53, Tambaram)",Streetlights & Electrical Hazards,streetlights,DEPT_LIGHTING,Tambaram,Ward-53,HIGH,18,1,90.7,2026-08-22T13:00:00Z
CP-SEV-03397,Public footbridge steps broken in Tambaram,"Citizen report from Concrete steps on pedestrian footbridge cracked with exposed rusty iron rebar. (Ref Ward-127, Tambaram)",Public Infrastructure Damage,infrastructure,DEPT_WORKS,Tambaram,Ward-127,HIGH,27,13,62.18,2026-08-21T16:00:00Z
CP-SEV-01545,Severe storm water logging blocking street access in Tambaram,"Municipal grievance reported: Rainwater logging knee-deep across entire street blocking vehicles and shop entrances. (Ref Ward-56, Tambaram)",Drainage & Sewage Overflow,drainage,DEPT_DRAINAGE,Tambaram,Ward-56,HIGH,41,9,87.16,2026-08-02T15:00:00Z
CP-SEV-03033,Faded street name sign board in Tambaram,"Urgent attention requested: Municipal street sign board paint faded near junction. (Ref Ward-69, Tambaram)",Public Infrastructure Damage,infrastructure,DEPT_WORKS,Tambaram,Ward-69,LOW,1,1,40.72,2026-08-13T13:00:00Z
CP-SEV-03278,Cracked plaster on municipal wall in Tiruvallur,"Municipal grievance reported: Boundary wall plaster cracking near municipal office enclosure. (Ref Ward-117, Tiruvallur)",Public Infrastructure Damage,infrastructure,DEPT_WORKS,Tiruvallur,Ward-117,MEDIUM,0,2,38.52,2026-08-05T20:00:00Z
CP-SEV-02271,High-voltage 11kV live wire snapped hanging across school gate in Chennai South,"Field inspection notice: Sparking live electrical cable hanging at chest height right outside primary school entrance. (Ref Ward-2, Chennai South)",Streetlights & Electrical Hazards,streetlights,DEPT_LIGHTING,Chennai South,Ward-2,CRITICAL,0,10,52.63,2026-08-13T20:00:00Z
CP-SEV-03764,Stray cattle roaming on residential street in Chennai Central,"Stray cows sitting on residential lane causing minor vehicle slowness. (Ref Ward-60, Chennai Central)",Other / General Municipal Operations,other,DEPT_GENERAL,Chennai Central,Ward-60,MEDIUM,8,3,34.91,2026-08-22T20:00:00Z
CP-SEV-01859,Single decorative garden light dim in public park in Kanchipuram,"Citizen report from Pedestrian walkway lamp shade slightly dusty and dim in municipal park. (Ref Ward-13, Kanchipuram)",Streetlights & Electrical Hazards,streetlights,DEPT_LIGHTING,Kanchipuram,Ward-13,LOW,1,3,1.73,2026-08-22T16:00:00Z
CP-SEV-01308,Slight odor from storm water drain inlet in Chennai North,"Field inspection notice: Mild stagnant smell from open storm drain during hot afternoon. (Ref Ward-1, Chennai North)",Drainage & Sewage Overflow,drainage,DEPT_DRAINAGE,Chennai North,Ward-1,LOW,9,2,29.39,2026-08-06T08:00:00Z
CP-SEV-01386,Localized clogged street drain causing puddle in Tiruvallur,"Citizen report from Street drain inlet blocked with debris causing minor water pooling after rain. (Ref Ward-9, Tiruvallur)",Drainage & Sewage Overflow,drainage,DEPT_DRAINAGE,Tiruvallur,Ward-9,MEDIUM,2,2,25.57,2026-08-26T17:00:00Z
CP-SEV-02575,Uncleared garbage dump accumulating for 3 days in Avadi,"Urgent attention requested: Municipal green bin overflowing with household waste uncleared for 72 hours. (Ref Ward-65, Avadi)",Garbage & Waste Disposal,garbage,DEPT_SANITATION,Avadi,Ward-65,MEDIUM,9,1,44.65,2026-08-06T10:00:00Z
CP-SEV-03439,Public footbridge steps broken in Tiruvallur,"Municipal grievance reported: Concrete steps on pedestrian footbridge cracked with exposed rusty iron rebar. (Ref Ward-169, Tiruvallur)",Public Infrastructure Damage,infrastructure,DEPT_WORKS,Tiruvallur,Ward-169,HIGH,32,9,83.79,2026-08-25T19:00:00Z
CP-SEV-02661,Commercial shop waste dumped on sidewalk in Avadi,"Municipal grievance reported: Retail shop cardboard boxes and plastic packaging dumped along footpath. (Ref Ward-166, Avadi)",Garbage & Waste Disposal,garbage,DEPT_SANITATION,Avadi,Ward-166,MEDIUM,4,2,7.17,2026-08-18T10:00:00Z
CP-SEV-01363,Localized clogged street drain causing puddle in Tiruvallur,"Municipal grievance reported: Street drain inlet blocked with debris causing minor water pooling after rain. (Ref Ward-39, Tiruvallur)",Drainage & Sewage Overflow,drainage,DEPT_DRAINAGE,Tiruvallur,Ward-39,MEDIUM,3,1,28.33,2026-08-09T10:00:00Z
CP-SEV-00965,Main municipal water supply pipeline burst in Avadi,"Citizen report from Main feeder pipe burst flooding street and leaving 500 households without water for 24h. (Ref Ward-128, Avadi)",Water Supply Contamination / Burst,water,DEPT_WATER,Avadi,Ward-128,HIGH,45,9,62.12,2026-08-18T17:00:00Z
CP-SEV-01372,Localized clogged street drain causing puddle in Tambaram,"Field inspection notice: Street drain inlet blocked with debris causing minor water pooling after rain. (Ref Ward-111, Tambaram)",Drainage & Sewage Overflow,drainage,DEPT_DRAINAGE,Tambaram,Ward-111,MEDIUM,5,2,14.27,2026-08-13T08:00:00Z
CP-SEV-03152,Damaged metal traffic guard rail in Chennai Central,"Municipal grievance reported: Galvanized iron traffic barrier bent after minor vehicle impact near bus stand. (Ref Ward-3, Chennai Central)",Public Infrastructure Damage,infrastructure,DEPT_WORKS,Chennai Central,Ward-3,MEDIUM,10,3,16.96,2026-08-15T11:00:00Z
CP-SEV-00182,Moderate pothole on residential lane in Chennai North,"Municipal grievance reported: Pothole approximately 1 foot wide causing discomfort for two-wheelers in neighborhood street. (Ref Ward-13, Chennai North)",Road Damage & Potholes,roads,DEPT_ROADS,Chennai North,Ward-13,MEDIUM,3,1,35.41,2026-08-07T09:00:00Z
CP-SEV-04128,Chemical gas leak from abandoned industrial cylinder in Tambaram,"Municipal grievance reported: Pungent chemical gas leaking from abandoned cylinder causing eye irritation and breathing panic in colony. (Ref Ward-98, Tambaram)",Other / General Municipal Operations,other,DEPT_GENERAL,Tambaram,Ward-98,CRITICAL,27,4,77.23,2026-08-08T16:00:00Z
CP-SEV-03594,Municipal hall roof slab collapse hazard in Tiruvallur,"Heavy concrete ceiling slab sagging and crumbling over crowded public waiting hall. (Ref Ward-74, Tiruvallur)",Public Infrastructure Damage,infrastructure,DEPT_WORKS,Tiruvallur,Ward-74,CRITICAL,0,11,82.53,2026-08-18T13:00:00Z
CP-SEV-02793,Animal carcasses dumped openly near residential layout in Tiruvallur,"Municipal grievance reported: Decomposed animal waste dumped near residential colony causing intense stench and flies. (Ref Ward-192, Tiruvallur)",Garbage & Waste Disposal,garbage,DEPT_SANITATION,Tiruvallur,Ward-192,HIGH,23,5,61.3,2026-08-17T14:00:00Z
CP-SEV-02181,Damaged electrical junction box door open in Avadi,"Citizen report from Feeder pillar box door hanging open with exposed low-voltage terminals near footpath. (Ref Ward-93, Avadi)",Streetlights & Electrical Hazards,streetlights,DEPT_LIGHTING,Avadi,Ward-93,HIGH,42,8,87.65,2026-08-14T14:00:00Z
CP-SEV-00728,Minor street tap valve dripping in Chennai South,"Public street tap dripping slowly near community park. (Ref Ward-122, Chennai South)",Water Supply Contamination / Burst,water,DEPT_WATER,Chennai South,Ward-122,LOW,9,1,39.5,2026-08-18T16:00:00Z
CP-SEV-01664,Underground sewage main explosion flooding hospital basement in Tiruvallur,"Citizen report from Main sewage trunk line ruptured flooding hospital basement and ground floor with raw sewage. (Ref Ward-77, Tiruvallur)",Drainage & Sewage Overflow,drainage,DEPT_DRAINAGE,Tiruvallur,Ward-77,CRITICAL,12,6,92.39,2026-08-16T15:00:00Z
CP-SEV-03002,Faded street name sign board in Tambaram,"Urgent attention requested: Municipal street sign board paint faded near junction. (Ref Ward-91, Tambaram)",Public Infrastructure Damage,infrastructure,DEPT_WORKS,Tambaram,Ward-91,LOW,10,3,2.74,2026-08-28T09:00:00Z
CP-SEV-03749,Faded ward boundary map in Kanchipuram,"Public information board map faded at zonal office. (Ref Ward-132, Kanchipuram)",Other / General Municipal Operations,other,DEPT_GENERAL,Kanchipuram,Ward-132,LOW,8,2,44.43,2026-08-01T19:00:00Z
CP-SEV-02343,Electrical transformer explosion emitting fire and smoke in Chennai South,"Citizen report from Street transformer exploded emitting fire sparks and thick black smoke near crowded apartments. (Ref Ward-84, Chennai South)",Streetlights & Electrical Hazards,streetlights,DEPT_LIGHTING,Chennai South,Ward-84,CRITICAL,20,11,91.21,2026-08-16T20:00:00Z
CP-SEV-00363,Deep pothole causing vehicle damage and traffic blockage in Avadi,"Dangerous deep crater on main road damaging car tires and causing traffic congestion. (Ref Ward-82, Avadi)",Road Damage & Potholes,roads,DEPT_ROADS,Avadi,Ward-82,HIGH,38,13,80.26,2026-08-11T11:00:00Z
CP-SEV-00359,Deep pothole causing vehicle damage and traffic blockage in Tiruvallur,"Urgent attention requested: Dangerous deep crater on main road damaging car tires and causing traffic congestion. (Ref Ward-29, Tiruvallur)",Road Damage & Potholes,roads,DEPT_ROADS,Tiruvallur,Ward-29,HIGH,42,7,77.67,2026-08-01T11:00:00Z
CP-SEV-02910,Toxic biohazardous medical waste burning near residential area in Chennai South,"Illegal dump of hospital syringes and chemical waste set on fire emitting toxic fumes into homes. (Ref Ward-140, Chennai South)",Garbage & Waste Disposal,garbage,DEPT_SANITATION,Chennai South,Ward-140,CRITICAL,4,14,82.17,2026-08-25T19:00:00Z
CP-SEV-02694,Commercial shop waste dumped on sidewalk in Avadi,"Retail shop cardboard boxes and plastic packaging dumped along footpath. (Ref Ward-105, Avadi)",Garbage & Waste Disposal,garbage,DEPT_SANITATION,Avadi,Ward-105,MEDIUM,8,1,0.48,2026-08-06T11:00:00Z
CP-SEV-00545,Main bridge approach road cracked and collapsing in Kanchipuram,"Municipal grievance reported: Approach embankment of river bridge severely cracked and caving in during peak traffic. (Ref Ward-164, Kanchipuram)",Road Damage & Potholes,roads,DEPT_ROADS,Kanchipuram,Ward-164,CRITICAL,28,1,61.93,2026-08-08T19:00:00Z
CP-SEV-03648,Tree branch overhanging private wall in Tiruvallur,"Municipal grievance reported: Small tree branch extending over compound wall without immediate blockage. (Ref Ward-11, Tiruvallur)",Other / General Municipal Operations,other,DEPT_GENERAL,Tiruvallur,Ward-11,LOW,10,1,42.36,2026-08-10T17:00:00Z
CP-SEV-00692,Minor street tap valve dripping in Avadi,"Field inspection notice: Public street tap dripping slowly near community park. (Ref Ward-153, Avadi)",Water Supply Contamination / Burst,water,DEPT_WATER,Avadi,Ward-153,LOW,8,3,42.61,2026-08-10T11:00:00Z
CP-SEV-03597,Municipal hall roof slab collapse hazard in Tiruvallur,"Field inspection notice: Heavy concrete ceiling slab sagging and crumbling over crowded public waiting hall. (Ref Ward-32, Tiruvallur)",Public Infrastructure Damage,infrastructure,DEPT_WORKS,Tiruvallur,Ward-32,CRITICAL,37,1,85.52,2026-08-13T17:00:00Z
CP-SEV-00933,Main municipal water supply pipeline burst in Kanchipuram,"Municipal grievance reported: Main feeder pipe burst flooding street and leaving 500 households without water for 24h. (Ref Ward-31, Kanchipuram)",Water Supply Contamination / Burst,water,DEPT_WATER,Kanchipuram,Ward-31,HIGH,9,3,62.31,2026-08-01T17:00:00Z
CP-SEV-01509,Severe storm water logging blocking street access in Tiruvallur,"Urgent attention requested: Rainwater logging knee-deep across entire street blocking vehicles and shop entrances. (Ref Ward-167, Tiruvallur)",Drainage & Sewage Overflow,drainage,DEPT_DRAINAGE,Tiruvallur,Ward-167,HIGH,13,11,90.39,2026-08-06T17:00:00Z
CP-SEV-00328,Deep pothole causing vehicle damage and traffic blockage in Chennai South,"Dangerous deep crater on main road damaging car tires and causing traffic congestion. (Ref Ward-13, Chennai South)",Road Damage & Potholes,roads,DEPT_ROADS,Chennai South,Ward-13,HIGH,14,11,60.48,2026-08-04T14:00:00Z
CP-SEV-04139,Chemical gas leak from abandoned industrial cylinder in Chennai Central,"Field inspection notice: Pungent chemical gas leaking from abandoned cylinder causing eye irritation and breathing panic in colony. (Ref Ward-111, Chennai Central)",Other / General Municipal Operations,other,DEPT_GENERAL,Chennai Central,Ward-111,CRITICAL,22,11,91.27,2026-08-07T13:00:00Z
CP-SEV-00679,Minor street tap valve dripping in Tiruvallur,"Municipal grievance reported: Public street tap dripping slowly near community park. (Ref Ward-198, Tiruvallur)",Water Supply Contamination / Burst,water,DEPT_WATER,Tiruvallur,Ward-198,LOW,8,3,20.05,2026-08-02T12:00:00Z
CP-SEV-02962,Massive garbage barrier blocking emergency hospital ambulance entrance in Avadi,"Rotting garbage pile collapsed across hospital gate preventing emergency ambulance access. (Ref Ward-64, Avadi)",Garbage & Waste Disposal,garbage,DEPT_SANITATION,Avadi,Ward-64,CRITICAL,25,12,77.83,2026-08-15T12:00:00Z
CP-SEV-02444,Small litter paper cups near park bench in Avadi,"Few discarded tea cups scattered around park bench area. (Ref Ward-19, Avadi)",Garbage & Waste Disposal,garbage,DEPT_SANITATION,Avadi,Ward-19,LOW,2,1,28.21,2026-08-14T18:00:00Z
CP-SEV-03457,Imminent structural collapse of busy flyover bridge pillar in Tiruvallur,"Municipal grievance reported: Load-bearing concrete pillar of busy traffic flyover cracked with large concrete blocks falling onto road below. (Ref Ward-66, Tiruvallur)",Public Infrastructure Damage,infrastructure,DEPT_WORKS,Tiruvallur,Ward-66,CRITICAL,4,14,81.72,2026-08-14T09:00:00Z
CP-SEV-00175,Moderate pothole on residential lane in Kanchipuram,"Field inspection notice: Pothole approximately 1 foot wide causing discomfort for two-wheelers in neighborhood street. (Ref Ward-78, Kanchipuram)",Road Damage & Potholes,roads,DEPT_ROADS,Kanchipuram,Ward-78,MEDIUM,1,1,2.04,2026-08-02T12:00:00Z
CP-SEV-02851,Toxic biohazardous medical waste burning near residential area in Chennai South,"Municipal grievance reported: Illegal dump of hospital syringes and chemical waste set on fire emitting toxic fumes into homes. (Ref Ward-15, Chennai South)",Garbage & Waste Disposal,garbage,DEPT_SANITATION,Chennai South,Ward-15,CRITICAL,15,11,90.55,2026-08-15T20:00:00Z
CP-SEV-01887,Streetlight pole sticker peeling off in Avadi,"Field inspection notice: Identification sticker on light pole peeling off near corner. (Ref Ward-95, Avadi)",Streetlights & Electrical Hazards,streetlights,DEPT_LIGHTING,Avadi,Ward-95,LOW,6,2,19.74,2026-08-17T19:00:00Z
CP-SEV-01022,Brownish muddy water in residential supply line in Chennai South,"Tap water coming contaminated with mud and silt across entire street layout. (Ref Ward-23, Chennai South)",Water Supply Contamination / Burst,water,DEPT_WATER,Chennai South,Ward-23,HIGH,18,7,81.21,2026-08-26T20:00:00Z
CP-SEV-03274,Cracked plaster on municipal wall in Tiruvallur,"Citizen report from Boundary wall plaster cracking near municipal office enclosure. (Ref Ward-87, Tiruvallur)",Public Infrastructure Damage,infrastructure,DEPT_WORKS,Tiruvallur,Ward-87,MEDIUM,3,1,6.01,2026-08-05T17:00:00Z
CP-SEV-03537,Municipal hall roof slab collapse hazard in Avadi,"Municipal grievance reported: Heavy concrete ceiling slab sagging and crumbling over crowded public waiting hall. (Ref Ward-65, Avadi)",Public Infrastructure Damage,infrastructure,DEPT_WORKS,Avadi,Ward-65,CRITICAL,37,15,81.68,2026-08-28T14:00:00Z
CP-SEV-03379,Public footbridge steps broken in Chennai Central,"Citizen report from Concrete steps on pedestrian footbridge cracked with exposed rusty iron rebar. (Ref Ward-166, Chennai Central)",Public Infrastructure Damage,infrastructure,DEPT_WORKS,Chennai Central,Ward-166,HIGH,1,15,93.57,2026-08-12T14:00:00Z
CP-SEV-03793,Stray cattle roaming on residential street in Tambaram,"Field inspection notice: Stray cows sitting on residential lane causing minor vehicle slowness. (Ref Ward-10, Tambaram)",Other / General Municipal Operations,other,DEPT_GENERAL,Tambaram,Ward-10,MEDIUM,6,2,27.19,2026-08-20T16:00:00Z
CP-SEV-00731,Minor street tap valve dripping in Avadi,"Citizen report from Public street tap dripping slowly near community park. (Ref Ward-110, Avadi)",Water Supply Contamination / Burst,water,DEPT_WATER,Avadi,Ward-110,LOW,7,2,15.77,2026-08-26T19:00:00Z
CP-SEV-02211,Damaged electrical junction box door open in Chennai South,"Feeder pillar box door hanging open with exposed low-voltage terminals near footpath. (Ref Ward-138, Chennai South)",Streetlights & Electrical Hazards,streetlights,DEPT_LIGHTING,Chennai South,Ward-138,HIGH,8,2,94.15,2026-08-26T16:00:00Z
CP-SEV-00830,Water supply timing delayed by 2 hours in Avadi,"Citizen report from Morning municipal water supply delayed by two hours without advance notice. (Ref Ward-99, Avadi)",Water Supply Contamination / Burst,water,DEPT_WATER,Avadi,Ward-99,MEDIUM,3,3,29.56,2026-08-19T18:00:00Z
CP-SEV-02192,Damaged electrical junction box door open in Kanchipuram,"Municipal grievance reported: Feeder pillar box door hanging open with exposed low-voltage terminals near footpath. (Ref Ward-117, Kanchipuram)",Streetlights & Electrical Hazards,streetlights,DEPT_LIGHTING,Kanchipuram,Ward-117,HIGH,22,14,80.74,2026-08-12T11:00:00Z
CP-SEV-04135,Chemical gas leak from abandoned industrial cylinder in Chennai Central,"Field inspection notice: Pungent chemical gas leaking from abandoned cylinder causing eye irritation and breathing panic in colony. (Ref Ward-73, Chennai Central)",Other / General Municipal Operations,other,DEPT_GENERAL,Chennai Central,Ward-73,CRITICAL,4,15,81.84,2026-08-19T16:00:00Z
CP-SEV-02097,Streetlight timer misconfigured turning off early in Kanchipuram,"Field inspection notice: Streetlights turning off 1 hour before sunrise in neighborhood layout. (Ref Ward-153, Kanchipuram)",Streetlights & Electrical Hazards,streetlights,DEPT_LIGHTING,Kanchipuram,Ward-153,MEDIUM,4,1,41.98,2026-08-16T12:00:00Z
CP-SEV-02609,Uncleared garbage dump accumulating for 3 days in Kanchipuram,"Municipal grievance reported: Municipal green bin overflowing with household waste uncleared for 72 hours. (Ref Ward-32, Kanchipuram)",Garbage & Waste Disposal,garbage,DEPT_SANITATION,Kanchipuram,Ward-32,MEDIUM,5,2,17.04,2026-08-17T18:00:00Z
CP-SEV-02131,Entire street dark due to multiple streetlight failure in Avadi,"Urgent attention requested: All 15 streetlights out on main connecting road creating dark zone and safety hazard for commuters. (Ref Ward-32, Avadi)",Streetlights & Electrical Hazards,streetlights,DEPT_LIGHTING,Avadi,Ward-32,HIGH,11,9,91.1,2026-08-24T16:00:00Z
CP-SEV-04150,Chemical gas leak from abandoned industrial cylinder in Chennai South,"Urgent attention requested: Pungent chemical gas leaking from abandoned cylinder causing eye irritation and breathing panic in colony. (Ref Ward-73, Chennai South)",Other / General Municipal Operations,other,DEPT_GENERAL,Chennai South,Ward-73,CRITICAL,34,5,71.2,2026-08-28T10:00:00Z
CP-SEV-01511,Severe storm water logging blocking street access in Chennai South,"Citizen report from Rainwater logging knee-deep across entire street blocking vehicles and shop entrances. (Ref Ward-148, Chennai South)",Drainage & Sewage Overflow,drainage,DEPT_DRAINAGE,Chennai South,Ward-148,HIGH,41,3,53.95,2026-08-09T20:00:00Z
CP-SEV-00340,Deep pothole causing vehicle damage and traffic blockage in Tiruvallur,"Municipal grievance reported: Dangerous deep crater on main road damaging car tires and causing traffic congestion. (Ref Ward-69, Tiruvallur)",Road Damage & Potholes,roads,DEPT_ROADS,Tiruvallur,Ward-69,HIGH,19,10,82.53,2026-08-01T12:00:00Z
CP-SEV-03491,Imminent structural collapse of busy flyover bridge pillar in Chennai South,"Load-bearing concrete pillar of busy traffic flyover cracked with large concrete blocks falling onto road below. (Ref Ward-18, Chennai South)",Public Infrastructure Damage,infrastructure,DEPT_WORKS,Chennai South,Ward-18,CRITICAL,23,4,68.42,2026-08-18T17:00:00Z
CP-SEV-00467,Catastrophic road cave-in and asphalt collapse in Kanchipuram,"Urgent attention requested: Massive crater opened up on main arterial road causing vehicle overturn and imminent life hazard. (Ref Ward-43, Kanchipuram)",Road Damage & Potholes,roads,DEPT_ROADS,Kanchipuram,Ward-43,CRITICAL,25,11,63.75,2026-08-23T20:00:00Z
CP-SEV-03596,Municipal hall roof slab collapse hazard in Kanchipuram,"Citizen report from Heavy concrete ceiling slab sagging and crumbling over crowded public waiting hall. (Ref Ward-76, Kanchipuram)",Public Infrastructure Damage,infrastructure,DEPT_WORKS,Kanchipuram,Ward-76,CRITICAL,8,4,89.44,2026-08-06T10:00:00Z
CP-SEV-02814,Animal carcasses dumped openly near residential layout in Tiruvallur,"Decomposed animal waste dumped near residential colony causing intense stench and flies. (Ref Ward-132, Tiruvallur)",Garbage & Waste Disposal,garbage,DEPT_SANITATION,Tiruvallur,Ward-132,HIGH,35,14,84.51,2026-08-13T10:00:00Z
CP-SEV-00654,Slight water pressure decrease in morning tap in Avadi,"Citizen report from Municipal tap water pressure is slightly lower than usual during morning supply hours. (Ref Ward-178, Avadi)",Water Supply Contamination / Burst,water,DEPT_WATER,Avadi,Ward-178,LOW,4,2,43.36,2026-08-10T15:00:00Z
CP-SEV-00391,Uncovered manhole trench on main avenue in Chennai Central,"Urgent attention requested: Road cut open for cable laying left open without barricades on major avenue. (Ref Ward-176, Chennai Central)",Road Damage & Potholes,roads,DEPT_ROADS,Chennai Central,Ward-176,HIGH,41,14,79.25,2026-08-02T09:00:00Z
CP-SEV-03990,Stray dog pack menace creating panic near market in Chennai North,"Municipal grievance reported: Pack of aggressive stray dogs barking and chasing two-wheelers near market. (Ref Ward-162, Chennai North)",Other / General Municipal Operations,other,DEPT_GENERAL,Chennai North,Ward-162,HIGH,5,9,89.53,2026-08-18T09:00:00Z
CP-SEV-02022,Single streetlight non-functional on residential lane in Kanchipuram,"Sodium streetlight bulb fused outside house no 42 on quiet residential road. (Ref Ward-10, Kanchipuram)",Streetlights & Electrical Hazards,streetlights,DEPT_LIGHTING,Kanchipuram,Ward-10,MEDIUM,6,1,7.89,2026-08-18T09:00:00Z
CP-SEV-01094,Toxic chemical effluent mixing into drinking water supply in Kanchipuram,"Field inspection notice: Industrial chemical sewage leaking directly into municipal drinking pipeline, causing severe illness. (Ref Ward-176, Kanchipuram)",Water Supply Contamination / Burst,water,DEPT_WATER,Kanchipuram,Ward-176,CRITICAL,44,14,55.38,2026-08-17T19:00:00Z
CP-SEV-02971,Massive garbage barrier blocking emergency hospital ambulance entrance in Kanchipuram,"Municipal grievance reported: Rotting garbage pile collapsed across hospital gate preventing emergency ambulance access. (Ref Ward-147, Kanchipuram)",Garbage & Waste Disposal,garbage,DEPT_SANITATION,Kanchipuram,Ward-147,CRITICAL,8,5,73.87,2026-08-19T12:00:00Z
CP-SEV-02530,Public dustbin lid missing in Chennai South,"Plastic dustbin lid missing at street corner bin. (Ref Ward-42, Chennai South)",Garbage & Waste Disposal,garbage,DEPT_SANITATION,Chennai South,Ward-42,LOW,7,3,2.98,2026-08-11T08:00:00Z
CP-SEV-04004,Stray dog pack menace creating panic near market in Chennai North,"Municipal grievance reported: Pack of aggressive stray dogs barking and chasing two-wheelers near market. (Ref Ward-80, Chennai North)",Other / General Municipal Operations,other,DEPT_GENERAL,Chennai North,Ward-80,HIGH,32,9,59.42,2026-08-03T12:00:00Z
CP-SEV-01469,Small open drainage chamber cover displaced in Avadi,"Citizen report from Concrete cover slab of small side drain displaced by 2 inches. (Ref Ward-106, Avadi)",Drainage & Sewage Overflow,drainage,DEPT_DRAINAGE,Avadi,Ward-106,MEDIUM,0,3,43.09,2026-08-27T13:00:00Z
CP-SEV-03104,Minor scratch on public park bench in Kanchipuram,"Citizen report from Wooden bench slat scratched in public garden. (Ref Ward-56, Kanchipuram)",Public Infrastructure Damage,infrastructure,DEPT_WORKS,Kanchipuram,Ward-56,LOW,9,2,13.8,2026-08-23T13:00:00Z
CP-SEV-03893,Overgrown grass near roadside footway in Tambaram,"Citizen report from Wild grass growing along sidewalk margin. (Ref Ward-62, Tambaram)",Other / General Municipal Operations,other,DEPT_GENERAL,Tambaram,Ward-62,MEDIUM,3,1,31.06,2026-08-20T19:00:00Z
CP-SEV-01917,Streetlight pole sticker peeling off in Tiruvallur,"Urgent attention requested: Identification sticker on light pole peeling off near corner. (Ref Ward-161, Tiruvallur)",Streetlights & Electrical Hazards,streetlights,DEPT_LIGHTING,Tiruvallur,Ward-161,LOW,9,3,14.84,2026-08-20T16:00:00Z
CP-SEV-01188,Complete water outage in hospital ward for 48 hours in Chennai South,"Urgent attention requested: Zero water supply in municipal hospital premises for two days, threatening patient emergency operations. (Ref Ward-146, Chennai South)",Water Supply Contamination / Burst,water,DEPT_WATER,Chennai South,Ward-146,CRITICAL,0,12,73.66,2026-08-25T15:00:00Z
CP-SEV-01748,Severe toxic sewage backup into ground floor homes in Chennai North,"Urgent attention requested: Raw black sewage backing up into toilets and living rooms of 50 houses creating extreme cholera biohazard. (Ref Ward-137, Chennai North)",Drainage & Sewage Overflow,drainage,DEPT_DRAINAGE,Chennai North,Ward-137,CRITICAL,17,4,89.72,2026-08-23T19:00:00Z
CP-SEV-00726,Minor street tap valve dripping in Avadi,"Urgent attention requested: Public street tap dripping slowly near community park. (Ref Ward-152, Avadi)",Water Supply Contamination / Burst,water,DEPT_WATER,Avadi,Ward-152,LOW,3,2,17.35,2026-08-04T08:00:00Z
CP-SEV-01142,Complete water outage in hospital ward for 48 hours in Chennai South,"Citizen report from Zero water supply in municipal hospital premises for two days, threatening patient emergency operations. (Ref Ward-64, Chennai South)",Water Supply Contamination / Burst,water,DEPT_WATER,Chennai South,Ward-64,CRITICAL,41,5,76.66,2026-08-23T09:00:00Z
CP-SEV-00505,Catastrophic road cave-in and asphalt collapse in Tambaram,"Citizen report from Massive crater opened up on main arterial road causing vehicle overturn and imminent life hazard. (Ref Ward-16, Tambaram)",Road Damage & Potholes,roads,DEPT_ROADS,Tambaram,Ward-16,CRITICAL,45,5,54.19,2026-08-08T16:00:00Z
CP-SEV-02632,Commercial shop waste dumped on sidewalk in Chennai North,"Municipal grievance reported: Retail shop cardboard boxes and plastic packaging dumped along footpath. (Ref Ward-24, Chennai North)",Garbage & Waste Disposal,garbage,DEPT_SANITATION,Chennai North,Ward-24,MEDIUM,9,3,33.59,2026-08-25T11:00:00Z
CP-SEV-01427,Small open drainage chamber cover displaced in Avadi,"Urgent attention requested: Concrete cover slab of small side drain displaced by 2 inches. (Ref Ward-21, Avadi)",Drainage & Sewage Overflow,drainage,DEPT_DRAINAGE,Avadi,Ward-21,MEDIUM,2,2,22.44,2026-08-07T10:00:00Z
CP-SEV-03650,Tree branch overhanging private wall in Avadi,"Urgent attention requested: Small tree branch extending over compound wall without immediate blockage. (Ref Ward-58, Avadi)",Other / General Municipal Operations,other,DEPT_GENERAL,Avadi,Ward-58,LOW,7,1,25.34,2026-08-26T15:00:00Z
CP-SEV-00243,Uneven road paver block near bus stop in Tambaram,"Interlocking paver blocks displaced near local bus shelter area. (Ref Ward-60, Tambaram)",Road Damage & Potholes,roads,DEPT_ROADS,Tambaram,Ward-60,MEDIUM,3,2,43.45,2026-08-26T15:00:00Z
CP-SEV-04092,Rabid stray dog pack actively biting children outside school gate in Tambaram,"Citizen report from Multiple children bitten and injured by aggressive rabid dog pack near school entrance. (Ref Ward-152, Tambaram)",Other / General Municipal Operations,other,DEPT_GENERAL,Tambaram,Ward-152,CRITICAL,39,10,83.84,2026-08-25T16:00:00Z
CP-SEV-01844,Single decorative garden light dim in public park in Chennai Central,"Urgent attention requested: Pedestrian walkway lamp shade slightly dusty and dim in municipal park. (Ref Ward-22, Chennai Central)",Streetlights & Electrical Hazards,streetlights,DEPT_LIGHTING,Chennai Central,Ward-22,LOW,4,3,17.28,2026-08-01T14:00:00Z
CP-SEV-00093,Small stone gravel loose on roadside margin in Chennai North,"Loose gravel scattered near street corner after minor maintenance. (Ref Ward-192, Chennai North)",Road Damage & Potholes,roads,DEPT_ROADS,Chennai North,Ward-192,LOW,0,2,10.09,2026-08-03T20:00:00Z
CP-SEV-02165,Entire street dark due to multiple streetlight failure in Avadi,"All 15 streetlights out on main connecting road creating dark zone and safety hazard for commuters. (Ref Ward-93, Avadi)",Streetlights & Electrical Hazards,streetlights,DEPT_LIGHTING,Avadi,Ward-93,HIGH,14,12,92.62,2026-08-17T10:00:00Z
CP-SEV-03231,Cracked plaster on municipal wall in Chennai North,"Urgent attention requested: Boundary wall plaster cracking near municipal office enclosure. (Ref Ward-151, Chennai North)",Public Infrastructure Damage,infrastructure,DEPT_WORKS,Chennai North,Ward-151,MEDIUM,5,1,34.86,2026-08-16T20:00:00Z
CP-SEV-01801,Single decorative garden light dim in public park in Kanchipuram,"Field inspection notice: Pedestrian walkway lamp shade slightly dusty and dim in municipal park. (Ref Ward-135, Kanchipuram)",Streetlights & Electrical Hazards,streetlights,DEPT_LIGHTING,Kanchipuram,Ward-135,LOW,8,1,7.85,2026-08-05T13:00:00Z
CP-SEV-02493,Public dustbin lid missing in Tiruvallur,"Plastic dustbin lid missing at street corner bin. (Ref Ward-51, Tiruvallur)",Garbage & Waste Disposal,garbage,DEPT_SANITATION,Tiruvallur,Ward-51,LOW,1,1,34.78,2026-08-09T20:00:00Z
CP-SEV-04056,Rabid stray dog pack actively biting children outside school gate in Chennai South,"Urgent attention requested: Multiple children bitten and injured by aggressive rabid dog pack near school entrance. (Ref Ward-162, Chennai South)",Other / General Municipal Operations,other,DEPT_GENERAL,Chennai South,Ward-162,CRITICAL,0,8,85.93,2026-08-03T16:00:00Z
CP-SEV-03032,Faded street name sign board in Chennai North,"Urgent attention requested: Municipal street sign board paint faded near junction. (Ref Ward-177, Chennai North)",Public Infrastructure Damage,infrastructure,DEPT_WORKS,Chennai North,Ward-177,LOW,6,2,43.76,2026-08-22T14:00:00Z
CP-SEV-01457,Small open drainage chamber cover displaced in Chennai South,"Field inspection notice: Concrete cover slab of small side drain displaced by 2 inches. (Ref Ward-51, Chennai South)",Drainage & Sewage Overflow,drainage,DEPT_DRAINAGE,Chennai South,Ward-51,MEDIUM,2,3,42.68,2026-08-15T17:00:00Z
CP-SEV-03805,Stray cattle roaming on residential street in Chennai North,"Municipal grievance reported: Stray cows sitting on residential lane causing minor vehicle slowness. (Ref Ward-75, Chennai North)",Other / General Municipal Operations,other,DEPT_GENERAL,Chennai North,Ward-75,MEDIUM,0,3,44.05,2026-08-23T15:00:00Z
CP-SEV-03209,Damaged metal traffic guard rail in Chennai South,"Field inspection notice: Galvanized iron traffic barrier bent after minor vehicle impact near bus stand. (Ref Ward-163, Chennai South)",Public Infrastructure Damage,infrastructure,DEPT_WORKS,Chennai South,Ward-163,MEDIUM,3,1,38.48,2026-08-04T16:00:00Z
CP-SEV-01521,Severe storm water logging blocking street access in Kanchipuram,"Municipal grievance reported: Rainwater logging knee-deep across entire street blocking vehicles and shop entrances. (Ref Ward-50, Kanchipuram)",Drainage & Sewage Overflow,drainage,DEPT_DRAINAGE,Kanchipuram,Ward-50,HIGH,36,11,79.15,2026-08-17T17:00:00Z
CP-SEV-02824,Animal carcasses dumped openly near residential layout in Chennai North,"Citizen report from Decomposed animal waste dumped near residential colony causing intense stench and flies. (Ref Ward-134, Chennai North)",Garbage & Waste Disposal,garbage,DEPT_SANITATION,Chennai North,Ward-134,HIGH,40,11,69.16,2026-08-24T10:00:00Z
CP-SEV-02254,High-voltage 11kV live wire snapped hanging across school gate in Kanchipuram,"Field inspection notice: Sparking live electrical cable hanging at chest height right outside primary school entrance. (Ref Ward-3, Kanchipuram)",Streetlights & Electrical Hazards,streetlights,DEPT_LIGHTING,Kanchipuram,Ward-3,CRITICAL,26,7,62.51,2026-08-07T20:00:00Z
CP-SEV-03195,Damaged metal traffic guard rail in Tiruvallur,"Citizen report from Galvanized iron traffic barrier bent after minor vehicle impact near bus stand. (Ref Ward-114, Tiruvallur)",Public Infrastructure Damage,infrastructure,DEPT_WORKS,Tiruvallur,Ward-114,MEDIUM,9,1,40.21,2026-08-20T17:00:00Z
CP-SEV-00105,Small stone gravel loose on roadside margin in Avadi,"Field inspection notice: Loose gravel scattered near street corner after minor maintenance. (Ref Ward-172, Avadi)",Road Damage & Potholes,roads,DEPT_ROADS,Avadi,Ward-172,LOW,5,1,22.24,2026-08-11T10:00:00Z
CP-SEV-02295,High-voltage 11kV live wire snapped hanging across school gate in Avadi,"Field inspection notice: Sparking live electrical cable hanging at chest height right outside primary school entrance. (Ref Ward-142, Avadi)",Streetlights & Electrical Hazards,streetlights,DEPT_LIGHTING,Avadi,Ward-142,CRITICAL,44,5,81.05,2026-08-08T09:00:00Z
CP-SEV-03086,Minor scratch on public park bench in Chennai South,"Urgent attention requested: Wooden bench slat scratched in public garden. (Ref Ward-44, Chennai South)",Public Infrastructure Damage,infrastructure,DEPT_WORKS,Chennai South,Ward-44,LOW,6,3,27.94,2026-08-08T13:00:00Z
CP-SEV-03121,Minor scratch on public park bench in Chennai South,"Citizen report from Wooden bench slat scratched in public garden. (Ref Ward-111, Chennai South)",Public Infrastructure Damage,infrastructure,DEPT_WORKS,Chennai South,Ward-111,LOW,1,3,35.79,2026-08-24T18:00:00Z
CP-SEV-01989,Single streetlight non-functional on residential lane in Kanchipuram,"Citizen report from Sodium streetlight bulb fused outside house no 42 on quiet residential road. (Ref Ward-162, Kanchipuram)",Streetlights & Electrical Hazards,streetlights,DEPT_LIGHTING,Kanchipuram,Ward-162,MEDIUM,7,1,21.03,2026-08-11T13:00:00Z
CP-SEV-03395,Public footbridge steps broken in Chennai North,"Citizen report from Concrete steps on pedestrian footbridge cracked with exposed rusty iron rebar. (Ref Ward-1, Chennai North)",Public Infrastructure Damage,infrastructure,DEPT_WORKS,Chennai North,Ward-1,HIGH,25,3,79.63,2026-08-03T09:00:00Z
CP-SEV-00551,Main bridge approach road cracked and collapsing in Avadi,"Field inspection notice: Approach embankment of river bridge severely cracked and caving in during peak traffic. (Ref Ward-158, Avadi)",Road Damage & Potholes,roads,DEPT_ROADS,Avadi,Ward-158,CRITICAL,45,1,69.41,2026-08-21T10:00:00Z
CP-SEV-04142,Chemical gas leak from abandoned industrial cylinder in Kanchipuram,"Field inspection notice: Pungent chemical gas leaking from abandoned cylinder causing eye irritation and breathing panic in colony. (Ref Ward-93, Kanchipuram)",Other / General Municipal Operations,other,DEPT_GENERAL,Kanchipuram,Ward-93,CRITICAL,23,1,61.65,2026-08-28T08:00:00Z
CP-SEV-02579,Uncleared garbage dump accumulating for 3 days in Avadi,"Urgent attention requested: Municipal green bin overflowing with household waste uncleared for 72 hours. (Ref Ward-192, Avadi)",Garbage & Waste Disposal,garbage,DEPT_SANITATION,Avadi,Ward-192,MEDIUM,3,3,42.02,2026-08-25T15:00:00Z
CP-SEV-02629,Commercial shop waste dumped on sidewalk in Chennai North,"Retail shop cardboard boxes and plastic packaging dumped along footpath. (Ref Ward-27, Chennai North)",Garbage & Waste Disposal,garbage,DEPT_SANITATION,Chennai North,Ward-27,MEDIUM,7,3,6.11,2026-08-24T11:00:00Z
CP-SEV-01231,Dry leaves covering roadside drain grate in Chennai North,"Field inspection notice: Accumulation of dry fallen leaves over storm drain inlet grate. (Ref Ward-44, Chennai North)",Drainage & Sewage Overflow,drainage,DEPT_DRAINAGE,Chennai North,Ward-44,LOW,7,3,18.23,2026-08-22T19:00:00Z
CP-SEV-01463,Small open drainage chamber cover displaced in Chennai South,"Urgent attention requested: Concrete cover slab of small side drain displaced by 2 inches. (Ref Ward-134, Chennai South)",Drainage & Sewage Overflow,drainage,DEPT_DRAINAGE,Chennai South,Ward-134,MEDIUM,6,3,23.4,2026-08-25T12:00:00Z
CP-SEV-02722,Large uncollected garbage dump overflowing onto main road in Kanchipuram,"Field inspection notice: Massive multi-ton waste pile spilling onto main road lane causing traffic blockage and stench. (Ref Ward-174, Kanchipuram)",Garbage & Waste Disposal,garbage,DEPT_SANITATION,Kanchipuram,Ward-174,HIGH,5,15,73.5,2026-08-05T16:00:00Z
CP-SEV-02461,Small litter paper cups near park bench in Chennai South,"Field inspection notice: Few discarded tea cups scattered around park bench area. (Ref Ward-166, Chennai South)",Garbage & Waste Disposal,garbage,DEPT_SANITATION,Chennai South,Ward-166,LOW,5,1,17.62,2026-08-23T12:00:00Z
CP-SEV-03543,Municipal hall roof slab collapse hazard in Tiruvallur,"Citizen report from Heavy concrete ceiling slab sagging and crumbling over crowded public waiting hall. (Ref Ward-92, Tiruvallur)",Public Infrastructure Damage,infrastructure,DEPT_WORKS,Tiruvallur,Ward-92,CRITICAL,26,5,57.19,2026-08-08T13:00:00Z
CP-SEV-02577,Uncleared garbage dump accumulating for 3 days in Chennai Central,"Municipal grievance reported: Municipal green bin overflowing with household waste uncleared for 72 hours. (Ref Ward-8, Chennai Central)",Garbage & Waste Disposal,garbage,DEPT_SANITATION,Chennai Central,Ward-8,MEDIUM,6,2,4.66,2026-08-17T20:00:00Z
CP-SEV-03131,Minor scratch on public park bench in Chennai North,"Citizen report from Wooden bench slat scratched in public garden. (Ref Ward-14, Chennai North)",Public Infrastructure Damage,infrastructure,DEPT_WORKS,Chennai North,Ward-14,LOW,8,1,27.68,2026-08-18T10:00:00Z
CP-SEV-02272,High-voltage 11kV live wire snapped hanging across school gate in Avadi,"Citizen report from Sparking live electrical cable hanging at chest height right outside primary school entrance. (Ref Ward-31, Avadi)",Streetlights & Electrical Hazards,streetlights,DEPT_LIGHTING,Avadi,Ward-31,CRITICAL,40,1,75.36,2026-08-03T08:00:00Z
CP-SEV-00169,Moderate pothole on residential lane in Avadi,"Municipal grievance reported: Pothole approximately 1 foot wide causing discomfort for two-wheelers in neighborhood street. (Ref Ward-129, Avadi)",Road Damage & Potholes,roads,DEPT_ROADS,Avadi,Ward-129,MEDIUM,2,2,41.13,2026-08-16T20:00:00Z
CP-SEV-03972,Large fallen tree trunk blocking entire avenue in Chennai North,"Field inspection notice: Heavy gulmohar tree uprooted during storm completely blocking two-lane avenue. (Ref Ward-99, Chennai North)",Other / General Municipal Operations,other,DEPT_GENERAL,Chennai North,Ward-99,HIGH,11,14,76.57,2026-08-22T18:00:00Z
CP-SEV-01398,Localized clogged street drain causing puddle in Kanchipuram,"Municipal grievance reported: Street drain inlet blocked with debris causing minor water pooling after rain. (Ref Ward-24, Kanchipuram)",Drainage & Sewage Overflow,drainage,DEPT_DRAINAGE,Kanchipuram,Ward-24,MEDIUM,10,2,15.61,2026-08-27T19:00:00Z
CP-SEV-01979,Single streetlight non-functional on residential lane in Chennai North,"Municipal grievance reported: Sodium streetlight bulb fused outside house no 42 on quiet residential road. (Ref Ward-48, Chennai North)",Streetlights & Electrical Hazards,streetlights,DEPT_LIGHTING,Chennai North,Ward-48,MEDIUM,9,3,43.46,2026-08-25T10:00:00Z
CP-SEV-03214,Damaged metal traffic guard rail in Kanchipuram,"Citizen report from Galvanized iron traffic barrier bent after minor vehicle impact near bus stand. (Ref Ward-103, Kanchipuram)",Public Infrastructure Damage,infrastructure,DEPT_WORKS,Kanchipuram,Ward-103,MEDIUM,9,3,21.31,2026-08-12T14:00:00Z
CP-SEV-01406,Localized clogged street drain causing puddle in Tambaram,"Urgent attention requested: Street drain inlet blocked with debris causing minor water pooling after rain. (Ref Ward-10, Tambaram)",Drainage & Sewage Overflow,drainage,DEPT_DRAINAGE,Tambaram,Ward-10,MEDIUM,4,1,31.91,2026-08-05T13:00:00Z
CP-SEV-02474,Small litter paper cups near park bench in Chennai South,"Field inspection notice: Few discarded tea cups scattered around park bench area. (Ref Ward-62, Chennai South)",Garbage & Waste Disposal,garbage,DEPT_SANITATION,Chennai South,Ward-62,LOW,9,1,40.13,2026-08-08T12:00:00Z
CP-SEV-03176,Damaged metal traffic guard rail in Chennai South,"Urgent attention requested: Galvanized iron traffic barrier bent after minor vehicle impact near bus stand. (Ref Ward-27, Chennai South)",Public Infrastructure Damage,infrastructure,DEPT_WORKS,Chennai South,Ward-27,MEDIUM,0,3,29.05,2026-08-24T09:00:00Z
CP-SEV-02890,Toxic biohazardous medical waste burning near residential area in Tambaram,"Illegal dump of hospital syringes and chemical waste set on fire emitting toxic fumes into homes. (Ref Ward-128, Tambaram)",Garbage & Waste Disposal,garbage,DEPT_SANITATION,Tambaram,Ward-128,CRITICAL,40,8,66.59,2026-08-26T12:00:00Z
CP-SEV-02897,Toxic biohazardous medical waste burning near residential area in Chennai North,"Municipal grievance reported: Illegal dump of hospital syringes and chemical waste set on fire emitting toxic fumes into homes. (Ref Ward-187, Chennai North)",Garbage & Waste Disposal,garbage,DEPT_SANITATION,Chennai North,Ward-187,CRITICAL,28,2,56.67,2026-08-01T19:00:00Z
CP-SEV-01082,Toxic chemical effluent mixing into drinking water supply in Chennai Central,"Municipal grievance reported: Industrial chemical sewage leaking directly into municipal drinking pipeline, causing severe illness. (Ref Ward-99, Chennai Central)",Water Supply Contamination / Burst,water,DEPT_WATER,Chennai Central,Ward-99,CRITICAL,0,5,65.52,2026-08-10T15:00:00Z
CP-SEV-02121,Entire street dark due to multiple streetlight failure in Tiruvallur,"Field inspection notice: All 15 streetlights out on main connecting road creating dark zone and safety hazard for commuters. (Ref Ward-178, Tiruvallur)",Streetlights & Electrical Hazards,streetlights,DEPT_LIGHTING,Tiruvallur,Ward-178,HIGH,1,7,75.86,2026-08-01T17:00:00Z
CP-SEV-02234,Damaged electrical junction box door open in Chennai Central,"Citizen report from Feeder pillar box door hanging open with exposed low-voltage terminals near footpath. (Ref Ward-175, Chennai Central)",Streetlights & Electrical Hazards,streetlights,DEPT_LIGHTING,Chennai Central,Ward-175,HIGH,37,9,57.53,2026-08-04T15:00:00Z
CP-SEV-03745,Faded ward boundary map in Tiruvallur,"Public information board map faded at zonal office. (Ref Ward-122, Tiruvallur)",Other / General Municipal Operations,other,DEPT_GENERAL,Tiruvallur,Ward-122,LOW,10,2,34.92,2026-08-20T08:00:00Z
CP-SEV-02531,Public dustbin lid missing in Tambaram,"Field inspection notice: Plastic dustbin lid missing at street corner bin. (Ref Ward-104, Tambaram)",Garbage & Waste Disposal,garbage,DEPT_SANITATION,Tambaram,Ward-104,LOW,2,2,21.29,2026-08-01T13:00:00Z
CP-SEV-02029,Streetlight timer misconfigured turning off early in Chennai Central,"Streetlights turning off 1 hour before sunrise in neighborhood layout. (Ref Ward-158, Chennai Central)",Streetlights & Electrical Hazards,streetlights,DEPT_LIGHTING,Chennai Central,Ward-158,MEDIUM,8,1,31.24,2026-08-02T13:00:00Z
CP-SEV-00557,Main bridge approach road cracked and collapsing in Tiruvallur,"Municipal grievance reported: Approach embankment of river bridge severely cracked and caving in during peak traffic. (Ref Ward-30, Tiruvallur)",Road Damage & Potholes,roads,DEPT_ROADS,Tiruvallur,Ward-30,CRITICAL,25,8,72.01,2026-08-22T12:00:00Z
CP-SEV-03448,Public footbridge steps broken in Chennai North,"Municipal grievance reported: Concrete steps on pedestrian footbridge cracked with exposed rusty iron rebar. (Ref Ward-56, Chennai North)",Public Infrastructure Damage,infrastructure,DEPT_WORKS,Chennai North,Ward-56,HIGH,32,12,76.98,2026-08-19T11:00:00Z
CP-SEV-01145,Complete water outage in hospital ward for 48 hours in Kanchipuram,"Zero water supply in municipal hospital premises for two days, threatening patient emergency operations. (Ref Ward-121, Kanchipuram)",Water Supply Contamination / Burst,water,DEPT_WATER,Kanchipuram,Ward-121,CRITICAL,1,6,67.0,2026-08-13T13:00:00Z
CP-SEV-03119,Minor scratch on public park bench in Chennai North,"Wooden bench slat scratched in public garden. (Ref Ward-178, Chennai North)",Public Infrastructure Damage,infrastructure,DEPT_WORKS,Chennai North,Ward-178,LOW,2,1,40.83,2026-08-04T09:00:00Z
CP-SEV-00810,Localized water supply line leakage in Tambaram,"Urgent attention requested: Drinking water pipeline leaking small stream of clean water on roadside near residential building. (Ref Ward-84, Tambaram)",Water Supply Contamination / Burst,water,DEPT_WATER,Tambaram,Ward-84,MEDIUM,2,2,26.31,2026-08-13T20:00:00Z
CP-SEV-00330,Deep pothole causing vehicle damage and traffic blockage in Chennai South,"Field inspection notice: Dangerous deep crater on main road damaging car tires and causing traffic congestion. (Ref Ward-105, Chennai South)",Road Damage & Potholes,roads,DEPT_ROADS,Chennai South,Ward-105,HIGH,30,11,58.98,2026-08-10T13:00:00Z
CP-SEV-02903,Toxic biohazardous medical waste burning near residential area in Tambaram,"Municipal grievance reported: Illegal dump of hospital syringes and chemical waste set on fire emitting toxic fumes into homes. (Ref Ward-153, Tambaram)",Garbage & Waste Disposal,garbage,DEPT_SANITATION,Tambaram,Ward-153,CRITICAL,31,1,59.21,2026-08-18T08:00:00Z
CP-SEV-01725,Underground sewage main explosion flooding hospital basement in Tambaram,"Urgent attention requested: Main sewage trunk line ruptured flooding hospital basement and ground floor with raw sewage. (Ref Ward-127, Tambaram)",Drainage & Sewage Overflow,drainage,DEPT_DRAINAGE,Tambaram,Ward-127,CRITICAL,23,10,54.62,2026-08-08T08:00:00Z
CP-SEV-04192,Chemical gas leak from abandoned industrial cylinder in Tiruvallur,"Citizen report from Pungent chemical gas leaking from abandoned cylinder causing eye irritation and breathing panic in colony. (Ref Ward-9, Tiruvallur)",Other / General Municipal Operations,other,DEPT_GENERAL,Tiruvallur,Ward-9,CRITICAL,7,14,60.38,2026-08-06T16:00:00Z
CP-SEV-02737,Large uncollected garbage dump overflowing onto main road in Tiruvallur,"Citizen report from Massive multi-ton waste pile spilling onto main road lane causing traffic blockage and stench. (Ref Ward-176, Tiruvallur)",Garbage & Waste Disposal,garbage,DEPT_SANITATION,Tiruvallur,Ward-176,HIGH,12,13,73.78,2026-08-19T13:00:00Z
CP-SEV-01139,Complete water outage in hospital ward for 48 hours in Tambaram,"Municipal grievance reported: Zero water supply in municipal hospital premises for two days, threatening patient emergency operations. (Ref Ward-158, Tambaram)",Water Supply Contamination / Burst,water,DEPT_WATER,Tambaram,Ward-158,CRITICAL,18,6,52.76,2026-08-19T08:00:00Z
CP-SEV-01663,Underground sewage main explosion flooding hospital basement in Avadi,"Municipal grievance reported: Main sewage trunk line ruptured flooding hospital basement and ground floor with raw sewage. (Ref Ward-55, Avadi)",Drainage & Sewage Overflow,drainage,DEPT_DRAINAGE,Avadi,Ward-55,CRITICAL,11,14,52.42,2026-08-14T13:00:00Z
CP-SEV-02322,High-voltage 11kV live wire snapped hanging across school gate in Chennai South,"Municipal grievance reported: Sparking live electrical cable hanging at chest height right outside primary school entrance. (Ref Ward-48, Chennai South)",Streetlights & Electrical Hazards,streetlights,DEPT_LIGHTING,Chennai South,Ward-48,CRITICAL,14,3,67.76,2026-08-27T17:00:00Z
CP-SEV-00292,Uneven road paver block near bus stop in Kanchipuram,"Municipal grievance reported: Interlocking paver blocks displaced near local bus shelter area. (Ref Ward-155, Kanchipuram)",Road Damage & Potholes,roads,DEPT_ROADS,Kanchipuram,Ward-155,MEDIUM,9,1,37.14,2026-08-01T09:00:00Z
CP-SEV-01617,Overflowing sewage drain on market street in Avadi,"Citizen report from Sewage drain overflowing onto commercial market footpath creating foul health hazard. (Ref Ward-148, Avadi)",Drainage & Sewage Overflow,drainage,DEPT_DRAINAGE,Avadi,Ward-148,HIGH,44,2,60.58,2026-08-01T11:00:00Z
CP-SEV-00537,Main bridge approach road cracked and collapsing in Tiruvallur,"Municipal grievance reported: Approach embankment of river bridge severely cracked and caving in during peak traffic. (Ref Ward-135, Tiruvallur)",Road Damage & Potholes,roads,DEPT_ROADS,Tiruvallur,Ward-135,CRITICAL,4,6,81.7,2026-08-22T14:00:00Z
CP-SEV-04011,Stray dog pack menace creating panic near market in Tiruvallur,"Field inspection notice: Pack of aggressive stray dogs barking and chasing two-wheelers near market. (Ref Ward-198, Tiruvallur)",Other / General Municipal Operations,other,DEPT_GENERAL,Tiruvallur,Ward-198,HIGH,27,5,86.65,2026-08-03T14:00:00Z
CP-SEV-02546,Public dustbin lid missing in Chennai North,"Citizen report from Plastic dustbin lid missing at street corner bin. (Ref Ward-115, Chennai North)",Garbage & Waste Disposal,garbage,DEPT_SANITATION,Chennai North,Ward-115,LOW,2,3,3.3,2026-08-25T13:00:00Z
CP-SEV-02618,Uncleared garbage dump accumulating for 3 days in Kanchipuram,"Urgent attention requested: Municipal green bin overflowing with household waste uncleared for 72 hours. (Ref Ward-38, Kanchipuram)",Garbage & Waste Disposal,garbage,DEPT_SANITATION,Kanchipuram,Ward-38,MEDIUM,4,3,16.69,2026-08-09T19:00:00Z
CP-SEV-02913,Toxic biohazardous medical waste burning near residential area in Tiruvallur,"Municipal grievance reported: Illegal dump of hospital syringes and chemical waste set on fire emitting toxic fumes into homes. (Ref Ward-151, Tiruvallur)",Garbage & Waste Disposal,garbage,DEPT_SANITATION,Tiruvallur,Ward-151,CRITICAL,41,14,76.91,2026-08-16T14:00:00Z
CP-SEV-00651,Slight water pressure decrease in morning tap in Chennai South,"Urgent attention requested: Municipal tap water pressure is slightly lower than usual during morning supply hours. (Ref Ward-128, Chennai South)",Water Supply Contamination / Burst,water,DEPT_WATER,Chennai South,Ward-128,LOW,8,3,2.19,2026-08-14T17:00:00Z
CP-SEV-02713,Large uncollected garbage dump overflowing onto main road in Tiruvallur,"Municipal grievance reported: Massive multi-ton waste pile spilling onto main road lane causing traffic blockage and stench. (Ref Ward-68, Tiruvallur)",Garbage & Waste Disposal,garbage,DEPT_SANITATION,Tiruvallur,Ward-68,HIGH,2,2,60.89,2026-08-18T08:00:00Z
CP-SEV-03792,Stray cattle roaming on residential street in Chennai Central,"Field inspection notice: Stray cows sitting on residential lane causing minor vehicle slowness. (Ref Ward-71, Chennai Central)",Other / General Municipal Operations,other,DEPT_GENERAL,Chennai Central,Ward-71,MEDIUM,6,1,44.96,2026-08-05T11:00:00Z
CP-SEV-03581,Municipal hall roof slab collapse hazard in Chennai South,"Field inspection notice: Heavy concrete ceiling slab sagging and crumbling over crowded public waiting hall. (Ref Ward-77, Chennai South)",Public Infrastructure Damage,infrastructure,DEPT_WORKS,Chennai South,Ward-77,CRITICAL,7,4,54.81,2026-08-23T15:00:00Z
CP-SEV-02425,Small litter paper cups near park bench in Avadi,"Few discarded tea cups scattered around park bench area. (Ref Ward-100, Avadi)",Garbage & Waste Disposal,garbage,DEPT_SANITATION,Avadi,Ward-100,LOW,10,3,2.19,2026-08-19T09:00:00Z
CP-SEV-03617,Tree branch overhanging private wall in Tambaram,"Municipal grievance reported: Small tree branch extending over compound wall without immediate blockage. (Ref Ward-195, Tambaram)",Other / General Municipal Operations,other,DEPT_GENERAL,Tambaram,Ward-195,LOW,4,2,34.79,2026-08-15T10:00:00Z
CP-SEV-02368,Electrical transformer explosion emitting fire and smoke in Tiruvallur,"Citizen report from Street transformer exploded emitting fire sparks and thick black smoke near crowded apartments. (Ref Ward-179, Tiruvallur)",Streetlights & Electrical Hazards,streetlights,DEPT_LIGHTING,Tiruvallur,Ward-179,CRITICAL,30,1,51.9,2026-08-25T11:00:00Z
CP-SEV-00449,Uncovered manhole trench on main avenue in Kanchipuram,"Road cut open for cable laying left open without barricades on major avenue. (Ref Ward-113, Kanchipuram)",Road Damage & Potholes,roads,DEPT_ROADS,Kanchipuram,Ward-113,HIGH,13,7,54.61,2026-08-27T18:00:00Z
CP-SEV-02259,High-voltage 11kV live wire snapped hanging across school gate in Chennai Central,"Urgent attention requested: Sparking live electrical cable hanging at chest height right outside primary school entrance. (Ref Ward-28, Chennai Central)",Streetlights & Electrical Hazards,streetlights,DEPT_LIGHTING,Chennai Central,Ward-28,CRITICAL,25,14,89.85,2026-08-07T09:00:00Z
CP-SEV-00817,Localized water supply line leakage in Chennai Central,"Field inspection notice: Drinking water pipeline leaking small stream of clean water on roadside near residential building. (Ref Ward-139, Chennai Central)",Water Supply Contamination / Burst,water,DEPT_WATER,Chennai Central,Ward-139,MEDIUM,3,3,8.4,2026-08-12T13:00:00Z
CP-SEV-03645,Tree branch overhanging private wall in Avadi,"Urgent attention requested: Small tree branch extending over compound wall without immediate blockage. (Ref Ward-4, Avadi)",Other / General Municipal Operations,other,DEPT_GENERAL,Avadi,Ward-4,LOW,4,1,30.54,2026-08-09T15:00:00Z
CP-SEV-03837,Overgrown grass near roadside footway in Tiruvallur,"Wild grass growing along sidewalk margin. (Ref Ward-64, Tiruvallur)",Other / General Municipal Operations,other,DEPT_GENERAL,Tiruvallur,Ward-64,MEDIUM,8,1,8.02,2026-08-26T16:00:00Z
CP-SEV-00882,Water supply timing delayed by 2 hours in Chennai Central,"Citizen report from Morning municipal water supply delayed by two hours without advance notice. (Ref Ward-106, Chennai Central)",Water Supply Contamination / Burst,water,DEPT_WATER,Chennai Central,Ward-106,MEDIUM,10,1,34.1,2026-08-03T10:00:00Z
CP-SEV-03417,Public footbridge steps broken in Tiruvallur,"Concrete steps on pedestrian footbridge cracked with exposed rusty iron rebar. (Ref Ward-102, Tiruvallur)",Public Infrastructure Damage,infrastructure,DEPT_WORKS,Tiruvallur,Ward-102,HIGH,4,5,60.1,2026-08-27T14:00:00Z
CP-SEV-04031,Stray dog pack menace creating panic near market in Kanchipuram,"Field inspection notice: Pack of aggressive stray dogs barking and chasing two-wheelers near market. (Ref Ward-97, Kanchipuram)",Other / General Municipal Operations,other,DEPT_GENERAL,Kanchipuram,Ward-97,HIGH,26,7,92.86,2026-08-01T10:00:00Z
CP-SEV-01533,Severe storm water logging blocking street access in Tambaram,"Field inspection notice: Rainwater logging knee-deep across entire street blocking vehicles and shop entrances. (Ref Ward-91, Tambaram)",Drainage & Sewage Overflow,drainage,DEPT_DRAINAGE,Tambaram,Ward-91,HIGH,32,5,62.41,2026-08-14T16:00:00Z
CP-SEV-00892,Water supply timing delayed by 2 hours in Chennai South,"Morning municipal water supply delayed by two hours without advance notice. (Ref Ward-117, Chennai South)",Water Supply Contamination / Burst,water,DEPT_WATER,Chennai South,Ward-117,MEDIUM,3,2,4.06,2026-08-11T19:00:00Z
CP-SEV-03046,Faded street name sign board in Chennai Central,"Urgent attention requested: Municipal street sign board paint faded near junction. (Ref Ward-36, Chennai Central)",Public Infrastructure Damage,infrastructure,DEPT_WORKS,Chennai Central,Ward-36,LOW,7,2,15.1,2026-08-11T09:00:00Z
CP-SEV-02240,Damaged electrical junction box door open in Avadi,"Citizen report from Feeder pillar box door hanging open with exposed low-voltage terminals near footpath. (Ref Ward-165, Avadi)",Streetlights & Electrical Hazards,streetlights,DEPT_LIGHTING,Avadi,Ward-165,HIGH,18,6,56.1,2026-08-25T11:00:00Z
CP-SEV-01119,Toxic chemical effluent mixing into drinking water supply in Tiruvallur,"Municipal grievance reported: Industrial chemical sewage leaking directly into municipal drinking pipeline, causing severe illness. (Ref Ward-93, Tiruvallur)",Water Supply Contamination / Burst,water,DEPT_WATER,Tiruvallur,Ward-93,CRITICAL,35,12,51.83,2026-08-11T15:00:00Z
CP-SEV-04126,Chemical gas leak from abandoned industrial cylinder in Tiruvallur,"Field inspection notice: Pungent chemical gas leaking from abandoned cylinder causing eye irritation and breathing panic in colony. (Ref Ward-137, Tiruvallur)",Other / General Municipal Operations,other,DEPT_GENERAL,Tiruvallur,Ward-137,CRITICAL,40,5,64.27,2026-08-16T19:00:00Z
CP-SEV-01637,Overflowing sewage drain on market street in Chennai North,"Municipal grievance reported: Sewage drain overflowing onto commercial market footpath creating foul health hazard. (Ref Ward-13, Chennai North)",Drainage & Sewage Overflow,drainage,DEPT_DRAINAGE,Chennai North,Ward-13,HIGH,5,5,50.38,2026-08-12T20:00:00Z
CP-SEV-01845,Single decorative garden light dim in public park in Tambaram,"Urgent attention requested: Pedestrian walkway lamp shade slightly dusty and dim in municipal park. (Ref Ward-114, Tambaram)",Streetlights & Electrical Hazards,streetlights,DEPT_LIGHTING,Tambaram,Ward-114,LOW,3,1,17.07,2026-08-22T14:00:00Z
CP-SEV-01153,Complete water outage in hospital ward for 48 hours in Avadi,"Zero water supply in municipal hospital premises for two days, threatening patient emergency operations. (Ref Ward-117, Avadi)",Water Supply Contamination / Burst,water,DEPT_WATER,Avadi,Ward-117,CRITICAL,11,15,50.84,2026-08-23T16:00:00Z
CP-SEV-03168,Damaged metal traffic guard rail in Avadi,"Urgent attention requested: Galvanized iron traffic barrier bent after minor vehicle impact near bus stand. (Ref Ward-179, Avadi)",Public Infrastructure Damage,infrastructure,DEPT_WORKS,Avadi,Ward-179,MEDIUM,9,2,41.64,2026-08-20T12:00:00Z
CP-SEV-01246,Dry leaves covering roadside drain grate in Tiruvallur,"Municipal grievance reported: Accumulation of dry fallen leaves over storm drain inlet grate. (Ref Ward-173, Tiruvallur)",Drainage & Sewage Overflow,drainage,DEPT_DRAINAGE,Tiruvallur,Ward-173,LOW,7,1,27.98,2026-08-10T19:00:00Z
CP-SEV-02972,Massive garbage barrier blocking emergency hospital ambulance entrance in Chennai South,"Municipal grievance reported: Rotting garbage pile collapsed across hospital gate preventing emergency ambulance access. (Ref Ward-13, Chennai South)",Garbage & Waste Disposal,garbage,DEPT_SANITATION,Chennai South,Ward-13,CRITICAL,24,7,80.71,2026-08-09T20:00:00Z
CP-SEV-03434,Public footbridge steps broken in Tiruvallur,"Concrete steps on pedestrian footbridge cracked with exposed rusty iron rebar. (Ref Ward-112, Tiruvallur)",Public Infrastructure Damage,infrastructure,DEPT_WORKS,Tiruvallur,Ward-112,HIGH,7,13,53.69,2026-08-08T17:00:00Z
CP-SEV-02886,Toxic biohazardous medical waste burning near residential area in Tambaram,"Urgent attention requested: Illegal dump of hospital syringes and chemical waste set on fire emitting toxic fumes into homes. (Ref Ward-185, Tambaram)",Garbage & Waste Disposal,garbage,DEPT_SANITATION,Tambaram,Ward-185,CRITICAL,27,7,88.79,2026-08-01T14:00:00Z
CP-SEV-01930,Streetlight pole sticker peeling off in Chennai Central,"Municipal grievance reported: Identification sticker on light pole peeling off near corner. (Ref Ward-124, Chennai Central)",Streetlights & Electrical Hazards,streetlights,DEPT_LIGHTING,Chennai Central,Ward-124,LOW,8,3,11.01,2026-08-01T15:00:00Z
CP-SEV-03443,Public footbridge steps broken in Chennai South,"Municipal grievance reported: Concrete steps on pedestrian footbridge cracked with exposed rusty iron rebar. (Ref Ward-166, Chennai South)",Public Infrastructure Damage,infrastructure,DEPT_WORKS,Chennai South,Ward-166,HIGH,22,2,60.95,2026-08-14T08:00:00Z
CP-SEV-03073,Faded street name sign board in Avadi,"Municipal street sign board paint faded near junction. (Ref Ward-170, Avadi)",Public Infrastructure Damage,infrastructure,DEPT_WORKS,Avadi,Ward-170,LOW,6,1,30.81,2026-08-03T15:00:00Z
CP-SEV-03717,Faded ward boundary map in Chennai North,"Municipal grievance reported: Public information board map faded at zonal office. (Ref Ward-100, Chennai North)",Other / General Municipal Operations,other,DEPT_GENERAL,Chennai North,Ward-100,LOW,4,2,5.23,2026-08-24T11:00:00Z
CP-SEV-02329,Electrical transformer explosion emitting fire and smoke in Chennai Central,"Field inspection notice: Street transformer exploded emitting fire sparks and thick black smoke near crowded apartments. (Ref Ward-191, Chennai Central)",Streetlights & Electrical Hazards,streetlights,DEPT_LIGHTING,Chennai Central,Ward-191,CRITICAL,23,8,63.51,2026-08-16T13:00:00Z
CP-SEV-01792,Severe toxic sewage backup into ground floor homes in Tambaram,"Citizen report from Raw black sewage backing up into toilets and living rooms of 50 houses creating extreme cholera biohazard. (Ref Ward-124, Tambaram)",Drainage & Sewage Overflow,drainage,DEPT_DRAINAGE,Tambaram,Ward-124,CRITICAL,15,14,88.15,2026-08-09T17:00:00Z
CP-SEV-03826,Overgrown grass near roadside footway in Tiruvallur,"Field inspection notice: Wild grass growing along sidewalk margin. (Ref Ward-70, Tiruvallur)",Other / General Municipal Operations,other,DEPT_GENERAL,Tiruvallur,Ward-70,MEDIUM,6,1,19.98,2026-08-18T14:00:00Z
CP-SEV-01317,Slight odor from storm water drain inlet in Chennai North,"Urgent attention requested: Mild stagnant smell from open storm drain during hot afternoon. (Ref Ward-138, Chennai North)",Drainage & Sewage Overflow,drainage,DEPT_DRAINAGE,Chennai North,Ward-138,LOW,10,2,30.25,2026-08-12T14:00:00Z
CP-SEV-01051,Toxic chemical effluent mixing into drinking water supply in Kanchipuram,"Industrial chemical sewage leaking directly into municipal drinking pipeline, causing severe illness. (Ref Ward-157, Kanchipuram)",Water Supply Contamination / Burst,water,DEPT_WATER,Kanchipuram,Ward-157,CRITICAL,36,13,59.32,2026-08-22T09:00:00Z
CP-SEV-00079,Small stone gravel loose on roadside margin in Chennai South,"Loose gravel scattered near street corner after minor maintenance. (Ref Ward-119, Chennai South)",Road Damage & Potholes,roads,DEPT_ROADS,Chennai South,Ward-119,LOW,8,3,14.28,2026-08-25T15:00:00Z
CP-SEV-00401,Uncovered manhole trench on main avenue in Tiruvallur,"Urgent attention requested: Road cut open for cable laying left open without barricades on major avenue. (Ref Ward-84, Tiruvallur)",Road Damage & Potholes,roads,DEPT_ROADS,Tiruvallur,Ward-84,HIGH,40,5,85.26,2026-08-15T15:00:00Z
CP-SEV-00565,Main bridge approach road cracked and collapsing in Tiruvallur,"Citizen report from Approach embankment of river bridge severely cracked and caving in during peak traffic. (Ref Ward-115, Tiruvallur)",Road Damage & Potholes,roads,DEPT_ROADS,Tiruvallur,Ward-115,CRITICAL,10,4,86.38,2026-08-05T08:00:00Z
CP-SEV-00023,Minor cosmetic paint peeling on speed breaker in Avadi,"Faded paint on speed bump near residential lane, requires routine repaint. (Ref Ward-200, Avadi)",Road Damage & Potholes,roads,DEPT_ROADS,Avadi,Ward-200,LOW,0,3,14.59,2026-08-01T09:00:00Z
CP-SEV-03852,Overgrown grass near roadside footway in Tiruvallur,"Citizen report from Wild grass growing along sidewalk margin. (Ref Ward-176, Tiruvallur)",Other / General Municipal Operations,other,DEPT_GENERAL,Tiruvallur,Ward-176,MEDIUM,2,1,14.11,2026-08-20T15:00:00Z
CP-SEV-02144,Entire street dark due to multiple streetlight failure in Tiruvallur,"All 15 streetlights out on main connecting road creating dark zone and safety hazard for commuters. (Ref Ward-154, Tiruvallur)",Streetlights & Electrical Hazards,streetlights,DEPT_LIGHTING,Tiruvallur,Ward-154,HIGH,10,3,54.51,2026-08-12T11:00:00Z
CP-SEV-04048,Stray dog pack menace creating panic near market in Chennai Central,"Municipal grievance reported: Pack of aggressive stray dogs barking and chasing two-wheelers near market. (Ref Ward-93, Chennai Central)",Other / General Municipal Operations,other,DEPT_GENERAL,Chennai Central,Ward-93,HIGH,24,12,83.25,2026-08-03T13:00:00Z
CP-SEV-00592,Main bridge approach road cracked and collapsing in Chennai North,"Municipal grievance reported: Approach embankment of river bridge severely cracked and caving in during peak traffic. (Ref Ward-87, Chennai North)",Road Damage & Potholes,roads,DEPT_ROADS,Chennai North,Ward-87,CRITICAL,40,6,88.77,2026-08-09T18:00:00Z
CP-SEV-01110,Toxic chemical effluent mixing into drinking water supply in Tambaram,"Municipal grievance reported: Industrial chemical sewage leaking directly into municipal drinking pipeline, causing severe illness. (Ref Ward-31, Tambaram)",Water Supply Contamination / Burst,water,DEPT_WATER,Tambaram,Ward-31,CRITICAL,2,2,63.57,2026-08-01T20:00:00Z
CP-SEV-02233,Damaged electrical junction box door open in Avadi,"Feeder pillar box door hanging open with exposed low-voltage terminals near footpath. (Ref Ward-10, Avadi)",Streetlights & Electrical Hazards,streetlights,DEPT_LIGHTING,Avadi,Ward-10,HIGH,7,13,92.04,2026-08-10T09:00:00Z
CP-SEV-02454,Small litter paper cups near park bench in Chennai Central,"Few discarded tea cups scattered around park bench area. (Ref Ward-137, Chennai Central)",Garbage & Waste Disposal,garbage,DEPT_SANITATION,Chennai Central,Ward-137,LOW,9,3,2.83,2026-08-21T12:00:00Z
CP-SEV-02009,Single streetlight non-functional on residential lane in Tambaram,"Municipal grievance reported: Sodium streetlight bulb fused outside house no 42 on quiet residential road. (Ref Ward-39, Tambaram)",Streetlights & Electrical Hazards,streetlights,DEPT_LIGHTING,Tambaram,Ward-39,MEDIUM,4,2,30.39,2026-08-16T08:00:00Z
CP-SEV-02337,Electrical transformer explosion emitting fire and smoke in Kanchipuram,"Field inspection notice: Street transformer exploded emitting fire sparks and thick black smoke near crowded apartments. (Ref Ward-128, Kanchipuram)",Streetlights & Electrical Hazards,streetlights,DEPT_LIGHTING,Kanchipuram,Ward-128,CRITICAL,27,14,57.19,2026-08-22T08:00:00Z
CP-SEV-01576,Overflowing sewage drain on market street in Avadi,"Citizen report from Sewage drain overflowing onto commercial market footpath creating foul health hazard. (Ref Ward-185, Avadi)",Drainage & Sewage Overflow,drainage,DEPT_DRAINAGE,Avadi,Ward-185,HIGH,2,3,58.63,2026-08-18T19:00:00Z
CP-SEV-02079,Streetlight timer misconfigured turning off early in Tiruvallur,"Streetlights turning off 1 hour before sunrise in neighborhood layout. (Ref Ward-190, Tiruvallur)",Streetlights & Electrical Hazards,streetlights,DEPT_LIGHTING,Tiruvallur,Ward-190,MEDIUM,1,1,20.1,2026-08-17T11:00:00Z
CP-SEV-01227,Dry leaves covering roadside drain grate in Chennai North,"Field inspection notice: Accumulation of dry fallen leaves over storm drain inlet grate. (Ref Ward-190, Chennai North)",Drainage & Sewage Overflow,drainage,DEPT_DRAINAGE,Chennai North,Ward-190,LOW,2,1,37.93,2026-08-02T09:00:00Z
CP-SEV-03567,Municipal hall roof slab collapse hazard in Chennai Central,"Field inspection notice: Heavy concrete ceiling slab sagging and crumbling over crowded public waiting hall. (Ref Ward-164, Chennai Central)",Public Infrastructure Damage,infrastructure,DEPT_WORKS,Chennai Central,Ward-164,CRITICAL,16,10,83.22,2026-08-12T10:00:00Z
CP-SEV-02363,Electrical transformer explosion emitting fire and smoke in Chennai North,"Citizen report from Street transformer exploded emitting fire sparks and thick black smoke near crowded apartments. (Ref Ward-134, Chennai North)",Streetlights & Electrical Hazards,streetlights,DEPT_LIGHTING,Chennai North,Ward-134,CRITICAL,45,4,54.13,2026-08-12T13:00:00Z
CP-SEV-02206,Damaged electrical junction box door open in Chennai South,"Urgent attention requested: Feeder pillar box door hanging open with exposed low-voltage terminals near footpath. (Ref Ward-38, Chennai South)",Streetlights & Electrical Hazards,streetlights,DEPT_LIGHTING,Chennai South,Ward-38,HIGH,18,4,93.41,2026-08-28T17:00:00Z
CP-SEV-04165,Chemical gas leak from abandoned industrial cylinder in Chennai South,"Citizen report from Pungent chemical gas leaking from abandoned cylinder causing eye irritation and breathing panic in colony. (Ref Ward-25, Chennai South)",Other / General Municipal Operations,other,DEPT_GENERAL,Chennai South,Ward-25,CRITICAL,42,10,82.64,2026-08-23T15:00:00Z
CP-SEV-02235,Damaged electrical junction box door open in Chennai South,"Citizen report from Feeder pillar box door hanging open with exposed low-voltage terminals near footpath. (Ref Ward-155, Chennai South)",Streetlights & Electrical Hazards,streetlights,DEPT_LIGHTING,Chennai South,Ward-155,HIGH,39,15,65.18,2026-08-15T18:00:00Z
CP-SEV-01916,Streetlight pole sticker peeling off in Chennai Central,"Field inspection notice: Identification sticker on light pole peeling off near corner. (Ref Ward-115, Chennai Central)",Streetlights & Electrical Hazards,streetlights,DEPT_LIGHTING,Chennai Central,Ward-115,LOW,3,3,39.4,2026-08-18T11:00:00Z
CP-SEV-00481,Catastrophic road cave-in and asphalt collapse in Tiruvallur,"Field inspection notice: Massive crater opened up on main arterial road causing vehicle overturn and imminent life hazard. (Ref Ward-146, Tiruvallur)",Road Damage & Potholes,roads,DEPT_ROADS,Tiruvallur,Ward-146,CRITICAL,23,9,80.73,2026-08-25T15:00:00Z
CP-SEV-01528,Severe storm water logging blocking street access in Chennai Central,"Urgent attention requested: Rainwater logging knee-deep across entire street blocking vehicles and shop entrances. (Ref Ward-156, Chennai Central)",Drainage & Sewage Overflow,drainage,DEPT_DRAINAGE,Chennai Central,Ward-156,HIGH,3,3,64.31,2026-08-25T14:00:00Z
CP-SEV-00351,Deep pothole causing vehicle damage and traffic blockage in Tambaram,"Urgent attention requested: Dangerous deep crater on main road damaging car tires and causing traffic congestion. (Ref Ward-66, Tambaram)",Road Damage & Potholes,roads,DEPT_ROADS,Tambaram,Ward-66,HIGH,13,10,53.29,2026-08-14T13:00:00Z
CP-SEV-00244,Uneven road paver block near bus stop in Tiruvallur,"Municipal grievance reported: Interlocking paver blocks displaced near local bus shelter area. (Ref Ward-50, Tiruvallur)",Road Damage & Potholes,roads,DEPT_ROADS,Tiruvallur,Ward-50,MEDIUM,10,3,44.3,2026-08-15T20:00:00Z
CP-SEV-02191,Damaged electrical junction box door open in Chennai North,"Municipal grievance reported: Feeder pillar box door hanging open with exposed low-voltage terminals near footpath. (Ref Ward-162, Chennai North)",Streetlights & Electrical Hazards,streetlights,DEPT_LIGHTING,Chennai North,Ward-162,HIGH,6,5,91.43,2026-08-26T08:00:00Z
CP-SEV-00195,Moderate pothole on residential lane in Tambaram,"Urgent attention requested: Pothole approximately 1 foot wide causing discomfort for two-wheelers in neighborhood street. (Ref Ward-107, Tambaram)",Road Damage & Potholes,roads,DEPT_ROADS,Tambaram,Ward-107,MEDIUM,5,2,14.06,2026-08-09T13:00:00Z
CP-SEV-01274,Dry leaves covering roadside drain grate in Chennai Central,"Municipal grievance reported: Accumulation of dry fallen leaves over storm drain inlet grate. (Ref Ward-77, Chennai Central)",Drainage & Sewage Overflow,drainage,DEPT_DRAINAGE,Chennai Central,Ward-77,LOW,10,3,25.77,2026-08-05T19:00:00Z
CP-SEV-02172,Entire street dark due to multiple streetlight failure in Tambaram,"Field inspection notice: All 15 streetlights out on main connecting road creating dark zone and safety hazard for commuters. (Ref Ward-41, Tambaram)",Streetlights & Electrical Hazards,streetlights,DEPT_LIGHTING,Tambaram,Ward-41,HIGH,25,10,58.7,2026-08-27T13:00:00Z
CP-SEV-03013,Faded street name sign board in Tiruvallur,"Municipal street sign board paint faded near junction. (Ref Ward-160, Tiruvallur)",Public Infrastructure Damage,infrastructure,DEPT_WORKS,Tiruvallur,Ward-160,LOW,9,2,44.47,2026-08-17T16:00:00Z
CP-SEV-00758,Localized water supply line leakage in Chennai North,"Citizen report from Drinking water pipeline leaking small stream of clean water on roadside near residential building. (Ref Ward-142, Chennai North)",Water Supply Contamination / Burst,water,DEPT_WATER,Chennai North,Ward-142,MEDIUM,7,2,15.91,2026-08-19T12:00:00Z
CP-SEV-01269,Dry leaves covering roadside drain grate in Chennai Central,"Citizen report from Accumulation of dry fallen leaves over storm drain inlet grate. (Ref Ward-194, Chennai Central)",Drainage & Sewage Overflow,drainage,DEPT_DRAINAGE,Chennai Central,Ward-194,LOW,0,1,40.06,2026-08-18T17:00:00Z
CP-SEV-00508,Catastrophic road cave-in and asphalt collapse in Chennai South,"Municipal grievance reported: Massive crater opened up on main arterial road causing vehicle overturn and imminent life hazard. (Ref Ward-61, Chennai South)",Road Damage & Potholes,roads,DEPT_ROADS,Chennai South,Ward-61,CRITICAL,16,14,64.18,2026-08-26T14:00:00Z
CP-SEV-00347,Deep pothole causing vehicle damage and traffic blockage in Chennai North,"Dangerous deep crater on main road damaging car tires and causing traffic congestion. (Ref Ward-141, Chennai North)",Road Damage & Potholes,roads,DEPT_ROADS,Chennai North,Ward-141,HIGH,12,10,74.15,2026-08-06T13:00:00Z
CP-SEV-02576,Uncleared garbage dump accumulating for 3 days in Chennai Central,"Municipal green bin overflowing with household waste uncleared for 72 hours. (Ref Ward-42, Chennai Central)",Garbage & Waste Disposal,garbage,DEPT_SANITATION,Chennai Central,Ward-42,MEDIUM,8,1,21.54,2026-08-25T18:00:00Z
CP-SEV-00677,Minor street tap valve dripping in Chennai South,"Public street tap dripping slowly near community park. (Ref Ward-165, Chennai South)",Water Supply Contamination / Burst,water,DEPT_WATER,Chennai South,Ward-165,LOW,9,1,43.15,2026-08-22T13:00:00Z
CP-SEV-00298,Uneven road paver block near bus stop in Avadi,"Municipal grievance reported: Interlocking paver blocks displaced near local bus shelter area. (Ref Ward-28, Avadi)",Road Damage & Potholes,roads,DEPT_ROADS,Avadi,Ward-28,MEDIUM,3,2,5.51,2026-08-15T11:00:00Z
CP-SEV-00883,Water supply timing delayed by 2 hours in Tambaram,"Field inspection notice: Morning municipal water supply delayed by two hours without advance notice. (Ref Ward-158, Tambaram)",Water Supply Contamination / Burst,water,DEPT_WATER,Tambaram,Ward-158,MEDIUM,5,2,39.94,2026-08-14T14:00:00Z
CP-SEV-03886,Overgrown grass near roadside footway in Chennai North,"Wild grass growing along sidewalk margin. (Ref Ward-195, Chennai North)",Other / General Municipal Operations,other,DEPT_GENERAL,Chennai North,Ward-195,MEDIUM,10,3,23.92,2026-08-14T19:00:00Z
CP-SEV-04063,Rabid stray dog pack actively biting children outside school gate in Chennai South,"Urgent attention requested: Multiple children bitten and injured by aggressive rabid dog pack near school entrance. (Ref Ward-74, Chennai South)",Other / General Municipal Operations,other,DEPT_GENERAL,Chennai South,Ward-74,CRITICAL,6,5,85.47,2026-08-01T14:00:00Z
CP-SEV-01031,Brownish muddy water in residential supply line in Chennai North,"Urgent attention requested: Tap water coming contaminated with mud and silt across entire street layout. (Ref Ward-27, Chennai North)",Water Supply Contamination / Burst,water,DEPT_WATER,Chennai North,Ward-27,HIGH,34,3,57.11,2026-08-01T15:00:00Z
CP-SEV-03495,Imminent structural collapse of busy flyover bridge pillar in Chennai North,"Field inspection notice: Load-bearing concrete pillar of busy traffic flyover cracked with large concrete blocks falling onto road below. (Ref Ward-168, Chennai North)",Public Infrastructure Damage,infrastructure,DEPT_WORKS,Chennai North,Ward-168,CRITICAL,10,3,54.21,2026-08-07T16:00:00Z
CP-SEV-04098,Rabid stray dog pack actively biting children outside school gate in Kanchipuram,"Multiple children bitten and injured by aggressive rabid dog pack near school entrance. (Ref Ward-5, Kanchipuram)",Other / General Municipal Operations,other,DEPT_GENERAL,Kanchipuram,Ward-5,CRITICAL,8,7,82.94,2026-08-19T11:00:00Z
CP-SEV-00874,Water supply timing delayed by 2 hours in Tambaram,"Citizen report from Morning municipal water supply delayed by two hours without advance notice. (Ref Ward-198, Tambaram)",Water Supply Contamination / Burst,water,DEPT_WATER,Tambaram,Ward-198,MEDIUM,10,3,41.27,2026-08-11T09:00:00Z
CP-SEV-01371,Localized clogged street drain causing puddle in Chennai South,"Urgent attention requested: Street drain inlet blocked with debris causing minor water pooling after rain. (Ref Ward-150, Chennai South)",Drainage & Sewage Overflow,drainage,DEPT_DRAINAGE,Chennai South,Ward-150,MEDIUM,7,3,27.95,2026-08-14T15:00:00Z
CP-SEV-00490,Catastrophic road cave-in and asphalt collapse in Chennai South,"Municipal grievance reported: Massive crater opened up on main arterial road causing vehicle overturn and imminent life hazard. (Ref Ward-128, Chennai South)",Road Damage & Potholes,roads,DEPT_ROADS,Chennai South,Ward-128,CRITICAL,33,9,85.23,2026-08-24T12:00:00Z
CP-SEV-00120,Small stone gravel loose on roadside margin in Tiruvallur,"Loose gravel scattered near street corner after minor maintenance. (Ref Ward-107, Tiruvallur)",Road Damage & Potholes,roads,DEPT_ROADS,Tiruvallur,Ward-107,LOW,9,3,10.16,2026-08-17T14:00:00Z
CP-SEV-01327,Slight odor from storm water drain inlet in Avadi,"Municipal grievance reported: Mild stagnant smell from open storm drain during hot afternoon. (Ref Ward-158, Avadi)",Drainage & Sewage Overflow,drainage,DEPT_DRAINAGE,Avadi,Ward-158,LOW,10,3,39.74,2026-08-01T14:00:00Z
CP-SEV-02286,High-voltage 11kV live wire snapped hanging across school gate in Chennai South,"Sparking live electrical cable hanging at chest height right outside primary school entrance. (Ref Ward-99, Chennai South)",Streetlights & Electrical Hazards,streetlights,DEPT_LIGHTING,Chennai South,Ward-99,CRITICAL,42,3,62.3,2026-08-24T18:00:00Z
CP-SEV-03210,Damaged metal traffic guard rail in Chennai North,"Field inspection notice: Galvanized iron traffic barrier bent after minor vehicle impact near bus stand. (Ref Ward-70, Chennai North)",Public Infrastructure Damage,infrastructure,DEPT_WORKS,Chennai North,Ward-70,MEDIUM,10,2,12.41,2026-08-27T11:00:00Z
CP-SEV-01899,Streetlight pole sticker peeling off in Chennai North,"Citizen report from Identification sticker on light pole peeling off near corner. (Ref Ward-84, Chennai North)",Streetlights & Electrical Hazards,streetlights,DEPT_LIGHTING,Chennai North,Ward-84,LOW,8,2,12.42,2026-08-21T19:00:00Z
CP-SEV-01973,Single streetlight non-functional on residential lane in Chennai South,"Municipal grievance reported: Sodium streetlight bulb fused outside house no 42 on quiet residential road. (Ref Ward-151, Chennai South)",Streetlights & Electrical Hazards,streetlights,DEPT_LIGHTING,Chennai South,Ward-151,MEDIUM,8,1,42.32,2026-08-13T14:00:00Z
CP-SEV-02339,Electrical transformer explosion emitting fire and smoke in Chennai South,"Field inspection notice: Street transformer exploded emitting fire sparks and thick black smoke near crowded apartments. (Ref Ward-133, Chennai South)",Streetlights & Electrical Hazards,streetlights,DEPT_LIGHTING,Chennai South,Ward-133,CRITICAL,13,7,72.07,2026-08-10T18:00:00Z
CP-SEV-01101,Toxic chemical effluent mixing into drinking water supply in Tiruvallur,"Field inspection notice: Industrial chemical sewage leaking directly into municipal drinking pipeline, causing severe illness. (Ref Ward-125, Tiruvallur)",Water Supply Contamination / Burst,water,DEPT_WATER,Tiruvallur,Ward-125,CRITICAL,21,15,90.99,2026-08-04T11:00:00Z
CP-SEV-01603,Overflowing sewage drain on market street in Kanchipuram,"Sewage drain overflowing onto commercial market footpath creating foul health hazard. (Ref Ward-69, Kanchipuram)",Drainage & Sewage Overflow,drainage,DEPT_DRAINAGE,Kanchipuram,Ward-69,HIGH,7,1,87.12,2026-08-04T16:00:00Z
CP-SEV-00842,Water supply timing delayed by 2 hours in Chennai North,"Municipal grievance reported: Morning municipal water supply delayed by two hours without advance notice. (Ref Ward-186, Chennai North)",Water Supply Contamination / Burst,water,DEPT_WATER,Chennai North,Ward-186,MEDIUM,7,1,21.97,2026-08-23T19:00:00Z
CP-SEV-01347,Slight odor from storm water drain inlet in Chennai Central,"Municipal grievance reported: Mild stagnant smell from open storm drain during hot afternoon. (Ref Ward-75, Chennai Central)",Drainage & Sewage Overflow,drainage,DEPT_DRAINAGE,Chennai Central,Ward-75,LOW,0,3,26.39,2026-08-22T10:00:00Z
CP-SEV-01125,Toxic chemical effluent mixing into drinking water supply in Chennai Central,"Municipal grievance reported: Industrial chemical sewage leaking directly into municipal drinking pipeline, causing severe illness. (Ref Ward-51, Chennai Central)",Water Supply Contamination / Burst,water,DEPT_WATER,Chennai Central,Ward-51,CRITICAL,12,10,87.98,2026-08-13T09:00:00Z
CP-SEV-04180,Chemical gas leak from abandoned industrial cylinder in Kanchipuram,"Municipal grievance reported: Pungent chemical gas leaking from abandoned cylinder causing eye irritation and breathing panic in colony. (Ref Ward-33, Kanchipuram)",Other / General Municipal Operations,other,DEPT_GENERAL,Kanchipuram,Ward-33,CRITICAL,7,12,64.89,2026-08-08T14:00:00Z
CP-SEV-02201,Damaged electrical junction box door open in Avadi,"Urgent attention requested: Feeder pillar box door hanging open with exposed low-voltage terminals near footpath. (Ref Ward-179, Avadi)",Streetlights & Electrical Hazards,streetlights,DEPT_LIGHTING,Avadi,Ward-179,HIGH,12,2,54.07,2026-08-20T18:00:00Z
CP-SEV-03931,Large fallen tree trunk blocking entire avenue in Chennai South,"Heavy gulmohar tree uprooted during storm completely blocking two-lane avenue. (Ref Ward-116, Chennai South)",Other / General Municipal Operations,other,DEPT_GENERAL,Chennai South,Ward-116,HIGH,41,9,79.2,2026-08-02T13:00:00Z
CP-SEV-00183,Moderate pothole on residential lane in Tiruvallur,"Pothole approximately 1 foot wide causing discomfort for two-wheelers in neighborhood street. (Ref Ward-196, Tiruvallur)",Road Damage & Potholes,roads,DEPT_ROADS,Tiruvallur,Ward-196,MEDIUM,3,3,9.72,2026-08-28T11:00:00Z
CP-SEV-01580,Overflowing sewage drain on market street in Avadi,"Citizen report from Sewage drain overflowing onto commercial market footpath creating foul health hazard. (Ref Ward-16, Avadi)",Drainage & Sewage Overflow,drainage,DEPT_DRAINAGE,Avadi,Ward-16,HIGH,25,8,80.81,2026-08-28T16:00:00Z
CP-SEV-01982,Single streetlight non-functional on residential lane in Chennai South,"Citizen report from Sodium streetlight bulb fused outside house no 42 on quiet residential road. (Ref Ward-72, Chennai South)",Streetlights & Electrical Hazards,streetlights,DEPT_LIGHTING,Chennai South,Ward-72,MEDIUM,9,2,18.63,2026-08-27T11:00:00Z
CP-SEV-03499,Imminent structural collapse of busy flyover bridge pillar in Avadi,"Load-bearing concrete pillar of busy traffic flyover cracked with large concrete blocks falling onto road below. (Ref Ward-43, Avadi)",Public Infrastructure Damage,infrastructure,DEPT_WORKS,Avadi,Ward-43,CRITICAL,4,8,87.54,2026-08-15T12:00:00Z
CP-SEV-00092,Small stone gravel loose on roadside margin in Chennai Central,"Field inspection notice: Loose gravel scattered near street corner after minor maintenance. (Ref Ward-87, Chennai Central)",Road Damage & Potholes,roads,DEPT_ROADS,Chennai Central,Ward-87,LOW,4,2,11.35,2026-08-03T15:00:00Z
CP-SEV-00645,Slight water pressure decrease in morning tap in Tiruvallur,"Municipal grievance reported: Municipal tap water pressure is slightly lower than usual during morning supply hours. (Ref Ward-117, Tiruvallur)",Water Supply Contamination / Burst,water,DEPT_WATER,Tiruvallur,Ward-117,LOW,8,3,27.0,2026-08-23T18:00:00Z
CP-SEV-01853,Single decorative garden light dim in public park in Chennai Central,"Municipal grievance reported: Pedestrian walkway lamp shade slightly dusty and dim in municipal park. (Ref Ward-93, Chennai Central)",Streetlights & Electrical Hazards,streetlights,DEPT_LIGHTING,Chennai Central,Ward-93,LOW,10,2,35.21,2026-08-26T20:00:00Z
CP-SEV-00257,Uneven road paver block near bus stop in Chennai North,"Municipal grievance reported: Interlocking paver blocks displaced near local bus shelter area. (Ref Ward-158, Chennai North)",Road Damage & Potholes,roads,DEPT_ROADS,Chennai North,Ward-158,MEDIUM,3,3,18.75,2026-08-22T18:00:00Z
CP-SEV-00563,Main bridge approach road cracked and collapsing in Chennai South,"Municipal grievance reported: Approach embankment of river bridge severely cracked and caving in during peak traffic. (Ref Ward-122, Chennai South)",Road Damage & Potholes,roads,DEPT_ROADS,Chennai South,Ward-122,CRITICAL,5,7,90.62,2026-08-23T08:00:00Z
CP-SEV-03716,Faded ward boundary map in Chennai Central,"Urgent attention requested: Public information board map faded at zonal office. (Ref Ward-183, Chennai Central)",Other / General Municipal Operations,other,DEPT_GENERAL,Chennai Central,Ward-183,LOW,6,2,6.17,2026-08-07T19:00:00Z
CP-SEV-00361,Deep pothole causing vehicle damage and traffic blockage in Tiruvallur,"Citizen report from Dangerous deep crater on main road damaging car tires and causing traffic congestion. (Ref Ward-13, Tiruvallur)",Road Damage & Potholes,roads,DEPT_ROADS,Tiruvallur,Ward-13,HIGH,2,7,69.75,2026-08-18T11:00:00Z
CP-SEV-02514,Public dustbin lid missing in Chennai Central,"Field inspection notice: Plastic dustbin lid missing at street corner bin. (Ref Ward-157, Chennai Central)",Garbage & Waste Disposal,garbage,DEPT_SANITATION,Chennai Central,Ward-157,LOW,5,3,14.69,2026-08-12T08:00:00Z
CP-SEV-01925,Streetlight pole sticker peeling off in Chennai Central,"Urgent attention requested: Identification sticker on light pole peeling off near corner. (Ref Ward-22, Chennai Central)",Streetlights & Electrical Hazards,streetlights,DEPT_LIGHTING,Chennai Central,Ward-22,LOW,1,3,32.5,2026-08-25T19:00:00Z
CP-SEV-02981,Massive garbage barrier blocking emergency hospital ambulance entrance in Chennai North,"Citizen report from Rotting garbage pile collapsed across hospital gate preventing emergency ambulance access. (Ref Ward-45, Chennai North)",Garbage & Waste Disposal,garbage,DEPT_SANITATION,Chennai North,Ward-45,CRITICAL,18,3,93.35,2026-08-26T15:00:00Z
CP-SEV-00083,Small stone gravel loose on roadside margin in Chennai Central,"Municipal grievance reported: Loose gravel scattered near street corner after minor maintenance. (Ref Ward-61, Chennai Central)",Road Damage & Potholes,roads,DEPT_ROADS,Chennai Central,Ward-61,LOW,5,2,40.19,2026-08-03T10:00:00Z
